[2026-08-12T17:13:07.795+0000] {processor.py:186} INFO - Started process (PID=62) to work on /opt/airflow/dags/dag_dia.py
[2026-08-12T17:13:07.800+0000] {processor.py:914} INFO - Processing file /opt/airflow/dags/dag_dia.py for tasks to queue
[2026-08-12T17:13:07.808+0000] {logging_mixin.py:190} INFO - [2026-08-12T17:13:07.807+0000] {dagbag.py:587} INFO - Filling up the DagBag from /opt/airflow/dags/dag_dia.py
[2026-08-12T17:13:07.958+0000] {processor.py:925} INFO - DAG(s) 'dag_dia' retrieved from /opt/airflow/dags/dag_dia.py
[2026-08-12T17:13:08.838+0000] {logging_mixin.py:190} INFO - [2026-08-12T17:13:08.836+0000] {override.py:1858} INFO - Created Permission View: can edit on DAG:dag_dia
[2026-08-12T17:13:08.884+0000] {logging_mixin.py:190} INFO - [2026-08-12T17:13:08.883+0000] {override.py:1858} INFO - Created Permission View: can read on DAG:dag_dia
[2026-08-12T17:13:08.918+0000] {logging_mixin.py:190} INFO - [2026-08-12T17:13:08.916+0000] {override.py:1858} INFO - Created Permission View: can delete on DAG:dag_dia
[2026-08-12T17:13:08.921+0000] {logging_mixin.py:190} INFO - [2026-08-12T17:13:08.920+0000] {dag.py:3211} INFO - Sync 1 DAGs
[2026-08-12T17:13:08.971+0000] {logging_mixin.py:190} INFO - [2026-08-12T17:13:08.970+0000] {dag.py:3234} INFO - Creating ORM DAG for dag_dia
[2026-08-12T17:13:09.022+0000] {logging_mixin.py:190} INFO - [2026-08-12T17:13:09.021+0000] {dag.py:4138} INFO - Setting next_dagrun for dag_dia to 2026-08-11 00:00:00+00:00, run_after=2026-08-12 00:00:00+00:00
[2026-08-12T17:13:09.108+0000] {processor.py:208} INFO - Processing /opt/airflow/dags/dag_dia.py took 1.344 seconds
[2026-08-12T17:13:39.399+0000] {processor.py:186} INFO - Started process (PID=70) to work on /opt/airflow/dags/dag_dia.py
[2026-08-12T17:13:39.412+0000] {processor.py:914} INFO - Processing file /opt/airflow/dags/dag_dia.py for tasks to queue
[2026-08-12T17:13:39.428+0000] {logging_mixin.py:190} INFO - [2026-08-12T17:13:39.426+0000] {dagbag.py:587} INFO - Filling up the DagBag from /opt/airflow/dags/dag_dia.py
[2026-08-12T17:13:39.634+0000] {processor.py:925} INFO - DAG(s) 'dag_dia' retrieved from /opt/airflow/dags/dag_dia.py
[2026-08-12T17:13:39.796+0000] {logging_mixin.py:190} INFO - [2026-08-12T17:13:39.795+0000] {dag.py:3211} INFO - Sync 1 DAGs
[2026-08-12T17:13:39.926+0000] {logging_mixin.py:190} INFO - [2026-08-12T17:13:39.925+0000] {dag.py:4138} INFO - Setting next_dagrun for dag_dia to 2026-08-11 00:00:00+00:00, run_after=2026-08-12 00:00:00+00:00
[2026-08-12T17:13:40.063+0000] {processor.py:208} INFO - Processing /opt/airflow/dags/dag_dia.py took 0.710 seconds
[2026-08-12T17:14:10.832+0000] {processor.py:186} INFO - Started process (PID=78) to work on /opt/airflow/dags/dag_dia.py
[2026-08-12T17:14:10.839+0000] {processor.py:914} INFO - Processing file /opt/airflow/dags/dag_dia.py for tasks to queue
[2026-08-12T17:14:10.876+0000] {logging_mixin.py:190} INFO - [2026-08-12T17:14:10.871+0000] {dagbag.py:587} INFO - Filling up the DagBag from /opt/airflow/dags/dag_dia.py
[2026-08-12T17:14:11.167+0000] {processor.py:925} INFO - DAG(s) 'dag_dia' retrieved from /opt/airflow/dags/dag_dia.py
[2026-08-12T17:14:11.473+0000] {logging_mixin.py:190} INFO - [2026-08-12T17:14:11.472+0000] {dag.py:3211} INFO - Sync 1 DAGs
[2026-08-12T17:14:11.663+0000] {logging_mixin.py:190} INFO - [2026-08-12T17:14:11.663+0000] {dag.py:4138} INFO - Setting next_dagrun for dag_dia to 2026-08-11 00:00:00+00:00, run_after=2026-08-12 00:00:00+00:00
[2026-08-12T17:14:11.829+0000] {processor.py:208} INFO - Processing /opt/airflow/dags/dag_dia.py took 1.052 seconds
[2026-08-12T17:19:10.155+0000] {processor.py:186} INFO - Started process (PID=67) to work on /opt/airflow/dags/dag_dia.py
[2026-08-12T17:19:10.162+0000] {processor.py:914} INFO - Processing file /opt/airflow/dags/dag_dia.py for tasks to queue
[2026-08-12T17:19:10.181+0000] {logging_mixin.py:190} INFO - [2026-08-12T17:19:10.179+0000] {dagbag.py:587} INFO - Filling up the DagBag from /opt/airflow/dags/dag_dia.py
[2026-08-12T17:19:10.353+0000] {processor.py:925} INFO - DAG(s) 'dag_dia' retrieved from /opt/airflow/dags/dag_dia.py
[2026-08-12T17:19:11.728+0000] {logging_mixin.py:190} INFO - [2026-08-12T17:19:11.725+0000] {override.py:1858} INFO - Created Permission View: can read on DAG:dag_dia
[2026-08-12T17:19:11.769+0000] {logging_mixin.py:190} INFO - [2026-08-12T17:19:11.768+0000] {override.py:1858} INFO - Created Permission View: can delete on DAG:dag_dia
[2026-08-12T17:19:11.805+0000] {logging_mixin.py:190} INFO - [2026-08-12T17:19:11.804+0000] {override.py:1858} INFO - Created Permission View: can edit on DAG:dag_dia
[2026-08-12T17:19:11.808+0000] {logging_mixin.py:190} INFO - [2026-08-12T17:19:11.807+0000] {dag.py:3211} INFO - Sync 1 DAGs
[2026-08-12T17:19:11.860+0000] {logging_mixin.py:190} INFO - [2026-08-12T17:19:11.859+0000] {dag.py:3234} INFO - Creating ORM DAG for dag_dia
[2026-08-12T17:19:11.919+0000] {logging_mixin.py:190} INFO - [2026-08-12T17:19:11.916+0000] {dag.py:4138} INFO - Setting next_dagrun for dag_dia to 2026-08-11 00:00:00+00:00, run_after=2026-08-12 00:00:00+00:00
[2026-08-12T17:19:12.015+0000] {processor.py:208} INFO - Processing /opt/airflow/dags/dag_dia.py took 1.910 seconds
[2026-08-12T17:19:43.014+0000] {processor.py:186} INFO - Started process (PID=68) to work on /opt/airflow/dags/dag_dia.py
[2026-08-12T17:19:43.020+0000] {processor.py:914} INFO - Processing file /opt/airflow/dags/dag_dia.py for tasks to queue
[2026-08-12T17:19:43.036+0000] {logging_mixin.py:190} INFO - [2026-08-12T17:19:43.034+0000] {dagbag.py:587} INFO - Filling up the DagBag from /opt/airflow/dags/dag_dia.py
[2026-08-12T17:19:43.175+0000] {processor.py:925} INFO - DAG(s) 'dag_dia' retrieved from /opt/airflow/dags/dag_dia.py
[2026-08-12T17:19:43.310+0000] {logging_mixin.py:190} INFO - [2026-08-12T17:19:43.309+0000] {dag.py:3211} INFO - Sync 1 DAGs
[2026-08-12T17:19:43.435+0000] {logging_mixin.py:190} INFO - [2026-08-12T17:19:43.434+0000] {dag.py:4138} INFO - Setting next_dagrun for dag_dia to 2026-08-11 00:00:00+00:00, run_after=2026-08-12 00:00:00+00:00
[2026-08-12T17:19:43.530+0000] {processor.py:208} INFO - Processing /opt/airflow/dags/dag_dia.py took 0.558 seconds
[2026-08-12T17:20:14.235+0000] {processor.py:186} INFO - Started process (PID=76) to work on /opt/airflow/dags/dag_dia.py
[2026-08-12T17:20:14.244+0000] {processor.py:914} INFO - Processing file /opt/airflow/dags/dag_dia.py for tasks to queue
[2026-08-12T17:20:14.269+0000] {logging_mixin.py:190} INFO - [2026-08-12T17:20:14.267+0000] {dagbag.py:587} INFO - Filling up the DagBag from /opt/airflow/dags/dag_dia.py
[2026-08-12T17:20:14.472+0000] {processor.py:925} INFO - DAG(s) 'dag_dia' retrieved from /opt/airflow/dags/dag_dia.py
[2026-08-12T17:20:14.774+0000] {logging_mixin.py:190} INFO - [2026-08-12T17:20:14.772+0000] {dag.py:3211} INFO - Sync 1 DAGs
[2026-08-12T17:20:15.027+0000] {logging_mixin.py:190} INFO - [2026-08-12T17:20:15.026+0000] {dag.py:4138} INFO - Setting next_dagrun for dag_dia to 2026-08-11 00:00:00+00:00, run_after=2026-08-12 00:00:00+00:00
[2026-08-12T17:20:15.185+0000] {processor.py:208} INFO - Processing /opt/airflow/dags/dag_dia.py took 1.029 seconds
[2026-08-12T18:05:09.742+0000] {processor.py:186} INFO - Started process (PID=33) to work on /opt/airflow/dags/dag_dia.py
[2026-08-12T18:05:09.745+0000] {processor.py:914} INFO - Processing file /opt/airflow/dags/dag_dia.py for tasks to queue
[2026-08-12T18:05:09.756+0000] {logging_mixin.py:190} INFO - [2026-08-12T18:05:09.754+0000] {dagbag.py:587} INFO - Filling up the DagBag from /opt/airflow/dags/dag_dia.py
[2026-08-12T18:05:09.880+0000] {processor.py:925} INFO - DAG(s) 'dag_dia' retrieved from /opt/airflow/dags/dag_dia.py
[2026-08-12T18:05:11.343+0000] {logging_mixin.py:190} INFO - [2026-08-12T18:05:11.338+0000] {override.py:1858} INFO - Created Permission View: can delete on DAG:dag_dia
[2026-08-12T18:05:11.467+0000] {logging_mixin.py:190} INFO - [2026-08-12T18:05:11.465+0000] {override.py:1858} INFO - Created Permission View: can edit on DAG:dag_dia
[2026-08-12T18:05:11.539+0000] {logging_mixin.py:190} INFO - [2026-08-12T18:05:11.536+0000] {override.py:1858} INFO - Created Permission View: can read on DAG:dag_dia
[2026-08-12T18:05:11.545+0000] {logging_mixin.py:190} INFO - [2026-08-12T18:05:11.543+0000] {dag.py:3211} INFO - Sync 1 DAGs
[2026-08-12T18:05:11.716+0000] {logging_mixin.py:190} INFO - [2026-08-12T18:05:11.709+0000] {dag.py:3234} INFO - Creating ORM DAG for dag_dia
[2026-08-12T18:05:11.802+0000] {logging_mixin.py:190} INFO - [2026-08-12T18:05:11.801+0000] {dag.py:4138} INFO - Setting next_dagrun for dag_dia to 2026-08-11 00:00:00+00:00, run_after=2026-08-12 00:00:00+00:00
[2026-08-12T18:05:11.872+0000] {processor.py:208} INFO - Processing /opt/airflow/dags/dag_dia.py took 2.156 seconds
[2026-08-12T18:05:42.784+0000] {processor.py:186} INFO - Started process (PID=34) to work on /opt/airflow/dags/dag_dia.py
[2026-08-12T18:05:42.790+0000] {processor.py:914} INFO - Processing file /opt/airflow/dags/dag_dia.py for tasks to queue
[2026-08-12T18:05:42.819+0000] {logging_mixin.py:190} INFO - [2026-08-12T18:05:42.813+0000] {dagbag.py:587} INFO - Filling up the DagBag from /opt/airflow/dags/dag_dia.py
[2026-08-12T18:05:43.089+0000] {processor.py:925} INFO - DAG(s) 'dag_dia' retrieved from /opt/airflow/dags/dag_dia.py
[2026-08-12T18:05:43.422+0000] {logging_mixin.py:190} INFO - [2026-08-12T18:05:43.410+0000] {dag.py:3211} INFO - Sync 1 DAGs
[2026-08-12T18:05:43.784+0000] {logging_mixin.py:190} INFO - [2026-08-12T18:05:43.775+0000] {dag.py:4138} INFO - Setting next_dagrun for dag_dia to 2026-08-11 00:00:00+00:00, run_after=2026-08-12 00:00:00+00:00
[2026-08-12T18:05:43.967+0000] {processor.py:208} INFO - Processing /opt/airflow/dags/dag_dia.py took 1.268 seconds
[2026-08-12T18:06:14.540+0000] {processor.py:186} INFO - Started process (PID=35) to work on /opt/airflow/dags/dag_dia.py
[2026-08-12T18:06:14.548+0000] {processor.py:914} INFO - Processing file /opt/airflow/dags/dag_dia.py for tasks to queue
[2026-08-12T18:06:14.571+0000] {logging_mixin.py:190} INFO - [2026-08-12T18:06:14.570+0000] {dagbag.py:587} INFO - Filling up the DagBag from /opt/airflow/dags/dag_dia.py
[2026-08-12T18:06:14.821+0000] {processor.py:925} INFO - DAG(s) 'dag_dia' retrieved from /opt/airflow/dags/dag_dia.py
[2026-08-12T18:22:50.841+0000] {processor.py:186} INFO - Started process (PID=55) to work on /opt/airflow/dags/dag_dia.py
[2026-08-12T18:22:50.844+0000] {processor.py:914} INFO - Processing file /opt/airflow/dags/dag_dia.py for tasks to queue
[2026-08-12T18:22:50.848+0000] {logging_mixin.py:190} INFO - [2026-08-12T18:22:50.848+0000] {dagbag.py:587} INFO - Filling up the DagBag from /opt/airflow/dags/dag_dia.py
[2026-08-12T18:22:50.915+0000] {processor.py:925} INFO - DAG(s) 'dag_dia' retrieved from /opt/airflow/dags/dag_dia.py
[2026-08-12T18:22:51.386+0000] {logging_mixin.py:190} INFO - [2026-08-12T18:22:51.385+0000] {override.py:1858} INFO - Created Permission View: can read on DAG:dag_dia
[2026-08-12T18:22:51.405+0000] {logging_mixin.py:190} INFO - [2026-08-12T18:22:51.404+0000] {override.py:1858} INFO - Created Permission View: can delete on DAG:dag_dia
[2026-08-12T18:22:51.420+0000] {logging_mixin.py:190} INFO - [2026-08-12T18:22:51.419+0000] {override.py:1858} INFO - Created Permission View: can edit on DAG:dag_dia
[2026-08-12T18:22:51.422+0000] {logging_mixin.py:190} INFO - [2026-08-12T18:22:51.421+0000] {dag.py:3211} INFO - Sync 1 DAGs
[2026-08-12T18:22:51.443+0000] {logging_mixin.py:190} INFO - [2026-08-12T18:22:51.443+0000] {dag.py:3234} INFO - Creating ORM DAG for dag_dia
[2026-08-12T18:22:51.465+0000] {logging_mixin.py:190} INFO - [2026-08-12T18:22:51.464+0000] {dag.py:4138} INFO - Setting next_dagrun for dag_dia to 2026-08-11 00:00:00+00:00, run_after=2026-08-12 00:00:00+00:00
[2026-08-12T18:22:51.505+0000] {processor.py:208} INFO - Processing /opt/airflow/dags/dag_dia.py took 0.677 seconds
[2026-08-12T18:23:21.931+0000] {processor.py:186} INFO - Started process (PID=63) to work on /opt/airflow/dags/dag_dia.py
[2026-08-12T18:23:21.932+0000] {processor.py:914} INFO - Processing file /opt/airflow/dags/dag_dia.py for tasks to queue
[2026-08-12T18:23:21.935+0000] {logging_mixin.py:190} INFO - [2026-08-12T18:23:21.935+0000] {dagbag.py:587} INFO - Filling up the DagBag from /opt/airflow/dags/dag_dia.py
[2026-08-12T18:23:21.976+0000] {processor.py:925} INFO - DAG(s) 'dag_dia' retrieved from /opt/airflow/dags/dag_dia.py
[2026-08-12T18:23:22.009+0000] {logging_mixin.py:190} INFO - [2026-08-12T18:23:22.009+0000] {dag.py:3211} INFO - Sync 1 DAGs
[2026-08-12T18:23:22.040+0000] {logging_mixin.py:190} INFO - [2026-08-12T18:23:22.039+0000] {dag.py:4138} INFO - Setting next_dagrun for dag_dia to 2026-08-11 00:00:00+00:00, run_after=2026-08-12 00:00:00+00:00
[2026-08-12T18:23:22.068+0000] {processor.py:208} INFO - Processing /opt/airflow/dags/dag_dia.py took 0.144 seconds
[2026-08-12T18:23:52.368+0000] {processor.py:186} INFO - Started process (PID=71) to work on /opt/airflow/dags/dag_dia.py
[2026-08-12T18:23:52.372+0000] {processor.py:914} INFO - Processing file /opt/airflow/dags/dag_dia.py for tasks to queue
[2026-08-12T18:23:52.388+0000] {logging_mixin.py:190} INFO - [2026-08-12T18:23:52.387+0000] {dagbag.py:587} INFO - Filling up the DagBag from /opt/airflow/dags/dag_dia.py
[2026-08-12T18:23:52.456+0000] {processor.py:925} INFO - DAG(s) 'dag_dia' retrieved from /opt/airflow/dags/dag_dia.py
[2026-08-12T18:23:52.544+0000] {logging_mixin.py:190} INFO - [2026-08-12T18:23:52.543+0000] {dag.py:3211} INFO - Sync 1 DAGs
[2026-08-12T18:23:52.625+0000] {logging_mixin.py:190} INFO - [2026-08-12T18:23:52.624+0000] {dag.py:4138} INFO - Setting next_dagrun for dag_dia to 2026-08-11 00:00:00+00:00, run_after=2026-08-12 00:00:00+00:00
[2026-08-12T18:23:52.707+0000] {processor.py:208} INFO - Processing /opt/airflow/dags/dag_dia.py took 0.363 seconds
[2026-08-12T18:24:23.324+0000] {processor.py:186} INFO - Started process (PID=72) to work on /opt/airflow/dags/dag_dia.py
[2026-08-12T18:24:23.335+0000] {processor.py:914} INFO - Processing file /opt/airflow/dags/dag_dia.py for tasks to queue
[2026-08-12T18:24:23.397+0000] {logging_mixin.py:190} INFO - [2026-08-12T18:24:23.386+0000] {dagbag.py:587} INFO - Filling up the DagBag from /opt/airflow/dags/dag_dia.py
[2026-08-12T18:24:23.610+0000] {processor.py:925} INFO - DAG(s) 'dag_dia' retrieved from /opt/airflow/dags/dag_dia.py
[2026-08-12T18:24:23.866+0000] {logging_mixin.py:190} INFO - [2026-08-12T18:24:23.866+0000] {dag.py:3211} INFO - Sync 1 DAGs
[2026-08-12T18:24:24.170+0000] {logging_mixin.py:190} INFO - [2026-08-12T18:24:24.169+0000] {dag.py:4138} INFO - Setting next_dagrun for dag_dia to 2026-08-11 00:00:00+00:00, run_after=2026-08-12 00:00:00+00:00
[2026-08-12T18:24:24.289+0000] {processor.py:208} INFO - Processing /opt/airflow/dags/dag_dia.py took 1.025 seconds
[2026-08-12T18:24:54.761+0000] {processor.py:186} INFO - Started process (PID=80) to work on /opt/airflow/dags/dag_dia.py
[2026-08-12T18:24:54.764+0000] {processor.py:914} INFO - Processing file /opt/airflow/dags/dag_dia.py for tasks to queue
[2026-08-12T18:24:54.784+0000] {logging_mixin.py:190} INFO - [2026-08-12T18:24:54.772+0000] {dagbag.py:587} INFO - Filling up the DagBag from /opt/airflow/dags/dag_dia.py
[2026-08-12T18:24:54.867+0000] {processor.py:925} INFO - DAG(s) 'dag_dia' retrieved from /opt/airflow/dags/dag_dia.py
[2026-08-12T18:24:54.951+0000] {logging_mixin.py:190} INFO - [2026-08-12T18:24:54.951+0000] {dag.py:3211} INFO - Sync 1 DAGs
[2026-08-12T18:24:55.030+0000] {logging_mixin.py:190} INFO - [2026-08-12T18:24:55.029+0000] {dag.py:4138} INFO - Setting next_dagrun for dag_dia to 2026-08-11 00:00:00+00:00, run_after=2026-08-12 00:00:00+00:00
[2026-08-12T18:24:55.077+0000] {processor.py:208} INFO - Processing /opt/airflow/dags/dag_dia.py took 0.333 seconds
[2026-08-12T18:25:25.446+0000] {processor.py:186} INFO - Started process (PID=88) to work on /opt/airflow/dags/dag_dia.py
[2026-08-12T18:25:25.447+0000] {processor.py:914} INFO - Processing file /opt/airflow/dags/dag_dia.py for tasks to queue
[2026-08-12T18:25:25.453+0000] {logging_mixin.py:190} INFO - [2026-08-12T18:25:25.452+0000] {dagbag.py:587} INFO - Filling up the DagBag from /opt/airflow/dags/dag_dia.py
[2026-08-12T18:25:25.499+0000] {processor.py:925} INFO - DAG(s) 'dag_dia' retrieved from /opt/airflow/dags/dag_dia.py
[2026-08-12T18:25:25.528+0000] {logging_mixin.py:190} INFO - [2026-08-12T18:25:25.528+0000] {dag.py:3211} INFO - Sync 1 DAGs
[2026-08-12T18:25:25.555+0000] {logging_mixin.py:190} INFO - [2026-08-12T18:25:25.555+0000] {dag.py:4138} INFO - Setting next_dagrun for dag_dia to 2026-08-11 00:00:00+00:00, run_after=2026-08-12 00:00:00+00:00
[2026-08-12T18:25:25.595+0000] {processor.py:208} INFO - Processing /opt/airflow/dags/dag_dia.py took 0.156 seconds
[2026-08-12T18:25:55.772+0000] {processor.py:186} INFO - Started process (PID=96) to work on /opt/airflow/dags/dag_dia.py
[2026-08-12T18:25:55.774+0000] {processor.py:914} INFO - Processing file /opt/airflow/dags/dag_dia.py for tasks to queue
[2026-08-12T18:25:55.777+0000] {logging_mixin.py:190} INFO - [2026-08-12T18:25:55.777+0000] {dagbag.py:587} INFO - Filling up the DagBag from /opt/airflow/dags/dag_dia.py
[2026-08-12T18:25:55.833+0000] {processor.py:925} INFO - DAG(s) 'dag_dia' retrieved from /opt/airflow/dags/dag_dia.py
[2026-08-12T18:25:55.888+0000] {logging_mixin.py:190} INFO - [2026-08-12T18:25:55.888+0000] {dag.py:3211} INFO - Sync 1 DAGs
[2026-08-12T18:25:55.941+0000] {logging_mixin.py:190} INFO - [2026-08-12T18:25:55.940+0000] {dag.py:4138} INFO - Setting next_dagrun for dag_dia to 2026-08-11 00:00:00+00:00, run_after=2026-08-12 00:00:00+00:00
[2026-08-12T18:25:56.011+0000] {processor.py:208} INFO - Processing /opt/airflow/dags/dag_dia.py took 0.246 seconds
[2026-08-12T18:26:26.333+0000] {processor.py:186} INFO - Started process (PID=104) to work on /opt/airflow/dags/dag_dia.py
[2026-08-12T18:26:26.334+0000] {processor.py:914} INFO - Processing file /opt/airflow/dags/dag_dia.py for tasks to queue
[2026-08-12T18:26:26.337+0000] {logging_mixin.py:190} INFO - [2026-08-12T18:26:26.337+0000] {dagbag.py:587} INFO - Filling up the DagBag from /opt/airflow/dags/dag_dia.py
[2026-08-12T18:26:26.390+0000] {processor.py:925} INFO - DAG(s) 'dag_dia' retrieved from /opt/airflow/dags/dag_dia.py
[2026-08-12T18:26:26.429+0000] {logging_mixin.py:190} INFO - [2026-08-12T18:26:26.428+0000] {dag.py:3211} INFO - Sync 1 DAGs
[2026-08-12T18:26:26.456+0000] {logging_mixin.py:190} INFO - [2026-08-12T18:26:26.456+0000] {dag.py:4138} INFO - Setting next_dagrun for dag_dia to 2026-08-11 00:00:00+00:00, run_after=2026-08-12 00:00:00+00:00
[2026-08-12T18:26:26.497+0000] {processor.py:208} INFO - Processing /opt/airflow/dags/dag_dia.py took 0.171 seconds
[2026-08-12T18:26:56.772+0000] {processor.py:186} INFO - Started process (PID=112) to work on /opt/airflow/dags/dag_dia.py
[2026-08-12T18:26:56.774+0000] {processor.py:914} INFO - Processing file /opt/airflow/dags/dag_dia.py for tasks to queue
[2026-08-12T18:26:56.779+0000] {logging_mixin.py:190} INFO - [2026-08-12T18:26:56.778+0000] {dagbag.py:587} INFO - Filling up the DagBag from /opt/airflow/dags/dag_dia.py
[2026-08-12T18:26:56.834+0000] {processor.py:925} INFO - DAG(s) 'dag_dia' retrieved from /opt/airflow/dags/dag_dia.py
[2026-08-12T18:26:56.890+0000] {logging_mixin.py:190} INFO - [2026-08-12T18:26:56.890+0000] {dag.py:3211} INFO - Sync 1 DAGs
[2026-08-12T18:26:56.953+0000] {logging_mixin.py:190} INFO - [2026-08-12T18:26:56.952+0000] {dag.py:4138} INFO - Setting next_dagrun for dag_dia to 2026-08-11 00:00:00+00:00, run_after=2026-08-12 00:00:00+00:00
[2026-08-12T18:26:57.024+0000] {processor.py:208} INFO - Processing /opt/airflow/dags/dag_dia.py took 0.262 seconds
[2026-08-12T18:27:27.193+0000] {processor.py:186} INFO - Started process (PID=120) to work on /opt/airflow/dags/dag_dia.py
[2026-08-12T18:27:27.196+0000] {processor.py:914} INFO - Processing file /opt/airflow/dags/dag_dia.py for tasks to queue
[2026-08-12T18:27:27.204+0000] {logging_mixin.py:190} INFO - [2026-08-12T18:27:27.203+0000] {dagbag.py:587} INFO - Filling up the DagBag from /opt/airflow/dags/dag_dia.py
[2026-08-12T18:27:27.276+0000] {processor.py:925} INFO - DAG(s) 'dag_dia' retrieved from /opt/airflow/dags/dag_dia.py
[2026-08-12T18:27:27.366+0000] {logging_mixin.py:190} INFO - [2026-08-12T18:27:27.366+0000] {dag.py:3211} INFO - Sync 1 DAGs
[2026-08-12T18:27:27.449+0000] {logging_mixin.py:190} INFO - [2026-08-12T18:27:27.448+0000] {dag.py:4138} INFO - Setting next_dagrun for dag_dia to 2026-08-11 00:00:00+00:00, run_after=2026-08-12 00:00:00+00:00
[2026-08-12T18:27:27.535+0000] {processor.py:208} INFO - Processing /opt/airflow/dags/dag_dia.py took 0.361 seconds
[2026-08-12T18:27:57.736+0000] {processor.py:186} INFO - Started process (PID=122) to work on /opt/airflow/dags/dag_dia.py
[2026-08-12T18:27:57.740+0000] {processor.py:914} INFO - Processing file /opt/airflow/dags/dag_dia.py for tasks to queue
[2026-08-12T18:27:57.745+0000] {logging_mixin.py:190} INFO - [2026-08-12T18:27:57.744+0000] {dagbag.py:587} INFO - Filling up the DagBag from /opt/airflow/dags/dag_dia.py
[2026-08-12T18:27:57.793+0000] {processor.py:925} INFO - DAG(s) 'dag_dia' retrieved from /opt/airflow/dags/dag_dia.py
[2026-08-12T18:27:57.840+0000] {logging_mixin.py:190} INFO - [2026-08-12T18:27:57.839+0000] {dag.py:3211} INFO - Sync 1 DAGs
[2026-08-12T18:27:58.038+0000] {logging_mixin.py:190} INFO - [2026-08-12T18:27:58.037+0000] {dag.py:4138} INFO - Setting next_dagrun for dag_dia to 2026-08-11 00:00:00+00:00, run_after=2026-08-12 00:00:00+00:00
[2026-08-12T18:27:58.058+0000] {processor.py:208} INFO - Processing /opt/airflow/dags/dag_dia.py took 0.329 seconds
[2026-08-12T18:28:28.470+0000] {processor.py:186} INFO - Started process (PID=131) to work on /opt/airflow/dags/dag_dia.py
[2026-08-12T18:28:28.473+0000] {processor.py:914} INFO - Processing file /opt/airflow/dags/dag_dia.py for tasks to queue
[2026-08-12T18:28:28.480+0000] {logging_mixin.py:190} INFO - [2026-08-12T18:28:28.479+0000] {dagbag.py:587} INFO - Filling up the DagBag from /opt/airflow/dags/dag_dia.py
[2026-08-12T18:28:28.523+0000] {processor.py:925} INFO - DAG(s) 'dag_dia' retrieved from /opt/airflow/dags/dag_dia.py
[2026-08-12T18:28:28.569+0000] {logging_mixin.py:190} INFO - [2026-08-12T18:28:28.569+0000] {dag.py:3211} INFO - Sync 1 DAGs
[2026-08-12T18:28:28.800+0000] {logging_mixin.py:190} INFO - [2026-08-12T18:28:28.799+0000] {dag.py:4138} INFO - Setting next_dagrun for dag_dia to 2026-08-11 00:00:00+00:00, run_after=2026-08-12 00:00:00+00:00
[2026-08-12T18:28:28.840+0000] {processor.py:208} INFO - Processing /opt/airflow/dags/dag_dia.py took 0.382 seconds
[2026-08-12T18:28:58.920+0000] {processor.py:186} INFO - Started process (PID=140) to work on /opt/airflow/dags/dag_dia.py
[2026-08-12T18:28:58.922+0000] {processor.py:914} INFO - Processing file /opt/airflow/dags/dag_dia.py for tasks to queue
[2026-08-12T18:28:58.924+0000] {logging_mixin.py:190} INFO - [2026-08-12T18:28:58.924+0000] {dagbag.py:587} INFO - Filling up the DagBag from /opt/airflow/dags/dag_dia.py
[2026-08-12T18:28:58.967+0000] {processor.py:925} INFO - DAG(s) 'dag_dia' retrieved from /opt/airflow/dags/dag_dia.py
[2026-08-12T18:28:59.001+0000] {logging_mixin.py:190} INFO - [2026-08-12T18:28:59.001+0000] {dag.py:3211} INFO - Sync 1 DAGs
[2026-08-12T18:28:59.022+0000] {logging_mixin.py:190} INFO - [2026-08-12T18:28:59.022+0000] {dag.py:4138} INFO - Setting next_dagrun for dag_dia to 2026-08-11 00:00:00+00:00, run_after=2026-08-12 00:00:00+00:00
[2026-08-12T18:28:59.060+0000] {processor.py:208} INFO - Processing /opt/airflow/dags/dag_dia.py took 0.146 seconds
[2026-08-12T18:29:29.516+0000] {processor.py:186} INFO - Started process (PID=149) to work on /opt/airflow/dags/dag_dia.py
[2026-08-12T18:29:29.518+0000] {processor.py:914} INFO - Processing file /opt/airflow/dags/dag_dia.py for tasks to queue
[2026-08-12T18:29:29.521+0000] {logging_mixin.py:190} INFO - [2026-08-12T18:29:29.521+0000] {dagbag.py:587} INFO - Filling up the DagBag from /opt/airflow/dags/dag_dia.py
[2026-08-12T18:29:29.571+0000] {processor.py:925} INFO - DAG(s) 'dag_dia' retrieved from /opt/airflow/dags/dag_dia.py
[2026-08-12T18:29:29.620+0000] {logging_mixin.py:190} INFO - [2026-08-12T18:29:29.620+0000] {dag.py:3211} INFO - Sync 1 DAGs
[2026-08-12T18:29:29.656+0000] {logging_mixin.py:190} INFO - [2026-08-12T18:29:29.656+0000] {dag.py:4138} INFO - Setting next_dagrun for dag_dia to 2026-08-11 00:00:00+00:00, run_after=2026-08-12 00:00:00+00:00
[2026-08-12T18:29:29.717+0000] {processor.py:208} INFO - Processing /opt/airflow/dags/dag_dia.py took 0.212 seconds
[2026-08-12T18:30:00.238+0000] {processor.py:186} INFO - Started process (PID=158) to work on /opt/airflow/dags/dag_dia.py
[2026-08-12T18:30:00.243+0000] {processor.py:914} INFO - Processing file /opt/airflow/dags/dag_dia.py for tasks to queue
[2026-08-12T18:30:00.253+0000] {logging_mixin.py:190} INFO - [2026-08-12T18:30:00.252+0000] {dagbag.py:587} INFO - Filling up the DagBag from /opt/airflow/dags/dag_dia.py
[2026-08-12T18:30:00.338+0000] {processor.py:925} INFO - DAG(s) 'dag_dia' retrieved from /opt/airflow/dags/dag_dia.py
[2026-08-12T18:30:00.405+0000] {logging_mixin.py:190} INFO - [2026-08-12T18:30:00.404+0000] {dag.py:3211} INFO - Sync 1 DAGs
[2026-08-12T18:30:00.451+0000] {logging_mixin.py:190} INFO - [2026-08-12T18:30:00.451+0000] {dag.py:4138} INFO - Setting next_dagrun for dag_dia to 2026-08-11 00:00:00+00:00, run_after=2026-08-12 00:00:00+00:00
[2026-08-12T18:30:00.501+0000] {processor.py:208} INFO - Processing /opt/airflow/dags/dag_dia.py took 0.276 seconds
[2026-08-12T18:30:30.957+0000] {processor.py:186} INFO - Started process (PID=168) to work on /opt/airflow/dags/dag_dia.py
[2026-08-12T18:30:30.960+0000] {processor.py:914} INFO - Processing file /opt/airflow/dags/dag_dia.py for tasks to queue
[2026-08-12T18:30:30.966+0000] {logging_mixin.py:190} INFO - [2026-08-12T18:30:30.965+0000] {dagbag.py:587} INFO - Filling up the DagBag from /opt/airflow/dags/dag_dia.py
[2026-08-12T18:30:31.015+0000] {processor.py:925} INFO - DAG(s) 'dag_dia' retrieved from /opt/airflow/dags/dag_dia.py
[2026-08-12T18:30:31.072+0000] {logging_mixin.py:190} INFO - [2026-08-12T18:30:31.072+0000] {dag.py:3211} INFO - Sync 1 DAGs
[2026-08-12T18:30:31.119+0000] {logging_mixin.py:190} INFO - [2026-08-12T18:30:31.118+0000] {dag.py:4138} INFO - Setting next_dagrun for dag_dia to 2026-08-11 00:00:00+00:00, run_after=2026-08-12 00:00:00+00:00
[2026-08-12T18:30:31.491+0000] {processor.py:208} INFO - Processing /opt/airflow/dags/dag_dia.py took 0.547 seconds
[2026-08-12T18:31:01.667+0000] {processor.py:186} INFO - Started process (PID=177) to work on /opt/airflow/dags/dag_dia.py
[2026-08-12T18:31:01.669+0000] {processor.py:914} INFO - Processing file /opt/airflow/dags/dag_dia.py for tasks to queue
[2026-08-12T18:31:01.675+0000] {logging_mixin.py:190} INFO - [2026-08-12T18:31:01.675+0000] {dagbag.py:587} INFO - Filling up the DagBag from /opt/airflow/dags/dag_dia.py
[2026-08-12T18:31:01.716+0000] {processor.py:925} INFO - DAG(s) 'dag_dia' retrieved from /opt/airflow/dags/dag_dia.py
[2026-08-12T18:31:01.775+0000] {logging_mixin.py:190} INFO - [2026-08-12T18:31:01.774+0000] {dag.py:3211} INFO - Sync 1 DAGs
[2026-08-12T18:31:02.071+0000] {logging_mixin.py:190} INFO - [2026-08-12T18:31:02.070+0000] {dag.py:4138} INFO - Setting next_dagrun for dag_dia to 2026-08-11 00:00:00+00:00, run_after=2026-08-12 00:00:00+00:00
[2026-08-12T18:31:02.103+0000] {processor.py:208} INFO - Processing /opt/airflow/dags/dag_dia.py took 0.446 seconds
[2026-08-12T18:31:32.474+0000] {processor.py:186} INFO - Started process (PID=186) to work on /opt/airflow/dags/dag_dia.py
[2026-08-12T18:31:32.475+0000] {processor.py:914} INFO - Processing file /opt/airflow/dags/dag_dia.py for tasks to queue
[2026-08-12T18:31:32.479+0000] {logging_mixin.py:190} INFO - [2026-08-12T18:31:32.479+0000] {dagbag.py:587} INFO - Filling up the DagBag from /opt/airflow/dags/dag_dia.py
[2026-08-12T18:31:32.502+0000] {processor.py:925} INFO - DAG(s) 'dag_dia' retrieved from /opt/airflow/dags/dag_dia.py
[2026-08-12T18:31:32.527+0000] {logging_mixin.py:190} INFO - [2026-08-12T18:31:32.526+0000] {dag.py:3211} INFO - Sync 1 DAGs
[2026-08-12T18:31:32.544+0000] {logging_mixin.py:190} INFO - [2026-08-12T18:31:32.544+0000] {dag.py:4138} INFO - Setting next_dagrun for dag_dia to 2026-08-11 00:00:00+00:00, run_after=2026-08-12 00:00:00+00:00
[2026-08-12T18:31:32.579+0000] {processor.py:208} INFO - Processing /opt/airflow/dags/dag_dia.py took 0.109 seconds
[2026-08-12T18:32:02.959+0000] {processor.py:186} INFO - Started process (PID=196) to work on /opt/airflow/dags/dag_dia.py
[2026-08-12T18:32:02.961+0000] {processor.py:914} INFO - Processing file /opt/airflow/dags/dag_dia.py for tasks to queue
[2026-08-12T18:32:02.965+0000] {logging_mixin.py:190} INFO - [2026-08-12T18:32:02.965+0000] {dagbag.py:587} INFO - Filling up the DagBag from /opt/airflow/dags/dag_dia.py
[2026-08-12T18:32:03.006+0000] {processor.py:925} INFO - DAG(s) 'dag_dia' retrieved from /opt/airflow/dags/dag_dia.py
[2026-08-12T18:32:03.049+0000] {logging_mixin.py:190} INFO - [2026-08-12T18:32:03.049+0000] {dag.py:3211} INFO - Sync 1 DAGs
[2026-08-12T18:32:03.084+0000] {logging_mixin.py:190} INFO - [2026-08-12T18:32:03.084+0000] {dag.py:4138} INFO - Setting next_dagrun for dag_dia to 2026-08-11 00:00:00+00:00, run_after=2026-08-12 00:00:00+00:00
[2026-08-12T18:32:03.130+0000] {processor.py:208} INFO - Processing /opt/airflow/dags/dag_dia.py took 0.180 seconds
[2026-08-12T18:32:33.540+0000] {processor.py:186} INFO - Started process (PID=198) to work on /opt/airflow/dags/dag_dia.py
[2026-08-12T18:32:33.541+0000] {processor.py:914} INFO - Processing file /opt/airflow/dags/dag_dia.py for tasks to queue
[2026-08-12T18:32:33.543+0000] {logging_mixin.py:190} INFO - [2026-08-12T18:32:33.543+0000] {dagbag.py:587} INFO - Filling up the DagBag from /opt/airflow/dags/dag_dia.py
[2026-08-12T18:32:33.570+0000] {processor.py:925} INFO - DAG(s) 'dag_dia' retrieved from /opt/airflow/dags/dag_dia.py
[2026-08-12T18:32:33.594+0000] {logging_mixin.py:190} INFO - [2026-08-12T18:32:33.594+0000] {dag.py:3211} INFO - Sync 1 DAGs
[2026-08-12T18:32:33.613+0000] {logging_mixin.py:190} INFO - [2026-08-12T18:32:33.612+0000] {dag.py:4138} INFO - Setting next_dagrun for dag_dia to 2026-08-11 00:00:00+00:00, run_after=2026-08-12 00:00:00+00:00
[2026-08-12T18:32:33.645+0000] {processor.py:208} INFO - Processing /opt/airflow/dags/dag_dia.py took 0.110 seconds
[2026-08-12T18:33:04.023+0000] {processor.py:186} INFO - Started process (PID=207) to work on /opt/airflow/dags/dag_dia.py
[2026-08-12T18:33:04.025+0000] {processor.py:914} INFO - Processing file /opt/airflow/dags/dag_dia.py for tasks to queue
[2026-08-12T18:33:04.028+0000] {logging_mixin.py:190} INFO - [2026-08-12T18:33:04.028+0000] {dagbag.py:587} INFO - Filling up the DagBag from /opt/airflow/dags/dag_dia.py
[2026-08-12T18:33:04.072+0000] {processor.py:925} INFO - DAG(s) 'dag_dia' retrieved from /opt/airflow/dags/dag_dia.py
[2026-08-12T18:33:04.101+0000] {logging_mixin.py:190} INFO - [2026-08-12T18:33:04.100+0000] {dag.py:3211} INFO - Sync 1 DAGs
[2026-08-12T18:33:04.123+0000] {logging_mixin.py:190} INFO - [2026-08-12T18:33:04.122+0000] {dag.py:4138} INFO - Setting next_dagrun for dag_dia to 2026-08-11 00:00:00+00:00, run_after=2026-08-12 00:00:00+00:00
[2026-08-12T18:33:04.146+0000] {processor.py:208} INFO - Processing /opt/airflow/dags/dag_dia.py took 0.128 seconds
[2026-08-12T18:33:34.567+0000] {processor.py:186} INFO - Started process (PID=216) to work on /opt/airflow/dags/dag_dia.py
[2026-08-12T18:33:34.570+0000] {processor.py:914} INFO - Processing file /opt/airflow/dags/dag_dia.py for tasks to queue
[2026-08-12T18:33:34.574+0000] {logging_mixin.py:190} INFO - [2026-08-12T18:33:34.573+0000] {dagbag.py:587} INFO - Filling up the DagBag from /opt/airflow/dags/dag_dia.py
[2026-08-12T18:33:34.673+0000] {processor.py:925} INFO - DAG(s) 'dag_dia' retrieved from /opt/airflow/dags/dag_dia.py
[2026-08-12T18:33:34.716+0000] {logging_mixin.py:190} INFO - [2026-08-12T18:33:34.715+0000] {dag.py:3211} INFO - Sync 1 DAGs
[2026-08-12T18:33:34.753+0000] {logging_mixin.py:190} INFO - [2026-08-12T18:33:34.753+0000] {dag.py:4138} INFO - Setting next_dagrun for dag_dia to 2026-08-11 00:00:00+00:00, run_after=2026-08-12 00:00:00+00:00
[2026-08-12T18:33:34.986+0000] {processor.py:208} INFO - Processing /opt/airflow/dags/dag_dia.py took 0.435 seconds
[2026-08-12T18:34:05.419+0000] {processor.py:186} INFO - Started process (PID=225) to work on /opt/airflow/dags/dag_dia.py
[2026-08-12T18:34:05.423+0000] {processor.py:914} INFO - Processing file /opt/airflow/dags/dag_dia.py for tasks to queue
[2026-08-12T18:34:05.433+0000] {logging_mixin.py:190} INFO - [2026-08-12T18:34:05.432+0000] {dagbag.py:587} INFO - Filling up the DagBag from /opt/airflow/dags/dag_dia.py
[2026-08-12T18:34:05.480+0000] {processor.py:925} INFO - DAG(s) 'dag_dia' retrieved from /opt/airflow/dags/dag_dia.py
[2026-08-12T18:34:05.531+0000] {logging_mixin.py:190} INFO - [2026-08-12T18:34:05.530+0000] {dag.py:3211} INFO - Sync 1 DAGs
[2026-08-12T18:34:05.730+0000] {logging_mixin.py:190} INFO - [2026-08-12T18:34:05.730+0000] {dag.py:4138} INFO - Setting next_dagrun for dag_dia to 2026-08-11 00:00:00+00:00, run_after=2026-08-12 00:00:00+00:00
[2026-08-12T18:34:05.769+0000] {processor.py:208} INFO - Processing /opt/airflow/dags/dag_dia.py took 0.373 seconds
[2026-08-12T18:34:36.156+0000] {processor.py:186} INFO - Started process (PID=234) to work on /opt/airflow/dags/dag_dia.py
[2026-08-12T18:34:36.157+0000] {processor.py:914} INFO - Processing file /opt/airflow/dags/dag_dia.py for tasks to queue
[2026-08-12T18:34:36.160+0000] {logging_mixin.py:190} INFO - [2026-08-12T18:34:36.159+0000] {dagbag.py:587} INFO - Filling up the DagBag from /opt/airflow/dags/dag_dia.py
[2026-08-12T18:34:36.184+0000] {processor.py:925} INFO - DAG(s) 'dag_dia' retrieved from /opt/airflow/dags/dag_dia.py
[2026-08-12T18:34:36.213+0000] {logging_mixin.py:190} INFO - [2026-08-12T18:34:36.213+0000] {dag.py:3211} INFO - Sync 1 DAGs
[2026-08-12T18:34:36.234+0000] {logging_mixin.py:190} INFO - [2026-08-12T18:34:36.234+0000] {dag.py:4138} INFO - Setting next_dagrun for dag_dia to 2026-08-11 00:00:00+00:00, run_after=2026-08-12 00:00:00+00:00
[2026-08-12T18:34:36.254+0000] {processor.py:208} INFO - Processing /opt/airflow/dags/dag_dia.py took 0.104 seconds
[2026-08-12T18:35:07.144+0000] {processor.py:186} INFO - Started process (PID=243) to work on /opt/airflow/dags/dag_dia.py
[2026-08-12T18:35:07.171+0000] {processor.py:914} INFO - Processing file /opt/airflow/dags/dag_dia.py for tasks to queue
[2026-08-12T18:35:07.235+0000] {logging_mixin.py:190} INFO - [2026-08-12T18:35:07.229+0000] {dagbag.py:587} INFO - Filling up the DagBag from /opt/airflow/dags/dag_dia.py
[2026-08-12T18:35:07.662+0000] {processor.py:925} INFO - DAG(s) 'dag_dia' retrieved from /opt/airflow/dags/dag_dia.py
[2026-08-12T18:35:07.897+0000] {logging_mixin.py:190} INFO - [2026-08-12T18:35:07.897+0000] {dag.py:3211} INFO - Sync 1 DAGs
[2026-08-12T18:35:07.965+0000] {logging_mixin.py:190} INFO - [2026-08-12T18:35:07.964+0000] {dag.py:4138} INFO - Setting next_dagrun for dag_dia to 2026-08-11 00:00:00+00:00, run_after=2026-08-12 00:00:00+00:00
[2026-08-12T18:35:08.016+0000] {processor.py:208} INFO - Processing /opt/airflow/dags/dag_dia.py took 1.011 seconds
[2026-08-12T18:35:38.383+0000] {processor.py:186} INFO - Started process (PID=253) to work on /opt/airflow/dags/dag_dia.py
[2026-08-12T18:35:38.385+0000] {processor.py:914} INFO - Processing file /opt/airflow/dags/dag_dia.py for tasks to queue
[2026-08-12T18:35:38.389+0000] {logging_mixin.py:190} INFO - [2026-08-12T18:35:38.387+0000] {dagbag.py:587} INFO - Filling up the DagBag from /opt/airflow/dags/dag_dia.py
[2026-08-12T18:35:38.448+0000] {processor.py:925} INFO - DAG(s) 'dag_dia' retrieved from /opt/airflow/dags/dag_dia.py
[2026-08-12T18:35:38.513+0000] {logging_mixin.py:190} INFO - [2026-08-12T18:35:38.512+0000] {dag.py:3211} INFO - Sync 1 DAGs
[2026-08-12T18:35:38.548+0000] {logging_mixin.py:190} INFO - [2026-08-12T18:35:38.547+0000] {dag.py:4138} INFO - Setting next_dagrun for dag_dia to 2026-08-11 00:00:00+00:00, run_after=2026-08-12 00:00:00+00:00
[2026-08-12T18:35:38.586+0000] {processor.py:208} INFO - Processing /opt/airflow/dags/dag_dia.py took 0.216 seconds
[2026-08-12T18:36:08.980+0000] {processor.py:186} INFO - Started process (PID=261) to work on /opt/airflow/dags/dag_dia.py
[2026-08-12T18:36:08.984+0000] {processor.py:914} INFO - Processing file /opt/airflow/dags/dag_dia.py for tasks to queue
[2026-08-12T18:36:08.993+0000] {logging_mixin.py:190} INFO - [2026-08-12T18:36:08.992+0000] {dagbag.py:587} INFO - Filling up the DagBag from /opt/airflow/dags/dag_dia.py
[2026-08-12T18:36:09.060+0000] {processor.py:925} INFO - DAG(s) 'dag_dia' retrieved from /opt/airflow/dags/dag_dia.py
[2026-08-12T18:36:09.142+0000] {logging_mixin.py:190} INFO - [2026-08-12T18:36:09.141+0000] {dag.py:3211} INFO - Sync 1 DAGs
[2026-08-12T18:36:09.213+0000] {logging_mixin.py:190} INFO - [2026-08-12T18:36:09.213+0000] {dag.py:4138} INFO - Setting next_dagrun for dag_dia to 2026-08-11 00:00:00+00:00, run_after=2026-08-12 00:00:00+00:00
[2026-08-12T18:36:09.562+0000] {processor.py:208} INFO - Processing /opt/airflow/dags/dag_dia.py took 0.599 seconds
[2026-08-12T18:36:39.917+0000] {processor.py:186} INFO - Started process (PID=263) to work on /opt/airflow/dags/dag_dia.py
[2026-08-12T18:36:39.919+0000] {processor.py:914} INFO - Processing file /opt/airflow/dags/dag_dia.py for tasks to queue
[2026-08-12T18:36:39.922+0000] {logging_mixin.py:190} INFO - [2026-08-12T18:36:39.922+0000] {dagbag.py:587} INFO - Filling up the DagBag from /opt/airflow/dags/dag_dia.py
[2026-08-12T18:36:39.976+0000] {processor.py:925} INFO - DAG(s) 'dag_dia' retrieved from /opt/airflow/dags/dag_dia.py
[2026-08-12T18:36:40.013+0000] {logging_mixin.py:190} INFO - [2026-08-12T18:36:40.013+0000] {dag.py:3211} INFO - Sync 1 DAGs
[2026-08-12T18:36:40.195+0000] {logging_mixin.py:190} INFO - [2026-08-12T18:36:40.195+0000] {dag.py:4138} INFO - Setting next_dagrun for dag_dia to 2026-08-11 00:00:00+00:00, run_after=2026-08-12 00:00:00+00:00
[2026-08-12T18:36:40.232+0000] {processor.py:208} INFO - Processing /opt/airflow/dags/dag_dia.py took 0.321 seconds
[2026-08-12T18:37:10.752+0000] {processor.py:186} INFO - Started process (PID=272) to work on /opt/airflow/dags/dag_dia.py
[2026-08-12T18:37:10.754+0000] {processor.py:914} INFO - Processing file /opt/airflow/dags/dag_dia.py for tasks to queue
[2026-08-12T18:37:10.757+0000] {logging_mixin.py:190} INFO - [2026-08-12T18:37:10.757+0000] {dagbag.py:587} INFO - Filling up the DagBag from /opt/airflow/dags/dag_dia.py
[2026-08-12T18:37:10.798+0000] {processor.py:925} INFO - DAG(s) 'dag_dia' retrieved from /opt/airflow/dags/dag_dia.py
[2026-08-12T18:37:10.836+0000] {logging_mixin.py:190} INFO - [2026-08-12T18:37:10.835+0000] {dag.py:3211} INFO - Sync 1 DAGs
[2026-08-12T18:37:11.134+0000] {logging_mixin.py:190} INFO - [2026-08-12T18:37:11.134+0000] {dag.py:4138} INFO - Setting next_dagrun for dag_dia to 2026-08-11 00:00:00+00:00, run_after=2026-08-12 00:00:00+00:00
[2026-08-12T18:37:11.176+0000] {processor.py:208} INFO - Processing /opt/airflow/dags/dag_dia.py took 0.430 seconds
[2026-08-12T18:37:41.294+0000] {processor.py:186} INFO - Started process (PID=281) to work on /opt/airflow/dags/dag_dia.py
[2026-08-12T18:37:41.296+0000] {processor.py:914} INFO - Processing file /opt/airflow/dags/dag_dia.py for tasks to queue
[2026-08-12T18:37:41.301+0000] {logging_mixin.py:190} INFO - [2026-08-12T18:37:41.301+0000] {dagbag.py:587} INFO - Filling up the DagBag from /opt/airflow/dags/dag_dia.py
[2026-08-12T18:37:41.348+0000] {processor.py:925} INFO - DAG(s) 'dag_dia' retrieved from /opt/airflow/dags/dag_dia.py
[2026-08-12T18:37:41.385+0000] {logging_mixin.py:190} INFO - [2026-08-12T18:37:41.385+0000] {dag.py:3211} INFO - Sync 1 DAGs
[2026-08-12T18:37:41.415+0000] {logging_mixin.py:190} INFO - [2026-08-12T18:37:41.414+0000] {dag.py:4138} INFO - Setting next_dagrun for dag_dia to 2026-08-11 00:00:00+00:00, run_after=2026-08-12 00:00:00+00:00
[2026-08-12T18:37:41.456+0000] {processor.py:208} INFO - Processing /opt/airflow/dags/dag_dia.py took 0.174 seconds
[2026-08-12T18:38:11.937+0000] {processor.py:186} INFO - Started process (PID=292) to work on /opt/airflow/dags/dag_dia.py
[2026-08-12T18:38:11.939+0000] {processor.py:914} INFO - Processing file /opt/airflow/dags/dag_dia.py for tasks to queue
[2026-08-12T18:38:11.942+0000] {logging_mixin.py:190} INFO - [2026-08-12T18:38:11.942+0000] {dagbag.py:587} INFO - Filling up the DagBag from /opt/airflow/dags/dag_dia.py
[2026-08-12T18:38:11.989+0000] {processor.py:925} INFO - DAG(s) 'dag_dia' retrieved from /opt/airflow/dags/dag_dia.py
[2026-08-12T18:38:12.018+0000] {logging_mixin.py:190} INFO - [2026-08-12T18:38:12.018+0000] {dag.py:3211} INFO - Sync 1 DAGs
[2026-08-12T18:38:12.041+0000] {logging_mixin.py:190} INFO - [2026-08-12T18:38:12.041+0000] {dag.py:4138} INFO - Setting next_dagrun for dag_dia to 2026-08-11 00:00:00+00:00, run_after=2026-08-12 00:00:00+00:00
[2026-08-12T18:38:12.079+0000] {processor.py:208} INFO - Processing /opt/airflow/dags/dag_dia.py took 0.148 seconds
[2026-08-12T18:38:42.930+0000] {processor.py:186} INFO - Started process (PID=302) to work on /opt/airflow/dags/dag_dia.py
[2026-08-12T18:38:42.932+0000] {processor.py:914} INFO - Processing file /opt/airflow/dags/dag_dia.py for tasks to queue
[2026-08-12T18:38:42.935+0000] {logging_mixin.py:190} INFO - [2026-08-12T18:38:42.935+0000] {dagbag.py:587} INFO - Filling up the DagBag from /opt/airflow/dags/dag_dia.py
[2026-08-12T18:38:42.977+0000] {processor.py:925} INFO - DAG(s) 'dag_dia' retrieved from /opt/airflow/dags/dag_dia.py
[2026-08-12T18:38:43.013+0000] {logging_mixin.py:190} INFO - [2026-08-12T18:38:43.013+0000] {dag.py:3211} INFO - Sync 1 DAGs
[2026-08-12T18:38:43.038+0000] {logging_mixin.py:190} INFO - [2026-08-12T18:38:43.038+0000] {dag.py:4138} INFO - Setting next_dagrun for dag_dia to 2026-08-11 00:00:00+00:00, run_after=2026-08-12 00:00:00+00:00
[2026-08-12T18:38:43.079+0000] {processor.py:208} INFO - Processing /opt/airflow/dags/dag_dia.py took 0.155 seconds
[2026-08-12T18:39:13.721+0000] {processor.py:186} INFO - Started process (PID=312) to work on /opt/airflow/dags/dag_dia.py
[2026-08-12T18:39:13.724+0000] {processor.py:914} INFO - Processing file /opt/airflow/dags/dag_dia.py for tasks to queue
[2026-08-12T18:39:13.728+0000] {logging_mixin.py:190} INFO - [2026-08-12T18:39:13.727+0000] {dagbag.py:587} INFO - Filling up the DagBag from /opt/airflow/dags/dag_dia.py
[2026-08-12T18:39:13.767+0000] {processor.py:925} INFO - DAG(s) 'dag_dia' retrieved from /opt/airflow/dags/dag_dia.py
[2026-08-12T18:39:13.807+0000] {logging_mixin.py:190} INFO - [2026-08-12T18:39:13.807+0000] {dag.py:3211} INFO - Sync 1 DAGs
[2026-08-12T18:39:13.836+0000] {logging_mixin.py:190} INFO - [2026-08-12T18:39:13.836+0000] {dag.py:4138} INFO - Setting next_dagrun for dag_dia to 2026-08-11 00:00:00+00:00, run_after=2026-08-12 00:00:00+00:00
[2026-08-12T18:39:14.076+0000] {processor.py:208} INFO - Processing /opt/airflow/dags/dag_dia.py took 0.362 seconds
[2026-08-12T18:39:44.707+0000] {processor.py:186} INFO - Started process (PID=322) to work on /opt/airflow/dags/dag_dia.py
[2026-08-12T18:39:44.709+0000] {processor.py:914} INFO - Processing file /opt/airflow/dags/dag_dia.py for tasks to queue
[2026-08-12T18:39:44.717+0000] {logging_mixin.py:190} INFO - [2026-08-12T18:39:44.716+0000] {dagbag.py:587} INFO - Filling up the DagBag from /opt/airflow/dags/dag_dia.py
[2026-08-12T18:39:44.773+0000] {processor.py:925} INFO - DAG(s) 'dag_dia' retrieved from /opt/airflow/dags/dag_dia.py
[2026-08-12T18:39:44.825+0000] {logging_mixin.py:190} INFO - [2026-08-12T18:39:44.825+0000] {dag.py:3211} INFO - Sync 1 DAGs
[2026-08-12T18:39:45.143+0000] {logging_mixin.py:190} INFO - [2026-08-12T18:39:45.143+0000] {dag.py:4138} INFO - Setting next_dagrun for dag_dia to 2026-08-11 00:00:00+00:00, run_after=2026-08-12 00:00:00+00:00
[2026-08-12T18:39:45.204+0000] {processor.py:208} INFO - Processing /opt/airflow/dags/dag_dia.py took 0.513 seconds
[2026-08-12T18:40:15.364+0000] {processor.py:186} INFO - Started process (PID=332) to work on /opt/airflow/dags/dag_dia.py
[2026-08-12T18:40:15.366+0000] {processor.py:914} INFO - Processing file /opt/airflow/dags/dag_dia.py for tasks to queue
[2026-08-12T18:40:15.372+0000] {logging_mixin.py:190} INFO - [2026-08-12T18:40:15.371+0000] {dagbag.py:587} INFO - Filling up the DagBag from /opt/airflow/dags/dag_dia.py
[2026-08-12T18:40:15.423+0000] {processor.py:925} INFO - DAG(s) 'dag_dia' retrieved from /opt/airflow/dags/dag_dia.py
[2026-08-12T18:40:15.491+0000] {logging_mixin.py:190} INFO - [2026-08-12T18:40:15.491+0000] {dag.py:3211} INFO - Sync 1 DAGs
[2026-08-12T18:40:15.550+0000] {logging_mixin.py:190} INFO - [2026-08-12T18:40:15.549+0000] {dag.py:4138} INFO - Setting next_dagrun for dag_dia to 2026-08-11 00:00:00+00:00, run_after=2026-08-12 00:00:00+00:00
[2026-08-12T18:40:15.615+0000] {processor.py:208} INFO - Processing /opt/airflow/dags/dag_dia.py took 0.267 seconds
[2026-08-12T18:40:46.374+0000] {processor.py:186} INFO - Started process (PID=342) to work on /opt/airflow/dags/dag_dia.py
[2026-08-12T18:40:46.405+0000] {processor.py:914} INFO - Processing file /opt/airflow/dags/dag_dia.py for tasks to queue
[2026-08-12T18:40:46.456+0000] {logging_mixin.py:190} INFO - [2026-08-12T18:40:46.453+0000] {dagbag.py:587} INFO - Filling up the DagBag from /opt/airflow/dags/dag_dia.py
[2026-08-12T18:40:46.570+0000] {processor.py:925} INFO - DAG(s) 'dag_dia' retrieved from /opt/airflow/dags/dag_dia.py
[2026-08-12T18:40:46.910+0000] {logging_mixin.py:190} INFO - [2026-08-12T18:40:46.909+0000] {dag.py:3211} INFO - Sync 1 DAGs
[2026-08-12T18:40:47.262+0000] {logging_mixin.py:190} INFO - [2026-08-12T18:40:47.260+0000] {dag.py:4138} INFO - Setting next_dagrun for dag_dia to 2026-08-11 00:00:00+00:00, run_after=2026-08-12 00:00:00+00:00
[2026-08-12T18:40:47.450+0000] {processor.py:208} INFO - Processing /opt/airflow/dags/dag_dia.py took 1.190 seconds
[2026-08-12T18:41:18.100+0000] {processor.py:186} INFO - Started process (PID=345) to work on /opt/airflow/dags/dag_dia.py
[2026-08-12T18:41:18.102+0000] {processor.py:914} INFO - Processing file /opt/airflow/dags/dag_dia.py for tasks to queue
[2026-08-12T18:41:18.112+0000] {logging_mixin.py:190} INFO - [2026-08-12T18:41:18.111+0000] {dagbag.py:587} INFO - Filling up the DagBag from /opt/airflow/dags/dag_dia.py
[2026-08-12T18:41:18.197+0000] {processor.py:925} INFO - DAG(s) 'dag_dia' retrieved from /opt/airflow/dags/dag_dia.py
[2026-08-12T18:41:18.296+0000] {logging_mixin.py:190} INFO - [2026-08-12T18:41:18.295+0000] {dag.py:3211} INFO - Sync 1 DAGs
[2026-08-12T18:41:18.364+0000] {logging_mixin.py:190} INFO - [2026-08-12T18:41:18.362+0000] {dag.py:4138} INFO - Setting next_dagrun for dag_dia to 2026-08-11 00:00:00+00:00, run_after=2026-08-12 00:00:00+00:00
[2026-08-12T18:41:18.406+0000] {processor.py:208} INFO - Processing /opt/airflow/dags/dag_dia.py took 0.329 seconds
[2026-08-12T18:41:48.998+0000] {processor.py:186} INFO - Started process (PID=355) to work on /opt/airflow/dags/dag_dia.py
[2026-08-12T18:41:49.000+0000] {processor.py:914} INFO - Processing file /opt/airflow/dags/dag_dia.py for tasks to queue
[2026-08-12T18:41:49.005+0000] {logging_mixin.py:190} INFO - [2026-08-12T18:41:49.005+0000] {dagbag.py:587} INFO - Filling up the DagBag from /opt/airflow/dags/dag_dia.py
[2026-08-12T18:41:49.043+0000] {processor.py:925} INFO - DAG(s) 'dag_dia' retrieved from /opt/airflow/dags/dag_dia.py
[2026-08-12T18:41:49.098+0000] {logging_mixin.py:190} INFO - [2026-08-12T18:41:49.098+0000] {dag.py:3211} INFO - Sync 1 DAGs
[2026-08-12T18:41:49.156+0000] {logging_mixin.py:190} INFO - [2026-08-12T18:41:49.155+0000] {dag.py:4138} INFO - Setting next_dagrun for dag_dia to 2026-08-11 00:00:00+00:00, run_after=2026-08-12 00:00:00+00:00
[2026-08-12T18:41:49.205+0000] {processor.py:208} INFO - Processing /opt/airflow/dags/dag_dia.py took 0.220 seconds
[2026-08-12T18:42:19.762+0000] {processor.py:186} INFO - Started process (PID=366) to work on /opt/airflow/dags/dag_dia.py
[2026-08-12T18:42:19.764+0000] {processor.py:914} INFO - Processing file /opt/airflow/dags/dag_dia.py for tasks to queue
[2026-08-12T18:42:19.769+0000] {logging_mixin.py:190} INFO - [2026-08-12T18:42:19.768+0000] {dagbag.py:587} INFO - Filling up the DagBag from /opt/airflow/dags/dag_dia.py
[2026-08-12T18:42:19.811+0000] {processor.py:925} INFO - DAG(s) 'dag_dia' retrieved from /opt/airflow/dags/dag_dia.py
[2026-08-12T18:42:19.861+0000] {logging_mixin.py:190} INFO - [2026-08-12T18:42:19.861+0000] {dag.py:3211} INFO - Sync 1 DAGs
[2026-08-12T18:42:20.173+0000] {logging_mixin.py:190} INFO - [2026-08-12T18:42:20.172+0000] {dag.py:4138} INFO - Setting next_dagrun for dag_dia to 2026-08-11 00:00:00+00:00, run_after=2026-08-12 00:00:00+00:00
[2026-08-12T18:42:20.200+0000] {processor.py:208} INFO - Processing /opt/airflow/dags/dag_dia.py took 0.448 seconds
[2026-08-12T18:42:50.729+0000] {processor.py:186} INFO - Started process (PID=376) to work on /opt/airflow/dags/dag_dia.py
[2026-08-12T18:42:50.732+0000] {processor.py:914} INFO - Processing file /opt/airflow/dags/dag_dia.py for tasks to queue
[2026-08-12T18:42:50.740+0000] {logging_mixin.py:190} INFO - [2026-08-12T18:42:50.739+0000] {dagbag.py:587} INFO - Filling up the DagBag from /opt/airflow/dags/dag_dia.py
[2026-08-12T18:42:50.797+0000] {processor.py:925} INFO - DAG(s) 'dag_dia' retrieved from /opt/airflow/dags/dag_dia.py
[2026-08-12T18:42:50.873+0000] {logging_mixin.py:190} INFO - [2026-08-12T18:42:50.872+0000] {dag.py:3211} INFO - Sync 1 DAGs
[2026-08-12T18:42:51.168+0000] {logging_mixin.py:190} INFO - [2026-08-12T18:42:51.167+0000] {dag.py:4138} INFO - Setting next_dagrun for dag_dia to 2026-08-11 00:00:00+00:00, run_after=2026-08-12 00:00:00+00:00
[2026-08-12T18:42:51.216+0000] {processor.py:208} INFO - Processing /opt/airflow/dags/dag_dia.py took 0.502 seconds
[2026-08-12T18:43:21.558+0000] {processor.py:186} INFO - Started process (PID=386) to work on /opt/airflow/dags/dag_dia.py
[2026-08-12T18:43:21.560+0000] {processor.py:914} INFO - Processing file /opt/airflow/dags/dag_dia.py for tasks to queue
[2026-08-12T18:43:21.565+0000] {logging_mixin.py:190} INFO - [2026-08-12T18:43:21.564+0000] {dagbag.py:587} INFO - Filling up the DagBag from /opt/airflow/dags/dag_dia.py
[2026-08-12T18:43:21.607+0000] {processor.py:925} INFO - DAG(s) 'dag_dia' retrieved from /opt/airflow/dags/dag_dia.py
[2026-08-12T18:43:21.667+0000] {logging_mixin.py:190} INFO - [2026-08-12T18:43:21.667+0000] {dag.py:3211} INFO - Sync 1 DAGs
[2026-08-12T18:43:21.703+0000] {logging_mixin.py:190} INFO - [2026-08-12T18:43:21.703+0000] {dag.py:4138} INFO - Setting next_dagrun for dag_dia to 2026-08-11 00:00:00+00:00, run_after=2026-08-12 00:00:00+00:00
[2026-08-12T18:43:21.762+0000] {processor.py:208} INFO - Processing /opt/airflow/dags/dag_dia.py took 0.215 seconds
[2026-08-12T18:43:52.320+0000] {processor.py:186} INFO - Started process (PID=397) to work on /opt/airflow/dags/dag_dia.py
[2026-08-12T18:43:52.322+0000] {processor.py:914} INFO - Processing file /opt/airflow/dags/dag_dia.py for tasks to queue
[2026-08-12T18:43:52.327+0000] {logging_mixin.py:190} INFO - [2026-08-12T18:43:52.326+0000] {dagbag.py:587} INFO - Filling up the DagBag from /opt/airflow/dags/dag_dia.py
[2026-08-12T18:43:52.364+0000] {processor.py:925} INFO - DAG(s) 'dag_dia' retrieved from /opt/airflow/dags/dag_dia.py
[2026-08-12T18:43:52.409+0000] {logging_mixin.py:190} INFO - [2026-08-12T18:43:52.409+0000] {dag.py:3211} INFO - Sync 1 DAGs
[2026-08-12T18:43:52.443+0000] {logging_mixin.py:190} INFO - [2026-08-12T18:43:52.443+0000] {dag.py:4138} INFO - Setting next_dagrun for dag_dia to 2026-08-11 00:00:00+00:00, run_after=2026-08-12 00:00:00+00:00
[2026-08-12T18:43:52.469+0000] {processor.py:208} INFO - Processing /opt/airflow/dags/dag_dia.py took 0.158 seconds
[2026-08-12T18:44:22.562+0000] {processor.py:186} INFO - Started process (PID=407) to work on /opt/airflow/dags/dag_dia.py
[2026-08-12T18:44:22.564+0000] {processor.py:914} INFO - Processing file /opt/airflow/dags/dag_dia.py for tasks to queue
[2026-08-12T18:44:22.572+0000] {logging_mixin.py:190} INFO - [2026-08-12T18:44:22.571+0000] {dagbag.py:587} INFO - Filling up the DagBag from /opt/airflow/dags/dag_dia.py
[2026-08-12T18:44:22.621+0000] {processor.py:925} INFO - DAG(s) 'dag_dia' retrieved from /opt/airflow/dags/dag_dia.py
[2026-08-12T18:44:22.673+0000] {logging_mixin.py:190} INFO - [2026-08-12T18:44:22.673+0000] {dag.py:3211} INFO - Sync 1 DAGs
[2026-08-12T18:44:22.721+0000] {logging_mixin.py:190} INFO - [2026-08-12T18:44:22.721+0000] {dag.py:4138} INFO - Setting next_dagrun for dag_dia to 2026-08-11 00:00:00+00:00, run_after=2026-08-12 00:00:00+00:00
[2026-08-12T18:44:22.771+0000] {processor.py:208} INFO - Processing /opt/airflow/dags/dag_dia.py took 0.221 seconds
[2026-08-12T18:44:53.464+0000] {processor.py:186} INFO - Started process (PID=417) to work on /opt/airflow/dags/dag_dia.py
[2026-08-12T18:44:53.467+0000] {processor.py:914} INFO - Processing file /opt/airflow/dags/dag_dia.py for tasks to queue
[2026-08-12T18:44:53.475+0000] {logging_mixin.py:190} INFO - [2026-08-12T18:44:53.474+0000] {dagbag.py:587} INFO - Filling up the DagBag from /opt/airflow/dags/dag_dia.py
[2026-08-12T18:44:53.525+0000] {processor.py:925} INFO - DAG(s) 'dag_dia' retrieved from /opt/airflow/dags/dag_dia.py
[2026-08-12T18:44:53.575+0000] {logging_mixin.py:190} INFO - [2026-08-12T18:44:53.574+0000] {dag.py:3211} INFO - Sync 1 DAGs
[2026-08-12T18:44:53.616+0000] {logging_mixin.py:190} INFO - [2026-08-12T18:44:53.616+0000] {dag.py:4138} INFO - Setting next_dagrun for dag_dia to 2026-08-11 00:00:00+00:00, run_after=2026-08-12 00:00:00+00:00
[2026-08-12T18:44:53.885+0000] {processor.py:208} INFO - Processing /opt/airflow/dags/dag_dia.py took 0.432 seconds
[2026-08-12T18:45:24.472+0000] {processor.py:186} INFO - Started process (PID=427) to work on /opt/airflow/dags/dag_dia.py
[2026-08-12T18:45:24.475+0000] {processor.py:914} INFO - Processing file /opt/airflow/dags/dag_dia.py for tasks to queue
[2026-08-12T18:45:24.485+0000] {logging_mixin.py:190} INFO - [2026-08-12T18:45:24.484+0000] {dagbag.py:587} INFO - Filling up the DagBag from /opt/airflow/dags/dag_dia.py
[2026-08-12T18:45:24.543+0000] {processor.py:925} INFO - DAG(s) 'dag_dia' retrieved from /opt/airflow/dags/dag_dia.py
[2026-08-12T18:45:24.599+0000] {logging_mixin.py:190} INFO - [2026-08-12T18:45:24.598+0000] {dag.py:3211} INFO - Sync 1 DAGs
[2026-08-12T18:45:24.899+0000] {logging_mixin.py:190} INFO - [2026-08-12T18:45:24.899+0000] {dag.py:4138} INFO - Setting next_dagrun for dag_dia to 2026-08-11 00:00:00+00:00, run_after=2026-08-12 00:00:00+00:00
[2026-08-12T18:45:24.946+0000] {processor.py:208} INFO - Processing /opt/airflow/dags/dag_dia.py took 0.489 seconds
[2026-08-12T18:45:55.117+0000] {processor.py:186} INFO - Started process (PID=430) to work on /opt/airflow/dags/dag_dia.py
[2026-08-12T18:45:55.119+0000] {processor.py:914} INFO - Processing file /opt/airflow/dags/dag_dia.py for tasks to queue
[2026-08-12T18:45:55.125+0000] {logging_mixin.py:190} INFO - [2026-08-12T18:45:55.124+0000] {dagbag.py:587} INFO - Filling up the DagBag from /opt/airflow/dags/dag_dia.py
[2026-08-12T18:45:55.174+0000] {processor.py:925} INFO - DAG(s) 'dag_dia' retrieved from /opt/airflow/dags/dag_dia.py
[2026-08-12T18:45:55.229+0000] {logging_mixin.py:190} INFO - [2026-08-12T18:45:55.228+0000] {dag.py:3211} INFO - Sync 1 DAGs
[2026-08-12T18:45:55.529+0000] {logging_mixin.py:190} INFO - [2026-08-12T18:45:55.528+0000] {dag.py:4138} INFO - Setting next_dagrun for dag_dia to 2026-08-11 00:00:00+00:00, run_after=2026-08-12 00:00:00+00:00
[2026-08-12T18:45:55.573+0000] {processor.py:208} INFO - Processing /opt/airflow/dags/dag_dia.py took 0.472 seconds
[2026-08-12T18:46:25.847+0000] {processor.py:186} INFO - Started process (PID=440) to work on /opt/airflow/dags/dag_dia.py
[2026-08-12T18:46:25.850+0000] {processor.py:914} INFO - Processing file /opt/airflow/dags/dag_dia.py for tasks to queue
[2026-08-12T18:46:25.855+0000] {logging_mixin.py:190} INFO - [2026-08-12T18:46:25.854+0000] {dagbag.py:587} INFO - Filling up the DagBag from /opt/airflow/dags/dag_dia.py
[2026-08-12T18:46:25.923+0000] {processor.py:925} INFO - DAG(s) 'dag_dia' retrieved from /opt/airflow/dags/dag_dia.py
[2026-08-12T18:46:26.011+0000] {logging_mixin.py:190} INFO - [2026-08-12T18:46:26.010+0000] {dag.py:3211} INFO - Sync 1 DAGs
[2026-08-12T18:46:26.069+0000] {logging_mixin.py:190} INFO - [2026-08-12T18:46:26.069+0000] {dag.py:4138} INFO - Setting next_dagrun for dag_dia to 2026-08-11 00:00:00+00:00, run_after=2026-08-12 00:00:00+00:00
[2026-08-12T18:46:26.136+0000] {processor.py:208} INFO - Processing /opt/airflow/dags/dag_dia.py took 0.302 seconds
[2026-08-12T18:46:56.712+0000] {processor.py:186} INFO - Started process (PID=450) to work on /opt/airflow/dags/dag_dia.py
[2026-08-12T18:46:56.714+0000] {processor.py:914} INFO - Processing file /opt/airflow/dags/dag_dia.py for tasks to queue
[2026-08-12T18:46:56.718+0000] {logging_mixin.py:190} INFO - [2026-08-12T18:46:56.718+0000] {dagbag.py:587} INFO - Filling up the DagBag from /opt/airflow/dags/dag_dia.py
[2026-08-12T18:46:56.759+0000] {processor.py:925} INFO - DAG(s) 'dag_dia' retrieved from /opt/airflow/dags/dag_dia.py
[2026-08-12T18:46:56.806+0000] {logging_mixin.py:190} INFO - [2026-08-12T18:46:56.806+0000] {dag.py:3211} INFO - Sync 1 DAGs
[2026-08-12T18:46:56.851+0000] {logging_mixin.py:190} INFO - [2026-08-12T18:46:56.851+0000] {dag.py:4138} INFO - Setting next_dagrun for dag_dia to 2026-08-11 00:00:00+00:00, run_after=2026-08-12 00:00:00+00:00
[2026-08-12T18:46:56.902+0000] {processor.py:208} INFO - Processing /opt/airflow/dags/dag_dia.py took 0.200 seconds
[2026-08-12T18:47:27.426+0000] {processor.py:186} INFO - Started process (PID=460) to work on /opt/airflow/dags/dag_dia.py
[2026-08-12T18:47:27.429+0000] {processor.py:914} INFO - Processing file /opt/airflow/dags/dag_dia.py for tasks to queue
[2026-08-12T18:47:27.435+0000] {logging_mixin.py:190} INFO - [2026-08-12T18:47:27.435+0000] {dagbag.py:587} INFO - Filling up the DagBag from /opt/airflow/dags/dag_dia.py
[2026-08-12T18:47:27.482+0000] {processor.py:925} INFO - DAG(s) 'dag_dia' retrieved from /opt/airflow/dags/dag_dia.py
[2026-08-12T18:47:27.525+0000] {logging_mixin.py:190} INFO - [2026-08-12T18:47:27.525+0000] {dag.py:3211} INFO - Sync 1 DAGs
[2026-08-12T18:47:27.559+0000] {logging_mixin.py:190} INFO - [2026-08-12T18:47:27.559+0000] {dag.py:4138} INFO - Setting next_dagrun for dag_dia to 2026-08-11 00:00:00+00:00, run_after=2026-08-12 00:00:00+00:00
[2026-08-12T18:47:27.610+0000] {processor.py:208} INFO - Processing /opt/airflow/dags/dag_dia.py took 0.194 seconds
[2026-08-12T18:47:57.736+0000] {processor.py:186} INFO - Started process (PID=470) to work on /opt/airflow/dags/dag_dia.py
[2026-08-12T18:47:57.738+0000] {processor.py:914} INFO - Processing file /opt/airflow/dags/dag_dia.py for tasks to queue
[2026-08-12T18:47:57.745+0000] {logging_mixin.py:190} INFO - [2026-08-12T18:47:57.744+0000] {dagbag.py:587} INFO - Filling up the DagBag from /opt/airflow/dags/dag_dia.py
[2026-08-12T18:47:57.789+0000] {processor.py:925} INFO - DAG(s) 'dag_dia' retrieved from /opt/airflow/dags/dag_dia.py
[2026-08-12T18:47:57.846+0000] {logging_mixin.py:190} INFO - [2026-08-12T18:47:57.846+0000] {dag.py:3211} INFO - Sync 1 DAGs
[2026-08-12T18:47:58.092+0000] {logging_mixin.py:190} INFO - [2026-08-12T18:47:58.092+0000] {dag.py:4138} INFO - Setting next_dagrun for dag_dia to 2026-08-11 00:00:00+00:00, run_after=2026-08-12 00:00:00+00:00
[2026-08-12T18:47:58.137+0000] {processor.py:208} INFO - Processing /opt/airflow/dags/dag_dia.py took 0.411 seconds
[2026-08-12T18:48:28.294+0000] {processor.py:186} INFO - Started process (PID=480) to work on /opt/airflow/dags/dag_dia.py
[2026-08-12T18:48:28.297+0000] {processor.py:914} INFO - Processing file /opt/airflow/dags/dag_dia.py for tasks to queue
[2026-08-12T18:48:28.302+0000] {logging_mixin.py:190} INFO - [2026-08-12T18:48:28.301+0000] {dagbag.py:587} INFO - Filling up the DagBag from /opt/airflow/dags/dag_dia.py
[2026-08-12T18:48:28.345+0000] {processor.py:925} INFO - DAG(s) 'dag_dia' retrieved from /opt/airflow/dags/dag_dia.py
[2026-08-12T18:48:28.396+0000] {logging_mixin.py:190} INFO - [2026-08-12T18:48:28.396+0000] {dag.py:3211} INFO - Sync 1 DAGs
[2026-08-12T18:48:28.720+0000] {logging_mixin.py:190} INFO - [2026-08-12T18:48:28.719+0000] {dag.py:4138} INFO - Setting next_dagrun for dag_dia to 2026-08-11 00:00:00+00:00, run_after=2026-08-12 00:00:00+00:00
[2026-08-12T18:48:28.770+0000] {processor.py:208} INFO - Processing /opt/airflow/dags/dag_dia.py took 0.488 seconds
[2026-08-12T18:48:58.890+0000] {processor.py:186} INFO - Started process (PID=491) to work on /opt/airflow/dags/dag_dia.py
[2026-08-12T18:48:58.892+0000] {processor.py:914} INFO - Processing file /opt/airflow/dags/dag_dia.py for tasks to queue
[2026-08-12T18:48:58.897+0000] {logging_mixin.py:190} INFO - [2026-08-12T18:48:58.896+0000] {dagbag.py:587} INFO - Filling up the DagBag from /opt/airflow/dags/dag_dia.py
[2026-08-12T18:48:58.945+0000] {processor.py:925} INFO - DAG(s) 'dag_dia' retrieved from /opt/airflow/dags/dag_dia.py
[2026-08-12T18:48:58.996+0000] {logging_mixin.py:190} INFO - [2026-08-12T18:48:58.995+0000] {dag.py:3211} INFO - Sync 1 DAGs
[2026-08-12T18:48:59.030+0000] {logging_mixin.py:190} INFO - [2026-08-12T18:48:59.029+0000] {dag.py:4138} INFO - Setting next_dagrun for dag_dia to 2026-08-11 00:00:00+00:00, run_after=2026-08-12 00:00:00+00:00
[2026-08-12T18:48:59.073+0000] {processor.py:208} INFO - Processing /opt/airflow/dags/dag_dia.py took 0.197 seconds
[2026-08-12T18:49:29.618+0000] {processor.py:186} INFO - Started process (PID=501) to work on /opt/airflow/dags/dag_dia.py
[2026-08-12T18:49:29.621+0000] {processor.py:914} INFO - Processing file /opt/airflow/dags/dag_dia.py for tasks to queue
[2026-08-12T18:49:29.628+0000] {logging_mixin.py:190} INFO - [2026-08-12T18:49:29.628+0000] {dagbag.py:587} INFO - Filling up the DagBag from /opt/airflow/dags/dag_dia.py
[2026-08-12T18:49:29.683+0000] {processor.py:925} INFO - DAG(s) 'dag_dia' retrieved from /opt/airflow/dags/dag_dia.py
[2026-08-12T18:49:29.763+0000] {logging_mixin.py:190} INFO - [2026-08-12T18:49:29.762+0000] {dag.py:3211} INFO - Sync 1 DAGs
[2026-08-12T18:49:29.830+0000] {logging_mixin.py:190} INFO - [2026-08-12T18:49:29.830+0000] {dag.py:4138} INFO - Setting next_dagrun for dag_dia to 2026-08-11 00:00:00+00:00, run_after=2026-08-12 00:00:00+00:00
[2026-08-12T18:49:29.893+0000] {processor.py:208} INFO - Processing /opt/airflow/dags/dag_dia.py took 0.289 seconds
[2026-08-12T18:50:00.430+0000] {processor.py:186} INFO - Started process (PID=510) to work on /opt/airflow/dags/dag_dia.py
[2026-08-12T18:50:00.432+0000] {processor.py:914} INFO - Processing file /opt/airflow/dags/dag_dia.py for tasks to queue
[2026-08-12T18:50:00.436+0000] {logging_mixin.py:190} INFO - [2026-08-12T18:50:00.435+0000] {dagbag.py:587} INFO - Filling up the DagBag from /opt/airflow/dags/dag_dia.py
[2026-08-12T18:50:00.488+0000] {processor.py:925} INFO - DAG(s) 'dag_dia' retrieved from /opt/airflow/dags/dag_dia.py
[2026-08-12T18:50:00.547+0000] {logging_mixin.py:190} INFO - [2026-08-12T18:50:00.546+0000] {dag.py:3211} INFO - Sync 1 DAGs
[2026-08-12T18:50:00.633+0000] {logging_mixin.py:190} INFO - [2026-08-12T18:50:00.632+0000] {dag.py:4138} INFO - Setting next_dagrun for dag_dia to 2026-08-11 00:00:00+00:00, run_after=2026-08-12 00:00:00+00:00
[2026-08-12T18:50:00.695+0000] {processor.py:208} INFO - Processing /opt/airflow/dags/dag_dia.py took 0.274 seconds
[2026-08-12T18:50:31.312+0000] {processor.py:186} INFO - Started process (PID=514) to work on /opt/airflow/dags/dag_dia.py
[2026-08-12T18:50:31.314+0000] {processor.py:914} INFO - Processing file /opt/airflow/dags/dag_dia.py for tasks to queue
[2026-08-12T18:50:31.320+0000] {logging_mixin.py:190} INFO - [2026-08-12T18:50:31.319+0000] {dagbag.py:587} INFO - Filling up the DagBag from /opt/airflow/dags/dag_dia.py
[2026-08-12T18:50:31.365+0000] {processor.py:925} INFO - DAG(s) 'dag_dia' retrieved from /opt/airflow/dags/dag_dia.py
[2026-08-12T18:50:31.411+0000] {logging_mixin.py:190} INFO - [2026-08-12T18:50:31.411+0000] {dag.py:3211} INFO - Sync 1 DAGs
[2026-08-12T18:50:31.449+0000] {logging_mixin.py:190} INFO - [2026-08-12T18:50:31.449+0000] {dag.py:4138} INFO - Setting next_dagrun for dag_dia to 2026-08-11 00:00:00+00:00, run_after=2026-08-12 00:00:00+00:00
[2026-08-12T18:50:31.748+0000] {processor.py:208} INFO - Processing /opt/airflow/dags/dag_dia.py took 0.447 seconds
[2026-08-12T18:51:01.946+0000] {processor.py:186} INFO - Started process (PID=524) to work on /opt/airflow/dags/dag_dia.py
[2026-08-12T18:51:01.948+0000] {processor.py:914} INFO - Processing file /opt/airflow/dags/dag_dia.py for tasks to queue
[2026-08-12T18:51:01.953+0000] {logging_mixin.py:190} INFO - [2026-08-12T18:51:01.952+0000] {dagbag.py:587} INFO - Filling up the DagBag from /opt/airflow/dags/dag_dia.py
[2026-08-12T18:51:01.991+0000] {processor.py:925} INFO - DAG(s) 'dag_dia' retrieved from /opt/airflow/dags/dag_dia.py
[2026-08-12T18:51:02.044+0000] {logging_mixin.py:190} INFO - [2026-08-12T18:51:02.043+0000] {dag.py:3211} INFO - Sync 1 DAGs
[2026-08-12T18:51:02.351+0000] {logging_mixin.py:190} INFO - [2026-08-12T18:51:02.350+0000] {dag.py:4138} INFO - Setting next_dagrun for dag_dia to 2026-08-11 00:00:00+00:00, run_after=2026-08-12 00:00:00+00:00
[2026-08-12T18:51:02.401+0000] {processor.py:208} INFO - Processing /opt/airflow/dags/dag_dia.py took 0.467 seconds
[2026-08-12T18:51:32.590+0000] {processor.py:186} INFO - Started process (PID=534) to work on /opt/airflow/dags/dag_dia.py
[2026-08-12T18:51:32.592+0000] {processor.py:914} INFO - Processing file /opt/airflow/dags/dag_dia.py for tasks to queue
[2026-08-12T18:51:32.596+0000] {logging_mixin.py:190} INFO - [2026-08-12T18:51:32.596+0000] {dagbag.py:587} INFO - Filling up the DagBag from /opt/airflow/dags/dag_dia.py
[2026-08-12T18:51:32.628+0000] {processor.py:925} INFO - DAG(s) 'dag_dia' retrieved from /opt/airflow/dags/dag_dia.py
[2026-08-12T18:51:32.680+0000] {logging_mixin.py:190} INFO - [2026-08-12T18:51:32.679+0000] {dag.py:3211} INFO - Sync 1 DAGs
[2026-08-12T18:51:32.998+0000] {logging_mixin.py:190} INFO - [2026-08-12T18:51:32.996+0000] {dag.py:4138} INFO - Setting next_dagrun for dag_dia to 2026-08-11 00:00:00+00:00, run_after=2026-08-12 00:00:00+00:00
[2026-08-12T18:51:33.044+0000] {processor.py:208} INFO - Processing /opt/airflow/dags/dag_dia.py took 0.464 seconds
[2026-08-12T18:52:03.184+0000] {processor.py:186} INFO - Started process (PID=544) to work on /opt/airflow/dags/dag_dia.py
[2026-08-12T18:52:03.186+0000] {processor.py:914} INFO - Processing file /opt/airflow/dags/dag_dia.py for tasks to queue
[2026-08-12T18:52:03.191+0000] {logging_mixin.py:190} INFO - [2026-08-12T18:52:03.190+0000] {dagbag.py:587} INFO - Filling up the DagBag from /opt/airflow/dags/dag_dia.py
[2026-08-12T18:52:03.232+0000] {processor.py:925} INFO - DAG(s) 'dag_dia' retrieved from /opt/airflow/dags/dag_dia.py
[2026-08-12T18:52:03.309+0000] {logging_mixin.py:190} INFO - [2026-08-12T18:52:03.309+0000] {dag.py:3211} INFO - Sync 1 DAGs
[2026-08-12T18:52:03.388+0000] {logging_mixin.py:190} INFO - [2026-08-12T18:52:03.388+0000] {dag.py:4138} INFO - Setting next_dagrun for dag_dia to 2026-08-11 00:00:00+00:00, run_after=2026-08-12 00:00:00+00:00
[2026-08-12T18:52:03.450+0000] {processor.py:208} INFO - Processing /opt/airflow/dags/dag_dia.py took 0.276 seconds
[2026-08-12T18:52:33.567+0000] {processor.py:186} INFO - Started process (PID=554) to work on /opt/airflow/dags/dag_dia.py
[2026-08-12T18:52:33.569+0000] {processor.py:914} INFO - Processing file /opt/airflow/dags/dag_dia.py for tasks to queue
[2026-08-12T18:52:33.575+0000] {logging_mixin.py:190} INFO - [2026-08-12T18:52:33.575+0000] {dagbag.py:587} INFO - Filling up the DagBag from /opt/airflow/dags/dag_dia.py
[2026-08-12T18:52:33.615+0000] {processor.py:925} INFO - DAG(s) 'dag_dia' retrieved from /opt/airflow/dags/dag_dia.py
[2026-08-12T18:52:33.679+0000] {logging_mixin.py:190} INFO - [2026-08-12T18:52:33.679+0000] {dag.py:3211} INFO - Sync 1 DAGs
[2026-08-12T18:52:33.722+0000] {logging_mixin.py:190} INFO - [2026-08-12T18:52:33.722+0000] {dag.py:4138} INFO - Setting next_dagrun for dag_dia to 2026-08-11 00:00:00+00:00, run_after=2026-08-12 00:00:00+00:00
[2026-08-12T18:52:33.767+0000] {processor.py:208} INFO - Processing /opt/airflow/dags/dag_dia.py took 0.210 seconds
[2026-08-12T18:53:04.460+0000] {processor.py:186} INFO - Started process (PID=564) to work on /opt/airflow/dags/dag_dia.py
[2026-08-12T18:53:04.462+0000] {processor.py:914} INFO - Processing file /opt/airflow/dags/dag_dia.py for tasks to queue
[2026-08-12T18:53:04.469+0000] {logging_mixin.py:190} INFO - [2026-08-12T18:53:04.468+0000] {dagbag.py:587} INFO - Filling up the DagBag from /opt/airflow/dags/dag_dia.py
[2026-08-12T18:53:04.519+0000] {processor.py:925} INFO - DAG(s) 'dag_dia' retrieved from /opt/airflow/dags/dag_dia.py
[2026-08-12T18:53:04.572+0000] {logging_mixin.py:190} INFO - [2026-08-12T18:53:04.572+0000] {dag.py:3211} INFO - Sync 1 DAGs
[2026-08-12T18:53:04.616+0000] {logging_mixin.py:190} INFO - [2026-08-12T18:53:04.615+0000] {dag.py:4138} INFO - Setting next_dagrun for dag_dia to 2026-08-11 00:00:00+00:00, run_after=2026-08-12 00:00:00+00:00
[2026-08-12T18:53:04.670+0000] {processor.py:208} INFO - Processing /opt/airflow/dags/dag_dia.py took 0.226 seconds
[2026-08-12T18:53:35.232+0000] {processor.py:186} INFO - Started process (PID=575) to work on /opt/airflow/dags/dag_dia.py
[2026-08-12T18:53:35.235+0000] {processor.py:914} INFO - Processing file /opt/airflow/dags/dag_dia.py for tasks to queue
[2026-08-12T18:53:35.245+0000] {logging_mixin.py:190} INFO - [2026-08-12T18:53:35.244+0000] {dagbag.py:587} INFO - Filling up the DagBag from /opt/airflow/dags/dag_dia.py
[2026-08-12T18:53:35.314+0000] {processor.py:925} INFO - DAG(s) 'dag_dia' retrieved from /opt/airflow/dags/dag_dia.py
[2026-08-12T18:53:35.395+0000] {logging_mixin.py:190} INFO - [2026-08-12T18:53:35.394+0000] {dag.py:3211} INFO - Sync 1 DAGs
[2026-08-12T18:53:35.480+0000] {logging_mixin.py:190} INFO - [2026-08-12T18:53:35.480+0000] {dag.py:4138} INFO - Setting next_dagrun for dag_dia to 2026-08-11 00:00:00+00:00, run_after=2026-08-12 00:00:00+00:00
[2026-08-12T18:53:36.023+0000] {processor.py:208} INFO - Processing /opt/airflow/dags/dag_dia.py took 0.810 seconds
[2026-08-12T18:54:06.745+0000] {processor.py:186} INFO - Started process (PID=578) to work on /opt/airflow/dags/dag_dia.py
[2026-08-12T18:54:06.748+0000] {processor.py:914} INFO - Processing file /opt/airflow/dags/dag_dia.py for tasks to queue
[2026-08-12T18:54:06.751+0000] {logging_mixin.py:190} INFO - [2026-08-12T18:54:06.751+0000] {dagbag.py:587} INFO - Filling up the DagBag from /opt/airflow/dags/dag_dia.py
[2026-08-12T18:54:06.792+0000] {processor.py:925} INFO - DAG(s) 'dag_dia' retrieved from /opt/airflow/dags/dag_dia.py
[2026-08-12T18:54:06.853+0000] {logging_mixin.py:190} INFO - [2026-08-12T18:54:06.852+0000] {dag.py:3211} INFO - Sync 1 DAGs
[2026-08-12T18:54:07.155+0000] {logging_mixin.py:190} INFO - [2026-08-12T18:54:07.155+0000] {dag.py:4138} INFO - Setting next_dagrun for dag_dia to 2026-08-11 00:00:00+00:00, run_after=2026-08-12 00:00:00+00:00
[2026-08-12T18:54:07.201+0000] {processor.py:208} INFO - Processing /opt/airflow/dags/dag_dia.py took 0.465 seconds
[2026-08-12T18:54:37.752+0000] {processor.py:186} INFO - Started process (PID=588) to work on /opt/airflow/dags/dag_dia.py
[2026-08-12T18:54:37.755+0000] {processor.py:914} INFO - Processing file /opt/airflow/dags/dag_dia.py for tasks to queue
[2026-08-12T18:54:37.763+0000] {logging_mixin.py:190} INFO - [2026-08-12T18:54:37.762+0000] {dagbag.py:587} INFO - Filling up the DagBag from /opt/airflow/dags/dag_dia.py
[2026-08-12T18:54:37.827+0000] {processor.py:925} INFO - DAG(s) 'dag_dia' retrieved from /opt/airflow/dags/dag_dia.py
[2026-08-12T18:54:38.130+0000] {logging_mixin.py:190} INFO - [2026-08-12T18:54:38.130+0000] {dag.py:3211} INFO - Sync 1 DAGs
[2026-08-12T18:54:38.163+0000] {logging_mixin.py:190} INFO - [2026-08-12T18:54:38.163+0000] {dag.py:4138} INFO - Setting next_dagrun for dag_dia to 2026-08-11 00:00:00+00:00, run_after=2026-08-12 00:00:00+00:00
[2026-08-12T18:54:38.199+0000] {processor.py:208} INFO - Processing /opt/airflow/dags/dag_dia.py took 0.459 seconds
[2026-08-12T18:55:08.645+0000] {processor.py:186} INFO - Started process (PID=598) to work on /opt/airflow/dags/dag_dia.py
[2026-08-12T18:55:08.648+0000] {processor.py:914} INFO - Processing file /opt/airflow/dags/dag_dia.py for tasks to queue
[2026-08-12T18:55:08.655+0000] {logging_mixin.py:190} INFO - [2026-08-12T18:55:08.654+0000] {dagbag.py:587} INFO - Filling up the DagBag from /opt/airflow/dags/dag_dia.py
[2026-08-12T18:55:08.702+0000] {processor.py:925} INFO - DAG(s) 'dag_dia' retrieved from /opt/airflow/dags/dag_dia.py
[2026-08-12T18:55:08.747+0000] {logging_mixin.py:190} INFO - [2026-08-12T18:55:08.747+0000] {dag.py:3211} INFO - Sync 1 DAGs
[2026-08-12T18:55:08.788+0000] {logging_mixin.py:190} INFO - [2026-08-12T18:55:08.787+0000] {dag.py:4138} INFO - Setting next_dagrun for dag_dia to 2026-08-11 00:00:00+00:00, run_after=2026-08-12 00:00:00+00:00
[2026-08-12T18:55:08.837+0000] {processor.py:208} INFO - Processing /opt/airflow/dags/dag_dia.py took 0.202 seconds
[2026-08-12T18:55:39.364+0000] {processor.py:186} INFO - Started process (PID=608) to work on /opt/airflow/dags/dag_dia.py
[2026-08-12T18:55:39.366+0000] {processor.py:914} INFO - Processing file /opt/airflow/dags/dag_dia.py for tasks to queue
[2026-08-12T18:55:39.371+0000] {logging_mixin.py:190} INFO - [2026-08-12T18:55:39.370+0000] {dagbag.py:587} INFO - Filling up the DagBag from /opt/airflow/dags/dag_dia.py
[2026-08-12T18:55:39.428+0000] {processor.py:925} INFO - DAG(s) 'dag_dia' retrieved from /opt/airflow/dags/dag_dia.py
[2026-08-12T18:55:39.500+0000] {logging_mixin.py:190} INFO - [2026-08-12T18:55:39.500+0000] {dag.py:3211} INFO - Sync 1 DAGs
[2026-08-12T18:55:39.546+0000] {logging_mixin.py:190} INFO - [2026-08-12T18:55:39.545+0000] {dag.py:4138} INFO - Setting next_dagrun for dag_dia to 2026-08-11 00:00:00+00:00, run_after=2026-08-12 00:00:00+00:00
[2026-08-12T18:55:39.589+0000] {processor.py:208} INFO - Processing /opt/airflow/dags/dag_dia.py took 0.234 seconds
[2026-08-12T18:56:10.159+0000] {processor.py:186} INFO - Started process (PID=618) to work on /opt/airflow/dags/dag_dia.py
[2026-08-12T18:56:10.161+0000] {processor.py:914} INFO - Processing file /opt/airflow/dags/dag_dia.py for tasks to queue
[2026-08-12T18:56:10.165+0000] {logging_mixin.py:190} INFO - [2026-08-12T18:56:10.165+0000] {dagbag.py:587} INFO - Filling up the DagBag from /opt/airflow/dags/dag_dia.py
[2026-08-12T18:56:10.211+0000] {processor.py:925} INFO - DAG(s) 'dag_dia' retrieved from /opt/airflow/dags/dag_dia.py
[2026-08-12T18:56:10.258+0000] {logging_mixin.py:190} INFO - [2026-08-12T18:56:10.258+0000] {dag.py:3211} INFO - Sync 1 DAGs
[2026-08-12T18:56:10.296+0000] {logging_mixin.py:190} INFO - [2026-08-12T18:56:10.296+0000] {dag.py:4138} INFO - Setting next_dagrun for dag_dia to 2026-08-11 00:00:00+00:00, run_after=2026-08-12 00:00:00+00:00
[2026-08-12T18:56:10.682+0000] {processor.py:208} INFO - Processing /opt/airflow/dags/dag_dia.py took 0.535 seconds
[2026-08-12T18:56:41.269+0000] {processor.py:186} INFO - Started process (PID=628) to work on /opt/airflow/dags/dag_dia.py
[2026-08-12T18:56:41.272+0000] {processor.py:914} INFO - Processing file /opt/airflow/dags/dag_dia.py for tasks to queue
[2026-08-12T18:56:41.278+0000] {logging_mixin.py:190} INFO - [2026-08-12T18:56:41.277+0000] {dagbag.py:587} INFO - Filling up the DagBag from /opt/airflow/dags/dag_dia.py
[2026-08-12T18:56:41.336+0000] {processor.py:925} INFO - DAG(s) 'dag_dia' retrieved from /opt/airflow/dags/dag_dia.py
[2026-08-12T18:56:41.389+0000] {logging_mixin.py:190} INFO - [2026-08-12T18:56:41.388+0000] {dag.py:3211} INFO - Sync 1 DAGs
[2026-08-12T18:56:41.698+0000] {logging_mixin.py:190} INFO - [2026-08-12T18:56:41.698+0000] {dag.py:4138} INFO - Setting next_dagrun for dag_dia to 2026-08-11 00:00:00+00:00, run_after=2026-08-12 00:00:00+00:00
[2026-08-12T18:56:41.738+0000] {processor.py:208} INFO - Processing /opt/airflow/dags/dag_dia.py took 0.481 seconds
[2026-08-12T18:57:11.894+0000] {processor.py:186} INFO - Started process (PID=638) to work on /opt/airflow/dags/dag_dia.py
[2026-08-12T18:57:11.896+0000] {processor.py:914} INFO - Processing file /opt/airflow/dags/dag_dia.py for tasks to queue
[2026-08-12T18:57:11.900+0000] {logging_mixin.py:190} INFO - [2026-08-12T18:57:11.900+0000] {dagbag.py:587} INFO - Filling up the DagBag from /opt/airflow/dags/dag_dia.py
[2026-08-12T18:57:11.939+0000] {processor.py:925} INFO - DAG(s) 'dag_dia' retrieved from /opt/airflow/dags/dag_dia.py
[2026-08-12T18:57:11.982+0000] {logging_mixin.py:190} INFO - [2026-08-12T18:57:11.981+0000] {dag.py:3211} INFO - Sync 1 DAGs
[2026-08-12T18:57:12.267+0000] {logging_mixin.py:190} INFO - [2026-08-12T18:57:12.267+0000] {dag.py:4138} INFO - Setting next_dagrun for dag_dia to 2026-08-11 00:00:00+00:00, run_after=2026-08-12 00:00:00+00:00
[2026-08-12T18:57:12.312+0000] {processor.py:208} INFO - Processing /opt/airflow/dags/dag_dia.py took 0.428 seconds
[2026-08-12T18:57:42.609+0000] {processor.py:186} INFO - Started process (PID=648) to work on /opt/airflow/dags/dag_dia.py
[2026-08-12T18:57:42.613+0000] {processor.py:914} INFO - Processing file /opt/airflow/dags/dag_dia.py for tasks to queue
[2026-08-12T18:57:42.621+0000] {logging_mixin.py:190} INFO - [2026-08-12T18:57:42.620+0000] {dagbag.py:587} INFO - Filling up the DagBag from /opt/airflow/dags/dag_dia.py
[2026-08-12T18:57:42.680+0000] {processor.py:925} INFO - DAG(s) 'dag_dia' retrieved from /opt/airflow/dags/dag_dia.py
[2026-08-12T18:57:43.056+0000] {logging_mixin.py:190} INFO - [2026-08-12T18:57:43.056+0000] {dag.py:3211} INFO - Sync 1 DAGs
[2026-08-12T18:57:43.127+0000] {logging_mixin.py:190} INFO - [2026-08-12T18:57:43.126+0000] {dag.py:4138} INFO - Setting next_dagrun for dag_dia to 2026-08-11 00:00:00+00:00, run_after=2026-08-12 00:00:00+00:00
[2026-08-12T18:57:43.184+0000] {processor.py:208} INFO - Processing /opt/airflow/dags/dag_dia.py took 0.589 seconds
[2026-08-12T18:58:13.627+0000] {processor.py:186} INFO - Started process (PID=820) to work on /opt/airflow/dags/dag_dia.py
[2026-08-12T18:58:13.630+0000] {processor.py:914} INFO - Processing file /opt/airflow/dags/dag_dia.py for tasks to queue
[2026-08-12T18:58:13.637+0000] {logging_mixin.py:190} INFO - [2026-08-12T18:58:13.636+0000] {dagbag.py:587} INFO - Filling up the DagBag from /opt/airflow/dags/dag_dia.py
[2026-08-12T18:58:13.711+0000] {processor.py:925} INFO - DAG(s) 'dag_dia' retrieved from /opt/airflow/dags/dag_dia.py
[2026-08-12T18:58:13.812+0000] {logging_mixin.py:190} INFO - [2026-08-12T18:58:13.812+0000] {dag.py:3211} INFO - Sync 1 DAGs
[2026-08-12T18:58:13.887+0000] {logging_mixin.py:190} INFO - [2026-08-12T18:58:13.886+0000] {dag.py:4138} INFO - Setting next_dagrun for dag_dia to 2026-08-11 00:00:00+00:00, run_after=2026-08-12 00:00:00+00:00
[2026-08-12T18:58:13.966+0000] {processor.py:208} INFO - Processing /opt/airflow/dags/dag_dia.py took 0.356 seconds
[2026-08-12T18:58:44.159+0000] {processor.py:186} INFO - Started process (PID=938) to work on /opt/airflow/dags/dag_dia.py
[2026-08-12T18:58:44.163+0000] {processor.py:914} INFO - Processing file /opt/airflow/dags/dag_dia.py for tasks to queue
[2026-08-12T18:58:44.174+0000] {logging_mixin.py:190} INFO - [2026-08-12T18:58:44.173+0000] {dagbag.py:587} INFO - Filling up the DagBag from /opt/airflow/dags/dag_dia.py
[2026-08-12T18:58:44.227+0000] {processor.py:925} INFO - DAG(s) 'dag_dia' retrieved from /opt/airflow/dags/dag_dia.py
[2026-08-12T18:58:44.317+0000] {logging_mixin.py:190} INFO - [2026-08-12T18:58:44.317+0000] {dag.py:3211} INFO - Sync 1 DAGs
[2026-08-12T18:58:44.391+0000] {logging_mixin.py:190} INFO - [2026-08-12T18:58:44.390+0000] {dag.py:4138} INFO - Setting next_dagrun for dag_dia to 2026-08-11 00:00:00+00:00, run_after=2026-08-12 00:00:00+00:00
[2026-08-12T18:58:44.457+0000] {processor.py:208} INFO - Processing /opt/airflow/dags/dag_dia.py took 0.317 seconds
[2026-08-12T18:59:15.039+0000] {processor.py:186} INFO - Started process (PID=990) to work on /opt/airflow/dags/dag_dia.py
[2026-08-12T18:59:15.042+0000] {processor.py:914} INFO - Processing file /opt/airflow/dags/dag_dia.py for tasks to queue
[2026-08-12T18:59:15.047+0000] {logging_mixin.py:190} INFO - [2026-08-12T18:59:15.046+0000] {dagbag.py:587} INFO - Filling up the DagBag from /opt/airflow/dags/dag_dia.py
[2026-08-12T18:59:15.105+0000] {processor.py:925} INFO - DAG(s) 'dag_dia' retrieved from /opt/airflow/dags/dag_dia.py
[2026-08-12T18:59:15.179+0000] {logging_mixin.py:190} INFO - [2026-08-12T18:59:15.179+0000] {dag.py:3211} INFO - Sync 1 DAGs
[2026-08-12T18:59:15.249+0000] {logging_mixin.py:190} INFO - [2026-08-12T18:59:15.248+0000] {dag.py:4138} INFO - Setting next_dagrun for dag_dia to 2026-08-11 00:00:00+00:00, run_after=2026-08-12 00:00:00+00:00
[2026-08-12T18:59:15.579+0000] {processor.py:208} INFO - Processing /opt/airflow/dags/dag_dia.py took 0.560 seconds
[2026-08-12T18:59:45.970+0000] {processor.py:186} INFO - Started process (PID=1155) to work on /opt/airflow/dags/dag_dia.py
[2026-08-12T18:59:45.972+0000] {processor.py:914} INFO - Processing file /opt/airflow/dags/dag_dia.py for tasks to queue
[2026-08-12T18:59:45.974+0000] {logging_mixin.py:190} INFO - [2026-08-12T18:59:45.974+0000] {dagbag.py:587} INFO - Filling up the DagBag from /opt/airflow/dags/dag_dia.py
[2026-08-12T18:59:46.025+0000] {processor.py:925} INFO - DAG(s) 'dag_dia' retrieved from /opt/airflow/dags/dag_dia.py
[2026-08-12T18:59:46.079+0000] {logging_mixin.py:190} INFO - [2026-08-12T18:59:46.079+0000] {dag.py:3211} INFO - Sync 1 DAGs
[2026-08-12T18:59:46.416+0000] {logging_mixin.py:190} INFO - [2026-08-12T18:59:46.415+0000] {dag.py:4138} INFO - Setting next_dagrun for dag_dia to 2026-08-11 00:00:00+00:00, run_after=2026-08-12 00:00:00+00:00
[2026-08-12T18:59:46.460+0000] {processor.py:208} INFO - Processing /opt/airflow/dags/dag_dia.py took 0.500 seconds
[2026-08-12T19:00:16.834+0000] {processor.py:186} INFO - Started process (PID=1325) to work on /opt/airflow/dags/dag_dia.py
[2026-08-12T19:00:16.836+0000] {processor.py:914} INFO - Processing file /opt/airflow/dags/dag_dia.py for tasks to queue
[2026-08-12T19:00:16.838+0000] {logging_mixin.py:190} INFO - [2026-08-12T19:00:16.838+0000] {dagbag.py:587} INFO - Filling up the DagBag from /opt/airflow/dags/dag_dia.py
[2026-08-12T19:00:16.878+0000] {processor.py:925} INFO - DAG(s) 'dag_dia' retrieved from /opt/airflow/dags/dag_dia.py
[2026-08-12T19:00:16.926+0000] {logging_mixin.py:190} INFO - [2026-08-12T19:00:16.926+0000] {dag.py:3211} INFO - Sync 1 DAGs
[2026-08-12T19:00:17.260+0000] {logging_mixin.py:190} INFO - [2026-08-12T19:00:17.259+0000] {dag.py:4138} INFO - Setting next_dagrun for dag_dia to 2026-08-11 00:00:00+00:00, run_after=2026-08-12 00:00:00+00:00
[2026-08-12T19:00:17.291+0000] {processor.py:208} INFO - Processing /opt/airflow/dags/dag_dia.py took 0.468 seconds
[2026-08-12T19:00:47.548+0000] {processor.py:186} INFO - Started process (PID=1492) to work on /opt/airflow/dags/dag_dia.py
[2026-08-12T19:00:47.553+0000] {processor.py:914} INFO - Processing file /opt/airflow/dags/dag_dia.py for tasks to queue
[2026-08-12T19:00:47.557+0000] {logging_mixin.py:190} INFO - [2026-08-12T19:00:47.556+0000] {dagbag.py:587} INFO - Filling up the DagBag from /opt/airflow/dags/dag_dia.py
[2026-08-12T19:00:47.616+0000] {processor.py:925} INFO - DAG(s) 'dag_dia' retrieved from /opt/airflow/dags/dag_dia.py
[2026-08-12T19:00:47.691+0000] {logging_mixin.py:190} INFO - [2026-08-12T19:00:47.690+0000] {dag.py:3211} INFO - Sync 1 DAGs
[2026-08-12T19:00:47.732+0000] {logging_mixin.py:190} INFO - [2026-08-12T19:00:47.731+0000] {dag.py:4138} INFO - Setting next_dagrun for dag_dia to 2026-08-11 00:00:00+00:00, run_after=2026-08-12 00:00:00+00:00
[2026-08-12T19:00:47.781+0000] {processor.py:208} INFO - Processing /opt/airflow/dags/dag_dia.py took 0.255 seconds
[2026-08-12T19:01:18.486+0000] {processor.py:186} INFO - Started process (PID=1550) to work on /opt/airflow/dags/dag_dia.py
[2026-08-12T19:01:18.493+0000] {processor.py:914} INFO - Processing file /opt/airflow/dags/dag_dia.py for tasks to queue
[2026-08-12T19:01:18.501+0000] {logging_mixin.py:190} INFO - [2026-08-12T19:01:18.499+0000] {dagbag.py:587} INFO - Filling up the DagBag from /opt/airflow/dags/dag_dia.py
[2026-08-12T19:01:18.592+0000] {processor.py:925} INFO - DAG(s) 'dag_dia' retrieved from /opt/airflow/dags/dag_dia.py
[2026-08-12T19:01:18.731+0000] {logging_mixin.py:190} INFO - [2026-08-12T19:01:18.730+0000] {dag.py:3211} INFO - Sync 1 DAGs
[2026-08-12T19:01:18.818+0000] {logging_mixin.py:190} INFO - [2026-08-12T19:01:18.817+0000] {dag.py:4138} INFO - Setting next_dagrun for dag_dia to 2026-08-11 00:00:00+00:00, run_after=2026-08-12 00:00:00+00:00
[2026-08-12T19:01:18.916+0000] {processor.py:208} INFO - Processing /opt/airflow/dags/dag_dia.py took 0.474 seconds
[2026-08-12T19:01:49.588+0000] {processor.py:186} INFO - Started process (PID=1668) to work on /opt/airflow/dags/dag_dia.py
[2026-08-12T19:01:49.590+0000] {processor.py:914} INFO - Processing file /opt/airflow/dags/dag_dia.py for tasks to queue
[2026-08-12T19:01:49.592+0000] {logging_mixin.py:190} INFO - [2026-08-12T19:01:49.591+0000] {dagbag.py:587} INFO - Filling up the DagBag from /opt/airflow/dags/dag_dia.py
[2026-08-12T19:01:49.631+0000] {processor.py:925} INFO - DAG(s) 'dag_dia' retrieved from /opt/airflow/dags/dag_dia.py
[2026-08-12T19:01:49.678+0000] {logging_mixin.py:190} INFO - [2026-08-12T19:01:49.677+0000] {dag.py:3211} INFO - Sync 1 DAGs
[2026-08-12T19:01:49.718+0000] {logging_mixin.py:190} INFO - [2026-08-12T19:01:49.718+0000] {dag.py:4138} INFO - Setting next_dagrun for dag_dia to 2026-08-11 00:00:00+00:00, run_after=2026-08-12 00:00:00+00:00
[2026-08-12T19:01:49.769+0000] {processor.py:208} INFO - Processing /opt/airflow/dags/dag_dia.py took 0.190 seconds
[2026-08-12T19:02:19.893+0000] {processor.py:186} INFO - Started process (PID=1835) to work on /opt/airflow/dags/dag_dia.py
[2026-08-12T19:02:19.895+0000] {processor.py:914} INFO - Processing file /opt/airflow/dags/dag_dia.py for tasks to queue
[2026-08-12T19:02:19.898+0000] {logging_mixin.py:190} INFO - [2026-08-12T19:02:19.897+0000] {dagbag.py:587} INFO - Filling up the DagBag from /opt/airflow/dags/dag_dia.py
[2026-08-12T19:02:19.944+0000] {processor.py:925} INFO - DAG(s) 'dag_dia' retrieved from /opt/airflow/dags/dag_dia.py
[2026-08-12T19:02:20.001+0000] {logging_mixin.py:190} INFO - [2026-08-12T19:02:20.000+0000] {dag.py:3211} INFO - Sync 1 DAGs
[2026-08-12T19:02:20.293+0000] {logging_mixin.py:190} INFO - [2026-08-12T19:02:20.293+0000] {dag.py:4138} INFO - Setting next_dagrun for dag_dia to 2026-08-11 00:00:00+00:00, run_after=2026-08-12 00:00:00+00:00
[2026-08-12T19:02:20.345+0000] {processor.py:208} INFO - Processing /opt/airflow/dags/dag_dia.py took 0.464 seconds
[2026-08-12T19:02:50.439+0000] {processor.py:186} INFO - Started process (PID=2004) to work on /opt/airflow/dags/dag_dia.py
[2026-08-12T19:02:50.442+0000] {processor.py:914} INFO - Processing file /opt/airflow/dags/dag_dia.py for tasks to queue
[2026-08-12T19:02:50.445+0000] {logging_mixin.py:190} INFO - [2026-08-12T19:02:50.445+0000] {dagbag.py:587} INFO - Filling up the DagBag from /opt/airflow/dags/dag_dia.py
[2026-08-12T19:02:50.491+0000] {processor.py:925} INFO - DAG(s) 'dag_dia' retrieved from /opt/airflow/dags/dag_dia.py
[2026-08-12T19:02:50.541+0000] {logging_mixin.py:190} INFO - [2026-08-12T19:02:50.540+0000] {dag.py:3211} INFO - Sync 1 DAGs
[2026-08-12T19:02:50.966+0000] {logging_mixin.py:190} INFO - [2026-08-12T19:02:50.965+0000] {dag.py:4138} INFO - Setting next_dagrun for dag_dia to 2026-08-11 00:00:00+00:00, run_after=2026-08-12 00:00:00+00:00
[2026-08-12T19:02:51.020+0000] {processor.py:208} INFO - Processing /opt/airflow/dags/dag_dia.py took 0.591 seconds
[2026-08-12T19:03:21.235+0000] {processor.py:186} INFO - Started process (PID=2173) to work on /opt/airflow/dags/dag_dia.py
[2026-08-12T19:03:21.237+0000] {processor.py:914} INFO - Processing file /opt/airflow/dags/dag_dia.py for tasks to queue
[2026-08-12T19:03:21.240+0000] {logging_mixin.py:190} INFO - [2026-08-12T19:03:21.239+0000] {dagbag.py:587} INFO - Filling up the DagBag from /opt/airflow/dags/dag_dia.py
[2026-08-12T19:03:21.282+0000] {processor.py:925} INFO - DAG(s) 'dag_dia' retrieved from /opt/airflow/dags/dag_dia.py
[2026-08-12T19:03:21.661+0000] {logging_mixin.py:190} INFO - [2026-08-12T19:03:21.660+0000] {dag.py:3211} INFO - Sync 1 DAGs
[2026-08-12T19:03:21.731+0000] {logging_mixin.py:190} INFO - [2026-08-12T19:03:21.731+0000] {dag.py:4138} INFO - Setting next_dagrun for dag_dia to 2026-08-11 00:00:00+00:00, run_after=2026-08-12 00:00:00+00:00
[2026-08-12T19:03:21.787+0000] {processor.py:208} INFO - Processing /opt/airflow/dags/dag_dia.py took 0.563 seconds
[2026-08-12T19:03:52.155+0000] {processor.py:186} INFO - Started process (PID=2229) to work on /opt/airflow/dags/dag_dia.py
[2026-08-12T19:03:52.159+0000] {processor.py:914} INFO - Processing file /opt/airflow/dags/dag_dia.py for tasks to queue
[2026-08-12T19:03:52.164+0000] {logging_mixin.py:190} INFO - [2026-08-12T19:03:52.163+0000] {dagbag.py:587} INFO - Filling up the DagBag from /opt/airflow/dags/dag_dia.py
[2026-08-12T19:03:52.227+0000] {processor.py:925} INFO - DAG(s) 'dag_dia' retrieved from /opt/airflow/dags/dag_dia.py
[2026-08-12T19:03:52.297+0000] {logging_mixin.py:190} INFO - [2026-08-12T19:03:52.297+0000] {dag.py:3211} INFO - Sync 1 DAGs
[2026-08-12T19:03:52.345+0000] {logging_mixin.py:190} INFO - [2026-08-12T19:03:52.345+0000] {dag.py:4138} INFO - Setting next_dagrun for dag_dia to 2026-08-11 00:00:00+00:00, run_after=2026-08-12 00:00:00+00:00
[2026-08-12T19:03:52.402+0000] {processor.py:208} INFO - Processing /opt/airflow/dags/dag_dia.py took 0.266 seconds
[2026-08-12T19:04:22.768+0000] {processor.py:186} INFO - Started process (PID=2350) to work on /opt/airflow/dags/dag_dia.py
[2026-08-12T19:04:22.770+0000] {processor.py:914} INFO - Processing file /opt/airflow/dags/dag_dia.py for tasks to queue
[2026-08-12T19:04:22.774+0000] {logging_mixin.py:190} INFO - [2026-08-12T19:04:22.773+0000] {dagbag.py:587} INFO - Filling up the DagBag from /opt/airflow/dags/dag_dia.py
[2026-08-12T19:04:22.826+0000] {processor.py:925} INFO - DAG(s) 'dag_dia' retrieved from /opt/airflow/dags/dag_dia.py
[2026-08-12T19:04:22.884+0000] {logging_mixin.py:190} INFO - [2026-08-12T19:04:22.884+0000] {dag.py:3211} INFO - Sync 1 DAGs
[2026-08-12T19:04:22.932+0000] {logging_mixin.py:190} INFO - [2026-08-12T19:04:22.932+0000] {dag.py:4138} INFO - Setting next_dagrun for dag_dia to 2026-08-11 00:00:00+00:00, run_after=2026-08-12 00:00:00+00:00
[2026-08-12T19:04:22.987+0000] {processor.py:208} INFO - Processing /opt/airflow/dags/dag_dia.py took 0.230 seconds
[2026-08-12T19:04:53.359+0000] {processor.py:186} INFO - Started process (PID=2518) to work on /opt/airflow/dags/dag_dia.py
[2026-08-12T19:04:53.361+0000] {processor.py:914} INFO - Processing file /opt/airflow/dags/dag_dia.py for tasks to queue
[2026-08-12T19:04:53.363+0000] {logging_mixin.py:190} INFO - [2026-08-12T19:04:53.363+0000] {dagbag.py:587} INFO - Filling up the DagBag from /opt/airflow/dags/dag_dia.py
[2026-08-12T19:04:53.410+0000] {processor.py:925} INFO - DAG(s) 'dag_dia' retrieved from /opt/airflow/dags/dag_dia.py
[2026-08-12T19:04:53.456+0000] {logging_mixin.py:190} INFO - [2026-08-12T19:04:53.455+0000] {dag.py:3211} INFO - Sync 1 DAGs
[2026-08-12T19:04:53.500+0000] {logging_mixin.py:190} INFO - [2026-08-12T19:04:53.500+0000] {dag.py:4138} INFO - Setting next_dagrun for dag_dia to 2026-08-11 00:00:00+00:00, run_after=2026-08-12 00:00:00+00:00
[2026-08-12T19:04:53.825+0000] {processor.py:208} INFO - Processing /opt/airflow/dags/dag_dia.py took 0.476 seconds
[2026-08-12T19:05:23.977+0000] {processor.py:186} INFO - Started process (PID=2683) to work on /opt/airflow/dags/dag_dia.py
[2026-08-12T19:05:23.980+0000] {processor.py:914} INFO - Processing file /opt/airflow/dags/dag_dia.py for tasks to queue
[2026-08-12T19:05:23.985+0000] {logging_mixin.py:190} INFO - [2026-08-12T19:05:23.984+0000] {dagbag.py:587} INFO - Filling up the DagBag from /opt/airflow/dags/dag_dia.py
[2026-08-12T19:05:24.086+0000] {processor.py:925} INFO - DAG(s) 'dag_dia' retrieved from /opt/airflow/dags/dag_dia.py
[2026-08-12T19:05:24.197+0000] {logging_mixin.py:190} INFO - [2026-08-12T19:05:24.197+0000] {dag.py:3211} INFO - Sync 1 DAGs
[2026-08-12T19:05:24.525+0000] {logging_mixin.py:190} INFO - [2026-08-12T19:05:24.525+0000] {dag.py:4138} INFO - Setting next_dagrun for dag_dia to 2026-08-11 00:00:00+00:00, run_after=2026-08-12 00:00:00+00:00
[2026-08-12T19:05:24.569+0000] {processor.py:208} INFO - Processing /opt/airflow/dags/dag_dia.py took 0.609 seconds
[2026-08-12T19:05:55.144+0000] {processor.py:186} INFO - Started process (PID=2843) to work on /opt/airflow/dags/dag_dia.py
[2026-08-12T19:05:55.146+0000] {processor.py:914} INFO - Processing file /opt/airflow/dags/dag_dia.py for tasks to queue
[2026-08-12T19:05:55.150+0000] {logging_mixin.py:190} INFO - [2026-08-12T19:05:55.149+0000] {dagbag.py:587} INFO - Filling up the DagBag from /opt/airflow/dags/dag_dia.py
[2026-08-12T19:05:55.189+0000] {processor.py:925} INFO - DAG(s) 'dag_dia' retrieved from /opt/airflow/dags/dag_dia.py
[2026-08-12T19:05:55.230+0000] {logging_mixin.py:190} INFO - [2026-08-12T19:05:55.230+0000] {dag.py:3211} INFO - Sync 1 DAGs
[2026-08-12T19:05:55.511+0000] {logging_mixin.py:190} INFO - [2026-08-12T19:05:55.511+0000] {dag.py:4138} INFO - Setting next_dagrun for dag_dia to 2026-08-11 00:00:00+00:00, run_after=2026-08-12 00:00:00+00:00
[2026-08-12T19:05:55.564+0000] {processor.py:208} INFO - Processing /opt/airflow/dags/dag_dia.py took 0.430 seconds
[2026-08-12T19:06:26.107+0000] {processor.py:186} INFO - Started process (PID=2967) to work on /opt/airflow/dags/dag_dia.py
[2026-08-12T19:06:26.111+0000] {processor.py:914} INFO - Processing file /opt/airflow/dags/dag_dia.py for tasks to queue
[2026-08-12T19:06:26.114+0000] {logging_mixin.py:190} INFO - [2026-08-12T19:06:26.113+0000] {dagbag.py:587} INFO - Filling up the DagBag from /opt/airflow/dags/dag_dia.py
[2026-08-12T19:06:26.174+0000] {processor.py:925} INFO - DAG(s) 'dag_dia' retrieved from /opt/airflow/dags/dag_dia.py
[2026-08-12T19:06:26.547+0000] {logging_mixin.py:190} INFO - [2026-08-12T19:06:26.546+0000] {dag.py:3211} INFO - Sync 1 DAGs
[2026-08-12T19:06:26.583+0000] {logging_mixin.py:190} INFO - [2026-08-12T19:06:26.583+0000] {dag.py:4138} INFO - Setting next_dagrun for dag_dia to 2026-08-11 00:00:00+00:00, run_after=2026-08-12 00:00:00+00:00
[2026-08-12T19:06:26.631+0000] {processor.py:208} INFO - Processing /opt/airflow/dags/dag_dia.py took 0.542 seconds
[2026-08-12T19:06:57.002+0000] {processor.py:186} INFO - Started process (PID=3020) to work on /opt/airflow/dags/dag_dia.py
[2026-08-12T19:06:57.004+0000] {processor.py:914} INFO - Processing file /opt/airflow/dags/dag_dia.py for tasks to queue
[2026-08-12T19:06:57.008+0000] {logging_mixin.py:190} INFO - [2026-08-12T19:06:57.007+0000] {dagbag.py:587} INFO - Filling up the DagBag from /opt/airflow/dags/dag_dia.py
[2026-08-12T19:06:57.063+0000] {processor.py:925} INFO - DAG(s) 'dag_dia' retrieved from /opt/airflow/dags/dag_dia.py
[2026-08-12T19:06:57.143+0000] {logging_mixin.py:190} INFO - [2026-08-12T19:06:57.142+0000] {dag.py:3211} INFO - Sync 1 DAGs
[2026-08-12T19:06:57.211+0000] {logging_mixin.py:190} INFO - [2026-08-12T19:06:57.210+0000] {dag.py:4138} INFO - Setting next_dagrun for dag_dia to 2026-08-11 00:00:00+00:00, run_after=2026-08-12 00:00:00+00:00
[2026-08-12T19:06:57.282+0000] {processor.py:208} INFO - Processing /opt/airflow/dags/dag_dia.py took 0.302 seconds
[2026-08-12T19:07:27.888+0000] {processor.py:186} INFO - Started process (PID=3189) to work on /opt/airflow/dags/dag_dia.py
[2026-08-12T19:07:27.891+0000] {processor.py:914} INFO - Processing file /opt/airflow/dags/dag_dia.py for tasks to queue
[2026-08-12T19:07:27.894+0000] {logging_mixin.py:190} INFO - [2026-08-12T19:07:27.893+0000] {dagbag.py:587} INFO - Filling up the DagBag from /opt/airflow/dags/dag_dia.py
[2026-08-12T19:07:27.946+0000] {processor.py:925} INFO - DAG(s) 'dag_dia' retrieved from /opt/airflow/dags/dag_dia.py
[2026-08-12T19:07:27.990+0000] {logging_mixin.py:190} INFO - [2026-08-12T19:07:27.989+0000] {dag.py:3211} INFO - Sync 1 DAGs
[2026-08-12T19:07:28.030+0000] {logging_mixin.py:190} INFO - [2026-08-12T19:07:28.030+0000] {dag.py:4138} INFO - Setting next_dagrun for dag_dia to 2026-08-11 00:00:00+00:00, run_after=2026-08-12 00:00:00+00:00
[2026-08-12T19:07:28.084+0000] {processor.py:208} INFO - Processing /opt/airflow/dags/dag_dia.py took 0.209 seconds
[2026-08-12T19:07:58.505+0000] {processor.py:186} INFO - Started process (PID=3355) to work on /opt/airflow/dags/dag_dia.py
[2026-08-12T19:07:58.508+0000] {processor.py:914} INFO - Processing file /opt/airflow/dags/dag_dia.py for tasks to queue
[2026-08-12T19:07:58.512+0000] {logging_mixin.py:190} INFO - [2026-08-12T19:07:58.511+0000] {dagbag.py:587} INFO - Filling up the DagBag from /opt/airflow/dags/dag_dia.py
[2026-08-12T19:07:58.562+0000] {processor.py:925} INFO - DAG(s) 'dag_dia' retrieved from /opt/airflow/dags/dag_dia.py
[2026-08-12T19:07:58.611+0000] {logging_mixin.py:190} INFO - [2026-08-12T19:07:58.611+0000] {dag.py:3211} INFO - Sync 1 DAGs
[2026-08-12T19:07:58.654+0000] {logging_mixin.py:190} INFO - [2026-08-12T19:07:58.653+0000] {dag.py:4138} INFO - Setting next_dagrun for dag_dia to 2026-08-11 00:00:00+00:00, run_after=2026-08-12 00:00:00+00:00
[2026-08-12T19:07:58.967+0000] {processor.py:208} INFO - Processing /opt/airflow/dags/dag_dia.py took 0.472 seconds
[2026-08-12T19:08:29.095+0000] {processor.py:186} INFO - Started process (PID=3522) to work on /opt/airflow/dags/dag_dia.py
[2026-08-12T19:08:29.097+0000] {processor.py:914} INFO - Processing file /opt/airflow/dags/dag_dia.py for tasks to queue
[2026-08-12T19:08:29.100+0000] {logging_mixin.py:190} INFO - [2026-08-12T19:08:29.099+0000] {dagbag.py:587} INFO - Filling up the DagBag from /opt/airflow/dags/dag_dia.py
[2026-08-12T19:08:29.142+0000] {processor.py:925} INFO - DAG(s) 'dag_dia' retrieved from /opt/airflow/dags/dag_dia.py
[2026-08-12T19:08:29.194+0000] {logging_mixin.py:190} INFO - [2026-08-12T19:08:29.192+0000] {dag.py:3211} INFO - Sync 1 DAGs
[2026-08-12T19:08:29.527+0000] {logging_mixin.py:190} INFO - [2026-08-12T19:08:29.527+0000] {dag.py:4138} INFO - Setting next_dagrun for dag_dia to 2026-08-11 00:00:00+00:00, run_after=2026-08-12 00:00:00+00:00
[2026-08-12T19:08:29.572+0000] {processor.py:208} INFO - Processing /opt/airflow/dags/dag_dia.py took 0.487 seconds
[2026-08-12T19:08:59.809+0000] {processor.py:186} INFO - Started process (PID=3655) to work on /opt/airflow/dags/dag_dia.py
[2026-08-12T19:08:59.812+0000] {processor.py:914} INFO - Processing file /opt/airflow/dags/dag_dia.py for tasks to queue
[2026-08-12T19:08:59.817+0000] {logging_mixin.py:190} INFO - [2026-08-12T19:08:59.816+0000] {dagbag.py:587} INFO - Filling up the DagBag from /opt/airflow/dags/dag_dia.py
[2026-08-12T19:08:59.873+0000] {processor.py:925} INFO - DAG(s) 'dag_dia' retrieved from /opt/airflow/dags/dag_dia.py
[2026-08-12T19:09:00.184+0000] {logging_mixin.py:190} INFO - [2026-08-12T19:09:00.184+0000] {dag.py:3211} INFO - Sync 1 DAGs
[2026-08-12T19:09:00.223+0000] {logging_mixin.py:190} INFO - [2026-08-12T19:09:00.223+0000] {dag.py:4138} INFO - Setting next_dagrun for dag_dia to 2026-08-11 00:00:00+00:00, run_after=2026-08-12 00:00:00+00:00
[2026-08-12T19:09:00.249+0000] {processor.py:208} INFO - Processing /opt/airflow/dags/dag_dia.py took 0.458 seconds
[2026-08-12T19:09:30.385+0000] {processor.py:186} INFO - Started process (PID=3702) to work on /opt/airflow/dags/dag_dia.py
[2026-08-12T19:09:30.387+0000] {processor.py:914} INFO - Processing file /opt/airflow/dags/dag_dia.py for tasks to queue
[2026-08-12T19:09:30.391+0000] {logging_mixin.py:190} INFO - [2026-08-12T19:09:30.390+0000] {dagbag.py:587} INFO - Filling up the DagBag from /opt/airflow/dags/dag_dia.py
[2026-08-12T19:09:30.439+0000] {processor.py:925} INFO - DAG(s) 'dag_dia' retrieved from /opt/airflow/dags/dag_dia.py
[2026-08-12T19:09:30.504+0000] {logging_mixin.py:190} INFO - [2026-08-12T19:09:30.503+0000] {dag.py:3211} INFO - Sync 1 DAGs
[2026-08-12T19:09:30.562+0000] {logging_mixin.py:190} INFO - [2026-08-12T19:09:30.561+0000] {dag.py:4138} INFO - Setting next_dagrun for dag_dia to 2026-08-11 00:00:00+00:00, run_after=2026-08-12 00:00:00+00:00
[2026-08-12T19:09:30.617+0000] {processor.py:208} INFO - Processing /opt/airflow/dags/dag_dia.py took 0.244 seconds
[2026-08-12T19:10:01.600+0000] {processor.py:186} INFO - Started process (PID=3869) to work on /opt/airflow/dags/dag_dia.py
[2026-08-12T19:10:01.604+0000] {processor.py:914} INFO - Processing file /opt/airflow/dags/dag_dia.py for tasks to queue
[2026-08-12T19:10:01.612+0000] {logging_mixin.py:190} INFO - [2026-08-12T19:10:01.610+0000] {dagbag.py:587} INFO - Filling up the DagBag from /opt/airflow/dags/dag_dia.py
[2026-08-12T19:10:01.714+0000] {processor.py:925} INFO - DAG(s) 'dag_dia' retrieved from /opt/airflow/dags/dag_dia.py
[2026-08-12T19:10:01.839+0000] {logging_mixin.py:190} INFO - [2026-08-12T19:10:01.838+0000] {dag.py:3211} INFO - Sync 1 DAGs
[2026-08-12T19:10:01.954+0000] {logging_mixin.py:190} INFO - [2026-08-12T19:10:01.953+0000] {dag.py:4138} INFO - Setting next_dagrun for dag_dia to 2026-08-11 00:00:00+00:00, run_after=2026-08-12 00:00:00+00:00
[2026-08-12T19:10:02.073+0000] {processor.py:208} INFO - Processing /opt/airflow/dags/dag_dia.py took 0.488 seconds
[2026-08-12T19:10:32.785+0000] {processor.py:186} INFO - Started process (PID=4037) to work on /opt/airflow/dags/dag_dia.py
[2026-08-12T19:10:32.828+0000] {processor.py:914} INFO - Processing file /opt/airflow/dags/dag_dia.py for tasks to queue
[2026-08-12T19:10:32.899+0000] {logging_mixin.py:190} INFO - [2026-08-12T19:10:32.892+0000] {dagbag.py:587} INFO - Filling up the DagBag from /opt/airflow/dags/dag_dia.py
[2026-08-12T19:10:33.300+0000] {processor.py:925} INFO - DAG(s) 'dag_dia' retrieved from /opt/airflow/dags/dag_dia.py
[2026-08-12T19:10:33.700+0000] {logging_mixin.py:190} INFO - [2026-08-12T19:10:33.698+0000] {dag.py:3211} INFO - Sync 1 DAGs
[2026-08-12T19:10:34.005+0000] {logging_mixin.py:190} INFO - [2026-08-12T19:10:34.004+0000] {dag.py:4138} INFO - Setting next_dagrun for dag_dia to 2026-08-11 00:00:00+00:00, run_after=2026-08-12 00:00:00+00:00
[2026-08-12T19:10:34.474+0000] {processor.py:208} INFO - Processing /opt/airflow/dags/dag_dia.py took 1.818 seconds
[2026-08-12T19:11:04.938+0000] {processor.py:186} INFO - Started process (PID=4094) to work on /opt/airflow/dags/dag_dia.py
[2026-08-12T19:11:04.946+0000] {processor.py:914} INFO - Processing file /opt/airflow/dags/dag_dia.py for tasks to queue
[2026-08-12T19:11:04.967+0000] {logging_mixin.py:190} INFO - [2026-08-12T19:11:04.964+0000] {dagbag.py:587} INFO - Filling up the DagBag from /opt/airflow/dags/dag_dia.py
[2026-08-12T19:11:05.238+0000] {processor.py:925} INFO - DAG(s) 'dag_dia' retrieved from /opt/airflow/dags/dag_dia.py
[2026-08-12T19:11:05.666+0000] {logging_mixin.py:190} INFO - [2026-08-12T19:11:05.665+0000] {dag.py:3211} INFO - Sync 1 DAGs
[2026-08-12T19:11:08.268+0000] {logging_mixin.py:190} INFO - [2026-08-12T19:11:08.267+0000] {dag.py:4138} INFO - Setting next_dagrun for dag_dia to 2026-08-11 00:00:00+00:00, run_after=2026-08-12 00:00:00+00:00
[2026-08-12T19:11:08.542+0000] {processor.py:208} INFO - Processing /opt/airflow/dags/dag_dia.py took 3.697 seconds
[2026-08-12T19:11:38.918+0000] {processor.py:186} INFO - Started process (PID=4218) to work on /opt/airflow/dags/dag_dia.py
[2026-08-12T19:11:38.920+0000] {processor.py:914} INFO - Processing file /opt/airflow/dags/dag_dia.py for tasks to queue
[2026-08-12T19:11:38.923+0000] {logging_mixin.py:190} INFO - [2026-08-12T19:11:38.922+0000] {dagbag.py:587} INFO - Filling up the DagBag from /opt/airflow/dags/dag_dia.py
[2026-08-12T19:11:38.969+0000] {processor.py:925} INFO - DAG(s) 'dag_dia' retrieved from /opt/airflow/dags/dag_dia.py
[2026-08-12T19:11:39.022+0000] {logging_mixin.py:190} INFO - [2026-08-12T19:11:39.022+0000] {dag.py:3211} INFO - Sync 1 DAGs
[2026-08-12T19:11:39.365+0000] {logging_mixin.py:190} INFO - [2026-08-12T19:11:39.365+0000] {dag.py:4138} INFO - Setting next_dagrun for dag_dia to 2026-08-11 00:00:00+00:00, run_after=2026-08-12 00:00:00+00:00
[2026-08-12T19:11:39.451+0000] {processor.py:208} INFO - Processing /opt/airflow/dags/dag_dia.py took 0.544 seconds
[2026-08-12T19:12:09.822+0000] {processor.py:186} INFO - Started process (PID=4385) to work on /opt/airflow/dags/dag_dia.py
[2026-08-12T19:12:09.826+0000] {processor.py:914} INFO - Processing file /opt/airflow/dags/dag_dia.py for tasks to queue
[2026-08-12T19:12:09.829+0000] {logging_mixin.py:190} INFO - [2026-08-12T19:12:09.828+0000] {dagbag.py:587} INFO - Filling up the DagBag from /opt/airflow/dags/dag_dia.py
[2026-08-12T19:12:09.887+0000] {processor.py:925} INFO - DAG(s) 'dag_dia' retrieved from /opt/airflow/dags/dag_dia.py
[2026-08-12T19:12:10.195+0000] {logging_mixin.py:190} INFO - [2026-08-12T19:12:10.194+0000] {dag.py:3211} INFO - Sync 1 DAGs
[2026-08-12T19:12:10.225+0000] {logging_mixin.py:190} INFO - [2026-08-12T19:12:10.225+0000] {dag.py:4138} INFO - Setting next_dagrun for dag_dia to 2026-08-11 00:00:00+00:00, run_after=2026-08-12 00:00:00+00:00
[2026-08-12T19:12:10.259+0000] {processor.py:208} INFO - Processing /opt/airflow/dags/dag_dia.py took 0.452 seconds
[2026-08-12T19:12:40.834+0000] {processor.py:186} INFO - Started process (PID=4503) to work on /opt/airflow/dags/dag_dia.py
[2026-08-12T19:12:40.836+0000] {processor.py:914} INFO - Processing file /opt/airflow/dags/dag_dia.py for tasks to queue
[2026-08-12T19:12:40.841+0000] {logging_mixin.py:190} INFO - [2026-08-12T19:12:40.839+0000] {dagbag.py:587} INFO - Filling up the DagBag from /opt/airflow/dags/dag_dia.py
[2026-08-12T19:12:40.891+0000] {processor.py:925} INFO - DAG(s) 'dag_dia' retrieved from /opt/airflow/dags/dag_dia.py
[2026-08-12T19:12:40.968+0000] {logging_mixin.py:190} INFO - [2026-08-12T19:12:40.968+0000] {dag.py:3211} INFO - Sync 1 DAGs
[2026-08-12T19:12:41.019+0000] {logging_mixin.py:190} INFO - [2026-08-12T19:12:41.018+0000] {dag.py:4138} INFO - Setting next_dagrun for dag_dia to 2026-08-11 00:00:00+00:00, run_after=2026-08-12 00:00:00+00:00
[2026-08-12T19:12:41.090+0000] {processor.py:208} INFO - Processing /opt/airflow/dags/dag_dia.py took 0.268 seconds
[2026-08-12T19:13:11.294+0000] {processor.py:186} INFO - Started process (PID=4555) to work on /opt/airflow/dags/dag_dia.py
[2026-08-12T19:13:11.296+0000] {processor.py:914} INFO - Processing file /opt/airflow/dags/dag_dia.py for tasks to queue
[2026-08-12T19:13:11.300+0000] {logging_mixin.py:190} INFO - [2026-08-12T19:13:11.299+0000] {dagbag.py:587} INFO - Filling up the DagBag from /opt/airflow/dags/dag_dia.py
[2026-08-12T19:13:11.353+0000] {processor.py:925} INFO - DAG(s) 'dag_dia' retrieved from /opt/airflow/dags/dag_dia.py
[2026-08-12T19:13:11.414+0000] {logging_mixin.py:190} INFO - [2026-08-12T19:13:11.413+0000] {dag.py:3211} INFO - Sync 1 DAGs
[2026-08-12T19:13:11.462+0000] {logging_mixin.py:190} INFO - [2026-08-12T19:13:11.462+0000] {dag.py:4138} INFO - Setting next_dagrun for dag_dia to 2026-08-11 00:00:00+00:00, run_after=2026-08-12 00:00:00+00:00
[2026-08-12T19:13:11.522+0000] {processor.py:208} INFO - Processing /opt/airflow/dags/dag_dia.py took 0.238 seconds
[2026-08-12T19:13:41.867+0000] {processor.py:186} INFO - Started process (PID=4722) to work on /opt/airflow/dags/dag_dia.py
[2026-08-12T19:13:41.869+0000] {processor.py:914} INFO - Processing file /opt/airflow/dags/dag_dia.py for tasks to queue
[2026-08-12T19:13:41.871+0000] {logging_mixin.py:190} INFO - [2026-08-12T19:13:41.870+0000] {dagbag.py:587} INFO - Filling up the DagBag from /opt/airflow/dags/dag_dia.py
[2026-08-12T19:13:41.915+0000] {processor.py:925} INFO - DAG(s) 'dag_dia' retrieved from /opt/airflow/dags/dag_dia.py
[2026-08-12T19:13:41.967+0000] {logging_mixin.py:190} INFO - [2026-08-12T19:13:41.967+0000] {dag.py:3211} INFO - Sync 1 DAGs
[2026-08-12T19:13:42.010+0000] {logging_mixin.py:190} INFO - [2026-08-12T19:13:42.010+0000] {dag.py:4138} INFO - Setting next_dagrun for dag_dia to 2026-08-11 00:00:00+00:00, run_after=2026-08-12 00:00:00+00:00
[2026-08-12T19:13:42.264+0000] {processor.py:208} INFO - Processing /opt/airflow/dags/dag_dia.py took 0.410 seconds
[2026-08-12T19:14:12.635+0000] {processor.py:186} INFO - Started process (PID=4889) to work on /opt/airflow/dags/dag_dia.py
[2026-08-12T19:14:12.638+0000] {processor.py:914} INFO - Processing file /opt/airflow/dags/dag_dia.py for tasks to queue
[2026-08-12T19:14:12.641+0000] {logging_mixin.py:190} INFO - [2026-08-12T19:14:12.641+0000] {dagbag.py:587} INFO - Filling up the DagBag from /opt/airflow/dags/dag_dia.py
[2026-08-12T19:14:12.679+0000] {processor.py:925} INFO - DAG(s) 'dag_dia' retrieved from /opt/airflow/dags/dag_dia.py
[2026-08-12T19:14:12.725+0000] {logging_mixin.py:190} INFO - [2026-08-12T19:14:12.725+0000] {dag.py:3211} INFO - Sync 1 DAGs
[2026-08-12T19:14:12.988+0000] {logging_mixin.py:190} INFO - [2026-08-12T19:14:12.988+0000] {dag.py:4138} INFO - Setting next_dagrun for dag_dia to 2026-08-11 00:00:00+00:00, run_after=2026-08-12 00:00:00+00:00
[2026-08-12T19:14:13.044+0000] {processor.py:208} INFO - Processing /opt/airflow/dags/dag_dia.py took 0.418 seconds
[2026-08-12T19:14:43.374+0000] {processor.py:186} INFO - Started process (PID=5057) to work on /opt/airflow/dags/dag_dia.py
[2026-08-12T19:14:43.377+0000] {processor.py:914} INFO - Processing file /opt/airflow/dags/dag_dia.py for tasks to queue
[2026-08-12T19:14:43.379+0000] {logging_mixin.py:190} INFO - [2026-08-12T19:14:43.378+0000] {dagbag.py:587} INFO - Filling up the DagBag from /opt/airflow/dags/dag_dia.py
[2026-08-12T19:14:43.421+0000] {processor.py:925} INFO - DAG(s) 'dag_dia' retrieved from /opt/airflow/dags/dag_dia.py
[2026-08-12T19:14:43.467+0000] {logging_mixin.py:190} INFO - [2026-08-12T19:14:43.466+0000] {dag.py:3211} INFO - Sync 1 DAGs
[2026-08-12T19:14:43.870+0000] {logging_mixin.py:190} INFO - [2026-08-12T19:14:43.869+0000] {dag.py:4138} INFO - Setting next_dagrun for dag_dia to 2026-08-11 00:00:00+00:00, run_after=2026-08-12 00:00:00+00:00
[2026-08-12T19:14:43.910+0000] {processor.py:208} INFO - Processing /opt/airflow/dags/dag_dia.py took 0.546 seconds
[2026-08-12T19:15:14.551+0000] {processor.py:186} INFO - Started process (PID=5225) to work on /opt/airflow/dags/dag_dia.py
[2026-08-12T19:15:14.553+0000] {processor.py:914} INFO - Processing file /opt/airflow/dags/dag_dia.py for tasks to queue
[2026-08-12T19:15:14.557+0000] {logging_mixin.py:190} INFO - [2026-08-12T19:15:14.556+0000] {dagbag.py:587} INFO - Filling up the DagBag from /opt/airflow/dags/dag_dia.py
[2026-08-12T19:15:14.618+0000] {processor.py:925} INFO - DAG(s) 'dag_dia' retrieved from /opt/airflow/dags/dag_dia.py
[2026-08-12T19:15:15.031+0000] {logging_mixin.py:190} INFO - [2026-08-12T19:15:15.030+0000] {dag.py:3211} INFO - Sync 1 DAGs
[2026-08-12T19:15:15.074+0000] {logging_mixin.py:190} INFO - [2026-08-12T19:15:15.074+0000] {dag.py:4138} INFO - Setting next_dagrun for dag_dia to 2026-08-11 00:00:00+00:00, run_after=2026-08-12 00:00:00+00:00
[2026-08-12T19:15:15.130+0000] {processor.py:208} INFO - Processing /opt/airflow/dags/dag_dia.py took 0.590 seconds
[2026-08-12T19:15:45.314+0000] {processor.py:186} INFO - Started process (PID=5300) to work on /opt/airflow/dags/dag_dia.py
[2026-08-12T19:15:45.316+0000] {processor.py:914} INFO - Processing file /opt/airflow/dags/dag_dia.py for tasks to queue
[2026-08-12T19:15:45.319+0000] {logging_mixin.py:190} INFO - [2026-08-12T19:15:45.318+0000] {dagbag.py:587} INFO - Filling up the DagBag from /opt/airflow/dags/dag_dia.py
[2026-08-12T19:15:45.373+0000] {processor.py:925} INFO - DAG(s) 'dag_dia' retrieved from /opt/airflow/dags/dag_dia.py
[2026-08-12T19:15:45.441+0000] {logging_mixin.py:190} INFO - [2026-08-12T19:15:45.440+0000] {dag.py:3211} INFO - Sync 1 DAGs
[2026-08-12T19:15:45.501+0000] {logging_mixin.py:190} INFO - [2026-08-12T19:15:45.501+0000] {dag.py:4138} INFO - Setting next_dagrun for dag_dia to 2026-08-11 00:00:00+00:00, run_after=2026-08-12 00:00:00+00:00
[2026-08-12T19:15:45.570+0000] {processor.py:208} INFO - Processing /opt/airflow/dags/dag_dia.py took 0.266 seconds
[2026-08-12T19:16:16.163+0000] {processor.py:186} INFO - Started process (PID=5403) to work on /opt/airflow/dags/dag_dia.py
[2026-08-12T19:16:16.166+0000] {processor.py:914} INFO - Processing file /opt/airflow/dags/dag_dia.py for tasks to queue
[2026-08-12T19:16:16.168+0000] {logging_mixin.py:190} INFO - [2026-08-12T19:16:16.168+0000] {dagbag.py:587} INFO - Filling up the DagBag from /opt/airflow/dags/dag_dia.py
[2026-08-12T19:16:16.210+0000] {processor.py:925} INFO - DAG(s) 'dag_dia' retrieved from /opt/airflow/dags/dag_dia.py
[2026-08-12T19:16:16.249+0000] {logging_mixin.py:190} INFO - [2026-08-12T19:16:16.249+0000] {dag.py:3211} INFO - Sync 1 DAGs
[2026-08-12T19:16:16.283+0000] {logging_mixin.py:190} INFO - [2026-08-12T19:16:16.283+0000] {dag.py:4138} INFO - Setting next_dagrun for dag_dia to 2026-08-11 00:00:00+00:00, run_after=2026-08-12 00:00:00+00:00
[2026-08-12T19:16:16.335+0000] {processor.py:208} INFO - Processing /opt/airflow/dags/dag_dia.py took 0.183 seconds
[2026-08-12T19:16:46.517+0000] {processor.py:186} INFO - Started process (PID=5570) to work on /opt/airflow/dags/dag_dia.py
[2026-08-12T19:16:46.522+0000] {processor.py:914} INFO - Processing file /opt/airflow/dags/dag_dia.py for tasks to queue
[2026-08-12T19:16:46.530+0000] {logging_mixin.py:190} INFO - [2026-08-12T19:16:46.529+0000] {dagbag.py:587} INFO - Filling up the DagBag from /opt/airflow/dags/dag_dia.py
[2026-08-12T19:16:46.584+0000] {processor.py:925} INFO - DAG(s) 'dag_dia' retrieved from /opt/airflow/dags/dag_dia.py
[2026-08-12T19:16:46.650+0000] {logging_mixin.py:190} INFO - [2026-08-12T19:16:46.649+0000] {dag.py:3211} INFO - Sync 1 DAGs
[2026-08-12T19:16:46.720+0000] {logging_mixin.py:190} INFO - [2026-08-12T19:16:46.719+0000] {dag.py:4138} INFO - Setting next_dagrun for dag_dia to 2026-08-11 00:00:00+00:00, run_after=2026-08-12 00:00:00+00:00
[2026-08-12T19:16:46.812+0000] {processor.py:208} INFO - Processing /opt/airflow/dags/dag_dia.py took 0.311 seconds
[2026-08-12T19:17:17.004+0000] {processor.py:186} INFO - Started process (PID=5740) to work on /opt/airflow/dags/dag_dia.py
[2026-08-12T19:17:17.007+0000] {processor.py:914} INFO - Processing file /opt/airflow/dags/dag_dia.py for tasks to queue
[2026-08-12T19:17:17.012+0000] {logging_mixin.py:190} INFO - [2026-08-12T19:17:17.010+0000] {dagbag.py:587} INFO - Filling up the DagBag from /opt/airflow/dags/dag_dia.py
[2026-08-12T19:17:17.066+0000] {processor.py:925} INFO - DAG(s) 'dag_dia' retrieved from /opt/airflow/dags/dag_dia.py
[2026-08-12T19:17:17.133+0000] {logging_mixin.py:190} INFO - [2026-08-12T19:17:17.133+0000] {dag.py:3211} INFO - Sync 1 DAGs
[2026-08-12T19:17:17.182+0000] {logging_mixin.py:190} INFO - [2026-08-12T19:17:17.181+0000] {dag.py:4138} INFO - Setting next_dagrun for dag_dia to 2026-08-11 00:00:00+00:00, run_after=2026-08-12 00:00:00+00:00
[2026-08-12T19:17:17.217+0000] {processor.py:208} INFO - Processing /opt/airflow/dags/dag_dia.py took 0.230 seconds
[2026-08-12T19:17:47.938+0000] {processor.py:186} INFO - Started process (PID=5911) to work on /opt/airflow/dags/dag_dia.py
[2026-08-12T19:17:47.940+0000] {processor.py:914} INFO - Processing file /opt/airflow/dags/dag_dia.py for tasks to queue
[2026-08-12T19:17:47.942+0000] {logging_mixin.py:190} INFO - [2026-08-12T19:17:47.942+0000] {dagbag.py:587} INFO - Filling up the DagBag from /opt/airflow/dags/dag_dia.py
[2026-08-12T19:17:47.992+0000] {processor.py:925} INFO - DAG(s) 'dag_dia' retrieved from /opt/airflow/dags/dag_dia.py
[2026-08-12T19:17:48.053+0000] {logging_mixin.py:190} INFO - [2026-08-12T19:17:48.052+0000] {dag.py:3211} INFO - Sync 1 DAGs
[2026-08-12T19:17:48.100+0000] {logging_mixin.py:190} INFO - [2026-08-12T19:17:48.099+0000] {dag.py:4138} INFO - Setting next_dagrun for dag_dia to 2026-08-11 00:00:00+00:00, run_after=2026-08-12 00:00:00+00:00
[2026-08-12T19:17:48.153+0000] {processor.py:208} INFO - Processing /opt/airflow/dags/dag_dia.py took 0.230 seconds
[2026-08-12T19:18:18.731+0000] {processor.py:186} INFO - Started process (PID=5977) to work on /opt/airflow/dags/dag_dia.py
[2026-08-12T19:18:18.734+0000] {processor.py:914} INFO - Processing file /opt/airflow/dags/dag_dia.py for tasks to queue
[2026-08-12T19:18:18.738+0000] {logging_mixin.py:190} INFO - [2026-08-12T19:18:18.737+0000] {dagbag.py:587} INFO - Filling up the DagBag from /opt/airflow/dags/dag_dia.py
[2026-08-12T19:18:18.791+0000] {processor.py:925} INFO - DAG(s) 'dag_dia' retrieved from /opt/airflow/dags/dag_dia.py
[2026-08-12T19:18:18.859+0000] {logging_mixin.py:190} INFO - [2026-08-12T19:18:18.858+0000] {dag.py:3211} INFO - Sync 1 DAGs
[2026-08-12T19:18:18.913+0000] {logging_mixin.py:190} INFO - [2026-08-12T19:18:18.912+0000] {dag.py:4138} INFO - Setting next_dagrun for dag_dia to 2026-08-11 00:00:00+00:00, run_after=2026-08-12 00:00:00+00:00
[2026-08-12T19:18:19.007+0000] {processor.py:208} INFO - Processing /opt/airflow/dags/dag_dia.py took 0.287 seconds
[2026-08-12T19:18:49.626+0000] {processor.py:186} INFO - Started process (PID=6080) to work on /opt/airflow/dags/dag_dia.py
[2026-08-12T19:18:49.628+0000] {processor.py:914} INFO - Processing file /opt/airflow/dags/dag_dia.py for tasks to queue
[2026-08-12T19:18:49.630+0000] {logging_mixin.py:190} INFO - [2026-08-12T19:18:49.630+0000] {dagbag.py:587} INFO - Filling up the DagBag from /opt/airflow/dags/dag_dia.py
[2026-08-12T19:18:49.671+0000] {processor.py:925} INFO - DAG(s) 'dag_dia' retrieved from /opt/airflow/dags/dag_dia.py
[2026-08-12T19:18:49.714+0000] {logging_mixin.py:190} INFO - [2026-08-12T19:18:49.713+0000] {dag.py:3211} INFO - Sync 1 DAGs
[2026-08-12T19:18:49.755+0000] {logging_mixin.py:190} INFO - [2026-08-12T19:18:49.755+0000] {dag.py:4138} INFO - Setting next_dagrun for dag_dia to 2026-08-11 00:00:00+00:00, run_after=2026-08-12 00:00:00+00:00
[2026-08-12T19:18:49.804+0000] {processor.py:208} INFO - Processing /opt/airflow/dags/dag_dia.py took 0.191 seconds
[2026-08-12T19:19:20.397+0000] {processor.py:186} INFO - Started process (PID=6248) to work on /opt/airflow/dags/dag_dia.py
[2026-08-12T19:19:20.402+0000] {processor.py:914} INFO - Processing file /opt/airflow/dags/dag_dia.py for tasks to queue
[2026-08-12T19:19:20.410+0000] {logging_mixin.py:190} INFO - [2026-08-12T19:19:20.409+0000] {dagbag.py:587} INFO - Filling up the DagBag from /opt/airflow/dags/dag_dia.py
[2026-08-12T19:19:20.484+0000] {processor.py:925} INFO - DAG(s) 'dag_dia' retrieved from /opt/airflow/dags/dag_dia.py
[2026-08-12T19:19:20.560+0000] {logging_mixin.py:190} INFO - [2026-08-12T19:19:20.559+0000] {dag.py:3211} INFO - Sync 1 DAGs
[2026-08-12T19:19:20.622+0000] {logging_mixin.py:190} INFO - [2026-08-12T19:19:20.622+0000] {dag.py:4138} INFO - Setting next_dagrun for dag_dia to 2026-08-11 00:00:00+00:00, run_after=2026-08-12 00:00:00+00:00
[2026-08-12T19:19:20.668+0000] {processor.py:208} INFO - Processing /opt/airflow/dags/dag_dia.py took 0.285 seconds
[2026-08-12T19:19:51.129+0000] {processor.py:186} INFO - Started process (PID=6414) to work on /opt/airflow/dags/dag_dia.py
[2026-08-12T19:19:51.131+0000] {processor.py:914} INFO - Processing file /opt/airflow/dags/dag_dia.py for tasks to queue
[2026-08-12T19:19:51.133+0000] {logging_mixin.py:190} INFO - [2026-08-12T19:19:51.133+0000] {dagbag.py:587} INFO - Filling up the DagBag from /opt/airflow/dags/dag_dia.py
[2026-08-12T19:19:51.162+0000] {processor.py:925} INFO - DAG(s) 'dag_dia' retrieved from /opt/airflow/dags/dag_dia.py
[2026-08-12T19:19:51.197+0000] {logging_mixin.py:190} INFO - [2026-08-12T19:19:51.197+0000] {dag.py:3211} INFO - Sync 1 DAGs
[2026-08-12T19:19:51.229+0000] {logging_mixin.py:190} INFO - [2026-08-12T19:19:51.229+0000] {dag.py:4138} INFO - Setting next_dagrun for dag_dia to 2026-08-11 00:00:00+00:00, run_after=2026-08-12 00:00:00+00:00
[2026-08-12T19:19:51.269+0000] {processor.py:208} INFO - Processing /opt/airflow/dags/dag_dia.py took 0.147 seconds
[2026-08-12T19:20:21.514+0000] {processor.py:186} INFO - Started process (PID=6581) to work on /opt/airflow/dags/dag_dia.py
[2026-08-12T19:20:21.521+0000] {processor.py:914} INFO - Processing file /opt/airflow/dags/dag_dia.py for tasks to queue
[2026-08-12T19:20:21.532+0000] {logging_mixin.py:190} INFO - [2026-08-12T19:20:21.528+0000] {dagbag.py:587} INFO - Filling up the DagBag from /opt/airflow/dags/dag_dia.py
[2026-08-12T19:20:21.682+0000] {processor.py:925} INFO - DAG(s) 'dag_dia' retrieved from /opt/airflow/dags/dag_dia.py
[2026-08-12T19:20:21.901+0000] {logging_mixin.py:190} INFO - [2026-08-12T19:20:21.900+0000] {dag.py:3211} INFO - Sync 1 DAGs
[2026-08-12T19:20:22.186+0000] {logging_mixin.py:190} INFO - [2026-08-12T19:20:22.185+0000] {dag.py:4138} INFO - Setting next_dagrun for dag_dia to 2026-08-11 00:00:00+00:00, run_after=2026-08-12 00:00:00+00:00
[2026-08-12T19:20:22.312+0000] {processor.py:208} INFO - Processing /opt/airflow/dags/dag_dia.py took 0.845 seconds
[2026-08-12T19:20:52.826+0000] {processor.py:186} INFO - Started process (PID=6655) to work on /opt/airflow/dags/dag_dia.py
[2026-08-12T19:20:52.834+0000] {processor.py:914} INFO - Processing file /opt/airflow/dags/dag_dia.py for tasks to queue
[2026-08-12T19:20:52.848+0000] {logging_mixin.py:190} INFO - [2026-08-12T19:20:52.841+0000] {dagbag.py:587} INFO - Filling up the DagBag from /opt/airflow/dags/dag_dia.py
[2026-08-12T19:20:52.964+0000] {processor.py:925} INFO - DAG(s) 'dag_dia' retrieved from /opt/airflow/dags/dag_dia.py
[2026-08-12T19:20:53.106+0000] {logging_mixin.py:190} INFO - [2026-08-12T19:20:53.105+0000] {dag.py:3211} INFO - Sync 1 DAGs
[2026-08-12T19:20:53.220+0000] {logging_mixin.py:190} INFO - [2026-08-12T19:20:53.219+0000] {dag.py:4138} INFO - Setting next_dagrun for dag_dia to 2026-08-11 00:00:00+00:00, run_after=2026-08-12 00:00:00+00:00
[2026-08-12T19:20:53.310+0000] {processor.py:208} INFO - Processing /opt/airflow/dags/dag_dia.py took 0.516 seconds
[2026-08-12T19:21:24.106+0000] {processor.py:186} INFO - Started process (PID=6759) to work on /opt/airflow/dags/dag_dia.py
[2026-08-12T19:21:24.111+0000] {processor.py:914} INFO - Processing file /opt/airflow/dags/dag_dia.py for tasks to queue
[2026-08-12T19:21:24.122+0000] {logging_mixin.py:190} INFO - [2026-08-12T19:21:24.118+0000] {dagbag.py:587} INFO - Filling up the DagBag from /opt/airflow/dags/dag_dia.py
[2026-08-12T19:21:24.246+0000] {processor.py:925} INFO - DAG(s) 'dag_dia' retrieved from /opt/airflow/dags/dag_dia.py
[2026-08-12T19:21:24.359+0000] {logging_mixin.py:190} INFO - [2026-08-12T19:21:24.358+0000] {dag.py:3211} INFO - Sync 1 DAGs
[2026-08-12T19:21:24.452+0000] {logging_mixin.py:190} INFO - [2026-08-12T19:21:24.451+0000] {dag.py:4138} INFO - Setting next_dagrun for dag_dia to 2026-08-11 00:00:00+00:00, run_after=2026-08-12 00:00:00+00:00
[2026-08-12T19:21:24.526+0000] {processor.py:208} INFO - Processing /opt/airflow/dags/dag_dia.py took 0.442 seconds
[2026-08-12T19:21:54.754+0000] {processor.py:186} INFO - Started process (PID=6922) to work on /opt/airflow/dags/dag_dia.py
[2026-08-12T19:21:54.755+0000] {processor.py:914} INFO - Processing file /opt/airflow/dags/dag_dia.py for tasks to queue
[2026-08-12T19:21:54.757+0000] {logging_mixin.py:190} INFO - [2026-08-12T19:21:54.757+0000] {dagbag.py:587} INFO - Filling up the DagBag from /opt/airflow/dags/dag_dia.py
[2026-08-12T19:21:54.795+0000] {processor.py:925} INFO - DAG(s) 'dag_dia' retrieved from /opt/airflow/dags/dag_dia.py
[2026-08-12T19:21:54.830+0000] {logging_mixin.py:190} INFO - [2026-08-12T19:21:54.830+0000] {dag.py:3211} INFO - Sync 1 DAGs
[2026-08-12T19:21:54.853+0000] {logging_mixin.py:190} INFO - [2026-08-12T19:21:54.853+0000] {dag.py:4138} INFO - Setting next_dagrun for dag_dia to 2026-08-11 00:00:00+00:00, run_after=2026-08-12 00:00:00+00:00
[2026-08-12T19:21:54.893+0000] {processor.py:208} INFO - Processing /opt/airflow/dags/dag_dia.py took 0.146 seconds
[2026-08-12T19:22:25.744+0000] {processor.py:186} INFO - Started process (PID=7092) to work on /opt/airflow/dags/dag_dia.py
[2026-08-12T19:22:25.746+0000] {processor.py:914} INFO - Processing file /opt/airflow/dags/dag_dia.py for tasks to queue
[2026-08-12T19:22:25.747+0000] {logging_mixin.py:190} INFO - [2026-08-12T19:22:25.747+0000] {dagbag.py:587} INFO - Filling up the DagBag from /opt/airflow/dags/dag_dia.py
[2026-08-12T19:22:25.779+0000] {processor.py:925} INFO - DAG(s) 'dag_dia' retrieved from /opt/airflow/dags/dag_dia.py
[2026-08-12T19:22:25.811+0000] {logging_mixin.py:190} INFO - [2026-08-12T19:22:25.811+0000] {dag.py:3211} INFO - Sync 1 DAGs
[2026-08-12T19:22:25.834+0000] {logging_mixin.py:190} INFO - [2026-08-12T19:22:25.834+0000] {dag.py:4138} INFO - Setting next_dagrun for dag_dia to 2026-08-11 00:00:00+00:00, run_after=2026-08-12 00:00:00+00:00
[2026-08-12T19:22:25.853+0000] {processor.py:208} INFO - Processing /opt/airflow/dags/dag_dia.py took 0.116 seconds
[2026-08-12T19:22:56.707+0000] {processor.py:186} INFO - Started process (PID=7153) to work on /opt/airflow/dags/dag_dia.py
[2026-08-12T19:22:56.710+0000] {processor.py:914} INFO - Processing file /opt/airflow/dags/dag_dia.py for tasks to queue
[2026-08-12T19:22:56.717+0000] {logging_mixin.py:190} INFO - [2026-08-12T19:22:56.716+0000] {dagbag.py:587} INFO - Filling up the DagBag from /opt/airflow/dags/dag_dia.py
[2026-08-12T19:22:56.823+0000] {processor.py:925} INFO - DAG(s) 'dag_dia' retrieved from /opt/airflow/dags/dag_dia.py
[2026-08-12T19:22:56.928+0000] {logging_mixin.py:190} INFO - [2026-08-12T19:22:56.927+0000] {dag.py:3211} INFO - Sync 1 DAGs
[2026-08-12T19:22:57.023+0000] {logging_mixin.py:190} INFO - [2026-08-12T19:22:57.020+0000] {dag.py:4138} INFO - Setting next_dagrun for dag_dia to 2026-08-11 00:00:00+00:00, run_after=2026-08-12 00:00:00+00:00
[2026-08-12T19:22:57.126+0000] {processor.py:208} INFO - Processing /opt/airflow/dags/dag_dia.py took 0.445 seconds
[2026-08-12T19:23:28.080+0000] {processor.py:186} INFO - Started process (PID=7272) to work on /opt/airflow/dags/dag_dia.py
[2026-08-12T19:23:28.083+0000] {processor.py:914} INFO - Processing file /opt/airflow/dags/dag_dia.py for tasks to queue
[2026-08-12T19:23:28.090+0000] {logging_mixin.py:190} INFO - [2026-08-12T19:23:28.089+0000] {dagbag.py:587} INFO - Filling up the DagBag from /opt/airflow/dags/dag_dia.py
[2026-08-12T19:23:28.171+0000] {processor.py:925} INFO - DAG(s) 'dag_dia' retrieved from /opt/airflow/dags/dag_dia.py
[2026-08-12T19:23:28.278+0000] {logging_mixin.py:190} INFO - [2026-08-12T19:23:28.277+0000] {dag.py:3211} INFO - Sync 1 DAGs
[2026-08-12T19:23:28.394+0000] {logging_mixin.py:190} INFO - [2026-08-12T19:23:28.393+0000] {dag.py:4138} INFO - Setting next_dagrun for dag_dia to 2026-08-11 00:00:00+00:00, run_after=2026-08-12 00:00:00+00:00
[2026-08-12T19:23:28.489+0000] {processor.py:208} INFO - Processing /opt/airflow/dags/dag_dia.py took 0.446 seconds
[2026-08-12T19:23:59.081+0000] {processor.py:186} INFO - Started process (PID=7443) to work on /opt/airflow/dags/dag_dia.py
[2026-08-12T19:23:59.083+0000] {processor.py:914} INFO - Processing file /opt/airflow/dags/dag_dia.py for tasks to queue
[2026-08-12T19:23:59.085+0000] {logging_mixin.py:190} INFO - [2026-08-12T19:23:59.085+0000] {dagbag.py:587} INFO - Filling up the DagBag from /opt/airflow/dags/dag_dia.py
[2026-08-12T19:23:59.141+0000] {processor.py:925} INFO - DAG(s) 'dag_dia' retrieved from /opt/airflow/dags/dag_dia.py
[2026-08-12T19:23:59.212+0000] {logging_mixin.py:190} INFO - [2026-08-12T19:23:59.212+0000] {dag.py:3211} INFO - Sync 1 DAGs
[2026-08-12T19:23:59.264+0000] {logging_mixin.py:190} INFO - [2026-08-12T19:23:59.264+0000] {dag.py:4138} INFO - Setting next_dagrun for dag_dia to 2026-08-11 00:00:00+00:00, run_after=2026-08-12 00:00:00+00:00
[2026-08-12T19:23:59.333+0000] {processor.py:208} INFO - Processing /opt/airflow/dags/dag_dia.py took 0.264 seconds
[2026-08-12T19:24:29.527+0000] {processor.py:186} INFO - Started process (PID=7612) to work on /opt/airflow/dags/dag_dia.py
[2026-08-12T19:24:29.529+0000] {processor.py:914} INFO - Processing file /opt/airflow/dags/dag_dia.py for tasks to queue
[2026-08-12T19:24:29.531+0000] {logging_mixin.py:190} INFO - [2026-08-12T19:24:29.531+0000] {dagbag.py:587} INFO - Filling up the DagBag from /opt/airflow/dags/dag_dia.py
[2026-08-12T19:24:29.579+0000] {processor.py:925} INFO - DAG(s) 'dag_dia' retrieved from /opt/airflow/dags/dag_dia.py
[2026-08-12T19:24:29.624+0000] {logging_mixin.py:190} INFO - [2026-08-12T19:24:29.623+0000] {dag.py:3211} INFO - Sync 1 DAGs
[2026-08-12T19:24:29.673+0000] {logging_mixin.py:190} INFO - [2026-08-12T19:24:29.673+0000] {dag.py:4138} INFO - Setting next_dagrun for dag_dia to 2026-08-11 00:00:00+00:00, run_after=2026-08-12 00:00:00+00:00
[2026-08-12T19:24:29.722+0000] {processor.py:208} INFO - Processing /opt/airflow/dags/dag_dia.py took 0.207 seconds
[2026-08-12T19:25:00.219+0000] {processor.py:186} INFO - Started process (PID=7675) to work on /opt/airflow/dags/dag_dia.py
[2026-08-12T19:25:00.223+0000] {processor.py:914} INFO - Processing file /opt/airflow/dags/dag_dia.py for tasks to queue
[2026-08-12T19:25:00.228+0000] {logging_mixin.py:190} INFO - [2026-08-12T19:25:00.227+0000] {dagbag.py:587} INFO - Filling up the DagBag from /opt/airflow/dags/dag_dia.py
[2026-08-12T19:25:00.295+0000] {processor.py:925} INFO - DAG(s) 'dag_dia' retrieved from /opt/airflow/dags/dag_dia.py
[2026-08-12T19:25:00.366+0000] {logging_mixin.py:190} INFO - [2026-08-12T19:25:00.366+0000] {dag.py:3211} INFO - Sync 1 DAGs
[2026-08-12T19:25:00.441+0000] {logging_mixin.py:190} INFO - [2026-08-12T19:25:00.439+0000] {dag.py:4138} INFO - Setting next_dagrun for dag_dia to 2026-08-11 00:00:00+00:00, run_after=2026-08-12 00:00:00+00:00
[2026-08-12T19:25:00.496+0000] {processor.py:208} INFO - Processing /opt/airflow/dags/dag_dia.py took 0.301 seconds
[2026-08-12T19:25:31.082+0000] {processor.py:186} INFO - Started process (PID=7790) to work on /opt/airflow/dags/dag_dia.py
[2026-08-12T19:25:31.084+0000] {processor.py:914} INFO - Processing file /opt/airflow/dags/dag_dia.py for tasks to queue
[2026-08-12T19:25:31.086+0000] {logging_mixin.py:190} INFO - [2026-08-12T19:25:31.086+0000] {dagbag.py:587} INFO - Filling up the DagBag from /opt/airflow/dags/dag_dia.py
[2026-08-12T19:25:31.123+0000] {processor.py:925} INFO - DAG(s) 'dag_dia' retrieved from /opt/airflow/dags/dag_dia.py
[2026-08-12T19:25:31.164+0000] {logging_mixin.py:190} INFO - [2026-08-12T19:25:31.163+0000] {dag.py:3211} INFO - Sync 1 DAGs
[2026-08-12T19:25:31.205+0000] {logging_mixin.py:190} INFO - [2026-08-12T19:25:31.205+0000] {dag.py:4138} INFO - Setting next_dagrun for dag_dia to 2026-08-11 00:00:00+00:00, run_after=2026-08-12 00:00:00+00:00
[2026-08-12T19:25:31.260+0000] {processor.py:208} INFO - Processing /opt/airflow/dags/dag_dia.py took 0.188 seconds
[2026-08-12T19:26:01.850+0000] {processor.py:186} INFO - Started process (PID=7954) to work on /opt/airflow/dags/dag_dia.py
[2026-08-12T19:26:01.853+0000] {processor.py:914} INFO - Processing file /opt/airflow/dags/dag_dia.py for tasks to queue
[2026-08-12T19:26:01.855+0000] {logging_mixin.py:190} INFO - [2026-08-12T19:26:01.854+0000] {dagbag.py:587} INFO - Filling up the DagBag from /opt/airflow/dags/dag_dia.py
[2026-08-12T19:26:01.889+0000] {processor.py:925} INFO - DAG(s) 'dag_dia' retrieved from /opt/airflow/dags/dag_dia.py
[2026-08-12T19:26:01.925+0000] {logging_mixin.py:190} INFO - [2026-08-12T19:26:01.925+0000] {dag.py:3211} INFO - Sync 1 DAGs
[2026-08-12T19:26:01.952+0000] {logging_mixin.py:190} INFO - [2026-08-12T19:26:01.952+0000] {dag.py:4138} INFO - Setting next_dagrun for dag_dia to 2026-08-11 00:00:00+00:00, run_after=2026-08-12 00:00:00+00:00
[2026-08-12T19:26:01.994+0000] {processor.py:208} INFO - Processing /opt/airflow/dags/dag_dia.py took 0.152 seconds
[2026-08-12T19:26:32.602+0000] {processor.py:186} INFO - Started process (PID=8122) to work on /opt/airflow/dags/dag_dia.py
[2026-08-12T19:26:32.603+0000] {processor.py:914} INFO - Processing file /opt/airflow/dags/dag_dia.py for tasks to queue
[2026-08-12T19:26:32.605+0000] {logging_mixin.py:190} INFO - [2026-08-12T19:26:32.605+0000] {dagbag.py:587} INFO - Filling up the DagBag from /opt/airflow/dags/dag_dia.py
[2026-08-12T19:26:32.644+0000] {processor.py:925} INFO - DAG(s) 'dag_dia' retrieved from /opt/airflow/dags/dag_dia.py
[2026-08-12T19:26:32.682+0000] {logging_mixin.py:190} INFO - [2026-08-12T19:26:32.681+0000] {dag.py:3211} INFO - Sync 1 DAGs
[2026-08-12T19:26:32.714+0000] {logging_mixin.py:190} INFO - [2026-08-12T19:26:32.714+0000] {dag.py:4138} INFO - Setting next_dagrun for dag_dia to 2026-08-11 00:00:00+00:00, run_after=2026-08-12 00:00:00+00:00
[2026-08-12T19:26:32.746+0000] {processor.py:208} INFO - Processing /opt/airflow/dags/dag_dia.py took 0.150 seconds
[2026-08-12T19:27:03.287+0000] {processor.py:186} INFO - Started process (PID=8248) to work on /opt/airflow/dags/dag_dia.py
[2026-08-12T19:27:03.290+0000] {processor.py:914} INFO - Processing file /opt/airflow/dags/dag_dia.py for tasks to queue
[2026-08-12T19:27:03.295+0000] {logging_mixin.py:190} INFO - [2026-08-12T19:27:03.294+0000] {dagbag.py:587} INFO - Filling up the DagBag from /opt/airflow/dags/dag_dia.py
[2026-08-12T19:27:03.354+0000] {processor.py:925} INFO - DAG(s) 'dag_dia' retrieved from /opt/airflow/dags/dag_dia.py
[2026-08-12T19:27:03.438+0000] {logging_mixin.py:190} INFO - [2026-08-12T19:27:03.438+0000] {dag.py:3211} INFO - Sync 1 DAGs
[2026-08-12T19:27:03.521+0000] {logging_mixin.py:190} INFO - [2026-08-12T19:27:03.521+0000] {dag.py:4138} INFO - Setting next_dagrun for dag_dia to 2026-08-11 00:00:00+00:00, run_after=2026-08-12 00:00:00+00:00
[2026-08-12T19:27:03.588+0000] {processor.py:208} INFO - Processing /opt/airflow/dags/dag_dia.py took 0.323 seconds
[2026-08-12T19:27:34.292+0000] {processor.py:186} INFO - Started process (PID=8299) to work on /opt/airflow/dags/dag_dia.py
[2026-08-12T19:27:34.295+0000] {processor.py:914} INFO - Processing file /opt/airflow/dags/dag_dia.py for tasks to queue
[2026-08-12T19:27:34.298+0000] {logging_mixin.py:190} INFO - [2026-08-12T19:27:34.298+0000] {dagbag.py:587} INFO - Filling up the DagBag from /opt/airflow/dags/dag_dia.py
[2026-08-12T19:27:34.345+0000] {processor.py:925} INFO - DAG(s) 'dag_dia' retrieved from /opt/airflow/dags/dag_dia.py
[2026-08-12T19:27:34.396+0000] {logging_mixin.py:190} INFO - [2026-08-12T19:27:34.395+0000] {dag.py:3211} INFO - Sync 1 DAGs
[2026-08-12T19:27:34.434+0000] {logging_mixin.py:190} INFO - [2026-08-12T19:27:34.433+0000] {dag.py:4138} INFO - Setting next_dagrun for dag_dia to 2026-08-11 00:00:00+00:00, run_after=2026-08-12 00:00:00+00:00
[2026-08-12T19:27:34.483+0000] {processor.py:208} INFO - Processing /opt/airflow/dags/dag_dia.py took 0.200 seconds
[2026-08-12T19:28:04.664+0000] {processor.py:186} INFO - Started process (PID=8468) to work on /opt/airflow/dags/dag_dia.py
[2026-08-12T19:28:04.667+0000] {processor.py:914} INFO - Processing file /opt/airflow/dags/dag_dia.py for tasks to queue
[2026-08-12T19:28:04.671+0000] {logging_mixin.py:190} INFO - [2026-08-12T19:28:04.670+0000] {dagbag.py:587} INFO - Filling up the DagBag from /opt/airflow/dags/dag_dia.py
[2026-08-12T19:28:04.736+0000] {processor.py:925} INFO - DAG(s) 'dag_dia' retrieved from /opt/airflow/dags/dag_dia.py
[2026-08-12T19:28:04.810+0000] {logging_mixin.py:190} INFO - [2026-08-12T19:28:04.809+0000] {dag.py:3211} INFO - Sync 1 DAGs
[2026-08-12T19:28:04.867+0000] {logging_mixin.py:190} INFO - [2026-08-12T19:28:04.867+0000] {dag.py:4138} INFO - Setting next_dagrun for dag_dia to 2026-08-11 00:00:00+00:00, run_after=2026-08-12 00:00:00+00:00
[2026-08-12T19:28:04.927+0000] {processor.py:208} INFO - Processing /opt/airflow/dags/dag_dia.py took 0.272 seconds
[2026-08-12T19:28:35.177+0000] {processor.py:186} INFO - Started process (PID=8478) to work on /opt/airflow/dags/dag_dia.py
[2026-08-12T19:28:35.180+0000] {processor.py:914} INFO - Processing file /opt/airflow/dags/dag_dia.py for tasks to queue
[2026-08-12T19:28:35.184+0000] {logging_mixin.py:190} INFO - [2026-08-12T19:28:35.183+0000] {dagbag.py:587} INFO - Filling up the DagBag from /opt/airflow/dags/dag_dia.py
[2026-08-12T19:28:35.263+0000] {processor.py:925} INFO - DAG(s) 'dag_dia' retrieved from /opt/airflow/dags/dag_dia.py
[2026-08-12T19:28:35.366+0000] {logging_mixin.py:190} INFO - [2026-08-12T19:28:35.366+0000] {dag.py:3211} INFO - Sync 1 DAGs
[2026-08-12T19:28:35.439+0000] {logging_mixin.py:190} INFO - [2026-08-12T19:28:35.438+0000] {dag.py:4138} INFO - Setting next_dagrun for dag_dia to 2026-08-11 00:00:00+00:00, run_after=2026-08-12 00:00:00+00:00
[2026-08-12T19:28:35.502+0000] {processor.py:208} INFO - Processing /opt/airflow/dags/dag_dia.py took 0.342 seconds
[2026-08-12T19:29:06.005+0000] {processor.py:186} INFO - Started process (PID=8488) to work on /opt/airflow/dags/dag_dia.py
[2026-08-12T19:29:06.007+0000] {processor.py:914} INFO - Processing file /opt/airflow/dags/dag_dia.py for tasks to queue
[2026-08-12T19:29:06.009+0000] {logging_mixin.py:190} INFO - [2026-08-12T19:29:06.008+0000] {dagbag.py:587} INFO - Filling up the DagBag from /opt/airflow/dags/dag_dia.py
[2026-08-12T19:29:06.051+0000] {processor.py:925} INFO - DAG(s) 'dag_dia' retrieved from /opt/airflow/dags/dag_dia.py
[2026-08-12T19:29:06.121+0000] {logging_mixin.py:190} INFO - [2026-08-12T19:29:06.120+0000] {dag.py:3211} INFO - Sync 1 DAGs
[2026-08-12T19:29:06.173+0000] {logging_mixin.py:190} INFO - [2026-08-12T19:29:06.173+0000] {dag.py:4138} INFO - Setting next_dagrun for dag_dia to 2026-08-11 00:00:00+00:00, run_after=2026-08-12 00:00:00+00:00
[2026-08-12T19:29:06.232+0000] {processor.py:208} INFO - Processing /opt/airflow/dags/dag_dia.py took 0.235 seconds
[2026-08-12T19:29:36.798+0000] {processor.py:186} INFO - Started process (PID=8498) to work on /opt/airflow/dags/dag_dia.py
[2026-08-12T19:29:36.799+0000] {processor.py:914} INFO - Processing file /opt/airflow/dags/dag_dia.py for tasks to queue
[2026-08-12T19:29:36.801+0000] {logging_mixin.py:190} INFO - [2026-08-12T19:29:36.801+0000] {dagbag.py:587} INFO - Filling up the DagBag from /opt/airflow/dags/dag_dia.py
[2026-08-12T19:29:36.831+0000] {processor.py:925} INFO - DAG(s) 'dag_dia' retrieved from /opt/airflow/dags/dag_dia.py
[2026-08-12T19:29:36.867+0000] {logging_mixin.py:190} INFO - [2026-08-12T19:29:36.867+0000] {dag.py:3211} INFO - Sync 1 DAGs
[2026-08-12T19:29:36.898+0000] {logging_mixin.py:190} INFO - [2026-08-12T19:29:36.898+0000] {dag.py:4138} INFO - Setting next_dagrun for dag_dia to 2026-08-11 00:00:00+00:00, run_after=2026-08-12 00:00:00+00:00
[2026-08-12T19:29:36.942+0000] {processor.py:208} INFO - Processing /opt/airflow/dags/dag_dia.py took 0.151 seconds
[2026-08-12T19:30:07.530+0000] {processor.py:186} INFO - Started process (PID=8509) to work on /opt/airflow/dags/dag_dia.py
[2026-08-12T19:30:07.533+0000] {processor.py:914} INFO - Processing file /opt/airflow/dags/dag_dia.py for tasks to queue
[2026-08-12T19:30:07.537+0000] {logging_mixin.py:190} INFO - [2026-08-12T19:30:07.536+0000] {dagbag.py:587} INFO - Filling up the DagBag from /opt/airflow/dags/dag_dia.py
[2026-08-12T19:30:07.598+0000] {processor.py:925} INFO - DAG(s) 'dag_dia' retrieved from /opt/airflow/dags/dag_dia.py
[2026-08-12T19:30:07.667+0000] {logging_mixin.py:190} INFO - [2026-08-12T19:30:07.666+0000] {dag.py:3211} INFO - Sync 1 DAGs
[2026-08-12T19:30:07.735+0000] {logging_mixin.py:190} INFO - [2026-08-12T19:30:07.734+0000] {dag.py:4138} INFO - Setting next_dagrun for dag_dia to 2026-08-11 00:00:00+00:00, run_after=2026-08-12 00:00:00+00:00
[2026-08-12T19:30:07.811+0000] {processor.py:208} INFO - Processing /opt/airflow/dags/dag_dia.py took 0.300 seconds
[2026-08-12T19:30:38.180+0000] {processor.py:186} INFO - Started process (PID=8512) to work on /opt/airflow/dags/dag_dia.py
[2026-08-12T19:30:38.181+0000] {processor.py:914} INFO - Processing file /opt/airflow/dags/dag_dia.py for tasks to queue
[2026-08-12T19:30:38.182+0000] {logging_mixin.py:190} INFO - [2026-08-12T19:30:38.182+0000] {dagbag.py:587} INFO - Filling up the DagBag from /opt/airflow/dags/dag_dia.py
[2026-08-12T19:30:38.212+0000] {processor.py:925} INFO - DAG(s) 'dag_dia' retrieved from /opt/airflow/dags/dag_dia.py
[2026-08-12T19:30:38.244+0000] {logging_mixin.py:190} INFO - [2026-08-12T19:30:38.243+0000] {dag.py:3211} INFO - Sync 1 DAGs
[2026-08-12T19:30:38.276+0000] {logging_mixin.py:190} INFO - [2026-08-12T19:30:38.276+0000] {dag.py:4138} INFO - Setting next_dagrun for dag_dia to 2026-08-11 00:00:00+00:00, run_after=2026-08-12 00:00:00+00:00
[2026-08-12T19:30:38.329+0000] {processor.py:208} INFO - Processing /opt/airflow/dags/dag_dia.py took 0.159 seconds
[2026-08-12T19:31:08.861+0000] {processor.py:186} INFO - Started process (PID=8522) to work on /opt/airflow/dags/dag_dia.py
[2026-08-12T19:31:08.863+0000] {processor.py:914} INFO - Processing file /opt/airflow/dags/dag_dia.py for tasks to queue
[2026-08-12T19:31:08.866+0000] {logging_mixin.py:190} INFO - [2026-08-12T19:31:08.865+0000] {dagbag.py:587} INFO - Filling up the DagBag from /opt/airflow/dags/dag_dia.py
[2026-08-12T19:31:08.910+0000] {processor.py:925} INFO - DAG(s) 'dag_dia' retrieved from /opt/airflow/dags/dag_dia.py
[2026-08-12T19:31:08.966+0000] {logging_mixin.py:190} INFO - [2026-08-12T19:31:08.965+0000] {dag.py:3211} INFO - Sync 1 DAGs
[2026-08-12T19:31:09.012+0000] {logging_mixin.py:190} INFO - [2026-08-12T19:31:09.012+0000] {dag.py:4138} INFO - Setting next_dagrun for dag_dia to 2026-08-11 00:00:00+00:00, run_after=2026-08-12 00:00:00+00:00
[2026-08-12T19:31:09.049+0000] {processor.py:208} INFO - Processing /opt/airflow/dags/dag_dia.py took 0.198 seconds
[2026-08-12T19:31:39.801+0000] {processor.py:186} INFO - Started process (PID=8532) to work on /opt/airflow/dags/dag_dia.py
[2026-08-12T19:31:39.805+0000] {processor.py:914} INFO - Processing file /opt/airflow/dags/dag_dia.py for tasks to queue
[2026-08-12T19:31:39.812+0000] {logging_mixin.py:190} INFO - [2026-08-12T19:31:39.811+0000] {dagbag.py:587} INFO - Filling up the DagBag from /opt/airflow/dags/dag_dia.py
[2026-08-12T19:31:39.936+0000] {processor.py:925} INFO - DAG(s) 'dag_dia' retrieved from /opt/airflow/dags/dag_dia.py
[2026-08-12T19:31:40.098+0000] {logging_mixin.py:190} INFO - [2026-08-12T19:31:40.097+0000] {dag.py:3211} INFO - Sync 1 DAGs
[2026-08-12T19:31:40.187+0000] {logging_mixin.py:190} INFO - [2026-08-12T19:31:40.187+0000] {dag.py:4138} INFO - Setting next_dagrun for dag_dia to 2026-08-11 00:00:00+00:00, run_after=2026-08-12 00:00:00+00:00
[2026-08-12T19:31:40.266+0000] {processor.py:208} INFO - Processing /opt/airflow/dags/dag_dia.py took 0.505 seconds
[2026-08-12T19:32:11.013+0000] {processor.py:186} INFO - Started process (PID=8542) to work on /opt/airflow/dags/dag_dia.py
[2026-08-12T19:32:11.016+0000] {processor.py:914} INFO - Processing file /opt/airflow/dags/dag_dia.py for tasks to queue
[2026-08-12T19:32:11.020+0000] {logging_mixin.py:190} INFO - [2026-08-12T19:32:11.019+0000] {dagbag.py:587} INFO - Filling up the DagBag from /opt/airflow/dags/dag_dia.py
[2026-08-12T19:32:11.160+0000] {processor.py:925} INFO - DAG(s) 'dag_dia' retrieved from /opt/airflow/dags/dag_dia.py
[2026-08-12T19:32:11.308+0000] {logging_mixin.py:190} INFO - [2026-08-12T19:32:11.307+0000] {dag.py:3211} INFO - Sync 1 DAGs
[2026-08-12T19:32:11.395+0000] {logging_mixin.py:190} INFO - [2026-08-12T19:32:11.394+0000] {dag.py:4138} INFO - Setting next_dagrun for dag_dia to 2026-08-11 00:00:00+00:00, run_after=2026-08-12 00:00:00+00:00
[2026-08-12T19:32:11.495+0000] {processor.py:208} INFO - Processing /opt/airflow/dags/dag_dia.py took 0.517 seconds
[2026-08-12T19:32:42.346+0000] {processor.py:186} INFO - Started process (PID=8552) to work on /opt/airflow/dags/dag_dia.py
[2026-08-12T19:32:42.348+0000] {processor.py:914} INFO - Processing file /opt/airflow/dags/dag_dia.py for tasks to queue
[2026-08-12T19:32:42.350+0000] {logging_mixin.py:190} INFO - [2026-08-12T19:32:42.350+0000] {dagbag.py:587} INFO - Filling up the DagBag from /opt/airflow/dags/dag_dia.py
[2026-08-12T19:32:42.397+0000] {processor.py:925} INFO - DAG(s) 'dag_dia' retrieved from /opt/airflow/dags/dag_dia.py
[2026-08-12T19:32:42.463+0000] {logging_mixin.py:190} INFO - [2026-08-12T19:32:42.462+0000] {dag.py:3211} INFO - Sync 1 DAGs
[2026-08-12T19:32:42.513+0000] {logging_mixin.py:190} INFO - [2026-08-12T19:32:42.513+0000] {dag.py:4138} INFO - Setting next_dagrun for dag_dia to 2026-08-11 00:00:00+00:00, run_after=2026-08-12 00:00:00+00:00
[2026-08-12T19:32:42.566+0000] {processor.py:208} INFO - Processing /opt/airflow/dags/dag_dia.py took 0.231 seconds
[2026-08-12T19:33:12.937+0000] {processor.py:186} INFO - Started process (PID=8563) to work on /opt/airflow/dags/dag_dia.py
[2026-08-12T19:33:12.939+0000] {processor.py:914} INFO - Processing file /opt/airflow/dags/dag_dia.py for tasks to queue
[2026-08-12T19:33:12.941+0000] {logging_mixin.py:190} INFO - [2026-08-12T19:33:12.941+0000] {dagbag.py:587} INFO - Filling up the DagBag from /opt/airflow/dags/dag_dia.py
[2026-08-12T19:33:12.976+0000] {processor.py:925} INFO - DAG(s) 'dag_dia' retrieved from /opt/airflow/dags/dag_dia.py
[2026-08-12T19:33:13.012+0000] {logging_mixin.py:190} INFO - [2026-08-12T19:33:13.012+0000] {dag.py:3211} INFO - Sync 1 DAGs
[2026-08-12T19:33:13.053+0000] {logging_mixin.py:190} INFO - [2026-08-12T19:33:13.053+0000] {dag.py:4138} INFO - Setting next_dagrun for dag_dia to 2026-08-11 00:00:00+00:00, run_after=2026-08-12 00:00:00+00:00
[2026-08-12T19:33:13.090+0000] {processor.py:208} INFO - Processing /opt/airflow/dags/dag_dia.py took 0.159 seconds
[2026-08-12T19:33:43.821+0000] {processor.py:186} INFO - Started process (PID=8574) to work on /opt/airflow/dags/dag_dia.py
[2026-08-12T19:33:43.823+0000] {processor.py:914} INFO - Processing file /opt/airflow/dags/dag_dia.py for tasks to queue
[2026-08-12T19:33:43.824+0000] {logging_mixin.py:190} INFO - [2026-08-12T19:33:43.824+0000] {dagbag.py:587} INFO - Filling up the DagBag from /opt/airflow/dags/dag_dia.py
[2026-08-12T19:33:43.859+0000] {processor.py:925} INFO - DAG(s) 'dag_dia' retrieved from /opt/airflow/dags/dag_dia.py
[2026-08-12T19:33:43.899+0000] {logging_mixin.py:190} INFO - [2026-08-12T19:33:43.899+0000] {dag.py:3211} INFO - Sync 1 DAGs
[2026-08-12T19:33:43.941+0000] {logging_mixin.py:190} INFO - [2026-08-12T19:33:43.941+0000] {dag.py:4138} INFO - Setting next_dagrun for dag_dia to 2026-08-11 00:00:00+00:00, run_after=2026-08-12 00:00:00+00:00
[2026-08-12T19:33:43.984+0000] {processor.py:208} INFO - Processing /opt/airflow/dags/dag_dia.py took 0.170 seconds
[2026-08-12T19:34:14.822+0000] {processor.py:186} INFO - Started process (PID=8584) to work on /opt/airflow/dags/dag_dia.py
[2026-08-12T19:34:14.826+0000] {processor.py:914} INFO - Processing file /opt/airflow/dags/dag_dia.py for tasks to queue
[2026-08-12T19:34:14.840+0000] {logging_mixin.py:190} INFO - [2026-08-12T19:34:14.839+0000] {dagbag.py:587} INFO - Filling up the DagBag from /opt/airflow/dags/dag_dia.py
[2026-08-12T19:34:14.887+0000] {processor.py:925} INFO - DAG(s) 'dag_dia' retrieved from /opt/airflow/dags/dag_dia.py
[2026-08-12T19:34:14.937+0000] {logging_mixin.py:190} INFO - [2026-08-12T19:34:14.937+0000] {dag.py:3211} INFO - Sync 1 DAGs
[2026-08-12T19:34:14.983+0000] {logging_mixin.py:190} INFO - [2026-08-12T19:34:14.982+0000] {dag.py:4138} INFO - Setting next_dagrun for dag_dia to 2026-08-11 00:00:00+00:00, run_after=2026-08-12 00:00:00+00:00
[2026-08-12T19:34:15.037+0000] {processor.py:208} INFO - Processing /opt/airflow/dags/dag_dia.py took 0.232 seconds
[2026-08-12T19:34:45.768+0000] {processor.py:186} INFO - Started process (PID=8595) to work on /opt/airflow/dags/dag_dia.py
[2026-08-12T19:34:45.770+0000] {processor.py:914} INFO - Processing file /opt/airflow/dags/dag_dia.py for tasks to queue
[2026-08-12T19:34:45.773+0000] {logging_mixin.py:190} INFO - [2026-08-12T19:34:45.773+0000] {dagbag.py:587} INFO - Filling up the DagBag from /opt/airflow/dags/dag_dia.py
[2026-08-12T19:34:45.816+0000] {processor.py:925} INFO - DAG(s) 'dag_dia' retrieved from /opt/airflow/dags/dag_dia.py
[2026-08-12T19:34:45.870+0000] {logging_mixin.py:190} INFO - [2026-08-12T19:34:45.870+0000] {dag.py:3211} INFO - Sync 1 DAGs
[2026-08-12T19:34:45.906+0000] {logging_mixin.py:190} INFO - [2026-08-12T19:34:45.905+0000] {dag.py:4138} INFO - Setting next_dagrun for dag_dia to 2026-08-11 00:00:00+00:00, run_after=2026-08-12 00:00:00+00:00
[2026-08-12T19:34:45.952+0000] {processor.py:208} INFO - Processing /opt/airflow/dags/dag_dia.py took 0.194 seconds
[2026-08-12T19:35:16.839+0000] {processor.py:186} INFO - Started process (PID=8606) to work on /opt/airflow/dags/dag_dia.py
[2026-08-12T19:35:16.842+0000] {processor.py:914} INFO - Processing file /opt/airflow/dags/dag_dia.py for tasks to queue
[2026-08-12T19:35:16.847+0000] {logging_mixin.py:190} INFO - [2026-08-12T19:35:16.846+0000] {dagbag.py:587} INFO - Filling up the DagBag from /opt/airflow/dags/dag_dia.py
[2026-08-12T19:35:16.906+0000] {processor.py:925} INFO - DAG(s) 'dag_dia' retrieved from /opt/airflow/dags/dag_dia.py
[2026-08-12T19:35:16.973+0000] {logging_mixin.py:190} INFO - [2026-08-12T19:35:16.972+0000] {dag.py:3211} INFO - Sync 1 DAGs
[2026-08-12T19:35:17.017+0000] {logging_mixin.py:190} INFO - [2026-08-12T19:35:17.016+0000] {dag.py:4138} INFO - Setting next_dagrun for dag_dia to 2026-08-11 00:00:00+00:00, run_after=2026-08-12 00:00:00+00:00
[2026-08-12T19:35:17.056+0000] {processor.py:208} INFO - Processing /opt/airflow/dags/dag_dia.py took 0.255 seconds
[2026-08-12T19:35:47.746+0000] {processor.py:186} INFO - Started process (PID=8610) to work on /opt/airflow/dags/dag_dia.py
[2026-08-12T19:35:47.748+0000] {processor.py:914} INFO - Processing file /opt/airflow/dags/dag_dia.py for tasks to queue
[2026-08-12T19:35:47.751+0000] {logging_mixin.py:190} INFO - [2026-08-12T19:35:47.750+0000] {dagbag.py:587} INFO - Filling up the DagBag from /opt/airflow/dags/dag_dia.py
[2026-08-12T19:35:47.789+0000] {processor.py:925} INFO - DAG(s) 'dag_dia' retrieved from /opt/airflow/dags/dag_dia.py
[2026-08-12T19:35:47.839+0000] {logging_mixin.py:190} INFO - [2026-08-12T19:35:47.839+0000] {dag.py:3211} INFO - Sync 1 DAGs
[2026-08-12T19:35:47.894+0000] {logging_mixin.py:190} INFO - [2026-08-12T19:35:47.894+0000] {dag.py:4138} INFO - Setting next_dagrun for dag_dia to 2026-08-11 00:00:00+00:00, run_after=2026-08-12 00:00:00+00:00
[2026-08-12T19:35:47.939+0000] {processor.py:208} INFO - Processing /opt/airflow/dags/dag_dia.py took 0.204 seconds
[2026-08-12T19:36:18.671+0000] {processor.py:186} INFO - Started process (PID=8621) to work on /opt/airflow/dags/dag_dia.py
[2026-08-12T19:36:18.673+0000] {processor.py:914} INFO - Processing file /opt/airflow/dags/dag_dia.py for tasks to queue
[2026-08-12T19:36:18.677+0000] {logging_mixin.py:190} INFO - [2026-08-12T19:36:18.676+0000] {dagbag.py:587} INFO - Filling up the DagBag from /opt/airflow/dags/dag_dia.py
[2026-08-12T19:36:18.725+0000] {processor.py:925} INFO - DAG(s) 'dag_dia' retrieved from /opt/airflow/dags/dag_dia.py
[2026-08-12T19:36:18.794+0000] {logging_mixin.py:190} INFO - [2026-08-12T19:36:18.793+0000] {dag.py:3211} INFO - Sync 1 DAGs
[2026-08-12T19:36:18.844+0000] {logging_mixin.py:190} INFO - [2026-08-12T19:36:18.843+0000] {dag.py:4138} INFO - Setting next_dagrun for dag_dia to 2026-08-11 00:00:00+00:00, run_after=2026-08-12 00:00:00+00:00
[2026-08-12T19:36:18.891+0000] {processor.py:208} INFO - Processing /opt/airflow/dags/dag_dia.py took 0.235 seconds
[2026-08-12T19:36:49.657+0000] {processor.py:186} INFO - Started process (PID=8632) to work on /opt/airflow/dags/dag_dia.py
[2026-08-12T19:36:49.660+0000] {processor.py:914} INFO - Processing file /opt/airflow/dags/dag_dia.py for tasks to queue
[2026-08-12T19:36:49.663+0000] {logging_mixin.py:190} INFO - [2026-08-12T19:36:49.662+0000] {dagbag.py:587} INFO - Filling up the DagBag from /opt/airflow/dags/dag_dia.py
[2026-08-12T19:36:49.709+0000] {processor.py:925} INFO - DAG(s) 'dag_dia' retrieved from /opt/airflow/dags/dag_dia.py
[2026-08-12T19:36:49.777+0000] {logging_mixin.py:190} INFO - [2026-08-12T19:36:49.777+0000] {dag.py:3211} INFO - Sync 1 DAGs
[2026-08-12T19:36:49.828+0000] {logging_mixin.py:190} INFO - [2026-08-12T19:36:49.828+0000] {dag.py:4138} INFO - Setting next_dagrun for dag_dia to 2026-08-11 00:00:00+00:00, run_after=2026-08-12 00:00:00+00:00
[2026-08-12T19:36:49.886+0000] {processor.py:208} INFO - Processing /opt/airflow/dags/dag_dia.py took 0.242 seconds
[2026-08-12T19:37:20.684+0000] {processor.py:186} INFO - Started process (PID=8643) to work on /opt/airflow/dags/dag_dia.py
[2026-08-12T19:37:20.686+0000] {processor.py:914} INFO - Processing file /opt/airflow/dags/dag_dia.py for tasks to queue
[2026-08-12T19:37:20.690+0000] {logging_mixin.py:190} INFO - [2026-08-12T19:37:20.688+0000] {dagbag.py:587} INFO - Filling up the DagBag from /opt/airflow/dags/dag_dia.py
[2026-08-12T19:37:20.731+0000] {processor.py:925} INFO - DAG(s) 'dag_dia' retrieved from /opt/airflow/dags/dag_dia.py
[2026-08-12T19:37:20.784+0000] {logging_mixin.py:190} INFO - [2026-08-12T19:37:20.784+0000] {dag.py:3211} INFO - Sync 1 DAGs
[2026-08-12T19:37:20.823+0000] {logging_mixin.py:190} INFO - [2026-08-12T19:37:20.823+0000] {dag.py:4138} INFO - Setting next_dagrun for dag_dia to 2026-08-11 00:00:00+00:00, run_after=2026-08-12 00:00:00+00:00
[2026-08-12T19:37:20.857+0000] {processor.py:208} INFO - Processing /opt/airflow/dags/dag_dia.py took 0.182 seconds
[2026-08-12T19:37:51.606+0000] {processor.py:186} INFO - Started process (PID=8654) to work on /opt/airflow/dags/dag_dia.py
[2026-08-12T19:37:51.607+0000] {processor.py:914} INFO - Processing file /opt/airflow/dags/dag_dia.py for tasks to queue
[2026-08-12T19:37:51.610+0000] {logging_mixin.py:190} INFO - [2026-08-12T19:37:51.610+0000] {dagbag.py:587} INFO - Filling up the DagBag from /opt/airflow/dags/dag_dia.py
[2026-08-12T19:37:51.647+0000] {processor.py:925} INFO - DAG(s) 'dag_dia' retrieved from /opt/airflow/dags/dag_dia.py
[2026-08-12T19:37:51.698+0000] {logging_mixin.py:190} INFO - [2026-08-12T19:37:51.697+0000] {dag.py:3211} INFO - Sync 1 DAGs
[2026-08-12T19:37:51.743+0000] {logging_mixin.py:190} INFO - [2026-08-12T19:37:51.743+0000] {dag.py:4138} INFO - Setting next_dagrun for dag_dia to 2026-08-11 00:00:00+00:00, run_after=2026-08-12 00:00:00+00:00
[2026-08-12T19:37:51.791+0000] {processor.py:208} INFO - Processing /opt/airflow/dags/dag_dia.py took 0.198 seconds
[2026-08-12T19:38:22.143+0000] {processor.py:186} INFO - Started process (PID=8665) to work on /opt/airflow/dags/dag_dia.py
[2026-08-12T19:38:22.145+0000] {processor.py:914} INFO - Processing file /opt/airflow/dags/dag_dia.py for tasks to queue
[2026-08-12T19:38:22.147+0000] {logging_mixin.py:190} INFO - [2026-08-12T19:38:22.146+0000] {dagbag.py:587} INFO - Filling up the DagBag from /opt/airflow/dags/dag_dia.py
[2026-08-12T19:38:22.190+0000] {processor.py:925} INFO - DAG(s) 'dag_dia' retrieved from /opt/airflow/dags/dag_dia.py
[2026-08-12T19:38:22.259+0000] {logging_mixin.py:190} INFO - [2026-08-12T19:38:22.259+0000] {dag.py:3211} INFO - Sync 1 DAGs
[2026-08-12T19:38:22.310+0000] {logging_mixin.py:190} INFO - [2026-08-12T19:38:22.310+0000] {dag.py:4138} INFO - Setting next_dagrun for dag_dia to 2026-08-11 00:00:00+00:00, run_after=2026-08-12 00:00:00+00:00
[2026-08-12T19:38:22.372+0000] {processor.py:208} INFO - Processing /opt/airflow/dags/dag_dia.py took 0.239 seconds
[2026-08-12T19:38:53.189+0000] {processor.py:186} INFO - Started process (PID=8676) to work on /opt/airflow/dags/dag_dia.py
[2026-08-12T19:38:53.190+0000] {processor.py:914} INFO - Processing file /opt/airflow/dags/dag_dia.py for tasks to queue
[2026-08-12T19:38:53.193+0000] {logging_mixin.py:190} INFO - [2026-08-12T19:38:53.192+0000] {dagbag.py:587} INFO - Filling up the DagBag from /opt/airflow/dags/dag_dia.py
[2026-08-12T19:38:53.230+0000] {processor.py:925} INFO - DAG(s) 'dag_dia' retrieved from /opt/airflow/dags/dag_dia.py
[2026-08-12T19:38:53.283+0000] {logging_mixin.py:190} INFO - [2026-08-12T19:38:53.282+0000] {dag.py:3211} INFO - Sync 1 DAGs
[2026-08-12T19:38:53.323+0000] {logging_mixin.py:190} INFO - [2026-08-12T19:38:53.322+0000] {dag.py:4138} INFO - Setting next_dagrun for dag_dia to 2026-08-11 00:00:00+00:00, run_after=2026-08-12 00:00:00+00:00
[2026-08-12T19:38:53.376+0000] {processor.py:208} INFO - Processing /opt/airflow/dags/dag_dia.py took 0.198 seconds
[2026-08-12T19:39:24.031+0000] {processor.py:186} INFO - Started process (PID=8687) to work on /opt/airflow/dags/dag_dia.py
[2026-08-12T19:39:24.032+0000] {processor.py:914} INFO - Processing file /opt/airflow/dags/dag_dia.py for tasks to queue
[2026-08-12T19:39:24.034+0000] {logging_mixin.py:190} INFO - [2026-08-12T19:39:24.034+0000] {dagbag.py:587} INFO - Filling up the DagBag from /opt/airflow/dags/dag_dia.py
[2026-08-12T19:39:24.065+0000] {processor.py:925} INFO - DAG(s) 'dag_dia' retrieved from /opt/airflow/dags/dag_dia.py
[2026-08-12T19:39:24.103+0000] {logging_mixin.py:190} INFO - [2026-08-12T19:39:24.103+0000] {dag.py:3211} INFO - Sync 1 DAGs
[2026-08-12T19:39:24.138+0000] {logging_mixin.py:190} INFO - [2026-08-12T19:39:24.138+0000] {dag.py:4138} INFO - Setting next_dagrun for dag_dia to 2026-08-11 00:00:00+00:00, run_after=2026-08-12 00:00:00+00:00
[2026-08-12T19:39:24.180+0000] {processor.py:208} INFO - Processing /opt/airflow/dags/dag_dia.py took 0.155 seconds
[2026-08-12T19:39:54.849+0000] {processor.py:186} INFO - Started process (PID=8698) to work on /opt/airflow/dags/dag_dia.py
[2026-08-12T19:39:54.851+0000] {processor.py:914} INFO - Processing file /opt/airflow/dags/dag_dia.py for tasks to queue
[2026-08-12T19:39:54.854+0000] {logging_mixin.py:190} INFO - [2026-08-12T19:39:54.854+0000] {dagbag.py:587} INFO - Filling up the DagBag from /opt/airflow/dags/dag_dia.py
[2026-08-12T19:39:54.922+0000] {processor.py:925} INFO - DAG(s) 'dag_dia' retrieved from /opt/airflow/dags/dag_dia.py
[2026-08-12T19:39:54.987+0000] {logging_mixin.py:190} INFO - [2026-08-12T19:39:54.987+0000] {dag.py:3211} INFO - Sync 1 DAGs
[2026-08-12T19:39:55.036+0000] {logging_mixin.py:190} INFO - [2026-08-12T19:39:55.035+0000] {dag.py:4138} INFO - Setting next_dagrun for dag_dia to 2026-08-11 00:00:00+00:00, run_after=2026-08-12 00:00:00+00:00
[2026-08-12T19:39:55.075+0000] {processor.py:208} INFO - Processing /opt/airflow/dags/dag_dia.py took 0.239 seconds
[2026-08-12T19:40:25.743+0000] {processor.py:186} INFO - Started process (PID=8709) to work on /opt/airflow/dags/dag_dia.py
[2026-08-12T19:40:25.746+0000] {processor.py:914} INFO - Processing file /opt/airflow/dags/dag_dia.py for tasks to queue
[2026-08-12T19:40:25.753+0000] {logging_mixin.py:190} INFO - [2026-08-12T19:40:25.751+0000] {dagbag.py:587} INFO - Filling up the DagBag from /opt/airflow/dags/dag_dia.py
[2026-08-12T19:40:25.836+0000] {processor.py:925} INFO - DAG(s) 'dag_dia' retrieved from /opt/airflow/dags/dag_dia.py
[2026-08-12T19:40:25.975+0000] {logging_mixin.py:190} INFO - [2026-08-12T19:40:25.974+0000] {dag.py:3211} INFO - Sync 1 DAGs
[2026-08-12T19:40:26.120+0000] {logging_mixin.py:190} INFO - [2026-08-12T19:40:26.119+0000] {dag.py:4138} INFO - Setting next_dagrun for dag_dia to 2026-08-11 00:00:00+00:00, run_after=2026-08-12 00:00:00+00:00
[2026-08-12T19:40:26.232+0000] {processor.py:208} INFO - Processing /opt/airflow/dags/dag_dia.py took 0.504 seconds
[2026-08-12T19:40:56.913+0000] {processor.py:186} INFO - Started process (PID=8720) to work on /opt/airflow/dags/dag_dia.py
[2026-08-12T19:40:56.914+0000] {processor.py:914} INFO - Processing file /opt/airflow/dags/dag_dia.py for tasks to queue
[2026-08-12T19:40:56.916+0000] {logging_mixin.py:190} INFO - [2026-08-12T19:40:56.916+0000] {dagbag.py:587} INFO - Filling up the DagBag from /opt/airflow/dags/dag_dia.py
[2026-08-12T19:40:56.962+0000] {processor.py:925} INFO - DAG(s) 'dag_dia' retrieved from /opt/airflow/dags/dag_dia.py
[2026-08-12T19:40:57.025+0000] {logging_mixin.py:190} INFO - [2026-08-12T19:40:57.025+0000] {dag.py:3211} INFO - Sync 1 DAGs
[2026-08-12T19:40:57.075+0000] {logging_mixin.py:190} INFO - [2026-08-12T19:40:57.074+0000] {dag.py:4138} INFO - Setting next_dagrun for dag_dia to 2026-08-11 00:00:00+00:00, run_after=2026-08-12 00:00:00+00:00
[2026-08-12T19:40:57.125+0000] {processor.py:208} INFO - Processing /opt/airflow/dags/dag_dia.py took 0.222 seconds
[2026-08-12T19:41:27.753+0000] {processor.py:186} INFO - Started process (PID=8724) to work on /opt/airflow/dags/dag_dia.py
[2026-08-12T19:41:27.754+0000] {processor.py:914} INFO - Processing file /opt/airflow/dags/dag_dia.py for tasks to queue
[2026-08-12T19:41:27.756+0000] {logging_mixin.py:190} INFO - [2026-08-12T19:41:27.756+0000] {dagbag.py:587} INFO - Filling up the DagBag from /opt/airflow/dags/dag_dia.py
[2026-08-12T19:41:27.789+0000] {processor.py:925} INFO - DAG(s) 'dag_dia' retrieved from /opt/airflow/dags/dag_dia.py
[2026-08-12T19:41:27.828+0000] {logging_mixin.py:190} INFO - [2026-08-12T19:41:27.827+0000] {dag.py:3211} INFO - Sync 1 DAGs
[2026-08-12T19:41:27.865+0000] {logging_mixin.py:190} INFO - [2026-08-12T19:41:27.865+0000] {dag.py:4138} INFO - Setting next_dagrun for dag_dia to 2026-08-11 00:00:00+00:00, run_after=2026-08-12 00:00:00+00:00
[2026-08-12T19:41:27.916+0000] {processor.py:208} INFO - Processing /opt/airflow/dags/dag_dia.py took 0.170 seconds
[2026-08-12T19:41:58.674+0000] {processor.py:186} INFO - Started process (PID=8735) to work on /opt/airflow/dags/dag_dia.py
[2026-08-12T19:41:58.676+0000] {processor.py:914} INFO - Processing file /opt/airflow/dags/dag_dia.py for tasks to queue
[2026-08-12T19:41:58.678+0000] {logging_mixin.py:190} INFO - [2026-08-12T19:41:58.678+0000] {dagbag.py:587} INFO - Filling up the DagBag from /opt/airflow/dags/dag_dia.py
[2026-08-12T19:41:58.729+0000] {processor.py:925} INFO - DAG(s) 'dag_dia' retrieved from /opt/airflow/dags/dag_dia.py
[2026-08-12T19:41:58.785+0000] {logging_mixin.py:190} INFO - [2026-08-12T19:41:58.785+0000] {dag.py:3211} INFO - Sync 1 DAGs
[2026-08-12T19:41:58.826+0000] {logging_mixin.py:190} INFO - [2026-08-12T19:41:58.826+0000] {dag.py:4138} INFO - Setting next_dagrun for dag_dia to 2026-08-11 00:00:00+00:00, run_after=2026-08-12 00:00:00+00:00
[2026-08-12T19:41:58.883+0000] {processor.py:208} INFO - Processing /opt/airflow/dags/dag_dia.py took 0.221 seconds
[2026-08-12T19:42:29.625+0000] {processor.py:186} INFO - Started process (PID=8746) to work on /opt/airflow/dags/dag_dia.py
[2026-08-12T19:42:29.628+0000] {processor.py:914} INFO - Processing file /opt/airflow/dags/dag_dia.py for tasks to queue
[2026-08-12T19:42:29.634+0000] {logging_mixin.py:190} INFO - [2026-08-12T19:42:29.632+0000] {dagbag.py:587} INFO - Filling up the DagBag from /opt/airflow/dags/dag_dia.py
[2026-08-12T19:42:29.709+0000] {processor.py:925} INFO - DAG(s) 'dag_dia' retrieved from /opt/airflow/dags/dag_dia.py
[2026-08-12T19:42:29.817+0000] {logging_mixin.py:190} INFO - [2026-08-12T19:42:29.816+0000] {dag.py:3211} INFO - Sync 1 DAGs
[2026-08-12T19:42:29.881+0000] {logging_mixin.py:190} INFO - [2026-08-12T19:42:29.880+0000] {dag.py:4138} INFO - Setting next_dagrun for dag_dia to 2026-08-11 00:00:00+00:00, run_after=2026-08-12 00:00:00+00:00
[2026-08-12T19:42:29.942+0000] {processor.py:208} INFO - Processing /opt/airflow/dags/dag_dia.py took 0.338 seconds
[2026-08-12T19:43:00.944+0000] {processor.py:186} INFO - Started process (PID=8757) to work on /opt/airflow/dags/dag_dia.py
[2026-08-12T19:43:00.946+0000] {processor.py:914} INFO - Processing file /opt/airflow/dags/dag_dia.py for tasks to queue
[2026-08-12T19:43:00.950+0000] {logging_mixin.py:190} INFO - [2026-08-12T19:43:00.949+0000] {dagbag.py:587} INFO - Filling up the DagBag from /opt/airflow/dags/dag_dia.py
[2026-08-12T19:43:01.004+0000] {processor.py:925} INFO - DAG(s) 'dag_dia' retrieved from /opt/airflow/dags/dag_dia.py
[2026-08-12T19:43:01.083+0000] {logging_mixin.py:190} INFO - [2026-08-12T19:43:01.082+0000] {dag.py:3211} INFO - Sync 1 DAGs
[2026-08-12T19:43:01.132+0000] {logging_mixin.py:190} INFO - [2026-08-12T19:43:01.132+0000] {dag.py:4138} INFO - Setting next_dagrun for dag_dia to 2026-08-11 00:00:00+00:00, run_after=2026-08-12 00:00:00+00:00
[2026-08-12T19:43:01.197+0000] {processor.py:208} INFO - Processing /opt/airflow/dags/dag_dia.py took 0.264 seconds
[2026-08-12T19:43:31.815+0000] {processor.py:186} INFO - Started process (PID=8768) to work on /opt/airflow/dags/dag_dia.py
[2026-08-12T19:43:31.817+0000] {processor.py:914} INFO - Processing file /opt/airflow/dags/dag_dia.py for tasks to queue
[2026-08-12T19:43:31.824+0000] {logging_mixin.py:190} INFO - [2026-08-12T19:43:31.822+0000] {dagbag.py:587} INFO - Filling up the DagBag from /opt/airflow/dags/dag_dia.py
[2026-08-12T19:43:31.898+0000] {processor.py:925} INFO - DAG(s) 'dag_dia' retrieved from /opt/airflow/dags/dag_dia.py
[2026-08-12T19:43:31.994+0000] {logging_mixin.py:190} INFO - [2026-08-12T19:43:31.994+0000] {dag.py:3211} INFO - Sync 1 DAGs
[2026-08-12T19:43:32.073+0000] {logging_mixin.py:190} INFO - [2026-08-12T19:43:32.072+0000] {dag.py:4138} INFO - Setting next_dagrun for dag_dia to 2026-08-11 00:00:00+00:00, run_after=2026-08-12 00:00:00+00:00
[2026-08-12T19:43:32.125+0000] {processor.py:208} INFO - Processing /opt/airflow/dags/dag_dia.py took 0.322 seconds
[2026-08-12T19:44:02.636+0000] {processor.py:186} INFO - Started process (PID=8778) to work on /opt/airflow/dags/dag_dia.py
[2026-08-12T19:44:02.642+0000] {processor.py:914} INFO - Processing file /opt/airflow/dags/dag_dia.py for tasks to queue
[2026-08-12T19:44:02.660+0000] {logging_mixin.py:190} INFO - [2026-08-12T19:44:02.657+0000] {dagbag.py:587} INFO - Filling up the DagBag from /opt/airflow/dags/dag_dia.py
[2026-08-12T19:44:02.868+0000] {processor.py:925} INFO - DAG(s) 'dag_dia' retrieved from /opt/airflow/dags/dag_dia.py
[2026-08-12T19:44:03.243+0000] {logging_mixin.py:190} INFO - [2026-08-12T19:44:03.241+0000] {dag.py:3211} INFO - Sync 1 DAGs
[2026-08-12T19:44:03.605+0000] {logging_mixin.py:190} INFO - [2026-08-12T19:44:03.594+0000] {dag.py:4138} INFO - Setting next_dagrun for dag_dia to 2026-08-11 00:00:00+00:00, run_after=2026-08-12 00:00:00+00:00
[2026-08-12T19:44:03.816+0000] {processor.py:208} INFO - Processing /opt/airflow/dags/dag_dia.py took 1.235 seconds
[2026-08-12T19:44:34.227+0000] {processor.py:186} INFO - Started process (PID=8789) to work on /opt/airflow/dags/dag_dia.py
[2026-08-12T19:44:34.236+0000] {processor.py:914} INFO - Processing file /opt/airflow/dags/dag_dia.py for tasks to queue
[2026-08-12T19:44:34.249+0000] {logging_mixin.py:190} INFO - [2026-08-12T19:44:34.247+0000] {dagbag.py:587} INFO - Filling up the DagBag from /opt/airflow/dags/dag_dia.py
[2026-08-12T19:44:34.406+0000] {processor.py:925} INFO - DAG(s) 'dag_dia' retrieved from /opt/airflow/dags/dag_dia.py
[2026-08-12T19:44:34.613+0000] {logging_mixin.py:190} INFO - [2026-08-12T19:44:34.612+0000] {dag.py:3211} INFO - Sync 1 DAGs
[2026-08-12T19:44:34.756+0000] {logging_mixin.py:190} INFO - [2026-08-12T19:44:34.755+0000] {dag.py:4138} INFO - Setting next_dagrun for dag_dia to 2026-08-11 00:00:00+00:00, run_after=2026-08-12 00:00:00+00:00
[2026-08-12T19:44:34.887+0000] {processor.py:208} INFO - Processing /opt/airflow/dags/dag_dia.py took 0.689 seconds
[2026-08-12T19:45:05.385+0000] {processor.py:186} INFO - Started process (PID=8793) to work on /opt/airflow/dags/dag_dia.py
[2026-08-12T19:45:05.394+0000] {processor.py:914} INFO - Processing file /opt/airflow/dags/dag_dia.py for tasks to queue
[2026-08-12T19:45:05.400+0000] {logging_mixin.py:190} INFO - [2026-08-12T19:45:05.399+0000] {dagbag.py:587} INFO - Filling up the DagBag from /opt/airflow/dags/dag_dia.py
[2026-08-12T19:45:05.541+0000] {processor.py:925} INFO - DAG(s) 'dag_dia' retrieved from /opt/airflow/dags/dag_dia.py
[2026-08-12T19:45:05.690+0000] {logging_mixin.py:190} INFO - [2026-08-12T19:45:05.689+0000] {dag.py:3211} INFO - Sync 1 DAGs
[2026-08-12T19:45:05.773+0000] {logging_mixin.py:190} INFO - [2026-08-12T19:45:05.773+0000] {dag.py:4138} INFO - Setting next_dagrun for dag_dia to 2026-08-11 00:00:00+00:00, run_after=2026-08-12 00:00:00+00:00
[2026-08-12T19:45:05.847+0000] {processor.py:208} INFO - Processing /opt/airflow/dags/dag_dia.py took 0.490 seconds
[2026-08-12T19:45:36.151+0000] {processor.py:186} INFO - Started process (PID=8804) to work on /opt/airflow/dags/dag_dia.py
[2026-08-12T19:45:36.153+0000] {processor.py:914} INFO - Processing file /opt/airflow/dags/dag_dia.py for tasks to queue
[2026-08-12T19:45:36.155+0000] {logging_mixin.py:190} INFO - [2026-08-12T19:45:36.154+0000] {dagbag.py:587} INFO - Filling up the DagBag from /opt/airflow/dags/dag_dia.py
[2026-08-12T19:45:36.190+0000] {processor.py:925} INFO - DAG(s) 'dag_dia' retrieved from /opt/airflow/dags/dag_dia.py
[2026-08-12T19:45:36.227+0000] {logging_mixin.py:190} INFO - [2026-08-12T19:45:36.227+0000] {dag.py:3211} INFO - Sync 1 DAGs
[2026-08-12T19:45:36.262+0000] {logging_mixin.py:190} INFO - [2026-08-12T19:45:36.262+0000] {dag.py:4138} INFO - Setting next_dagrun for dag_dia to 2026-08-11 00:00:00+00:00, run_after=2026-08-12 00:00:00+00:00
[2026-08-12T19:45:36.292+0000] {processor.py:208} INFO - Processing /opt/airflow/dags/dag_dia.py took 0.148 seconds
[2026-08-12T19:46:07.157+0000] {processor.py:186} INFO - Started process (PID=8815) to work on /opt/airflow/dags/dag_dia.py
[2026-08-12T19:46:07.159+0000] {processor.py:914} INFO - Processing file /opt/airflow/dags/dag_dia.py for tasks to queue
[2026-08-12T19:46:07.161+0000] {logging_mixin.py:190} INFO - [2026-08-12T19:46:07.160+0000] {dagbag.py:587} INFO - Filling up the DagBag from /opt/airflow/dags/dag_dia.py
[2026-08-12T19:46:07.211+0000] {processor.py:925} INFO - DAG(s) 'dag_dia' retrieved from /opt/airflow/dags/dag_dia.py
[2026-08-12T19:46:07.264+0000] {logging_mixin.py:190} INFO - [2026-08-12T19:46:07.263+0000] {dag.py:3211} INFO - Sync 1 DAGs
[2026-08-12T19:46:07.307+0000] {logging_mixin.py:190} INFO - [2026-08-12T19:46:07.307+0000] {dag.py:4138} INFO - Setting next_dagrun for dag_dia to 2026-08-11 00:00:00+00:00, run_after=2026-08-12 00:00:00+00:00
[2026-08-12T19:46:07.350+0000] {processor.py:208} INFO - Processing /opt/airflow/dags/dag_dia.py took 0.205 seconds
[2026-08-12T19:46:37.616+0000] {processor.py:186} INFO - Started process (PID=8826) to work on /opt/airflow/dags/dag_dia.py
[2026-08-12T19:46:37.618+0000] {processor.py:914} INFO - Processing file /opt/airflow/dags/dag_dia.py for tasks to queue
[2026-08-12T19:46:37.622+0000] {logging_mixin.py:190} INFO - [2026-08-12T19:46:37.621+0000] {dagbag.py:587} INFO - Filling up the DagBag from /opt/airflow/dags/dag_dia.py
[2026-08-12T19:46:37.676+0000] {processor.py:925} INFO - DAG(s) 'dag_dia' retrieved from /opt/airflow/dags/dag_dia.py
[2026-08-12T19:46:37.726+0000] {logging_mixin.py:190} INFO - [2026-08-12T19:46:37.725+0000] {dag.py:3211} INFO - Sync 1 DAGs
[2026-08-12T19:46:37.785+0000] {logging_mixin.py:190} INFO - [2026-08-12T19:46:37.785+0000] {dag.py:4138} INFO - Setting next_dagrun for dag_dia to 2026-08-11 00:00:00+00:00, run_after=2026-08-12 00:00:00+00:00
[2026-08-12T19:46:37.839+0000] {processor.py:208} INFO - Processing /opt/airflow/dags/dag_dia.py took 0.231 seconds
[2026-08-12T19:47:07.997+0000] {processor.py:186} INFO - Started process (PID=8837) to work on /opt/airflow/dags/dag_dia.py
[2026-08-12T19:47:07.999+0000] {processor.py:914} INFO - Processing file /opt/airflow/dags/dag_dia.py for tasks to queue
[2026-08-12T19:47:08.002+0000] {logging_mixin.py:190} INFO - [2026-08-12T19:47:08.001+0000] {dagbag.py:587} INFO - Filling up the DagBag from /opt/airflow/dags/dag_dia.py
[2026-08-12T19:47:08.056+0000] {processor.py:925} INFO - DAG(s) 'dag_dia' retrieved from /opt/airflow/dags/dag_dia.py
[2026-08-12T19:47:08.116+0000] {logging_mixin.py:190} INFO - [2026-08-12T19:47:08.115+0000] {dag.py:3211} INFO - Sync 1 DAGs
[2026-08-12T19:47:08.159+0000] {logging_mixin.py:190} INFO - [2026-08-12T19:47:08.159+0000] {dag.py:4138} INFO - Setting next_dagrun for dag_dia to 2026-08-11 00:00:00+00:00, run_after=2026-08-12 00:00:00+00:00
[2026-08-12T19:47:08.205+0000] {processor.py:208} INFO - Processing /opt/airflow/dags/dag_dia.py took 0.222 seconds
[2026-08-12T19:47:39.165+0000] {processor.py:186} INFO - Started process (PID=8848) to work on /opt/airflow/dags/dag_dia.py
[2026-08-12T19:47:39.167+0000] {processor.py:914} INFO - Processing file /opt/airflow/dags/dag_dia.py for tasks to queue
[2026-08-12T19:47:39.170+0000] {logging_mixin.py:190} INFO - [2026-08-12T19:47:39.169+0000] {dagbag.py:587} INFO - Filling up the DagBag from /opt/airflow/dags/dag_dia.py
[2026-08-12T19:47:39.242+0000] {processor.py:925} INFO - DAG(s) 'dag_dia' retrieved from /opt/airflow/dags/dag_dia.py
[2026-08-12T19:47:39.389+0000] {logging_mixin.py:190} INFO - [2026-08-12T19:47:39.389+0000] {dag.py:3211} INFO - Sync 1 DAGs
[2026-08-12T19:47:39.469+0000] {logging_mixin.py:190} INFO - [2026-08-12T19:47:39.469+0000] {dag.py:4138} INFO - Setting next_dagrun for dag_dia to 2026-08-11 00:00:00+00:00, run_after=2026-08-12 00:00:00+00:00
[2026-08-12T19:47:39.513+0000] {processor.py:208} INFO - Processing /opt/airflow/dags/dag_dia.py took 0.360 seconds
[2026-08-12T19:48:09.827+0000] {processor.py:186} INFO - Started process (PID=8852) to work on /opt/airflow/dags/dag_dia.py
[2026-08-12T19:48:09.829+0000] {processor.py:914} INFO - Processing file /opt/airflow/dags/dag_dia.py for tasks to queue
[2026-08-12T19:48:09.831+0000] {logging_mixin.py:190} INFO - [2026-08-12T19:48:09.831+0000] {dagbag.py:587} INFO - Filling up the DagBag from /opt/airflow/dags/dag_dia.py
[2026-08-12T19:48:09.889+0000] {processor.py:925} INFO - DAG(s) 'dag_dia' retrieved from /opt/airflow/dags/dag_dia.py
[2026-08-12T19:48:09.966+0000] {logging_mixin.py:190} INFO - [2026-08-12T19:48:09.965+0000] {dag.py:3211} INFO - Sync 1 DAGs
[2026-08-12T19:48:10.016+0000] {logging_mixin.py:190} INFO - [2026-08-12T19:48:10.016+0000] {dag.py:4138} INFO - Setting next_dagrun for dag_dia to 2026-08-11 00:00:00+00:00, run_after=2026-08-12 00:00:00+00:00
[2026-08-12T19:48:10.055+0000] {processor.py:208} INFO - Processing /opt/airflow/dags/dag_dia.py took 0.237 seconds
[2026-08-12T19:48:40.215+0000] {processor.py:186} INFO - Started process (PID=8863) to work on /opt/airflow/dags/dag_dia.py
[2026-08-12T19:48:40.217+0000] {processor.py:914} INFO - Processing file /opt/airflow/dags/dag_dia.py for tasks to queue
[2026-08-12T19:48:40.220+0000] {logging_mixin.py:190} INFO - [2026-08-12T19:48:40.219+0000] {dagbag.py:587} INFO - Filling up the DagBag from /opt/airflow/dags/dag_dia.py
[2026-08-12T19:48:40.265+0000] {processor.py:925} INFO - DAG(s) 'dag_dia' retrieved from /opt/airflow/dags/dag_dia.py
[2026-08-12T19:48:40.317+0000] {logging_mixin.py:190} INFO - [2026-08-12T19:48:40.316+0000] {dag.py:3211} INFO - Sync 1 DAGs
[2026-08-12T19:48:40.351+0000] {logging_mixin.py:190} INFO - [2026-08-12T19:48:40.350+0000] {dag.py:4138} INFO - Setting next_dagrun for dag_dia to 2026-08-11 00:00:00+00:00, run_after=2026-08-12 00:00:00+00:00
[2026-08-12T19:48:40.379+0000] {processor.py:208} INFO - Processing /opt/airflow/dags/dag_dia.py took 0.175 seconds
[2026-08-12T19:49:10.468+0000] {processor.py:186} INFO - Started process (PID=8874) to work on /opt/airflow/dags/dag_dia.py
[2026-08-12T19:49:10.470+0000] {processor.py:914} INFO - Processing file /opt/airflow/dags/dag_dia.py for tasks to queue
[2026-08-12T19:49:10.473+0000] {logging_mixin.py:190} INFO - [2026-08-12T19:49:10.473+0000] {dagbag.py:587} INFO - Filling up the DagBag from /opt/airflow/dags/dag_dia.py
[2026-08-12T19:49:10.531+0000] {processor.py:925} INFO - DAG(s) 'dag_dia' retrieved from /opt/airflow/dags/dag_dia.py
[2026-08-12T19:49:10.613+0000] {logging_mixin.py:190} INFO - [2026-08-12T19:49:10.612+0000] {dag.py:3211} INFO - Sync 1 DAGs
[2026-08-12T19:49:10.667+0000] {logging_mixin.py:190} INFO - [2026-08-12T19:49:10.666+0000] {dag.py:4138} INFO - Setting next_dagrun for dag_dia to 2026-08-11 00:00:00+00:00, run_after=2026-08-12 00:00:00+00:00
[2026-08-12T19:49:10.720+0000] {processor.py:208} INFO - Processing /opt/airflow/dags/dag_dia.py took 0.262 seconds
[2026-08-12T19:49:41.404+0000] {processor.py:186} INFO - Started process (PID=8885) to work on /opt/airflow/dags/dag_dia.py
[2026-08-12T19:49:41.405+0000] {processor.py:914} INFO - Processing file /opt/airflow/dags/dag_dia.py for tasks to queue
[2026-08-12T19:49:41.407+0000] {logging_mixin.py:190} INFO - [2026-08-12T19:49:41.407+0000] {dagbag.py:587} INFO - Filling up the DagBag from /opt/airflow/dags/dag_dia.py
[2026-08-12T19:49:41.449+0000] {processor.py:925} INFO - DAG(s) 'dag_dia' retrieved from /opt/airflow/dags/dag_dia.py
[2026-08-12T19:49:41.488+0000] {logging_mixin.py:190} INFO - [2026-08-12T19:49:41.488+0000] {dag.py:3211} INFO - Sync 1 DAGs
[2026-08-12T19:49:41.526+0000] {logging_mixin.py:190} INFO - [2026-08-12T19:49:41.526+0000] {dag.py:4138} INFO - Setting next_dagrun for dag_dia to 2026-08-11 00:00:00+00:00, run_after=2026-08-12 00:00:00+00:00
[2026-08-12T19:49:41.557+0000] {processor.py:208} INFO - Processing /opt/airflow/dags/dag_dia.py took 0.160 seconds
[2026-08-12T19:50:12.161+0000] {processor.py:186} INFO - Started process (PID=8897) to work on /opt/airflow/dags/dag_dia.py
[2026-08-12T19:50:12.163+0000] {processor.py:914} INFO - Processing file /opt/airflow/dags/dag_dia.py for tasks to queue
[2026-08-12T19:50:12.166+0000] {logging_mixin.py:190} INFO - [2026-08-12T19:50:12.165+0000] {dagbag.py:587} INFO - Filling up the DagBag from /opt/airflow/dags/dag_dia.py
[2026-08-12T19:50:12.225+0000] {processor.py:925} INFO - DAG(s) 'dag_dia' retrieved from /opt/airflow/dags/dag_dia.py
[2026-08-12T19:50:12.282+0000] {logging_mixin.py:190} INFO - [2026-08-12T19:50:12.282+0000] {dag.py:3211} INFO - Sync 1 DAGs
[2026-08-12T19:50:12.336+0000] {logging_mixin.py:190} INFO - [2026-08-12T19:50:12.335+0000] {dag.py:4138} INFO - Setting next_dagrun for dag_dia to 2026-08-11 00:00:00+00:00, run_after=2026-08-12 00:00:00+00:00
[2026-08-12T19:50:12.374+0000] {processor.py:208} INFO - Processing /opt/airflow/dags/dag_dia.py took 0.221 seconds
[2026-08-12T19:50:42.460+0000] {processor.py:186} INFO - Started process (PID=8908) to work on /opt/airflow/dags/dag_dia.py
[2026-08-12T19:50:42.462+0000] {processor.py:914} INFO - Processing file /opt/airflow/dags/dag_dia.py for tasks to queue
[2026-08-12T19:50:42.463+0000] {logging_mixin.py:190} INFO - [2026-08-12T19:50:42.463+0000] {dagbag.py:587} INFO - Filling up the DagBag from /opt/airflow/dags/dag_dia.py
[2026-08-12T19:50:42.488+0000] {processor.py:925} INFO - DAG(s) 'dag_dia' retrieved from /opt/airflow/dags/dag_dia.py
[2026-08-12T19:50:42.518+0000] {logging_mixin.py:190} INFO - [2026-08-12T19:50:42.518+0000] {dag.py:3211} INFO - Sync 1 DAGs
[2026-08-12T19:50:42.543+0000] {logging_mixin.py:190} INFO - [2026-08-12T19:50:42.543+0000] {dag.py:4138} INFO - Setting next_dagrun for dag_dia to 2026-08-11 00:00:00+00:00, run_after=2026-08-12 00:00:00+00:00
[2026-08-12T19:50:42.563+0000] {processor.py:208} INFO - Processing /opt/airflow/dags/dag_dia.py took 0.108 seconds
[2026-08-12T19:51:13.202+0000] {processor.py:186} INFO - Started process (PID=8919) to work on /opt/airflow/dags/dag_dia.py
[2026-08-12T19:51:13.212+0000] {processor.py:914} INFO - Processing file /opt/airflow/dags/dag_dia.py for tasks to queue
[2026-08-12T19:51:13.218+0000] {logging_mixin.py:190} INFO - [2026-08-12T19:51:13.216+0000] {dagbag.py:587} INFO - Filling up the DagBag from /opt/airflow/dags/dag_dia.py
[2026-08-12T19:51:13.292+0000] {processor.py:925} INFO - DAG(s) 'dag_dia' retrieved from /opt/airflow/dags/dag_dia.py
[2026-08-12T19:51:13.373+0000] {logging_mixin.py:190} INFO - [2026-08-12T19:51:13.372+0000] {dag.py:3211} INFO - Sync 1 DAGs
[2026-08-12T19:51:13.437+0000] {logging_mixin.py:190} INFO - [2026-08-12T19:51:13.436+0000] {dag.py:4138} INFO - Setting next_dagrun for dag_dia to 2026-08-11 00:00:00+00:00, run_after=2026-08-12 00:00:00+00:00
[2026-08-12T19:51:13.485+0000] {processor.py:208} INFO - Processing /opt/airflow/dags/dag_dia.py took 0.306 seconds
[2026-08-12T19:51:44.166+0000] {processor.py:186} INFO - Started process (PID=8923) to work on /opt/airflow/dags/dag_dia.py
[2026-08-12T19:51:44.168+0000] {processor.py:914} INFO - Processing file /opt/airflow/dags/dag_dia.py for tasks to queue
[2026-08-12T19:51:44.170+0000] {logging_mixin.py:190} INFO - [2026-08-12T19:51:44.169+0000] {dagbag.py:587} INFO - Filling up the DagBag from /opt/airflow/dags/dag_dia.py
[2026-08-12T19:51:44.210+0000] {processor.py:925} INFO - DAG(s) 'dag_dia' retrieved from /opt/airflow/dags/dag_dia.py
[2026-08-12T19:51:44.252+0000] {logging_mixin.py:190} INFO - [2026-08-12T19:51:44.251+0000] {dag.py:3211} INFO - Sync 1 DAGs
[2026-08-12T19:51:44.282+0000] {logging_mixin.py:190} INFO - [2026-08-12T19:51:44.282+0000] {dag.py:4138} INFO - Setting next_dagrun for dag_dia to 2026-08-11 00:00:00+00:00, run_after=2026-08-12 00:00:00+00:00
[2026-08-12T19:51:44.306+0000] {processor.py:208} INFO - Processing /opt/airflow/dags/dag_dia.py took 0.152 seconds
[2026-08-12T19:52:14.905+0000] {processor.py:186} INFO - Started process (PID=8934) to work on /opt/airflow/dags/dag_dia.py
[2026-08-12T19:52:14.906+0000] {processor.py:914} INFO - Processing file /opt/airflow/dags/dag_dia.py for tasks to queue
[2026-08-12T19:52:14.907+0000] {logging_mixin.py:190} INFO - [2026-08-12T19:52:14.907+0000] {dagbag.py:587} INFO - Filling up the DagBag from /opt/airflow/dags/dag_dia.py
[2026-08-12T19:52:14.933+0000] {processor.py:925} INFO - DAG(s) 'dag_dia' retrieved from /opt/airflow/dags/dag_dia.py
[2026-08-12T19:52:14.959+0000] {logging_mixin.py:190} INFO - [2026-08-12T19:52:14.959+0000] {dag.py:3211} INFO - Sync 1 DAGs
[2026-08-12T19:52:14.992+0000] {logging_mixin.py:190} INFO - [2026-08-12T19:52:14.992+0000] {dag.py:4138} INFO - Setting next_dagrun for dag_dia to 2026-08-11 00:00:00+00:00, run_after=2026-08-12 00:00:00+00:00
[2026-08-12T19:52:15.012+0000] {processor.py:208} INFO - Processing /opt/airflow/dags/dag_dia.py took 0.113 seconds
[2026-08-12T19:52:45.514+0000] {processor.py:186} INFO - Started process (PID=8945) to work on /opt/airflow/dags/dag_dia.py
[2026-08-12T19:52:45.524+0000] {processor.py:914} INFO - Processing file /opt/airflow/dags/dag_dia.py for tasks to queue
[2026-08-12T19:52:45.533+0000] {logging_mixin.py:190} INFO - [2026-08-12T19:52:45.532+0000] {dagbag.py:587} INFO - Filling up the DagBag from /opt/airflow/dags/dag_dia.py
[2026-08-12T19:52:45.734+0000] {processor.py:925} INFO - DAG(s) 'dag_dia' retrieved from /opt/airflow/dags/dag_dia.py
[2026-08-12T19:52:45.935+0000] {logging_mixin.py:190} INFO - [2026-08-12T19:52:45.930+0000] {dag.py:3211} INFO - Sync 1 DAGs
[2026-08-12T19:52:46.072+0000] {logging_mixin.py:190} INFO - [2026-08-12T19:52:46.072+0000] {dag.py:4138} INFO - Setting next_dagrun for dag_dia to 2026-08-11 00:00:00+00:00, run_after=2026-08-12 00:00:00+00:00
[2026-08-12T19:52:46.140+0000] {processor.py:208} INFO - Processing /opt/airflow/dags/dag_dia.py took 0.654 seconds
[2026-08-12T19:53:16.659+0000] {processor.py:186} INFO - Started process (PID=8955) to work on /opt/airflow/dags/dag_dia.py
[2026-08-12T19:53:16.661+0000] {processor.py:914} INFO - Processing file /opt/airflow/dags/dag_dia.py for tasks to queue
[2026-08-12T19:53:16.662+0000] {logging_mixin.py:190} INFO - [2026-08-12T19:53:16.662+0000] {dagbag.py:587} INFO - Filling up the DagBag from /opt/airflow/dags/dag_dia.py
[2026-08-12T19:53:16.695+0000] {processor.py:925} INFO - DAG(s) 'dag_dia' retrieved from /opt/airflow/dags/dag_dia.py
[2026-08-12T19:53:16.726+0000] {logging_mixin.py:190} INFO - [2026-08-12T19:53:16.725+0000] {dag.py:3211} INFO - Sync 1 DAGs
[2026-08-12T19:53:16.749+0000] {logging_mixin.py:190} INFO - [2026-08-12T19:53:16.749+0000] {dag.py:4138} INFO - Setting next_dagrun for dag_dia to 2026-08-11 00:00:00+00:00, run_after=2026-08-12 00:00:00+00:00
[2026-08-12T19:53:16.807+0000] {processor.py:208} INFO - Processing /opt/airflow/dags/dag_dia.py took 0.153 seconds
[2026-08-12T19:53:47.473+0000] {processor.py:186} INFO - Started process (PID=8966) to work on /opt/airflow/dags/dag_dia.py
[2026-08-12T19:53:47.474+0000] {processor.py:914} INFO - Processing file /opt/airflow/dags/dag_dia.py for tasks to queue
[2026-08-12T19:53:47.476+0000] {logging_mixin.py:190} INFO - [2026-08-12T19:53:47.476+0000] {dagbag.py:587} INFO - Filling up the DagBag from /opt/airflow/dags/dag_dia.py
[2026-08-12T19:53:47.509+0000] {processor.py:925} INFO - DAG(s) 'dag_dia' retrieved from /opt/airflow/dags/dag_dia.py
[2026-08-12T19:53:47.537+0000] {logging_mixin.py:190} INFO - [2026-08-12T19:53:47.537+0000] {dag.py:3211} INFO - Sync 1 DAGs
[2026-08-12T19:53:47.564+0000] {logging_mixin.py:190} INFO - [2026-08-12T19:53:47.564+0000] {dag.py:4138} INFO - Setting next_dagrun for dag_dia to 2026-08-11 00:00:00+00:00, run_after=2026-08-12 00:00:00+00:00
[2026-08-12T19:53:47.593+0000] {processor.py:208} INFO - Processing /opt/airflow/dags/dag_dia.py took 0.125 seconds
[2026-08-12T19:54:18.242+0000] {processor.py:186} INFO - Started process (PID=8977) to work on /opt/airflow/dags/dag_dia.py
[2026-08-12T19:54:18.247+0000] {processor.py:914} INFO - Processing file /opt/airflow/dags/dag_dia.py for tasks to queue
[2026-08-12T19:54:18.249+0000] {logging_mixin.py:190} INFO - [2026-08-12T19:54:18.248+0000] {dagbag.py:587} INFO - Filling up the DagBag from /opt/airflow/dags/dag_dia.py
[2026-08-12T19:54:18.292+0000] {processor.py:925} INFO - DAG(s) 'dag_dia' retrieved from /opt/airflow/dags/dag_dia.py
[2026-08-12T19:54:18.336+0000] {logging_mixin.py:190} INFO - [2026-08-12T19:54:18.336+0000] {dag.py:3211} INFO - Sync 1 DAGs
[2026-08-12T19:54:18.365+0000] {logging_mixin.py:190} INFO - [2026-08-12T19:54:18.365+0000] {dag.py:4138} INFO - Setting next_dagrun for dag_dia to 2026-08-11 00:00:00+00:00, run_after=2026-08-12 00:00:00+00:00
[2026-08-12T19:54:18.402+0000] {processor.py:208} INFO - Processing /opt/airflow/dags/dag_dia.py took 0.169 seconds
[2026-08-12T19:54:49.018+0000] {processor.py:186} INFO - Started process (PID=8988) to work on /opt/airflow/dags/dag_dia.py
[2026-08-12T19:54:49.020+0000] {processor.py:914} INFO - Processing file /opt/airflow/dags/dag_dia.py for tasks to queue
[2026-08-12T19:54:49.022+0000] {logging_mixin.py:190} INFO - [2026-08-12T19:54:49.022+0000] {dagbag.py:587} INFO - Filling up the DagBag from /opt/airflow/dags/dag_dia.py
[2026-08-12T19:54:49.062+0000] {processor.py:925} INFO - DAG(s) 'dag_dia' retrieved from /opt/airflow/dags/dag_dia.py
[2026-08-12T19:54:49.096+0000] {logging_mixin.py:190} INFO - [2026-08-12T19:54:49.096+0000] {dag.py:3211} INFO - Sync 1 DAGs
[2026-08-12T19:54:49.125+0000] {logging_mixin.py:190} INFO - [2026-08-12T19:54:49.124+0000] {dag.py:4138} INFO - Setting next_dagrun for dag_dia to 2026-08-11 00:00:00+00:00, run_after=2026-08-12 00:00:00+00:00
[2026-08-12T19:54:49.148+0000] {processor.py:208} INFO - Processing /opt/airflow/dags/dag_dia.py took 0.138 seconds
[2026-08-12T19:55:19.490+0000] {processor.py:186} INFO - Started process (PID=8999) to work on /opt/airflow/dags/dag_dia.py
[2026-08-12T19:55:19.491+0000] {processor.py:914} INFO - Processing file /opt/airflow/dags/dag_dia.py for tasks to queue
[2026-08-12T19:55:19.493+0000] {logging_mixin.py:190} INFO - [2026-08-12T19:55:19.493+0000] {dagbag.py:587} INFO - Filling up the DagBag from /opt/airflow/dags/dag_dia.py
[2026-08-12T19:55:19.533+0000] {processor.py:925} INFO - DAG(s) 'dag_dia' retrieved from /opt/airflow/dags/dag_dia.py
[2026-08-12T19:55:19.568+0000] {logging_mixin.py:190} INFO - [2026-08-12T19:55:19.567+0000] {dag.py:3211} INFO - Sync 1 DAGs
[2026-08-12T19:55:19.592+0000] {logging_mixin.py:190} INFO - [2026-08-12T19:55:19.592+0000] {dag.py:4138} INFO - Setting next_dagrun for dag_dia to 2026-08-11 00:00:00+00:00, run_after=2026-08-12 00:00:00+00:00
[2026-08-12T19:55:19.627+0000] {processor.py:208} INFO - Processing /opt/airflow/dags/dag_dia.py took 0.144 seconds
[2026-08-12T19:55:50.402+0000] {processor.py:186} INFO - Started process (PID=9010) to work on /opt/airflow/dags/dag_dia.py
[2026-08-12T19:55:50.404+0000] {processor.py:914} INFO - Processing file /opt/airflow/dags/dag_dia.py for tasks to queue
[2026-08-12T19:55:50.406+0000] {logging_mixin.py:190} INFO - [2026-08-12T19:55:50.406+0000] {dagbag.py:587} INFO - Filling up the DagBag from /opt/airflow/dags/dag_dia.py
[2026-08-12T19:55:50.453+0000] {processor.py:925} INFO - DAG(s) 'dag_dia' retrieved from /opt/airflow/dags/dag_dia.py
[2026-08-12T19:55:50.505+0000] {logging_mixin.py:190} INFO - [2026-08-12T19:55:50.505+0000] {dag.py:3211} INFO - Sync 1 DAGs
[2026-08-12T19:55:50.543+0000] {logging_mixin.py:190} INFO - [2026-08-12T19:55:50.543+0000] {dag.py:4138} INFO - Setting next_dagrun for dag_dia to 2026-08-11 00:00:00+00:00, run_after=2026-08-12 00:00:00+00:00
[2026-08-12T19:55:50.583+0000] {processor.py:208} INFO - Processing /opt/airflow/dags/dag_dia.py took 0.190 seconds
[2026-08-12T19:56:20.847+0000] {processor.py:186} INFO - Started process (PID=9021) to work on /opt/airflow/dags/dag_dia.py
[2026-08-12T19:56:20.849+0000] {processor.py:914} INFO - Processing file /opt/airflow/dags/dag_dia.py for tasks to queue
[2026-08-12T19:56:20.854+0000] {logging_mixin.py:190} INFO - [2026-08-12T19:56:20.852+0000] {dagbag.py:587} INFO - Filling up the DagBag from /opt/airflow/dags/dag_dia.py
[2026-08-12T19:56:20.914+0000] {processor.py:925} INFO - DAG(s) 'dag_dia' retrieved from /opt/airflow/dags/dag_dia.py
[2026-08-12T19:56:20.983+0000] {logging_mixin.py:190} INFO - [2026-08-12T19:56:20.982+0000] {dag.py:3211} INFO - Sync 1 DAGs
[2026-08-12T19:56:21.028+0000] {logging_mixin.py:190} INFO - [2026-08-12T19:56:21.028+0000] {dag.py:4138} INFO - Setting next_dagrun for dag_dia to 2026-08-11 00:00:00+00:00, run_after=2026-08-12 00:00:00+00:00
[2026-08-12T19:56:21.077+0000] {processor.py:208} INFO - Processing /opt/airflow/dags/dag_dia.py took 0.242 seconds
[2026-08-12T19:56:51.197+0000] {processor.py:186} INFO - Started process (PID=9025) to work on /opt/airflow/dags/dag_dia.py
[2026-08-12T19:56:51.200+0000] {processor.py:914} INFO - Processing file /opt/airflow/dags/dag_dia.py for tasks to queue
[2026-08-12T19:56:51.202+0000] {logging_mixin.py:190} INFO - [2026-08-12T19:56:51.202+0000] {dagbag.py:587} INFO - Filling up the DagBag from /opt/airflow/dags/dag_dia.py
[2026-08-12T19:56:51.237+0000] {processor.py:925} INFO - DAG(s) 'dag_dia' retrieved from /opt/airflow/dags/dag_dia.py
[2026-08-12T19:56:51.274+0000] {logging_mixin.py:190} INFO - [2026-08-12T19:56:51.274+0000] {dag.py:3211} INFO - Sync 1 DAGs
[2026-08-12T19:56:51.305+0000] {logging_mixin.py:190} INFO - [2026-08-12T19:56:51.304+0000] {dag.py:4138} INFO - Setting next_dagrun for dag_dia to 2026-08-11 00:00:00+00:00, run_after=2026-08-12 00:00:00+00:00
[2026-08-12T19:56:51.340+0000] {processor.py:208} INFO - Processing /opt/airflow/dags/dag_dia.py took 0.150 seconds
[2026-08-12T19:57:21.693+0000] {processor.py:186} INFO - Started process (PID=9036) to work on /opt/airflow/dags/dag_dia.py
[2026-08-12T19:57:21.694+0000] {processor.py:914} INFO - Processing file /opt/airflow/dags/dag_dia.py for tasks to queue
[2026-08-12T19:57:21.696+0000] {logging_mixin.py:190} INFO - [2026-08-12T19:57:21.696+0000] {dagbag.py:587} INFO - Filling up the DagBag from /opt/airflow/dags/dag_dia.py
[2026-08-12T19:57:21.735+0000] {processor.py:925} INFO - DAG(s) 'dag_dia' retrieved from /opt/airflow/dags/dag_dia.py
[2026-08-12T19:57:21.777+0000] {logging_mixin.py:190} INFO - [2026-08-12T19:57:21.777+0000] {dag.py:3211} INFO - Sync 1 DAGs
[2026-08-12T19:57:21.807+0000] {logging_mixin.py:190} INFO - [2026-08-12T19:57:21.806+0000] {dag.py:4138} INFO - Setting next_dagrun for dag_dia to 2026-08-11 00:00:00+00:00, run_after=2026-08-12 00:00:00+00:00
[2026-08-12T19:57:21.853+0000] {processor.py:208} INFO - Processing /opt/airflow/dags/dag_dia.py took 0.167 seconds
[2026-08-12T19:57:51.940+0000] {processor.py:186} INFO - Started process (PID=9047) to work on /opt/airflow/dags/dag_dia.py
[2026-08-12T19:57:51.942+0000] {processor.py:914} INFO - Processing file /opt/airflow/dags/dag_dia.py for tasks to queue
[2026-08-12T19:57:51.943+0000] {logging_mixin.py:190} INFO - [2026-08-12T19:57:51.943+0000] {dagbag.py:587} INFO - Filling up the DagBag from /opt/airflow/dags/dag_dia.py
[2026-08-12T19:57:51.979+0000] {processor.py:925} INFO - DAG(s) 'dag_dia' retrieved from /opt/airflow/dags/dag_dia.py
[2026-08-12T19:57:52.011+0000] {logging_mixin.py:190} INFO - [2026-08-12T19:57:52.011+0000] {dag.py:3211} INFO - Sync 1 DAGs
[2026-08-12T19:57:52.036+0000] {logging_mixin.py:190} INFO - [2026-08-12T19:57:52.035+0000] {dag.py:4138} INFO - Setting next_dagrun for dag_dia to 2026-08-11 00:00:00+00:00, run_after=2026-08-12 00:00:00+00:00
[2026-08-12T19:57:52.058+0000] {processor.py:208} INFO - Processing /opt/airflow/dags/dag_dia.py took 0.126 seconds
[2026-08-12T19:58:22.421+0000] {processor.py:186} INFO - Started process (PID=9058) to work on /opt/airflow/dags/dag_dia.py
[2026-08-12T19:58:22.423+0000] {processor.py:914} INFO - Processing file /opt/airflow/dags/dag_dia.py for tasks to queue
[2026-08-12T19:58:22.424+0000] {logging_mixin.py:190} INFO - [2026-08-12T19:58:22.424+0000] {dagbag.py:587} INFO - Filling up the DagBag from /opt/airflow/dags/dag_dia.py
[2026-08-12T19:58:22.456+0000] {processor.py:925} INFO - DAG(s) 'dag_dia' retrieved from /opt/airflow/dags/dag_dia.py
[2026-08-12T19:58:22.484+0000] {logging_mixin.py:190} INFO - [2026-08-12T19:58:22.484+0000] {dag.py:3211} INFO - Sync 1 DAGs
[2026-08-12T19:58:22.506+0000] {logging_mixin.py:190} INFO - [2026-08-12T19:58:22.506+0000] {dag.py:4138} INFO - Setting next_dagrun for dag_dia to 2026-08-11 00:00:00+00:00, run_after=2026-08-12 00:00:00+00:00
[2026-08-12T19:58:22.527+0000] {processor.py:208} INFO - Processing /opt/airflow/dags/dag_dia.py took 0.111 seconds
[2026-08-12T19:58:53.282+0000] {processor.py:186} INFO - Started process (PID=9069) to work on /opt/airflow/dags/dag_dia.py
[2026-08-12T19:58:53.286+0000] {processor.py:914} INFO - Processing file /opt/airflow/dags/dag_dia.py for tasks to queue
[2026-08-12T19:58:53.291+0000] {logging_mixin.py:190} INFO - [2026-08-12T19:58:53.290+0000] {dagbag.py:587} INFO - Filling up the DagBag from /opt/airflow/dags/dag_dia.py
[2026-08-12T19:58:53.389+0000] {processor.py:925} INFO - DAG(s) 'dag_dia' retrieved from /opt/airflow/dags/dag_dia.py
[2026-08-12T19:58:53.489+0000] {logging_mixin.py:190} INFO - [2026-08-12T19:58:53.488+0000] {dag.py:3211} INFO - Sync 1 DAGs
[2026-08-12T19:58:53.572+0000] {logging_mixin.py:190} INFO - [2026-08-12T19:58:53.572+0000] {dag.py:4138} INFO - Setting next_dagrun for dag_dia to 2026-08-11 00:00:00+00:00, run_after=2026-08-12 00:00:00+00:00
[2026-08-12T19:58:53.623+0000] {processor.py:208} INFO - Processing /opt/airflow/dags/dag_dia.py took 0.358 seconds
[2026-08-12T19:59:24.340+0000] {processor.py:186} INFO - Started process (PID=9080) to work on /opt/airflow/dags/dag_dia.py
[2026-08-12T19:59:24.342+0000] {processor.py:914} INFO - Processing file /opt/airflow/dags/dag_dia.py for tasks to queue
[2026-08-12T19:59:24.344+0000] {logging_mixin.py:190} INFO - [2026-08-12T19:59:24.343+0000] {dagbag.py:587} INFO - Filling up the DagBag from /opt/airflow/dags/dag_dia.py
[2026-08-12T19:59:24.383+0000] {processor.py:925} INFO - DAG(s) 'dag_dia' retrieved from /opt/airflow/dags/dag_dia.py
[2026-08-12T19:59:24.410+0000] {logging_mixin.py:190} INFO - [2026-08-12T19:59:24.410+0000] {dag.py:3211} INFO - Sync 1 DAGs
[2026-08-12T19:59:24.434+0000] {logging_mixin.py:190} INFO - [2026-08-12T19:59:24.434+0000] {dag.py:4138} INFO - Setting next_dagrun for dag_dia to 2026-08-11 00:00:00+00:00, run_after=2026-08-12 00:00:00+00:00
[2026-08-12T19:59:24.453+0000] {processor.py:208} INFO - Processing /opt/airflow/dags/dag_dia.py took 0.119 seconds
[2026-08-12T19:59:55.288+0000] {processor.py:186} INFO - Started process (PID=9091) to work on /opt/airflow/dags/dag_dia.py
[2026-08-12T19:59:55.291+0000] {processor.py:914} INFO - Processing file /opt/airflow/dags/dag_dia.py for tasks to queue
[2026-08-12T19:59:55.295+0000] {logging_mixin.py:190} INFO - [2026-08-12T19:59:55.294+0000] {dagbag.py:587} INFO - Filling up the DagBag from /opt/airflow/dags/dag_dia.py
[2026-08-12T19:59:55.351+0000] {processor.py:925} INFO - DAG(s) 'dag_dia' retrieved from /opt/airflow/dags/dag_dia.py
[2026-08-12T19:59:55.392+0000] {logging_mixin.py:190} INFO - [2026-08-12T19:59:55.391+0000] {dag.py:3211} INFO - Sync 1 DAGs
[2026-08-12T19:59:55.435+0000] {logging_mixin.py:190} INFO - [2026-08-12T19:59:55.435+0000] {dag.py:4138} INFO - Setting next_dagrun for dag_dia to 2026-08-11 00:00:00+00:00, run_after=2026-08-12 00:00:00+00:00
[2026-08-12T19:59:55.467+0000] {processor.py:208} INFO - Processing /opt/airflow/dags/dag_dia.py took 0.190 seconds
[2026-08-12T20:00:25.871+0000] {processor.py:186} INFO - Started process (PID=9102) to work on /opt/airflow/dags/dag_dia.py
[2026-08-12T20:00:25.877+0000] {processor.py:914} INFO - Processing file /opt/airflow/dags/dag_dia.py for tasks to queue
[2026-08-12T20:00:25.883+0000] {logging_mixin.py:190} INFO - [2026-08-12T20:00:25.882+0000] {dagbag.py:587} INFO - Filling up the DagBag from /opt/airflow/dags/dag_dia.py
[2026-08-12T20:00:26.000+0000] {processor.py:925} INFO - DAG(s) 'dag_dia' retrieved from /opt/airflow/dags/dag_dia.py
[2026-08-12T20:00:26.106+0000] {logging_mixin.py:190} INFO - [2026-08-12T20:00:26.105+0000] {dag.py:3211} INFO - Sync 1 DAGs
[2026-08-12T20:00:26.169+0000] {logging_mixin.py:190} INFO - [2026-08-12T20:00:26.169+0000] {dag.py:4138} INFO - Setting next_dagrun for dag_dia to 2026-08-11 00:00:00+00:00, run_after=2026-08-12 00:00:00+00:00
[2026-08-12T20:00:26.439+0000] {processor.py:208} INFO - Processing /opt/airflow/dags/dag_dia.py took 0.631 seconds
[2026-08-12T20:00:57.284+0000] {processor.py:186} INFO - Started process (PID=9113) to work on /opt/airflow/dags/dag_dia.py
[2026-08-12T20:00:57.286+0000] {processor.py:914} INFO - Processing file /opt/airflow/dags/dag_dia.py for tasks to queue
[2026-08-12T20:00:57.288+0000] {logging_mixin.py:190} INFO - [2026-08-12T20:00:57.288+0000] {dagbag.py:587} INFO - Filling up the DagBag from /opt/airflow/dags/dag_dia.py
[2026-08-12T20:00:57.334+0000] {processor.py:925} INFO - DAG(s) 'dag_dia' retrieved from /opt/airflow/dags/dag_dia.py
[2026-08-12T20:00:57.379+0000] {logging_mixin.py:190} INFO - [2026-08-12T20:00:57.378+0000] {dag.py:3211} INFO - Sync 1 DAGs
[2026-08-12T20:00:57.414+0000] {logging_mixin.py:190} INFO - [2026-08-12T20:00:57.413+0000] {dag.py:4138} INFO - Setting next_dagrun for dag_dia to 2026-08-11 00:00:00+00:00, run_after=2026-08-12 00:00:00+00:00
[2026-08-12T20:00:57.445+0000] {processor.py:208} INFO - Processing /opt/airflow/dags/dag_dia.py took 0.171 seconds
[2026-08-12T20:01:28.296+0000] {processor.py:186} INFO - Started process (PID=9117) to work on /opt/airflow/dags/dag_dia.py
[2026-08-12T20:01:28.298+0000] {processor.py:914} INFO - Processing file /opt/airflow/dags/dag_dia.py for tasks to queue
[2026-08-12T20:01:28.300+0000] {logging_mixin.py:190} INFO - [2026-08-12T20:01:28.299+0000] {dagbag.py:587} INFO - Filling up the DagBag from /opt/airflow/dags/dag_dia.py
[2026-08-12T20:01:28.336+0000] {processor.py:925} INFO - DAG(s) 'dag_dia' retrieved from /opt/airflow/dags/dag_dia.py
[2026-08-12T20:01:28.382+0000] {logging_mixin.py:190} INFO - [2026-08-12T20:01:28.382+0000] {dag.py:3211} INFO - Sync 1 DAGs
[2026-08-12T20:01:28.413+0000] {logging_mixin.py:190} INFO - [2026-08-12T20:01:28.413+0000] {dag.py:4138} INFO - Setting next_dagrun for dag_dia to 2026-08-11 00:00:00+00:00, run_after=2026-08-12 00:00:00+00:00
[2026-08-12T20:01:28.448+0000] {processor.py:208} INFO - Processing /opt/airflow/dags/dag_dia.py took 0.158 seconds
[2026-08-12T20:01:58.944+0000] {processor.py:186} INFO - Started process (PID=9128) to work on /opt/airflow/dags/dag_dia.py
[2026-08-12T20:01:58.946+0000] {processor.py:914} INFO - Processing file /opt/airflow/dags/dag_dia.py for tasks to queue
[2026-08-12T20:01:58.948+0000] {logging_mixin.py:190} INFO - [2026-08-12T20:01:58.947+0000] {dagbag.py:587} INFO - Filling up the DagBag from /opt/airflow/dags/dag_dia.py
[2026-08-12T20:01:58.982+0000] {processor.py:925} INFO - DAG(s) 'dag_dia' retrieved from /opt/airflow/dags/dag_dia.py
[2026-08-12T20:01:59.010+0000] {logging_mixin.py:190} INFO - [2026-08-12T20:01:59.010+0000] {dag.py:3211} INFO - Sync 1 DAGs
[2026-08-12T20:01:59.031+0000] {logging_mixin.py:190} INFO - [2026-08-12T20:01:59.031+0000] {dag.py:4138} INFO - Setting next_dagrun for dag_dia to 2026-08-11 00:00:00+00:00, run_after=2026-08-12 00:00:00+00:00
[2026-08-12T20:01:59.053+0000] {processor.py:208} INFO - Processing /opt/airflow/dags/dag_dia.py took 0.115 seconds
[2026-08-12T20:02:29.622+0000] {processor.py:186} INFO - Started process (PID=9139) to work on /opt/airflow/dags/dag_dia.py
[2026-08-12T20:02:29.623+0000] {processor.py:914} INFO - Processing file /opt/airflow/dags/dag_dia.py for tasks to queue
[2026-08-12T20:02:29.626+0000] {logging_mixin.py:190} INFO - [2026-08-12T20:02:29.625+0000] {dagbag.py:587} INFO - Filling up the DagBag from /opt/airflow/dags/dag_dia.py
[2026-08-12T20:02:29.659+0000] {processor.py:925} INFO - DAG(s) 'dag_dia' retrieved from /opt/airflow/dags/dag_dia.py
[2026-08-12T20:02:29.714+0000] {logging_mixin.py:190} INFO - [2026-08-12T20:02:29.714+0000] {dag.py:3211} INFO - Sync 1 DAGs
[2026-08-12T20:02:29.753+0000] {logging_mixin.py:190} INFO - [2026-08-12T20:02:29.753+0000] {dag.py:4138} INFO - Setting next_dagrun for dag_dia to 2026-08-11 00:00:00+00:00, run_after=2026-08-12 00:00:00+00:00
[2026-08-12T20:02:29.775+0000] {processor.py:208} INFO - Processing /opt/airflow/dags/dag_dia.py took 0.160 seconds
[2026-08-12T20:03:00.216+0000] {processor.py:186} INFO - Started process (PID=9150) to work on /opt/airflow/dags/dag_dia.py
[2026-08-12T20:03:00.225+0000] {processor.py:914} INFO - Processing file /opt/airflow/dags/dag_dia.py for tasks to queue
[2026-08-12T20:03:00.236+0000] {logging_mixin.py:190} INFO - [2026-08-12T20:03:00.234+0000] {dagbag.py:587} INFO - Filling up the DagBag from /opt/airflow/dags/dag_dia.py
[2026-08-12T20:03:00.418+0000] {processor.py:925} INFO - DAG(s) 'dag_dia' retrieved from /opt/airflow/dags/dag_dia.py
[2026-08-12T20:03:00.602+0000] {logging_mixin.py:190} INFO - [2026-08-12T20:03:00.600+0000] {dag.py:3211} INFO - Sync 1 DAGs
[2026-08-12T20:03:00.768+0000] {logging_mixin.py:190} INFO - [2026-08-12T20:03:00.768+0000] {dag.py:4138} INFO - Setting next_dagrun for dag_dia to 2026-08-11 00:00:00+00:00, run_after=2026-08-12 00:00:00+00:00
[2026-08-12T20:03:00.871+0000] {processor.py:208} INFO - Processing /opt/airflow/dags/dag_dia.py took 0.724 seconds
[2026-08-12T20:03:31.083+0000] {processor.py:186} INFO - Started process (PID=9161) to work on /opt/airflow/dags/dag_dia.py
[2026-08-12T20:03:31.087+0000] {processor.py:914} INFO - Processing file /opt/airflow/dags/dag_dia.py for tasks to queue
[2026-08-12T20:03:31.091+0000] {logging_mixin.py:190} INFO - [2026-08-12T20:03:31.090+0000] {dagbag.py:587} INFO - Filling up the DagBag from /opt/airflow/dags/dag_dia.py
[2026-08-12T20:03:31.169+0000] {processor.py:925} INFO - DAG(s) 'dag_dia' retrieved from /opt/airflow/dags/dag_dia.py
[2026-08-12T20:03:31.286+0000] {logging_mixin.py:190} INFO - [2026-08-12T20:03:31.285+0000] {dag.py:3211} INFO - Sync 1 DAGs
[2026-08-12T20:03:31.379+0000] {logging_mixin.py:190} INFO - [2026-08-12T20:03:31.378+0000] {dag.py:4138} INFO - Setting next_dagrun for dag_dia to 2026-08-11 00:00:00+00:00, run_after=2026-08-12 00:00:00+00:00
[2026-08-12T20:03:31.448+0000] {processor.py:208} INFO - Processing /opt/airflow/dags/dag_dia.py took 0.385 seconds
[2026-08-12T20:04:01.579+0000] {processor.py:186} INFO - Started process (PID=9172) to work on /opt/airflow/dags/dag_dia.py
[2026-08-12T20:04:01.582+0000] {processor.py:914} INFO - Processing file /opt/airflow/dags/dag_dia.py for tasks to queue
[2026-08-12T20:04:01.587+0000] {logging_mixin.py:190} INFO - [2026-08-12T20:04:01.586+0000] {dagbag.py:587} INFO - Filling up the DagBag from /opt/airflow/dags/dag_dia.py
[2026-08-12T20:04:01.668+0000] {processor.py:925} INFO - DAG(s) 'dag_dia' retrieved from /opt/airflow/dags/dag_dia.py
[2026-08-12T20:04:01.908+0000] {logging_mixin.py:190} INFO - [2026-08-12T20:04:01.907+0000] {dag.py:3211} INFO - Sync 1 DAGs
[2026-08-12T20:04:02.128+0000] {logging_mixin.py:190} INFO - [2026-08-12T20:04:02.119+0000] {dag.py:4138} INFO - Setting next_dagrun for dag_dia to 2026-08-11 00:00:00+00:00, run_after=2026-08-12 00:00:00+00:00
[2026-08-12T20:04:02.250+0000] {processor.py:208} INFO - Processing /opt/airflow/dags/dag_dia.py took 0.693 seconds
[2026-08-12T20:04:32.473+0000] {processor.py:186} INFO - Started process (PID=9183) to work on /opt/airflow/dags/dag_dia.py
[2026-08-12T20:04:32.476+0000] {processor.py:914} INFO - Processing file /opt/airflow/dags/dag_dia.py for tasks to queue
[2026-08-12T20:04:32.483+0000] {logging_mixin.py:190} INFO - [2026-08-12T20:04:32.481+0000] {dagbag.py:587} INFO - Filling up the DagBag from /opt/airflow/dags/dag_dia.py
[2026-08-12T20:04:32.560+0000] {processor.py:925} INFO - DAG(s) 'dag_dia' retrieved from /opt/airflow/dags/dag_dia.py
[2026-08-12T20:04:32.656+0000] {logging_mixin.py:190} INFO - [2026-08-12T20:04:32.655+0000] {dag.py:3211} INFO - Sync 1 DAGs
[2026-08-12T20:04:32.720+0000] {logging_mixin.py:190} INFO - [2026-08-12T20:04:32.719+0000] {dag.py:4138} INFO - Setting next_dagrun for dag_dia to 2026-08-11 00:00:00+00:00, run_after=2026-08-12 00:00:00+00:00
[2026-08-12T20:04:32.794+0000] {processor.py:208} INFO - Processing /opt/airflow/dags/dag_dia.py took 0.342 seconds
[2026-08-12T20:05:03.066+0000] {processor.py:186} INFO - Started process (PID=9187) to work on /opt/airflow/dags/dag_dia.py
[2026-08-12T20:05:03.068+0000] {processor.py:914} INFO - Processing file /opt/airflow/dags/dag_dia.py for tasks to queue
[2026-08-12T20:05:03.070+0000] {logging_mixin.py:190} INFO - [2026-08-12T20:05:03.070+0000] {dagbag.py:587} INFO - Filling up the DagBag from /opt/airflow/dags/dag_dia.py
[2026-08-12T20:05:03.113+0000] {processor.py:925} INFO - DAG(s) 'dag_dia' retrieved from /opt/airflow/dags/dag_dia.py
[2026-08-12T20:05:03.157+0000] {logging_mixin.py:190} INFO - [2026-08-12T20:05:03.157+0000] {dag.py:3211} INFO - Sync 1 DAGs
[2026-08-12T20:05:03.191+0000] {logging_mixin.py:190} INFO - [2026-08-12T20:05:03.191+0000] {dag.py:4138} INFO - Setting next_dagrun for dag_dia to 2026-08-11 00:00:00+00:00, run_after=2026-08-12 00:00:00+00:00
[2026-08-12T20:05:03.223+0000] {processor.py:208} INFO - Processing /opt/airflow/dags/dag_dia.py took 0.164 seconds
[2026-08-12T20:05:34.005+0000] {processor.py:186} INFO - Started process (PID=9198) to work on /opt/airflow/dags/dag_dia.py
[2026-08-12T20:05:34.007+0000] {processor.py:914} INFO - Processing file /opt/airflow/dags/dag_dia.py for tasks to queue
[2026-08-12T20:05:34.011+0000] {logging_mixin.py:190} INFO - [2026-08-12T20:05:34.010+0000] {dagbag.py:587} INFO - Filling up the DagBag from /opt/airflow/dags/dag_dia.py
[2026-08-12T20:05:34.062+0000] {processor.py:925} INFO - DAG(s) 'dag_dia' retrieved from /opt/airflow/dags/dag_dia.py
[2026-08-12T20:05:34.134+0000] {logging_mixin.py:190} INFO - [2026-08-12T20:05:34.133+0000] {dag.py:3211} INFO - Sync 1 DAGs
[2026-08-12T20:05:34.189+0000] {logging_mixin.py:190} INFO - [2026-08-12T20:05:34.188+0000] {dag.py:4138} INFO - Setting next_dagrun for dag_dia to 2026-08-11 00:00:00+00:00, run_after=2026-08-12 00:00:00+00:00
[2026-08-12T20:05:34.237+0000] {processor.py:208} INFO - Processing /opt/airflow/dags/dag_dia.py took 0.247 seconds
[2026-08-12T20:06:04.324+0000] {processor.py:186} INFO - Started process (PID=9209) to work on /opt/airflow/dags/dag_dia.py
[2026-08-12T20:06:04.326+0000] {processor.py:914} INFO - Processing file /opt/airflow/dags/dag_dia.py for tasks to queue
[2026-08-12T20:06:04.329+0000] {logging_mixin.py:190} INFO - [2026-08-12T20:06:04.328+0000] {dagbag.py:587} INFO - Filling up the DagBag from /opt/airflow/dags/dag_dia.py
[2026-08-12T20:06:04.366+0000] {processor.py:925} INFO - DAG(s) 'dag_dia' retrieved from /opt/airflow/dags/dag_dia.py
[2026-08-12T20:06:04.405+0000] {logging_mixin.py:190} INFO - [2026-08-12T20:06:04.405+0000] {dag.py:3211} INFO - Sync 1 DAGs
[2026-08-12T20:06:04.435+0000] {logging_mixin.py:190} INFO - [2026-08-12T20:06:04.435+0000] {dag.py:4138} INFO - Setting next_dagrun for dag_dia to 2026-08-11 00:00:00+00:00, run_after=2026-08-12 00:00:00+00:00
[2026-08-12T20:06:04.461+0000] {processor.py:208} INFO - Processing /opt/airflow/dags/dag_dia.py took 0.145 seconds
[2026-08-12T20:06:35.315+0000] {processor.py:186} INFO - Started process (PID=9220) to work on /opt/airflow/dags/dag_dia.py
[2026-08-12T20:06:35.317+0000] {processor.py:914} INFO - Processing file /opt/airflow/dags/dag_dia.py for tasks to queue
[2026-08-12T20:06:35.320+0000] {logging_mixin.py:190} INFO - [2026-08-12T20:06:35.319+0000] {dagbag.py:587} INFO - Filling up the DagBag from /opt/airflow/dags/dag_dia.py
[2026-08-12T20:06:35.362+0000] {processor.py:925} INFO - DAG(s) 'dag_dia' retrieved from /opt/airflow/dags/dag_dia.py
[2026-08-12T20:06:35.400+0000] {logging_mixin.py:190} INFO - [2026-08-12T20:06:35.400+0000] {dag.py:3211} INFO - Sync 1 DAGs
[2026-08-12T20:06:35.434+0000] {logging_mixin.py:190} INFO - [2026-08-12T20:06:35.433+0000] {dag.py:4138} INFO - Setting next_dagrun for dag_dia to 2026-08-11 00:00:00+00:00, run_after=2026-08-12 00:00:00+00:00
[2026-08-12T20:06:35.463+0000] {processor.py:208} INFO - Processing /opt/airflow/dags/dag_dia.py took 0.158 seconds
[2026-08-12T20:07:05.551+0000] {processor.py:186} INFO - Started process (PID=9231) to work on /opt/airflow/dags/dag_dia.py
[2026-08-12T20:07:05.554+0000] {processor.py:914} INFO - Processing file /opt/airflow/dags/dag_dia.py for tasks to queue
[2026-08-12T20:07:05.557+0000] {logging_mixin.py:190} INFO - [2026-08-12T20:07:05.556+0000] {dagbag.py:587} INFO - Filling up the DagBag from /opt/airflow/dags/dag_dia.py
[2026-08-12T20:07:05.609+0000] {processor.py:925} INFO - DAG(s) 'dag_dia' retrieved from /opt/airflow/dags/dag_dia.py
[2026-08-12T20:07:05.663+0000] {logging_mixin.py:190} INFO - [2026-08-12T20:07:05.662+0000] {dag.py:3211} INFO - Sync 1 DAGs
[2026-08-12T20:07:05.713+0000] {logging_mixin.py:190} INFO - [2026-08-12T20:07:05.713+0000] {dag.py:4138} INFO - Setting next_dagrun for dag_dia to 2026-08-11 00:00:00+00:00, run_after=2026-08-12 00:00:00+00:00
[2026-08-12T20:07:05.749+0000] {processor.py:208} INFO - Processing /opt/airflow/dags/dag_dia.py took 0.211 seconds
[2026-08-12T20:07:36.846+0000] {processor.py:186} INFO - Started process (PID=9246) to work on /opt/airflow/dags/dag_dia.py
[2026-08-12T20:07:36.854+0000] {processor.py:914} INFO - Processing file /opt/airflow/dags/dag_dia.py for tasks to queue
[2026-08-12T20:07:36.862+0000] {logging_mixin.py:190} INFO - [2026-08-12T20:07:36.860+0000] {dagbag.py:587} INFO - Filling up the DagBag from /opt/airflow/dags/dag_dia.py
[2026-08-12T20:07:37.045+0000] {processor.py:925} INFO - DAG(s) 'dag_dia' retrieved from /opt/airflow/dags/dag_dia.py
[2026-08-12T20:07:37.213+0000] {logging_mixin.py:190} INFO - [2026-08-12T20:07:37.212+0000] {dag.py:3211} INFO - Sync 1 DAGs
[2026-08-12T20:07:37.584+0000] {logging_mixin.py:190} INFO - [2026-08-12T20:07:37.582+0000] {dag.py:4138} INFO - Setting next_dagrun for dag_dia to 2026-08-11 00:00:00+00:00, run_after=2026-08-12 00:00:00+00:00
[2026-08-12T20:07:37.819+0000] {processor.py:208} INFO - Processing /opt/airflow/dags/dag_dia.py took 1.023 seconds
[2026-08-12T20:08:10.160+0000] {processor.py:186} INFO - Started process (PID=9256) to work on /opt/airflow/dags/dag_dia.py
[2026-08-12T20:08:10.181+0000] {processor.py:914} INFO - Processing file /opt/airflow/dags/dag_dia.py for tasks to queue
[2026-08-12T20:08:10.306+0000] {logging_mixin.py:190} INFO - [2026-08-12T20:08:10.280+0000] {dagbag.py:587} INFO - Filling up the DagBag from /opt/airflow/dags/dag_dia.py
[2026-08-12T20:08:11.542+0000] {processor.py:925} INFO - DAG(s) 'dag_dia' retrieved from /opt/airflow/dags/dag_dia.py
[2026-08-12T20:08:12.548+0000] {logging_mixin.py:190} INFO - [2026-08-12T20:08:12.544+0000] {dag.py:3211} INFO - Sync 1 DAGs
[2026-08-12T20:08:12.999+0000] {logging_mixin.py:190} INFO - [2026-08-12T20:08:12.998+0000] {dag.py:4138} INFO - Setting next_dagrun for dag_dia to 2026-08-11 00:00:00+00:00, run_after=2026-08-12 00:00:00+00:00
[2026-08-12T20:08:13.197+0000] {processor.py:208} INFO - Processing /opt/airflow/dags/dag_dia.py took 3.671 seconds
[2026-08-12T20:08:43.347+0000] {processor.py:186} INFO - Started process (PID=9260) to work on /opt/airflow/dags/dag_dia.py
[2026-08-12T20:08:43.349+0000] {processor.py:914} INFO - Processing file /opt/airflow/dags/dag_dia.py for tasks to queue
[2026-08-12T20:08:43.351+0000] {logging_mixin.py:190} INFO - [2026-08-12T20:08:43.350+0000] {dagbag.py:587} INFO - Filling up the DagBag from /opt/airflow/dags/dag_dia.py
[2026-08-12T20:08:43.389+0000] {processor.py:925} INFO - DAG(s) 'dag_dia' retrieved from /opt/airflow/dags/dag_dia.py
[2026-08-12T20:08:43.423+0000] {logging_mixin.py:190} INFO - [2026-08-12T20:08:43.423+0000] {dag.py:3211} INFO - Sync 1 DAGs
[2026-08-12T20:08:43.455+0000] {logging_mixin.py:190} INFO - [2026-08-12T20:08:43.454+0000] {dag.py:4138} INFO - Setting next_dagrun for dag_dia to 2026-08-11 00:00:00+00:00, run_after=2026-08-12 00:00:00+00:00
[2026-08-12T20:08:43.497+0000] {processor.py:208} INFO - Processing /opt/airflow/dags/dag_dia.py took 0.158 seconds
[2026-08-12T20:09:13.812+0000] {processor.py:186} INFO - Started process (PID=9270) to work on /opt/airflow/dags/dag_dia.py
[2026-08-12T20:09:13.814+0000] {processor.py:914} INFO - Processing file /opt/airflow/dags/dag_dia.py for tasks to queue
[2026-08-12T20:09:13.818+0000] {logging_mixin.py:190} INFO - [2026-08-12T20:09:13.818+0000] {dagbag.py:587} INFO - Filling up the DagBag from /opt/airflow/dags/dag_dia.py
[2026-08-12T20:09:13.872+0000] {processor.py:925} INFO - DAG(s) 'dag_dia' retrieved from /opt/airflow/dags/dag_dia.py
[2026-08-12T20:09:13.926+0000] {logging_mixin.py:190} INFO - [2026-08-12T20:09:13.926+0000] {dag.py:3211} INFO - Sync 1 DAGs
[2026-08-12T20:09:13.964+0000] {logging_mixin.py:190} INFO - [2026-08-12T20:09:13.963+0000] {dag.py:4138} INFO - Setting next_dagrun for dag_dia to 2026-08-11 00:00:00+00:00, run_after=2026-08-12 00:00:00+00:00
[2026-08-12T20:09:14.000+0000] {processor.py:208} INFO - Processing /opt/airflow/dags/dag_dia.py took 0.198 seconds
[2026-08-12T20:09:44.723+0000] {processor.py:186} INFO - Started process (PID=9280) to work on /opt/airflow/dags/dag_dia.py
[2026-08-12T20:09:44.725+0000] {processor.py:914} INFO - Processing file /opt/airflow/dags/dag_dia.py for tasks to queue
[2026-08-12T20:09:44.727+0000] {logging_mixin.py:190} INFO - [2026-08-12T20:09:44.727+0000] {dagbag.py:587} INFO - Filling up the DagBag from /opt/airflow/dags/dag_dia.py
[2026-08-12T20:09:44.771+0000] {processor.py:925} INFO - DAG(s) 'dag_dia' retrieved from /opt/airflow/dags/dag_dia.py
[2026-08-12T20:09:44.835+0000] {logging_mixin.py:190} INFO - [2026-08-12T20:09:44.834+0000] {dag.py:3211} INFO - Sync 1 DAGs
[2026-08-12T20:09:44.881+0000] {logging_mixin.py:190} INFO - [2026-08-12T20:09:44.880+0000] {dag.py:4138} INFO - Setting next_dagrun for dag_dia to 2026-08-11 00:00:00+00:00, run_after=2026-08-12 00:00:00+00:00
[2026-08-12T20:09:44.918+0000] {processor.py:208} INFO - Processing /opt/airflow/dags/dag_dia.py took 0.206 seconds
[2026-08-12T20:10:15.602+0000] {processor.py:186} INFO - Started process (PID=9290) to work on /opt/airflow/dags/dag_dia.py
[2026-08-12T20:10:15.604+0000] {processor.py:914} INFO - Processing file /opt/airflow/dags/dag_dia.py for tasks to queue
[2026-08-12T20:10:15.607+0000] {logging_mixin.py:190} INFO - [2026-08-12T20:10:15.606+0000] {dagbag.py:587} INFO - Filling up the DagBag from /opt/airflow/dags/dag_dia.py
[2026-08-12T20:10:15.662+0000] {processor.py:925} INFO - DAG(s) 'dag_dia' retrieved from /opt/airflow/dags/dag_dia.py
[2026-08-12T20:10:15.714+0000] {logging_mixin.py:190} INFO - [2026-08-12T20:10:15.713+0000] {dag.py:3211} INFO - Sync 1 DAGs
[2026-08-12T20:10:15.761+0000] {logging_mixin.py:190} INFO - [2026-08-12T20:10:15.761+0000] {dag.py:4138} INFO - Setting next_dagrun for dag_dia to 2026-08-11 00:00:00+00:00, run_after=2026-08-12 00:00:00+00:00
[2026-08-12T20:10:15.805+0000] {processor.py:208} INFO - Processing /opt/airflow/dags/dag_dia.py took 0.214 seconds
[2026-08-12T20:10:46.729+0000] {processor.py:186} INFO - Started process (PID=9300) to work on /opt/airflow/dags/dag_dia.py
[2026-08-12T20:10:46.732+0000] {processor.py:914} INFO - Processing file /opt/airflow/dags/dag_dia.py for tasks to queue
[2026-08-12T20:10:46.738+0000] {logging_mixin.py:190} INFO - [2026-08-12T20:10:46.737+0000] {dagbag.py:587} INFO - Filling up the DagBag from /opt/airflow/dags/dag_dia.py
[2026-08-12T20:10:46.818+0000] {processor.py:925} INFO - DAG(s) 'dag_dia' retrieved from /opt/airflow/dags/dag_dia.py
[2026-08-12T20:10:46.900+0000] {logging_mixin.py:190} INFO - [2026-08-12T20:10:46.899+0000] {dag.py:3211} INFO - Sync 1 DAGs
[2026-08-12T20:10:47.001+0000] {logging_mixin.py:190} INFO - [2026-08-12T20:10:47.001+0000] {dag.py:4138} INFO - Setting next_dagrun for dag_dia to 2026-08-11 00:00:00+00:00, run_after=2026-08-12 00:00:00+00:00
[2026-08-12T20:10:47.079+0000] {processor.py:208} INFO - Processing /opt/airflow/dags/dag_dia.py took 0.368 seconds
[2026-08-12T20:11:17.381+0000] {processor.py:186} INFO - Started process (PID=9311) to work on /opt/airflow/dags/dag_dia.py
[2026-08-12T20:11:17.384+0000] {processor.py:914} INFO - Processing file /opt/airflow/dags/dag_dia.py for tasks to queue
[2026-08-12T20:11:17.389+0000] {logging_mixin.py:190} INFO - [2026-08-12T20:11:17.388+0000] {dagbag.py:587} INFO - Filling up the DagBag from /opt/airflow/dags/dag_dia.py
[2026-08-12T20:11:17.442+0000] {processor.py:925} INFO - DAG(s) 'dag_dia' retrieved from /opt/airflow/dags/dag_dia.py
[2026-08-12T20:11:17.526+0000] {logging_mixin.py:190} INFO - [2026-08-12T20:11:17.525+0000] {dag.py:3211} INFO - Sync 1 DAGs
[2026-08-12T20:11:17.592+0000] {logging_mixin.py:190} INFO - [2026-08-12T20:11:17.591+0000] {dag.py:4138} INFO - Setting next_dagrun for dag_dia to 2026-08-11 00:00:00+00:00, run_after=2026-08-12 00:00:00+00:00
[2026-08-12T20:11:17.656+0000] {processor.py:208} INFO - Processing /opt/airflow/dags/dag_dia.py took 0.291 seconds
[2026-08-12T20:11:48.141+0000] {processor.py:186} INFO - Started process (PID=9314) to work on /opt/airflow/dags/dag_dia.py
[2026-08-12T20:11:48.142+0000] {processor.py:914} INFO - Processing file /opt/airflow/dags/dag_dia.py for tasks to queue
[2026-08-12T20:11:48.144+0000] {logging_mixin.py:190} INFO - [2026-08-12T20:11:48.144+0000] {dagbag.py:587} INFO - Filling up the DagBag from /opt/airflow/dags/dag_dia.py
[2026-08-12T20:11:48.185+0000] {processor.py:925} INFO - DAG(s) 'dag_dia' retrieved from /opt/airflow/dags/dag_dia.py
[2026-08-12T20:11:48.224+0000] {logging_mixin.py:190} INFO - [2026-08-12T20:11:48.224+0000] {dag.py:3211} INFO - Sync 1 DAGs
[2026-08-12T20:11:48.256+0000] {logging_mixin.py:190} INFO - [2026-08-12T20:11:48.255+0000] {dag.py:4138} INFO - Setting next_dagrun for dag_dia to 2026-08-11 00:00:00+00:00, run_after=2026-08-12 00:00:00+00:00
[2026-08-12T20:11:48.282+0000] {processor.py:208} INFO - Processing /opt/airflow/dags/dag_dia.py took 0.150 seconds
[2026-08-12T20:12:18.888+0000] {processor.py:186} INFO - Started process (PID=9324) to work on /opt/airflow/dags/dag_dia.py
[2026-08-12T20:12:18.892+0000] {processor.py:914} INFO - Processing file /opt/airflow/dags/dag_dia.py for tasks to queue
[2026-08-12T20:12:18.897+0000] {logging_mixin.py:190} INFO - [2026-08-12T20:12:18.896+0000] {dagbag.py:587} INFO - Filling up the DagBag from /opt/airflow/dags/dag_dia.py
[2026-08-12T20:12:18.980+0000] {processor.py:925} INFO - DAG(s) 'dag_dia' retrieved from /opt/airflow/dags/dag_dia.py
[2026-08-12T20:12:19.271+0000] {logging_mixin.py:190} INFO - [2026-08-12T20:12:19.270+0000] {dag.py:3211} INFO - Sync 1 DAGs
[2026-08-12T20:12:19.486+0000] {logging_mixin.py:190} INFO - [2026-08-12T20:12:19.486+0000] {dag.py:4138} INFO - Setting next_dagrun for dag_dia to 2026-08-11 00:00:00+00:00, run_after=2026-08-12 00:00:00+00:00
[2026-08-12T20:12:19.561+0000] {processor.py:208} INFO - Processing /opt/airflow/dags/dag_dia.py took 0.693 seconds
[2026-08-12T20:12:50.305+0000] {processor.py:186} INFO - Started process (PID=9334) to work on /opt/airflow/dags/dag_dia.py
[2026-08-12T20:12:50.311+0000] {processor.py:914} INFO - Processing file /opt/airflow/dags/dag_dia.py for tasks to queue
[2026-08-12T20:12:50.321+0000] {logging_mixin.py:190} INFO - [2026-08-12T20:12:50.319+0000] {dagbag.py:587} INFO - Filling up the DagBag from /opt/airflow/dags/dag_dia.py
[2026-08-12T20:12:50.437+0000] {processor.py:925} INFO - DAG(s) 'dag_dia' retrieved from /opt/airflow/dags/dag_dia.py
[2026-08-12T20:12:50.556+0000] {logging_mixin.py:190} INFO - [2026-08-12T20:12:50.555+0000] {dag.py:3211} INFO - Sync 1 DAGs
[2026-08-12T20:12:50.634+0000] {logging_mixin.py:190} INFO - [2026-08-12T20:12:50.633+0000] {dag.py:4138} INFO - Setting next_dagrun for dag_dia to 2026-08-11 00:00:00+00:00, run_after=2026-08-12 00:00:00+00:00
[2026-08-12T20:12:50.690+0000] {processor.py:208} INFO - Processing /opt/airflow/dags/dag_dia.py took 0.425 seconds
[2026-08-12T20:13:21.323+0000] {processor.py:186} INFO - Started process (PID=9344) to work on /opt/airflow/dags/dag_dia.py
[2026-08-12T20:13:21.327+0000] {processor.py:914} INFO - Processing file /opt/airflow/dags/dag_dia.py for tasks to queue
[2026-08-12T20:13:21.333+0000] {logging_mixin.py:190} INFO - [2026-08-12T20:13:21.332+0000] {dagbag.py:587} INFO - Filling up the DagBag from /opt/airflow/dags/dag_dia.py
[2026-08-12T20:13:21.408+0000] {processor.py:925} INFO - DAG(s) 'dag_dia' retrieved from /opt/airflow/dags/dag_dia.py
[2026-08-12T20:13:21.469+0000] {logging_mixin.py:190} INFO - [2026-08-12T20:13:21.468+0000] {dag.py:3211} INFO - Sync 1 DAGs
[2026-08-12T20:13:21.521+0000] {logging_mixin.py:190} INFO - [2026-08-12T20:13:21.520+0000] {dag.py:4138} INFO - Setting next_dagrun for dag_dia to 2026-08-11 00:00:00+00:00, run_after=2026-08-12 00:00:00+00:00
[2026-08-12T20:13:21.593+0000] {processor.py:208} INFO - Processing /opt/airflow/dags/dag_dia.py took 0.287 seconds
[2026-08-12T20:13:52.204+0000] {processor.py:186} INFO - Started process (PID=9355) to work on /opt/airflow/dags/dag_dia.py
[2026-08-12T20:13:52.206+0000] {processor.py:914} INFO - Processing file /opt/airflow/dags/dag_dia.py for tasks to queue
[2026-08-12T20:13:52.209+0000] {logging_mixin.py:190} INFO - [2026-08-12T20:13:52.208+0000] {dagbag.py:587} INFO - Filling up the DagBag from /opt/airflow/dags/dag_dia.py
[2026-08-12T20:13:52.259+0000] {processor.py:925} INFO - DAG(s) 'dag_dia' retrieved from /opt/airflow/dags/dag_dia.py
[2026-08-12T20:13:52.304+0000] {logging_mixin.py:190} INFO - [2026-08-12T20:13:52.303+0000] {dag.py:3211} INFO - Sync 1 DAGs
[2026-08-12T20:13:52.345+0000] {logging_mixin.py:190} INFO - [2026-08-12T20:13:52.344+0000] {dag.py:4138} INFO - Setting next_dagrun for dag_dia to 2026-08-11 00:00:00+00:00, run_after=2026-08-12 00:00:00+00:00
[2026-08-12T20:13:52.389+0000] {processor.py:208} INFO - Processing /opt/airflow/dags/dag_dia.py took 0.193 seconds
[2026-08-12T20:14:22.577+0000] {processor.py:186} INFO - Started process (PID=9365) to work on /opt/airflow/dags/dag_dia.py
[2026-08-12T20:14:22.581+0000] {processor.py:914} INFO - Processing file /opt/airflow/dags/dag_dia.py for tasks to queue
[2026-08-12T20:14:22.589+0000] {logging_mixin.py:190} INFO - [2026-08-12T20:14:22.587+0000] {dagbag.py:587} INFO - Filling up the DagBag from /opt/airflow/dags/dag_dia.py
[2026-08-12T20:14:22.699+0000] {processor.py:925} INFO - DAG(s) 'dag_dia' retrieved from /opt/airflow/dags/dag_dia.py
[2026-08-12T20:14:22.841+0000] {logging_mixin.py:190} INFO - [2026-08-12T20:14:22.840+0000] {dag.py:3211} INFO - Sync 1 DAGs
[2026-08-12T20:14:22.978+0000] {logging_mixin.py:190} INFO - [2026-08-12T20:14:22.977+0000] {dag.py:4138} INFO - Setting next_dagrun for dag_dia to 2026-08-11 00:00:00+00:00, run_after=2026-08-12 00:00:00+00:00
[2026-08-12T20:14:23.083+0000] {processor.py:208} INFO - Processing /opt/airflow/dags/dag_dia.py took 0.526 seconds
[2026-08-12T20:14:53.993+0000] {processor.py:186} INFO - Started process (PID=9368) to work on /opt/airflow/dags/dag_dia.py
[2026-08-12T20:14:53.995+0000] {processor.py:914} INFO - Processing file /opt/airflow/dags/dag_dia.py for tasks to queue
[2026-08-12T20:14:53.997+0000] {logging_mixin.py:190} INFO - [2026-08-12T20:14:53.997+0000] {dagbag.py:587} INFO - Filling up the DagBag from /opt/airflow/dags/dag_dia.py
[2026-08-12T20:14:54.047+0000] {processor.py:925} INFO - DAG(s) 'dag_dia' retrieved from /opt/airflow/dags/dag_dia.py
[2026-08-12T20:14:54.112+0000] {logging_mixin.py:190} INFO - [2026-08-12T20:14:54.111+0000] {dag.py:3211} INFO - Sync 1 DAGs
[2026-08-12T20:14:54.165+0000] {logging_mixin.py:190} INFO - [2026-08-12T20:14:54.165+0000] {dag.py:4138} INFO - Setting next_dagrun for dag_dia to 2026-08-11 00:00:00+00:00, run_after=2026-08-12 00:00:00+00:00
[2026-08-12T20:14:54.220+0000] {processor.py:208} INFO - Processing /opt/airflow/dags/dag_dia.py took 0.238 seconds
[2026-08-12T20:15:24.831+0000] {processor.py:186} INFO - Started process (PID=9378) to work on /opt/airflow/dags/dag_dia.py
[2026-08-12T20:15:24.832+0000] {processor.py:914} INFO - Processing file /opt/airflow/dags/dag_dia.py for tasks to queue
[2026-08-12T20:15:24.836+0000] {logging_mixin.py:190} INFO - [2026-08-12T20:15:24.835+0000] {dagbag.py:587} INFO - Filling up the DagBag from /opt/airflow/dags/dag_dia.py
[2026-08-12T20:15:24.874+0000] {processor.py:925} INFO - DAG(s) 'dag_dia' retrieved from /opt/airflow/dags/dag_dia.py
[2026-08-12T20:15:24.929+0000] {logging_mixin.py:190} INFO - [2026-08-12T20:15:24.929+0000] {dag.py:3211} INFO - Sync 1 DAGs
[2026-08-12T20:15:24.963+0000] {logging_mixin.py:190} INFO - [2026-08-12T20:15:24.963+0000] {dag.py:4138} INFO - Setting next_dagrun for dag_dia to 2026-08-11 00:00:00+00:00, run_after=2026-08-12 00:00:00+00:00
[2026-08-12T20:15:25.002+0000] {processor.py:208} INFO - Processing /opt/airflow/dags/dag_dia.py took 0.179 seconds
[2026-08-12T20:15:55.569+0000] {processor.py:186} INFO - Started process (PID=9388) to work on /opt/airflow/dags/dag_dia.py
[2026-08-12T20:15:55.571+0000] {processor.py:914} INFO - Processing file /opt/airflow/dags/dag_dia.py for tasks to queue
[2026-08-12T20:15:55.575+0000] {logging_mixin.py:190} INFO - [2026-08-12T20:15:55.574+0000] {dagbag.py:587} INFO - Filling up the DagBag from /opt/airflow/dags/dag_dia.py
[2026-08-12T20:15:55.621+0000] {processor.py:925} INFO - DAG(s) 'dag_dia' retrieved from /opt/airflow/dags/dag_dia.py
[2026-08-12T20:15:55.672+0000] {logging_mixin.py:190} INFO - [2026-08-12T20:15:55.671+0000] {dag.py:3211} INFO - Sync 1 DAGs
[2026-08-12T20:15:55.710+0000] {logging_mixin.py:190} INFO - [2026-08-12T20:15:55.710+0000] {dag.py:4138} INFO - Setting next_dagrun for dag_dia to 2026-08-11 00:00:00+00:00, run_after=2026-08-12 00:00:00+00:00
[2026-08-12T20:15:55.746+0000] {processor.py:208} INFO - Processing /opt/airflow/dags/dag_dia.py took 0.192 seconds
[2026-08-12T20:16:26.422+0000] {processor.py:186} INFO - Started process (PID=9398) to work on /opt/airflow/dags/dag_dia.py
[2026-08-12T20:16:26.424+0000] {processor.py:914} INFO - Processing file /opt/airflow/dags/dag_dia.py for tasks to queue
[2026-08-12T20:16:26.426+0000] {logging_mixin.py:190} INFO - [2026-08-12T20:16:26.425+0000] {dagbag.py:587} INFO - Filling up the DagBag from /opt/airflow/dags/dag_dia.py
[2026-08-12T20:16:26.474+0000] {processor.py:925} INFO - DAG(s) 'dag_dia' retrieved from /opt/airflow/dags/dag_dia.py
[2026-08-12T20:16:26.509+0000] {logging_mixin.py:190} INFO - [2026-08-12T20:16:26.509+0000] {dag.py:3211} INFO - Sync 1 DAGs
[2026-08-12T20:16:26.540+0000] {logging_mixin.py:190} INFO - [2026-08-12T20:16:26.539+0000] {dag.py:4138} INFO - Setting next_dagrun for dag_dia to 2026-08-11 00:00:00+00:00, run_after=2026-08-12 00:00:00+00:00
[2026-08-12T20:16:26.581+0000] {processor.py:208} INFO - Processing /opt/airflow/dags/dag_dia.py took 0.169 seconds
[2026-08-12T20:16:56.812+0000] {processor.py:186} INFO - Started process (PID=9408) to work on /opt/airflow/dags/dag_dia.py
[2026-08-12T20:16:56.816+0000] {processor.py:914} INFO - Processing file /opt/airflow/dags/dag_dia.py for tasks to queue
[2026-08-12T20:16:56.824+0000] {logging_mixin.py:190} INFO - [2026-08-12T20:16:56.822+0000] {dagbag.py:587} INFO - Filling up the DagBag from /opt/airflow/dags/dag_dia.py
[2026-08-12T20:16:56.924+0000] {processor.py:925} INFO - DAG(s) 'dag_dia' retrieved from /opt/airflow/dags/dag_dia.py
[2026-08-12T20:16:57.026+0000] {logging_mixin.py:190} INFO - [2026-08-12T20:16:57.025+0000] {dag.py:3211} INFO - Sync 1 DAGs
[2026-08-12T20:16:57.102+0000] {logging_mixin.py:190} INFO - [2026-08-12T20:16:57.101+0000] {dag.py:4138} INFO - Setting next_dagrun for dag_dia to 2026-08-11 00:00:00+00:00, run_after=2026-08-12 00:00:00+00:00
[2026-08-12T20:16:57.171+0000] {processor.py:208} INFO - Processing /opt/airflow/dags/dag_dia.py took 0.384 seconds
[2026-08-12T20:17:28.064+0000] {processor.py:186} INFO - Started process (PID=9418) to work on /opt/airflow/dags/dag_dia.py
[2026-08-12T20:17:28.068+0000] {processor.py:914} INFO - Processing file /opt/airflow/dags/dag_dia.py for tasks to queue
[2026-08-12T20:17:28.074+0000] {logging_mixin.py:190} INFO - [2026-08-12T20:17:28.073+0000] {dagbag.py:587} INFO - Filling up the DagBag from /opt/airflow/dags/dag_dia.py
[2026-08-12T20:17:28.173+0000] {processor.py:925} INFO - DAG(s) 'dag_dia' retrieved from /opt/airflow/dags/dag_dia.py
[2026-08-12T20:17:28.307+0000] {logging_mixin.py:190} INFO - [2026-08-12T20:17:28.306+0000] {dag.py:3211} INFO - Sync 1 DAGs
[2026-08-12T20:17:28.433+0000] {logging_mixin.py:190} INFO - [2026-08-12T20:17:28.432+0000] {dag.py:4138} INFO - Setting next_dagrun for dag_dia to 2026-08-11 00:00:00+00:00, run_after=2026-08-12 00:00:00+00:00
[2026-08-12T20:17:28.536+0000] {processor.py:208} INFO - Processing /opt/airflow/dags/dag_dia.py took 0.510 seconds
[2026-08-12T20:17:58.794+0000] {processor.py:186} INFO - Started process (PID=9422) to work on /opt/airflow/dags/dag_dia.py
[2026-08-12T20:17:58.797+0000] {processor.py:914} INFO - Processing file /opt/airflow/dags/dag_dia.py for tasks to queue
[2026-08-12T20:17:58.799+0000] {logging_mixin.py:190} INFO - [2026-08-12T20:17:58.799+0000] {dagbag.py:587} INFO - Filling up the DagBag from /opt/airflow/dags/dag_dia.py
[2026-08-12T20:17:58.848+0000] {processor.py:925} INFO - DAG(s) 'dag_dia' retrieved from /opt/airflow/dags/dag_dia.py
[2026-08-12T20:17:58.899+0000] {logging_mixin.py:190} INFO - [2026-08-12T20:17:58.899+0000] {dag.py:3211} INFO - Sync 1 DAGs
[2026-08-12T20:17:58.938+0000] {logging_mixin.py:190} INFO - [2026-08-12T20:17:58.938+0000] {dag.py:4138} INFO - Setting next_dagrun for dag_dia to 2026-08-11 00:00:00+00:00, run_after=2026-08-12 00:00:00+00:00
[2026-08-12T20:17:58.966+0000] {processor.py:208} INFO - Processing /opt/airflow/dags/dag_dia.py took 0.182 seconds
[2026-08-12T20:18:29.391+0000] {processor.py:186} INFO - Started process (PID=9432) to work on /opt/airflow/dags/dag_dia.py
[2026-08-12T20:18:29.396+0000] {processor.py:914} INFO - Processing file /opt/airflow/dags/dag_dia.py for tasks to queue
[2026-08-12T20:18:29.406+0000] {logging_mixin.py:190} INFO - [2026-08-12T20:18:29.404+0000] {dagbag.py:587} INFO - Filling up the DagBag from /opt/airflow/dags/dag_dia.py
[2026-08-12T20:18:29.507+0000] {processor.py:925} INFO - DAG(s) 'dag_dia' retrieved from /opt/airflow/dags/dag_dia.py
[2026-08-12T20:18:29.662+0000] {logging_mixin.py:190} INFO - [2026-08-12T20:18:29.661+0000] {dag.py:3211} INFO - Sync 1 DAGs
[2026-08-12T20:18:29.763+0000] {logging_mixin.py:190} INFO - [2026-08-12T20:18:29.762+0000] {dag.py:4138} INFO - Setting next_dagrun for dag_dia to 2026-08-11 00:00:00+00:00, run_after=2026-08-12 00:00:00+00:00
[2026-08-12T20:18:29.971+0000] {processor.py:208} INFO - Processing /opt/airflow/dags/dag_dia.py took 0.609 seconds
[2026-08-12T20:19:00.371+0000] {processor.py:186} INFO - Started process (PID=9443) to work on /opt/airflow/dags/dag_dia.py
[2026-08-12T20:19:00.372+0000] {processor.py:914} INFO - Processing file /opt/airflow/dags/dag_dia.py for tasks to queue
[2026-08-12T20:19:00.375+0000] {logging_mixin.py:190} INFO - [2026-08-12T20:19:00.374+0000] {dagbag.py:587} INFO - Filling up the DagBag from /opt/airflow/dags/dag_dia.py
[2026-08-12T20:19:00.420+0000] {processor.py:925} INFO - DAG(s) 'dag_dia' retrieved from /opt/airflow/dags/dag_dia.py
[2026-08-12T20:19:00.471+0000] {logging_mixin.py:190} INFO - [2026-08-12T20:19:00.471+0000] {dag.py:3211} INFO - Sync 1 DAGs
[2026-08-12T20:19:00.515+0000] {logging_mixin.py:190} INFO - [2026-08-12T20:19:00.515+0000] {dag.py:4138} INFO - Setting next_dagrun for dag_dia to 2026-08-11 00:00:00+00:00, run_after=2026-08-12 00:00:00+00:00
[2026-08-12T20:19:00.547+0000] {processor.py:208} INFO - Processing /opt/airflow/dags/dag_dia.py took 0.190 seconds
[2026-08-12T20:19:31.350+0000] {processor.py:186} INFO - Started process (PID=9458) to work on /opt/airflow/dags/dag_dia.py
[2026-08-12T20:19:31.379+0000] {processor.py:914} INFO - Processing file /opt/airflow/dags/dag_dia.py for tasks to queue
[2026-08-12T20:19:31.395+0000] {logging_mixin.py:190} INFO - [2026-08-12T20:19:31.393+0000] {dagbag.py:587} INFO - Filling up the DagBag from /opt/airflow/dags/dag_dia.py
[2026-08-12T20:19:31.740+0000] {processor.py:925} INFO - DAG(s) 'dag_dia' retrieved from /opt/airflow/dags/dag_dia.py
[2026-08-12T20:19:32.081+0000] {logging_mixin.py:190} INFO - [2026-08-12T20:19:32.064+0000] {dag.py:3211} INFO - Sync 1 DAGs
[2026-08-12T20:19:32.390+0000] {logging_mixin.py:190} INFO - [2026-08-12T20:19:32.389+0000] {dag.py:4138} INFO - Setting next_dagrun for dag_dia to 2026-08-11 00:00:00+00:00, run_after=2026-08-12 00:00:00+00:00
[2026-08-12T20:19:32.649+0000] {processor.py:208} INFO - Processing /opt/airflow/dags/dag_dia.py took 1.481 seconds
[2026-08-12T20:20:03.934+0000] {processor.py:186} INFO - Started process (PID=9473) to work on /opt/airflow/dags/dag_dia.py
[2026-08-12T20:20:03.939+0000] {processor.py:914} INFO - Processing file /opt/airflow/dags/dag_dia.py for tasks to queue
[2026-08-12T20:20:03.944+0000] {logging_mixin.py:190} INFO - [2026-08-12T20:20:03.943+0000] {dagbag.py:587} INFO - Filling up the DagBag from /opt/airflow/dags/dag_dia.py
[2026-08-12T20:20:04.142+0000] {processor.py:925} INFO - DAG(s) 'dag_dia' retrieved from /opt/airflow/dags/dag_dia.py
[2026-08-12T20:20:04.393+0000] {logging_mixin.py:190} INFO - [2026-08-12T20:20:04.392+0000] {dag.py:3211} INFO - Sync 1 DAGs
[2026-08-12T20:20:04.646+0000] {logging_mixin.py:190} INFO - [2026-08-12T20:20:04.645+0000] {dag.py:4138} INFO - Setting next_dagrun for dag_dia to 2026-08-11 00:00:00+00:00, run_after=2026-08-12 00:00:00+00:00
[2026-08-12T20:20:04.924+0000] {processor.py:208} INFO - Processing /opt/airflow/dags/dag_dia.py took 1.024 seconds
[2026-08-12T20:20:39.021+0000] {processor.py:186} INFO - Started process (PID=9488) to work on /opt/airflow/dags/dag_dia.py
[2026-08-12T20:20:39.093+0000] {processor.py:914} INFO - Processing file /opt/airflow/dags/dag_dia.py for tasks to queue
[2026-08-12T20:20:39.211+0000] {logging_mixin.py:190} INFO - [2026-08-12T20:20:39.121+0000] {dagbag.py:587} INFO - Filling up the DagBag from /opt/airflow/dags/dag_dia.py
[2026-08-12T20:20:40.614+0000] {processor.py:925} INFO - DAG(s) 'dag_dia' retrieved from /opt/airflow/dags/dag_dia.py
[2026-08-12T20:20:41.282+0000] {logging_mixin.py:190} INFO - [2026-08-12T20:20:41.280+0000] {dag.py:3211} INFO - Sync 1 DAGs
[2026-08-12T20:20:42.040+0000] {logging_mixin.py:190} INFO - [2026-08-12T20:20:42.038+0000] {dag.py:4138} INFO - Setting next_dagrun for dag_dia to 2026-08-11 00:00:00+00:00, run_after=2026-08-12 00:00:00+00:00
[2026-08-12T20:20:42.616+0000] {processor.py:208} INFO - Processing /opt/airflow/dags/dag_dia.py took 5.343 seconds
[2026-08-12T20:21:14.021+0000] {processor.py:186} INFO - Started process (PID=9512) to work on /opt/airflow/dags/dag_dia.py
[2026-08-12T20:21:14.039+0000] {processor.py:914} INFO - Processing file /opt/airflow/dags/dag_dia.py for tasks to queue
[2026-08-12T20:21:14.088+0000] {logging_mixin.py:190} INFO - [2026-08-12T20:21:14.063+0000] {dagbag.py:587} INFO - Filling up the DagBag from /opt/airflow/dags/dag_dia.py
[2026-08-12T20:21:14.609+0000] {processor.py:925} INFO - DAG(s) 'dag_dia' retrieved from /opt/airflow/dags/dag_dia.py
[2026-08-12T20:21:14.878+0000] {logging_mixin.py:190} INFO - [2026-08-12T20:21:14.876+0000] {dag.py:3211} INFO - Sync 1 DAGs
[2026-08-12T20:21:15.118+0000] {logging_mixin.py:190} INFO - [2026-08-12T20:21:15.117+0000] {dag.py:4138} INFO - Setting next_dagrun for dag_dia to 2026-08-11 00:00:00+00:00, run_after=2026-08-12 00:00:00+00:00
[2026-08-12T20:21:15.360+0000] {processor.py:208} INFO - Processing /opt/airflow/dags/dag_dia.py took 1.615 seconds
[2026-08-12T20:21:46.374+0000] {processor.py:186} INFO - Started process (PID=9515) to work on /opt/airflow/dags/dag_dia.py
[2026-08-12T20:21:46.382+0000] {processor.py:914} INFO - Processing file /opt/airflow/dags/dag_dia.py for tasks to queue
[2026-08-12T20:21:46.396+0000] {logging_mixin.py:190} INFO - [2026-08-12T20:21:46.393+0000] {dagbag.py:587} INFO - Filling up the DagBag from /opt/airflow/dags/dag_dia.py
[2026-08-12T20:21:46.558+0000] {processor.py:925} INFO - DAG(s) 'dag_dia' retrieved from /opt/airflow/dags/dag_dia.py
[2026-08-12T20:21:46.854+0000] {logging_mixin.py:190} INFO - [2026-08-12T20:21:46.851+0000] {dag.py:3211} INFO - Sync 1 DAGs
[2026-08-12T20:21:47.099+0000] {logging_mixin.py:190} INFO - [2026-08-12T20:21:47.097+0000] {dag.py:4138} INFO - Setting next_dagrun for dag_dia to 2026-08-11 00:00:00+00:00, run_after=2026-08-12 00:00:00+00:00
[2026-08-12T20:21:47.319+0000] {processor.py:208} INFO - Processing /opt/airflow/dags/dag_dia.py took 1.019 seconds
[2026-08-12T20:22:18.533+0000] {processor.py:186} INFO - Started process (PID=9525) to work on /opt/airflow/dags/dag_dia.py
[2026-08-12T20:22:18.543+0000] {processor.py:914} INFO - Processing file /opt/airflow/dags/dag_dia.py for tasks to queue
[2026-08-12T20:22:18.581+0000] {logging_mixin.py:190} INFO - [2026-08-12T20:22:18.564+0000] {dagbag.py:587} INFO - Filling up the DagBag from /opt/airflow/dags/dag_dia.py
[2026-08-12T20:22:19.273+0000] {processor.py:925} INFO - DAG(s) 'dag_dia' retrieved from /opt/airflow/dags/dag_dia.py
[2026-08-12T20:22:20.026+0000] {logging_mixin.py:190} INFO - [2026-08-12T20:22:20.024+0000] {dag.py:3211} INFO - Sync 1 DAGs
[2026-08-12T20:22:20.436+0000] {logging_mixin.py:190} INFO - [2026-08-12T20:22:20.435+0000] {dag.py:4138} INFO - Setting next_dagrun for dag_dia to 2026-08-11 00:00:00+00:00, run_after=2026-08-12 00:00:00+00:00
[2026-08-12T20:22:20.910+0000] {processor.py:208} INFO - Processing /opt/airflow/dags/dag_dia.py took 2.550 seconds
[2026-08-12T20:22:51.267+0000] {processor.py:186} INFO - Started process (PID=9535) to work on /opt/airflow/dags/dag_dia.py
[2026-08-12T20:22:51.270+0000] {processor.py:914} INFO - Processing file /opt/airflow/dags/dag_dia.py for tasks to queue
[2026-08-12T20:22:51.273+0000] {logging_mixin.py:190} INFO - [2026-08-12T20:22:51.271+0000] {dagbag.py:587} INFO - Filling up the DagBag from /opt/airflow/dags/dag_dia.py
[2026-08-12T20:22:51.321+0000] {processor.py:925} INFO - DAG(s) 'dag_dia' retrieved from /opt/airflow/dags/dag_dia.py
[2026-08-12T20:22:51.374+0000] {logging_mixin.py:190} INFO - [2026-08-12T20:22:51.373+0000] {dag.py:3211} INFO - Sync 1 DAGs
[2026-08-12T20:22:51.422+0000] {logging_mixin.py:190} INFO - [2026-08-12T20:22:51.421+0000] {dag.py:4138} INFO - Setting next_dagrun for dag_dia to 2026-08-11 00:00:00+00:00, run_after=2026-08-12 00:00:00+00:00
[2026-08-12T20:22:51.482+0000] {processor.py:208} INFO - Processing /opt/airflow/dags/dag_dia.py took 0.224 seconds
[2026-08-12T20:23:21.771+0000] {processor.py:186} INFO - Started process (PID=9545) to work on /opt/airflow/dags/dag_dia.py
[2026-08-12T20:23:21.774+0000] {processor.py:914} INFO - Processing file /opt/airflow/dags/dag_dia.py for tasks to queue
[2026-08-12T20:23:21.777+0000] {logging_mixin.py:190} INFO - [2026-08-12T20:23:21.777+0000] {dagbag.py:587} INFO - Filling up the DagBag from /opt/airflow/dags/dag_dia.py
[2026-08-12T20:23:21.827+0000] {processor.py:925} INFO - DAG(s) 'dag_dia' retrieved from /opt/airflow/dags/dag_dia.py
[2026-08-12T20:23:21.883+0000] {logging_mixin.py:190} INFO - [2026-08-12T20:23:21.883+0000] {dag.py:3211} INFO - Sync 1 DAGs
[2026-08-12T20:23:21.940+0000] {logging_mixin.py:190} INFO - [2026-08-12T20:23:21.939+0000] {dag.py:4138} INFO - Setting next_dagrun for dag_dia to 2026-08-11 00:00:00+00:00, run_after=2026-08-12 00:00:00+00:00
[2026-08-12T20:23:22.007+0000] {processor.py:208} INFO - Processing /opt/airflow/dags/dag_dia.py took 0.249 seconds
[2026-08-12T20:23:52.729+0000] {processor.py:186} INFO - Started process (PID=9555) to work on /opt/airflow/dags/dag_dia.py
[2026-08-12T20:23:52.731+0000] {processor.py:914} INFO - Processing file /opt/airflow/dags/dag_dia.py for tasks to queue
[2026-08-12T20:23:52.735+0000] {logging_mixin.py:190} INFO - [2026-08-12T20:23:52.733+0000] {dagbag.py:587} INFO - Filling up the DagBag from /opt/airflow/dags/dag_dia.py
[2026-08-12T20:23:52.774+0000] {processor.py:925} INFO - DAG(s) 'dag_dia' retrieved from /opt/airflow/dags/dag_dia.py
[2026-08-12T20:23:52.820+0000] {logging_mixin.py:190} INFO - [2026-08-12T20:23:52.820+0000] {dag.py:3211} INFO - Sync 1 DAGs
[2026-08-12T20:23:52.858+0000] {logging_mixin.py:190} INFO - [2026-08-12T20:23:52.858+0000] {dag.py:4138} INFO - Setting next_dagrun for dag_dia to 2026-08-11 00:00:00+00:00, run_after=2026-08-12 00:00:00+00:00
[2026-08-12T20:23:52.912+0000] {processor.py:208} INFO - Processing /opt/airflow/dags/dag_dia.py took 0.190 seconds
[2026-08-12T20:24:23.831+0000] {processor.py:186} INFO - Started process (PID=9566) to work on /opt/airflow/dags/dag_dia.py
[2026-08-12T20:24:23.833+0000] {processor.py:914} INFO - Processing file /opt/airflow/dags/dag_dia.py for tasks to queue
[2026-08-12T20:24:23.835+0000] {logging_mixin.py:190} INFO - [2026-08-12T20:24:23.834+0000] {dagbag.py:587} INFO - Filling up the DagBag from /opt/airflow/dags/dag_dia.py
[2026-08-12T20:24:23.898+0000] {processor.py:925} INFO - DAG(s) 'dag_dia' retrieved from /opt/airflow/dags/dag_dia.py
[2026-08-12T20:24:23.925+0000] {logging_mixin.py:190} INFO - [2026-08-12T20:24:23.925+0000] {dag.py:3211} INFO - Sync 1 DAGs
[2026-08-12T20:24:23.947+0000] {logging_mixin.py:190} INFO - [2026-08-12T20:24:23.947+0000] {dag.py:4138} INFO - Setting next_dagrun for dag_dia to 2026-08-11 00:00:00+00:00, run_after=2026-08-12 00:00:00+00:00
[2026-08-12T20:24:23.984+0000] {processor.py:208} INFO - Processing /opt/airflow/dags/dag_dia.py took 0.160 seconds
[2026-08-12T20:24:54.739+0000] {processor.py:186} INFO - Started process (PID=9576) to work on /opt/airflow/dags/dag_dia.py
[2026-08-12T20:24:54.742+0000] {processor.py:914} INFO - Processing file /opt/airflow/dags/dag_dia.py for tasks to queue
[2026-08-12T20:24:54.747+0000] {logging_mixin.py:190} INFO - [2026-08-12T20:24:54.746+0000] {dagbag.py:587} INFO - Filling up the DagBag from /opt/airflow/dags/dag_dia.py
[2026-08-12T20:24:54.855+0000] {processor.py:925} INFO - DAG(s) 'dag_dia' retrieved from /opt/airflow/dags/dag_dia.py
[2026-08-12T20:24:54.968+0000] {logging_mixin.py:190} INFO - [2026-08-12T20:24:54.967+0000] {dag.py:3211} INFO - Sync 1 DAGs
[2026-08-12T20:24:55.046+0000] {logging_mixin.py:190} INFO - [2026-08-12T20:24:55.045+0000] {dag.py:4138} INFO - Setting next_dagrun for dag_dia to 2026-08-11 00:00:00+00:00, run_after=2026-08-12 00:00:00+00:00
[2026-08-12T20:24:55.113+0000] {processor.py:208} INFO - Processing /opt/airflow/dags/dag_dia.py took 0.399 seconds
[2026-08-12T20:25:25.676+0000] {processor.py:186} INFO - Started process (PID=9579) to work on /opt/airflow/dags/dag_dia.py
[2026-08-12T20:25:25.678+0000] {processor.py:914} INFO - Processing file /opt/airflow/dags/dag_dia.py for tasks to queue
[2026-08-12T20:25:25.681+0000] {logging_mixin.py:190} INFO - [2026-08-12T20:25:25.681+0000] {dagbag.py:587} INFO - Filling up the DagBag from /opt/airflow/dags/dag_dia.py
[2026-08-12T20:25:25.720+0000] {processor.py:925} INFO - DAG(s) 'dag_dia' retrieved from /opt/airflow/dags/dag_dia.py
[2026-08-12T20:25:25.775+0000] {logging_mixin.py:190} INFO - [2026-08-12T20:25:25.774+0000] {dag.py:3211} INFO - Sync 1 DAGs
[2026-08-12T20:25:25.847+0000] {logging_mixin.py:190} INFO - [2026-08-12T20:25:25.846+0000] {dag.py:4138} INFO - Setting next_dagrun for dag_dia to 2026-08-11 00:00:00+00:00, run_after=2026-08-12 00:00:00+00:00
[2026-08-12T20:25:25.905+0000] {processor.py:208} INFO - Processing /opt/airflow/dags/dag_dia.py took 0.236 seconds
[2026-08-12T20:25:56.418+0000] {processor.py:186} INFO - Started process (PID=9589) to work on /opt/airflow/dags/dag_dia.py
[2026-08-12T20:25:56.420+0000] {processor.py:914} INFO - Processing file /opt/airflow/dags/dag_dia.py for tasks to queue
[2026-08-12T20:25:56.422+0000] {logging_mixin.py:190} INFO - [2026-08-12T20:25:56.421+0000] {dagbag.py:587} INFO - Filling up the DagBag from /opt/airflow/dags/dag_dia.py
[2026-08-12T20:25:56.470+0000] {processor.py:925} INFO - DAG(s) 'dag_dia' retrieved from /opt/airflow/dags/dag_dia.py
[2026-08-12T20:25:56.509+0000] {logging_mixin.py:190} INFO - [2026-08-12T20:25:56.508+0000] {dag.py:3211} INFO - Sync 1 DAGs
[2026-08-12T20:25:56.535+0000] {logging_mixin.py:190} INFO - [2026-08-12T20:25:56.534+0000] {dag.py:4138} INFO - Setting next_dagrun for dag_dia to 2026-08-11 00:00:00+00:00, run_after=2026-08-12 00:00:00+00:00
[2026-08-12T20:25:56.570+0000] {processor.py:208} INFO - Processing /opt/airflow/dags/dag_dia.py took 0.164 seconds
[2026-08-12T20:26:27.114+0000] {processor.py:186} INFO - Started process (PID=9599) to work on /opt/airflow/dags/dag_dia.py
[2026-08-12T20:26:27.116+0000] {processor.py:914} INFO - Processing file /opt/airflow/dags/dag_dia.py for tasks to queue
[2026-08-12T20:26:27.118+0000] {logging_mixin.py:190} INFO - [2026-08-12T20:26:27.118+0000] {dagbag.py:587} INFO - Filling up the DagBag from /opt/airflow/dags/dag_dia.py
[2026-08-12T20:26:27.167+0000] {processor.py:925} INFO - DAG(s) 'dag_dia' retrieved from /opt/airflow/dags/dag_dia.py
[2026-08-12T20:26:27.207+0000] {logging_mixin.py:190} INFO - [2026-08-12T20:26:27.206+0000] {dag.py:3211} INFO - Sync 1 DAGs
[2026-08-12T20:26:27.240+0000] {logging_mixin.py:190} INFO - [2026-08-12T20:26:27.240+0000] {dag.py:4138} INFO - Setting next_dagrun for dag_dia to 2026-08-11 00:00:00+00:00, run_after=2026-08-12 00:00:00+00:00
[2026-08-12T20:26:27.266+0000] {processor.py:208} INFO - Processing /opt/airflow/dags/dag_dia.py took 0.160 seconds
[2026-08-12T20:26:57.824+0000] {processor.py:186} INFO - Started process (PID=9609) to work on /opt/airflow/dags/dag_dia.py
[2026-08-12T20:26:57.826+0000] {processor.py:914} INFO - Processing file /opt/airflow/dags/dag_dia.py for tasks to queue
[2026-08-12T20:26:57.828+0000] {logging_mixin.py:190} INFO - [2026-08-12T20:26:57.828+0000] {dagbag.py:587} INFO - Filling up the DagBag from /opt/airflow/dags/dag_dia.py
[2026-08-12T20:26:57.873+0000] {processor.py:925} INFO - DAG(s) 'dag_dia' retrieved from /opt/airflow/dags/dag_dia.py
[2026-08-12T20:26:57.923+0000] {logging_mixin.py:190} INFO - [2026-08-12T20:26:57.923+0000] {dag.py:3211} INFO - Sync 1 DAGs
[2026-08-12T20:26:57.956+0000] {logging_mixin.py:190} INFO - [2026-08-12T20:26:57.955+0000] {dag.py:4138} INFO - Setting next_dagrun for dag_dia to 2026-08-11 00:00:00+00:00, run_after=2026-08-12 00:00:00+00:00
[2026-08-12T20:26:57.987+0000] {processor.py:208} INFO - Processing /opt/airflow/dags/dag_dia.py took 0.171 seconds
[2026-08-12T20:27:28.577+0000] {processor.py:186} INFO - Started process (PID=9619) to work on /opt/airflow/dags/dag_dia.py
[2026-08-12T20:27:28.579+0000] {processor.py:914} INFO - Processing file /opt/airflow/dags/dag_dia.py for tasks to queue
[2026-08-12T20:27:28.581+0000] {logging_mixin.py:190} INFO - [2026-08-12T20:27:28.581+0000] {dagbag.py:587} INFO - Filling up the DagBag from /opt/airflow/dags/dag_dia.py
[2026-08-12T20:27:28.622+0000] {processor.py:925} INFO - DAG(s) 'dag_dia' retrieved from /opt/airflow/dags/dag_dia.py
[2026-08-12T20:27:28.652+0000] {logging_mixin.py:190} INFO - [2026-08-12T20:27:28.652+0000] {dag.py:3211} INFO - Sync 1 DAGs
[2026-08-12T20:27:28.676+0000] {logging_mixin.py:190} INFO - [2026-08-12T20:27:28.675+0000] {dag.py:4138} INFO - Setting next_dagrun for dag_dia to 2026-08-11 00:00:00+00:00, run_after=2026-08-12 00:00:00+00:00
[2026-08-12T20:27:28.714+0000] {processor.py:208} INFO - Processing /opt/airflow/dags/dag_dia.py took 0.143 seconds
[2026-08-12T20:28:16.432+0000] {processor.py:186} INFO - Started process (PID=9967) to work on /opt/airflow/dags/dag_dia.py
[2026-08-12T20:28:16.435+0000] {processor.py:914} INFO - Processing file /opt/airflow/dags/dag_dia.py for tasks to queue
[2026-08-12T20:28:16.449+0000] {logging_mixin.py:190} INFO - [2026-08-12T20:28:16.446+0000] {dagbag.py:587} INFO - Filling up the DagBag from /opt/airflow/dags/dag_dia.py
[2026-08-12T20:28:16.551+0000] {processor.py:925} INFO - DAG(s) 'dag_dia' retrieved from /opt/airflow/dags/dag_dia.py
[2026-08-12T20:28:16.663+0000] {logging_mixin.py:190} INFO - [2026-08-12T20:28:16.661+0000] {dag.py:3211} INFO - Sync 1 DAGs
[2026-08-12T20:28:16.771+0000] {logging_mixin.py:190} INFO - [2026-08-12T20:28:16.770+0000] {dag.py:4138} INFO - Setting next_dagrun for dag_dia to 2026-08-11 00:00:00+00:00, run_after=2026-08-12 00:00:00+00:00
[2026-08-12T20:28:16.844+0000] {processor.py:208} INFO - Processing /opt/airflow/dags/dag_dia.py took 0.432 seconds
[2026-08-12T20:29:21.238+0000] {processor.py:186} INFO - Started process (PID=10526) to work on /opt/airflow/dags/dag_dia.py
[2026-08-12T20:29:21.243+0000] {processor.py:914} INFO - Processing file /opt/airflow/dags/dag_dia.py for tasks to queue
[2026-08-12T20:29:21.249+0000] {logging_mixin.py:190} INFO - [2026-08-12T20:29:21.248+0000] {dagbag.py:587} INFO - Filling up the DagBag from /opt/airflow/dags/dag_dia.py
[2026-08-12T20:29:21.368+0000] {processor.py:925} INFO - DAG(s) 'dag_dia' retrieved from /opt/airflow/dags/dag_dia.py
[2026-08-12T20:29:21.527+0000] {logging_mixin.py:190} INFO - [2026-08-12T20:29:21.526+0000] {dag.py:3211} INFO - Sync 1 DAGs
[2026-08-12T20:29:21.663+0000] {logging_mixin.py:190} INFO - [2026-08-12T20:29:21.662+0000] {dag.py:4138} INFO - Setting next_dagrun for dag_dia to 2026-08-11 00:00:00+00:00, run_after=2026-08-12 00:00:00+00:00
[2026-08-12T20:29:21.754+0000] {processor.py:208} INFO - Processing /opt/airflow/dags/dag_dia.py took 0.554 seconds
[2026-08-12T20:30:05.507+0000] {processor.py:186} INFO - Started process (PID=11009) to work on /opt/airflow/dags/dag_dia.py
[2026-08-12T20:30:05.511+0000] {processor.py:914} INFO - Processing file /opt/airflow/dags/dag_dia.py for tasks to queue
[2026-08-12T20:30:05.516+0000] {logging_mixin.py:190} INFO - [2026-08-12T20:30:05.515+0000] {dagbag.py:587} INFO - Filling up the DagBag from /opt/airflow/dags/dag_dia.py
[2026-08-12T20:30:05.591+0000] {processor.py:925} INFO - DAG(s) 'dag_dia' retrieved from /opt/airflow/dags/dag_dia.py
[2026-08-12T20:30:05.678+0000] {logging_mixin.py:190} INFO - [2026-08-12T20:30:05.677+0000] {dag.py:3211} INFO - Sync 1 DAGs
[2026-08-12T20:30:05.817+0000] {logging_mixin.py:190} INFO - [2026-08-12T20:30:05.814+0000] {dag.py:4138} INFO - Setting next_dagrun for dag_dia to 2026-08-11 00:00:00+00:00, run_after=2026-08-12 00:00:00+00:00
[2026-08-12T20:30:05.987+0000] {processor.py:208} INFO - Processing /opt/airflow/dags/dag_dia.py took 0.507 seconds
[2026-08-12T20:30:50.331+0000] {processor.py:186} INFO - Started process (PID=11545) to work on /opt/airflow/dags/dag_dia.py
[2026-08-12T20:30:50.335+0000] {processor.py:914} INFO - Processing file /opt/airflow/dags/dag_dia.py for tasks to queue
[2026-08-12T20:30:50.339+0000] {logging_mixin.py:190} INFO - [2026-08-12T20:30:50.338+0000] {dagbag.py:587} INFO - Filling up the DagBag from /opt/airflow/dags/dag_dia.py
[2026-08-12T20:30:50.398+0000] {processor.py:925} INFO - DAG(s) 'dag_dia' retrieved from /opt/airflow/dags/dag_dia.py
[2026-08-12T20:30:50.458+0000] {logging_mixin.py:190} INFO - [2026-08-12T20:30:50.458+0000] {dag.py:3211} INFO - Sync 1 DAGs
[2026-08-12T20:30:50.505+0000] {logging_mixin.py:190} INFO - [2026-08-12T20:30:50.504+0000] {dag.py:4138} INFO - Setting next_dagrun for dag_dia to 2026-08-11 00:00:00+00:00, run_after=2026-08-12 00:00:00+00:00
[2026-08-12T20:30:50.562+0000] {processor.py:208} INFO - Processing /opt/airflow/dags/dag_dia.py took 0.250 seconds
[2026-08-12T20:31:37.070+0000] {processor.py:186} INFO - Started process (PID=12080) to work on /opt/airflow/dags/dag_dia.py
[2026-08-12T20:31:37.086+0000] {processor.py:914} INFO - Processing file /opt/airflow/dags/dag_dia.py for tasks to queue
[2026-08-12T20:31:37.096+0000] {logging_mixin.py:190} INFO - [2026-08-12T20:31:37.094+0000] {dagbag.py:587} INFO - Filling up the DagBag from /opt/airflow/dags/dag_dia.py
[2026-08-12T20:31:37.242+0000] {processor.py:925} INFO - DAG(s) 'dag_dia' retrieved from /opt/airflow/dags/dag_dia.py
[2026-08-12T20:31:37.501+0000] {logging_mixin.py:190} INFO - [2026-08-12T20:31:37.500+0000] {dag.py:3211} INFO - Sync 1 DAGs
[2026-08-12T20:31:37.743+0000] {logging_mixin.py:190} INFO - [2026-08-12T20:31:37.742+0000] {dag.py:4138} INFO - Setting next_dagrun for dag_dia to 2026-08-11 00:00:00+00:00, run_after=2026-08-12 00:00:00+00:00
[2026-08-12T20:31:37.899+0000] {processor.py:208} INFO - Processing /opt/airflow/dags/dag_dia.py took 0.887 seconds
[2026-08-12T20:32:17.385+0000] {processor.py:186} INFO - Started process (PID=12502) to work on /opt/airflow/dags/dag_dia.py
[2026-08-12T20:32:17.390+0000] {processor.py:914} INFO - Processing file /opt/airflow/dags/dag_dia.py for tasks to queue
[2026-08-12T20:32:17.395+0000] {logging_mixin.py:190} INFO - [2026-08-12T20:32:17.394+0000] {dagbag.py:587} INFO - Filling up the DagBag from /opt/airflow/dags/dag_dia.py
[2026-08-12T20:32:17.485+0000] {processor.py:925} INFO - DAG(s) 'dag_dia' retrieved from /opt/airflow/dags/dag_dia.py
[2026-08-12T20:32:17.608+0000] {logging_mixin.py:190} INFO - [2026-08-12T20:32:17.607+0000] {dag.py:3211} INFO - Sync 1 DAGs
[2026-08-12T20:32:17.704+0000] {logging_mixin.py:190} INFO - [2026-08-12T20:32:17.703+0000] {dag.py:4138} INFO - Setting next_dagrun for dag_dia to 2026-08-11 00:00:00+00:00, run_after=2026-08-12 00:00:00+00:00
[2026-08-12T20:32:17.796+0000] {processor.py:208} INFO - Processing /opt/airflow/dags/dag_dia.py took 0.445 seconds
[2026-08-12T20:32:48.405+0000] {processor.py:186} INFO - Started process (PID=12765) to work on /opt/airflow/dags/dag_dia.py
[2026-08-12T20:32:48.410+0000] {processor.py:914} INFO - Processing file /opt/airflow/dags/dag_dia.py for tasks to queue
[2026-08-12T20:32:48.415+0000] {logging_mixin.py:190} INFO - [2026-08-12T20:32:48.414+0000] {dagbag.py:587} INFO - Filling up the DagBag from /opt/airflow/dags/dag_dia.py
[2026-08-12T20:32:48.518+0000] {processor.py:925} INFO - DAG(s) 'dag_dia' retrieved from /opt/airflow/dags/dag_dia.py
[2026-08-12T20:32:48.630+0000] {logging_mixin.py:190} INFO - [2026-08-12T20:32:48.629+0000] {dag.py:3211} INFO - Sync 1 DAGs
[2026-08-12T20:32:48.726+0000] {logging_mixin.py:190} INFO - [2026-08-12T20:32:48.725+0000] {dag.py:4138} INFO - Setting next_dagrun for dag_dia to 2026-08-11 00:00:00+00:00, run_after=2026-08-12 00:00:00+00:00
[2026-08-12T20:32:48.808+0000] {processor.py:208} INFO - Processing /opt/airflow/dags/dag_dia.py took 0.433 seconds
[2026-08-12T20:33:19.457+0000] {processor.py:186} INFO - Started process (PID=13237) to work on /opt/airflow/dags/dag_dia.py
[2026-08-12T20:33:19.460+0000] {processor.py:914} INFO - Processing file /opt/airflow/dags/dag_dia.py for tasks to queue
[2026-08-12T20:33:19.463+0000] {logging_mixin.py:190} INFO - [2026-08-12T20:33:19.462+0000] {dagbag.py:587} INFO - Filling up the DagBag from /opt/airflow/dags/dag_dia.py
[2026-08-12T20:33:19.517+0000] {processor.py:925} INFO - DAG(s) 'dag_dia' retrieved from /opt/airflow/dags/dag_dia.py
[2026-08-12T20:33:19.580+0000] {logging_mixin.py:190} INFO - [2026-08-12T20:33:19.579+0000] {dag.py:3211} INFO - Sync 1 DAGs
[2026-08-12T20:33:19.628+0000] {logging_mixin.py:190} INFO - [2026-08-12T20:33:19.628+0000] {dag.py:4138} INFO - Setting next_dagrun for dag_dia to 2026-08-11 00:00:00+00:00, run_after=2026-08-12 00:00:00+00:00
[2026-08-12T20:33:19.685+0000] {processor.py:208} INFO - Processing /opt/airflow/dags/dag_dia.py took 0.242 seconds
[2026-08-12T20:33:55.782+0000] {processor.py:186} INFO - Started process (PID=13652) to work on /opt/airflow/dags/dag_dia.py
[2026-08-12T20:33:55.784+0000] {processor.py:914} INFO - Processing file /opt/airflow/dags/dag_dia.py for tasks to queue
[2026-08-12T20:33:55.789+0000] {logging_mixin.py:190} INFO - [2026-08-12T20:33:55.788+0000] {dagbag.py:587} INFO - Filling up the DagBag from /opt/airflow/dags/dag_dia.py
[2026-08-12T20:33:55.850+0000] {processor.py:925} INFO - DAG(s) 'dag_dia' retrieved from /opt/airflow/dags/dag_dia.py
[2026-08-12T20:33:55.916+0000] {logging_mixin.py:190} INFO - [2026-08-12T20:33:55.915+0000] {dag.py:3211} INFO - Sync 1 DAGs
[2026-08-12T20:33:56.003+0000] {logging_mixin.py:190} INFO - [2026-08-12T20:33:56.003+0000] {dag.py:4138} INFO - Setting next_dagrun for dag_dia to 2026-08-11 00:00:00+00:00, run_after=2026-08-12 00:00:00+00:00
[2026-08-12T20:33:56.092+0000] {processor.py:208} INFO - Processing /opt/airflow/dags/dag_dia.py took 0.323 seconds
[2026-08-12T20:35:00.207+0000] {processor.py:186} INFO - Started process (PID=13950) to work on /opt/airflow/dags/dag_dia.py
[2026-08-12T20:35:00.213+0000] {processor.py:914} INFO - Processing file /opt/airflow/dags/dag_dia.py for tasks to queue
[2026-08-12T20:35:00.241+0000] {logging_mixin.py:190} INFO - [2026-08-12T20:35:00.234+0000] {dagbag.py:587} INFO - Filling up the DagBag from /opt/airflow/dags/dag_dia.py
[2026-08-12T20:35:00.681+0000] {processor.py:925} INFO - DAG(s) 'dag_dia' retrieved from /opt/airflow/dags/dag_dia.py
[2026-08-12T20:35:01.165+0000] {logging_mixin.py:190} INFO - [2026-08-12T20:35:01.165+0000] {dag.py:3211} INFO - Sync 1 DAGs
[2026-08-12T20:35:01.486+0000] {logging_mixin.py:190} INFO - [2026-08-12T20:35:01.484+0000] {dag.py:4138} INFO - Setting next_dagrun for dag_dia to 2026-08-11 00:00:00+00:00, run_after=2026-08-12 00:00:00+00:00
[2026-08-12T20:35:01.728+0000] {processor.py:208} INFO - Processing /opt/airflow/dags/dag_dia.py took 1.618 seconds
[2026-08-12T20:35:58.391+0000] {processor.py:186} INFO - Started process (PID=14095) to work on /opt/airflow/dags/dag_dia.py
[2026-08-12T20:35:58.460+0000] {processor.py:914} INFO - Processing file /opt/airflow/dags/dag_dia.py for tasks to queue
[2026-08-12T20:35:58.487+0000] {logging_mixin.py:190} INFO - [2026-08-12T20:35:58.483+0000] {dagbag.py:587} INFO - Filling up the DagBag from /opt/airflow/dags/dag_dia.py
[2026-08-12T20:35:59.262+0000] {processor.py:925} INFO - DAG(s) 'dag_dia' retrieved from /opt/airflow/dags/dag_dia.py
[2026-08-12T20:35:59.588+0000] {logging_mixin.py:190} INFO - [2026-08-12T20:35:59.584+0000] {dag.py:3211} INFO - Sync 1 DAGs
[2026-08-12T20:36:00.443+0000] {logging_mixin.py:190} INFO - [2026-08-12T20:36:00.441+0000] {dag.py:4138} INFO - Setting next_dagrun for dag_dia to 2026-08-11 00:00:00+00:00, run_after=2026-08-12 00:00:00+00:00
[2026-08-12T20:36:00.937+0000] {processor.py:208} INFO - Processing /opt/airflow/dags/dag_dia.py took 2.748 seconds
[2026-08-12T20:36:55.070+0000] {processor.py:186} INFO - Started process (PID=14496) to work on /opt/airflow/dags/dag_dia.py
[2026-08-12T20:36:55.074+0000] {processor.py:914} INFO - Processing file /opt/airflow/dags/dag_dia.py for tasks to queue
[2026-08-12T20:36:55.081+0000] {logging_mixin.py:190} INFO - [2026-08-12T20:36:55.079+0000] {dagbag.py:587} INFO - Filling up the DagBag from /opt/airflow/dags/dag_dia.py
[2026-08-12T20:36:55.167+0000] {processor.py:925} INFO - DAG(s) 'dag_dia' retrieved from /opt/airflow/dags/dag_dia.py
[2026-08-12T20:36:55.335+0000] {logging_mixin.py:190} INFO - [2026-08-12T20:36:55.333+0000] {dag.py:3211} INFO - Sync 1 DAGs
[2026-08-12T20:36:55.457+0000] {logging_mixin.py:190} INFO - [2026-08-12T20:36:55.456+0000] {dag.py:4138} INFO - Setting next_dagrun for dag_dia to 2026-08-11 00:00:00+00:00, run_after=2026-08-12 00:00:00+00:00
[2026-08-12T20:36:55.547+0000] {processor.py:208} INFO - Processing /opt/airflow/dags/dag_dia.py took 0.493 seconds
[2026-08-12T20:37:26.392+0000] {processor.py:186} INFO - Started process (PID=14769) to work on /opt/airflow/dags/dag_dia.py
[2026-08-12T20:37:26.397+0000] {processor.py:914} INFO - Processing file /opt/airflow/dags/dag_dia.py for tasks to queue
[2026-08-12T20:37:26.404+0000] {logging_mixin.py:190} INFO - [2026-08-12T20:37:26.402+0000] {dagbag.py:587} INFO - Filling up the DagBag from /opt/airflow/dags/dag_dia.py
[2026-08-12T20:37:26.496+0000] {processor.py:925} INFO - DAG(s) 'dag_dia' retrieved from /opt/airflow/dags/dag_dia.py
[2026-08-12T20:37:26.599+0000] {logging_mixin.py:190} INFO - [2026-08-12T20:37:26.598+0000] {dag.py:3211} INFO - Sync 1 DAGs
[2026-08-12T20:37:26.683+0000] {logging_mixin.py:190} INFO - [2026-08-12T20:37:26.682+0000] {dag.py:4138} INFO - Setting next_dagrun for dag_dia to 2026-08-11 00:00:00+00:00, run_after=2026-08-12 00:00:00+00:00
[2026-08-12T20:37:26.760+0000] {processor.py:208} INFO - Processing /opt/airflow/dags/dag_dia.py took 0.390 seconds
[2026-08-12T20:37:57.200+0000] {processor.py:186} INFO - Started process (PID=15186) to work on /opt/airflow/dags/dag_dia.py
[2026-08-12T20:37:57.203+0000] {processor.py:914} INFO - Processing file /opt/airflow/dags/dag_dia.py for tasks to queue
[2026-08-12T20:37:57.207+0000] {logging_mixin.py:190} INFO - [2026-08-12T20:37:57.206+0000] {dagbag.py:587} INFO - Filling up the DagBag from /opt/airflow/dags/dag_dia.py
[2026-08-12T20:37:57.298+0000] {processor.py:925} INFO - DAG(s) 'dag_dia' retrieved from /opt/airflow/dags/dag_dia.py
[2026-08-12T20:37:57.400+0000] {logging_mixin.py:190} INFO - [2026-08-12T20:37:57.399+0000] {dag.py:3211} INFO - Sync 1 DAGs
[2026-08-12T20:37:57.483+0000] {logging_mixin.py:190} INFO - [2026-08-12T20:37:57.482+0000] {dag.py:4138} INFO - Setting next_dagrun for dag_dia to 2026-08-11 00:00:00+00:00, run_after=2026-08-12 00:00:00+00:00
[2026-08-12T20:37:57.567+0000] {processor.py:208} INFO - Processing /opt/airflow/dags/dag_dia.py took 0.389 seconds
[2026-08-12T20:38:28.027+0000] {processor.py:186} INFO - Started process (PID=15531) to work on /opt/airflow/dags/dag_dia.py
[2026-08-12T20:38:28.031+0000] {processor.py:914} INFO - Processing file /opt/airflow/dags/dag_dia.py for tasks to queue
[2026-08-12T20:38:28.038+0000] {logging_mixin.py:190} INFO - [2026-08-12T20:38:28.036+0000] {dagbag.py:587} INFO - Filling up the DagBag from /opt/airflow/dags/dag_dia.py
[2026-08-12T20:38:28.140+0000] {processor.py:925} INFO - DAG(s) 'dag_dia' retrieved from /opt/airflow/dags/dag_dia.py
[2026-08-12T20:38:28.287+0000] {logging_mixin.py:190} INFO - [2026-08-12T20:38:28.286+0000] {dag.py:3211} INFO - Sync 1 DAGs
[2026-08-12T20:38:28.381+0000] {logging_mixin.py:190} INFO - [2026-08-12T20:38:28.380+0000] {dag.py:4138} INFO - Setting next_dagrun for dag_dia to 2026-08-11 00:00:00+00:00, run_after=2026-08-12 00:00:00+00:00
[2026-08-12T20:38:28.469+0000] {processor.py:208} INFO - Processing /opt/airflow/dags/dag_dia.py took 0.464 seconds
[2026-08-12T20:38:59.069+0000] {processor.py:186} INFO - Started process (PID=15799) to work on /opt/airflow/dags/dag_dia.py
[2026-08-12T20:38:59.074+0000] {processor.py:914} INFO - Processing file /opt/airflow/dags/dag_dia.py for tasks to queue
[2026-08-12T20:38:59.082+0000] {logging_mixin.py:190} INFO - [2026-08-12T20:38:59.080+0000] {dagbag.py:587} INFO - Filling up the DagBag from /opt/airflow/dags/dag_dia.py
[2026-08-12T20:38:59.221+0000] {processor.py:925} INFO - DAG(s) 'dag_dia' retrieved from /opt/airflow/dags/dag_dia.py
[2026-08-12T20:38:59.379+0000] {logging_mixin.py:190} INFO - [2026-08-12T20:38:59.378+0000] {dag.py:3211} INFO - Sync 1 DAGs
[2026-08-12T20:38:59.509+0000] {logging_mixin.py:190} INFO - [2026-08-12T20:38:59.508+0000] {dag.py:4138} INFO - Setting next_dagrun for dag_dia to 2026-08-11 00:00:00+00:00, run_after=2026-08-12 00:00:00+00:00
[2026-08-12T20:38:59.589+0000] {processor.py:208} INFO - Processing /opt/airflow/dags/dag_dia.py took 0.555 seconds
[2026-08-12T20:39:29.693+0000] {processor.py:186} INFO - Started process (PID=16254) to work on /opt/airflow/dags/dag_dia.py
[2026-08-12T20:39:29.696+0000] {processor.py:914} INFO - Processing file /opt/airflow/dags/dag_dia.py for tasks to queue
[2026-08-12T20:39:29.700+0000] {logging_mixin.py:190} INFO - [2026-08-12T20:39:29.699+0000] {dagbag.py:587} INFO - Filling up the DagBag from /opt/airflow/dags/dag_dia.py
[2026-08-12T20:39:29.746+0000] {processor.py:925} INFO - DAG(s) 'dag_dia' retrieved from /opt/airflow/dags/dag_dia.py
[2026-08-12T20:39:29.788+0000] {logging_mixin.py:190} INFO - [2026-08-12T20:39:29.788+0000] {dag.py:3211} INFO - Sync 1 DAGs
[2026-08-12T20:39:29.821+0000] {logging_mixin.py:190} INFO - [2026-08-12T20:39:29.820+0000] {dag.py:4138} INFO - Setting next_dagrun for dag_dia to 2026-08-11 00:00:00+00:00, run_after=2026-08-12 00:00:00+00:00
[2026-08-12T20:39:29.864+0000] {processor.py:208} INFO - Processing /opt/airflow/dags/dag_dia.py took 0.180 seconds
[2026-08-12T20:40:01.305+0000] {processor.py:186} INFO - Started process (PID=16663) to work on /opt/airflow/dags/dag_dia.py
[2026-08-12T20:40:01.308+0000] {processor.py:914} INFO - Processing file /opt/airflow/dags/dag_dia.py for tasks to queue
[2026-08-12T20:40:01.314+0000] {logging_mixin.py:190} INFO - [2026-08-12T20:40:01.312+0000] {dagbag.py:587} INFO - Filling up the DagBag from /opt/airflow/dags/dag_dia.py
[2026-08-12T20:40:01.382+0000] {processor.py:925} INFO - DAG(s) 'dag_dia' retrieved from /opt/airflow/dags/dag_dia.py
[2026-08-12T20:40:01.467+0000] {logging_mixin.py:190} INFO - [2026-08-12T20:40:01.466+0000] {dag.py:3211} INFO - Sync 1 DAGs
[2026-08-12T20:40:01.560+0000] {logging_mixin.py:190} INFO - [2026-08-12T20:40:01.559+0000] {dag.py:4138} INFO - Setting next_dagrun for dag_dia to 2026-08-11 00:00:00+00:00, run_after=2026-08-12 00:00:00+00:00
[2026-08-12T20:40:01.669+0000] {processor.py:208} INFO - Processing /opt/airflow/dags/dag_dia.py took 0.386 seconds
[2026-08-12T20:40:32.502+0000] {processor.py:186} INFO - Started process (PID=16982) to work on /opt/airflow/dags/dag_dia.py
[2026-08-12T20:40:32.507+0000] {processor.py:914} INFO - Processing file /opt/airflow/dags/dag_dia.py for tasks to queue
[2026-08-12T20:40:32.513+0000] {logging_mixin.py:190} INFO - [2026-08-12T20:40:32.512+0000] {dagbag.py:587} INFO - Filling up the DagBag from /opt/airflow/dags/dag_dia.py
[2026-08-12T20:40:32.593+0000] {processor.py:925} INFO - DAG(s) 'dag_dia' retrieved from /opt/airflow/dags/dag_dia.py
[2026-08-12T20:40:32.672+0000] {logging_mixin.py:190} INFO - [2026-08-12T20:40:32.671+0000] {dag.py:3211} INFO - Sync 1 DAGs
[2026-08-12T20:40:32.741+0000] {logging_mixin.py:190} INFO - [2026-08-12T20:40:32.741+0000] {dag.py:4138} INFO - Setting next_dagrun for dag_dia to 2026-08-11 00:00:00+00:00, run_after=2026-08-12 00:00:00+00:00
[2026-08-12T20:40:32.812+0000] {processor.py:208} INFO - Processing /opt/airflow/dags/dag_dia.py took 0.331 seconds
[2026-08-12T20:41:03.611+0000] {processor.py:186} INFO - Started process (PID=17325) to work on /opt/airflow/dags/dag_dia.py
[2026-08-12T20:41:03.617+0000] {processor.py:914} INFO - Processing file /opt/airflow/dags/dag_dia.py for tasks to queue
[2026-08-12T20:41:03.624+0000] {logging_mixin.py:190} INFO - [2026-08-12T20:41:03.623+0000] {dagbag.py:587} INFO - Filling up the DagBag from /opt/airflow/dags/dag_dia.py
[2026-08-12T20:41:03.727+0000] {processor.py:925} INFO - DAG(s) 'dag_dia' retrieved from /opt/airflow/dags/dag_dia.py
[2026-08-12T20:41:03.860+0000] {logging_mixin.py:190} INFO - [2026-08-12T20:41:03.858+0000] {dag.py:3211} INFO - Sync 1 DAGs
[2026-08-12T20:41:03.945+0000] {logging_mixin.py:190} INFO - [2026-08-12T20:41:03.945+0000] {dag.py:4138} INFO - Setting next_dagrun for dag_dia to 2026-08-11 00:00:00+00:00, run_after=2026-08-12 00:00:00+00:00
[2026-08-12T20:41:04.031+0000] {processor.py:208} INFO - Processing /opt/airflow/dags/dag_dia.py took 0.456 seconds
[2026-08-12T20:41:34.313+0000] {processor.py:186} INFO - Started process (PID=17752) to work on /opt/airflow/dags/dag_dia.py
[2026-08-12T20:41:34.317+0000] {processor.py:914} INFO - Processing file /opt/airflow/dags/dag_dia.py for tasks to queue
[2026-08-12T20:41:34.325+0000] {logging_mixin.py:190} INFO - [2026-08-12T20:41:34.323+0000] {dagbag.py:587} INFO - Filling up the DagBag from /opt/airflow/dags/dag_dia.py
[2026-08-12T20:41:34.444+0000] {processor.py:925} INFO - DAG(s) 'dag_dia' retrieved from /opt/airflow/dags/dag_dia.py
[2026-08-12T20:41:34.548+0000] {logging_mixin.py:190} INFO - [2026-08-12T20:41:34.547+0000] {dag.py:3211} INFO - Sync 1 DAGs
[2026-08-12T20:41:34.610+0000] {logging_mixin.py:190} INFO - [2026-08-12T20:41:34.609+0000] {dag.py:4138} INFO - Setting next_dagrun for dag_dia to 2026-08-11 00:00:00+00:00, run_after=2026-08-12 00:00:00+00:00
[2026-08-12T20:41:34.674+0000] {processor.py:208} INFO - Processing /opt/airflow/dags/dag_dia.py took 0.395 seconds
[2026-08-12T20:42:14.441+0000] {processor.py:186} INFO - Started process (PID=18228) to work on /opt/airflow/dags/dag_dia.py
[2026-08-12T20:42:14.446+0000] {processor.py:914} INFO - Processing file /opt/airflow/dags/dag_dia.py for tasks to queue
[2026-08-12T20:42:14.451+0000] {logging_mixin.py:190} INFO - [2026-08-12T20:42:14.449+0000] {dagbag.py:587} INFO - Filling up the DagBag from /opt/airflow/dags/dag_dia.py
[2026-08-12T20:42:14.555+0000] {processor.py:925} INFO - DAG(s) 'dag_dia' retrieved from /opt/airflow/dags/dag_dia.py
[2026-08-12T20:42:14.648+0000] {logging_mixin.py:190} INFO - [2026-08-12T20:42:14.647+0000] {dag.py:3211} INFO - Sync 1 DAGs
[2026-08-12T20:42:14.736+0000] {logging_mixin.py:190} INFO - [2026-08-12T20:42:14.735+0000] {dag.py:4138} INFO - Setting next_dagrun for dag_dia to 2026-08-11 00:00:00+00:00, run_after=2026-08-12 00:00:00+00:00
[2026-08-12T20:42:14.821+0000] {processor.py:208} INFO - Processing /opt/airflow/dags/dag_dia.py took 0.408 seconds
[2026-08-12T20:42:45.798+0000] {processor.py:186} INFO - Started process (PID=18522) to work on /opt/airflow/dags/dag_dia.py
[2026-08-12T20:42:45.804+0000] {processor.py:914} INFO - Processing file /opt/airflow/dags/dag_dia.py for tasks to queue
[2026-08-12T20:42:45.813+0000] {logging_mixin.py:190} INFO - [2026-08-12T20:42:45.810+0000] {dagbag.py:587} INFO - Filling up the DagBag from /opt/airflow/dags/dag_dia.py
[2026-08-12T20:42:45.925+0000] {processor.py:925} INFO - DAG(s) 'dag_dia' retrieved from /opt/airflow/dags/dag_dia.py
[2026-08-12T20:42:46.062+0000] {logging_mixin.py:190} INFO - [2026-08-12T20:42:46.061+0000] {dag.py:3211} INFO - Sync 1 DAGs
[2026-08-12T20:42:46.152+0000] {logging_mixin.py:190} INFO - [2026-08-12T20:42:46.151+0000] {dag.py:4138} INFO - Setting next_dagrun for dag_dia to 2026-08-11 00:00:00+00:00, run_after=2026-08-12 00:00:00+00:00
[2026-08-12T20:42:46.246+0000] {processor.py:208} INFO - Processing /opt/airflow/dags/dag_dia.py took 0.487 seconds
[2026-08-12T20:43:16.560+0000] {processor.py:186} INFO - Started process (PID=18987) to work on /opt/airflow/dags/dag_dia.py
[2026-08-12T20:43:16.562+0000] {processor.py:914} INFO - Processing file /opt/airflow/dags/dag_dia.py for tasks to queue
[2026-08-12T20:43:16.565+0000] {logging_mixin.py:190} INFO - [2026-08-12T20:43:16.565+0000] {dagbag.py:587} INFO - Filling up the DagBag from /opt/airflow/dags/dag_dia.py
[2026-08-12T20:43:16.615+0000] {processor.py:925} INFO - DAG(s) 'dag_dia' retrieved from /opt/airflow/dags/dag_dia.py
[2026-08-12T20:43:16.660+0000] {logging_mixin.py:190} INFO - [2026-08-12T20:43:16.660+0000] {dag.py:3211} INFO - Sync 1 DAGs
[2026-08-12T20:43:16.699+0000] {logging_mixin.py:190} INFO - [2026-08-12T20:43:16.698+0000] {dag.py:4138} INFO - Setting next_dagrun for dag_dia to 2026-08-11 00:00:00+00:00, run_after=2026-08-12 00:00:00+00:00
[2026-08-12T20:43:16.747+0000] {processor.py:208} INFO - Processing /opt/airflow/dags/dag_dia.py took 0.198 seconds
[2026-08-12T20:43:47.517+0000] {processor.py:186} INFO - Started process (PID=19384) to work on /opt/airflow/dags/dag_dia.py
[2026-08-12T20:43:47.521+0000] {processor.py:914} INFO - Processing file /opt/airflow/dags/dag_dia.py for tasks to queue
[2026-08-12T20:43:47.530+0000] {logging_mixin.py:190} INFO - [2026-08-12T20:43:47.527+0000] {dagbag.py:587} INFO - Filling up the DagBag from /opt/airflow/dags/dag_dia.py
[2026-08-12T20:43:47.635+0000] {processor.py:925} INFO - DAG(s) 'dag_dia' retrieved from /opt/airflow/dags/dag_dia.py
[2026-08-12T20:43:47.731+0000] {logging_mixin.py:190} INFO - [2026-08-12T20:43:47.730+0000] {dag.py:3211} INFO - Sync 1 DAGs
[2026-08-12T20:43:47.801+0000] {logging_mixin.py:190} INFO - [2026-08-12T20:43:47.801+0000] {dag.py:4138} INFO - Setting next_dagrun for dag_dia to 2026-08-11 00:00:00+00:00, run_after=2026-08-12 00:00:00+00:00
[2026-08-12T20:43:47.853+0000] {processor.py:208} INFO - Processing /opt/airflow/dags/dag_dia.py took 0.353 seconds
[2026-08-12T20:44:31.491+0000] {processor.py:186} INFO - Started process (PID=19767) to work on /opt/airflow/dags/dag_dia.py
[2026-08-12T20:44:31.498+0000] {processor.py:914} INFO - Processing file /opt/airflow/dags/dag_dia.py for tasks to queue
[2026-08-12T20:44:31.516+0000] {logging_mixin.py:190} INFO - [2026-08-12T20:44:31.513+0000] {dagbag.py:587} INFO - Filling up the DagBag from /opt/airflow/dags/dag_dia.py
[2026-08-12T20:44:31.866+0000] {processor.py:925} INFO - DAG(s) 'dag_dia' retrieved from /opt/airflow/dags/dag_dia.py
[2026-08-12T20:44:32.273+0000] {logging_mixin.py:190} INFO - [2026-08-12T20:44:32.259+0000] {dag.py:3211} INFO - Sync 1 DAGs
[2026-08-12T20:44:32.525+0000] {logging_mixin.py:190} INFO - [2026-08-12T20:44:32.522+0000] {dag.py:4138} INFO - Setting next_dagrun for dag_dia to 2026-08-11 00:00:00+00:00, run_after=2026-08-12 00:00:00+00:00
[2026-08-12T20:44:32.705+0000] {processor.py:208} INFO - Processing /opt/airflow/dags/dag_dia.py took 1.279 seconds
[2026-08-12T20:45:03.197+0000] {processor.py:186} INFO - Started process (PID=20059) to work on /opt/airflow/dags/dag_dia.py
[2026-08-12T20:45:03.203+0000] {processor.py:914} INFO - Processing file /opt/airflow/dags/dag_dia.py for tasks to queue
[2026-08-12T20:45:03.210+0000] {logging_mixin.py:190} INFO - [2026-08-12T20:45:03.208+0000] {dagbag.py:587} INFO - Filling up the DagBag from /opt/airflow/dags/dag_dia.py
[2026-08-12T20:45:03.327+0000] {processor.py:925} INFO - DAG(s) 'dag_dia' retrieved from /opt/airflow/dags/dag_dia.py
[2026-08-12T20:45:03.457+0000] {logging_mixin.py:190} INFO - [2026-08-12T20:45:03.456+0000] {dag.py:3211} INFO - Sync 1 DAGs
[2026-08-12T20:45:03.552+0000] {logging_mixin.py:190} INFO - [2026-08-12T20:45:03.551+0000] {dag.py:4138} INFO - Setting next_dagrun for dag_dia to 2026-08-11 00:00:00+00:00, run_after=2026-08-12 00:00:00+00:00
[2026-08-12T20:45:03.627+0000] {processor.py:208} INFO - Processing /opt/airflow/dags/dag_dia.py took 0.464 seconds
[2026-08-12T20:45:50.963+0000] {processor.py:186} INFO - Started process (PID=20630) to work on /opt/airflow/dags/dag_dia.py
[2026-08-12T20:45:50.988+0000] {processor.py:914} INFO - Processing file /opt/airflow/dags/dag_dia.py for tasks to queue
[2026-08-12T20:45:51.012+0000] {logging_mixin.py:190} INFO - [2026-08-12T20:45:51.010+0000] {dagbag.py:587} INFO - Filling up the DagBag from /opt/airflow/dags/dag_dia.py
[2026-08-12T20:45:51.511+0000] {processor.py:925} INFO - DAG(s) 'dag_dia' retrieved from /opt/airflow/dags/dag_dia.py
[2026-08-12T20:45:52.169+0000] {logging_mixin.py:190} INFO - [2026-08-12T20:45:52.168+0000] {dag.py:3211} INFO - Sync 1 DAGs
[2026-08-12T20:45:52.512+0000] {logging_mixin.py:190} INFO - [2026-08-12T20:45:52.511+0000] {dag.py:4138} INFO - Setting next_dagrun for dag_dia to 2026-08-11 00:00:00+00:00, run_after=2026-08-12 00:00:00+00:00
[2026-08-12T20:45:52.677+0000] {processor.py:208} INFO - Processing /opt/airflow/dags/dag_dia.py took 1.785 seconds
[2026-08-12T20:46:27.845+0000] {processor.py:186} INFO - Started process (PID=21043) to work on /opt/airflow/dags/dag_dia.py
[2026-08-12T20:46:27.849+0000] {processor.py:914} INFO - Processing file /opt/airflow/dags/dag_dia.py for tasks to queue
[2026-08-12T20:46:27.859+0000] {logging_mixin.py:190} INFO - [2026-08-12T20:46:27.856+0000] {dagbag.py:587} INFO - Filling up the DagBag from /opt/airflow/dags/dag_dia.py
[2026-08-12T20:46:28.039+0000] {processor.py:925} INFO - DAG(s) 'dag_dia' retrieved from /opt/airflow/dags/dag_dia.py
[2026-08-12T20:46:28.172+0000] {logging_mixin.py:190} INFO - [2026-08-12T20:46:28.171+0000] {dag.py:3211} INFO - Sync 1 DAGs
[2026-08-12T20:46:28.298+0000] {logging_mixin.py:190} INFO - [2026-08-12T20:46:28.297+0000] {dag.py:4138} INFO - Setting next_dagrun for dag_dia to 2026-08-11 00:00:00+00:00, run_after=2026-08-12 00:00:00+00:00
[2026-08-12T20:46:28.392+0000] {processor.py:208} INFO - Processing /opt/airflow/dags/dag_dia.py took 0.580 seconds
[2026-08-12T20:46:59.016+0000] {processor.py:186} INFO - Started process (PID=21393) to work on /opt/airflow/dags/dag_dia.py
[2026-08-12T20:46:59.022+0000] {processor.py:914} INFO - Processing file /opt/airflow/dags/dag_dia.py for tasks to queue
[2026-08-12T20:46:59.033+0000] {logging_mixin.py:190} INFO - [2026-08-12T20:46:59.030+0000] {dagbag.py:587} INFO - Filling up the DagBag from /opt/airflow/dags/dag_dia.py
[2026-08-12T20:46:59.252+0000] {processor.py:925} INFO - DAG(s) 'dag_dia' retrieved from /opt/airflow/dags/dag_dia.py
[2026-08-12T20:46:59.585+0000] {logging_mixin.py:190} INFO - [2026-08-12T20:46:59.584+0000] {dag.py:3211} INFO - Sync 1 DAGs
[2026-08-12T20:46:59.753+0000] {logging_mixin.py:190} INFO - [2026-08-12T20:46:59.753+0000] {dag.py:4138} INFO - Setting next_dagrun for dag_dia to 2026-08-11 00:00:00+00:00, run_after=2026-08-12 00:00:00+00:00
[2026-08-12T20:46:59.840+0000] {processor.py:208} INFO - Processing /opt/airflow/dags/dag_dia.py took 0.879 seconds
[2026-08-12T20:47:44.560+0000] {processor.py:186} INFO - Started process (PID=21970) to work on /opt/airflow/dags/dag_dia.py
[2026-08-12T20:47:44.592+0000] {processor.py:914} INFO - Processing file /opt/airflow/dags/dag_dia.py for tasks to queue
[2026-08-12T20:47:44.628+0000] {logging_mixin.py:190} INFO - [2026-08-12T20:47:44.625+0000] {dagbag.py:587} INFO - Filling up the DagBag from /opt/airflow/dags/dag_dia.py
[2026-08-12T20:47:45.668+0000] {processor.py:925} INFO - DAG(s) 'dag_dia' retrieved from /opt/airflow/dags/dag_dia.py
[2026-08-12T20:47:46.106+0000] {logging_mixin.py:190} INFO - [2026-08-12T20:47:46.105+0000] {dag.py:3211} INFO - Sync 1 DAGs
[2026-08-12T20:47:46.253+0000] {logging_mixin.py:190} INFO - [2026-08-12T20:47:46.252+0000] {dag.py:4138} INFO - Setting next_dagrun for dag_dia to 2026-08-11 00:00:00+00:00, run_after=2026-08-12 00:00:00+00:00
[2026-08-12T20:47:46.389+0000] {processor.py:208} INFO - Processing /opt/airflow/dags/dag_dia.py took 1.951 seconds
[2026-08-12T20:48:28.731+0000] {processor.py:186} INFO - Started process (PID=22361) to work on /opt/airflow/dags/dag_dia.py
[2026-08-12T20:48:28.773+0000] {processor.py:914} INFO - Processing file /opt/airflow/dags/dag_dia.py for tasks to queue
[2026-08-12T20:48:28.817+0000] {logging_mixin.py:190} INFO - [2026-08-12T20:48:28.804+0000] {dagbag.py:587} INFO - Filling up the DagBag from /opt/airflow/dags/dag_dia.py
[2026-08-12T20:48:29.142+0000] {processor.py:925} INFO - DAG(s) 'dag_dia' retrieved from /opt/airflow/dags/dag_dia.py
[2026-08-12T20:48:29.432+0000] {logging_mixin.py:190} INFO - [2026-08-12T20:48:29.432+0000] {dag.py:3211} INFO - Sync 1 DAGs
[2026-08-12T20:48:29.601+0000] {logging_mixin.py:190} INFO - [2026-08-12T20:48:29.600+0000] {dag.py:4138} INFO - Setting next_dagrun for dag_dia to 2026-08-11 00:00:00+00:00, run_after=2026-08-12 00:00:00+00:00
[2026-08-12T20:48:29.797+0000] {processor.py:208} INFO - Processing /opt/airflow/dags/dag_dia.py took 1.252 seconds
[2026-08-12T20:49:00.653+0000] {processor.py:186} INFO - Started process (PID=22676) to work on /opt/airflow/dags/dag_dia.py
[2026-08-12T20:49:00.664+0000] {processor.py:914} INFO - Processing file /opt/airflow/dags/dag_dia.py for tasks to queue
[2026-08-12T20:49:00.679+0000] {logging_mixin.py:190} INFO - [2026-08-12T20:49:00.676+0000] {dagbag.py:587} INFO - Filling up the DagBag from /opt/airflow/dags/dag_dia.py
[2026-08-12T20:49:00.872+0000] {processor.py:925} INFO - DAG(s) 'dag_dia' retrieved from /opt/airflow/dags/dag_dia.py
[2026-08-12T20:49:01.082+0000] {logging_mixin.py:190} INFO - [2026-08-12T20:49:01.081+0000] {dag.py:3211} INFO - Sync 1 DAGs
[2026-08-12T20:49:01.272+0000] {logging_mixin.py:190} INFO - [2026-08-12T20:49:01.270+0000] {dag.py:4138} INFO - Setting next_dagrun for dag_dia to 2026-08-11 00:00:00+00:00, run_after=2026-08-12 00:00:00+00:00
[2026-08-12T20:49:01.385+0000] {processor.py:208} INFO - Processing /opt/airflow/dags/dag_dia.py took 0.767 seconds
[2026-08-12T20:49:46.585+0000] {processor.py:186} INFO - Started process (PID=23099) to work on /opt/airflow/dags/dag_dia.py
[2026-08-12T20:49:46.599+0000] {processor.py:914} INFO - Processing file /opt/airflow/dags/dag_dia.py for tasks to queue
[2026-08-12T20:49:46.633+0000] {logging_mixin.py:190} INFO - [2026-08-12T20:49:46.618+0000] {dagbag.py:587} INFO - Filling up the DagBag from /opt/airflow/dags/dag_dia.py
[2026-08-12T20:49:47.021+0000] {processor.py:925} INFO - DAG(s) 'dag_dia' retrieved from /opt/airflow/dags/dag_dia.py
[2026-08-12T20:49:47.474+0000] {logging_mixin.py:190} INFO - [2026-08-12T20:49:47.472+0000] {dag.py:3211} INFO - Sync 1 DAGs
[2026-08-12T20:49:47.851+0000] {logging_mixin.py:190} INFO - [2026-08-12T20:49:47.850+0000] {dag.py:4138} INFO - Setting next_dagrun for dag_dia to 2026-08-11 00:00:00+00:00, run_after=2026-08-12 00:00:00+00:00
[2026-08-12T20:49:48.065+0000] {processor.py:208} INFO - Processing /opt/airflow/dags/dag_dia.py took 1.583 seconds
[2026-08-12T20:50:29.396+0000] {processor.py:186} INFO - Started process (PID=23454) to work on /opt/airflow/dags/dag_dia.py
[2026-08-12T20:50:29.405+0000] {processor.py:914} INFO - Processing file /opt/airflow/dags/dag_dia.py for tasks to queue
[2026-08-12T20:50:29.424+0000] {logging_mixin.py:190} INFO - [2026-08-12T20:50:29.421+0000] {dagbag.py:587} INFO - Filling up the DagBag from /opt/airflow/dags/dag_dia.py
[2026-08-12T20:50:29.586+0000] {processor.py:925} INFO - DAG(s) 'dag_dia' retrieved from /opt/airflow/dags/dag_dia.py
[2026-08-12T20:50:29.788+0000] {logging_mixin.py:190} INFO - [2026-08-12T20:50:29.787+0000] {dag.py:3211} INFO - Sync 1 DAGs
[2026-08-12T20:50:29.899+0000] {logging_mixin.py:190} INFO - [2026-08-12T20:50:29.897+0000] {dag.py:4138} INFO - Setting next_dagrun for dag_dia to 2026-08-11 00:00:00+00:00, run_after=2026-08-12 00:00:00+00:00
[2026-08-12T20:50:30.013+0000] {processor.py:208} INFO - Processing /opt/airflow/dags/dag_dia.py took 0.667 seconds
[2026-08-12T20:51:02.724+0000] {processor.py:186} INFO - Started process (PID=23761) to work on /opt/airflow/dags/dag_dia.py
[2026-08-12T20:51:02.761+0000] {processor.py:914} INFO - Processing file /opt/airflow/dags/dag_dia.py for tasks to queue
[2026-08-12T20:51:02.781+0000] {logging_mixin.py:190} INFO - [2026-08-12T20:51:02.778+0000] {dagbag.py:587} INFO - Filling up the DagBag from /opt/airflow/dags/dag_dia.py
[2026-08-12T20:51:03.136+0000] {processor.py:925} INFO - DAG(s) 'dag_dia' retrieved from /opt/airflow/dags/dag_dia.py
[2026-08-12T20:51:03.479+0000] {logging_mixin.py:190} INFO - [2026-08-12T20:51:03.478+0000] {dag.py:3211} INFO - Sync 1 DAGs
[2026-08-12T20:51:03.709+0000] {logging_mixin.py:190} INFO - [2026-08-12T20:51:03.708+0000] {dag.py:4138} INFO - Setting next_dagrun for dag_dia to 2026-08-11 00:00:00+00:00, run_after=2026-08-12 00:00:00+00:00
[2026-08-12T20:51:03.814+0000] {processor.py:208} INFO - Processing /opt/airflow/dags/dag_dia.py took 1.194 seconds
[2026-08-12T20:51:47.593+0000] {processor.py:186} INFO - Started process (PID=24197) to work on /opt/airflow/dags/dag_dia.py
[2026-08-12T20:51:47.601+0000] {processor.py:914} INFO - Processing file /opt/airflow/dags/dag_dia.py for tasks to queue
[2026-08-12T20:51:47.623+0000] {logging_mixin.py:190} INFO - [2026-08-12T20:51:47.614+0000] {dagbag.py:587} INFO - Filling up the DagBag from /opt/airflow/dags/dag_dia.py
[2026-08-12T20:51:47.949+0000] {processor.py:925} INFO - DAG(s) 'dag_dia' retrieved from /opt/airflow/dags/dag_dia.py
[2026-08-12T20:51:48.395+0000] {logging_mixin.py:190} INFO - [2026-08-12T20:51:48.393+0000] {dag.py:3211} INFO - Sync 1 DAGs
[2026-08-12T20:51:48.664+0000] {logging_mixin.py:190} INFO - [2026-08-12T20:51:48.663+0000] {dag.py:4138} INFO - Setting next_dagrun for dag_dia to 2026-08-11 00:00:00+00:00, run_after=2026-08-12 00:00:00+00:00
[2026-08-12T20:51:48.794+0000] {processor.py:208} INFO - Processing /opt/airflow/dags/dag_dia.py took 1.266 seconds
[2026-08-12T20:52:31.947+0000] {processor.py:186} INFO - Started process (PID=24508) to work on /opt/airflow/dags/dag_dia.py
[2026-08-12T20:52:31.963+0000] {processor.py:914} INFO - Processing file /opt/airflow/dags/dag_dia.py for tasks to queue
[2026-08-12T20:52:31.976+0000] {logging_mixin.py:190} INFO - [2026-08-12T20:52:31.973+0000] {dagbag.py:587} INFO - Filling up the DagBag from /opt/airflow/dags/dag_dia.py
[2026-08-12T20:52:32.213+0000] {processor.py:925} INFO - DAG(s) 'dag_dia' retrieved from /opt/airflow/dags/dag_dia.py
[2026-08-12T20:52:32.469+0000] {logging_mixin.py:190} INFO - [2026-08-12T20:52:32.467+0000] {dag.py:3211} INFO - Sync 1 DAGs
[2026-08-12T20:52:32.700+0000] {logging_mixin.py:190} INFO - [2026-08-12T20:52:32.699+0000] {dag.py:4138} INFO - Setting next_dagrun for dag_dia to 2026-08-11 00:00:00+00:00, run_after=2026-08-12 00:00:00+00:00
[2026-08-12T20:52:32.863+0000] {processor.py:208} INFO - Processing /opt/airflow/dags/dag_dia.py took 0.971 seconds
[2026-08-12T20:53:05.314+0000] {processor.py:186} INFO - Started process (PID=24827) to work on /opt/airflow/dags/dag_dia.py
[2026-08-12T20:53:05.329+0000] {processor.py:914} INFO - Processing file /opt/airflow/dags/dag_dia.py for tasks to queue
[2026-08-12T20:53:05.350+0000] {logging_mixin.py:190} INFO - [2026-08-12T20:53:05.348+0000] {dagbag.py:587} INFO - Filling up the DagBag from /opt/airflow/dags/dag_dia.py
[2026-08-12T20:53:05.575+0000] {processor.py:925} INFO - DAG(s) 'dag_dia' retrieved from /opt/airflow/dags/dag_dia.py
[2026-08-12T20:53:05.703+0000] {logging_mixin.py:190} INFO - [2026-08-12T20:53:05.703+0000] {dag.py:3211} INFO - Sync 1 DAGs
[2026-08-12T20:53:05.822+0000] {logging_mixin.py:190} INFO - [2026-08-12T20:53:05.821+0000] {dag.py:4138} INFO - Setting next_dagrun for dag_dia to 2026-08-11 00:00:00+00:00, run_after=2026-08-12 00:00:00+00:00
[2026-08-12T20:53:06.002+0000] {processor.py:208} INFO - Processing /opt/airflow/dags/dag_dia.py took 0.754 seconds
[2026-08-12T20:53:50.228+0000] {processor.py:186} INFO - Started process (PID=25193) to work on /opt/airflow/dags/dag_dia.py
[2026-08-12T20:53:50.243+0000] {processor.py:914} INFO - Processing file /opt/airflow/dags/dag_dia.py for tasks to queue
[2026-08-12T20:53:50.261+0000] {logging_mixin.py:190} INFO - [2026-08-12T20:53:50.259+0000] {dagbag.py:587} INFO - Filling up the DagBag from /opt/airflow/dags/dag_dia.py
[2026-08-12T20:53:50.608+0000] {processor.py:925} INFO - DAG(s) 'dag_dia' retrieved from /opt/airflow/dags/dag_dia.py
[2026-08-12T20:53:50.869+0000] {logging_mixin.py:190} INFO - [2026-08-12T20:53:50.868+0000] {dag.py:3211} INFO - Sync 1 DAGs
[2026-08-12T20:53:51.300+0000] {logging_mixin.py:190} INFO - [2026-08-12T20:53:51.299+0000] {dag.py:4138} INFO - Setting next_dagrun for dag_dia to 2026-08-11 00:00:00+00:00, run_after=2026-08-12 00:00:00+00:00
[2026-08-12T20:53:51.505+0000] {processor.py:208} INFO - Processing /opt/airflow/dags/dag_dia.py took 1.367 seconds
[2026-08-12T20:54:34.700+0000] {processor.py:186} INFO - Started process (PID=25498) to work on /opt/airflow/dags/dag_dia.py
[2026-08-12T20:54:34.726+0000] {processor.py:914} INFO - Processing file /opt/airflow/dags/dag_dia.py for tasks to queue
[2026-08-12T20:54:34.746+0000] {logging_mixin.py:190} INFO - [2026-08-12T20:54:34.742+0000] {dagbag.py:587} INFO - Filling up the DagBag from /opt/airflow/dags/dag_dia.py
[2026-08-12T20:54:35.469+0000] {processor.py:925} INFO - DAG(s) 'dag_dia' retrieved from /opt/airflow/dags/dag_dia.py
[2026-08-12T20:54:35.807+0000] {logging_mixin.py:190} INFO - [2026-08-12T20:54:35.803+0000] {dag.py:3211} INFO - Sync 1 DAGs
[2026-08-12T20:54:36.112+0000] {logging_mixin.py:190} INFO - [2026-08-12T20:54:36.111+0000] {dag.py:4138} INFO - Setting next_dagrun for dag_dia to 2026-08-11 00:00:00+00:00, run_after=2026-08-12 00:00:00+00:00
[2026-08-12T20:54:36.327+0000] {processor.py:208} INFO - Processing /opt/airflow/dags/dag_dia.py took 1.739 seconds
[2026-08-12T20:55:08.894+0000] {processor.py:186} INFO - Started process (PID=25802) to work on /opt/airflow/dags/dag_dia.py
[2026-08-12T20:55:08.900+0000] {processor.py:914} INFO - Processing file /opt/airflow/dags/dag_dia.py for tasks to queue
[2026-08-12T20:55:08.915+0000] {logging_mixin.py:190} INFO - [2026-08-12T20:55:08.913+0000] {dagbag.py:587} INFO - Filling up the DagBag from /opt/airflow/dags/dag_dia.py
[2026-08-12T20:55:09.158+0000] {processor.py:925} INFO - DAG(s) 'dag_dia' retrieved from /opt/airflow/dags/dag_dia.py
[2026-08-12T20:55:09.342+0000] {logging_mixin.py:190} INFO - [2026-08-12T20:55:09.341+0000] {dag.py:3211} INFO - Sync 1 DAGs
[2026-08-12T20:55:09.584+0000] {logging_mixin.py:190} INFO - [2026-08-12T20:55:09.583+0000] {dag.py:4138} INFO - Setting next_dagrun for dag_dia to 2026-08-11 00:00:00+00:00, run_after=2026-08-12 00:00:00+00:00
[2026-08-12T20:55:09.770+0000] {processor.py:208} INFO - Processing /opt/airflow/dags/dag_dia.py took 0.970 seconds
[2026-08-12T20:55:53.037+0000] {processor.py:186} INFO - Started process (PID=26138) to work on /opt/airflow/dags/dag_dia.py
[2026-08-12T20:55:53.100+0000] {processor.py:914} INFO - Processing file /opt/airflow/dags/dag_dia.py for tasks to queue
[2026-08-12T20:55:53.187+0000] {logging_mixin.py:190} INFO - [2026-08-12T20:55:53.179+0000] {dagbag.py:587} INFO - Filling up the DagBag from /opt/airflow/dags/dag_dia.py
[2026-08-12T20:55:53.622+0000] {processor.py:925} INFO - DAG(s) 'dag_dia' retrieved from /opt/airflow/dags/dag_dia.py
[2026-08-12T20:55:53.978+0000] {logging_mixin.py:190} INFO - [2026-08-12T20:55:53.973+0000] {dag.py:3211} INFO - Sync 1 DAGs
[2026-08-12T20:55:54.268+0000] {logging_mixin.py:190} INFO - [2026-08-12T20:55:54.266+0000] {dag.py:4138} INFO - Setting next_dagrun for dag_dia to 2026-08-11 00:00:00+00:00, run_after=2026-08-12 00:00:00+00:00
[2026-08-12T20:55:54.539+0000] {processor.py:208} INFO - Processing /opt/airflow/dags/dag_dia.py took 1.613 seconds
[2026-08-12T20:56:38.785+0000] {processor.py:186} INFO - Started process (PID=26527) to work on /opt/airflow/dags/dag_dia.py
[2026-08-12T20:56:38.805+0000] {processor.py:914} INFO - Processing file /opt/airflow/dags/dag_dia.py for tasks to queue
[2026-08-12T20:56:38.824+0000] {logging_mixin.py:190} INFO - [2026-08-12T20:56:38.823+0000] {dagbag.py:587} INFO - Filling up the DagBag from /opt/airflow/dags/dag_dia.py
[2026-08-12T20:56:39.352+0000] {processor.py:925} INFO - DAG(s) 'dag_dia' retrieved from /opt/airflow/dags/dag_dia.py
[2026-08-12T20:56:39.656+0000] {logging_mixin.py:190} INFO - [2026-08-12T20:56:39.655+0000] {dag.py:3211} INFO - Sync 1 DAGs
[2026-08-12T20:56:39.985+0000] {logging_mixin.py:190} INFO - [2026-08-12T20:56:39.984+0000] {dag.py:4138} INFO - Setting next_dagrun for dag_dia to 2026-08-11 00:00:00+00:00, run_after=2026-08-12 00:00:00+00:00
[2026-08-12T20:56:40.168+0000] {processor.py:208} INFO - Processing /opt/airflow/dags/dag_dia.py took 1.474 seconds
[2026-08-12T20:57:12.416+0000] {processor.py:186} INFO - Started process (PID=26831) to work on /opt/airflow/dags/dag_dia.py
[2026-08-12T20:57:12.422+0000] {processor.py:914} INFO - Processing file /opt/airflow/dags/dag_dia.py for tasks to queue
[2026-08-12T20:57:12.453+0000] {logging_mixin.py:190} INFO - [2026-08-12T20:57:12.451+0000] {dagbag.py:587} INFO - Filling up the DagBag from /opt/airflow/dags/dag_dia.py
[2026-08-12T20:57:12.682+0000] {processor.py:925} INFO - DAG(s) 'dag_dia' retrieved from /opt/airflow/dags/dag_dia.py
[2026-08-12T20:57:12.922+0000] {logging_mixin.py:190} INFO - [2026-08-12T20:57:12.921+0000] {dag.py:3211} INFO - Sync 1 DAGs
[2026-08-12T20:57:13.146+0000] {logging_mixin.py:190} INFO - [2026-08-12T20:57:13.145+0000] {dag.py:4138} INFO - Setting next_dagrun for dag_dia to 2026-08-11 00:00:00+00:00, run_after=2026-08-12 00:00:00+00:00
[2026-08-12T20:57:13.402+0000] {processor.py:208} INFO - Processing /opt/airflow/dags/dag_dia.py took 1.078 seconds
[2026-08-12T20:57:54.570+0000] {processor.py:186} INFO - Started process (PID=27194) to work on /opt/airflow/dags/dag_dia.py
[2026-08-12T20:57:54.586+0000] {processor.py:914} INFO - Processing file /opt/airflow/dags/dag_dia.py for tasks to queue
[2026-08-12T20:57:54.605+0000] {logging_mixin.py:190} INFO - [2026-08-12T20:57:54.598+0000] {dagbag.py:587} INFO - Filling up the DagBag from /opt/airflow/dags/dag_dia.py
[2026-08-12T20:57:54.819+0000] {processor.py:925} INFO - DAG(s) 'dag_dia' retrieved from /opt/airflow/dags/dag_dia.py
[2026-08-12T20:57:55.044+0000] {logging_mixin.py:190} INFO - [2026-08-12T20:57:55.042+0000] {dag.py:3211} INFO - Sync 1 DAGs
[2026-08-12T20:57:55.267+0000] {logging_mixin.py:190} INFO - [2026-08-12T20:57:55.265+0000] {dag.py:4138} INFO - Setting next_dagrun for dag_dia to 2026-08-11 00:00:00+00:00, run_after=2026-08-12 00:00:00+00:00
[2026-08-12T20:57:55.445+0000] {processor.py:208} INFO - Processing /opt/airflow/dags/dag_dia.py took 0.930 seconds
[2026-08-12T20:59:35.406+0000] {processor.py:186} INFO - Started process (PID=27508) to work on /opt/airflow/dags/dag_dia.py
[2026-08-12T20:59:35.412+0000] {processor.py:914} INFO - Processing file /opt/airflow/dags/dag_dia.py for tasks to queue
[2026-08-12T20:59:35.441+0000] {logging_mixin.py:190} INFO - [2026-08-12T20:59:35.439+0000] {dagbag.py:587} INFO - Filling up the DagBag from /opt/airflow/dags/dag_dia.py
[2026-08-12T20:59:36.006+0000] {processor.py:925} INFO - DAG(s) 'dag_dia' retrieved from /opt/airflow/dags/dag_dia.py
[2026-08-12T20:59:36.213+0000] {logging_mixin.py:190} INFO - [2026-08-12T20:59:36.212+0000] {dag.py:3211} INFO - Sync 1 DAGs
[2026-08-12T20:59:36.439+0000] {logging_mixin.py:190} INFO - [2026-08-12T20:59:36.438+0000] {dag.py:4138} INFO - Setting next_dagrun for dag_dia to 2026-08-11 00:00:00+00:00, run_after=2026-08-12 00:00:00+00:00
[2026-08-12T20:59:36.582+0000] {processor.py:208} INFO - Processing /opt/airflow/dags/dag_dia.py took 1.252 seconds
[2026-08-12T21:04:55.871+0000] {processor.py:186} INFO - Started process (PID=27976) to work on /opt/airflow/dags/dag_dia.py
[2026-08-12T21:04:55.920+0000] {processor.py:914} INFO - Processing file /opt/airflow/dags/dag_dia.py for tasks to queue
[2026-08-12T21:04:55.997+0000] {logging_mixin.py:190} INFO - [2026-08-12T21:04:55.995+0000] {dagbag.py:587} INFO - Filling up the DagBag from /opt/airflow/dags/dag_dia.py
[2026-08-12T21:04:56.437+0000] {processor.py:925} INFO - DAG(s) 'dag_dia' retrieved from /opt/airflow/dags/dag_dia.py
[2026-08-12T21:04:56.578+0000] {logging_mixin.py:190} INFO - [2026-08-12T21:04:56.577+0000] {dag.py:3211} INFO - Sync 1 DAGs
[2026-08-12T21:04:56.653+0000] {logging_mixin.py:190} INFO - [2026-08-12T21:04:56.653+0000] {dag.py:4138} INFO - Setting next_dagrun for dag_dia to 2026-08-11 00:00:00+00:00, run_after=2026-08-12 00:00:00+00:00
[2026-08-12T21:04:56.721+0000] {processor.py:208} INFO - Processing /opt/airflow/dags/dag_dia.py took 0.909 seconds
[2026-08-12T21:05:57.067+0000] {processor.py:186} INFO - Started process (PID=28620) to work on /opt/airflow/dags/dag_dia.py
[2026-08-12T21:05:57.097+0000] {processor.py:914} INFO - Processing file /opt/airflow/dags/dag_dia.py for tasks to queue
[2026-08-12T21:05:57.105+0000] {logging_mixin.py:190} INFO - [2026-08-12T21:05:57.104+0000] {dagbag.py:587} INFO - Filling up the DagBag from /opt/airflow/dags/dag_dia.py
[2026-08-12T21:05:57.228+0000] {processor.py:925} INFO - DAG(s) 'dag_dia' retrieved from /opt/airflow/dags/dag_dia.py
[2026-08-12T21:05:57.369+0000] {logging_mixin.py:190} INFO - [2026-08-12T21:05:57.368+0000] {dag.py:3211} INFO - Sync 1 DAGs
[2026-08-12T21:05:57.487+0000] {logging_mixin.py:190} INFO - [2026-08-12T21:05:57.486+0000] {dag.py:4138} INFO - Setting next_dagrun for dag_dia to 2026-08-11 00:00:00+00:00, run_after=2026-08-12 00:00:00+00:00
[2026-08-12T21:05:57.604+0000] {processor.py:208} INFO - Processing /opt/airflow/dags/dag_dia.py took 0.628 seconds
[2026-08-12T21:06:55.920+0000] {processor.py:186} INFO - Started process (PID=29244) to work on /opt/airflow/dags/dag_dia.py
[2026-08-12T21:06:55.922+0000] {processor.py:914} INFO - Processing file /opt/airflow/dags/dag_dia.py for tasks to queue
[2026-08-12T21:06:55.927+0000] {logging_mixin.py:190} INFO - [2026-08-12T21:06:55.926+0000] {dagbag.py:587} INFO - Filling up the DagBag from /opt/airflow/dags/dag_dia.py
[2026-08-12T21:06:55.985+0000] {processor.py:925} INFO - DAG(s) 'dag_dia' retrieved from /opt/airflow/dags/dag_dia.py
[2026-08-12T21:06:56.059+0000] {logging_mixin.py:190} INFO - [2026-08-12T21:06:56.059+0000] {dag.py:3211} INFO - Sync 1 DAGs
[2026-08-12T21:06:56.118+0000] {logging_mixin.py:190} INFO - [2026-08-12T21:06:56.118+0000] {dag.py:4138} INFO - Setting next_dagrun for dag_dia to 2026-08-11 00:00:00+00:00, run_after=2026-08-12 00:00:00+00:00
[2026-08-12T21:06:56.158+0000] {processor.py:208} INFO - Processing /opt/airflow/dags/dag_dia.py took 0.247 seconds
[2026-08-12T21:07:26.301+0000] {processor.py:186} INFO - Started process (PID=29339) to work on /opt/airflow/dags/dag_dia.py
[2026-08-12T21:07:26.303+0000] {processor.py:914} INFO - Processing file /opt/airflow/dags/dag_dia.py for tasks to queue
[2026-08-12T21:07:26.307+0000] {logging_mixin.py:190} INFO - [2026-08-12T21:07:26.307+0000] {dagbag.py:587} INFO - Filling up the DagBag from /opt/airflow/dags/dag_dia.py
[2026-08-12T21:07:26.357+0000] {processor.py:925} INFO - DAG(s) 'dag_dia' retrieved from /opt/airflow/dags/dag_dia.py
[2026-08-12T21:07:26.394+0000] {logging_mixin.py:190} INFO - [2026-08-12T21:07:26.393+0000] {dag.py:3211} INFO - Sync 1 DAGs
[2026-08-12T21:07:26.431+0000] {logging_mixin.py:190} INFO - [2026-08-12T21:07:26.431+0000] {dag.py:4138} INFO - Setting next_dagrun for dag_dia to 2026-08-11 00:00:00+00:00, run_after=2026-08-12 00:00:00+00:00
[2026-08-12T21:07:26.479+0000] {processor.py:208} INFO - Processing /opt/airflow/dags/dag_dia.py took 0.187 seconds
[2026-08-12T21:07:56.616+0000] {processor.py:186} INFO - Started process (PID=29352) to work on /opt/airflow/dags/dag_dia.py
[2026-08-12T21:07:56.618+0000] {processor.py:914} INFO - Processing file /opt/airflow/dags/dag_dia.py for tasks to queue
[2026-08-12T21:07:56.621+0000] {logging_mixin.py:190} INFO - [2026-08-12T21:07:56.620+0000] {dagbag.py:587} INFO - Filling up the DagBag from /opt/airflow/dags/dag_dia.py
[2026-08-12T21:07:56.678+0000] {processor.py:925} INFO - DAG(s) 'dag_dia' retrieved from /opt/airflow/dags/dag_dia.py
[2026-08-12T21:07:56.726+0000] {logging_mixin.py:190} INFO - [2026-08-12T21:07:56.724+0000] {dag.py:3211} INFO - Sync 1 DAGs
[2026-08-12T21:07:56.767+0000] {logging_mixin.py:190} INFO - [2026-08-12T21:07:56.767+0000] {dag.py:4138} INFO - Setting next_dagrun for dag_dia to 2026-08-11 00:00:00+00:00, run_after=2026-08-12 00:00:00+00:00
[2026-08-12T21:07:56.812+0000] {processor.py:208} INFO - Processing /opt/airflow/dags/dag_dia.py took 0.204 seconds
[2026-08-12T21:08:27.035+0000] {processor.py:186} INFO - Started process (PID=29365) to work on /opt/airflow/dags/dag_dia.py
[2026-08-12T21:08:27.038+0000] {processor.py:914} INFO - Processing file /opt/airflow/dags/dag_dia.py for tasks to queue
[2026-08-12T21:08:27.041+0000] {logging_mixin.py:190} INFO - [2026-08-12T21:08:27.040+0000] {dagbag.py:587} INFO - Filling up the DagBag from /opt/airflow/dags/dag_dia.py
[2026-08-12T21:08:27.096+0000] {processor.py:925} INFO - DAG(s) 'dag_dia' retrieved from /opt/airflow/dags/dag_dia.py
[2026-08-12T21:08:27.154+0000] {logging_mixin.py:190} INFO - [2026-08-12T21:08:27.153+0000] {dag.py:3211} INFO - Sync 1 DAGs
[2026-08-12T21:08:27.187+0000] {logging_mixin.py:190} INFO - [2026-08-12T21:08:27.187+0000] {dag.py:4138} INFO - Setting next_dagrun for dag_dia to 2026-08-11 00:00:00+00:00, run_after=2026-08-12 00:00:00+00:00
[2026-08-12T21:08:27.218+0000] {processor.py:208} INFO - Processing /opt/airflow/dags/dag_dia.py took 0.198 seconds
[2026-08-12T21:08:57.564+0000] {processor.py:186} INFO - Started process (PID=29378) to work on /opt/airflow/dags/dag_dia.py
[2026-08-12T21:08:57.569+0000] {processor.py:914} INFO - Processing file /opt/airflow/dags/dag_dia.py for tasks to queue
[2026-08-12T21:08:57.571+0000] {logging_mixin.py:190} INFO - [2026-08-12T21:08:57.570+0000] {dagbag.py:587} INFO - Filling up the DagBag from /opt/airflow/dags/dag_dia.py
[2026-08-12T21:08:57.618+0000] {processor.py:925} INFO - DAG(s) 'dag_dia' retrieved from /opt/airflow/dags/dag_dia.py
[2026-08-12T21:08:57.672+0000] {logging_mixin.py:190} INFO - [2026-08-12T21:08:57.671+0000] {dag.py:3211} INFO - Sync 1 DAGs
[2026-08-12T21:08:57.701+0000] {logging_mixin.py:190} INFO - [2026-08-12T21:08:57.701+0000] {dag.py:4138} INFO - Setting next_dagrun for dag_dia to 2026-08-11 00:00:00+00:00, run_after=2026-08-12 00:00:00+00:00
[2026-08-12T21:08:57.745+0000] {processor.py:208} INFO - Processing /opt/airflow/dags/dag_dia.py took 0.188 seconds
[2026-08-12T21:09:29.572+0000] {processor.py:186} INFO - Started process (PID=29403) to work on /opt/airflow/dags/dag_dia.py
[2026-08-12T21:09:29.584+0000] {processor.py:914} INFO - Processing file /opt/airflow/dags/dag_dia.py for tasks to queue
[2026-08-12T21:09:29.600+0000] {logging_mixin.py:190} INFO - [2026-08-12T21:09:29.594+0000] {dagbag.py:587} INFO - Filling up the DagBag from /opt/airflow/dags/dag_dia.py
[2026-08-12T21:09:30.041+0000] {processor.py:925} INFO - DAG(s) 'dag_dia' retrieved from /opt/airflow/dags/dag_dia.py
[2026-08-12T21:09:30.512+0000] {logging_mixin.py:190} INFO - [2026-08-12T21:09:30.511+0000] {dag.py:3211} INFO - Sync 1 DAGs
[2026-08-12T21:09:30.929+0000] {logging_mixin.py:190} INFO - [2026-08-12T21:09:30.928+0000] {dag.py:4138} INFO - Setting next_dagrun for dag_dia to 2026-08-11 00:00:00+00:00, run_after=2026-08-12 00:00:00+00:00
[2026-08-12T21:09:31.240+0000] {processor.py:208} INFO - Processing /opt/airflow/dags/dag_dia.py took 1.815 seconds
[2026-08-12T21:10:03.157+0000] {processor.py:186} INFO - Started process (PID=29413) to work on /opt/airflow/dags/dag_dia.py
[2026-08-12T21:10:03.192+0000] {processor.py:914} INFO - Processing file /opt/airflow/dags/dag_dia.py for tasks to queue
[2026-08-12T21:10:03.253+0000] {logging_mixin.py:190} INFO - [2026-08-12T21:10:03.238+0000] {dagbag.py:587} INFO - Filling up the DagBag from /opt/airflow/dags/dag_dia.py
[2026-08-12T21:10:04.047+0000] {processor.py:925} INFO - DAG(s) 'dag_dia' retrieved from /opt/airflow/dags/dag_dia.py
[2026-08-12T21:10:04.845+0000] {logging_mixin.py:190} INFO - [2026-08-12T21:10:04.843+0000] {dag.py:3211} INFO - Sync 1 DAGs
[2026-08-12T21:10:05.934+0000] {logging_mixin.py:190} INFO - [2026-08-12T21:10:05.932+0000] {dag.py:4138} INFO - Setting next_dagrun for dag_dia to 2026-08-11 00:00:00+00:00, run_after=2026-08-12 00:00:00+00:00
[2026-08-12T21:10:06.846+0000] {processor.py:208} INFO - Processing /opt/airflow/dags/dag_dia.py took 3.849 seconds
[2026-08-12T21:10:38.870+0000] {processor.py:186} INFO - Started process (PID=29423) to work on /opt/airflow/dags/dag_dia.py
[2026-08-12T21:10:38.891+0000] {processor.py:914} INFO - Processing file /opt/airflow/dags/dag_dia.py for tasks to queue
[2026-08-12T21:10:38.938+0000] {logging_mixin.py:190} INFO - [2026-08-12T21:10:38.927+0000] {dagbag.py:587} INFO - Filling up the DagBag from /opt/airflow/dags/dag_dia.py
[2026-08-12T21:10:39.727+0000] {processor.py:925} INFO - DAG(s) 'dag_dia' retrieved from /opt/airflow/dags/dag_dia.py
[2026-08-12T21:10:41.464+0000] {logging_mixin.py:190} INFO - [2026-08-12T21:10:41.461+0000] {dag.py:3211} INFO - Sync 1 DAGs
[2026-08-12T21:10:43.681+0000] {logging_mixin.py:190} INFO - [2026-08-12T21:10:43.680+0000] {dag.py:4138} INFO - Setting next_dagrun for dag_dia to 2026-08-11 00:00:00+00:00, run_after=2026-08-12 00:00:00+00:00
[2026-08-12T21:10:44.867+0000] {processor.py:208} INFO - Processing /opt/airflow/dags/dag_dia.py took 6.902 seconds
[2026-08-12T21:11:18.967+0000] {processor.py:186} INFO - Started process (PID=29426) to work on /opt/airflow/dags/dag_dia.py
[2026-08-12T21:11:19.040+0000] {processor.py:914} INFO - Processing file /opt/airflow/dags/dag_dia.py for tasks to queue
[2026-08-12T21:11:19.176+0000] {logging_mixin.py:190} INFO - [2026-08-12T21:11:19.173+0000] {dagbag.py:587} INFO - Filling up the DagBag from /opt/airflow/dags/dag_dia.py
[2026-08-12T21:11:27.436+0000] {processor.py:925} INFO - DAG(s) 'dag_dia' retrieved from /opt/airflow/dags/dag_dia.py
[2026-08-12T21:11:34.757+0000] {logging_mixin.py:190} INFO - [2026-08-12T21:11:34.751+0000] {dag.py:3211} INFO - Sync 1 DAGs
[2026-08-12T21:11:37.960+0000] {logging_mixin.py:190} INFO - [2026-08-12T21:11:37.958+0000] {dag.py:4138} INFO - Setting next_dagrun for dag_dia to 2026-08-11 00:00:00+00:00, run_after=2026-08-12 00:00:00+00:00
[2026-08-12T21:11:38.843+0000] {processor.py:208} INFO - Processing /opt/airflow/dags/dag_dia.py took 22.118 seconds
[2026-08-12T21:12:11.878+0000] {processor.py:186} INFO - Started process (PID=29444) to work on /opt/airflow/dags/dag_dia.py
[2026-08-12T21:12:11.913+0000] {processor.py:914} INFO - Processing file /opt/airflow/dags/dag_dia.py for tasks to queue
[2026-08-12T21:12:11.971+0000] {logging_mixin.py:190} INFO - [2026-08-12T21:12:11.941+0000] {dagbag.py:587} INFO - Filling up the DagBag from /opt/airflow/dags/dag_dia.py
[2026-08-12T21:12:12.832+0000] {processor.py:925} INFO - DAG(s) 'dag_dia' retrieved from /opt/airflow/dags/dag_dia.py
[2026-08-12T21:12:13.810+0000] {logging_mixin.py:190} INFO - [2026-08-12T21:12:13.808+0000] {dag.py:3211} INFO - Sync 1 DAGs
[2026-08-12T21:12:14.684+0000] {logging_mixin.py:190} INFO - [2026-08-12T21:12:14.683+0000] {dag.py:4138} INFO - Setting next_dagrun for dag_dia to 2026-08-11 00:00:00+00:00, run_after=2026-08-12 00:00:00+00:00
[2026-08-12T21:12:15.208+0000] {processor.py:208} INFO - Processing /opt/airflow/dags/dag_dia.py took 3.818 seconds
[2026-08-12T21:12:47.128+0000] {processor.py:186} INFO - Started process (PID=29454) to work on /opt/airflow/dags/dag_dia.py
[2026-08-12T21:12:47.170+0000] {processor.py:914} INFO - Processing file /opt/airflow/dags/dag_dia.py for tasks to queue
[2026-08-12T21:12:47.222+0000] {logging_mixin.py:190} INFO - [2026-08-12T21:12:47.214+0000] {dagbag.py:587} INFO - Filling up the DagBag from /opt/airflow/dags/dag_dia.py
[2026-08-12T21:12:50.423+0000] {processor.py:925} INFO - DAG(s) 'dag_dia' retrieved from /opt/airflow/dags/dag_dia.py
[2026-08-12T21:12:53.405+0000] {logging_mixin.py:190} INFO - [2026-08-12T21:12:53.403+0000] {dag.py:3211} INFO - Sync 1 DAGs
[2026-08-12T21:12:55.137+0000] {logging_mixin.py:190} INFO - [2026-08-12T21:12:55.135+0000] {dag.py:4138} INFO - Setting next_dagrun for dag_dia to 2026-08-11 00:00:00+00:00, run_after=2026-08-12 00:00:00+00:00
[2026-08-12T21:12:56.852+0000] {processor.py:208} INFO - Processing /opt/airflow/dags/dag_dia.py took 10.472 seconds
[2026-08-12T21:13:41.697+0000] {processor.py:186} INFO - Started process (PID=29465) to work on /opt/airflow/dags/dag_dia.py
[2026-08-12T21:13:41.713+0000] {processor.py:914} INFO - Processing file /opt/airflow/dags/dag_dia.py for tasks to queue
[2026-08-12T21:13:41.732+0000] {logging_mixin.py:190} INFO - [2026-08-12T21:13:41.731+0000] {dagbag.py:587} INFO - Filling up the DagBag from /opt/airflow/dags/dag_dia.py
[2026-08-12T21:13:43.922+0000] {processor.py:925} INFO - DAG(s) 'dag_dia' retrieved from /opt/airflow/dags/dag_dia.py
[2026-08-12T21:13:46.606+0000] {logging_mixin.py:190} INFO - [2026-08-12T21:13:46.577+0000] {dag.py:3211} INFO - Sync 1 DAGs
[2026-08-12T21:13:48.389+0000] {logging_mixin.py:190} INFO - [2026-08-12T21:13:48.372+0000] {dag.py:4138} INFO - Setting next_dagrun for dag_dia to 2026-08-11 00:00:00+00:00, run_after=2026-08-12 00:00:00+00:00
[2026-08-12T21:13:49.200+0000] {processor.py:208} INFO - Processing /opt/airflow/dags/dag_dia.py took 7.826 seconds
[2026-08-12T21:14:22.302+0000] {processor.py:186} INFO - Started process (PID=29468) to work on /opt/airflow/dags/dag_dia.py
[2026-08-12T21:14:22.318+0000] {processor.py:914} INFO - Processing file /opt/airflow/dags/dag_dia.py for tasks to queue
[2026-08-12T21:14:22.367+0000] {logging_mixin.py:190} INFO - [2026-08-12T21:14:22.338+0000] {dagbag.py:587} INFO - Filling up the DagBag from /opt/airflow/dags/dag_dia.py
[2026-08-12T21:14:24.095+0000] {processor.py:925} INFO - DAG(s) 'dag_dia' retrieved from /opt/airflow/dags/dag_dia.py
[2026-08-12T21:14:25.062+0000] {logging_mixin.py:190} INFO - [2026-08-12T21:14:25.054+0000] {dag.py:3211} INFO - Sync 1 DAGs
[2026-08-12T21:14:25.472+0000] {logging_mixin.py:190} INFO - [2026-08-12T21:14:25.467+0000] {dag.py:4138} INFO - Setting next_dagrun for dag_dia to 2026-08-11 00:00:00+00:00, run_after=2026-08-12 00:00:00+00:00
[2026-08-12T21:14:26.515+0000] {processor.py:208} INFO - Processing /opt/airflow/dags/dag_dia.py took 4.549 seconds
[2026-08-12T21:17:50.426+0000] {processor.py:186} INFO - Started process (PID=29471) to work on /opt/airflow/dags/dag_dia.py
[2026-08-12T21:17:50.477+0000] {processor.py:914} INFO - Processing file /opt/airflow/dags/dag_dia.py for tasks to queue
[2026-08-12T21:17:50.526+0000] {logging_mixin.py:190} INFO - [2026-08-12T21:17:50.520+0000] {dagbag.py:587} INFO - Filling up the DagBag from /opt/airflow/dags/dag_dia.py
[2026-08-12T21:17:51.231+0000] {processor.py:925} INFO - DAG(s) 'dag_dia' retrieved from /opt/airflow/dags/dag_dia.py
[2026-08-12T21:20:36.005+0000] {logging_mixin.py:190} INFO - [2026-08-12T21:20:35.947+0000] {dag.py:3211} INFO - Sync 1 DAGs
[2026-08-12T21:20:37.354+0000] {logging_mixin.py:190} INFO - [2026-08-12T21:20:37.348+0000] {dag.py:4138} INFO - Setting next_dagrun for dag_dia to 2026-08-11 00:00:00+00:00, run_after=2026-08-12 00:00:00+00:00
[2026-08-12T21:47:08.550+0000] {processor.py:186} INFO - Started process (PID=85) to work on /opt/airflow/dags/dag_dia.py
[2026-08-12T21:47:08.559+0000] {processor.py:914} INFO - Processing file /opt/airflow/dags/dag_dia.py for tasks to queue
[2026-08-12T21:47:08.594+0000] {logging_mixin.py:190} INFO - [2026-08-12T21:47:08.592+0000] {dagbag.py:587} INFO - Filling up the DagBag from /opt/airflow/dags/dag_dia.py
[2026-08-12T21:47:08.871+0000] {processor.py:925} INFO - DAG(s) 'dag_dia' retrieved from /opt/airflow/dags/dag_dia.py
[2026-08-12T21:47:09.241+0000] {logging_mixin.py:190} INFO - [2026-08-12T21:47:09.239+0000] {dag.py:3211} INFO - Sync 1 DAGs
[2026-08-12T21:47:09.640+0000] {logging_mixin.py:190} INFO - [2026-08-12T21:47:09.638+0000] {dag.py:4138} INFO - Setting next_dagrun for dag_dia to 2026-08-11 00:00:00+00:00, run_after=2026-08-12 00:00:00+00:00
[2026-08-12T21:47:09.926+0000] {processor.py:208} INFO - Processing /opt/airflow/dags/dag_dia.py took 1.450 seconds
[2026-08-12T21:47:40.459+0000] {processor.py:186} INFO - Started process (PID=95) to work on /opt/airflow/dags/dag_dia.py
[2026-08-12T21:47:40.464+0000] {processor.py:914} INFO - Processing file /opt/airflow/dags/dag_dia.py for tasks to queue
[2026-08-12T21:47:40.480+0000] {logging_mixin.py:190} INFO - [2026-08-12T21:47:40.478+0000] {dagbag.py:587} INFO - Filling up the DagBag from /opt/airflow/dags/dag_dia.py
[2026-08-12T21:47:40.625+0000] {processor.py:925} INFO - DAG(s) 'dag_dia' retrieved from /opt/airflow/dags/dag_dia.py
[2026-08-12T21:47:40.779+0000] {logging_mixin.py:190} INFO - [2026-08-12T21:47:40.777+0000] {dag.py:3211} INFO - Sync 1 DAGs
[2026-08-12T21:47:40.886+0000] {logging_mixin.py:190} INFO - [2026-08-12T21:47:40.885+0000] {dag.py:4138} INFO - Setting next_dagrun for dag_dia to 2026-08-11 00:00:00+00:00, run_after=2026-08-12 00:00:00+00:00
[2026-08-12T21:47:40.973+0000] {processor.py:208} INFO - Processing /opt/airflow/dags/dag_dia.py took 0.553 seconds
[2026-08-12T21:48:11.395+0000] {processor.py:186} INFO - Started process (PID=105) to work on /opt/airflow/dags/dag_dia.py
[2026-08-12T21:48:11.399+0000] {processor.py:914} INFO - Processing file /opt/airflow/dags/dag_dia.py for tasks to queue
[2026-08-12T21:48:11.414+0000] {logging_mixin.py:190} INFO - [2026-08-12T21:48:11.411+0000] {dagbag.py:587} INFO - Filling up the DagBag from /opt/airflow/dags/dag_dia.py
[2026-08-12T21:48:11.506+0000] {processor.py:925} INFO - DAG(s) 'dag_dia' retrieved from /opt/airflow/dags/dag_dia.py
[2026-08-12T21:48:11.623+0000] {logging_mixin.py:190} INFO - [2026-08-12T21:48:11.622+0000] {dag.py:3211} INFO - Sync 1 DAGs
[2026-08-12T21:48:11.696+0000] {logging_mixin.py:190} INFO - [2026-08-12T21:48:11.695+0000] {dag.py:4138} INFO - Setting next_dagrun for dag_dia to 2026-08-11 00:00:00+00:00, run_after=2026-08-12 00:00:00+00:00
[2026-08-12T21:48:11.758+0000] {processor.py:208} INFO - Processing /opt/airflow/dags/dag_dia.py took 0.384 seconds
[2026-08-12T21:48:42.201+0000] {processor.py:186} INFO - Started process (PID=108) to work on /opt/airflow/dags/dag_dia.py
[2026-08-12T21:48:42.203+0000] {processor.py:914} INFO - Processing file /opt/airflow/dags/dag_dia.py for tasks to queue
[2026-08-12T21:48:42.207+0000] {logging_mixin.py:190} INFO - [2026-08-12T21:48:42.206+0000] {dagbag.py:587} INFO - Filling up the DagBag from /opt/airflow/dags/dag_dia.py
[2026-08-12T21:48:42.238+0000] {processor.py:925} INFO - DAG(s) 'dag_dia' retrieved from /opt/airflow/dags/dag_dia.py
[2026-08-12T21:48:42.269+0000] {logging_mixin.py:190} INFO - [2026-08-12T21:48:42.269+0000] {dag.py:3211} INFO - Sync 1 DAGs
[2026-08-12T21:48:42.293+0000] {logging_mixin.py:190} INFO - [2026-08-12T21:48:42.293+0000] {dag.py:4138} INFO - Setting next_dagrun for dag_dia to 2026-08-11 00:00:00+00:00, run_after=2026-08-12 00:00:00+00:00
[2026-08-12T21:48:42.330+0000] {processor.py:208} INFO - Processing /opt/airflow/dags/dag_dia.py took 0.134 seconds
[2026-08-12T21:49:13.033+0000] {processor.py:186} INFO - Started process (PID=119) to work on /opt/airflow/dags/dag_dia.py
[2026-08-12T21:49:13.036+0000] {processor.py:914} INFO - Processing file /opt/airflow/dags/dag_dia.py for tasks to queue
[2026-08-12T21:49:13.045+0000] {logging_mixin.py:190} INFO - [2026-08-12T21:49:13.044+0000] {dagbag.py:587} INFO - Filling up the DagBag from /opt/airflow/dags/dag_dia.py
[2026-08-12T21:49:13.107+0000] {processor.py:925} INFO - DAG(s) 'dag_dia' retrieved from /opt/airflow/dags/dag_dia.py
[2026-08-12T21:49:13.187+0000] {logging_mixin.py:190} INFO - [2026-08-12T21:49:13.187+0000] {dag.py:3211} INFO - Sync 1 DAGs
[2026-08-12T21:49:13.255+0000] {logging_mixin.py:190} INFO - [2026-08-12T21:49:13.255+0000] {dag.py:4138} INFO - Setting next_dagrun for dag_dia to 2026-08-11 00:00:00+00:00, run_after=2026-08-12 00:00:00+00:00
[2026-08-12T21:49:13.319+0000] {processor.py:208} INFO - Processing /opt/airflow/dags/dag_dia.py took 0.301 seconds
[2026-08-12T21:49:44.688+0000] {processor.py:186} INFO - Started process (PID=129) to work on /opt/airflow/dags/dag_dia.py
[2026-08-12T21:49:44.714+0000] {processor.py:914} INFO - Processing file /opt/airflow/dags/dag_dia.py for tasks to queue
[2026-08-12T21:49:44.741+0000] {logging_mixin.py:190} INFO - [2026-08-12T21:49:44.738+0000] {dagbag.py:587} INFO - Filling up the DagBag from /opt/airflow/dags/dag_dia.py
[2026-08-12T21:49:45.061+0000] {processor.py:925} INFO - DAG(s) 'dag_dia' retrieved from /opt/airflow/dags/dag_dia.py
[2026-08-12T21:49:45.341+0000] {logging_mixin.py:190} INFO - [2026-08-12T21:49:45.340+0000] {dag.py:3211} INFO - Sync 1 DAGs
[2026-08-12T21:49:45.533+0000] {logging_mixin.py:190} INFO - [2026-08-12T21:49:45.532+0000] {dag.py:4138} INFO - Setting next_dagrun for dag_dia to 2026-08-11 00:00:00+00:00, run_after=2026-08-12 00:00:00+00:00
[2026-08-12T21:49:45.726+0000] {processor.py:208} INFO - Processing /opt/airflow/dags/dag_dia.py took 1.136 seconds
[2026-08-12T21:50:16.477+0000] {processor.py:186} INFO - Started process (PID=191) to work on /opt/airflow/dags/dag_dia.py
[2026-08-12T21:50:16.504+0000] {processor.py:914} INFO - Processing file /opt/airflow/dags/dag_dia.py for tasks to queue
[2026-08-12T21:50:16.568+0000] {logging_mixin.py:190} INFO - [2026-08-12T21:50:16.552+0000] {dagbag.py:587} INFO - Filling up the DagBag from /opt/airflow/dags/dag_dia.py
[2026-08-12T21:50:17.213+0000] {processor.py:925} INFO - DAG(s) 'dag_dia' retrieved from /opt/airflow/dags/dag_dia.py
[2026-08-12T21:50:17.536+0000] {logging_mixin.py:190} INFO - [2026-08-12T21:50:17.534+0000] {dag.py:3211} INFO - Sync 1 DAGs
[2026-08-12T21:50:17.907+0000] {logging_mixin.py:190} INFO - [2026-08-12T21:50:17.900+0000] {dag.py:4138} INFO - Setting next_dagrun for dag_dia to 2026-08-11 00:00:00+00:00, run_after=2026-08-12 00:00:00+00:00
[2026-08-12T21:50:18.151+0000] {processor.py:208} INFO - Processing /opt/airflow/dags/dag_dia.py took 1.901 seconds
[2026-08-12T21:50:49.135+0000] {processor.py:186} INFO - Started process (PID=201) to work on /opt/airflow/dags/dag_dia.py
[2026-08-12T21:50:49.186+0000] {processor.py:914} INFO - Processing file /opt/airflow/dags/dag_dia.py for tasks to queue
[2026-08-12T21:50:49.271+0000] {logging_mixin.py:190} INFO - [2026-08-12T21:50:49.270+0000] {dagbag.py:587} INFO - Filling up the DagBag from /opt/airflow/dags/dag_dia.py
[2026-08-12T21:50:49.839+0000] {processor.py:925} INFO - DAG(s) 'dag_dia' retrieved from /opt/airflow/dags/dag_dia.py
[2026-08-12T21:50:50.481+0000] {logging_mixin.py:190} INFO - [2026-08-12T21:50:50.480+0000] {dag.py:3211} INFO - Sync 1 DAGs
[2026-08-12T21:50:51.271+0000] {logging_mixin.py:190} INFO - [2026-08-12T21:50:51.265+0000] {dag.py:4138} INFO - Setting next_dagrun for dag_dia to 2026-08-11 00:00:00+00:00, run_after=2026-08-12 00:00:00+00:00
[2026-08-12T21:50:51.782+0000] {processor.py:208} INFO - Processing /opt/airflow/dags/dag_dia.py took 2.831 seconds
[2026-08-12T21:51:22.908+0000] {processor.py:186} INFO - Started process (PID=211) to work on /opt/airflow/dags/dag_dia.py
[2026-08-12T21:51:22.914+0000] {processor.py:914} INFO - Processing file /opt/airflow/dags/dag_dia.py for tasks to queue
[2026-08-12T21:51:22.969+0000] {logging_mixin.py:190} INFO - [2026-08-12T21:51:22.959+0000] {dagbag.py:587} INFO - Filling up the DagBag from /opt/airflow/dags/dag_dia.py
[2026-08-12T21:51:23.490+0000] {processor.py:925} INFO - DAG(s) 'dag_dia' retrieved from /opt/airflow/dags/dag_dia.py
[2026-08-12T21:51:24.124+0000] {logging_mixin.py:190} INFO - [2026-08-12T21:51:24.121+0000] {dag.py:3211} INFO - Sync 1 DAGs
[2026-08-12T21:51:24.991+0000] {logging_mixin.py:190} INFO - [2026-08-12T21:51:24.989+0000] {dag.py:4138} INFO - Setting next_dagrun for dag_dia to 2026-08-11 00:00:00+00:00, run_after=2026-08-12 00:00:00+00:00
[2026-08-12T21:51:25.534+0000] {processor.py:208} INFO - Processing /opt/airflow/dags/dag_dia.py took 2.714 seconds
[2026-08-12T21:51:56.979+0000] {processor.py:186} INFO - Started process (PID=214) to work on /opt/airflow/dags/dag_dia.py
[2026-08-12T21:51:56.991+0000] {processor.py:914} INFO - Processing file /opt/airflow/dags/dag_dia.py for tasks to queue
[2026-08-12T21:51:57.032+0000] {logging_mixin.py:190} INFO - [2026-08-12T21:51:57.029+0000] {dagbag.py:587} INFO - Filling up the DagBag from /opt/airflow/dags/dag_dia.py
[2026-08-12T21:51:57.523+0000] {processor.py:925} INFO - DAG(s) 'dag_dia' retrieved from /opt/airflow/dags/dag_dia.py
[2026-08-12T21:51:58.169+0000] {logging_mixin.py:190} INFO - [2026-08-12T21:51:58.167+0000] {dag.py:3211} INFO - Sync 1 DAGs
[2026-08-12T21:51:58.618+0000] {logging_mixin.py:190} INFO - [2026-08-12T21:51:58.612+0000] {dag.py:4138} INFO - Setting next_dagrun for dag_dia to 2026-08-11 00:00:00+00:00, run_after=2026-08-12 00:00:00+00:00
[2026-08-12T21:52:08.524+0000] {processor.py:208} INFO - Processing /opt/airflow/dags/dag_dia.py took 11.702 seconds
[2026-08-12T21:52:39.108+0000] {processor.py:186} INFO - Started process (PID=224) to work on /opt/airflow/dags/dag_dia.py
[2026-08-12T21:52:39.116+0000] {processor.py:914} INFO - Processing file /opt/airflow/dags/dag_dia.py for tasks to queue
[2026-08-12T21:52:39.175+0000] {logging_mixin.py:190} INFO - [2026-08-12T21:52:39.171+0000] {dagbag.py:587} INFO - Filling up the DagBag from /opt/airflow/dags/dag_dia.py
[2026-08-12T21:52:39.790+0000] {processor.py:925} INFO - DAG(s) 'dag_dia' retrieved from /opt/airflow/dags/dag_dia.py
[2026-08-12T21:52:41.020+0000] {logging_mixin.py:190} INFO - [2026-08-12T21:52:41.019+0000] {dag.py:3211} INFO - Sync 1 DAGs
[2026-08-12T21:53:01.845+0000] {logging_mixin.py:190} INFO - [2026-08-12T21:53:01.842+0000] {dag.py:4138} INFO - Setting next_dagrun for dag_dia to 2026-08-11 00:00:00+00:00, run_after=2026-08-12 00:00:00+00:00
[2026-08-12T21:53:02.121+0000] {processor.py:208} INFO - Processing /opt/airflow/dags/dag_dia.py took 23.127 seconds
[2026-08-12T21:53:33.378+0000] {processor.py:186} INFO - Started process (PID=241) to work on /opt/airflow/dags/dag_dia.py
[2026-08-12T21:53:33.407+0000] {processor.py:914} INFO - Processing file /opt/airflow/dags/dag_dia.py for tasks to queue
[2026-08-12T21:53:33.449+0000] {logging_mixin.py:190} INFO - [2026-08-12T21:53:33.447+0000] {dagbag.py:587} INFO - Filling up the DagBag from /opt/airflow/dags/dag_dia.py
[2026-08-12T21:53:34.081+0000] {processor.py:925} INFO - DAG(s) 'dag_dia' retrieved from /opt/airflow/dags/dag_dia.py
[2026-08-12T21:53:34.777+0000] {logging_mixin.py:190} INFO - [2026-08-12T21:53:34.775+0000] {dag.py:3211} INFO - Sync 1 DAGs
[2026-08-12T21:53:35.442+0000] {logging_mixin.py:190} INFO - [2026-08-12T21:53:35.441+0000] {dag.py:4138} INFO - Setting next_dagrun for dag_dia to 2026-08-11 00:00:00+00:00, run_after=2026-08-12 00:00:00+00:00
[2026-08-12T21:53:35.822+0000] {processor.py:208} INFO - Processing /opt/airflow/dags/dag_dia.py took 2.503 seconds
[2026-08-12T21:54:07.639+0000] {processor.py:186} INFO - Started process (PID=253) to work on /opt/airflow/dags/dag_dia.py
[2026-08-12T21:54:07.704+0000] {processor.py:914} INFO - Processing file /opt/airflow/dags/dag_dia.py for tasks to queue
[2026-08-12T21:54:07.778+0000] {logging_mixin.py:190} INFO - [2026-08-12T21:54:07.776+0000] {dagbag.py:587} INFO - Filling up the DagBag from /opt/airflow/dags/dag_dia.py
[2026-08-12T21:54:08.503+0000] {processor.py:925} INFO - DAG(s) 'dag_dia' retrieved from /opt/airflow/dags/dag_dia.py
[2026-08-12T21:54:09.074+0000] {logging_mixin.py:190} INFO - [2026-08-12T21:54:09.072+0000] {dag.py:3211} INFO - Sync 1 DAGs
[2026-08-12T21:54:09.647+0000] {logging_mixin.py:190} INFO - [2026-08-12T21:54:09.646+0000] {dag.py:4138} INFO - Setting next_dagrun for dag_dia to 2026-08-11 00:00:00+00:00, run_after=2026-08-12 00:00:00+00:00
[2026-08-12T21:54:09.882+0000] {processor.py:208} INFO - Processing /opt/airflow/dags/dag_dia.py took 2.569 seconds
[2026-08-12T21:54:43.166+0000] {processor.py:186} INFO - Started process (PID=256) to work on /opt/airflow/dags/dag_dia.py
[2026-08-12T21:54:43.218+0000] {processor.py:914} INFO - Processing file /opt/airflow/dags/dag_dia.py for tasks to queue
[2026-08-12T21:54:44.158+0000] {logging_mixin.py:190} INFO - [2026-08-12T21:54:44.134+0000] {dagbag.py:587} INFO - Filling up the DagBag from /opt/airflow/dags/dag_dia.py
[2026-08-12T21:54:44.939+0000] {processor.py:925} INFO - DAG(s) 'dag_dia' retrieved from /opt/airflow/dags/dag_dia.py
[2026-08-12T21:54:46.046+0000] {logging_mixin.py:190} INFO - [2026-08-12T21:54:46.043+0000] {dag.py:3211} INFO - Sync 1 DAGs
[2026-08-12T21:54:46.663+0000] {logging_mixin.py:190} INFO - [2026-08-12T21:54:46.660+0000] {dag.py:4138} INFO - Setting next_dagrun for dag_dia to 2026-08-11 00:00:00+00:00, run_after=2026-08-12 00:00:00+00:00
[2026-08-12T21:54:46.968+0000] {processor.py:208} INFO - Processing /opt/airflow/dags/dag_dia.py took 4.026 seconds
[2026-08-12T21:55:17.737+0000] {processor.py:186} INFO - Started process (PID=265) to work on /opt/airflow/dags/dag_dia.py
[2026-08-12T21:55:17.764+0000] {processor.py:914} INFO - Processing file /opt/airflow/dags/dag_dia.py for tasks to queue
[2026-08-12T21:55:17.814+0000] {logging_mixin.py:190} INFO - [2026-08-12T21:55:17.805+0000] {dagbag.py:587} INFO - Filling up the DagBag from /opt/airflow/dags/dag_dia.py
[2026-08-12T21:55:18.165+0000] {processor.py:925} INFO - DAG(s) 'dag_dia' retrieved from /opt/airflow/dags/dag_dia.py
[2026-08-12T21:55:18.441+0000] {logging_mixin.py:190} INFO - [2026-08-12T21:55:18.440+0000] {dag.py:3211} INFO - Sync 1 DAGs
[2026-08-12T21:55:18.725+0000] {logging_mixin.py:190} INFO - [2026-08-12T21:55:18.723+0000] {dag.py:4138} INFO - Setting next_dagrun for dag_dia to 2026-08-11 00:00:00+00:00, run_after=2026-08-12 00:00:00+00:00
[2026-08-12T21:55:20.914+0000] {processor.py:208} INFO - Processing /opt/airflow/dags/dag_dia.py took 3.254 seconds
[2026-08-12T21:55:51.914+0000] {processor.py:186} INFO - Started process (PID=277) to work on /opt/airflow/dags/dag_dia.py
[2026-08-12T21:55:51.925+0000] {processor.py:914} INFO - Processing file /opt/airflow/dags/dag_dia.py for tasks to queue
[2026-08-12T21:55:51.945+0000] {logging_mixin.py:190} INFO - [2026-08-12T21:55:51.944+0000] {dagbag.py:587} INFO - Filling up the DagBag from /opt/airflow/dags/dag_dia.py
[2026-08-12T21:55:52.338+0000] {processor.py:925} INFO - DAG(s) 'dag_dia' retrieved from /opt/airflow/dags/dag_dia.py
[2026-08-12T21:55:52.647+0000] {logging_mixin.py:190} INFO - [2026-08-12T21:55:52.646+0000] {dag.py:3211} INFO - Sync 1 DAGs
[2026-08-12T21:55:54.808+0000] {logging_mixin.py:190} INFO - [2026-08-12T21:55:54.807+0000] {dag.py:4138} INFO - Setting next_dagrun for dag_dia to 2026-08-11 00:00:00+00:00, run_after=2026-08-12 00:00:00+00:00
[2026-08-12T21:55:55.152+0000] {processor.py:208} INFO - Processing /opt/airflow/dags/dag_dia.py took 3.308 seconds
[2026-08-12T21:56:25.728+0000] {processor.py:186} INFO - Started process (PID=301) to work on /opt/airflow/dags/dag_dia.py
[2026-08-12T21:56:25.736+0000] {processor.py:914} INFO - Processing file /opt/airflow/dags/dag_dia.py for tasks to queue
[2026-08-12T21:56:25.754+0000] {logging_mixin.py:190} INFO - [2026-08-12T21:56:25.752+0000] {dagbag.py:587} INFO - Filling up the DagBag from /opt/airflow/dags/dag_dia.py
[2026-08-12T21:56:25.886+0000] {processor.py:925} INFO - DAG(s) 'dag_dia' retrieved from /opt/airflow/dags/dag_dia.py
[2026-08-12T21:56:26.134+0000] {logging_mixin.py:190} INFO - [2026-08-12T21:56:26.133+0000] {dag.py:3211} INFO - Sync 1 DAGs
[2026-08-12T21:56:26.302+0000] {logging_mixin.py:190} INFO - [2026-08-12T21:56:26.300+0000] {dag.py:4138} INFO - Setting next_dagrun for dag_dia to 2026-08-11 00:00:00+00:00, run_after=2026-08-12 00:00:00+00:00
[2026-08-12T21:56:26.378+0000] {processor.py:208} INFO - Processing /opt/airflow/dags/dag_dia.py took 0.682 seconds
[2026-08-12T21:56:57.118+0000] {processor.py:186} INFO - Started process (PID=311) to work on /opt/airflow/dags/dag_dia.py
[2026-08-12T21:56:57.125+0000] {processor.py:914} INFO - Processing file /opt/airflow/dags/dag_dia.py for tasks to queue
[2026-08-12T21:56:57.156+0000] {logging_mixin.py:190} INFO - [2026-08-12T21:56:57.153+0000] {dagbag.py:587} INFO - Filling up the DagBag from /opt/airflow/dags/dag_dia.py
[2026-08-12T21:56:57.350+0000] {processor.py:925} INFO - DAG(s) 'dag_dia' retrieved from /opt/airflow/dags/dag_dia.py
[2026-08-12T21:56:57.616+0000] {logging_mixin.py:190} INFO - [2026-08-12T21:56:57.614+0000] {dag.py:3211} INFO - Sync 1 DAGs
[2026-08-12T21:56:57.875+0000] {logging_mixin.py:190} INFO - [2026-08-12T21:56:57.873+0000] {dag.py:4138} INFO - Setting next_dagrun for dag_dia to 2026-08-11 00:00:00+00:00, run_after=2026-08-12 00:00:00+00:00
[2026-08-12T21:56:58.093+0000] {processor.py:208} INFO - Processing /opt/airflow/dags/dag_dia.py took 1.018 seconds
[2026-08-12T21:57:28.315+0000] {processor.py:186} INFO - Started process (PID=321) to work on /opt/airflow/dags/dag_dia.py
[2026-08-12T21:57:28.318+0000] {processor.py:914} INFO - Processing file /opt/airflow/dags/dag_dia.py for tasks to queue
[2026-08-12T21:57:28.323+0000] {logging_mixin.py:190} INFO - [2026-08-12T21:57:28.323+0000] {dagbag.py:587} INFO - Filling up the DagBag from /opt/airflow/dags/dag_dia.py
[2026-08-12T21:57:28.367+0000] {processor.py:925} INFO - DAG(s) 'dag_dia' retrieved from /opt/airflow/dags/dag_dia.py
[2026-08-12T21:57:28.426+0000] {logging_mixin.py:190} INFO - [2026-08-12T21:57:28.426+0000] {dag.py:3211} INFO - Sync 1 DAGs
[2026-08-12T21:57:28.473+0000] {logging_mixin.py:190} INFO - [2026-08-12T21:57:28.472+0000] {dag.py:4138} INFO - Setting next_dagrun for dag_dia to 2026-08-11 00:00:00+00:00, run_after=2026-08-12 00:00:00+00:00
[2026-08-12T21:57:28.513+0000] {processor.py:208} INFO - Processing /opt/airflow/dags/dag_dia.py took 0.213 seconds
[2026-08-12T21:57:58.921+0000] {processor.py:186} INFO - Started process (PID=324) to work on /opt/airflow/dags/dag_dia.py
[2026-08-12T21:57:58.923+0000] {processor.py:914} INFO - Processing file /opt/airflow/dags/dag_dia.py for tasks to queue
[2026-08-12T21:57:58.925+0000] {logging_mixin.py:190} INFO - [2026-08-12T21:57:58.925+0000] {dagbag.py:587} INFO - Filling up the DagBag from /opt/airflow/dags/dag_dia.py
[2026-08-12T21:57:58.972+0000] {processor.py:925} INFO - DAG(s) 'dag_dia' retrieved from /opt/airflow/dags/dag_dia.py
[2026-08-12T21:57:58.998+0000] {logging_mixin.py:190} INFO - [2026-08-12T21:57:58.998+0000] {dag.py:3211} INFO - Sync 1 DAGs
[2026-08-12T21:57:59.020+0000] {logging_mixin.py:190} INFO - [2026-08-12T21:57:59.020+0000] {dag.py:4138} INFO - Setting next_dagrun for dag_dia to 2026-08-11 00:00:00+00:00, run_after=2026-08-12 00:00:00+00:00
[2026-08-12T21:57:59.211+0000] {processor.py:208} INFO - Processing /opt/airflow/dags/dag_dia.py took 0.296 seconds
[2026-08-12T21:58:29.786+0000] {processor.py:186} INFO - Started process (PID=334) to work on /opt/airflow/dags/dag_dia.py
[2026-08-12T21:58:29.788+0000] {processor.py:914} INFO - Processing file /opt/airflow/dags/dag_dia.py for tasks to queue
[2026-08-12T21:58:29.791+0000] {logging_mixin.py:190} INFO - [2026-08-12T21:58:29.791+0000] {dagbag.py:587} INFO - Filling up the DagBag from /opt/airflow/dags/dag_dia.py
[2026-08-12T21:58:29.839+0000] {processor.py:925} INFO - DAG(s) 'dag_dia' retrieved from /opt/airflow/dags/dag_dia.py
[2026-08-12T21:58:29.870+0000] {logging_mixin.py:190} INFO - [2026-08-12T21:58:29.870+0000] {dag.py:3211} INFO - Sync 1 DAGs
[2026-08-12T21:58:30.090+0000] {logging_mixin.py:190} INFO - [2026-08-12T21:58:30.090+0000] {dag.py:4138} INFO - Setting next_dagrun for dag_dia to 2026-08-11 00:00:00+00:00, run_after=2026-08-12 00:00:00+00:00
[2026-08-12T21:58:30.113+0000] {processor.py:208} INFO - Processing /opt/airflow/dags/dag_dia.py took 0.333 seconds
[2026-08-12T21:59:00.812+0000] {processor.py:186} INFO - Started process (PID=344) to work on /opt/airflow/dags/dag_dia.py
[2026-08-12T21:59:00.814+0000] {processor.py:914} INFO - Processing file /opt/airflow/dags/dag_dia.py for tasks to queue
[2026-08-12T21:59:00.816+0000] {logging_mixin.py:190} INFO - [2026-08-12T21:59:00.816+0000] {dagbag.py:587} INFO - Filling up the DagBag from /opt/airflow/dags/dag_dia.py
[2026-08-12T21:59:00.839+0000] {processor.py:925} INFO - DAG(s) 'dag_dia' retrieved from /opt/airflow/dags/dag_dia.py
[2026-08-12T21:59:00.866+0000] {logging_mixin.py:190} INFO - [2026-08-12T21:59:00.866+0000] {dag.py:3211} INFO - Sync 1 DAGs
[2026-08-12T21:59:01.043+0000] {logging_mixin.py:190} INFO - [2026-08-12T21:59:01.043+0000] {dag.py:4138} INFO - Setting next_dagrun for dag_dia to 2026-08-11 00:00:00+00:00, run_after=2026-08-12 00:00:00+00:00
[2026-08-12T21:59:01.061+0000] {processor.py:208} INFO - Processing /opt/airflow/dags/dag_dia.py took 0.254 seconds
[2026-08-12T21:59:31.406+0000] {processor.py:186} INFO - Started process (PID=354) to work on /opt/airflow/dags/dag_dia.py
[2026-08-12T21:59:31.408+0000] {processor.py:914} INFO - Processing file /opt/airflow/dags/dag_dia.py for tasks to queue
[2026-08-12T21:59:31.410+0000] {logging_mixin.py:190} INFO - [2026-08-12T21:59:31.410+0000] {dagbag.py:587} INFO - Filling up the DagBag from /opt/airflow/dags/dag_dia.py
[2026-08-12T21:59:31.430+0000] {processor.py:925} INFO - DAG(s) 'dag_dia' retrieved from /opt/airflow/dags/dag_dia.py
[2026-08-12T21:59:31.455+0000] {logging_mixin.py:190} INFO - [2026-08-12T21:59:31.455+0000] {dag.py:3211} INFO - Sync 1 DAGs
[2026-08-12T21:59:31.473+0000] {logging_mixin.py:190} INFO - [2026-08-12T21:59:31.473+0000] {dag.py:4138} INFO - Setting next_dagrun for dag_dia to 2026-08-11 00:00:00+00:00, run_after=2026-08-12 00:00:00+00:00
[2026-08-12T21:59:31.502+0000] {processor.py:208} INFO - Processing /opt/airflow/dags/dag_dia.py took 0.102 seconds
[2026-08-12T22:00:01.914+0000] {processor.py:186} INFO - Started process (PID=364) to work on /opt/airflow/dags/dag_dia.py
[2026-08-12T22:00:01.916+0000] {processor.py:914} INFO - Processing file /opt/airflow/dags/dag_dia.py for tasks to queue
[2026-08-12T22:00:01.920+0000] {logging_mixin.py:190} INFO - [2026-08-12T22:00:01.919+0000] {dagbag.py:587} INFO - Filling up the DagBag from /opt/airflow/dags/dag_dia.py
[2026-08-12T22:00:01.951+0000] {processor.py:925} INFO - DAG(s) 'dag_dia' retrieved from /opt/airflow/dags/dag_dia.py
[2026-08-12T22:00:01.977+0000] {logging_mixin.py:190} INFO - [2026-08-12T22:00:01.977+0000] {dag.py:3211} INFO - Sync 1 DAGs
[2026-08-12T22:00:01.997+0000] {logging_mixin.py:190} INFO - [2026-08-12T22:00:01.997+0000] {dag.py:4138} INFO - Setting next_dagrun for dag_dia to 2026-08-11 00:00:00+00:00, run_after=2026-08-12 00:00:00+00:00
[2026-08-12T22:00:02.028+0000] {processor.py:208} INFO - Processing /opt/airflow/dags/dag_dia.py took 0.119 seconds
[2026-08-12T22:00:32.681+0000] {processor.py:186} INFO - Started process (PID=374) to work on /opt/airflow/dags/dag_dia.py
[2026-08-12T22:00:32.685+0000] {processor.py:914} INFO - Processing file /opt/airflow/dags/dag_dia.py for tasks to queue
[2026-08-12T22:00:32.700+0000] {logging_mixin.py:190} INFO - [2026-08-12T22:00:32.698+0000] {dagbag.py:587} INFO - Filling up the DagBag from /opt/airflow/dags/dag_dia.py
[2026-08-12T22:00:32.794+0000] {processor.py:925} INFO - DAG(s) 'dag_dia' retrieved from /opt/airflow/dags/dag_dia.py
[2026-08-12T22:00:32.901+0000] {logging_mixin.py:190} INFO - [2026-08-12T22:00:32.900+0000] {dag.py:3211} INFO - Sync 1 DAGs
[2026-08-12T22:00:32.992+0000] {logging_mixin.py:190} INFO - [2026-08-12T22:00:32.991+0000] {dag.py:4138} INFO - Setting next_dagrun for dag_dia to 2026-08-11 00:00:00+00:00, run_after=2026-08-12 00:00:00+00:00
[2026-08-12T22:00:33.065+0000] {processor.py:208} INFO - Processing /opt/airflow/dags/dag_dia.py took 0.404 seconds
[2026-08-12T22:01:03.768+0000] {processor.py:186} INFO - Started process (PID=384) to work on /opt/airflow/dags/dag_dia.py
[2026-08-12T22:01:03.770+0000] {processor.py:914} INFO - Processing file /opt/airflow/dags/dag_dia.py for tasks to queue
[2026-08-12T22:01:03.776+0000] {logging_mixin.py:190} INFO - [2026-08-12T22:01:03.775+0000] {dagbag.py:587} INFO - Filling up the DagBag from /opt/airflow/dags/dag_dia.py
[2026-08-12T22:01:03.826+0000] {processor.py:925} INFO - DAG(s) 'dag_dia' retrieved from /opt/airflow/dags/dag_dia.py
[2026-08-12T22:01:03.884+0000] {logging_mixin.py:190} INFO - [2026-08-12T22:01:03.884+0000] {dag.py:3211} INFO - Sync 1 DAGs
[2026-08-12T22:01:03.929+0000] {logging_mixin.py:190} INFO - [2026-08-12T22:01:03.928+0000] {dag.py:4138} INFO - Setting next_dagrun for dag_dia to 2026-08-11 00:00:00+00:00, run_after=2026-08-12 00:00:00+00:00
[2026-08-12T22:01:04.247+0000] {processor.py:208} INFO - Processing /opt/airflow/dags/dag_dia.py took 0.489 seconds
[2026-08-12T22:01:35.036+0000] {processor.py:186} INFO - Started process (PID=395) to work on /opt/airflow/dags/dag_dia.py
[2026-08-12T22:01:35.051+0000] {processor.py:914} INFO - Processing file /opt/airflow/dags/dag_dia.py for tasks to queue
[2026-08-12T22:01:35.072+0000] {logging_mixin.py:190} INFO - [2026-08-12T22:01:35.071+0000] {dagbag.py:587} INFO - Filling up the DagBag from /opt/airflow/dags/dag_dia.py
[2026-08-12T22:01:35.365+0000] {processor.py:925} INFO - DAG(s) 'dag_dia' retrieved from /opt/airflow/dags/dag_dia.py
[2026-08-12T22:01:35.667+0000] {logging_mixin.py:190} INFO - [2026-08-12T22:01:35.666+0000] {dag.py:3211} INFO - Sync 1 DAGs
[2026-08-12T22:01:36.313+0000] {logging_mixin.py:190} INFO - [2026-08-12T22:01:36.312+0000] {dag.py:4138} INFO - Setting next_dagrun for dag_dia to 2026-08-11 00:00:00+00:00, run_after=2026-08-12 00:00:00+00:00
[2026-08-12T22:01:36.379+0000] {processor.py:208} INFO - Processing /opt/airflow/dags/dag_dia.py took 1.387 seconds
[2026-08-12T22:02:07.505+0000] {processor.py:186} INFO - Started process (PID=405) to work on /opt/airflow/dags/dag_dia.py
[2026-08-12T22:02:07.510+0000] {processor.py:914} INFO - Processing file /opt/airflow/dags/dag_dia.py for tasks to queue
[2026-08-12T22:02:07.524+0000] {logging_mixin.py:190} INFO - [2026-08-12T22:02:07.523+0000] {dagbag.py:587} INFO - Filling up the DagBag from /opt/airflow/dags/dag_dia.py
[2026-08-12T22:02:07.648+0000] {processor.py:925} INFO - DAG(s) 'dag_dia' retrieved from /opt/airflow/dags/dag_dia.py
[2026-08-12T22:02:07.846+0000] {logging_mixin.py:190} INFO - [2026-08-12T22:02:07.844+0000] {dag.py:3211} INFO - Sync 1 DAGs
[2026-08-12T22:02:07.987+0000] {logging_mixin.py:190} INFO - [2026-08-12T22:02:07.987+0000] {dag.py:4138} INFO - Setting next_dagrun for dag_dia to 2026-08-11 00:00:00+00:00, run_after=2026-08-12 00:00:00+00:00
[2026-08-12T22:02:08.080+0000] {processor.py:208} INFO - Processing /opt/airflow/dags/dag_dia.py took 0.612 seconds
[2026-08-12T22:02:38.626+0000] {processor.py:186} INFO - Started process (PID=408) to work on /opt/airflow/dags/dag_dia.py
[2026-08-12T22:02:38.630+0000] {processor.py:914} INFO - Processing file /opt/airflow/dags/dag_dia.py for tasks to queue
[2026-08-12T22:02:38.647+0000] {logging_mixin.py:190} INFO - [2026-08-12T22:02:38.645+0000] {dagbag.py:587} INFO - Filling up the DagBag from /opt/airflow/dags/dag_dia.py
[2026-08-12T22:02:38.752+0000] {processor.py:925} INFO - DAG(s) 'dag_dia' retrieved from /opt/airflow/dags/dag_dia.py
[2026-08-12T22:02:38.877+0000] {logging_mixin.py:190} INFO - [2026-08-12T22:02:38.875+0000] {dag.py:3211} INFO - Sync 1 DAGs
[2026-08-12T22:02:38.964+0000] {logging_mixin.py:190} INFO - [2026-08-12T22:02:38.963+0000] {dag.py:4138} INFO - Setting next_dagrun for dag_dia to 2026-08-11 00:00:00+00:00, run_after=2026-08-12 00:00:00+00:00
[2026-08-12T22:02:39.055+0000] {processor.py:208} INFO - Processing /opt/airflow/dags/dag_dia.py took 0.447 seconds
[2026-08-12T22:03:09.342+0000] {processor.py:186} INFO - Started process (PID=418) to work on /opt/airflow/dags/dag_dia.py
[2026-08-12T22:03:09.344+0000] {processor.py:914} INFO - Processing file /opt/airflow/dags/dag_dia.py for tasks to queue
[2026-08-12T22:03:09.348+0000] {logging_mixin.py:190} INFO - [2026-08-12T22:03:09.347+0000] {dagbag.py:587} INFO - Filling up the DagBag from /opt/airflow/dags/dag_dia.py
[2026-08-12T22:03:09.385+0000] {processor.py:925} INFO - DAG(s) 'dag_dia' retrieved from /opt/airflow/dags/dag_dia.py
[2026-08-12T22:03:09.426+0000] {logging_mixin.py:190} INFO - [2026-08-12T22:03:09.426+0000] {dag.py:3211} INFO - Sync 1 DAGs
[2026-08-12T22:03:09.460+0000] {logging_mixin.py:190} INFO - [2026-08-12T22:03:09.459+0000] {dag.py:4138} INFO - Setting next_dagrun for dag_dia to 2026-08-11 00:00:00+00:00, run_after=2026-08-12 00:00:00+00:00
[2026-08-12T22:03:09.489+0000] {processor.py:208} INFO - Processing /opt/airflow/dags/dag_dia.py took 0.155 seconds
[2026-08-12T22:04:41.261+0000] {processor.py:186} INFO - Started process (PID=59) to work on /opt/airflow/dags/dag_dia.py
[2026-08-12T22:04:41.269+0000] {processor.py:914} INFO - Processing file /opt/airflow/dags/dag_dia.py for tasks to queue
[2026-08-12T22:04:41.284+0000] {logging_mixin.py:190} INFO - [2026-08-12T22:04:41.283+0000] {dagbag.py:587} INFO - Filling up the DagBag from /opt/airflow/dags/dag_dia.py
[2026-08-12T22:04:41.453+0000] {processor.py:925} INFO - DAG(s) 'dag_dia' retrieved from /opt/airflow/dags/dag_dia.py
[2026-08-12T22:04:41.845+0000] {logging_mixin.py:190} INFO - [2026-08-12T22:04:41.844+0000] {dag.py:3211} INFO - Sync 1 DAGs
[2026-08-12T22:04:42.076+0000] {logging_mixin.py:190} INFO - [2026-08-12T22:04:42.075+0000] {dag.py:4138} INFO - Setting next_dagrun for dag_dia to 2026-08-11 00:00:00+00:00, run_after=2026-08-12 00:00:00+00:00
[2026-08-12T22:04:42.223+0000] {processor.py:208} INFO - Processing /opt/airflow/dags/dag_dia.py took 1.001 seconds
[2026-08-12T22:05:12.365+0000] {processor.py:186} INFO - Started process (PID=61) to work on /opt/airflow/dags/dag_dia.py
[2026-08-12T22:05:12.368+0000] {processor.py:914} INFO - Processing file /opt/airflow/dags/dag_dia.py for tasks to queue
[2026-08-12T22:05:12.376+0000] {logging_mixin.py:190} INFO - [2026-08-12T22:05:12.375+0000] {dagbag.py:587} INFO - Filling up the DagBag from /opt/airflow/dags/dag_dia.py
[2026-08-12T22:05:12.463+0000] {processor.py:925} INFO - DAG(s) 'dag_dia' retrieved from /opt/airflow/dags/dag_dia.py
[2026-08-12T22:05:12.526+0000] {logging_mixin.py:190} INFO - [2026-08-12T22:05:12.525+0000] {dag.py:3211} INFO - Sync 1 DAGs
[2026-08-12T22:05:12.572+0000] {logging_mixin.py:190} INFO - [2026-08-12T22:05:12.571+0000] {dag.py:4138} INFO - Setting next_dagrun for dag_dia to 2026-08-11 00:00:00+00:00, run_after=2026-08-12 00:00:00+00:00
[2026-08-12T22:05:12.614+0000] {processor.py:208} INFO - Processing /opt/airflow/dags/dag_dia.py took 0.261 seconds
[2026-08-12T22:06:29.773+0000] {processor.py:186} INFO - Started process (PID=51) to work on /opt/airflow/dags/dag_dia.py
[2026-08-12T22:06:29.777+0000] {processor.py:914} INFO - Processing file /opt/airflow/dags/dag_dia.py for tasks to queue
[2026-08-12T22:06:29.809+0000] {logging_mixin.py:190} INFO - [2026-08-12T22:06:29.807+0000] {dagbag.py:587} INFO - Filling up the DagBag from /opt/airflow/dags/dag_dia.py
[2026-08-12T22:06:29.969+0000] {processor.py:925} INFO - DAG(s) 'dag_dia' retrieved from /opt/airflow/dags/dag_dia.py
[2026-08-12T22:06:30.104+0000] {logging_mixin.py:190} INFO - [2026-08-12T22:06:30.103+0000] {dag.py:3211} INFO - Sync 1 DAGs
[2026-08-12T22:06:30.195+0000] {logging_mixin.py:190} INFO - [2026-08-12T22:06:30.195+0000] {dag.py:4138} INFO - Setting next_dagrun for dag_dia to 2026-08-11 00:00:00+00:00, run_after=2026-08-12 00:00:00+00:00
[2026-08-12T22:06:30.277+0000] {processor.py:208} INFO - Processing /opt/airflow/dags/dag_dia.py took 0.528 seconds
[2026-08-12T22:07:00.807+0000] {processor.py:186} INFO - Started process (PID=61) to work on /opt/airflow/dags/dag_dia.py
[2026-08-12T22:07:00.808+0000] {processor.py:914} INFO - Processing file /opt/airflow/dags/dag_dia.py for tasks to queue
[2026-08-12T22:07:00.810+0000] {logging_mixin.py:190} INFO - [2026-08-12T22:07:00.810+0000] {dagbag.py:587} INFO - Filling up the DagBag from /opt/airflow/dags/dag_dia.py
[2026-08-12T22:07:00.836+0000] {processor.py:925} INFO - DAG(s) 'dag_dia' retrieved from /opt/airflow/dags/dag_dia.py
[2026-08-12T22:07:00.867+0000] {logging_mixin.py:190} INFO - [2026-08-12T22:07:00.867+0000] {dag.py:3211} INFO - Sync 1 DAGs
[2026-08-12T22:07:00.894+0000] {logging_mixin.py:190} INFO - [2026-08-12T22:07:00.893+0000] {dag.py:4138} INFO - Setting next_dagrun for dag_dia to 2026-08-11 00:00:00+00:00, run_after=2026-08-12 00:00:00+00:00
[2026-08-12T22:07:00.915+0000] {processor.py:208} INFO - Processing /opt/airflow/dags/dag_dia.py took 0.113 seconds
[2026-08-12T22:08:21.308+0000] {processor.py:186} INFO - Started process (PID=50) to work on /opt/airflow/dags/dag_dia.py
[2026-08-12T22:08:21.315+0000] {processor.py:914} INFO - Processing file /opt/airflow/dags/dag_dia.py for tasks to queue
[2026-08-12T22:08:21.330+0000] {logging_mixin.py:190} INFO - [2026-08-12T22:08:21.328+0000] {dagbag.py:587} INFO - Filling up the DagBag from /opt/airflow/dags/dag_dia.py
[2026-08-12T22:08:21.469+0000] {processor.py:925} INFO - DAG(s) 'dag_dia' retrieved from /opt/airflow/dags/dag_dia.py
[2026-08-12T22:08:21.626+0000] {logging_mixin.py:190} INFO - [2026-08-12T22:08:21.625+0000] {dag.py:3211} INFO - Sync 1 DAGs
[2026-08-12T22:08:21.753+0000] {logging_mixin.py:190} INFO - [2026-08-12T22:08:21.751+0000] {dag.py:4138} INFO - Setting next_dagrun for dag_dia to 2026-08-11 00:00:00+00:00, run_after=2026-08-12 00:00:00+00:00
[2026-08-12T22:08:21.860+0000] {processor.py:208} INFO - Processing /opt/airflow/dags/dag_dia.py took 0.579 seconds
[2026-08-12T22:08:52.029+0000] {processor.py:186} INFO - Started process (PID=59) to work on /opt/airflow/dags/dag_dia.py
[2026-08-12T22:08:52.033+0000] {processor.py:914} INFO - Processing file /opt/airflow/dags/dag_dia.py for tasks to queue
[2026-08-12T22:08:52.040+0000] {logging_mixin.py:190} INFO - [2026-08-12T22:08:52.039+0000] {dagbag.py:587} INFO - Filling up the DagBag from /opt/airflow/dags/dag_dia.py
[2026-08-12T22:08:52.117+0000] {processor.py:925} INFO - DAG(s) 'dag_dia' retrieved from /opt/airflow/dags/dag_dia.py
[2026-08-12T22:08:52.227+0000] {logging_mixin.py:190} INFO - [2026-08-12T22:08:52.226+0000] {dag.py:3211} INFO - Sync 1 DAGs
[2026-08-12T22:08:52.303+0000] {logging_mixin.py:190} INFO - [2026-08-12T22:08:52.302+0000] {dag.py:4138} INFO - Setting next_dagrun for dag_dia to 2026-08-11 00:00:00+00:00, run_after=2026-08-12 00:00:00+00:00
[2026-08-12T22:08:52.373+0000] {processor.py:208} INFO - Processing /opt/airflow/dags/dag_dia.py took 0.362 seconds
[2026-08-12T22:09:22.988+0000] {processor.py:186} INFO - Started process (PID=69) to work on /opt/airflow/dags/dag_dia.py
[2026-08-12T22:09:22.992+0000] {processor.py:914} INFO - Processing file /opt/airflow/dags/dag_dia.py for tasks to queue
[2026-08-12T22:09:23.001+0000] {logging_mixin.py:190} INFO - [2026-08-12T22:09:22.999+0000] {dagbag.py:587} INFO - Filling up the DagBag from /opt/airflow/dags/dag_dia.py
[2026-08-12T22:09:23.085+0000] {processor.py:925} INFO - DAG(s) 'dag_dia' retrieved from /opt/airflow/dags/dag_dia.py
[2026-08-12T22:09:23.209+0000] {logging_mixin.py:190} INFO - [2026-08-12T22:09:23.207+0000] {dag.py:3211} INFO - Sync 1 DAGs
[2026-08-12T22:09:23.310+0000] {logging_mixin.py:190} INFO - [2026-08-12T22:09:23.309+0000] {dag.py:4138} INFO - Setting next_dagrun for dag_dia to 2026-08-11 00:00:00+00:00, run_after=2026-08-12 00:00:00+00:00
[2026-08-12T22:09:23.394+0000] {processor.py:208} INFO - Processing /opt/airflow/dags/dag_dia.py took 0.425 seconds
[2026-08-12T22:09:53.847+0000] {processor.py:186} INFO - Started process (PID=72) to work on /opt/airflow/dags/dag_dia.py
[2026-08-12T22:09:53.849+0000] {processor.py:914} INFO - Processing file /opt/airflow/dags/dag_dia.py for tasks to queue
[2026-08-12T22:09:53.851+0000] {logging_mixin.py:190} INFO - [2026-08-12T22:09:53.851+0000] {dagbag.py:587} INFO - Filling up the DagBag from /opt/airflow/dags/dag_dia.py
[2026-08-12T22:09:53.883+0000] {processor.py:925} INFO - DAG(s) 'dag_dia' retrieved from /opt/airflow/dags/dag_dia.py
[2026-08-12T22:09:53.918+0000] {logging_mixin.py:190} INFO - [2026-08-12T22:09:53.917+0000] {dag.py:3211} INFO - Sync 1 DAGs
[2026-08-12T22:09:53.949+0000] {logging_mixin.py:190} INFO - [2026-08-12T22:09:53.949+0000] {dag.py:4138} INFO - Setting next_dagrun for dag_dia to 2026-08-11 00:00:00+00:00, run_after=2026-08-12 00:00:00+00:00
[2026-08-12T22:09:53.974+0000] {processor.py:208} INFO - Processing /opt/airflow/dags/dag_dia.py took 0.134 seconds
[2026-08-12T22:10:24.311+0000] {processor.py:186} INFO - Started process (PID=82) to work on /opt/airflow/dags/dag_dia.py
[2026-08-12T22:10:24.312+0000] {processor.py:914} INFO - Processing file /opt/airflow/dags/dag_dia.py for tasks to queue
[2026-08-12T22:10:24.315+0000] {logging_mixin.py:190} INFO - [2026-08-12T22:10:24.314+0000] {dagbag.py:587} INFO - Filling up the DagBag from /opt/airflow/dags/dag_dia.py
[2026-08-12T22:10:24.340+0000] {processor.py:925} INFO - DAG(s) 'dag_dia' retrieved from /opt/airflow/dags/dag_dia.py
[2026-08-12T22:10:24.365+0000] {logging_mixin.py:190} INFO - [2026-08-12T22:10:24.365+0000] {dag.py:3211} INFO - Sync 1 DAGs
[2026-08-12T22:10:24.384+0000] {logging_mixin.py:190} INFO - [2026-08-12T22:10:24.383+0000] {dag.py:4138} INFO - Setting next_dagrun for dag_dia to 2026-08-11 00:00:00+00:00, run_after=2026-08-12 00:00:00+00:00
[2026-08-12T22:10:24.400+0000] {processor.py:208} INFO - Processing /opt/airflow/dags/dag_dia.py took 0.094 seconds
[2026-08-12T22:10:54.753+0000] {processor.py:186} INFO - Started process (PID=92) to work on /opt/airflow/dags/dag_dia.py
[2026-08-12T22:10:54.754+0000] {processor.py:914} INFO - Processing file /opt/airflow/dags/dag_dia.py for tasks to queue
[2026-08-12T22:10:54.756+0000] {logging_mixin.py:190} INFO - [2026-08-12T22:10:54.756+0000] {dagbag.py:587} INFO - Filling up the DagBag from /opt/airflow/dags/dag_dia.py
[2026-08-12T22:10:54.779+0000] {processor.py:925} INFO - DAG(s) 'dag_dia' retrieved from /opt/airflow/dags/dag_dia.py
[2026-08-12T22:10:54.805+0000] {logging_mixin.py:190} INFO - [2026-08-12T22:10:54.805+0000] {dag.py:3211} INFO - Sync 1 DAGs
[2026-08-12T22:10:54.824+0000] {logging_mixin.py:190} INFO - [2026-08-12T22:10:54.823+0000] {dag.py:4138} INFO - Setting next_dagrun for dag_dia to 2026-08-11 00:00:00+00:00, run_after=2026-08-12 00:00:00+00:00
[2026-08-12T22:10:54.845+0000] {processor.py:208} INFO - Processing /opt/airflow/dags/dag_dia.py took 0.097 seconds
[2026-08-12T22:11:25.252+0000] {processor.py:186} INFO - Started process (PID=102) to work on /opt/airflow/dags/dag_dia.py
[2026-08-12T22:11:25.255+0000] {processor.py:914} INFO - Processing file /opt/airflow/dags/dag_dia.py for tasks to queue
[2026-08-12T22:11:25.260+0000] {logging_mixin.py:190} INFO - [2026-08-12T22:11:25.259+0000] {dagbag.py:587} INFO - Filling up the DagBag from /opt/airflow/dags/dag_dia.py
[2026-08-12T22:11:25.301+0000] {processor.py:925} INFO - DAG(s) 'dag_dia' retrieved from /opt/airflow/dags/dag_dia.py
[2026-08-12T22:11:25.341+0000] {logging_mixin.py:190} INFO - [2026-08-12T22:11:25.340+0000] {dag.py:3211} INFO - Sync 1 DAGs
[2026-08-12T22:11:25.377+0000] {logging_mixin.py:190} INFO - [2026-08-12T22:11:25.377+0000] {dag.py:4138} INFO - Setting next_dagrun for dag_dia to 2026-08-11 00:00:00+00:00, run_after=2026-08-12 00:00:00+00:00
[2026-08-12T22:11:25.663+0000] {processor.py:208} INFO - Processing /opt/airflow/dags/dag_dia.py took 0.421 seconds
[2026-08-12T22:11:56.259+0000] {processor.py:186} INFO - Started process (PID=112) to work on /opt/airflow/dags/dag_dia.py
[2026-08-12T22:11:56.261+0000] {processor.py:914} INFO - Processing file /opt/airflow/dags/dag_dia.py for tasks to queue
[2026-08-12T22:11:56.264+0000] {logging_mixin.py:190} INFO - [2026-08-12T22:11:56.263+0000] {dagbag.py:587} INFO - Filling up the DagBag from /opt/airflow/dags/dag_dia.py
[2026-08-12T22:11:56.298+0000] {processor.py:925} INFO - DAG(s) 'dag_dia' retrieved from /opt/airflow/dags/dag_dia.py
[2026-08-12T22:11:56.338+0000] {logging_mixin.py:190} INFO - [2026-08-12T22:11:56.338+0000] {dag.py:3211} INFO - Sync 1 DAGs
[2026-08-12T22:11:56.575+0000] {logging_mixin.py:190} INFO - [2026-08-12T22:11:56.574+0000] {dag.py:4138} INFO - Setting next_dagrun for dag_dia to 2026-08-11 00:00:00+00:00, run_after=2026-08-12 00:00:00+00:00
[2026-08-12T22:11:56.608+0000] {processor.py:208} INFO - Processing /opt/airflow/dags/dag_dia.py took 0.356 seconds
[2026-08-12T22:18:27.475+0000] {processor.py:186} INFO - Started process (PID=56) to work on /opt/airflow/dags/dag_dia.py
[2026-08-12T22:18:27.485+0000] {processor.py:914} INFO - Processing file /opt/airflow/dags/dag_dia.py for tasks to queue
[2026-08-12T22:18:27.506+0000] {logging_mixin.py:190} INFO - [2026-08-12T22:18:27.504+0000] {dagbag.py:587} INFO - Filling up the DagBag from /opt/airflow/dags/dag_dia.py
[2026-08-12T22:18:27.755+0000] {processor.py:925} INFO - DAG(s) 'dag_dia' retrieved from /opt/airflow/dags/dag_dia.py
[2026-08-12T22:18:28.355+0000] {logging_mixin.py:190} INFO - [2026-08-12T22:18:28.352+0000] {override.py:1858} INFO - Created Permission View: can read on DAG:dag_dia
[2026-08-12T22:18:28.405+0000] {logging_mixin.py:190} INFO - [2026-08-12T22:18:28.404+0000] {override.py:1858} INFO - Created Permission View: can delete on DAG:dag_dia
[2026-08-12T22:18:28.442+0000] {logging_mixin.py:190} INFO - [2026-08-12T22:18:28.440+0000] {override.py:1858} INFO - Created Permission View: can edit on DAG:dag_dia
[2026-08-12T22:18:28.446+0000] {logging_mixin.py:190} INFO - [2026-08-12T22:18:28.445+0000] {dag.py:3211} INFO - Sync 1 DAGs
[2026-08-12T22:18:28.511+0000] {logging_mixin.py:190} INFO - [2026-08-12T22:18:28.510+0000] {dag.py:3234} INFO - Creating ORM DAG for dag_dia
[2026-08-12T22:18:28.554+0000] {logging_mixin.py:190} INFO - [2026-08-12T22:18:28.554+0000] {dag.py:4138} INFO - Setting next_dagrun for dag_dia to 2026-08-11 00:00:00+00:00, run_after=2026-08-12 00:00:00+00:00
[2026-08-12T22:18:28.636+0000] {processor.py:208} INFO - Processing /opt/airflow/dags/dag_dia.py took 1.220 seconds
[2026-08-12T22:18:58.894+0000] {processor.py:186} INFO - Started process (PID=59) to work on /opt/airflow/dags/dag_dia.py
[2026-08-12T22:18:58.897+0000] {processor.py:914} INFO - Processing file /opt/airflow/dags/dag_dia.py for tasks to queue
[2026-08-12T22:18:58.904+0000] {logging_mixin.py:190} INFO - [2026-08-12T22:18:58.903+0000] {dagbag.py:587} INFO - Filling up the DagBag from /opt/airflow/dags/dag_dia.py
[2026-08-12T22:18:58.989+0000] {processor.py:925} INFO - DAG(s) 'dag_dia' retrieved from /opt/airflow/dags/dag_dia.py
[2026-08-12T22:18:59.065+0000] {logging_mixin.py:190} INFO - [2026-08-12T22:18:59.064+0000] {dag.py:3211} INFO - Sync 1 DAGs
[2026-08-12T22:18:59.126+0000] {logging_mixin.py:190} INFO - [2026-08-12T22:18:59.125+0000] {dag.py:4138} INFO - Setting next_dagrun for dag_dia to 2026-08-11 00:00:00+00:00, run_after=2026-08-12 00:00:00+00:00
[2026-08-12T22:18:59.197+0000] {processor.py:208} INFO - Processing /opt/airflow/dags/dag_dia.py took 0.314 seconds
[2026-08-12T22:19:29.646+0000] {processor.py:186} INFO - Started process (PID=70) to work on /opt/airflow/dags/dag_dia.py
[2026-08-12T22:19:29.649+0000] {processor.py:914} INFO - Processing file /opt/airflow/dags/dag_dia.py for tasks to queue
[2026-08-12T22:19:29.658+0000] {logging_mixin.py:190} INFO - [2026-08-12T22:19:29.657+0000] {dagbag.py:587} INFO - Filling up the DagBag from /opt/airflow/dags/dag_dia.py
[2026-08-12T22:19:29.730+0000] {processor.py:925} INFO - DAG(s) 'dag_dia' retrieved from /opt/airflow/dags/dag_dia.py
[2026-08-12T22:19:29.789+0000] {logging_mixin.py:190} INFO - [2026-08-12T22:19:29.789+0000] {dag.py:3211} INFO - Sync 1 DAGs
[2026-08-12T22:19:29.833+0000] {logging_mixin.py:190} INFO - [2026-08-12T22:19:29.833+0000] {dag.py:4138} INFO - Setting next_dagrun for dag_dia to 2026-08-11 00:00:00+00:00, run_after=2026-08-12 00:00:00+00:00
[2026-08-12T22:19:29.888+0000] {processor.py:208} INFO - Processing /opt/airflow/dags/dag_dia.py took 0.257 seconds
[2026-08-12T22:20:00.095+0000] {processor.py:186} INFO - Started process (PID=80) to work on /opt/airflow/dags/dag_dia.py
[2026-08-12T22:20:00.097+0000] {processor.py:914} INFO - Processing file /opt/airflow/dags/dag_dia.py for tasks to queue
[2026-08-12T22:20:00.101+0000] {logging_mixin.py:190} INFO - [2026-08-12T22:20:00.100+0000] {dagbag.py:587} INFO - Filling up the DagBag from /opt/airflow/dags/dag_dia.py
[2026-08-12T22:20:00.142+0000] {processor.py:925} INFO - DAG(s) 'dag_dia' retrieved from /opt/airflow/dags/dag_dia.py
[2026-08-12T22:20:00.201+0000] {logging_mixin.py:190} INFO - [2026-08-12T22:20:00.200+0000] {dag.py:3211} INFO - Sync 1 DAGs
[2026-08-12T22:20:00.260+0000] {logging_mixin.py:190} INFO - [2026-08-12T22:20:00.259+0000] {dag.py:4138} INFO - Setting next_dagrun for dag_dia to 2026-08-11 00:00:00+00:00, run_after=2026-08-12 00:00:00+00:00
[2026-08-12T22:20:00.323+0000] {processor.py:208} INFO - Processing /opt/airflow/dags/dag_dia.py took 0.237 seconds
[2026-08-12T22:20:30.834+0000] {processor.py:186} INFO - Started process (PID=91) to work on /opt/airflow/dags/dag_dia.py
[2026-08-12T22:20:30.836+0000] {processor.py:914} INFO - Processing file /opt/airflow/dags/dag_dia.py for tasks to queue
[2026-08-12T22:20:30.841+0000] {logging_mixin.py:190} INFO - [2026-08-12T22:20:30.840+0000] {dagbag.py:587} INFO - Filling up the DagBag from /opt/airflow/dags/dag_dia.py
[2026-08-12T22:20:30.890+0000] {processor.py:925} INFO - DAG(s) 'dag_dia' retrieved from /opt/airflow/dags/dag_dia.py
[2026-08-12T22:20:30.947+0000] {logging_mixin.py:190} INFO - [2026-08-12T22:20:30.947+0000] {dag.py:3211} INFO - Sync 1 DAGs
[2026-08-12T22:20:31.008+0000] {logging_mixin.py:190} INFO - [2026-08-12T22:20:31.007+0000] {dag.py:4138} INFO - Setting next_dagrun for dag_dia to 2026-08-11 00:00:00+00:00, run_after=2026-08-12 00:00:00+00:00
[2026-08-12T22:20:31.063+0000] {processor.py:208} INFO - Processing /opt/airflow/dags/dag_dia.py took 0.239 seconds
[2026-08-12T22:21:01.560+0000] {processor.py:186} INFO - Started process (PID=101) to work on /opt/airflow/dags/dag_dia.py
[2026-08-12T22:21:01.562+0000] {processor.py:914} INFO - Processing file /opt/airflow/dags/dag_dia.py for tasks to queue
[2026-08-12T22:21:01.565+0000] {logging_mixin.py:190} INFO - [2026-08-12T22:21:01.565+0000] {dagbag.py:587} INFO - Filling up the DagBag from /opt/airflow/dags/dag_dia.py
[2026-08-12T22:21:01.596+0000] {processor.py:925} INFO - DAG(s) 'dag_dia' retrieved from /opt/airflow/dags/dag_dia.py
[2026-08-12T22:21:01.645+0000] {logging_mixin.py:190} INFO - [2026-08-12T22:21:01.644+0000] {dag.py:3211} INFO - Sync 1 DAGs
[2026-08-12T22:21:01.680+0000] {logging_mixin.py:190} INFO - [2026-08-12T22:21:01.680+0000] {dag.py:4138} INFO - Setting next_dagrun for dag_dia to 2026-08-11 00:00:00+00:00, run_after=2026-08-12 00:00:00+00:00
[2026-08-12T22:21:01.727+0000] {processor.py:208} INFO - Processing /opt/airflow/dags/dag_dia.py took 0.174 seconds
[2026-08-12T22:21:32.435+0000] {processor.py:186} INFO - Started process (PID=111) to work on /opt/airflow/dags/dag_dia.py
[2026-08-12T22:21:32.436+0000] {processor.py:914} INFO - Processing file /opt/airflow/dags/dag_dia.py for tasks to queue
[2026-08-12T22:21:32.441+0000] {logging_mixin.py:190} INFO - [2026-08-12T22:21:32.440+0000] {dagbag.py:587} INFO - Filling up the DagBag from /opt/airflow/dags/dag_dia.py
[2026-08-12T22:21:32.475+0000] {processor.py:925} INFO - DAG(s) 'dag_dia' retrieved from /opt/airflow/dags/dag_dia.py
[2026-08-12T22:21:32.519+0000] {logging_mixin.py:190} INFO - [2026-08-12T22:21:32.518+0000] {dag.py:3211} INFO - Sync 1 DAGs
[2026-08-12T22:21:32.553+0000] {logging_mixin.py:190} INFO - [2026-08-12T22:21:32.553+0000] {dag.py:4138} INFO - Setting next_dagrun for dag_dia to 2026-08-11 00:00:00+00:00, run_after=2026-08-12 00:00:00+00:00
[2026-08-12T22:21:32.601+0000] {processor.py:208} INFO - Processing /opt/airflow/dags/dag_dia.py took 0.172 seconds
[2026-08-12T22:22:03.389+0000] {processor.py:186} INFO - Started process (PID=121) to work on /opt/airflow/dags/dag_dia.py
[2026-08-12T22:22:03.390+0000] {processor.py:914} INFO - Processing file /opt/airflow/dags/dag_dia.py for tasks to queue
[2026-08-12T22:22:03.392+0000] {logging_mixin.py:190} INFO - [2026-08-12T22:22:03.392+0000] {dagbag.py:587} INFO - Filling up the DagBag from /opt/airflow/dags/dag_dia.py
[2026-08-12T22:22:03.420+0000] {processor.py:925} INFO - DAG(s) 'dag_dia' retrieved from /opt/airflow/dags/dag_dia.py
[2026-08-12T22:22:03.453+0000] {logging_mixin.py:190} INFO - [2026-08-12T22:22:03.453+0000] {dag.py:3211} INFO - Sync 1 DAGs
[2026-08-12T22:22:03.478+0000] {logging_mixin.py:190} INFO - [2026-08-12T22:22:03.477+0000] {dag.py:4138} INFO - Setting next_dagrun for dag_dia to 2026-08-11 00:00:00+00:00, run_after=2026-08-12 00:00:00+00:00
[2026-08-12T22:22:03.516+0000] {processor.py:208} INFO - Processing /opt/airflow/dags/dag_dia.py took 0.133 seconds
[2026-08-12T22:22:33.908+0000] {processor.py:186} INFO - Started process (PID=131) to work on /opt/airflow/dags/dag_dia.py
[2026-08-12T22:22:33.917+0000] {processor.py:914} INFO - Processing file /opt/airflow/dags/dag_dia.py for tasks to queue
[2026-08-12T22:22:33.936+0000] {logging_mixin.py:190} INFO - [2026-08-12T22:22:33.933+0000] {dagbag.py:587} INFO - Filling up the DagBag from /opt/airflow/dags/dag_dia.py
[2026-08-12T22:22:34.087+0000] {processor.py:925} INFO - DAG(s) 'dag_dia' retrieved from /opt/airflow/dags/dag_dia.py
[2026-08-12T22:22:34.285+0000] {logging_mixin.py:190} INFO - [2026-08-12T22:22:34.284+0000] {dag.py:3211} INFO - Sync 1 DAGs
[2026-08-12T22:22:34.470+0000] {logging_mixin.py:190} INFO - [2026-08-12T22:22:34.468+0000] {dag.py:4138} INFO - Setting next_dagrun for dag_dia to 2026-08-11 00:00:00+00:00, run_after=2026-08-12 00:00:00+00:00
[2026-08-12T22:22:34.592+0000] {processor.py:208} INFO - Processing /opt/airflow/dags/dag_dia.py took 0.713 seconds
[2026-08-12T22:23:04.875+0000] {processor.py:186} INFO - Started process (PID=147) to work on /opt/airflow/dags/dag_dia.py
[2026-08-12T22:23:04.877+0000] {processor.py:914} INFO - Processing file /opt/airflow/dags/dag_dia.py for tasks to queue
[2026-08-12T22:23:04.880+0000] {logging_mixin.py:190} INFO - [2026-08-12T22:23:04.879+0000] {dagbag.py:587} INFO - Filling up the DagBag from /opt/airflow/dags/dag_dia.py
[2026-08-12T22:23:04.909+0000] {processor.py:925} INFO - DAG(s) 'dag_dia' retrieved from /opt/airflow/dags/dag_dia.py
[2026-08-12T22:23:04.939+0000] {logging_mixin.py:190} INFO - [2026-08-12T22:23:04.939+0000] {dag.py:3211} INFO - Sync 1 DAGs
[2026-08-12T22:23:04.967+0000] {logging_mixin.py:190} INFO - [2026-08-12T22:23:04.967+0000] {dag.py:4138} INFO - Setting next_dagrun for dag_dia to 2026-08-11 00:00:00+00:00, run_after=2026-08-12 00:00:00+00:00
[2026-08-12T22:23:05.173+0000] {processor.py:208} INFO - Processing /opt/airflow/dags/dag_dia.py took 0.304 seconds
[2026-08-12T22:23:35.438+0000] {processor.py:186} INFO - Started process (PID=157) to work on /opt/airflow/dags/dag_dia.py
[2026-08-12T22:23:35.440+0000] {processor.py:914} INFO - Processing file /opt/airflow/dags/dag_dia.py for tasks to queue
[2026-08-12T22:23:35.445+0000] {logging_mixin.py:190} INFO - [2026-08-12T22:23:35.444+0000] {dagbag.py:587} INFO - Filling up the DagBag from /opt/airflow/dags/dag_dia.py
[2026-08-12T22:23:35.481+0000] {processor.py:925} INFO - DAG(s) 'dag_dia' retrieved from /opt/airflow/dags/dag_dia.py
[2026-08-12T22:23:35.520+0000] {logging_mixin.py:190} INFO - [2026-08-12T22:23:35.519+0000] {dag.py:3211} INFO - Sync 1 DAGs
[2026-08-12T22:23:35.772+0000] {logging_mixin.py:190} INFO - [2026-08-12T22:23:35.772+0000] {dag.py:4138} INFO - Setting next_dagrun for dag_dia to 2026-08-11 00:00:00+00:00, run_after=2026-08-12 00:00:00+00:00
[2026-08-12T22:23:35.820+0000] {processor.py:208} INFO - Processing /opt/airflow/dags/dag_dia.py took 0.392 seconds
[2026-08-12T22:24:05.951+0000] {processor.py:186} INFO - Started process (PID=167) to work on /opt/airflow/dags/dag_dia.py
[2026-08-12T22:24:05.952+0000] {processor.py:914} INFO - Processing file /opt/airflow/dags/dag_dia.py for tasks to queue
[2026-08-12T22:24:05.955+0000] {logging_mixin.py:190} INFO - [2026-08-12T22:24:05.955+0000] {dagbag.py:587} INFO - Filling up the DagBag from /opt/airflow/dags/dag_dia.py
[2026-08-12T22:24:05.981+0000] {processor.py:925} INFO - DAG(s) 'dag_dia' retrieved from /opt/airflow/dags/dag_dia.py
[2026-08-12T22:24:06.008+0000] {logging_mixin.py:190} INFO - [2026-08-12T22:24:06.008+0000] {dag.py:3211} INFO - Sync 1 DAGs
[2026-08-12T22:24:06.031+0000] {logging_mixin.py:190} INFO - [2026-08-12T22:24:06.031+0000] {dag.py:4138} INFO - Setting next_dagrun for dag_dia to 2026-08-11 00:00:00+00:00, run_after=2026-08-12 00:00:00+00:00
[2026-08-12T22:24:06.068+0000] {processor.py:208} INFO - Processing /opt/airflow/dags/dag_dia.py took 0.123 seconds
[2026-08-12T22:24:36.464+0000] {processor.py:186} INFO - Started process (PID=177) to work on /opt/airflow/dags/dag_dia.py
[2026-08-12T22:24:36.465+0000] {processor.py:914} INFO - Processing file /opt/airflow/dags/dag_dia.py for tasks to queue
[2026-08-12T22:24:36.469+0000] {logging_mixin.py:190} INFO - [2026-08-12T22:24:36.468+0000] {dagbag.py:587} INFO - Filling up the DagBag from /opt/airflow/dags/dag_dia.py
[2026-08-12T22:24:36.499+0000] {processor.py:925} INFO - DAG(s) 'dag_dia' retrieved from /opt/airflow/dags/dag_dia.py
[2026-08-12T22:24:36.523+0000] {logging_mixin.py:190} INFO - [2026-08-12T22:24:36.523+0000] {dag.py:3211} INFO - Sync 1 DAGs
[2026-08-12T22:24:36.544+0000] {logging_mixin.py:190} INFO - [2026-08-12T22:24:36.543+0000] {dag.py:4138} INFO - Setting next_dagrun for dag_dia to 2026-08-11 00:00:00+00:00, run_after=2026-08-12 00:00:00+00:00
[2026-08-12T22:24:36.579+0000] {processor.py:208} INFO - Processing /opt/airflow/dags/dag_dia.py took 0.121 seconds
[2026-08-12T22:25:06.983+0000] {processor.py:186} INFO - Started process (PID=187) to work on /opt/airflow/dags/dag_dia.py
[2026-08-12T22:25:06.984+0000] {processor.py:914} INFO - Processing file /opt/airflow/dags/dag_dia.py for tasks to queue
[2026-08-12T22:25:06.987+0000] {logging_mixin.py:190} INFO - [2026-08-12T22:25:06.986+0000] {dagbag.py:587} INFO - Filling up the DagBag from /opt/airflow/dags/dag_dia.py
[2026-08-12T22:25:07.017+0000] {processor.py:925} INFO - DAG(s) 'dag_dia' retrieved from /opt/airflow/dags/dag_dia.py
[2026-08-12T22:25:07.043+0000] {logging_mixin.py:190} INFO - [2026-08-12T22:25:07.043+0000] {dag.py:3211} INFO - Sync 1 DAGs
[2026-08-12T22:25:07.067+0000] {logging_mixin.py:190} INFO - [2026-08-12T22:25:07.067+0000] {dag.py:4138} INFO - Setting next_dagrun for dag_dia to 2026-08-11 00:00:00+00:00, run_after=2026-08-12 00:00:00+00:00
[2026-08-12T22:25:07.104+0000] {processor.py:208} INFO - Processing /opt/airflow/dags/dag_dia.py took 0.128 seconds
[2026-08-12T22:25:37.500+0000] {processor.py:186} INFO - Started process (PID=197) to work on /opt/airflow/dags/dag_dia.py
[2026-08-12T22:25:37.502+0000] {processor.py:914} INFO - Processing file /opt/airflow/dags/dag_dia.py for tasks to queue
[2026-08-12T22:25:37.504+0000] {logging_mixin.py:190} INFO - [2026-08-12T22:25:37.504+0000] {dagbag.py:587} INFO - Filling up the DagBag from /opt/airflow/dags/dag_dia.py
[2026-08-12T22:25:37.534+0000] {processor.py:925} INFO - DAG(s) 'dag_dia' retrieved from /opt/airflow/dags/dag_dia.py
[2026-08-12T22:25:37.562+0000] {logging_mixin.py:190} INFO - [2026-08-12T22:25:37.562+0000] {dag.py:3211} INFO - Sync 1 DAGs
[2026-08-12T22:25:37.586+0000] {logging_mixin.py:190} INFO - [2026-08-12T22:25:37.586+0000] {dag.py:4138} INFO - Setting next_dagrun for dag_dia to 2026-08-11 00:00:00+00:00, run_after=2026-08-12 00:00:00+00:00
[2026-08-12T22:25:37.625+0000] {processor.py:208} INFO - Processing /opt/airflow/dags/dag_dia.py took 0.131 seconds
[2026-08-12T22:26:08.335+0000] {processor.py:186} INFO - Started process (PID=207) to work on /opt/airflow/dags/dag_dia.py
[2026-08-12T22:26:08.336+0000] {processor.py:914} INFO - Processing file /opt/airflow/dags/dag_dia.py for tasks to queue
[2026-08-12T22:26:08.339+0000] {logging_mixin.py:190} INFO - [2026-08-12T22:26:08.339+0000] {dagbag.py:587} INFO - Filling up the DagBag from /opt/airflow/dags/dag_dia.py
[2026-08-12T22:26:08.373+0000] {processor.py:925} INFO - DAG(s) 'dag_dia' retrieved from /opt/airflow/dags/dag_dia.py
[2026-08-12T22:26:08.405+0000] {logging_mixin.py:190} INFO - [2026-08-12T22:26:08.405+0000] {dag.py:3211} INFO - Sync 1 DAGs
[2026-08-12T22:26:08.427+0000] {logging_mixin.py:190} INFO - [2026-08-12T22:26:08.427+0000] {dag.py:4138} INFO - Setting next_dagrun for dag_dia to 2026-08-11 00:00:00+00:00, run_after=2026-08-12 00:00:00+00:00
[2026-08-12T22:26:08.596+0000] {processor.py:208} INFO - Processing /opt/airflow/dags/dag_dia.py took 0.266 seconds
[2026-08-12T22:26:39.121+0000] {processor.py:186} INFO - Started process (PID=217) to work on /opt/airflow/dags/dag_dia.py
[2026-08-12T22:26:39.123+0000] {processor.py:914} INFO - Processing file /opt/airflow/dags/dag_dia.py for tasks to queue
[2026-08-12T22:26:39.127+0000] {logging_mixin.py:190} INFO - [2026-08-12T22:26:39.127+0000] {dagbag.py:587} INFO - Filling up the DagBag from /opt/airflow/dags/dag_dia.py
[2026-08-12T22:26:39.160+0000] {processor.py:925} INFO - DAG(s) 'dag_dia' retrieved from /opt/airflow/dags/dag_dia.py
[2026-08-12T22:26:39.191+0000] {logging_mixin.py:190} INFO - [2026-08-12T22:26:39.191+0000] {dag.py:3211} INFO - Sync 1 DAGs
[2026-08-12T22:26:39.362+0000] {logging_mixin.py:190} INFO - [2026-08-12T22:26:39.361+0000] {dag.py:4138} INFO - Setting next_dagrun for dag_dia to 2026-08-11 00:00:00+00:00, run_after=2026-08-12 00:00:00+00:00
[2026-08-12T22:26:39.383+0000] {processor.py:208} INFO - Processing /opt/airflow/dags/dag_dia.py took 0.269 seconds
[2026-08-12T22:27:09.813+0000] {processor.py:186} INFO - Started process (PID=227) to work on /opt/airflow/dags/dag_dia.py
[2026-08-12T22:27:09.815+0000] {processor.py:914} INFO - Processing file /opt/airflow/dags/dag_dia.py for tasks to queue
[2026-08-12T22:27:09.819+0000] {logging_mixin.py:190} INFO - [2026-08-12T22:27:09.819+0000] {dagbag.py:587} INFO - Filling up the DagBag from /opt/airflow/dags/dag_dia.py
[2026-08-12T22:27:09.854+0000] {processor.py:925} INFO - DAG(s) 'dag_dia' retrieved from /opt/airflow/dags/dag_dia.py
[2026-08-12T22:27:09.895+0000] {logging_mixin.py:190} INFO - [2026-08-12T22:27:09.894+0000] {dag.py:3211} INFO - Sync 1 DAGs
[2026-08-12T22:27:09.923+0000] {logging_mixin.py:190} INFO - [2026-08-12T22:27:09.923+0000] {dag.py:4138} INFO - Setting next_dagrun for dag_dia to 2026-08-11 00:00:00+00:00, run_after=2026-08-12 00:00:00+00:00
[2026-08-12T22:27:09.963+0000] {processor.py:208} INFO - Processing /opt/airflow/dags/dag_dia.py took 0.158 seconds
[2026-08-12T22:27:40.617+0000] {processor.py:186} INFO - Started process (PID=235) to work on /opt/airflow/dags/dag_dia.py
[2026-08-12T22:27:40.623+0000] {processor.py:914} INFO - Processing file /opt/airflow/dags/dag_dia.py for tasks to queue
[2026-08-12T22:27:40.637+0000] {logging_mixin.py:190} INFO - [2026-08-12T22:27:40.636+0000] {dagbag.py:587} INFO - Filling up the DagBag from /opt/airflow/dags/dag_dia.py
[2026-08-12T22:27:40.827+0000] {processor.py:925} INFO - DAG(s) 'dag_dia' retrieved from /opt/airflow/dags/dag_dia.py
[2026-08-12T22:27:40.987+0000] {logging_mixin.py:190} INFO - [2026-08-12T22:27:40.985+0000] {dag.py:3211} INFO - Sync 1 DAGs
[2026-08-12T22:27:41.092+0000] {logging_mixin.py:190} INFO - [2026-08-12T22:27:41.092+0000] {dag.py:4138} INFO - Setting next_dagrun for dag_dia to 2026-08-11 00:00:00+00:00, run_after=2026-08-12 00:00:00+00:00
[2026-08-12T22:27:41.182+0000] {processor.py:208} INFO - Processing /opt/airflow/dags/dag_dia.py took 0.605 seconds
[2026-08-12T22:28:11.713+0000] {processor.py:186} INFO - Started process (PID=245) to work on /opt/airflow/dags/dag_dia.py
[2026-08-12T22:28:11.717+0000] {processor.py:914} INFO - Processing file /opt/airflow/dags/dag_dia.py for tasks to queue
[2026-08-12T22:28:11.730+0000] {logging_mixin.py:190} INFO - [2026-08-12T22:28:11.729+0000] {dagbag.py:587} INFO - Filling up the DagBag from /opt/airflow/dags/dag_dia.py
[2026-08-12T22:28:11.848+0000] {processor.py:925} INFO - DAG(s) 'dag_dia' retrieved from /opt/airflow/dags/dag_dia.py
[2026-08-12T22:28:12.002+0000] {logging_mixin.py:190} INFO - [2026-08-12T22:28:12.001+0000] {dag.py:3211} INFO - Sync 1 DAGs
[2026-08-12T22:28:12.160+0000] {logging_mixin.py:190} INFO - [2026-08-12T22:28:12.159+0000] {dag.py:4138} INFO - Setting next_dagrun for dag_dia to 2026-08-11 00:00:00+00:00, run_after=2026-08-12 00:00:00+00:00
[2026-08-12T22:28:12.270+0000] {processor.py:208} INFO - Processing /opt/airflow/dags/dag_dia.py took 0.596 seconds
[2026-08-12T22:28:43.030+0000] {processor.py:186} INFO - Started process (PID=254) to work on /opt/airflow/dags/dag_dia.py
[2026-08-12T22:28:43.032+0000] {processor.py:914} INFO - Processing file /opt/airflow/dags/dag_dia.py for tasks to queue
[2026-08-12T22:28:43.034+0000] {logging_mixin.py:190} INFO - [2026-08-12T22:28:43.034+0000] {dagbag.py:587} INFO - Filling up the DagBag from /opt/airflow/dags/dag_dia.py
[2026-08-12T22:28:43.052+0000] {processor.py:925} INFO - DAG(s) 'dag_dia' retrieved from /opt/airflow/dags/dag_dia.py
[2026-08-12T22:28:43.074+0000] {logging_mixin.py:190} INFO - [2026-08-12T22:28:43.074+0000] {dag.py:3211} INFO - Sync 1 DAGs
[2026-08-12T22:28:43.093+0000] {logging_mixin.py:190} INFO - [2026-08-12T22:28:43.093+0000] {dag.py:4138} INFO - Setting next_dagrun for dag_dia to 2026-08-11 00:00:00+00:00, run_after=2026-08-12 00:00:00+00:00
[2026-08-12T22:28:43.264+0000] {processor.py:208} INFO - Processing /opt/airflow/dags/dag_dia.py took 0.239 seconds
[2026-08-12T22:29:13.933+0000] {processor.py:186} INFO - Started process (PID=265) to work on /opt/airflow/dags/dag_dia.py
[2026-08-12T22:29:13.935+0000] {processor.py:914} INFO - Processing file /opt/airflow/dags/dag_dia.py for tasks to queue
[2026-08-12T22:29:13.940+0000] {logging_mixin.py:190} INFO - [2026-08-12T22:29:13.940+0000] {dagbag.py:587} INFO - Filling up the DagBag from /opt/airflow/dags/dag_dia.py
[2026-08-12T22:29:14.001+0000] {processor.py:925} INFO - DAG(s) 'dag_dia' retrieved from /opt/airflow/dags/dag_dia.py
[2026-08-12T22:29:14.077+0000] {logging_mixin.py:190} INFO - [2026-08-12T22:29:14.076+0000] {dag.py:3211} INFO - Sync 1 DAGs
[2026-08-12T22:29:14.472+0000] {logging_mixin.py:190} INFO - [2026-08-12T22:29:14.471+0000] {dag.py:4138} INFO - Setting next_dagrun for dag_dia to 2026-08-11 00:00:00+00:00, run_after=2026-08-12 00:00:00+00:00
[2026-08-12T22:29:14.537+0000] {processor.py:208} INFO - Processing /opt/airflow/dags/dag_dia.py took 0.618 seconds
[2026-08-12T22:29:45.212+0000] {processor.py:186} INFO - Started process (PID=280) to work on /opt/airflow/dags/dag_dia.py
[2026-08-12T22:29:45.223+0000] {processor.py:914} INFO - Processing file /opt/airflow/dags/dag_dia.py for tasks to queue
[2026-08-12T22:29:45.265+0000] {logging_mixin.py:190} INFO - [2026-08-12T22:29:45.261+0000] {dagbag.py:587} INFO - Filling up the DagBag from /opt/airflow/dags/dag_dia.py
[2026-08-12T22:29:45.716+0000] {processor.py:925} INFO - DAG(s) 'dag_dia' retrieved from /opt/airflow/dags/dag_dia.py
[2026-08-12T22:29:46.183+0000] {logging_mixin.py:190} INFO - [2026-08-12T22:29:46.181+0000] {dag.py:3211} INFO - Sync 1 DAGs
[2026-08-12T22:29:49.989+0000] {logging_mixin.py:190} INFO - [2026-08-12T22:29:49.988+0000] {dag.py:4138} INFO - Setting next_dagrun for dag_dia to 2026-08-11 00:00:00+00:00, run_after=2026-08-12 00:00:00+00:00
[2026-08-12T22:29:50.238+0000] {processor.py:208} INFO - Processing /opt/airflow/dags/dag_dia.py took 5.168 seconds
[2026-08-12T22:30:21.716+0000] {processor.py:186} INFO - Started process (PID=290) to work on /opt/airflow/dags/dag_dia.py
[2026-08-12T22:30:21.744+0000] {processor.py:914} INFO - Processing file /opt/airflow/dags/dag_dia.py for tasks to queue
[2026-08-12T22:30:21.902+0000] {logging_mixin.py:190} INFO - [2026-08-12T22:30:21.886+0000] {dagbag.py:587} INFO - Filling up the DagBag from /opt/airflow/dags/dag_dia.py
[2026-08-12T22:30:22.266+0000] {processor.py:925} INFO - DAG(s) 'dag_dia' retrieved from /opt/airflow/dags/dag_dia.py
[2026-08-12T22:30:22.978+0000] {logging_mixin.py:190} INFO - [2026-08-12T22:30:22.976+0000] {dag.py:3211} INFO - Sync 1 DAGs
[2026-08-12T22:30:23.512+0000] {logging_mixin.py:190} INFO - [2026-08-12T22:30:23.509+0000] {dag.py:4138} INFO - Setting next_dagrun for dag_dia to 2026-08-11 00:00:00+00:00, run_after=2026-08-12 00:00:00+00:00
[2026-08-12T22:30:23.800+0000] {processor.py:208} INFO - Processing /opt/airflow/dags/dag_dia.py took 2.313 seconds
[2026-08-12T22:30:54.715+0000] {processor.py:186} INFO - Started process (PID=304) to work on /opt/airflow/dags/dag_dia.py
[2026-08-12T22:30:54.722+0000] {processor.py:914} INFO - Processing file /opt/airflow/dags/dag_dia.py for tasks to queue
[2026-08-12T22:30:54.743+0000] {logging_mixin.py:190} INFO - [2026-08-12T22:30:54.741+0000] {dagbag.py:587} INFO - Filling up the DagBag from /opt/airflow/dags/dag_dia.py
[2026-08-12T22:30:54.910+0000] {processor.py:925} INFO - DAG(s) 'dag_dia' retrieved from /opt/airflow/dags/dag_dia.py
[2026-08-12T22:30:55.114+0000] {logging_mixin.py:190} INFO - [2026-08-12T22:30:55.113+0000] {dag.py:3211} INFO - Sync 1 DAGs
[2026-08-12T22:30:55.358+0000] {logging_mixin.py:190} INFO - [2026-08-12T22:30:55.356+0000] {dag.py:4138} INFO - Setting next_dagrun for dag_dia to 2026-08-11 00:00:00+00:00, run_after=2026-08-12 00:00:00+00:00
[2026-08-12T22:30:55.523+0000] {processor.py:208} INFO - Processing /opt/airflow/dags/dag_dia.py took 0.860 seconds
[2026-08-12T22:31:25.967+0000] {processor.py:186} INFO - Started process (PID=307) to work on /opt/airflow/dags/dag_dia.py
[2026-08-12T22:31:25.980+0000] {processor.py:914} INFO - Processing file /opt/airflow/dags/dag_dia.py for tasks to queue
[2026-08-12T22:31:26.001+0000] {logging_mixin.py:190} INFO - [2026-08-12T22:31:25.999+0000] {dagbag.py:587} INFO - Filling up the DagBag from /opt/airflow/dags/dag_dia.py
[2026-08-12T22:31:26.176+0000] {processor.py:925} INFO - DAG(s) 'dag_dia' retrieved from /opt/airflow/dags/dag_dia.py
[2026-08-12T22:31:26.370+0000] {logging_mixin.py:190} INFO - [2026-08-12T22:31:26.368+0000] {dag.py:3211} INFO - Sync 1 DAGs
[2026-08-12T22:31:26.557+0000] {logging_mixin.py:190} INFO - [2026-08-12T22:31:26.556+0000] {dag.py:4138} INFO - Setting next_dagrun for dag_dia to 2026-08-11 00:00:00+00:00, run_after=2026-08-12 00:00:00+00:00
[2026-08-12T22:31:26.717+0000] {processor.py:208} INFO - Processing /opt/airflow/dags/dag_dia.py took 0.791 seconds
[2026-08-12T22:31:56.847+0000] {processor.py:186} INFO - Started process (PID=317) to work on /opt/airflow/dags/dag_dia.py
[2026-08-12T22:31:56.850+0000] {processor.py:914} INFO - Processing file /opt/airflow/dags/dag_dia.py for tasks to queue
[2026-08-12T22:31:56.854+0000] {logging_mixin.py:190} INFO - [2026-08-12T22:31:56.854+0000] {dagbag.py:587} INFO - Filling up the DagBag from /opt/airflow/dags/dag_dia.py
[2026-08-12T22:31:56.910+0000] {processor.py:925} INFO - DAG(s) 'dag_dia' retrieved from /opt/airflow/dags/dag_dia.py
[2026-08-12T22:31:56.970+0000] {logging_mixin.py:190} INFO - [2026-08-12T22:31:56.969+0000] {dag.py:3211} INFO - Sync 1 DAGs
[2026-08-12T22:31:57.027+0000] {logging_mixin.py:190} INFO - [2026-08-12T22:31:57.027+0000] {dag.py:4138} INFO - Setting next_dagrun for dag_dia to 2026-08-11 00:00:00+00:00, run_after=2026-08-12 00:00:00+00:00
[2026-08-12T22:31:57.472+0000] {processor.py:208} INFO - Processing /opt/airflow/dags/dag_dia.py took 0.636 seconds
[2026-08-12T22:32:27.971+0000] {processor.py:186} INFO - Started process (PID=327) to work on /opt/airflow/dags/dag_dia.py
[2026-08-12T22:32:27.973+0000] {processor.py:914} INFO - Processing file /opt/airflow/dags/dag_dia.py for tasks to queue
[2026-08-12T22:32:27.976+0000] {logging_mixin.py:190} INFO - [2026-08-12T22:32:27.976+0000] {dagbag.py:587} INFO - Filling up the DagBag from /opt/airflow/dags/dag_dia.py
[2026-08-12T22:32:28.002+0000] {processor.py:925} INFO - DAG(s) 'dag_dia' retrieved from /opt/airflow/dags/dag_dia.py
[2026-08-12T22:32:28.032+0000] {logging_mixin.py:190} INFO - [2026-08-12T22:32:28.032+0000] {dag.py:3211} INFO - Sync 1 DAGs
[2026-08-12T22:32:28.219+0000] {logging_mixin.py:190} INFO - [2026-08-12T22:32:28.219+0000] {dag.py:4138} INFO - Setting next_dagrun for dag_dia to 2026-08-11 00:00:00+00:00, run_after=2026-08-12 00:00:00+00:00
[2026-08-12T22:32:28.241+0000] {processor.py:208} INFO - Processing /opt/airflow/dags/dag_dia.py took 0.275 seconds
[2026-08-12T22:32:59.444+0000] {processor.py:186} INFO - Started process (PID=342) to work on /opt/airflow/dags/dag_dia.py
[2026-08-12T22:32:59.454+0000] {processor.py:914} INFO - Processing file /opt/airflow/dags/dag_dia.py for tasks to queue
[2026-08-12T22:32:59.473+0000] {logging_mixin.py:190} INFO - [2026-08-12T22:32:59.471+0000] {dagbag.py:587} INFO - Filling up the DagBag from /opt/airflow/dags/dag_dia.py
[2026-08-12T22:32:59.662+0000] {processor.py:925} INFO - DAG(s) 'dag_dia' retrieved from /opt/airflow/dags/dag_dia.py
[2026-08-12T22:32:59.900+0000] {logging_mixin.py:190} INFO - [2026-08-12T22:32:59.899+0000] {dag.py:3211} INFO - Sync 1 DAGs
[2026-08-12T22:33:00.117+0000] {logging_mixin.py:190} INFO - [2026-08-12T22:33:00.114+0000] {dag.py:4138} INFO - Setting next_dagrun for dag_dia to 2026-08-11 00:00:00+00:00, run_after=2026-08-12 00:00:00+00:00
[2026-08-12T22:33:00.361+0000] {processor.py:208} INFO - Processing /opt/airflow/dags/dag_dia.py took 0.960 seconds
[2026-08-12T22:33:30.896+0000] {processor.py:186} INFO - Started process (PID=352) to work on /opt/airflow/dags/dag_dia.py
[2026-08-12T22:33:30.904+0000] {processor.py:914} INFO - Processing file /opt/airflow/dags/dag_dia.py for tasks to queue
[2026-08-12T22:33:30.947+0000] {logging_mixin.py:190} INFO - [2026-08-12T22:33:30.943+0000] {dagbag.py:587} INFO - Filling up the DagBag from /opt/airflow/dags/dag_dia.py
[2026-08-12T22:33:31.177+0000] {processor.py:925} INFO - DAG(s) 'dag_dia' retrieved from /opt/airflow/dags/dag_dia.py
[2026-08-12T22:33:31.588+0000] {logging_mixin.py:190} INFO - [2026-08-12T22:33:31.585+0000] {dag.py:3211} INFO - Sync 1 DAGs
[2026-08-12T22:33:31.874+0000] {logging_mixin.py:190} INFO - [2026-08-12T22:33:31.872+0000] {dag.py:4138} INFO - Setting next_dagrun for dag_dia to 2026-08-11 00:00:00+00:00, run_after=2026-08-12 00:00:00+00:00
[2026-08-12T22:33:32.083+0000] {processor.py:208} INFO - Processing /opt/airflow/dags/dag_dia.py took 1.240 seconds
[2026-08-12T22:34:02.360+0000] {processor.py:186} INFO - Started process (PID=355) to work on /opt/airflow/dags/dag_dia.py
[2026-08-12T22:34:02.364+0000] {processor.py:914} INFO - Processing file /opt/airflow/dags/dag_dia.py for tasks to queue
[2026-08-12T22:34:02.376+0000] {logging_mixin.py:190} INFO - [2026-08-12T22:34:02.374+0000] {dagbag.py:587} INFO - Filling up the DagBag from /opt/airflow/dags/dag_dia.py
[2026-08-12T22:34:02.479+0000] {processor.py:925} INFO - DAG(s) 'dag_dia' retrieved from /opt/airflow/dags/dag_dia.py
[2026-08-12T22:34:02.649+0000] {logging_mixin.py:190} INFO - [2026-08-12T22:34:02.648+0000] {dag.py:3211} INFO - Sync 1 DAGs
[2026-08-12T22:34:02.836+0000] {logging_mixin.py:190} INFO - [2026-08-12T22:34:02.835+0000] {dag.py:4138} INFO - Setting next_dagrun for dag_dia to 2026-08-11 00:00:00+00:00, run_after=2026-08-12 00:00:00+00:00
[2026-08-12T22:34:02.986+0000] {processor.py:208} INFO - Processing /opt/airflow/dags/dag_dia.py took 0.656 seconds
[2026-08-12T22:34:33.410+0000] {processor.py:186} INFO - Started process (PID=366) to work on /opt/airflow/dags/dag_dia.py
[2026-08-12T22:34:33.414+0000] {processor.py:914} INFO - Processing file /opt/airflow/dags/dag_dia.py for tasks to queue
[2026-08-12T22:34:33.427+0000] {logging_mixin.py:190} INFO - [2026-08-12T22:34:33.425+0000] {dagbag.py:587} INFO - Filling up the DagBag from /opt/airflow/dags/dag_dia.py
[2026-08-12T22:34:33.510+0000] {processor.py:925} INFO - DAG(s) 'dag_dia' retrieved from /opt/airflow/dags/dag_dia.py
[2026-08-12T22:34:33.618+0000] {logging_mixin.py:190} INFO - [2026-08-12T22:34:33.617+0000] {dag.py:3211} INFO - Sync 1 DAGs
[2026-08-12T22:34:33.679+0000] {logging_mixin.py:190} INFO - [2026-08-12T22:34:33.679+0000] {dag.py:4138} INFO - Setting next_dagrun for dag_dia to 2026-08-11 00:00:00+00:00, run_after=2026-08-12 00:00:00+00:00
[2026-08-12T22:34:34.106+0000] {processor.py:208} INFO - Processing /opt/airflow/dags/dag_dia.py took 0.712 seconds
[2026-08-12T22:35:04.618+0000] {processor.py:186} INFO - Started process (PID=376) to work on /opt/airflow/dags/dag_dia.py
[2026-08-12T22:35:04.620+0000] {processor.py:914} INFO - Processing file /opt/airflow/dags/dag_dia.py for tasks to queue
[2026-08-12T22:35:04.622+0000] {logging_mixin.py:190} INFO - [2026-08-12T22:35:04.622+0000] {dagbag.py:587} INFO - Filling up the DagBag from /opt/airflow/dags/dag_dia.py
[2026-08-12T22:35:04.646+0000] {processor.py:925} INFO - DAG(s) 'dag_dia' retrieved from /opt/airflow/dags/dag_dia.py
[2026-08-12T22:35:04.673+0000] {logging_mixin.py:190} INFO - [2026-08-12T22:35:04.673+0000] {dag.py:3211} INFO - Sync 1 DAGs
[2026-08-12T22:35:04.849+0000] {logging_mixin.py:190} INFO - [2026-08-12T22:35:04.849+0000] {dag.py:4138} INFO - Setting next_dagrun for dag_dia to 2026-08-11 00:00:00+00:00, run_after=2026-08-12 00:00:00+00:00
[2026-08-12T22:35:04.883+0000] {processor.py:208} INFO - Processing /opt/airflow/dags/dag_dia.py took 0.271 seconds
[2026-08-12T22:35:35.604+0000] {processor.py:186} INFO - Started process (PID=386) to work on /opt/airflow/dags/dag_dia.py
[2026-08-12T22:35:35.606+0000] {processor.py:914} INFO - Processing file /opt/airflow/dags/dag_dia.py for tasks to queue
[2026-08-12T22:35:35.611+0000] {logging_mixin.py:190} INFO - [2026-08-12T22:35:35.610+0000] {dagbag.py:587} INFO - Filling up the DagBag from /opt/airflow/dags/dag_dia.py
[2026-08-12T22:35:35.656+0000] {processor.py:925} INFO - DAG(s) 'dag_dia' retrieved from /opt/airflow/dags/dag_dia.py
[2026-08-12T22:35:35.702+0000] {logging_mixin.py:190} INFO - [2026-08-12T22:35:35.701+0000] {dag.py:3211} INFO - Sync 1 DAGs
[2026-08-12T22:35:35.971+0000] {logging_mixin.py:190} INFO - [2026-08-12T22:35:35.970+0000] {dag.py:4138} INFO - Setting next_dagrun for dag_dia to 2026-08-11 00:00:00+00:00, run_after=2026-08-12 00:00:00+00:00
[2026-08-12T22:35:36.016+0000] {processor.py:208} INFO - Processing /opt/airflow/dags/dag_dia.py took 0.422 seconds
[2026-08-12T22:36:06.599+0000] {processor.py:186} INFO - Started process (PID=396) to work on /opt/airflow/dags/dag_dia.py
[2026-08-12T22:36:06.601+0000] {processor.py:914} INFO - Processing file /opt/airflow/dags/dag_dia.py for tasks to queue
[2026-08-12T22:36:06.605+0000] {logging_mixin.py:190} INFO - [2026-08-12T22:36:06.605+0000] {dagbag.py:587} INFO - Filling up the DagBag from /opt/airflow/dags/dag_dia.py
[2026-08-12T22:36:06.643+0000] {processor.py:925} INFO - DAG(s) 'dag_dia' retrieved from /opt/airflow/dags/dag_dia.py
[2026-08-12T22:36:06.681+0000] {logging_mixin.py:190} INFO - [2026-08-12T22:36:06.681+0000] {dag.py:3211} INFO - Sync 1 DAGs
[2026-08-12T22:36:06.711+0000] {logging_mixin.py:190} INFO - [2026-08-12T22:36:06.710+0000] {dag.py:4138} INFO - Setting next_dagrun for dag_dia to 2026-08-11 00:00:00+00:00, run_after=2026-08-12 00:00:00+00:00
[2026-08-12T22:36:06.756+0000] {processor.py:208} INFO - Processing /opt/airflow/dags/dag_dia.py took 0.166 seconds
[2026-08-12T22:36:37.185+0000] {processor.py:186} INFO - Started process (PID=406) to work on /opt/airflow/dags/dag_dia.py
[2026-08-12T22:36:37.196+0000] {processor.py:914} INFO - Processing file /opt/airflow/dags/dag_dia.py for tasks to queue
[2026-08-12T22:36:37.227+0000] {logging_mixin.py:190} INFO - [2026-08-12T22:36:37.224+0000] {dagbag.py:587} INFO - Filling up the DagBag from /opt/airflow/dags/dag_dia.py
[2026-08-12T22:36:37.361+0000] {processor.py:925} INFO - DAG(s) 'dag_dia' retrieved from /opt/airflow/dags/dag_dia.py
[2026-08-12T22:36:37.574+0000] {logging_mixin.py:190} INFO - [2026-08-12T22:36:37.573+0000] {dag.py:3211} INFO - Sync 1 DAGs
[2026-08-12T22:36:37.765+0000] {logging_mixin.py:190} INFO - [2026-08-12T22:36:37.764+0000] {dag.py:4138} INFO - Setting next_dagrun for dag_dia to 2026-08-11 00:00:00+00:00, run_after=2026-08-12 00:00:00+00:00
[2026-08-12T22:36:37.915+0000] {processor.py:208} INFO - Processing /opt/airflow/dags/dag_dia.py took 0.780 seconds
[2026-08-12T22:37:08.465+0000] {processor.py:186} INFO - Started process (PID=416) to work on /opt/airflow/dags/dag_dia.py
[2026-08-12T22:37:08.468+0000] {processor.py:914} INFO - Processing file /opt/airflow/dags/dag_dia.py for tasks to queue
[2026-08-12T22:37:08.480+0000] {logging_mixin.py:190} INFO - [2026-08-12T22:37:08.478+0000] {dagbag.py:587} INFO - Filling up the DagBag from /opt/airflow/dags/dag_dia.py
[2026-08-12T22:37:08.588+0000] {processor.py:925} INFO - DAG(s) 'dag_dia' retrieved from /opt/airflow/dags/dag_dia.py
[2026-08-12T22:37:08.692+0000] {logging_mixin.py:190} INFO - [2026-08-12T22:37:08.692+0000] {dag.py:3211} INFO - Sync 1 DAGs
[2026-08-12T22:37:08.783+0000] {logging_mixin.py:190} INFO - [2026-08-12T22:37:08.781+0000] {dag.py:4138} INFO - Setting next_dagrun for dag_dia to 2026-08-11 00:00:00+00:00, run_after=2026-08-12 00:00:00+00:00
[2026-08-12T22:37:08.874+0000] {processor.py:208} INFO - Processing /opt/airflow/dags/dag_dia.py took 0.430 seconds
[2026-08-12T22:37:39.649+0000] {processor.py:186} INFO - Started process (PID=419) to work on /opt/airflow/dags/dag_dia.py
[2026-08-12T22:37:39.651+0000] {processor.py:914} INFO - Processing file /opt/airflow/dags/dag_dia.py for tasks to queue
[2026-08-12T22:37:39.655+0000] {logging_mixin.py:190} INFO - [2026-08-12T22:37:39.655+0000] {dagbag.py:587} INFO - Filling up the DagBag from /opt/airflow/dags/dag_dia.py
[2026-08-12T22:37:39.696+0000] {processor.py:925} INFO - DAG(s) 'dag_dia' retrieved from /opt/airflow/dags/dag_dia.py
[2026-08-12T22:37:39.742+0000] {logging_mixin.py:190} INFO - [2026-08-12T22:37:39.741+0000] {dag.py:3211} INFO - Sync 1 DAGs
[2026-08-12T22:37:39.780+0000] {logging_mixin.py:190} INFO - [2026-08-12T22:37:39.779+0000] {dag.py:4138} INFO - Setting next_dagrun for dag_dia to 2026-08-11 00:00:00+00:00, run_after=2026-08-12 00:00:00+00:00
[2026-08-12T22:37:40.047+0000] {processor.py:208} INFO - Processing /opt/airflow/dags/dag_dia.py took 0.406 seconds
[2026-08-12T22:38:10.574+0000] {processor.py:186} INFO - Started process (PID=429) to work on /opt/airflow/dags/dag_dia.py
[2026-08-12T22:38:10.577+0000] {processor.py:914} INFO - Processing file /opt/airflow/dags/dag_dia.py for tasks to queue
[2026-08-12T22:38:10.583+0000] {logging_mixin.py:190} INFO - [2026-08-12T22:38:10.582+0000] {dagbag.py:587} INFO - Filling up the DagBag from /opt/airflow/dags/dag_dia.py
[2026-08-12T22:38:10.641+0000] {processor.py:925} INFO - DAG(s) 'dag_dia' retrieved from /opt/airflow/dags/dag_dia.py
[2026-08-12T22:38:10.696+0000] {logging_mixin.py:190} INFO - [2026-08-12T22:38:10.696+0000] {dag.py:3211} INFO - Sync 1 DAGs
[2026-08-12T22:38:10.988+0000] {logging_mixin.py:190} INFO - [2026-08-12T22:38:10.988+0000] {dag.py:4138} INFO - Setting next_dagrun for dag_dia to 2026-08-11 00:00:00+00:00, run_after=2026-08-12 00:00:00+00:00
[2026-08-12T22:38:11.041+0000] {processor.py:208} INFO - Processing /opt/airflow/dags/dag_dia.py took 0.482 seconds
[2026-08-12T22:38:41.510+0000] {processor.py:186} INFO - Started process (PID=439) to work on /opt/airflow/dags/dag_dia.py
[2026-08-12T22:38:41.512+0000] {processor.py:914} INFO - Processing file /opt/airflow/dags/dag_dia.py for tasks to queue
[2026-08-12T22:38:41.515+0000] {logging_mixin.py:190} INFO - [2026-08-12T22:38:41.515+0000] {dagbag.py:587} INFO - Filling up the DagBag from /opt/airflow/dags/dag_dia.py
[2026-08-12T22:38:41.555+0000] {processor.py:925} INFO - DAG(s) 'dag_dia' retrieved from /opt/airflow/dags/dag_dia.py
[2026-08-12T22:38:41.748+0000] {logging_mixin.py:190} INFO - [2026-08-12T22:38:41.747+0000] {dag.py:3211} INFO - Sync 1 DAGs
[2026-08-12T22:38:41.770+0000] {logging_mixin.py:190} INFO - [2026-08-12T22:38:41.770+0000] {dag.py:4138} INFO - Setting next_dagrun for dag_dia to 2026-08-11 00:00:00+00:00, run_after=2026-08-12 00:00:00+00:00
[2026-08-12T22:38:41.808+0000] {processor.py:208} INFO - Processing /opt/airflow/dags/dag_dia.py took 0.304 seconds
[2026-08-12T22:39:12.090+0000] {processor.py:186} INFO - Started process (PID=449) to work on /opt/airflow/dags/dag_dia.py
[2026-08-12T22:39:12.092+0000] {processor.py:914} INFO - Processing file /opt/airflow/dags/dag_dia.py for tasks to queue
[2026-08-12T22:39:12.097+0000] {logging_mixin.py:190} INFO - [2026-08-12T22:39:12.097+0000] {dagbag.py:587} INFO - Filling up the DagBag from /opt/airflow/dags/dag_dia.py
[2026-08-12T22:39:12.141+0000] {processor.py:925} INFO - DAG(s) 'dag_dia' retrieved from /opt/airflow/dags/dag_dia.py
[2026-08-12T22:39:12.181+0000] {logging_mixin.py:190} INFO - [2026-08-12T22:39:12.181+0000] {dag.py:3211} INFO - Sync 1 DAGs
[2026-08-12T22:39:12.213+0000] {logging_mixin.py:190} INFO - [2026-08-12T22:39:12.213+0000] {dag.py:4138} INFO - Setting next_dagrun for dag_dia to 2026-08-11 00:00:00+00:00, run_after=2026-08-12 00:00:00+00:00
[2026-08-12T22:39:12.241+0000] {processor.py:208} INFO - Processing /opt/airflow/dags/dag_dia.py took 0.159 seconds
[2026-08-12T22:39:42.703+0000] {processor.py:186} INFO - Started process (PID=459) to work on /opt/airflow/dags/dag_dia.py
[2026-08-12T22:39:42.706+0000] {processor.py:914} INFO - Processing file /opt/airflow/dags/dag_dia.py for tasks to queue
[2026-08-12T22:39:42.711+0000] {logging_mixin.py:190} INFO - [2026-08-12T22:39:42.711+0000] {dagbag.py:587} INFO - Filling up the DagBag from /opt/airflow/dags/dag_dia.py
[2026-08-12T22:39:42.767+0000] {processor.py:925} INFO - DAG(s) 'dag_dia' retrieved from /opt/airflow/dags/dag_dia.py
[2026-08-12T22:39:42.846+0000] {logging_mixin.py:190} INFO - [2026-08-12T22:39:42.845+0000] {dag.py:3211} INFO - Sync 1 DAGs
[2026-08-12T22:39:42.903+0000] {logging_mixin.py:190} INFO - [2026-08-12T22:39:42.902+0000] {dag.py:4138} INFO - Setting next_dagrun for dag_dia to 2026-08-11 00:00:00+00:00, run_after=2026-08-12 00:00:00+00:00
[2026-08-12T22:39:42.965+0000] {processor.py:208} INFO - Processing /opt/airflow/dags/dag_dia.py took 0.276 seconds
[2026-08-12T22:40:13.497+0000] {processor.py:186} INFO - Started process (PID=469) to work on /opt/airflow/dags/dag_dia.py
[2026-08-12T22:40:13.500+0000] {processor.py:914} INFO - Processing file /opt/airflow/dags/dag_dia.py for tasks to queue
[2026-08-12T22:40:13.504+0000] {logging_mixin.py:190} INFO - [2026-08-12T22:40:13.504+0000] {dagbag.py:587} INFO - Filling up the DagBag from /opt/airflow/dags/dag_dia.py
[2026-08-12T22:40:13.547+0000] {processor.py:925} INFO - DAG(s) 'dag_dia' retrieved from /opt/airflow/dags/dag_dia.py
[2026-08-12T22:40:13.587+0000] {logging_mixin.py:190} INFO - [2026-08-12T22:40:13.587+0000] {dag.py:3211} INFO - Sync 1 DAGs
[2026-08-12T22:40:13.621+0000] {logging_mixin.py:190} INFO - [2026-08-12T22:40:13.621+0000] {dag.py:4138} INFO - Setting next_dagrun for dag_dia to 2026-08-11 00:00:00+00:00, run_after=2026-08-12 00:00:00+00:00
[2026-08-12T22:40:13.880+0000] {processor.py:208} INFO - Processing /opt/airflow/dags/dag_dia.py took 0.392 seconds
[2026-08-12T22:40:44.261+0000] {processor.py:186} INFO - Started process (PID=478) to work on /opt/airflow/dags/dag_dia.py
[2026-08-12T22:40:44.263+0000] {processor.py:914} INFO - Processing file /opt/airflow/dags/dag_dia.py for tasks to queue
[2026-08-12T22:40:44.269+0000] {logging_mixin.py:190} INFO - [2026-08-12T22:40:44.268+0000] {dagbag.py:587} INFO - Filling up the DagBag from /opt/airflow/dags/dag_dia.py
[2026-08-12T22:40:44.323+0000] {processor.py:925} INFO - DAG(s) 'dag_dia' retrieved from /opt/airflow/dags/dag_dia.py
[2026-08-12T22:40:44.379+0000] {logging_mixin.py:190} INFO - [2026-08-12T22:40:44.378+0000] {dag.py:3211} INFO - Sync 1 DAGs
[2026-08-12T22:40:44.704+0000] {logging_mixin.py:190} INFO - [2026-08-12T22:40:44.704+0000] {dag.py:4138} INFO - Setting next_dagrun for dag_dia to 2026-08-11 00:00:00+00:00, run_after=2026-08-12 00:00:00+00:00
[2026-08-12T22:40:44.752+0000] {processor.py:208} INFO - Processing /opt/airflow/dags/dag_dia.py took 0.506 seconds
[2026-08-12T22:41:15.083+0000] {processor.py:186} INFO - Started process (PID=488) to work on /opt/airflow/dags/dag_dia.py
[2026-08-12T22:41:15.084+0000] {processor.py:914} INFO - Processing file /opt/airflow/dags/dag_dia.py for tasks to queue
[2026-08-12T22:41:15.088+0000] {logging_mixin.py:190} INFO - [2026-08-12T22:41:15.087+0000] {dagbag.py:587} INFO - Filling up the DagBag from /opt/airflow/dags/dag_dia.py
[2026-08-12T22:41:15.118+0000] {processor.py:925} INFO - DAG(s) 'dag_dia' retrieved from /opt/airflow/dags/dag_dia.py
[2026-08-12T22:41:15.152+0000] {logging_mixin.py:190} INFO - [2026-08-12T22:41:15.151+0000] {dag.py:3211} INFO - Sync 1 DAGs
[2026-08-12T22:41:15.347+0000] {logging_mixin.py:190} INFO - [2026-08-12T22:41:15.347+0000] {dag.py:4138} INFO - Setting next_dagrun for dag_dia to 2026-08-11 00:00:00+00:00, run_after=2026-08-12 00:00:00+00:00
[2026-08-12T22:41:15.382+0000] {processor.py:208} INFO - Processing /opt/airflow/dags/dag_dia.py took 0.306 seconds
[2026-08-12T22:41:45.607+0000] {processor.py:186} INFO - Started process (PID=498) to work on /opt/airflow/dags/dag_dia.py
[2026-08-12T22:41:45.610+0000] {processor.py:914} INFO - Processing file /opt/airflow/dags/dag_dia.py for tasks to queue
[2026-08-12T22:41:45.618+0000] {logging_mixin.py:190} INFO - [2026-08-12T22:41:45.618+0000] {dagbag.py:587} INFO - Filling up the DagBag from /opt/airflow/dags/dag_dia.py
[2026-08-12T22:41:45.682+0000] {processor.py:925} INFO - DAG(s) 'dag_dia' retrieved from /opt/airflow/dags/dag_dia.py
[2026-08-12T22:41:45.756+0000] {logging_mixin.py:190} INFO - [2026-08-12T22:41:45.755+0000] {dag.py:3211} INFO - Sync 1 DAGs
[2026-08-12T22:41:45.829+0000] {logging_mixin.py:190} INFO - [2026-08-12T22:41:45.828+0000] {dag.py:4138} INFO - Setting next_dagrun for dag_dia to 2026-08-11 00:00:00+00:00, run_after=2026-08-12 00:00:00+00:00
[2026-08-12T22:41:45.886+0000] {processor.py:208} INFO - Processing /opt/airflow/dags/dag_dia.py took 0.293 seconds
[2026-08-12T22:42:16.409+0000] {processor.py:186} INFO - Started process (PID=501) to work on /opt/airflow/dags/dag_dia.py
[2026-08-12T22:42:16.411+0000] {processor.py:914} INFO - Processing file /opt/airflow/dags/dag_dia.py for tasks to queue
[2026-08-12T22:42:16.414+0000] {logging_mixin.py:190} INFO - [2026-08-12T22:42:16.413+0000] {dagbag.py:587} INFO - Filling up the DagBag from /opt/airflow/dags/dag_dia.py
[2026-08-12T22:42:16.448+0000] {processor.py:925} INFO - DAG(s) 'dag_dia' retrieved from /opt/airflow/dags/dag_dia.py
[2026-08-12T22:42:16.481+0000] {logging_mixin.py:190} INFO - [2026-08-12T22:42:16.481+0000] {dag.py:3211} INFO - Sync 1 DAGs
[2026-08-12T22:42:16.510+0000] {logging_mixin.py:190} INFO - [2026-08-12T22:42:16.510+0000] {dag.py:4138} INFO - Setting next_dagrun for dag_dia to 2026-08-11 00:00:00+00:00, run_after=2026-08-12 00:00:00+00:00
[2026-08-12T22:42:16.537+0000] {processor.py:208} INFO - Processing /opt/airflow/dags/dag_dia.py took 0.135 seconds
[2026-08-12T22:42:47.298+0000] {processor.py:186} INFO - Started process (PID=516) to work on /opt/airflow/dags/dag_dia.py
[2026-08-12T22:42:47.303+0000] {processor.py:914} INFO - Processing file /opt/airflow/dags/dag_dia.py for tasks to queue
[2026-08-12T22:42:47.320+0000] {logging_mixin.py:190} INFO - [2026-08-12T22:42:47.318+0000] {dagbag.py:587} INFO - Filling up the DagBag from /opt/airflow/dags/dag_dia.py
[2026-08-12T22:42:47.459+0000] {processor.py:925} INFO - DAG(s) 'dag_dia' retrieved from /opt/airflow/dags/dag_dia.py
[2026-08-12T22:42:47.642+0000] {logging_mixin.py:190} INFO - [2026-08-12T22:42:47.641+0000] {dag.py:3211} INFO - Sync 1 DAGs
[2026-08-12T22:42:47.952+0000] {logging_mixin.py:190} INFO - [2026-08-12T22:42:47.950+0000] {dag.py:4138} INFO - Setting next_dagrun for dag_dia to 2026-08-11 00:00:00+00:00, run_after=2026-08-12 00:00:00+00:00
[2026-08-12T22:42:48.099+0000] {processor.py:208} INFO - Processing /opt/airflow/dags/dag_dia.py took 0.865 seconds
[2026-08-12T22:43:18.686+0000] {processor.py:186} INFO - Started process (PID=526) to work on /opt/airflow/dags/dag_dia.py
[2026-08-12T22:43:18.694+0000] {processor.py:914} INFO - Processing file /opt/airflow/dags/dag_dia.py for tasks to queue
[2026-08-12T22:43:18.719+0000] {logging_mixin.py:190} INFO - [2026-08-12T22:43:18.715+0000] {dagbag.py:587} INFO - Filling up the DagBag from /opt/airflow/dags/dag_dia.py
[2026-08-12T22:43:18.972+0000] {processor.py:925} INFO - DAG(s) 'dag_dia' retrieved from /opt/airflow/dags/dag_dia.py
[2026-08-12T22:43:19.164+0000] {logging_mixin.py:190} INFO - [2026-08-12T22:43:19.163+0000] {dag.py:3211} INFO - Sync 1 DAGs
[2026-08-12T22:43:19.461+0000] {logging_mixin.py:190} INFO - [2026-08-12T22:43:19.459+0000] {dag.py:4138} INFO - Setting next_dagrun for dag_dia to 2026-08-11 00:00:00+00:00, run_after=2026-08-12 00:00:00+00:00
[2026-08-12T22:43:20.524+0000] {processor.py:208} INFO - Processing /opt/airflow/dags/dag_dia.py took 1.881 seconds
[2026-08-12T22:43:51.293+0000] {processor.py:186} INFO - Started process (PID=536) to work on /opt/airflow/dags/dag_dia.py
[2026-08-12T22:43:51.307+0000] {processor.py:914} INFO - Processing file /opt/airflow/dags/dag_dia.py for tasks to queue
[2026-08-12T22:43:51.344+0000] {logging_mixin.py:190} INFO - [2026-08-12T22:43:51.336+0000] {dagbag.py:587} INFO - Filling up the DagBag from /opt/airflow/dags/dag_dia.py
[2026-08-12T22:43:51.570+0000] {processor.py:925} INFO - DAG(s) 'dag_dia' retrieved from /opt/airflow/dags/dag_dia.py
[2026-08-12T22:43:51.920+0000] {logging_mixin.py:190} INFO - [2026-08-12T22:43:51.919+0000] {dag.py:3211} INFO - Sync 1 DAGs
[2026-08-12T22:43:53.110+0000] {logging_mixin.py:190} INFO - [2026-08-12T22:43:53.109+0000] {dag.py:4138} INFO - Setting next_dagrun for dag_dia to 2026-08-11 00:00:00+00:00, run_after=2026-08-12 00:00:00+00:00
[2026-08-12T22:43:53.214+0000] {processor.py:208} INFO - Processing /opt/airflow/dags/dag_dia.py took 1.986 seconds
[2026-08-12T22:44:23.508+0000] {processor.py:186} INFO - Started process (PID=546) to work on /opt/airflow/dags/dag_dia.py
[2026-08-12T22:44:23.512+0000] {processor.py:914} INFO - Processing file /opt/airflow/dags/dag_dia.py for tasks to queue
[2026-08-12T22:44:23.523+0000] {logging_mixin.py:190} INFO - [2026-08-12T22:44:23.521+0000] {dagbag.py:587} INFO - Filling up the DagBag from /opt/airflow/dags/dag_dia.py
[2026-08-12T22:44:23.612+0000] {processor.py:925} INFO - DAG(s) 'dag_dia' retrieved from /opt/airflow/dags/dag_dia.py
[2026-08-12T22:44:24.230+0000] {logging_mixin.py:190} INFO - [2026-08-12T22:44:24.229+0000] {dag.py:3211} INFO - Sync 1 DAGs
[2026-08-12T22:44:24.339+0000] {logging_mixin.py:190} INFO - [2026-08-12T22:44:24.338+0000] {dag.py:4138} INFO - Setting next_dagrun for dag_dia to 2026-08-11 00:00:00+00:00, run_after=2026-08-12 00:00:00+00:00
[2026-08-12T22:44:24.441+0000] {processor.py:208} INFO - Processing /opt/airflow/dags/dag_dia.py took 0.949 seconds
[2026-08-12T22:44:55.029+0000] {processor.py:186} INFO - Started process (PID=556) to work on /opt/airflow/dags/dag_dia.py
[2026-08-12T22:44:55.035+0000] {processor.py:914} INFO - Processing file /opt/airflow/dags/dag_dia.py for tasks to queue
[2026-08-12T22:44:55.050+0000] {logging_mixin.py:190} INFO - [2026-08-12T22:44:55.049+0000] {dagbag.py:587} INFO - Filling up the DagBag from /opt/airflow/dags/dag_dia.py
[2026-08-12T22:44:55.145+0000] {processor.py:925} INFO - DAG(s) 'dag_dia' retrieved from /opt/airflow/dags/dag_dia.py
[2026-08-12T22:44:55.260+0000] {logging_mixin.py:190} INFO - [2026-08-12T22:44:55.259+0000] {dag.py:3211} INFO - Sync 1 DAGs
[2026-08-12T22:44:55.340+0000] {logging_mixin.py:190} INFO - [2026-08-12T22:44:55.339+0000] {dag.py:4138} INFO - Setting next_dagrun for dag_dia to 2026-08-11 00:00:00+00:00, run_after=2026-08-12 00:00:00+00:00
[2026-08-12T22:44:55.421+0000] {processor.py:208} INFO - Processing /opt/airflow/dags/dag_dia.py took 0.429 seconds
[2026-08-12T22:45:26.125+0000] {processor.py:186} INFO - Started process (PID=559) to work on /opt/airflow/dags/dag_dia.py
[2026-08-12T22:45:26.127+0000] {processor.py:914} INFO - Processing file /opt/airflow/dags/dag_dia.py for tasks to queue
[2026-08-12T22:45:26.129+0000] {logging_mixin.py:190} INFO - [2026-08-12T22:45:26.129+0000] {dagbag.py:587} INFO - Filling up the DagBag from /opt/airflow/dags/dag_dia.py
[2026-08-12T22:45:26.164+0000] {processor.py:925} INFO - DAG(s) 'dag_dia' retrieved from /opt/airflow/dags/dag_dia.py
[2026-08-12T22:45:26.195+0000] {logging_mixin.py:190} INFO - [2026-08-12T22:45:26.195+0000] {dag.py:3211} INFO - Sync 1 DAGs
[2026-08-12T22:45:26.219+0000] {logging_mixin.py:190} INFO - [2026-08-12T22:45:26.219+0000] {dag.py:4138} INFO - Setting next_dagrun for dag_dia to 2026-08-11 00:00:00+00:00, run_after=2026-08-12 00:00:00+00:00
[2026-08-12T22:45:26.258+0000] {processor.py:208} INFO - Processing /opt/airflow/dags/dag_dia.py took 0.139 seconds
[2026-08-12T22:45:56.712+0000] {processor.py:186} INFO - Started process (PID=569) to work on /opt/airflow/dags/dag_dia.py
[2026-08-12T22:45:56.713+0000] {processor.py:914} INFO - Processing file /opt/airflow/dags/dag_dia.py for tasks to queue
[2026-08-12T22:45:56.717+0000] {logging_mixin.py:190} INFO - [2026-08-12T22:45:56.716+0000] {dagbag.py:587} INFO - Filling up the DagBag from /opt/airflow/dags/dag_dia.py
[2026-08-12T22:45:56.753+0000] {processor.py:925} INFO - DAG(s) 'dag_dia' retrieved from /opt/airflow/dags/dag_dia.py
[2026-08-12T22:45:56.781+0000] {logging_mixin.py:190} INFO - [2026-08-12T22:45:56.780+0000] {dag.py:3211} INFO - Sync 1 DAGs
[2026-08-12T22:45:56.804+0000] {logging_mixin.py:190} INFO - [2026-08-12T22:45:56.804+0000] {dag.py:4138} INFO - Setting next_dagrun for dag_dia to 2026-08-11 00:00:00+00:00, run_after=2026-08-12 00:00:00+00:00
[2026-08-12T22:45:56.845+0000] {processor.py:208} INFO - Processing /opt/airflow/dags/dag_dia.py took 0.139 seconds
[2026-08-12T22:46:27.334+0000] {processor.py:186} INFO - Started process (PID=579) to work on /opt/airflow/dags/dag_dia.py
[2026-08-12T22:46:27.336+0000] {processor.py:914} INFO - Processing file /opt/airflow/dags/dag_dia.py for tasks to queue
[2026-08-12T22:46:27.340+0000] {logging_mixin.py:190} INFO - [2026-08-12T22:46:27.339+0000] {dagbag.py:587} INFO - Filling up the DagBag from /opt/airflow/dags/dag_dia.py
[2026-08-12T22:46:27.376+0000] {processor.py:925} INFO - DAG(s) 'dag_dia' retrieved from /opt/airflow/dags/dag_dia.py
[2026-08-12T22:46:27.408+0000] {logging_mixin.py:190} INFO - [2026-08-12T22:46:27.408+0000] {dag.py:3211} INFO - Sync 1 DAGs
[2026-08-12T22:46:27.626+0000] {logging_mixin.py:190} INFO - [2026-08-12T22:46:27.626+0000] {dag.py:4138} INFO - Setting next_dagrun for dag_dia to 2026-08-11 00:00:00+00:00, run_after=2026-08-12 00:00:00+00:00
[2026-08-12T22:46:27.672+0000] {processor.py:208} INFO - Processing /opt/airflow/dags/dag_dia.py took 0.344 seconds
[2026-08-12T22:46:58.152+0000] {processor.py:186} INFO - Started process (PID=589) to work on /opt/airflow/dags/dag_dia.py
[2026-08-12T22:46:58.155+0000] {processor.py:914} INFO - Processing file /opt/airflow/dags/dag_dia.py for tasks to queue
[2026-08-12T22:46:58.160+0000] {logging_mixin.py:190} INFO - [2026-08-12T22:46:58.160+0000] {dagbag.py:587} INFO - Filling up the DagBag from /opt/airflow/dags/dag_dia.py
[2026-08-12T22:46:58.204+0000] {processor.py:925} INFO - DAG(s) 'dag_dia' retrieved from /opt/airflow/dags/dag_dia.py
[2026-08-12T22:46:58.250+0000] {logging_mixin.py:190} INFO - [2026-08-12T22:46:58.249+0000] {dag.py:3211} INFO - Sync 1 DAGs
[2026-08-12T22:46:58.510+0000] {logging_mixin.py:190} INFO - [2026-08-12T22:46:58.510+0000] {dag.py:4138} INFO - Setting next_dagrun for dag_dia to 2026-08-11 00:00:00+00:00, run_after=2026-08-12 00:00:00+00:00
[2026-08-12T22:46:58.559+0000] {processor.py:208} INFO - Processing /opt/airflow/dags/dag_dia.py took 0.416 seconds
[2026-08-12T22:47:28.946+0000] {processor.py:186} INFO - Started process (PID=598) to work on /opt/airflow/dags/dag_dia.py
[2026-08-12T22:47:28.948+0000] {processor.py:914} INFO - Processing file /opt/airflow/dags/dag_dia.py for tasks to queue
[2026-08-12T22:47:28.954+0000] {logging_mixin.py:190} INFO - [2026-08-12T22:47:28.953+0000] {dagbag.py:587} INFO - Filling up the DagBag from /opt/airflow/dags/dag_dia.py
[2026-08-12T22:47:28.997+0000] {processor.py:925} INFO - DAG(s) 'dag_dia' retrieved from /opt/airflow/dags/dag_dia.py
[2026-08-12T22:47:29.244+0000] {logging_mixin.py:190} INFO - [2026-08-12T22:47:29.244+0000] {dag.py:3211} INFO - Sync 1 DAGs
[2026-08-12T22:47:29.275+0000] {logging_mixin.py:190} INFO - [2026-08-12T22:47:29.274+0000] {dag.py:4138} INFO - Setting next_dagrun for dag_dia to 2026-08-11 00:00:00+00:00, run_after=2026-08-12 00:00:00+00:00
[2026-08-12T22:47:29.300+0000] {processor.py:208} INFO - Processing /opt/airflow/dags/dag_dia.py took 0.365 seconds
[2026-08-12T22:48:00.223+0000] {processor.py:186} INFO - Started process (PID=609) to work on /opt/airflow/dags/dag_dia.py
[2026-08-12T22:48:00.224+0000] {processor.py:914} INFO - Processing file /opt/airflow/dags/dag_dia.py for tasks to queue
[2026-08-12T22:48:00.229+0000] {logging_mixin.py:190} INFO - [2026-08-12T22:48:00.229+0000] {dagbag.py:587} INFO - Filling up the DagBag from /opt/airflow/dags/dag_dia.py
[2026-08-12T22:48:00.269+0000] {processor.py:925} INFO - DAG(s) 'dag_dia' retrieved from /opt/airflow/dags/dag_dia.py
[2026-08-12T22:48:00.324+0000] {logging_mixin.py:190} INFO - [2026-08-12T22:48:00.323+0000] {dag.py:3211} INFO - Sync 1 DAGs
[2026-08-12T22:48:00.356+0000] {logging_mixin.py:190} INFO - [2026-08-12T22:48:00.356+0000] {dag.py:4138} INFO - Setting next_dagrun for dag_dia to 2026-08-11 00:00:00+00:00, run_after=2026-08-12 00:00:00+00:00
[2026-08-12T22:48:00.391+0000] {processor.py:208} INFO - Processing /opt/airflow/dags/dag_dia.py took 0.176 seconds
[2026-08-12T22:48:30.481+0000] {processor.py:186} INFO - Started process (PID=619) to work on /opt/airflow/dags/dag_dia.py
[2026-08-12T22:48:30.484+0000] {processor.py:914} INFO - Processing file /opt/airflow/dags/dag_dia.py for tasks to queue
[2026-08-12T22:48:30.489+0000] {logging_mixin.py:190} INFO - [2026-08-12T22:48:30.488+0000] {dagbag.py:587} INFO - Filling up the DagBag from /opt/airflow/dags/dag_dia.py
[2026-08-12T22:48:30.546+0000] {processor.py:925} INFO - DAG(s) 'dag_dia' retrieved from /opt/airflow/dags/dag_dia.py
[2026-08-12T22:48:30.606+0000] {logging_mixin.py:190} INFO - [2026-08-12T22:48:30.606+0000] {dag.py:3211} INFO - Sync 1 DAGs
[2026-08-12T22:48:30.667+0000] {logging_mixin.py:190} INFO - [2026-08-12T22:48:30.666+0000] {dag.py:4138} INFO - Setting next_dagrun for dag_dia to 2026-08-11 00:00:00+00:00, run_after=2026-08-12 00:00:00+00:00
[2026-08-12T22:48:30.704+0000] {processor.py:208} INFO - Processing /opt/airflow/dags/dag_dia.py took 0.234 seconds
[2026-08-12T22:49:00.896+0000] {processor.py:186} INFO - Started process (PID=629) to work on /opt/airflow/dags/dag_dia.py
[2026-08-12T22:49:00.902+0000] {processor.py:914} INFO - Processing file /opt/airflow/dags/dag_dia.py for tasks to queue
[2026-08-12T22:49:00.917+0000] {logging_mixin.py:190} INFO - [2026-08-12T22:49:00.915+0000] {dagbag.py:587} INFO - Filling up the DagBag from /opt/airflow/dags/dag_dia.py
[2026-08-12T22:49:01.062+0000] {processor.py:925} INFO - DAG(s) 'dag_dia' retrieved from /opt/airflow/dags/dag_dia.py
[2026-08-12T22:49:01.289+0000] {logging_mixin.py:190} INFO - [2026-08-12T22:49:01.287+0000] {dag.py:3211} INFO - Sync 1 DAGs
[2026-08-12T22:49:01.465+0000] {logging_mixin.py:190} INFO - [2026-08-12T22:49:01.458+0000] {dag.py:4138} INFO - Setting next_dagrun for dag_dia to 2026-08-11 00:00:00+00:00, run_after=2026-08-12 00:00:00+00:00
[2026-08-12T22:49:02.380+0000] {processor.py:208} INFO - Processing /opt/airflow/dags/dag_dia.py took 1.517 seconds
[2026-08-12T22:49:32.712+0000] {processor.py:186} INFO - Started process (PID=632) to work on /opt/airflow/dags/dag_dia.py
[2026-08-12T22:49:32.716+0000] {processor.py:914} INFO - Processing file /opt/airflow/dags/dag_dia.py for tasks to queue
[2026-08-12T22:49:32.728+0000] {logging_mixin.py:190} INFO - [2026-08-12T22:49:32.727+0000] {dagbag.py:587} INFO - Filling up the DagBag from /opt/airflow/dags/dag_dia.py
[2026-08-12T22:49:32.864+0000] {processor.py:925} INFO - DAG(s) 'dag_dia' retrieved from /opt/airflow/dags/dag_dia.py
[2026-08-12T22:49:32.972+0000] {logging_mixin.py:190} INFO - [2026-08-12T22:49:32.971+0000] {dag.py:3211} INFO - Sync 1 DAGs
[2026-08-12T22:49:33.386+0000] {logging_mixin.py:190} INFO - [2026-08-12T22:49:33.386+0000] {dag.py:4138} INFO - Setting next_dagrun for dag_dia to 2026-08-11 00:00:00+00:00, run_after=2026-08-12 00:00:00+00:00
[2026-08-12T22:49:33.469+0000] {processor.py:208} INFO - Processing /opt/airflow/dags/dag_dia.py took 0.773 seconds
[2026-08-12T22:50:03.623+0000] {processor.py:186} INFO - Started process (PID=642) to work on /opt/airflow/dags/dag_dia.py
[2026-08-12T22:50:03.624+0000] {processor.py:914} INFO - Processing file /opt/airflow/dags/dag_dia.py for tasks to queue
[2026-08-12T22:50:03.626+0000] {logging_mixin.py:190} INFO - [2026-08-12T22:50:03.626+0000] {dagbag.py:587} INFO - Filling up the DagBag from /opt/airflow/dags/dag_dia.py
[2026-08-12T22:50:03.649+0000] {processor.py:925} INFO - DAG(s) 'dag_dia' retrieved from /opt/airflow/dags/dag_dia.py
[2026-08-12T22:50:03.673+0000] {logging_mixin.py:190} INFO - [2026-08-12T22:50:03.672+0000] {dag.py:3211} INFO - Sync 1 DAGs
[2026-08-12T22:50:03.818+0000] {logging_mixin.py:190} INFO - [2026-08-12T22:50:03.818+0000] {dag.py:4138} INFO - Setting next_dagrun for dag_dia to 2026-08-11 00:00:00+00:00, run_after=2026-08-12 00:00:00+00:00
[2026-08-12T22:50:03.836+0000] {processor.py:208} INFO - Processing /opt/airflow/dags/dag_dia.py took 0.219 seconds
[2026-08-12T22:50:34.072+0000] {processor.py:186} INFO - Started process (PID=652) to work on /opt/airflow/dags/dag_dia.py
[2026-08-12T22:50:34.074+0000] {processor.py:914} INFO - Processing file /opt/airflow/dags/dag_dia.py for tasks to queue
[2026-08-12T22:50:34.078+0000] {logging_mixin.py:190} INFO - [2026-08-12T22:50:34.078+0000] {dagbag.py:587} INFO - Filling up the DagBag from /opt/airflow/dags/dag_dia.py
[2026-08-12T22:50:34.119+0000] {processor.py:925} INFO - DAG(s) 'dag_dia' retrieved from /opt/airflow/dags/dag_dia.py
[2026-08-12T22:50:34.158+0000] {logging_mixin.py:190} INFO - [2026-08-12T22:50:34.157+0000] {dag.py:3211} INFO - Sync 1 DAGs
[2026-08-12T22:50:34.187+0000] {logging_mixin.py:190} INFO - [2026-08-12T22:50:34.187+0000] {dag.py:4138} INFO - Setting next_dagrun for dag_dia to 2026-08-11 00:00:00+00:00, run_after=2026-08-12 00:00:00+00:00
[2026-08-12T22:50:34.228+0000] {processor.py:208} INFO - Processing /opt/airflow/dags/dag_dia.py took 0.163 seconds
[2026-08-12T22:51:04.370+0000] {processor.py:186} INFO - Started process (PID=662) to work on /opt/airflow/dags/dag_dia.py
[2026-08-12T22:51:04.371+0000] {processor.py:914} INFO - Processing file /opt/airflow/dags/dag_dia.py for tasks to queue
[2026-08-12T22:51:04.373+0000] {logging_mixin.py:190} INFO - [2026-08-12T22:51:04.373+0000] {dagbag.py:587} INFO - Filling up the DagBag from /opt/airflow/dags/dag_dia.py
[2026-08-12T22:51:04.403+0000] {processor.py:925} INFO - DAG(s) 'dag_dia' retrieved from /opt/airflow/dags/dag_dia.py
[2026-08-12T22:51:04.427+0000] {logging_mixin.py:190} INFO - [2026-08-12T22:51:04.427+0000] {dag.py:3211} INFO - Sync 1 DAGs
[2026-08-12T22:51:04.447+0000] {logging_mixin.py:190} INFO - [2026-08-12T22:51:04.447+0000] {dag.py:4138} INFO - Setting next_dagrun for dag_dia to 2026-08-11 00:00:00+00:00, run_after=2026-08-12 00:00:00+00:00
[2026-08-12T22:51:04.466+0000] {processor.py:208} INFO - Processing /opt/airflow/dags/dag_dia.py took 0.101 seconds
[2026-08-12T22:51:34.812+0000] {processor.py:186} INFO - Started process (PID=672) to work on /opt/airflow/dags/dag_dia.py
[2026-08-12T22:51:34.813+0000] {processor.py:914} INFO - Processing file /opt/airflow/dags/dag_dia.py for tasks to queue
[2026-08-12T22:51:34.816+0000] {logging_mixin.py:190} INFO - [2026-08-12T22:51:34.815+0000] {dagbag.py:587} INFO - Filling up the DagBag from /opt/airflow/dags/dag_dia.py
[2026-08-12T22:51:34.841+0000] {processor.py:925} INFO - DAG(s) 'dag_dia' retrieved from /opt/airflow/dags/dag_dia.py
[2026-08-12T22:51:34.865+0000] {logging_mixin.py:190} INFO - [2026-08-12T22:51:34.865+0000] {dag.py:3211} INFO - Sync 1 DAGs
[2026-08-12T22:51:34.886+0000] {logging_mixin.py:190} INFO - [2026-08-12T22:51:34.886+0000] {dag.py:4138} INFO - Setting next_dagrun for dag_dia to 2026-08-11 00:00:00+00:00, run_after=2026-08-12 00:00:00+00:00
[2026-08-12T22:51:34.923+0000] {processor.py:208} INFO - Processing /opt/airflow/dags/dag_dia.py took 0.116 seconds
[2026-08-12T22:52:05.307+0000] {processor.py:186} INFO - Started process (PID=683) to work on /opt/airflow/dags/dag_dia.py
[2026-08-12T22:52:05.309+0000] {processor.py:914} INFO - Processing file /opt/airflow/dags/dag_dia.py for tasks to queue
[2026-08-12T22:52:05.311+0000] {logging_mixin.py:190} INFO - [2026-08-12T22:52:05.311+0000] {dagbag.py:587} INFO - Filling up the DagBag from /opt/airflow/dags/dag_dia.py
[2026-08-12T22:52:05.342+0000] {processor.py:925} INFO - DAG(s) 'dag_dia' retrieved from /opt/airflow/dags/dag_dia.py
[2026-08-12T22:52:05.369+0000] {logging_mixin.py:190} INFO - [2026-08-12T22:52:05.368+0000] {dag.py:3211} INFO - Sync 1 DAGs
[2026-08-12T22:52:05.398+0000] {logging_mixin.py:190} INFO - [2026-08-12T22:52:05.397+0000] {dag.py:4138} INFO - Setting next_dagrun for dag_dia to 2026-08-11 00:00:00+00:00, run_after=2026-08-12 00:00:00+00:00
[2026-08-12T22:52:05.567+0000] {processor.py:208} INFO - Processing /opt/airflow/dags/dag_dia.py took 0.264 seconds
[2026-08-12T22:52:35.945+0000] {processor.py:186} INFO - Started process (PID=693) to work on /opt/airflow/dags/dag_dia.py
[2026-08-12T22:52:35.946+0000] {processor.py:914} INFO - Processing file /opt/airflow/dags/dag_dia.py for tasks to queue
[2026-08-12T22:52:35.948+0000] {logging_mixin.py:190} INFO - [2026-08-12T22:52:35.948+0000] {dagbag.py:587} INFO - Filling up the DagBag from /opt/airflow/dags/dag_dia.py
[2026-08-12T22:52:35.965+0000] {processor.py:925} INFO - DAG(s) 'dag_dia' retrieved from /opt/airflow/dags/dag_dia.py
[2026-08-12T22:52:35.988+0000] {logging_mixin.py:190} INFO - [2026-08-12T22:52:35.988+0000] {dag.py:3211} INFO - Sync 1 DAGs
[2026-08-12T22:52:36.139+0000] {logging_mixin.py:190} INFO - [2026-08-12T22:52:36.139+0000] {dag.py:4138} INFO - Setting next_dagrun for dag_dia to 2026-08-11 00:00:00+00:00, run_after=2026-08-12 00:00:00+00:00
[2026-08-12T22:52:36.175+0000] {processor.py:208} INFO - Processing /opt/airflow/dags/dag_dia.py took 0.235 seconds
[2026-08-12T22:53:06.893+0000] {processor.py:186} INFO - Started process (PID=703) to work on /opt/airflow/dags/dag_dia.py
[2026-08-12T22:53:06.894+0000] {processor.py:914} INFO - Processing file /opt/airflow/dags/dag_dia.py for tasks to queue
[2026-08-12T22:53:06.896+0000] {logging_mixin.py:190} INFO - [2026-08-12T22:53:06.896+0000] {dagbag.py:587} INFO - Filling up the DagBag from /opt/airflow/dags/dag_dia.py
[2026-08-12T22:53:06.924+0000] {processor.py:925} INFO - DAG(s) 'dag_dia' retrieved from /opt/airflow/dags/dag_dia.py
[2026-08-12T22:53:07.089+0000] {logging_mixin.py:190} INFO - [2026-08-12T22:53:07.088+0000] {dag.py:3211} INFO - Sync 1 DAGs
[2026-08-12T22:53:07.111+0000] {logging_mixin.py:190} INFO - [2026-08-12T22:53:07.111+0000] {dag.py:4138} INFO - Setting next_dagrun for dag_dia to 2026-08-11 00:00:00+00:00, run_after=2026-08-12 00:00:00+00:00
[2026-08-12T22:53:07.146+0000] {processor.py:208} INFO - Processing /opt/airflow/dags/dag_dia.py took 0.259 seconds
[2026-08-12T22:53:37.500+0000] {processor.py:186} INFO - Started process (PID=713) to work on /opt/airflow/dags/dag_dia.py
[2026-08-12T22:53:37.502+0000] {processor.py:914} INFO - Processing file /opt/airflow/dags/dag_dia.py for tasks to queue
[2026-08-12T22:53:37.504+0000] {logging_mixin.py:190} INFO - [2026-08-12T22:53:37.504+0000] {dagbag.py:587} INFO - Filling up the DagBag from /opt/airflow/dags/dag_dia.py
[2026-08-12T22:53:37.532+0000] {processor.py:925} INFO - DAG(s) 'dag_dia' retrieved from /opt/airflow/dags/dag_dia.py
[2026-08-12T22:53:37.554+0000] {logging_mixin.py:190} INFO - [2026-08-12T22:53:37.553+0000] {dag.py:3211} INFO - Sync 1 DAGs
[2026-08-12T22:53:37.570+0000] {logging_mixin.py:190} INFO - [2026-08-12T22:53:37.570+0000] {dag.py:4138} INFO - Setting next_dagrun for dag_dia to 2026-08-11 00:00:00+00:00, run_after=2026-08-12 00:00:00+00:00
[2026-08-12T22:53:37.605+0000] {processor.py:208} INFO - Processing /opt/airflow/dags/dag_dia.py took 0.110 seconds
[2026-08-12T22:54:07.992+0000] {processor.py:186} INFO - Started process (PID=723) to work on /opt/airflow/dags/dag_dia.py
[2026-08-12T22:54:07.994+0000] {processor.py:914} INFO - Processing file /opt/airflow/dags/dag_dia.py for tasks to queue
[2026-08-12T22:54:08.001+0000] {logging_mixin.py:190} INFO - [2026-08-12T22:54:08.001+0000] {dagbag.py:587} INFO - Filling up the DagBag from /opt/airflow/dags/dag_dia.py
[2026-08-12T22:54:08.043+0000] {processor.py:925} INFO - DAG(s) 'dag_dia' retrieved from /opt/airflow/dags/dag_dia.py
[2026-08-12T22:54:08.103+0000] {logging_mixin.py:190} INFO - [2026-08-12T22:54:08.103+0000] {dag.py:3211} INFO - Sync 1 DAGs
[2026-08-12T22:54:08.152+0000] {logging_mixin.py:190} INFO - [2026-08-12T22:54:08.152+0000] {dag.py:4138} INFO - Setting next_dagrun for dag_dia to 2026-08-11 00:00:00+00:00, run_after=2026-08-12 00:00:00+00:00
[2026-08-12T22:54:08.185+0000] {processor.py:208} INFO - Processing /opt/airflow/dags/dag_dia.py took 0.202 seconds
[2026-08-12T22:54:38.709+0000] {processor.py:186} INFO - Started process (PID=733) to work on /opt/airflow/dags/dag_dia.py
[2026-08-12T22:54:38.717+0000] {processor.py:914} INFO - Processing file /opt/airflow/dags/dag_dia.py for tasks to queue
[2026-08-12T22:54:38.732+0000] {logging_mixin.py:190} INFO - [2026-08-12T22:54:38.730+0000] {dagbag.py:587} INFO - Filling up the DagBag from /opt/airflow/dags/dag_dia.py
[2026-08-12T22:54:38.832+0000] {processor.py:925} INFO - DAG(s) 'dag_dia' retrieved from /opt/airflow/dags/dag_dia.py
[2026-08-12T22:54:38.964+0000] {logging_mixin.py:190} INFO - [2026-08-12T22:54:38.963+0000] {dag.py:3211} INFO - Sync 1 DAGs
[2026-08-12T22:54:39.065+0000] {logging_mixin.py:190} INFO - [2026-08-12T22:54:39.064+0000] {dag.py:4138} INFO - Setting next_dagrun for dag_dia to 2026-08-11 00:00:00+00:00, run_after=2026-08-12 00:00:00+00:00
[2026-08-12T22:54:39.580+0000] {processor.py:208} INFO - Processing /opt/airflow/dags/dag_dia.py took 0.908 seconds
[2026-08-12T22:55:10.025+0000] {processor.py:186} INFO - Started process (PID=736) to work on /opt/airflow/dags/dag_dia.py
[2026-08-12T22:55:10.028+0000] {processor.py:914} INFO - Processing file /opt/airflow/dags/dag_dia.py for tasks to queue
[2026-08-12T22:55:10.034+0000] {logging_mixin.py:190} INFO - [2026-08-12T22:55:10.033+0000] {dagbag.py:587} INFO - Filling up the DagBag from /opt/airflow/dags/dag_dia.py
[2026-08-12T22:55:10.102+0000] {processor.py:925} INFO - DAG(s) 'dag_dia' retrieved from /opt/airflow/dags/dag_dia.py
[2026-08-12T22:55:10.171+0000] {logging_mixin.py:190} INFO - [2026-08-12T22:55:10.171+0000] {dag.py:3211} INFO - Sync 1 DAGs
[2026-08-12T22:55:10.742+0000] {logging_mixin.py:190} INFO - [2026-08-12T22:55:10.741+0000] {dag.py:4138} INFO - Setting next_dagrun for dag_dia to 2026-08-11 00:00:00+00:00, run_after=2026-08-12 00:00:00+00:00
[2026-08-12T22:55:10.811+0000] {processor.py:208} INFO - Processing /opt/airflow/dags/dag_dia.py took 0.798 seconds
[2026-08-12T22:55:41.283+0000] {processor.py:186} INFO - Started process (PID=746) to work on /opt/airflow/dags/dag_dia.py
[2026-08-12T22:55:41.287+0000] {processor.py:914} INFO - Processing file /opt/airflow/dags/dag_dia.py for tasks to queue
[2026-08-12T22:55:41.295+0000] {logging_mixin.py:190} INFO - [2026-08-12T22:55:41.294+0000] {dagbag.py:587} INFO - Filling up the DagBag from /opt/airflow/dags/dag_dia.py
[2026-08-12T22:55:41.367+0000] {processor.py:925} INFO - DAG(s) 'dag_dia' retrieved from /opt/airflow/dags/dag_dia.py
[2026-08-12T22:55:41.458+0000] {logging_mixin.py:190} INFO - [2026-08-12T22:55:41.457+0000] {dag.py:3211} INFO - Sync 1 DAGs
[2026-08-12T22:55:41.925+0000] {logging_mixin.py:190} INFO - [2026-08-12T22:55:41.924+0000] {dag.py:4138} INFO - Setting next_dagrun for dag_dia to 2026-08-11 00:00:00+00:00, run_after=2026-08-12 00:00:00+00:00
[2026-08-12T22:55:41.991+0000] {processor.py:208} INFO - Processing /opt/airflow/dags/dag_dia.py took 0.734 seconds
[2026-08-12T22:56:12.329+0000] {processor.py:186} INFO - Started process (PID=757) to work on /opt/airflow/dags/dag_dia.py
[2026-08-12T22:56:12.332+0000] {processor.py:914} INFO - Processing file /opt/airflow/dags/dag_dia.py for tasks to queue
[2026-08-12T22:56:12.343+0000] {logging_mixin.py:190} INFO - [2026-08-12T22:56:12.341+0000] {dagbag.py:587} INFO - Filling up the DagBag from /opt/airflow/dags/dag_dia.py
[2026-08-12T22:56:12.415+0000] {processor.py:925} INFO - DAG(s) 'dag_dia' retrieved from /opt/airflow/dags/dag_dia.py
[2026-08-12T22:56:12.794+0000] {logging_mixin.py:190} INFO - [2026-08-12T22:56:12.793+0000] {dag.py:3211} INFO - Sync 1 DAGs
[2026-08-12T22:56:12.854+0000] {logging_mixin.py:190} INFO - [2026-08-12T22:56:12.853+0000] {dag.py:4138} INFO - Setting next_dagrun for dag_dia to 2026-08-11 00:00:00+00:00, run_after=2026-08-12 00:00:00+00:00
[2026-08-12T22:56:12.894+0000] {processor.py:208} INFO - Processing /opt/airflow/dags/dag_dia.py took 0.583 seconds
[2026-08-12T22:56:43.008+0000] {processor.py:186} INFO - Started process (PID=768) to work on /opt/airflow/dags/dag_dia.py
[2026-08-12T22:56:43.010+0000] {processor.py:914} INFO - Processing file /opt/airflow/dags/dag_dia.py for tasks to queue
[2026-08-12T22:56:43.015+0000] {logging_mixin.py:190} INFO - [2026-08-12T22:56:43.015+0000] {dagbag.py:587} INFO - Filling up the DagBag from /opt/airflow/dags/dag_dia.py
[2026-08-12T22:56:43.055+0000] {processor.py:925} INFO - DAG(s) 'dag_dia' retrieved from /opt/airflow/dags/dag_dia.py
[2026-08-12T22:56:43.104+0000] {logging_mixin.py:190} INFO - [2026-08-12T22:56:43.104+0000] {dag.py:3211} INFO - Sync 1 DAGs
[2026-08-12T22:56:43.142+0000] {logging_mixin.py:190} INFO - [2026-08-12T22:56:43.142+0000] {dag.py:4138} INFO - Setting next_dagrun for dag_dia to 2026-08-11 00:00:00+00:00, run_after=2026-08-12 00:00:00+00:00
[2026-08-12T22:56:43.172+0000] {processor.py:208} INFO - Processing /opt/airflow/dags/dag_dia.py took 0.174 seconds
[2026-08-12T22:57:13.576+0000] {processor.py:186} INFO - Started process (PID=778) to work on /opt/airflow/dags/dag_dia.py
[2026-08-12T22:57:13.579+0000] {processor.py:914} INFO - Processing file /opt/airflow/dags/dag_dia.py for tasks to queue
[2026-08-12T22:57:13.585+0000] {logging_mixin.py:190} INFO - [2026-08-12T22:57:13.584+0000] {dagbag.py:587} INFO - Filling up the DagBag from /opt/airflow/dags/dag_dia.py
[2026-08-12T22:57:13.637+0000] {processor.py:925} INFO - DAG(s) 'dag_dia' retrieved from /opt/airflow/dags/dag_dia.py
[2026-08-12T22:57:13.701+0000] {logging_mixin.py:190} INFO - [2026-08-12T22:57:13.700+0000] {dag.py:3211} INFO - Sync 1 DAGs
[2026-08-12T22:57:13.757+0000] {logging_mixin.py:190} INFO - [2026-08-12T22:57:13.757+0000] {dag.py:4138} INFO - Setting next_dagrun for dag_dia to 2026-08-11 00:00:00+00:00, run_after=2026-08-12 00:00:00+00:00
[2026-08-12T22:57:13.810+0000] {processor.py:208} INFO - Processing /opt/airflow/dags/dag_dia.py took 0.252 seconds
[2026-08-12T22:57:44.735+0000] {processor.py:186} INFO - Started process (PID=788) to work on /opt/airflow/dags/dag_dia.py
[2026-08-12T22:57:44.739+0000] {processor.py:914} INFO - Processing file /opt/airflow/dags/dag_dia.py for tasks to queue
[2026-08-12T22:57:44.748+0000] {logging_mixin.py:190} INFO - [2026-08-12T22:57:44.747+0000] {dagbag.py:587} INFO - Filling up the DagBag from /opt/airflow/dags/dag_dia.py
[2026-08-12T22:57:44.810+0000] {processor.py:925} INFO - DAG(s) 'dag_dia' retrieved from /opt/airflow/dags/dag_dia.py
[2026-08-12T22:57:44.875+0000] {logging_mixin.py:190} INFO - [2026-08-12T22:57:44.874+0000] {dag.py:3211} INFO - Sync 1 DAGs
[2026-08-12T22:57:44.930+0000] {logging_mixin.py:190} INFO - [2026-08-12T22:57:44.930+0000] {dag.py:4138} INFO - Setting next_dagrun for dag_dia to 2026-08-11 00:00:00+00:00, run_after=2026-08-12 00:00:00+00:00
[2026-08-12T22:57:45.257+0000] {processor.py:208} INFO - Processing /opt/airflow/dags/dag_dia.py took 0.532 seconds
[2026-08-12T22:58:15.483+0000] {processor.py:186} INFO - Started process (PID=791) to work on /opt/airflow/dags/dag_dia.py
[2026-08-12T22:58:15.487+0000] {processor.py:914} INFO - Processing file /opt/airflow/dags/dag_dia.py for tasks to queue
[2026-08-12T22:58:15.496+0000] {logging_mixin.py:190} INFO - [2026-08-12T22:58:15.495+0000] {dagbag.py:587} INFO - Filling up the DagBag from /opt/airflow/dags/dag_dia.py
[2026-08-12T22:58:15.596+0000] {processor.py:925} INFO - DAG(s) 'dag_dia' retrieved from /opt/airflow/dags/dag_dia.py
[2026-08-12T22:58:15.695+0000] {logging_mixin.py:190} INFO - [2026-08-12T22:58:15.694+0000] {dag.py:3211} INFO - Sync 1 DAGs
[2026-08-12T22:58:16.117+0000] {logging_mixin.py:190} INFO - [2026-08-12T22:58:16.117+0000] {dag.py:4138} INFO - Setting next_dagrun for dag_dia to 2026-08-11 00:00:00+00:00, run_after=2026-08-12 00:00:00+00:00
[2026-08-12T22:58:16.221+0000] {processor.py:208} INFO - Processing /opt/airflow/dags/dag_dia.py took 0.763 seconds
[2026-08-12T22:58:47.541+0000] {processor.py:186} INFO - Started process (PID=801) to work on /opt/airflow/dags/dag_dia.py
[2026-08-12T22:58:47.551+0000] {processor.py:914} INFO - Processing file /opt/airflow/dags/dag_dia.py for tasks to queue
[2026-08-12T22:58:47.581+0000] {logging_mixin.py:190} INFO - [2026-08-12T22:58:47.578+0000] {dagbag.py:587} INFO - Filling up the DagBag from /opt/airflow/dags/dag_dia.py
[2026-08-12T22:58:47.741+0000] {processor.py:925} INFO - DAG(s) 'dag_dia' retrieved from /opt/airflow/dags/dag_dia.py
[2026-08-12T22:58:48.564+0000] {logging_mixin.py:190} INFO - [2026-08-12T22:58:48.563+0000] {dag.py:3211} INFO - Sync 1 DAGs
[2026-08-12T22:58:48.800+0000] {logging_mixin.py:190} INFO - [2026-08-12T22:58:48.799+0000] {dag.py:4138} INFO - Setting next_dagrun for dag_dia to 2026-08-11 00:00:00+00:00, run_after=2026-08-12 00:00:00+00:00
[2026-08-12T22:58:48.959+0000] {processor.py:208} INFO - Processing /opt/airflow/dags/dag_dia.py took 1.511 seconds
[2026-08-12T22:59:19.834+0000] {processor.py:186} INFO - Started process (PID=811) to work on /opt/airflow/dags/dag_dia.py
[2026-08-12T22:59:19.838+0000] {processor.py:914} INFO - Processing file /opt/airflow/dags/dag_dia.py for tasks to queue
[2026-08-12T22:59:19.847+0000] {logging_mixin.py:190} INFO - [2026-08-12T22:59:19.845+0000] {dagbag.py:587} INFO - Filling up the DagBag from /opt/airflow/dags/dag_dia.py
[2026-08-12T22:59:19.950+0000] {processor.py:925} INFO - DAG(s) 'dag_dia' retrieved from /opt/airflow/dags/dag_dia.py
[2026-08-12T22:59:20.055+0000] {logging_mixin.py:190} INFO - [2026-08-12T22:59:20.054+0000] {dag.py:3211} INFO - Sync 1 DAGs
[2026-08-12T22:59:20.128+0000] {logging_mixin.py:190} INFO - [2026-08-12T22:59:20.128+0000] {dag.py:4138} INFO - Setting next_dagrun for dag_dia to 2026-08-11 00:00:00+00:00, run_after=2026-08-12 00:00:00+00:00
[2026-08-12T22:59:20.207+0000] {processor.py:208} INFO - Processing /opt/airflow/dags/dag_dia.py took 0.392 seconds
[2026-08-12T22:59:50.849+0000] {processor.py:186} INFO - Started process (PID=821) to work on /opt/airflow/dags/dag_dia.py
[2026-08-12T22:59:50.853+0000] {processor.py:914} INFO - Processing file /opt/airflow/dags/dag_dia.py for tasks to queue
[2026-08-12T22:59:50.867+0000] {logging_mixin.py:190} INFO - [2026-08-12T22:59:50.865+0000] {dagbag.py:587} INFO - Filling up the DagBag from /opt/airflow/dags/dag_dia.py
[2026-08-12T22:59:50.972+0000] {processor.py:925} INFO - DAG(s) 'dag_dia' retrieved from /opt/airflow/dags/dag_dia.py
[2026-08-12T22:59:51.090+0000] {logging_mixin.py:190} INFO - [2026-08-12T22:59:51.089+0000] {dag.py:3211} INFO - Sync 1 DAGs
[2026-08-12T22:59:51.192+0000] {logging_mixin.py:190} INFO - [2026-08-12T22:59:51.191+0000] {dag.py:4138} INFO - Setting next_dagrun for dag_dia to 2026-08-11 00:00:00+00:00, run_after=2026-08-12 00:00:00+00:00
[2026-08-12T22:59:51.275+0000] {processor.py:208} INFO - Processing /opt/airflow/dags/dag_dia.py took 0.452 seconds
[2026-08-12T23:00:21.755+0000] {processor.py:186} INFO - Started process (PID=831) to work on /opt/airflow/dags/dag_dia.py
[2026-08-12T23:00:21.757+0000] {processor.py:914} INFO - Processing file /opt/airflow/dags/dag_dia.py for tasks to queue
[2026-08-12T23:00:21.760+0000] {logging_mixin.py:190} INFO - [2026-08-12T23:00:21.760+0000] {dagbag.py:587} INFO - Filling up the DagBag from /opt/airflow/dags/dag_dia.py
[2026-08-12T23:00:21.790+0000] {processor.py:925} INFO - DAG(s) 'dag_dia' retrieved from /opt/airflow/dags/dag_dia.py
[2026-08-12T23:00:21.818+0000] {logging_mixin.py:190} INFO - [2026-08-12T23:00:21.817+0000] {dag.py:3211} INFO - Sync 1 DAGs
[2026-08-12T23:00:21.842+0000] {logging_mixin.py:190} INFO - [2026-08-12T23:00:21.841+0000] {dag.py:4138} INFO - Setting next_dagrun for dag_dia to 2026-08-11 00:00:00+00:00, run_after=2026-08-12 00:00:00+00:00
[2026-08-12T23:00:21.865+0000] {processor.py:208} INFO - Processing /opt/airflow/dags/dag_dia.py took 0.117 seconds
[2026-08-12T23:00:52.467+0000] {processor.py:186} INFO - Started process (PID=841) to work on /opt/airflow/dags/dag_dia.py
[2026-08-12T23:00:52.471+0000] {processor.py:914} INFO - Processing file /opt/airflow/dags/dag_dia.py for tasks to queue
[2026-08-12T23:00:52.480+0000] {logging_mixin.py:190} INFO - [2026-08-12T23:00:52.479+0000] {dagbag.py:587} INFO - Filling up the DagBag from /opt/airflow/dags/dag_dia.py
[2026-08-12T23:00:52.582+0000] {processor.py:925} INFO - DAG(s) 'dag_dia' retrieved from /opt/airflow/dags/dag_dia.py
[2026-08-12T23:00:52.716+0000] {logging_mixin.py:190} INFO - [2026-08-12T23:00:52.715+0000] {dag.py:3211} INFO - Sync 1 DAGs
[2026-08-12T23:00:53.689+0000] {logging_mixin.py:190} INFO - [2026-08-12T23:00:53.688+0000] {dag.py:4138} INFO - Setting next_dagrun for dag_dia to 2026-08-11 00:00:00+00:00, run_after=2026-08-12 00:00:00+00:00
[2026-08-12T23:00:53.847+0000] {processor.py:208} INFO - Processing /opt/airflow/dags/dag_dia.py took 1.411 seconds
[2026-08-12T23:01:24.004+0000] {processor.py:186} INFO - Started process (PID=843) to work on /opt/airflow/dags/dag_dia.py
[2026-08-12T23:01:24.006+0000] {processor.py:914} INFO - Processing file /opt/airflow/dags/dag_dia.py for tasks to queue
[2026-08-12T23:01:24.011+0000] {logging_mixin.py:190} INFO - [2026-08-12T23:01:24.010+0000] {dagbag.py:587} INFO - Filling up the DagBag from /opt/airflow/dags/dag_dia.py
[2026-08-12T23:01:24.046+0000] {processor.py:925} INFO - DAG(s) 'dag_dia' retrieved from /opt/airflow/dags/dag_dia.py
[2026-08-12T23:01:24.096+0000] {logging_mixin.py:190} INFO - [2026-08-12T23:01:24.095+0000] {dag.py:3211} INFO - Sync 1 DAGs
[2026-08-12T23:01:24.361+0000] {logging_mixin.py:190} INFO - [2026-08-12T23:01:24.360+0000] {dag.py:4138} INFO - Setting next_dagrun for dag_dia to 2026-08-11 00:00:00+00:00, run_after=2026-08-12 00:00:00+00:00
[2026-08-12T23:01:24.388+0000] {processor.py:208} INFO - Processing /opt/airflow/dags/dag_dia.py took 0.396 seconds
[2026-08-12T23:01:54.719+0000] {processor.py:186} INFO - Started process (PID=853) to work on /opt/airflow/dags/dag_dia.py
[2026-08-12T23:01:54.722+0000] {processor.py:914} INFO - Processing file /opt/airflow/dags/dag_dia.py for tasks to queue
[2026-08-12T23:01:54.728+0000] {logging_mixin.py:190} INFO - [2026-08-12T23:01:54.727+0000] {dagbag.py:587} INFO - Filling up the DagBag from /opt/airflow/dags/dag_dia.py
[2026-08-12T23:01:54.787+0000] {processor.py:925} INFO - DAG(s) 'dag_dia' retrieved from /opt/airflow/dags/dag_dia.py
[2026-08-12T23:01:55.185+0000] {logging_mixin.py:190} INFO - [2026-08-12T23:01:55.184+0000] {dag.py:3211} INFO - Sync 1 DAGs
[2026-08-12T23:01:55.252+0000] {logging_mixin.py:190} INFO - [2026-08-12T23:01:55.251+0000] {dag.py:4138} INFO - Setting next_dagrun for dag_dia to 2026-08-11 00:00:00+00:00, run_after=2026-08-12 00:00:00+00:00
[2026-08-12T23:01:55.308+0000] {processor.py:208} INFO - Processing /opt/airflow/dags/dag_dia.py took 0.603 seconds
[2026-08-12T23:02:25.475+0000] {processor.py:186} INFO - Started process (PID=863) to work on /opt/airflow/dags/dag_dia.py
[2026-08-12T23:02:25.477+0000] {processor.py:914} INFO - Processing file /opt/airflow/dags/dag_dia.py for tasks to queue
[2026-08-12T23:02:25.481+0000] {logging_mixin.py:190} INFO - [2026-08-12T23:02:25.480+0000] {dagbag.py:587} INFO - Filling up the DagBag from /opt/airflow/dags/dag_dia.py
[2026-08-12T23:02:25.523+0000] {processor.py:925} INFO - DAG(s) 'dag_dia' retrieved from /opt/airflow/dags/dag_dia.py
[2026-08-12T23:02:25.567+0000] {logging_mixin.py:190} INFO - [2026-08-12T23:02:25.566+0000] {dag.py:3211} INFO - Sync 1 DAGs
[2026-08-12T23:02:25.600+0000] {logging_mixin.py:190} INFO - [2026-08-12T23:02:25.599+0000] {dag.py:4138} INFO - Setting next_dagrun for dag_dia to 2026-08-11 00:00:00+00:00, run_after=2026-08-12 00:00:00+00:00
[2026-08-12T23:02:25.646+0000] {processor.py:208} INFO - Processing /opt/airflow/dags/dag_dia.py took 0.178 seconds
[2026-08-12T23:02:55.787+0000] {processor.py:186} INFO - Started process (PID=873) to work on /opt/airflow/dags/dag_dia.py
[2026-08-12T23:02:55.789+0000] {processor.py:914} INFO - Processing file /opt/airflow/dags/dag_dia.py for tasks to queue
[2026-08-12T23:02:55.792+0000] {logging_mixin.py:190} INFO - [2026-08-12T23:02:55.792+0000] {dagbag.py:587} INFO - Filling up the DagBag from /opt/airflow/dags/dag_dia.py
[2026-08-12T23:02:55.827+0000] {processor.py:925} INFO - DAG(s) 'dag_dia' retrieved from /opt/airflow/dags/dag_dia.py
[2026-08-12T23:02:55.858+0000] {logging_mixin.py:190} INFO - [2026-08-12T23:02:55.858+0000] {dag.py:3211} INFO - Sync 1 DAGs
[2026-08-12T23:02:55.886+0000] {logging_mixin.py:190} INFO - [2026-08-12T23:02:55.886+0000] {dag.py:4138} INFO - Setting next_dagrun for dag_dia to 2026-08-11 00:00:00+00:00, run_after=2026-08-12 00:00:00+00:00
[2026-08-12T23:02:55.926+0000] {processor.py:208} INFO - Processing /opt/airflow/dags/dag_dia.py took 0.145 seconds
[2026-08-12T23:03:26.340+0000] {processor.py:186} INFO - Started process (PID=884) to work on /opt/airflow/dags/dag_dia.py
[2026-08-12T23:03:26.341+0000] {processor.py:914} INFO - Processing file /opt/airflow/dags/dag_dia.py for tasks to queue
[2026-08-12T23:03:26.343+0000] {logging_mixin.py:190} INFO - [2026-08-12T23:03:26.343+0000] {dagbag.py:587} INFO - Filling up the DagBag from /opt/airflow/dags/dag_dia.py
[2026-08-12T23:03:26.363+0000] {processor.py:925} INFO - DAG(s) 'dag_dia' retrieved from /opt/airflow/dags/dag_dia.py
[2026-08-12T23:03:26.385+0000] {logging_mixin.py:190} INFO - [2026-08-12T23:03:26.385+0000] {dag.py:3211} INFO - Sync 1 DAGs
[2026-08-12T23:03:26.403+0000] {logging_mixin.py:190} INFO - [2026-08-12T23:03:26.403+0000] {dag.py:4138} INFO - Setting next_dagrun for dag_dia to 2026-08-11 00:00:00+00:00, run_after=2026-08-12 00:00:00+00:00
[2026-08-12T23:03:26.554+0000] {processor.py:208} INFO - Processing /opt/airflow/dags/dag_dia.py took 0.219 seconds
[2026-08-12T23:03:57.081+0000] {processor.py:186} INFO - Started process (PID=894) to work on /opt/airflow/dags/dag_dia.py
[2026-08-12T23:03:57.082+0000] {processor.py:914} INFO - Processing file /opt/airflow/dags/dag_dia.py for tasks to queue
[2026-08-12T23:03:57.086+0000] {logging_mixin.py:190} INFO - [2026-08-12T23:03:57.086+0000] {dagbag.py:587} INFO - Filling up the DagBag from /opt/airflow/dags/dag_dia.py
[2026-08-12T23:03:57.119+0000] {processor.py:925} INFO - DAG(s) 'dag_dia' retrieved from /opt/airflow/dags/dag_dia.py
[2026-08-12T23:03:57.157+0000] {logging_mixin.py:190} INFO - [2026-08-12T23:03:57.157+0000] {dag.py:3211} INFO - Sync 1 DAGs
[2026-08-12T23:03:57.355+0000] {logging_mixin.py:190} INFO - [2026-08-12T23:03:57.355+0000] {dag.py:4138} INFO - Setting next_dagrun for dag_dia to 2026-08-11 00:00:00+00:00, run_after=2026-08-12 00:00:00+00:00
[2026-08-12T23:03:57.391+0000] {processor.py:208} INFO - Processing /opt/airflow/dags/dag_dia.py took 0.317 seconds
[2026-08-12T23:04:27.502+0000] {processor.py:186} INFO - Started process (PID=903) to work on /opt/airflow/dags/dag_dia.py
[2026-08-12T23:04:27.502+0000] {processor.py:914} INFO - Processing file /opt/airflow/dags/dag_dia.py for tasks to queue
[2026-08-12T23:04:27.505+0000] {logging_mixin.py:190} INFO - [2026-08-12T23:04:27.505+0000] {dagbag.py:587} INFO - Filling up the DagBag from /opt/airflow/dags/dag_dia.py
[2026-08-12T23:04:27.528+0000] {processor.py:925} INFO - DAG(s) 'dag_dia' retrieved from /opt/airflow/dags/dag_dia.py
[2026-08-12T23:04:27.550+0000] {logging_mixin.py:190} INFO - [2026-08-12T23:04:27.550+0000] {dag.py:3211} INFO - Sync 1 DAGs
[2026-08-12T23:04:27.698+0000] {logging_mixin.py:190} INFO - [2026-08-12T23:04:27.698+0000] {dag.py:4138} INFO - Setting next_dagrun for dag_dia to 2026-08-11 00:00:00+00:00, run_after=2026-08-12 00:00:00+00:00
[2026-08-12T23:04:27.731+0000] {processor.py:208} INFO - Processing /opt/airflow/dags/dag_dia.py took 0.235 seconds
[2026-08-12T23:04:58.331+0000] {processor.py:186} INFO - Started process (PID=913) to work on /opt/airflow/dags/dag_dia.py
[2026-08-12T23:04:58.333+0000] {processor.py:914} INFO - Processing file /opt/airflow/dags/dag_dia.py for tasks to queue
[2026-08-12T23:04:58.336+0000] {logging_mixin.py:190} INFO - [2026-08-12T23:04:58.335+0000] {dagbag.py:587} INFO - Filling up the DagBag from /opt/airflow/dags/dag_dia.py
[2026-08-12T23:04:58.377+0000] {processor.py:925} INFO - DAG(s) 'dag_dia' retrieved from /opt/airflow/dags/dag_dia.py
[2026-08-12T23:04:58.587+0000] {logging_mixin.py:190} INFO - [2026-08-12T23:04:58.586+0000] {dag.py:3211} INFO - Sync 1 DAGs
[2026-08-12T23:04:58.610+0000] {logging_mixin.py:190} INFO - [2026-08-12T23:04:58.610+0000] {dag.py:4138} INFO - Setting next_dagrun for dag_dia to 2026-08-11 00:00:00+00:00, run_after=2026-08-12 00:00:00+00:00
[2026-08-12T23:04:58.646+0000] {processor.py:208} INFO - Processing /opt/airflow/dags/dag_dia.py took 0.320 seconds
[2026-08-12T23:05:29.091+0000] {processor.py:186} INFO - Started process (PID=923) to work on /opt/airflow/dags/dag_dia.py
[2026-08-12T23:05:29.094+0000] {processor.py:914} INFO - Processing file /opt/airflow/dags/dag_dia.py for tasks to queue
[2026-08-12T23:05:29.100+0000] {logging_mixin.py:190} INFO - [2026-08-12T23:05:29.099+0000] {dagbag.py:587} INFO - Filling up the DagBag from /opt/airflow/dags/dag_dia.py
[2026-08-12T23:05:29.150+0000] {processor.py:925} INFO - DAG(s) 'dag_dia' retrieved from /opt/airflow/dags/dag_dia.py
[2026-08-12T23:05:29.198+0000] {logging_mixin.py:190} INFO - [2026-08-12T23:05:29.197+0000] {dag.py:3211} INFO - Sync 1 DAGs
[2026-08-12T23:05:29.234+0000] {logging_mixin.py:190} INFO - [2026-08-12T23:05:29.234+0000] {dag.py:4138} INFO - Setting next_dagrun for dag_dia to 2026-08-11 00:00:00+00:00, run_after=2026-08-12 00:00:00+00:00
[2026-08-12T23:05:29.276+0000] {processor.py:208} INFO - Processing /opt/airflow/dags/dag_dia.py took 0.199 seconds
[2026-08-12T23:05:59.489+0000] {processor.py:186} INFO - Started process (PID=926) to work on /opt/airflow/dags/dag_dia.py
[2026-08-12T23:05:59.491+0000] {processor.py:914} INFO - Processing file /opt/airflow/dags/dag_dia.py for tasks to queue
[2026-08-12T23:05:59.495+0000] {logging_mixin.py:190} INFO - [2026-08-12T23:05:59.494+0000] {dagbag.py:587} INFO - Filling up the DagBag from /opt/airflow/dags/dag_dia.py
[2026-08-12T23:05:59.539+0000] {processor.py:925} INFO - DAG(s) 'dag_dia' retrieved from /opt/airflow/dags/dag_dia.py
[2026-08-12T23:05:59.582+0000] {logging_mixin.py:190} INFO - [2026-08-12T23:05:59.581+0000] {dag.py:3211} INFO - Sync 1 DAGs
[2026-08-12T23:05:59.615+0000] {logging_mixin.py:190} INFO - [2026-08-12T23:05:59.615+0000] {dag.py:4138} INFO - Setting next_dagrun for dag_dia to 2026-08-11 00:00:00+00:00, run_after=2026-08-12 00:00:00+00:00
[2026-08-12T23:05:59.647+0000] {processor.py:208} INFO - Processing /opt/airflow/dags/dag_dia.py took 0.166 seconds
[2026-08-12T23:06:30.320+0000] {processor.py:186} INFO - Started process (PID=936) to work on /opt/airflow/dags/dag_dia.py
[2026-08-12T23:06:30.323+0000] {processor.py:914} INFO - Processing file /opt/airflow/dags/dag_dia.py for tasks to queue
[2026-08-12T23:06:30.328+0000] {logging_mixin.py:190} INFO - [2026-08-12T23:06:30.327+0000] {dagbag.py:587} INFO - Filling up the DagBag from /opt/airflow/dags/dag_dia.py
[2026-08-12T23:06:30.386+0000] {processor.py:925} INFO - DAG(s) 'dag_dia' retrieved from /opt/airflow/dags/dag_dia.py
[2026-08-12T23:06:30.447+0000] {logging_mixin.py:190} INFO - [2026-08-12T23:06:30.446+0000] {dag.py:3211} INFO - Sync 1 DAGs
[2026-08-12T23:06:30.497+0000] {logging_mixin.py:190} INFO - [2026-08-12T23:06:30.496+0000] {dag.py:4138} INFO - Setting next_dagrun for dag_dia to 2026-08-11 00:00:00+00:00, run_after=2026-08-12 00:00:00+00:00
[2026-08-12T23:06:30.886+0000] {processor.py:208} INFO - Processing /opt/airflow/dags/dag_dia.py took 0.579 seconds
[2026-08-12T23:07:01.626+0000] {processor.py:186} INFO - Started process (PID=946) to work on /opt/airflow/dags/dag_dia.py
[2026-08-12T23:07:01.633+0000] {processor.py:914} INFO - Processing file /opt/airflow/dags/dag_dia.py for tasks to queue
[2026-08-12T23:07:01.648+0000] {logging_mixin.py:190} INFO - [2026-08-12T23:07:01.645+0000] {dagbag.py:587} INFO - Filling up the DagBag from /opt/airflow/dags/dag_dia.py
[2026-08-12T23:07:01.800+0000] {processor.py:925} INFO - DAG(s) 'dag_dia' retrieved from /opt/airflow/dags/dag_dia.py
[2026-08-12T23:07:02.073+0000] {logging_mixin.py:190} INFO - [2026-08-12T23:07:02.072+0000] {dag.py:3211} INFO - Sync 1 DAGs
[2026-08-12T23:07:02.893+0000] {logging_mixin.py:190} INFO - [2026-08-12T23:07:02.892+0000] {dag.py:4138} INFO - Setting next_dagrun for dag_dia to 2026-08-11 00:00:00+00:00, run_after=2026-08-12 00:00:00+00:00
[2026-08-12T23:07:02.986+0000] {processor.py:208} INFO - Processing /opt/airflow/dags/dag_dia.py took 1.414 seconds
[2026-08-12T23:07:33.290+0000] {processor.py:186} INFO - Started process (PID=956) to work on /opt/airflow/dags/dag_dia.py
[2026-08-12T23:07:33.295+0000] {processor.py:914} INFO - Processing file /opt/airflow/dags/dag_dia.py for tasks to queue
[2026-08-12T23:07:33.307+0000] {logging_mixin.py:190} INFO - [2026-08-12T23:07:33.305+0000] {dagbag.py:587} INFO - Filling up the DagBag from /opt/airflow/dags/dag_dia.py
[2026-08-12T23:07:33.447+0000] {processor.py:925} INFO - DAG(s) 'dag_dia' retrieved from /opt/airflow/dags/dag_dia.py
[2026-08-12T23:07:34.179+0000] {logging_mixin.py:190} INFO - [2026-08-12T23:07:34.179+0000] {dag.py:3211} INFO - Sync 1 DAGs
[2026-08-12T23:07:34.256+0000] {logging_mixin.py:190} INFO - [2026-08-12T23:07:34.255+0000] {dag.py:4138} INFO - Setting next_dagrun for dag_dia to 2026-08-11 00:00:00+00:00, run_after=2026-08-12 00:00:00+00:00
[2026-08-12T23:07:34.329+0000] {processor.py:208} INFO - Processing /opt/airflow/dags/dag_dia.py took 1.065 seconds
