[2026-08-12T19:32:55.121+0000] {processor.py:186} INFO - Started process (PID=8553) to work on /opt/airflow/dags/dag_lakehouse_pipeline.py
[2026-08-12T19:32:55.124+0000] {processor.py:914} INFO - Processing file /opt/airflow/dags/dag_lakehouse_pipeline.py for tasks to queue
[2026-08-12T19:32:55.127+0000] {logging_mixin.py:190} INFO - [2026-08-12T19:32:55.127+0000] {dagbag.py:587} INFO - Filling up the DagBag from /opt/airflow/dags/dag_lakehouse_pipeline.py
[2026-08-12T19:32:55.190+0000] {processor.py:925} INFO - DAG(s) 'pipeline_lakehouse_medallion' retrieved from /opt/airflow/dags/dag_lakehouse_pipeline.py
[2026-08-12T19:32:55.509+0000] {logging_mixin.py:190} INFO - [2026-08-12T19:32:55.508+0000] {override.py:1858} INFO - Created Permission View: can read on DAG:pipeline_lakehouse_medallion
[2026-08-12T19:32:55.532+0000] {logging_mixin.py:190} INFO - [2026-08-12T19:32:55.531+0000] {override.py:1858} INFO - Created Permission View: can delete on DAG:pipeline_lakehouse_medallion
[2026-08-12T19:32:55.544+0000] {logging_mixin.py:190} INFO - [2026-08-12T19:32:55.544+0000] {override.py:1858} INFO - Created Permission View: can edit on DAG:pipeline_lakehouse_medallion
[2026-08-12T19:32:55.547+0000] {logging_mixin.py:190} INFO - [2026-08-12T19:32:55.546+0000] {dag.py:3211} INFO - Sync 1 DAGs
[2026-08-12T19:32:55.570+0000] {logging_mixin.py:190} INFO - [2026-08-12T19:32:55.569+0000] {dag.py:3234} INFO - Creating ORM DAG for pipeline_lakehouse_medallion
[2026-08-12T19:32:55.572+0000] {logging_mixin.py:190} INFO - [2026-08-12T19:32:55.572+0000] {dag.py:4138} INFO - Setting next_dagrun for pipeline_lakehouse_medallion to None, run_after=None
[2026-08-12T19:32:55.615+0000] {processor.py:208} INFO - Processing /opt/airflow/dags/dag_lakehouse_pipeline.py took 0.505 seconds
[2026-08-12T19:33:26.428+0000] {processor.py:186} INFO - Started process (PID=8565) to work on /opt/airflow/dags/dag_lakehouse_pipeline.py
[2026-08-12T19:33:26.431+0000] {processor.py:914} INFO - Processing file /opt/airflow/dags/dag_lakehouse_pipeline.py for tasks to queue
[2026-08-12T19:33:26.433+0000] {logging_mixin.py:190} INFO - [2026-08-12T19:33:26.433+0000] {dagbag.py:587} INFO - Filling up the DagBag from /opt/airflow/dags/dag_lakehouse_pipeline.py
[2026-08-12T19:33:26.477+0000] {processor.py:925} INFO - DAG(s) 'pipeline_lakehouse_medallion' retrieved from /opt/airflow/dags/dag_lakehouse_pipeline.py
[2026-08-12T19:33:26.529+0000] {logging_mixin.py:190} INFO - [2026-08-12T19:33:26.528+0000] {dag.py:3211} INFO - Sync 1 DAGs
[2026-08-12T19:33:26.551+0000] {logging_mixin.py:190} INFO - [2026-08-12T19:33:26.551+0000] {dag.py:4138} INFO - Setting next_dagrun for pipeline_lakehouse_medallion to None, run_after=None
[2026-08-12T19:33:26.600+0000] {processor.py:208} INFO - Processing /opt/airflow/dags/dag_lakehouse_pipeline.py took 0.184 seconds
[2026-08-12T19:33:57.293+0000] {processor.py:186} INFO - Started process (PID=8576) to work on /opt/airflow/dags/dag_lakehouse_pipeline.py
[2026-08-12T19:33:57.295+0000] {processor.py:914} INFO - Processing file /opt/airflow/dags/dag_lakehouse_pipeline.py for tasks to queue
[2026-08-12T19:33:57.299+0000] {logging_mixin.py:190} INFO - [2026-08-12T19:33:57.298+0000] {dagbag.py:587} INFO - Filling up the DagBag from /opt/airflow/dags/dag_lakehouse_pipeline.py
[2026-08-12T19:33:57.347+0000] {processor.py:925} INFO - DAG(s) 'pipeline_lakehouse_medallion' retrieved from /opt/airflow/dags/dag_lakehouse_pipeline.py
[2026-08-12T19:33:57.414+0000] {logging_mixin.py:190} INFO - [2026-08-12T19:33:57.413+0000] {dag.py:3211} INFO - Sync 1 DAGs
[2026-08-12T19:33:57.438+0000] {logging_mixin.py:190} INFO - [2026-08-12T19:33:57.437+0000] {dag.py:4138} INFO - Setting next_dagrun for pipeline_lakehouse_medallion to None, run_after=None
[2026-08-12T19:33:57.487+0000] {processor.py:208} INFO - Processing /opt/airflow/dags/dag_lakehouse_pipeline.py took 0.203 seconds
[2026-08-12T19:34:28.351+0000] {processor.py:186} INFO - Started process (PID=8586) to work on /opt/airflow/dags/dag_lakehouse_pipeline.py
[2026-08-12T19:34:28.352+0000] {processor.py:914} INFO - Processing file /opt/airflow/dags/dag_lakehouse_pipeline.py for tasks to queue
[2026-08-12T19:34:28.355+0000] {logging_mixin.py:190} INFO - [2026-08-12T19:34:28.354+0000] {dagbag.py:587} INFO - Filling up the DagBag from /opt/airflow/dags/dag_lakehouse_pipeline.py
[2026-08-12T19:34:28.403+0000] {processor.py:925} INFO - DAG(s) 'pipeline_lakehouse_medallion' retrieved from /opt/airflow/dags/dag_lakehouse_pipeline.py
[2026-08-12T19:34:28.465+0000] {logging_mixin.py:190} INFO - [2026-08-12T19:34:28.464+0000] {dag.py:3211} INFO - Sync 1 DAGs
[2026-08-12T19:34:28.496+0000] {logging_mixin.py:190} INFO - [2026-08-12T19:34:28.495+0000] {dag.py:4138} INFO - Setting next_dagrun for pipeline_lakehouse_medallion to None, run_after=None
[2026-08-12T19:34:28.534+0000] {processor.py:208} INFO - Processing /opt/airflow/dags/dag_lakehouse_pipeline.py took 0.192 seconds
[2026-08-12T19:34:59.305+0000] {processor.py:186} INFO - Started process (PID=8597) to work on /opt/airflow/dags/dag_lakehouse_pipeline.py
[2026-08-12T19:34:59.307+0000] {processor.py:914} INFO - Processing file /opt/airflow/dags/dag_lakehouse_pipeline.py for tasks to queue
[2026-08-12T19:34:59.311+0000] {logging_mixin.py:190} INFO - [2026-08-12T19:34:59.310+0000] {dagbag.py:587} INFO - Filling up the DagBag from /opt/airflow/dags/dag_lakehouse_pipeline.py
[2026-08-12T19:34:59.348+0000] {processor.py:925} INFO - DAG(s) 'pipeline_lakehouse_medallion' retrieved from /opt/airflow/dags/dag_lakehouse_pipeline.py
[2026-08-12T19:34:59.394+0000] {logging_mixin.py:190} INFO - [2026-08-12T19:34:59.394+0000] {dag.py:3211} INFO - Sync 1 DAGs
[2026-08-12T19:34:59.414+0000] {logging_mixin.py:190} INFO - [2026-08-12T19:34:59.414+0000] {dag.py:4138} INFO - Setting next_dagrun for pipeline_lakehouse_medallion to None, run_after=None
[2026-08-12T19:34:59.460+0000] {processor.py:208} INFO - Processing /opt/airflow/dags/dag_lakehouse_pipeline.py took 0.165 seconds
[2026-08-12T19:35:30.424+0000] {processor.py:186} INFO - Started process (PID=8608) to work on /opt/airflow/dags/dag_lakehouse_pipeline.py
[2026-08-12T19:35:30.426+0000] {processor.py:914} INFO - Processing file /opt/airflow/dags/dag_lakehouse_pipeline.py for tasks to queue
[2026-08-12T19:35:30.428+0000] {logging_mixin.py:190} INFO - [2026-08-12T19:35:30.428+0000] {dagbag.py:587} INFO - Filling up the DagBag from /opt/airflow/dags/dag_lakehouse_pipeline.py
[2026-08-12T19:35:30.462+0000] {processor.py:925} INFO - DAG(s) 'pipeline_lakehouse_medallion' retrieved from /opt/airflow/dags/dag_lakehouse_pipeline.py
[2026-08-12T19:35:30.504+0000] {logging_mixin.py:190} INFO - [2026-08-12T19:35:30.504+0000] {dag.py:3211} INFO - Sync 1 DAGs
[2026-08-12T19:35:30.526+0000] {logging_mixin.py:190} INFO - [2026-08-12T19:35:30.526+0000] {dag.py:4138} INFO - Setting next_dagrun for pipeline_lakehouse_medallion to None, run_after=None
[2026-08-12T19:35:30.576+0000] {processor.py:208} INFO - Processing /opt/airflow/dags/dag_lakehouse_pipeline.py took 0.161 seconds
[2026-08-12T19:36:01.303+0000] {processor.py:186} INFO - Started process (PID=8619) to work on /opt/airflow/dags/dag_lakehouse_pipeline.py
[2026-08-12T19:36:01.305+0000] {processor.py:914} INFO - Processing file /opt/airflow/dags/dag_lakehouse_pipeline.py for tasks to queue
[2026-08-12T19:36:01.307+0000] {logging_mixin.py:190} INFO - [2026-08-12T19:36:01.307+0000] {dagbag.py:587} INFO - Filling up the DagBag from /opt/airflow/dags/dag_lakehouse_pipeline.py
[2026-08-12T19:36:01.344+0000] {processor.py:925} INFO - DAG(s) 'pipeline_lakehouse_medallion' retrieved from /opt/airflow/dags/dag_lakehouse_pipeline.py
[2026-08-12T19:36:01.386+0000] {logging_mixin.py:190} INFO - [2026-08-12T19:36:01.386+0000] {dag.py:3211} INFO - Sync 1 DAGs
[2026-08-12T19:36:01.406+0000] {logging_mixin.py:190} INFO - [2026-08-12T19:36:01.405+0000] {dag.py:4138} INFO - Setting next_dagrun for pipeline_lakehouse_medallion to None, run_after=None
[2026-08-12T19:36:01.468+0000] {processor.py:208} INFO - Processing /opt/airflow/dags/dag_lakehouse_pipeline.py took 0.174 seconds
[2026-08-12T19:36:32.308+0000] {processor.py:186} INFO - Started process (PID=8630) to work on /opt/airflow/dags/dag_lakehouse_pipeline.py
[2026-08-12T19:36:32.311+0000] {processor.py:914} INFO - Processing file /opt/airflow/dags/dag_lakehouse_pipeline.py for tasks to queue
[2026-08-12T19:36:32.314+0000] {logging_mixin.py:190} INFO - [2026-08-12T19:36:32.313+0000] {dagbag.py:587} INFO - Filling up the DagBag from /opt/airflow/dags/dag_lakehouse_pipeline.py
[2026-08-12T19:36:32.362+0000] {processor.py:925} INFO - DAG(s) 'pipeline_lakehouse_medallion' retrieved from /opt/airflow/dags/dag_lakehouse_pipeline.py
[2026-08-12T19:36:32.432+0000] {logging_mixin.py:190} INFO - [2026-08-12T19:36:32.432+0000] {dag.py:3211} INFO - Sync 1 DAGs
[2026-08-12T19:36:32.461+0000] {logging_mixin.py:190} INFO - [2026-08-12T19:36:32.461+0000] {dag.py:4138} INFO - Setting next_dagrun for pipeline_lakehouse_medallion to None, run_after=None
[2026-08-12T19:36:32.516+0000] {processor.py:208} INFO - Processing /opt/airflow/dags/dag_lakehouse_pipeline.py took 0.216 seconds
[2026-08-12T19:37:03.242+0000] {processor.py:186} INFO - Started process (PID=8641) to work on /opt/airflow/dags/dag_lakehouse_pipeline.py
[2026-08-12T19:37:03.244+0000] {processor.py:914} INFO - Processing file /opt/airflow/dags/dag_lakehouse_pipeline.py for tasks to queue
[2026-08-12T19:37:03.247+0000] {logging_mixin.py:190} INFO - [2026-08-12T19:37:03.246+0000] {dagbag.py:587} INFO - Filling up the DagBag from /opt/airflow/dags/dag_lakehouse_pipeline.py
[2026-08-12T19:37:03.303+0000] {processor.py:925} INFO - DAG(s) 'pipeline_lakehouse_medallion' retrieved from /opt/airflow/dags/dag_lakehouse_pipeline.py
[2026-08-12T19:37:03.361+0000] {logging_mixin.py:190} INFO - [2026-08-12T19:37:03.361+0000] {dag.py:3211} INFO - Sync 1 DAGs
[2026-08-12T19:37:03.387+0000] {logging_mixin.py:190} INFO - [2026-08-12T19:37:03.386+0000] {dag.py:4138} INFO - Setting next_dagrun for pipeline_lakehouse_medallion to None, run_after=None
[2026-08-12T19:37:03.446+0000] {processor.py:208} INFO - Processing /opt/airflow/dags/dag_lakehouse_pipeline.py took 0.216 seconds
[2026-08-12T19:37:34.227+0000] {processor.py:186} INFO - Started process (PID=8652) to work on /opt/airflow/dags/dag_lakehouse_pipeline.py
[2026-08-12T19:37:34.231+0000] {processor.py:914} INFO - Processing file /opt/airflow/dags/dag_lakehouse_pipeline.py for tasks to queue
[2026-08-12T19:37:34.236+0000] {logging_mixin.py:190} INFO - [2026-08-12T19:37:34.235+0000] {dagbag.py:587} INFO - Filling up the DagBag from /opt/airflow/dags/dag_lakehouse_pipeline.py
[2026-08-12T19:37:34.289+0000] {processor.py:925} INFO - DAG(s) 'pipeline_lakehouse_medallion' retrieved from /opt/airflow/dags/dag_lakehouse_pipeline.py
[2026-08-12T19:37:34.350+0000] {logging_mixin.py:190} INFO - [2026-08-12T19:37:34.350+0000] {dag.py:3211} INFO - Sync 1 DAGs
[2026-08-12T19:37:34.376+0000] {logging_mixin.py:190} INFO - [2026-08-12T19:37:34.376+0000] {dag.py:4138} INFO - Setting next_dagrun for pipeline_lakehouse_medallion to None, run_after=None
[2026-08-12T19:37:34.424+0000] {processor.py:208} INFO - Processing /opt/airflow/dags/dag_lakehouse_pipeline.py took 0.216 seconds
[2026-08-12T19:38:04.560+0000] {processor.py:186} INFO - Started process (PID=8656) to work on /opt/airflow/dags/dag_lakehouse_pipeline.py
[2026-08-12T19:38:04.563+0000] {processor.py:914} INFO - Processing file /opt/airflow/dags/dag_lakehouse_pipeline.py for tasks to queue
[2026-08-12T19:38:04.569+0000] {logging_mixin.py:190} INFO - [2026-08-12T19:38:04.568+0000] {dagbag.py:587} INFO - Filling up the DagBag from /opt/airflow/dags/dag_lakehouse_pipeline.py
[2026-08-12T19:38:04.631+0000] {processor.py:925} INFO - DAG(s) 'pipeline_lakehouse_medallion' retrieved from /opt/airflow/dags/dag_lakehouse_pipeline.py
[2026-08-12T19:38:04.698+0000] {logging_mixin.py:190} INFO - [2026-08-12T19:38:04.697+0000] {dag.py:3211} INFO - Sync 1 DAGs
[2026-08-12T19:38:04.721+0000] {logging_mixin.py:190} INFO - [2026-08-12T19:38:04.721+0000] {dag.py:4138} INFO - Setting next_dagrun for pipeline_lakehouse_medallion to None, run_after=None
[2026-08-12T19:38:04.772+0000] {processor.py:208} INFO - Processing /opt/airflow/dags/dag_lakehouse_pipeline.py took 0.229 seconds
[2026-08-12T19:38:34.882+0000] {processor.py:186} INFO - Started process (PID=8667) to work on /opt/airflow/dags/dag_lakehouse_pipeline.py
[2026-08-12T19:38:34.884+0000] {processor.py:914} INFO - Processing file /opt/airflow/dags/dag_lakehouse_pipeline.py for tasks to queue
[2026-08-12T19:38:34.886+0000] {logging_mixin.py:190} INFO - [2026-08-12T19:38:34.886+0000] {dagbag.py:587} INFO - Filling up the DagBag from /opt/airflow/dags/dag_lakehouse_pipeline.py
[2026-08-12T19:38:34.929+0000] {processor.py:925} INFO - DAG(s) 'pipeline_lakehouse_medallion' retrieved from /opt/airflow/dags/dag_lakehouse_pipeline.py
[2026-08-12T19:38:34.977+0000] {logging_mixin.py:190} INFO - [2026-08-12T19:38:34.976+0000] {dag.py:3211} INFO - Sync 1 DAGs
[2026-08-12T19:38:35.003+0000] {logging_mixin.py:190} INFO - [2026-08-12T19:38:35.003+0000] {dag.py:4138} INFO - Setting next_dagrun for pipeline_lakehouse_medallion to None, run_after=None
[2026-08-12T19:38:35.055+0000] {processor.py:208} INFO - Processing /opt/airflow/dags/dag_lakehouse_pipeline.py took 0.183 seconds
[2026-08-12T19:39:05.751+0000] {processor.py:186} INFO - Started process (PID=8678) to work on /opt/airflow/dags/dag_lakehouse_pipeline.py
[2026-08-12T19:39:05.754+0000] {processor.py:914} INFO - Processing file /opt/airflow/dags/dag_lakehouse_pipeline.py for tasks to queue
[2026-08-12T19:39:05.756+0000] {logging_mixin.py:190} INFO - [2026-08-12T19:39:05.756+0000] {dagbag.py:587} INFO - Filling up the DagBag from /opt/airflow/dags/dag_lakehouse_pipeline.py
[2026-08-12T19:39:05.791+0000] {processor.py:925} INFO - DAG(s) 'pipeline_lakehouse_medallion' retrieved from /opt/airflow/dags/dag_lakehouse_pipeline.py
[2026-08-12T19:39:05.834+0000] {logging_mixin.py:190} INFO - [2026-08-12T19:39:05.834+0000] {dag.py:3211} INFO - Sync 1 DAGs
[2026-08-12T19:39:05.852+0000] {logging_mixin.py:190} INFO - [2026-08-12T19:39:05.852+0000] {dag.py:4138} INFO - Setting next_dagrun for pipeline_lakehouse_medallion to None, run_after=None
[2026-08-12T19:39:05.877+0000] {processor.py:208} INFO - Processing /opt/airflow/dags/dag_lakehouse_pipeline.py took 0.134 seconds
[2026-08-12T19:39:36.441+0000] {processor.py:186} INFO - Started process (PID=8689) to work on /opt/airflow/dags/dag_lakehouse_pipeline.py
[2026-08-12T19:39:36.443+0000] {processor.py:914} INFO - Processing file /opt/airflow/dags/dag_lakehouse_pipeline.py for tasks to queue
[2026-08-12T19:39:36.445+0000] {logging_mixin.py:190} INFO - [2026-08-12T19:39:36.445+0000] {dagbag.py:587} INFO - Filling up the DagBag from /opt/airflow/dags/dag_lakehouse_pipeline.py
[2026-08-12T19:39:36.474+0000] {processor.py:925} INFO - DAG(s) 'pipeline_lakehouse_medallion' retrieved from /opt/airflow/dags/dag_lakehouse_pipeline.py
[2026-08-12T19:39:36.505+0000] {logging_mixin.py:190} INFO - [2026-08-12T19:39:36.505+0000] {dag.py:3211} INFO - Sync 1 DAGs
[2026-08-12T19:39:36.536+0000] {logging_mixin.py:190} INFO - [2026-08-12T19:39:36.535+0000] {dag.py:4138} INFO - Setting next_dagrun for pipeline_lakehouse_medallion to None, run_after=None
[2026-08-12T19:39:36.581+0000] {processor.py:208} INFO - Processing /opt/airflow/dags/dag_lakehouse_pipeline.py took 0.146 seconds
[2026-08-12T19:40:07.337+0000] {processor.py:186} INFO - Started process (PID=8700) to work on /opt/airflow/dags/dag_lakehouse_pipeline.py
[2026-08-12T19:40:07.338+0000] {processor.py:914} INFO - Processing file /opt/airflow/dags/dag_lakehouse_pipeline.py for tasks to queue
[2026-08-12T19:40:07.340+0000] {logging_mixin.py:190} INFO - [2026-08-12T19:40:07.340+0000] {dagbag.py:587} INFO - Filling up the DagBag from /opt/airflow/dags/dag_lakehouse_pipeline.py
[2026-08-12T19:40:07.366+0000] {processor.py:925} INFO - DAG(s) 'pipeline_lakehouse_medallion' retrieved from /opt/airflow/dags/dag_lakehouse_pipeline.py
[2026-08-12T19:40:07.394+0000] {logging_mixin.py:190} INFO - [2026-08-12T19:40:07.394+0000] {dag.py:3211} INFO - Sync 1 DAGs
[2026-08-12T19:40:07.407+0000] {logging_mixin.py:190} INFO - [2026-08-12T19:40:07.407+0000] {dag.py:4138} INFO - Setting next_dagrun for pipeline_lakehouse_medallion to None, run_after=None
[2026-08-12T19:40:07.440+0000] {processor.py:208} INFO - Processing /opt/airflow/dags/dag_lakehouse_pipeline.py took 0.109 seconds
[2026-08-12T19:40:37.594+0000] {processor.py:186} INFO - Started process (PID=8711) to work on /opt/airflow/dags/dag_lakehouse_pipeline.py
[2026-08-12T19:40:37.596+0000] {processor.py:914} INFO - Processing file /opt/airflow/dags/dag_lakehouse_pipeline.py for tasks to queue
[2026-08-12T19:40:37.597+0000] {logging_mixin.py:190} INFO - [2026-08-12T19:40:37.597+0000] {dagbag.py:587} INFO - Filling up the DagBag from /opt/airflow/dags/dag_lakehouse_pipeline.py
[2026-08-12T19:40:37.631+0000] {processor.py:925} INFO - DAG(s) 'pipeline_lakehouse_medallion' retrieved from /opt/airflow/dags/dag_lakehouse_pipeline.py
[2026-08-12T19:40:37.671+0000] {logging_mixin.py:190} INFO - [2026-08-12T19:40:37.671+0000] {dag.py:3211} INFO - Sync 1 DAGs
[2026-08-12T19:40:37.691+0000] {logging_mixin.py:190} INFO - [2026-08-12T19:40:37.691+0000] {dag.py:4138} INFO - Setting next_dagrun for pipeline_lakehouse_medallion to None, run_after=None
[2026-08-12T19:40:37.733+0000] {processor.py:208} INFO - Processing /opt/airflow/dags/dag_lakehouse_pipeline.py took 0.145 seconds
[2026-08-12T19:41:08.416+0000] {processor.py:186} INFO - Started process (PID=8722) to work on /opt/airflow/dags/dag_lakehouse_pipeline.py
[2026-08-12T19:41:08.418+0000] {processor.py:914} INFO - Processing file /opt/airflow/dags/dag_lakehouse_pipeline.py for tasks to queue
[2026-08-12T19:41:08.421+0000] {logging_mixin.py:190} INFO - [2026-08-12T19:41:08.420+0000] {dagbag.py:587} INFO - Filling up the DagBag from /opt/airflow/dags/dag_lakehouse_pipeline.py
[2026-08-12T19:41:08.454+0000] {processor.py:925} INFO - DAG(s) 'pipeline_lakehouse_medallion' retrieved from /opt/airflow/dags/dag_lakehouse_pipeline.py
[2026-08-12T19:41:08.506+0000] {logging_mixin.py:190} INFO - [2026-08-12T19:41:08.506+0000] {dag.py:3211} INFO - Sync 1 DAGs
[2026-08-12T19:41:08.527+0000] {logging_mixin.py:190} INFO - [2026-08-12T19:41:08.527+0000] {dag.py:4138} INFO - Setting next_dagrun for pipeline_lakehouse_medallion to None, run_after=None
[2026-08-12T19:41:08.568+0000] {processor.py:208} INFO - Processing /opt/airflow/dags/dag_lakehouse_pipeline.py took 0.160 seconds
[2026-08-12T19:41:39.214+0000] {processor.py:186} INFO - Started process (PID=8733) to work on /opt/airflow/dags/dag_lakehouse_pipeline.py
[2026-08-12T19:41:39.216+0000] {processor.py:914} INFO - Processing file /opt/airflow/dags/dag_lakehouse_pipeline.py for tasks to queue
[2026-08-12T19:41:39.218+0000] {logging_mixin.py:190} INFO - [2026-08-12T19:41:39.218+0000] {dagbag.py:587} INFO - Filling up the DagBag from /opt/airflow/dags/dag_lakehouse_pipeline.py
[2026-08-12T19:41:39.254+0000] {processor.py:925} INFO - DAG(s) 'pipeline_lakehouse_medallion' retrieved from /opt/airflow/dags/dag_lakehouse_pipeline.py
[2026-08-12T19:41:39.304+0000] {logging_mixin.py:190} INFO - [2026-08-12T19:41:39.304+0000] {dag.py:3211} INFO - Sync 1 DAGs
[2026-08-12T19:41:39.322+0000] {logging_mixin.py:190} INFO - [2026-08-12T19:41:39.322+0000] {dag.py:4138} INFO - Setting next_dagrun for pipeline_lakehouse_medallion to None, run_after=None
[2026-08-12T19:41:39.346+0000] {processor.py:208} INFO - Processing /opt/airflow/dags/dag_lakehouse_pipeline.py took 0.141 seconds
[2026-08-12T19:42:10.205+0000] {processor.py:186} INFO - Started process (PID=8744) to work on /opt/airflow/dags/dag_lakehouse_pipeline.py
[2026-08-12T19:42:10.207+0000] {processor.py:914} INFO - Processing file /opt/airflow/dags/dag_lakehouse_pipeline.py for tasks to queue
[2026-08-12T19:42:10.211+0000] {logging_mixin.py:190} INFO - [2026-08-12T19:42:10.209+0000] {dagbag.py:587} INFO - Filling up the DagBag from /opt/airflow/dags/dag_lakehouse_pipeline.py
[2026-08-12T19:42:10.248+0000] {processor.py:925} INFO - DAG(s) 'pipeline_lakehouse_medallion' retrieved from /opt/airflow/dags/dag_lakehouse_pipeline.py
[2026-08-12T19:42:10.290+0000] {logging_mixin.py:190} INFO - [2026-08-12T19:42:10.290+0000] {dag.py:3211} INFO - Sync 1 DAGs
[2026-08-12T19:42:10.312+0000] {logging_mixin.py:190} INFO - [2026-08-12T19:42:10.312+0000] {dag.py:4138} INFO - Setting next_dagrun for pipeline_lakehouse_medallion to None, run_after=None
[2026-08-12T19:42:10.358+0000] {processor.py:208} INFO - Processing /opt/airflow/dags/dag_lakehouse_pipeline.py took 0.161 seconds
[2026-08-12T19:42:41.325+0000] {processor.py:186} INFO - Started process (PID=8755) to work on /opt/airflow/dags/dag_lakehouse_pipeline.py
[2026-08-12T19:42:41.326+0000] {processor.py:914} INFO - Processing file /opt/airflow/dags/dag_lakehouse_pipeline.py for tasks to queue
[2026-08-12T19:42:41.330+0000] {logging_mixin.py:190} INFO - [2026-08-12T19:42:41.329+0000] {dagbag.py:587} INFO - Filling up the DagBag from /opt/airflow/dags/dag_lakehouse_pipeline.py
[2026-08-12T19:42:41.372+0000] {processor.py:925} INFO - DAG(s) 'pipeline_lakehouse_medallion' retrieved from /opt/airflow/dags/dag_lakehouse_pipeline.py
[2026-08-12T19:42:41.418+0000] {logging_mixin.py:190} INFO - [2026-08-12T19:42:41.418+0000] {dag.py:3211} INFO - Sync 1 DAGs
[2026-08-12T19:42:41.441+0000] {logging_mixin.py:190} INFO - [2026-08-12T19:42:41.441+0000] {dag.py:4138} INFO - Setting next_dagrun for pipeline_lakehouse_medallion to None, run_after=None
[2026-08-12T19:42:41.490+0000] {processor.py:208} INFO - Processing /opt/airflow/dags/dag_lakehouse_pipeline.py took 0.175 seconds
[2026-08-12T19:43:11.719+0000] {processor.py:186} INFO - Started process (PID=8759) to work on /opt/airflow/dags/dag_lakehouse_pipeline.py
[2026-08-12T19:43:11.722+0000] {processor.py:914} INFO - Processing file /opt/airflow/dags/dag_lakehouse_pipeline.py for tasks to queue
[2026-08-12T19:43:11.727+0000] {logging_mixin.py:190} INFO - [2026-08-12T19:43:11.726+0000] {dagbag.py:587} INFO - Filling up the DagBag from /opt/airflow/dags/dag_lakehouse_pipeline.py
[2026-08-12T19:43:11.802+0000] {processor.py:925} INFO - DAG(s) 'pipeline_lakehouse_medallion' retrieved from /opt/airflow/dags/dag_lakehouse_pipeline.py
[2026-08-12T19:43:11.912+0000] {logging_mixin.py:190} INFO - [2026-08-12T19:43:11.911+0000] {dag.py:3211} INFO - Sync 1 DAGs
[2026-08-12T19:43:11.963+0000] {logging_mixin.py:190} INFO - [2026-08-12T19:43:11.962+0000] {dag.py:4138} INFO - Setting next_dagrun for pipeline_lakehouse_medallion to None, run_after=None
[2026-08-12T19:43:12.027+0000] {processor.py:208} INFO - Processing /opt/airflow/dags/dag_lakehouse_pipeline.py took 0.323 seconds
[2026-08-12T19:43:42.987+0000] {processor.py:186} INFO - Started process (PID=8770) to work on /opt/airflow/dags/dag_lakehouse_pipeline.py
[2026-08-12T19:43:42.992+0000] {processor.py:914} INFO - Processing file /opt/airflow/dags/dag_lakehouse_pipeline.py for tasks to queue
[2026-08-12T19:43:43.000+0000] {logging_mixin.py:190} INFO - [2026-08-12T19:43:42.998+0000] {dagbag.py:587} INFO - Filling up the DagBag from /opt/airflow/dags/dag_lakehouse_pipeline.py
[2026-08-12T19:43:43.193+0000] {processor.py:925} INFO - DAG(s) 'pipeline_lakehouse_medallion' retrieved from /opt/airflow/dags/dag_lakehouse_pipeline.py
[2026-08-12T19:43:43.384+0000] {logging_mixin.py:190} INFO - [2026-08-12T19:43:43.383+0000] {dag.py:3211} INFO - Sync 1 DAGs
[2026-08-12T19:43:43.465+0000] {logging_mixin.py:190} INFO - [2026-08-12T19:43:43.463+0000] {dag.py:4138} INFO - Setting next_dagrun for pipeline_lakehouse_medallion to None, run_after=None
[2026-08-12T19:43:43.575+0000] {processor.py:208} INFO - Processing /opt/airflow/dags/dag_lakehouse_pipeline.py took 0.645 seconds
[2026-08-12T19:44:14.605+0000] {processor.py:186} INFO - Started process (PID=8781) to work on /opt/airflow/dags/dag_lakehouse_pipeline.py
[2026-08-12T19:44:14.618+0000] {processor.py:914} INFO - Processing file /opt/airflow/dags/dag_lakehouse_pipeline.py for tasks to queue
[2026-08-12T19:44:14.629+0000] {logging_mixin.py:190} INFO - [2026-08-12T19:44:14.627+0000] {dagbag.py:587} INFO - Filling up the DagBag from /opt/airflow/dags/dag_lakehouse_pipeline.py
[2026-08-12T19:44:14.728+0000] {processor.py:925} INFO - DAG(s) 'pipeline_lakehouse_medallion' retrieved from /opt/airflow/dags/dag_lakehouse_pipeline.py
[2026-08-12T19:44:14.855+0000] {logging_mixin.py:190} INFO - [2026-08-12T19:44:14.854+0000] {dag.py:3211} INFO - Sync 1 DAGs
[2026-08-12T19:44:14.922+0000] {logging_mixin.py:190} INFO - [2026-08-12T19:44:14.921+0000] {dag.py:4138} INFO - Setting next_dagrun for pipeline_lakehouse_medallion to None, run_after=None
[2026-08-12T19:44:15.047+0000] {processor.py:208} INFO - Processing /opt/airflow/dags/dag_lakehouse_pipeline.py took 0.511 seconds
[2026-08-12T19:44:45.489+0000] {processor.py:186} INFO - Started process (PID=8792) to work on /opt/airflow/dags/dag_lakehouse_pipeline.py
[2026-08-12T19:44:45.502+0000] {processor.py:914} INFO - Processing file /opt/airflow/dags/dag_lakehouse_pipeline.py for tasks to queue
[2026-08-12T19:44:45.527+0000] {logging_mixin.py:190} INFO - [2026-08-12T19:44:45.514+0000] {dagbag.py:587} INFO - Filling up the DagBag from /opt/airflow/dags/dag_lakehouse_pipeline.py
[2026-08-12T19:44:45.912+0000] {processor.py:925} INFO - DAG(s) 'pipeline_lakehouse_medallion' retrieved from /opt/airflow/dags/dag_lakehouse_pipeline.py
[2026-08-12T19:44:46.492+0000] {logging_mixin.py:190} INFO - [2026-08-12T19:44:46.491+0000] {dag.py:3211} INFO - Sync 1 DAGs
[2026-08-12T19:44:46.647+0000] {logging_mixin.py:190} INFO - [2026-08-12T19:44:46.646+0000] {dag.py:4138} INFO - Setting next_dagrun for pipeline_lakehouse_medallion to None, run_after=None
[2026-08-12T19:44:46.854+0000] {processor.py:208} INFO - Processing /opt/airflow/dags/dag_lakehouse_pipeline.py took 1.427 seconds
[2026-08-12T19:45:17.524+0000] {processor.py:186} INFO - Started process (PID=8803) to work on /opt/airflow/dags/dag_lakehouse_pipeline.py
[2026-08-12T19:45:17.526+0000] {processor.py:914} INFO - Processing file /opt/airflow/dags/dag_lakehouse_pipeline.py for tasks to queue
[2026-08-12T19:45:17.532+0000] {logging_mixin.py:190} INFO - [2026-08-12T19:45:17.530+0000] {dagbag.py:587} INFO - Filling up the DagBag from /opt/airflow/dags/dag_lakehouse_pipeline.py
[2026-08-12T19:45:17.587+0000] {processor.py:925} INFO - DAG(s) 'pipeline_lakehouse_medallion' retrieved from /opt/airflow/dags/dag_lakehouse_pipeline.py
[2026-08-12T19:45:17.665+0000] {logging_mixin.py:190} INFO - [2026-08-12T19:45:17.664+0000] {dag.py:3211} INFO - Sync 1 DAGs
[2026-08-12T19:45:17.714+0000] {logging_mixin.py:190} INFO - [2026-08-12T19:45:17.713+0000] {dag.py:4138} INFO - Setting next_dagrun for pipeline_lakehouse_medallion to None, run_after=None
[2026-08-12T19:45:17.793+0000] {processor.py:208} INFO - Processing /opt/airflow/dags/dag_lakehouse_pipeline.py took 0.284 seconds
[2026-08-12T19:45:48.684+0000] {processor.py:186} INFO - Started process (PID=8807) to work on /opt/airflow/dags/dag_lakehouse_pipeline.py
[2026-08-12T19:45:48.686+0000] {processor.py:914} INFO - Processing file /opt/airflow/dags/dag_lakehouse_pipeline.py for tasks to queue
[2026-08-12T19:45:48.689+0000] {logging_mixin.py:190} INFO - [2026-08-12T19:45:48.688+0000] {dagbag.py:587} INFO - Filling up the DagBag from /opt/airflow/dags/dag_lakehouse_pipeline.py
[2026-08-12T19:45:48.750+0000] {processor.py:925} INFO - DAG(s) 'pipeline_lakehouse_medallion' retrieved from /opt/airflow/dags/dag_lakehouse_pipeline.py
[2026-08-12T19:45:48.824+0000] {logging_mixin.py:190} INFO - [2026-08-12T19:45:48.823+0000] {dag.py:3211} INFO - Sync 1 DAGs
[2026-08-12T19:45:48.860+0000] {logging_mixin.py:190} INFO - [2026-08-12T19:45:48.859+0000] {dag.py:4138} INFO - Setting next_dagrun for pipeline_lakehouse_medallion to None, run_after=None
[2026-08-12T19:45:48.893+0000] {processor.py:208} INFO - Processing /opt/airflow/dags/dag_lakehouse_pipeline.py took 0.236 seconds
[2026-08-12T19:46:19.242+0000] {processor.py:186} INFO - Started process (PID=8818) to work on /opt/airflow/dags/dag_lakehouse_pipeline.py
[2026-08-12T19:46:19.245+0000] {processor.py:914} INFO - Processing file /opt/airflow/dags/dag_lakehouse_pipeline.py for tasks to queue
[2026-08-12T19:46:19.248+0000] {logging_mixin.py:190} INFO - [2026-08-12T19:46:19.248+0000] {dagbag.py:587} INFO - Filling up the DagBag from /opt/airflow/dags/dag_lakehouse_pipeline.py
[2026-08-12T19:46:19.315+0000] {processor.py:925} INFO - DAG(s) 'pipeline_lakehouse_medallion' retrieved from /opt/airflow/dags/dag_lakehouse_pipeline.py
[2026-08-12T19:46:19.388+0000] {logging_mixin.py:190} INFO - [2026-08-12T19:46:19.387+0000] {dag.py:3211} INFO - Sync 1 DAGs
[2026-08-12T19:46:19.419+0000] {logging_mixin.py:190} INFO - [2026-08-12T19:46:19.418+0000] {dag.py:4138} INFO - Setting next_dagrun for pipeline_lakehouse_medallion to None, run_after=None
[2026-08-12T19:46:19.459+0000] {processor.py:208} INFO - Processing /opt/airflow/dags/dag_lakehouse_pipeline.py took 0.235 seconds
[2026-08-12T19:46:49.608+0000] {processor.py:186} INFO - Started process (PID=8829) to work on /opt/airflow/dags/dag_lakehouse_pipeline.py
[2026-08-12T19:46:49.612+0000] {processor.py:914} INFO - Processing file /opt/airflow/dags/dag_lakehouse_pipeline.py for tasks to queue
[2026-08-12T19:46:49.618+0000] {logging_mixin.py:190} INFO - [2026-08-12T19:46:49.617+0000] {dagbag.py:587} INFO - Filling up the DagBag from /opt/airflow/dags/dag_lakehouse_pipeline.py
[2026-08-12T19:46:49.692+0000] {processor.py:925} INFO - DAG(s) 'pipeline_lakehouse_medallion' retrieved from /opt/airflow/dags/dag_lakehouse_pipeline.py
[2026-08-12T19:46:49.784+0000] {logging_mixin.py:190} INFO - [2026-08-12T19:46:49.783+0000] {dag.py:3211} INFO - Sync 1 DAGs
[2026-08-12T19:46:49.832+0000] {logging_mixin.py:190} INFO - [2026-08-12T19:46:49.831+0000] {dag.py:4138} INFO - Setting next_dagrun for pipeline_lakehouse_medallion to None, run_after=None
[2026-08-12T19:46:49.948+0000] {processor.py:208} INFO - Processing /opt/airflow/dags/dag_lakehouse_pipeline.py took 0.365 seconds
[2026-08-12T19:47:20.751+0000] {processor.py:186} INFO - Started process (PID=8840) to work on /opt/airflow/dags/dag_lakehouse_pipeline.py
[2026-08-12T19:47:20.752+0000] {processor.py:914} INFO - Processing file /opt/airflow/dags/dag_lakehouse_pipeline.py for tasks to queue
[2026-08-12T19:47:20.754+0000] {logging_mixin.py:190} INFO - [2026-08-12T19:47:20.754+0000] {dagbag.py:587} INFO - Filling up the DagBag from /opt/airflow/dags/dag_lakehouse_pipeline.py
[2026-08-12T19:47:20.785+0000] {processor.py:925} INFO - DAG(s) 'pipeline_lakehouse_medallion' retrieved from /opt/airflow/dags/dag_lakehouse_pipeline.py
[2026-08-12T19:47:20.818+0000] {logging_mixin.py:190} INFO - [2026-08-12T19:47:20.818+0000] {dag.py:3211} INFO - Sync 1 DAGs
[2026-08-12T19:47:20.833+0000] {logging_mixin.py:190} INFO - [2026-08-12T19:47:20.832+0000] {dag.py:4138} INFO - Setting next_dagrun for pipeline_lakehouse_medallion to None, run_after=None
[2026-08-12T19:47:20.852+0000] {processor.py:208} INFO - Processing /opt/airflow/dags/dag_lakehouse_pipeline.py took 0.107 seconds
[2026-08-12T19:47:51.029+0000] {processor.py:186} INFO - Started process (PID=8851) to work on /opt/airflow/dags/dag_lakehouse_pipeline.py
[2026-08-12T19:47:51.039+0000] {processor.py:914} INFO - Processing file /opt/airflow/dags/dag_lakehouse_pipeline.py for tasks to queue
[2026-08-12T19:47:51.041+0000] {logging_mixin.py:190} INFO - [2026-08-12T19:47:51.041+0000] {dagbag.py:587} INFO - Filling up the DagBag from /opt/airflow/dags/dag_lakehouse_pipeline.py
[2026-08-12T19:47:51.078+0000] {processor.py:925} INFO - DAG(s) 'pipeline_lakehouse_medallion' retrieved from /opt/airflow/dags/dag_lakehouse_pipeline.py
[2026-08-12T19:47:51.118+0000] {logging_mixin.py:190} INFO - [2026-08-12T19:47:51.117+0000] {dag.py:3211} INFO - Sync 1 DAGs
[2026-08-12T19:47:51.138+0000] {logging_mixin.py:190} INFO - [2026-08-12T19:47:51.137+0000] {dag.py:4138} INFO - Setting next_dagrun for pipeline_lakehouse_medallion to None, run_after=None
[2026-08-12T19:47:51.164+0000] {processor.py:208} INFO - Processing /opt/airflow/dags/dag_lakehouse_pipeline.py took 0.142 seconds
[2026-08-12T19:48:21.710+0000] {processor.py:186} INFO - Started process (PID=8862) to work on /opt/airflow/dags/dag_lakehouse_pipeline.py
[2026-08-12T19:48:21.712+0000] {processor.py:914} INFO - Processing file /opt/airflow/dags/dag_lakehouse_pipeline.py for tasks to queue
[2026-08-12T19:48:21.716+0000] {logging_mixin.py:190} INFO - [2026-08-12T19:48:21.716+0000] {dagbag.py:587} INFO - Filling up the DagBag from /opt/airflow/dags/dag_lakehouse_pipeline.py
[2026-08-12T19:48:21.756+0000] {processor.py:925} INFO - DAG(s) 'pipeline_lakehouse_medallion' retrieved from /opt/airflow/dags/dag_lakehouse_pipeline.py
[2026-08-12T19:48:21.809+0000] {logging_mixin.py:190} INFO - [2026-08-12T19:48:21.809+0000] {dag.py:3211} INFO - Sync 1 DAGs
[2026-08-12T19:48:21.831+0000] {logging_mixin.py:190} INFO - [2026-08-12T19:48:21.831+0000] {dag.py:4138} INFO - Setting next_dagrun for pipeline_lakehouse_medallion to None, run_after=None
[2026-08-12T19:48:21.860+0000] {processor.py:208} INFO - Processing /opt/airflow/dags/dag_lakehouse_pipeline.py took 0.157 seconds
[2026-08-12T19:48:52.097+0000] {processor.py:186} INFO - Started process (PID=8873) to work on /opt/airflow/dags/dag_lakehouse_pipeline.py
[2026-08-12T19:48:52.099+0000] {processor.py:914} INFO - Processing file /opt/airflow/dags/dag_lakehouse_pipeline.py for tasks to queue
[2026-08-12T19:48:52.103+0000] {logging_mixin.py:190} INFO - [2026-08-12T19:48:52.103+0000] {dagbag.py:587} INFO - Filling up the DagBag from /opt/airflow/dags/dag_lakehouse_pipeline.py
[2026-08-12T19:48:52.154+0000] {processor.py:925} INFO - DAG(s) 'pipeline_lakehouse_medallion' retrieved from /opt/airflow/dags/dag_lakehouse_pipeline.py
[2026-08-12T19:48:52.217+0000] {logging_mixin.py:190} INFO - [2026-08-12T19:48:52.217+0000] {dag.py:3211} INFO - Sync 1 DAGs
[2026-08-12T19:48:52.245+0000] {logging_mixin.py:190} INFO - [2026-08-12T19:48:52.244+0000] {dag.py:4138} INFO - Setting next_dagrun for pipeline_lakehouse_medallion to None, run_after=None
[2026-08-12T19:48:52.288+0000] {processor.py:208} INFO - Processing /opt/airflow/dags/dag_lakehouse_pipeline.py took 0.206 seconds
[2026-08-12T19:49:23.075+0000] {processor.py:186} INFO - Started process (PID=8877) to work on /opt/airflow/dags/dag_lakehouse_pipeline.py
[2026-08-12T19:49:23.077+0000] {processor.py:914} INFO - Processing file /opt/airflow/dags/dag_lakehouse_pipeline.py for tasks to queue
[2026-08-12T19:49:23.079+0000] {logging_mixin.py:190} INFO - [2026-08-12T19:49:23.079+0000] {dagbag.py:587} INFO - Filling up the DagBag from /opt/airflow/dags/dag_lakehouse_pipeline.py
[2026-08-12T19:49:23.111+0000] {processor.py:925} INFO - DAG(s) 'pipeline_lakehouse_medallion' retrieved from /opt/airflow/dags/dag_lakehouse_pipeline.py
[2026-08-12T19:49:23.159+0000] {logging_mixin.py:190} INFO - [2026-08-12T19:49:23.158+0000] {dag.py:3211} INFO - Sync 1 DAGs
[2026-08-12T19:49:23.188+0000] {logging_mixin.py:190} INFO - [2026-08-12T19:49:23.187+0000] {dag.py:4138} INFO - Setting next_dagrun for pipeline_lakehouse_medallion to None, run_after=None
[2026-08-12T19:49:23.229+0000] {processor.py:208} INFO - Processing /opt/airflow/dags/dag_lakehouse_pipeline.py took 0.167 seconds
[2026-08-12T19:49:53.566+0000] {processor.py:186} INFO - Started process (PID=8888) to work on /opt/airflow/dags/dag_lakehouse_pipeline.py
[2026-08-12T19:49:53.568+0000] {processor.py:914} INFO - Processing file /opt/airflow/dags/dag_lakehouse_pipeline.py for tasks to queue
[2026-08-12T19:49:53.570+0000] {logging_mixin.py:190} INFO - [2026-08-12T19:49:53.570+0000] {dagbag.py:587} INFO - Filling up the DagBag from /opt/airflow/dags/dag_lakehouse_pipeline.py
[2026-08-12T19:49:53.609+0000] {processor.py:925} INFO - DAG(s) 'pipeline_lakehouse_medallion' retrieved from /opt/airflow/dags/dag_lakehouse_pipeline.py
[2026-08-12T19:49:53.649+0000] {logging_mixin.py:190} INFO - [2026-08-12T19:49:53.649+0000] {dag.py:3211} INFO - Sync 1 DAGs
[2026-08-12T19:49:53.665+0000] {logging_mixin.py:190} INFO - [2026-08-12T19:49:53.665+0000] {dag.py:4138} INFO - Setting next_dagrun for pipeline_lakehouse_medallion to None, run_after=None
[2026-08-12T19:49:53.689+0000] {processor.py:208} INFO - Processing /opt/airflow/dags/dag_lakehouse_pipeline.py took 0.130 seconds
[2026-08-12T19:50:24.187+0000] {processor.py:186} INFO - Started process (PID=8900) to work on /opt/airflow/dags/dag_lakehouse_pipeline.py
[2026-08-12T19:50:24.189+0000] {processor.py:914} INFO - Processing file /opt/airflow/dags/dag_lakehouse_pipeline.py for tasks to queue
[2026-08-12T19:50:24.190+0000] {logging_mixin.py:190} INFO - [2026-08-12T19:50:24.190+0000] {dagbag.py:587} INFO - Filling up the DagBag from /opt/airflow/dags/dag_lakehouse_pipeline.py
[2026-08-12T19:50:24.220+0000] {processor.py:925} INFO - DAG(s) 'pipeline_lakehouse_medallion' retrieved from /opt/airflow/dags/dag_lakehouse_pipeline.py
[2026-08-12T19:50:24.249+0000] {logging_mixin.py:190} INFO - [2026-08-12T19:50:24.248+0000] {dag.py:3211} INFO - Sync 1 DAGs
[2026-08-12T19:50:24.262+0000] {logging_mixin.py:190} INFO - [2026-08-12T19:50:24.262+0000] {dag.py:4138} INFO - Setting next_dagrun for pipeline_lakehouse_medallion to None, run_after=None
[2026-08-12T19:50:24.296+0000] {processor.py:208} INFO - Processing /opt/airflow/dags/dag_lakehouse_pipeline.py took 0.114 seconds
[2026-08-12T19:50:54.822+0000] {processor.py:186} INFO - Started process (PID=8911) to work on /opt/airflow/dags/dag_lakehouse_pipeline.py
[2026-08-12T19:50:54.823+0000] {processor.py:914} INFO - Processing file /opt/airflow/dags/dag_lakehouse_pipeline.py for tasks to queue
[2026-08-12T19:50:54.825+0000] {logging_mixin.py:190} INFO - [2026-08-12T19:50:54.825+0000] {dagbag.py:587} INFO - Filling up the DagBag from /opt/airflow/dags/dag_lakehouse_pipeline.py
[2026-08-12T19:50:54.870+0000] {processor.py:925} INFO - DAG(s) 'pipeline_lakehouse_medallion' retrieved from /opt/airflow/dags/dag_lakehouse_pipeline.py
[2026-08-12T19:50:54.909+0000] {logging_mixin.py:190} INFO - [2026-08-12T19:50:54.909+0000] {dag.py:3211} INFO - Sync 1 DAGs
[2026-08-12T19:50:54.929+0000] {logging_mixin.py:190} INFO - [2026-08-12T19:50:54.929+0000] {dag.py:4138} INFO - Setting next_dagrun for pipeline_lakehouse_medallion to None, run_after=None
[2026-08-12T19:50:54.955+0000] {processor.py:208} INFO - Processing /opt/airflow/dags/dag_lakehouse_pipeline.py took 0.142 seconds
[2026-08-12T19:51:25.906+0000] {processor.py:186} INFO - Started process (PID=8922) to work on /opt/airflow/dags/dag_lakehouse_pipeline.py
[2026-08-12T19:51:25.908+0000] {processor.py:914} INFO - Processing file /opt/airflow/dags/dag_lakehouse_pipeline.py for tasks to queue
[2026-08-12T19:51:25.913+0000] {logging_mixin.py:190} INFO - [2026-08-12T19:51:25.912+0000] {dagbag.py:587} INFO - Filling up the DagBag from /opt/airflow/dags/dag_lakehouse_pipeline.py
[2026-08-12T19:51:25.966+0000] {processor.py:925} INFO - DAG(s) 'pipeline_lakehouse_medallion' retrieved from /opt/airflow/dags/dag_lakehouse_pipeline.py
[2026-08-12T19:51:26.034+0000] {logging_mixin.py:190} INFO - [2026-08-12T19:51:26.033+0000] {dag.py:3211} INFO - Sync 1 DAGs
[2026-08-12T19:51:26.061+0000] {logging_mixin.py:190} INFO - [2026-08-12T19:51:26.060+0000] {dag.py:4138} INFO - Setting next_dagrun for pipeline_lakehouse_medallion to None, run_after=None
[2026-08-12T19:51:26.097+0000] {processor.py:208} INFO - Processing /opt/airflow/dags/dag_lakehouse_pipeline.py took 0.203 seconds
[2026-08-12T19:51:56.570+0000] {processor.py:186} INFO - Started process (PID=8933) to work on /opt/airflow/dags/dag_lakehouse_pipeline.py
[2026-08-12T19:51:56.572+0000] {processor.py:914} INFO - Processing file /opt/airflow/dags/dag_lakehouse_pipeline.py for tasks to queue
[2026-08-12T19:51:56.574+0000] {logging_mixin.py:190} INFO - [2026-08-12T19:51:56.573+0000] {dagbag.py:587} INFO - Filling up the DagBag from /opt/airflow/dags/dag_lakehouse_pipeline.py
[2026-08-12T19:51:56.610+0000] {processor.py:925} INFO - DAG(s) 'pipeline_lakehouse_medallion' retrieved from /opt/airflow/dags/dag_lakehouse_pipeline.py
[2026-08-12T19:51:56.663+0000] {logging_mixin.py:190} INFO - [2026-08-12T19:51:56.663+0000] {dag.py:3211} INFO - Sync 1 DAGs
[2026-08-12T19:51:56.684+0000] {logging_mixin.py:190} INFO - [2026-08-12T19:51:56.684+0000] {dag.py:4138} INFO - Setting next_dagrun for pipeline_lakehouse_medallion to None, run_after=None
[2026-08-12T19:51:56.713+0000] {processor.py:208} INFO - Processing /opt/airflow/dags/dag_lakehouse_pipeline.py took 0.151 seconds
[2026-08-12T19:52:27.383+0000] {processor.py:186} INFO - Started process (PID=8944) to work on /opt/airflow/dags/dag_lakehouse_pipeline.py
[2026-08-12T19:52:27.396+0000] {processor.py:914} INFO - Processing file /opt/airflow/dags/dag_lakehouse_pipeline.py for tasks to queue
[2026-08-12T19:52:27.403+0000] {logging_mixin.py:190} INFO - [2026-08-12T19:52:27.403+0000] {dagbag.py:587} INFO - Filling up the DagBag from /opt/airflow/dags/dag_lakehouse_pipeline.py
[2026-08-12T19:52:27.693+0000] {processor.py:925} INFO - DAG(s) 'pipeline_lakehouse_medallion' retrieved from /opt/airflow/dags/dag_lakehouse_pipeline.py
[2026-08-12T19:52:27.842+0000] {logging_mixin.py:190} INFO - [2026-08-12T19:52:27.842+0000] {dag.py:3211} INFO - Sync 1 DAGs
[2026-08-12T19:52:27.924+0000] {logging_mixin.py:190} INFO - [2026-08-12T19:52:27.923+0000] {dag.py:4138} INFO - Setting next_dagrun for pipeline_lakehouse_medallion to None, run_after=None
[2026-08-12T19:52:28.036+0000] {processor.py:208} INFO - Processing /opt/airflow/dags/dag_lakehouse_pipeline.py took 0.676 seconds
[2026-08-12T19:52:58.380+0000] {processor.py:186} INFO - Started process (PID=8954) to work on /opt/airflow/dags/dag_lakehouse_pipeline.py
[2026-08-12T19:52:58.382+0000] {processor.py:914} INFO - Processing file /opt/airflow/dags/dag_lakehouse_pipeline.py for tasks to queue
[2026-08-12T19:52:58.385+0000] {logging_mixin.py:190} INFO - [2026-08-12T19:52:58.385+0000] {dagbag.py:587} INFO - Filling up the DagBag from /opt/airflow/dags/dag_lakehouse_pipeline.py
[2026-08-12T19:52:58.446+0000] {processor.py:925} INFO - DAG(s) 'pipeline_lakehouse_medallion' retrieved from /opt/airflow/dags/dag_lakehouse_pipeline.py
[2026-08-12T19:52:58.524+0000] {logging_mixin.py:190} INFO - [2026-08-12T19:52:58.524+0000] {dag.py:3211} INFO - Sync 1 DAGs
[2026-08-12T19:52:58.562+0000] {logging_mixin.py:190} INFO - [2026-08-12T19:52:58.561+0000] {dag.py:4138} INFO - Setting next_dagrun for pipeline_lakehouse_medallion to None, run_after=None
[2026-08-12T19:52:58.612+0000] {processor.py:208} INFO - Processing /opt/airflow/dags/dag_lakehouse_pipeline.py took 0.245 seconds
[2026-08-12T19:53:29.147+0000] {processor.py:186} INFO - Started process (PID=8965) to work on /opt/airflow/dags/dag_lakehouse_pipeline.py
[2026-08-12T19:53:29.150+0000] {processor.py:914} INFO - Processing file /opt/airflow/dags/dag_lakehouse_pipeline.py for tasks to queue
[2026-08-12T19:53:29.154+0000] {logging_mixin.py:190} INFO - [2026-08-12T19:53:29.153+0000] {dagbag.py:587} INFO - Filling up the DagBag from /opt/airflow/dags/dag_lakehouse_pipeline.py
[2026-08-12T19:53:29.187+0000] {processor.py:925} INFO - DAG(s) 'pipeline_lakehouse_medallion' retrieved from /opt/airflow/dags/dag_lakehouse_pipeline.py
[2026-08-12T19:53:29.222+0000] {logging_mixin.py:190} INFO - [2026-08-12T19:53:29.221+0000] {dag.py:3211} INFO - Sync 1 DAGs
[2026-08-12T19:53:29.240+0000] {logging_mixin.py:190} INFO - [2026-08-12T19:53:29.240+0000] {dag.py:4138} INFO - Setting next_dagrun for pipeline_lakehouse_medallion to None, run_after=None
[2026-08-12T19:53:29.304+0000] {processor.py:208} INFO - Processing /opt/airflow/dags/dag_lakehouse_pipeline.py took 0.164 seconds
[2026-08-12T19:53:59.827+0000] {processor.py:186} INFO - Started process (PID=8969) to work on /opt/airflow/dags/dag_lakehouse_pipeline.py
[2026-08-12T19:53:59.829+0000] {processor.py:914} INFO - Processing file /opt/airflow/dags/dag_lakehouse_pipeline.py for tasks to queue
[2026-08-12T19:53:59.831+0000] {logging_mixin.py:190} INFO - [2026-08-12T19:53:59.830+0000] {dagbag.py:587} INFO - Filling up the DagBag from /opt/airflow/dags/dag_lakehouse_pipeline.py
[2026-08-12T19:53:59.865+0000] {processor.py:925} INFO - DAG(s) 'pipeline_lakehouse_medallion' retrieved from /opt/airflow/dags/dag_lakehouse_pipeline.py
[2026-08-12T19:53:59.890+0000] {logging_mixin.py:190} INFO - [2026-08-12T19:53:59.890+0000] {dag.py:3211} INFO - Sync 1 DAGs
[2026-08-12T19:53:59.902+0000] {logging_mixin.py:190} INFO - [2026-08-12T19:53:59.902+0000] {dag.py:4138} INFO - Setting next_dagrun for pipeline_lakehouse_medallion to None, run_after=None
[2026-08-12T19:53:59.937+0000] {processor.py:208} INFO - Processing /opt/airflow/dags/dag_lakehouse_pipeline.py took 0.115 seconds
[2026-08-12T19:54:30.696+0000] {processor.py:186} INFO - Started process (PID=8980) to work on /opt/airflow/dags/dag_lakehouse_pipeline.py
[2026-08-12T19:54:30.698+0000] {processor.py:914} INFO - Processing file /opt/airflow/dags/dag_lakehouse_pipeline.py for tasks to queue
[2026-08-12T19:54:30.699+0000] {logging_mixin.py:190} INFO - [2026-08-12T19:54:30.699+0000] {dagbag.py:587} INFO - Filling up the DagBag from /opt/airflow/dags/dag_lakehouse_pipeline.py
[2026-08-12T19:54:30.730+0000] {processor.py:925} INFO - DAG(s) 'pipeline_lakehouse_medallion' retrieved from /opt/airflow/dags/dag_lakehouse_pipeline.py
[2026-08-12T19:54:30.755+0000] {logging_mixin.py:190} INFO - [2026-08-12T19:54:30.755+0000] {dag.py:3211} INFO - Sync 1 DAGs
[2026-08-12T19:54:30.766+0000] {logging_mixin.py:190} INFO - [2026-08-12T19:54:30.766+0000] {dag.py:4138} INFO - Setting next_dagrun for pipeline_lakehouse_medallion to None, run_after=None
[2026-08-12T19:54:30.785+0000] {processor.py:208} INFO - Processing /opt/airflow/dags/dag_lakehouse_pipeline.py took 0.117 seconds
[2026-08-12T19:55:00.997+0000] {processor.py:186} INFO - Started process (PID=8991) to work on /opt/airflow/dags/dag_lakehouse_pipeline.py
[2026-08-12T19:55:00.999+0000] {processor.py:914} INFO - Processing file /opt/airflow/dags/dag_lakehouse_pipeline.py for tasks to queue
[2026-08-12T19:55:01.002+0000] {logging_mixin.py:190} INFO - [2026-08-12T19:55:01.001+0000] {dagbag.py:587} INFO - Filling up the DagBag from /opt/airflow/dags/dag_lakehouse_pipeline.py
[2026-08-12T19:55:01.048+0000] {processor.py:925} INFO - DAG(s) 'pipeline_lakehouse_medallion' retrieved from /opt/airflow/dags/dag_lakehouse_pipeline.py
[2026-08-12T19:55:01.095+0000] {logging_mixin.py:190} INFO - [2026-08-12T19:55:01.094+0000] {dag.py:3211} INFO - Sync 1 DAGs
[2026-08-12T19:55:01.124+0000] {logging_mixin.py:190} INFO - [2026-08-12T19:55:01.123+0000] {dag.py:4138} INFO - Setting next_dagrun for pipeline_lakehouse_medallion to None, run_after=None
[2026-08-12T19:55:01.168+0000] {processor.py:208} INFO - Processing /opt/airflow/dags/dag_lakehouse_pipeline.py took 0.179 seconds
[2026-08-12T19:55:32.038+0000] {processor.py:186} INFO - Started process (PID=9002) to work on /opt/airflow/dags/dag_lakehouse_pipeline.py
[2026-08-12T19:55:32.041+0000] {processor.py:914} INFO - Processing file /opt/airflow/dags/dag_lakehouse_pipeline.py for tasks to queue
[2026-08-12T19:55:32.044+0000] {logging_mixin.py:190} INFO - [2026-08-12T19:55:32.043+0000] {dagbag.py:587} INFO - Filling up the DagBag from /opt/airflow/dags/dag_lakehouse_pipeline.py
[2026-08-12T19:55:32.084+0000] {processor.py:925} INFO - DAG(s) 'pipeline_lakehouse_medallion' retrieved from /opt/airflow/dags/dag_lakehouse_pipeline.py
[2026-08-12T19:55:32.134+0000] {logging_mixin.py:190} INFO - [2026-08-12T19:55:32.133+0000] {dag.py:3211} INFO - Sync 1 DAGs
[2026-08-12T19:55:32.157+0000] {logging_mixin.py:190} INFO - [2026-08-12T19:55:32.156+0000] {dag.py:4138} INFO - Setting next_dagrun for pipeline_lakehouse_medallion to None, run_after=None
[2026-08-12T19:55:32.188+0000] {processor.py:208} INFO - Processing /opt/airflow/dags/dag_lakehouse_pipeline.py took 0.161 seconds
[2026-08-12T19:56:02.283+0000] {processor.py:186} INFO - Started process (PID=9013) to work on /opt/airflow/dags/dag_lakehouse_pipeline.py
[2026-08-12T19:56:02.285+0000] {processor.py:914} INFO - Processing file /opt/airflow/dags/dag_lakehouse_pipeline.py for tasks to queue
[2026-08-12T19:56:02.288+0000] {logging_mixin.py:190} INFO - [2026-08-12T19:56:02.287+0000] {dagbag.py:587} INFO - Filling up the DagBag from /opt/airflow/dags/dag_lakehouse_pipeline.py
[2026-08-12T19:56:02.340+0000] {processor.py:925} INFO - DAG(s) 'pipeline_lakehouse_medallion' retrieved from /opt/airflow/dags/dag_lakehouse_pipeline.py
[2026-08-12T19:56:02.389+0000] {logging_mixin.py:190} INFO - [2026-08-12T19:56:02.389+0000] {dag.py:3211} INFO - Sync 1 DAGs
[2026-08-12T19:56:02.413+0000] {logging_mixin.py:190} INFO - [2026-08-12T19:56:02.413+0000] {dag.py:4138} INFO - Setting next_dagrun for pipeline_lakehouse_medallion to None, run_after=None
[2026-08-12T19:56:02.449+0000] {processor.py:208} INFO - Processing /opt/airflow/dags/dag_lakehouse_pipeline.py took 0.175 seconds
[2026-08-12T19:56:32.599+0000] {processor.py:186} INFO - Started process (PID=9024) to work on /opt/airflow/dags/dag_lakehouse_pipeline.py
[2026-08-12T19:56:32.602+0000] {processor.py:914} INFO - Processing file /opt/airflow/dags/dag_lakehouse_pipeline.py for tasks to queue
[2026-08-12T19:56:32.606+0000] {logging_mixin.py:190} INFO - [2026-08-12T19:56:32.605+0000] {dagbag.py:587} INFO - Filling up the DagBag from /opt/airflow/dags/dag_lakehouse_pipeline.py
[2026-08-12T19:56:32.664+0000] {processor.py:925} INFO - DAG(s) 'pipeline_lakehouse_medallion' retrieved from /opt/airflow/dags/dag_lakehouse_pipeline.py
[2026-08-12T19:56:32.730+0000] {logging_mixin.py:190} INFO - [2026-08-12T19:56:32.730+0000] {dag.py:3211} INFO - Sync 1 DAGs
[2026-08-12T19:56:32.769+0000] {logging_mixin.py:190} INFO - [2026-08-12T19:56:32.769+0000] {dag.py:4138} INFO - Setting next_dagrun for pipeline_lakehouse_medallion to None, run_after=None
[2026-08-12T19:56:32.813+0000] {processor.py:208} INFO - Processing /opt/airflow/dags/dag_lakehouse_pipeline.py took 0.228 seconds
[2026-08-12T19:57:02.920+0000] {processor.py:186} INFO - Started process (PID=9035) to work on /opt/airflow/dags/dag_lakehouse_pipeline.py
[2026-08-12T19:57:02.922+0000] {processor.py:914} INFO - Processing file /opt/airflow/dags/dag_lakehouse_pipeline.py for tasks to queue
[2026-08-12T19:57:02.926+0000] {logging_mixin.py:190} INFO - [2026-08-12T19:57:02.925+0000] {dagbag.py:587} INFO - Filling up the DagBag from /opt/airflow/dags/dag_lakehouse_pipeline.py
[2026-08-12T19:57:02.982+0000] {processor.py:925} INFO - DAG(s) 'pipeline_lakehouse_medallion' retrieved from /opt/airflow/dags/dag_lakehouse_pipeline.py
[2026-08-12T19:57:03.091+0000] {logging_mixin.py:190} INFO - [2026-08-12T19:57:03.090+0000] {dag.py:3211} INFO - Sync 1 DAGs
[2026-08-12T19:57:03.144+0000] {logging_mixin.py:190} INFO - [2026-08-12T19:57:03.143+0000] {dag.py:4138} INFO - Setting next_dagrun for pipeline_lakehouse_medallion to None, run_after=None
[2026-08-12T19:57:03.213+0000] {processor.py:208} INFO - Processing /opt/airflow/dags/dag_lakehouse_pipeline.py took 0.305 seconds
[2026-08-12T19:57:33.412+0000] {processor.py:186} INFO - Started process (PID=9046) to work on /opt/airflow/dags/dag_lakehouse_pipeline.py
[2026-08-12T19:57:33.414+0000] {processor.py:914} INFO - Processing file /opt/airflow/dags/dag_lakehouse_pipeline.py for tasks to queue
[2026-08-12T19:57:33.418+0000] {logging_mixin.py:190} INFO - [2026-08-12T19:57:33.418+0000] {dagbag.py:587} INFO - Filling up the DagBag from /opt/airflow/dags/dag_lakehouse_pipeline.py
[2026-08-12T19:57:33.474+0000] {processor.py:925} INFO - DAG(s) 'pipeline_lakehouse_medallion' retrieved from /opt/airflow/dags/dag_lakehouse_pipeline.py
[2026-08-12T19:57:33.512+0000] {logging_mixin.py:190} INFO - [2026-08-12T19:57:33.512+0000] {dag.py:3211} INFO - Sync 1 DAGs
[2026-08-12T19:57:33.531+0000] {logging_mixin.py:190} INFO - [2026-08-12T19:57:33.530+0000] {dag.py:4138} INFO - Setting next_dagrun for pipeline_lakehouse_medallion to None, run_after=None
[2026-08-12T19:57:33.580+0000] {processor.py:208} INFO - Processing /opt/airflow/dags/dag_lakehouse_pipeline.py took 0.177 seconds
[2026-08-12T19:58:04.095+0000] {processor.py:186} INFO - Started process (PID=9057) to work on /opt/airflow/dags/dag_lakehouse_pipeline.py
[2026-08-12T19:58:04.108+0000] {processor.py:914} INFO - Processing file /opt/airflow/dags/dag_lakehouse_pipeline.py for tasks to queue
[2026-08-12T19:58:04.130+0000] {logging_mixin.py:190} INFO - [2026-08-12T19:58:04.126+0000] {dagbag.py:587} INFO - Filling up the DagBag from /opt/airflow/dags/dag_lakehouse_pipeline.py
[2026-08-12T19:58:04.309+0000] {processor.py:925} INFO - DAG(s) 'pipeline_lakehouse_medallion' retrieved from /opt/airflow/dags/dag_lakehouse_pipeline.py
[2026-08-12T19:58:04.414+0000] {logging_mixin.py:190} INFO - [2026-08-12T19:58:04.413+0000] {dag.py:3211} INFO - Sync 1 DAGs
[2026-08-12T19:58:04.478+0000] {logging_mixin.py:190} INFO - [2026-08-12T19:58:04.477+0000] {dag.py:4138} INFO - Setting next_dagrun for pipeline_lakehouse_medallion to None, run_after=None
[2026-08-12T19:58:04.560+0000] {processor.py:208} INFO - Processing /opt/airflow/dags/dag_lakehouse_pipeline.py took 0.540 seconds
[2026-08-12T19:58:34.776+0000] {processor.py:186} INFO - Started process (PID=9061) to work on /opt/airflow/dags/dag_lakehouse_pipeline.py
[2026-08-12T19:58:34.778+0000] {processor.py:914} INFO - Processing file /opt/airflow/dags/dag_lakehouse_pipeline.py for tasks to queue
[2026-08-12T19:58:34.779+0000] {logging_mixin.py:190} INFO - [2026-08-12T19:58:34.779+0000] {dagbag.py:587} INFO - Filling up the DagBag from /opt/airflow/dags/dag_lakehouse_pipeline.py
[2026-08-12T19:58:34.814+0000] {processor.py:925} INFO - DAG(s) 'pipeline_lakehouse_medallion' retrieved from /opt/airflow/dags/dag_lakehouse_pipeline.py
[2026-08-12T19:58:34.850+0000] {logging_mixin.py:190} INFO - [2026-08-12T19:58:34.849+0000] {dag.py:3211} INFO - Sync 1 DAGs
[2026-08-12T19:58:34.865+0000] {logging_mixin.py:190} INFO - [2026-08-12T19:58:34.865+0000] {dag.py:4138} INFO - Setting next_dagrun for pipeline_lakehouse_medallion to None, run_after=None
[2026-08-12T19:58:34.894+0000] {processor.py:208} INFO - Processing /opt/airflow/dags/dag_lakehouse_pipeline.py took 0.124 seconds
[2026-08-12T19:59:05.047+0000] {processor.py:186} INFO - Started process (PID=9072) to work on /opt/airflow/dags/dag_lakehouse_pipeline.py
[2026-08-12T19:59:05.049+0000] {processor.py:914} INFO - Processing file /opt/airflow/dags/dag_lakehouse_pipeline.py for tasks to queue
[2026-08-12T19:59:05.051+0000] {logging_mixin.py:190} INFO - [2026-08-12T19:59:05.050+0000] {dagbag.py:587} INFO - Filling up the DagBag from /opt/airflow/dags/dag_lakehouse_pipeline.py
[2026-08-12T19:59:05.085+0000] {processor.py:925} INFO - DAG(s) 'pipeline_lakehouse_medallion' retrieved from /opt/airflow/dags/dag_lakehouse_pipeline.py
[2026-08-12T19:59:05.117+0000] {logging_mixin.py:190} INFO - [2026-08-12T19:59:05.116+0000] {dag.py:3211} INFO - Sync 1 DAGs
[2026-08-12T19:59:05.134+0000] {logging_mixin.py:190} INFO - [2026-08-12T19:59:05.134+0000] {dag.py:4138} INFO - Setting next_dagrun for pipeline_lakehouse_medallion to None, run_after=None
[2026-08-12T19:59:05.157+0000] {processor.py:208} INFO - Processing /opt/airflow/dags/dag_lakehouse_pipeline.py took 0.117 seconds
[2026-08-12T19:59:35.845+0000] {processor.py:186} INFO - Started process (PID=9083) to work on /opt/airflow/dags/dag_lakehouse_pipeline.py
[2026-08-12T19:59:35.846+0000] {processor.py:914} INFO - Processing file /opt/airflow/dags/dag_lakehouse_pipeline.py for tasks to queue
[2026-08-12T19:59:35.847+0000] {logging_mixin.py:190} INFO - [2026-08-12T19:59:35.847+0000] {dagbag.py:587} INFO - Filling up the DagBag from /opt/airflow/dags/dag_lakehouse_pipeline.py
[2026-08-12T19:59:35.879+0000] {processor.py:925} INFO - DAG(s) 'pipeline_lakehouse_medallion' retrieved from /opt/airflow/dags/dag_lakehouse_pipeline.py
[2026-08-12T19:59:35.923+0000] {logging_mixin.py:190} INFO - [2026-08-12T19:59:35.922+0000] {dag.py:3211} INFO - Sync 1 DAGs
[2026-08-12T19:59:35.948+0000] {logging_mixin.py:190} INFO - [2026-08-12T19:59:35.947+0000] {dag.py:4138} INFO - Setting next_dagrun for pipeline_lakehouse_medallion to None, run_after=None
[2026-08-12T19:59:35.974+0000] {processor.py:208} INFO - Processing /opt/airflow/dags/dag_lakehouse_pipeline.py took 0.136 seconds
[2026-08-12T20:00:06.137+0000] {processor.py:186} INFO - Started process (PID=9094) to work on /opt/airflow/dags/dag_lakehouse_pipeline.py
[2026-08-12T20:00:06.139+0000] {processor.py:914} INFO - Processing file /opt/airflow/dags/dag_lakehouse_pipeline.py for tasks to queue
[2026-08-12T20:00:06.144+0000] {logging_mixin.py:190} INFO - [2026-08-12T20:00:06.142+0000] {dagbag.py:587} INFO - Filling up the DagBag from /opt/airflow/dags/dag_lakehouse_pipeline.py
[2026-08-12T20:00:06.200+0000] {processor.py:925} INFO - DAG(s) 'pipeline_lakehouse_medallion' retrieved from /opt/airflow/dags/dag_lakehouse_pipeline.py
[2026-08-12T20:00:06.266+0000] {logging_mixin.py:190} INFO - [2026-08-12T20:00:06.265+0000] {dag.py:3211} INFO - Sync 1 DAGs
[2026-08-12T20:00:06.298+0000] {logging_mixin.py:190} INFO - [2026-08-12T20:00:06.297+0000] {dag.py:4138} INFO - Setting next_dagrun for pipeline_lakehouse_medallion to None, run_after=None
[2026-08-12T20:00:06.340+0000] {processor.py:208} INFO - Processing /opt/airflow/dags/dag_lakehouse_pipeline.py took 0.220 seconds
[2026-08-12T20:00:36.773+0000] {processor.py:186} INFO - Started process (PID=9105) to work on /opt/airflow/dags/dag_lakehouse_pipeline.py
[2026-08-12T20:00:36.780+0000] {processor.py:914} INFO - Processing file /opt/airflow/dags/dag_lakehouse_pipeline.py for tasks to queue
[2026-08-12T20:00:36.784+0000] {logging_mixin.py:190} INFO - [2026-08-12T20:00:36.783+0000] {dagbag.py:587} INFO - Filling up the DagBag from /opt/airflow/dags/dag_lakehouse_pipeline.py
[2026-08-12T20:00:36.854+0000] {processor.py:925} INFO - DAG(s) 'pipeline_lakehouse_medallion' retrieved from /opt/airflow/dags/dag_lakehouse_pipeline.py
[2026-08-12T20:00:36.963+0000] {logging_mixin.py:190} INFO - [2026-08-12T20:00:36.962+0000] {dag.py:3211} INFO - Sync 1 DAGs
[2026-08-12T20:00:37.010+0000] {logging_mixin.py:190} INFO - [2026-08-12T20:00:37.009+0000] {dag.py:4138} INFO - Setting next_dagrun for pipeline_lakehouse_medallion to None, run_after=None
[2026-08-12T20:00:37.055+0000] {processor.py:208} INFO - Processing /opt/airflow/dags/dag_lakehouse_pipeline.py took 0.306 seconds
[2026-08-12T20:01:07.820+0000] {processor.py:186} INFO - Started process (PID=9116) to work on /opt/airflow/dags/dag_lakehouse_pipeline.py
[2026-08-12T20:01:07.822+0000] {processor.py:914} INFO - Processing file /opt/airflow/dags/dag_lakehouse_pipeline.py for tasks to queue
[2026-08-12T20:01:07.824+0000] {logging_mixin.py:190} INFO - [2026-08-12T20:01:07.824+0000] {dagbag.py:587} INFO - Filling up the DagBag from /opt/airflow/dags/dag_lakehouse_pipeline.py
[2026-08-12T20:01:07.859+0000] {processor.py:925} INFO - DAG(s) 'pipeline_lakehouse_medallion' retrieved from /opt/airflow/dags/dag_lakehouse_pipeline.py
[2026-08-12T20:01:07.901+0000] {logging_mixin.py:190} INFO - [2026-08-12T20:01:07.901+0000] {dag.py:3211} INFO - Sync 1 DAGs
[2026-08-12T20:01:07.924+0000] {logging_mixin.py:190} INFO - [2026-08-12T20:01:07.924+0000] {dag.py:4138} INFO - Setting next_dagrun for pipeline_lakehouse_medallion to None, run_after=None
[2026-08-12T20:01:07.951+0000] {processor.py:208} INFO - Processing /opt/airflow/dags/dag_lakehouse_pipeline.py took 0.140 seconds
[2026-08-12T20:01:38.647+0000] {processor.py:186} INFO - Started process (PID=9127) to work on /opt/airflow/dags/dag_lakehouse_pipeline.py
[2026-08-12T20:01:38.648+0000] {processor.py:914} INFO - Processing file /opt/airflow/dags/dag_lakehouse_pipeline.py for tasks to queue
[2026-08-12T20:01:38.650+0000] {logging_mixin.py:190} INFO - [2026-08-12T20:01:38.650+0000] {dagbag.py:587} INFO - Filling up the DagBag from /opt/airflow/dags/dag_lakehouse_pipeline.py
[2026-08-12T20:01:38.687+0000] {processor.py:925} INFO - DAG(s) 'pipeline_lakehouse_medallion' retrieved from /opt/airflow/dags/dag_lakehouse_pipeline.py
[2026-08-12T20:01:38.724+0000] {logging_mixin.py:190} INFO - [2026-08-12T20:01:38.724+0000] {dag.py:3211} INFO - Sync 1 DAGs
[2026-08-12T20:01:38.741+0000] {logging_mixin.py:190} INFO - [2026-08-12T20:01:38.741+0000] {dag.py:4138} INFO - Setting next_dagrun for pipeline_lakehouse_medallion to None, run_after=None
[2026-08-12T20:01:38.765+0000] {processor.py:208} INFO - Processing /opt/airflow/dags/dag_lakehouse_pipeline.py took 0.125 seconds
[2026-08-12T20:02:09.364+0000] {processor.py:186} INFO - Started process (PID=9138) to work on /opt/airflow/dags/dag_lakehouse_pipeline.py
[2026-08-12T20:02:09.366+0000] {processor.py:914} INFO - Processing file /opt/airflow/dags/dag_lakehouse_pipeline.py for tasks to queue
[2026-08-12T20:02:09.367+0000] {logging_mixin.py:190} INFO - [2026-08-12T20:02:09.367+0000] {dagbag.py:587} INFO - Filling up the DagBag from /opt/airflow/dags/dag_lakehouse_pipeline.py
[2026-08-12T20:02:09.397+0000] {processor.py:925} INFO - DAG(s) 'pipeline_lakehouse_medallion' retrieved from /opt/airflow/dags/dag_lakehouse_pipeline.py
[2026-08-12T20:02:09.424+0000] {logging_mixin.py:190} INFO - [2026-08-12T20:02:09.424+0000] {dag.py:3211} INFO - Sync 1 DAGs
[2026-08-12T20:02:09.437+0000] {logging_mixin.py:190} INFO - [2026-08-12T20:02:09.437+0000] {dag.py:4138} INFO - Setting next_dagrun for pipeline_lakehouse_medallion to None, run_after=None
[2026-08-12T20:02:09.475+0000] {processor.py:208} INFO - Processing /opt/airflow/dags/dag_lakehouse_pipeline.py took 0.117 seconds
[2026-08-12T20:02:40.102+0000] {processor.py:186} INFO - Started process (PID=9149) to work on /opt/airflow/dags/dag_lakehouse_pipeline.py
[2026-08-12T20:02:40.112+0000] {processor.py:914} INFO - Processing file /opt/airflow/dags/dag_lakehouse_pipeline.py for tasks to queue
[2026-08-12T20:02:40.124+0000] {logging_mixin.py:190} INFO - [2026-08-12T20:02:40.121+0000] {dagbag.py:587} INFO - Filling up the DagBag from /opt/airflow/dags/dag_lakehouse_pipeline.py
[2026-08-12T20:02:40.300+0000] {processor.py:925} INFO - DAG(s) 'pipeline_lakehouse_medallion' retrieved from /opt/airflow/dags/dag_lakehouse_pipeline.py
[2026-08-12T20:02:40.550+0000] {logging_mixin.py:190} INFO - [2026-08-12T20:02:40.549+0000] {dag.py:3211} INFO - Sync 1 DAGs
[2026-08-12T20:02:40.665+0000] {logging_mixin.py:190} INFO - [2026-08-12T20:02:40.661+0000] {dag.py:4138} INFO - Setting next_dagrun for pipeline_lakehouse_medallion to None, run_after=None
[2026-08-12T20:02:40.821+0000] {processor.py:208} INFO - Processing /opt/airflow/dags/dag_lakehouse_pipeline.py took 0.764 seconds
[2026-08-12T20:03:11.412+0000] {processor.py:186} INFO - Started process (PID=9153) to work on /opt/airflow/dags/dag_lakehouse_pipeline.py
[2026-08-12T20:03:11.414+0000] {processor.py:914} INFO - Processing file /opt/airflow/dags/dag_lakehouse_pipeline.py for tasks to queue
[2026-08-12T20:03:11.418+0000] {logging_mixin.py:190} INFO - [2026-08-12T20:03:11.417+0000] {dagbag.py:587} INFO - Filling up the DagBag from /opt/airflow/dags/dag_lakehouse_pipeline.py
[2026-08-12T20:03:11.463+0000] {processor.py:925} INFO - DAG(s) 'pipeline_lakehouse_medallion' retrieved from /opt/airflow/dags/dag_lakehouse_pipeline.py
[2026-08-12T20:03:11.498+0000] {logging_mixin.py:190} INFO - [2026-08-12T20:03:11.498+0000] {dag.py:3211} INFO - Sync 1 DAGs
[2026-08-12T20:03:11.515+0000] {logging_mixin.py:190} INFO - [2026-08-12T20:03:11.515+0000] {dag.py:4138} INFO - Setting next_dagrun for pipeline_lakehouse_medallion to None, run_after=None
[2026-08-12T20:03:11.540+0000] {processor.py:208} INFO - Processing /opt/airflow/dags/dag_lakehouse_pipeline.py took 0.140 seconds
[2026-08-12T20:03:42.215+0000] {processor.py:186} INFO - Started process (PID=9164) to work on /opt/airflow/dags/dag_lakehouse_pipeline.py
[2026-08-12T20:03:42.218+0000] {processor.py:914} INFO - Processing file /opt/airflow/dags/dag_lakehouse_pipeline.py for tasks to queue
[2026-08-12T20:03:42.222+0000] {logging_mixin.py:190} INFO - [2026-08-12T20:03:42.221+0000] {dagbag.py:587} INFO - Filling up the DagBag from /opt/airflow/dags/dag_lakehouse_pipeline.py
[2026-08-12T20:03:42.274+0000] {processor.py:925} INFO - DAG(s) 'pipeline_lakehouse_medallion' retrieved from /opt/airflow/dags/dag_lakehouse_pipeline.py
[2026-08-12T20:03:42.317+0000] {logging_mixin.py:190} INFO - [2026-08-12T20:03:42.317+0000] {dag.py:3211} INFO - Sync 1 DAGs
[2026-08-12T20:03:42.338+0000] {logging_mixin.py:190} INFO - [2026-08-12T20:03:42.338+0000] {dag.py:4138} INFO - Setting next_dagrun for pipeline_lakehouse_medallion to None, run_after=None
[2026-08-12T20:03:42.369+0000] {processor.py:208} INFO - Processing /opt/airflow/dags/dag_lakehouse_pipeline.py took 0.164 seconds
[2026-08-12T20:04:12.951+0000] {processor.py:186} INFO - Started process (PID=9175) to work on /opt/airflow/dags/dag_lakehouse_pipeline.py
[2026-08-12T20:04:12.952+0000] {processor.py:914} INFO - Processing file /opt/airflow/dags/dag_lakehouse_pipeline.py for tasks to queue
[2026-08-12T20:04:12.954+0000] {logging_mixin.py:190} INFO - [2026-08-12T20:04:12.954+0000] {dagbag.py:587} INFO - Filling up the DagBag from /opt/airflow/dags/dag_lakehouse_pipeline.py
[2026-08-12T20:04:12.994+0000] {processor.py:925} INFO - DAG(s) 'pipeline_lakehouse_medallion' retrieved from /opt/airflow/dags/dag_lakehouse_pipeline.py
[2026-08-12T20:04:13.028+0000] {logging_mixin.py:190} INFO - [2026-08-12T20:04:13.028+0000] {dag.py:3211} INFO - Sync 1 DAGs
[2026-08-12T20:04:13.045+0000] {logging_mixin.py:190} INFO - [2026-08-12T20:04:13.045+0000] {dag.py:4138} INFO - Setting next_dagrun for pipeline_lakehouse_medallion to None, run_after=None
[2026-08-12T20:04:13.069+0000] {processor.py:208} INFO - Processing /opt/airflow/dags/dag_lakehouse_pipeline.py took 0.126 seconds
[2026-08-12T20:04:43.436+0000] {processor.py:186} INFO - Started process (PID=9186) to work on /opt/airflow/dags/dag_lakehouse_pipeline.py
[2026-08-12T20:04:43.440+0000] {processor.py:914} INFO - Processing file /opt/airflow/dags/dag_lakehouse_pipeline.py for tasks to queue
[2026-08-12T20:04:43.449+0000] {logging_mixin.py:190} INFO - [2026-08-12T20:04:43.447+0000] {dagbag.py:587} INFO - Filling up the DagBag from /opt/airflow/dags/dag_lakehouse_pipeline.py
[2026-08-12T20:04:43.537+0000] {processor.py:925} INFO - DAG(s) 'pipeline_lakehouse_medallion' retrieved from /opt/airflow/dags/dag_lakehouse_pipeline.py
[2026-08-12T20:04:43.675+0000] {logging_mixin.py:190} INFO - [2026-08-12T20:04:43.674+0000] {dag.py:3211} INFO - Sync 1 DAGs
[2026-08-12T20:04:43.737+0000] {logging_mixin.py:190} INFO - [2026-08-12T20:04:43.736+0000] {dag.py:4138} INFO - Setting next_dagrun for pipeline_lakehouse_medallion to None, run_after=None
[2026-08-12T20:04:43.837+0000] {processor.py:208} INFO - Processing /opt/airflow/dags/dag_lakehouse_pipeline.py took 0.432 seconds
[2026-08-12T20:05:14.589+0000] {processor.py:186} INFO - Started process (PID=9197) to work on /opt/airflow/dags/dag_lakehouse_pipeline.py
[2026-08-12T20:05:14.590+0000] {processor.py:914} INFO - Processing file /opt/airflow/dags/dag_lakehouse_pipeline.py for tasks to queue
[2026-08-12T20:05:14.593+0000] {logging_mixin.py:190} INFO - [2026-08-12T20:05:14.592+0000] {dagbag.py:587} INFO - Filling up the DagBag from /opt/airflow/dags/dag_lakehouse_pipeline.py
[2026-08-12T20:05:14.627+0000] {processor.py:925} INFO - DAG(s) 'pipeline_lakehouse_medallion' retrieved from /opt/airflow/dags/dag_lakehouse_pipeline.py
[2026-08-12T20:05:14.682+0000] {logging_mixin.py:190} INFO - [2026-08-12T20:05:14.682+0000] {dag.py:3211} INFO - Sync 1 DAGs
[2026-08-12T20:05:14.705+0000] {logging_mixin.py:190} INFO - [2026-08-12T20:05:14.704+0000] {dag.py:4138} INFO - Setting next_dagrun for pipeline_lakehouse_medallion to None, run_after=None
[2026-08-12T20:05:14.749+0000] {processor.py:208} INFO - Processing /opt/airflow/dags/dag_lakehouse_pipeline.py took 0.169 seconds
[2026-08-12T20:05:44.973+0000] {processor.py:186} INFO - Started process (PID=9208) to work on /opt/airflow/dags/dag_lakehouse_pipeline.py
[2026-08-12T20:05:44.977+0000] {processor.py:914} INFO - Processing file /opt/airflow/dags/dag_lakehouse_pipeline.py for tasks to queue
[2026-08-12T20:05:44.980+0000] {logging_mixin.py:190} INFO - [2026-08-12T20:05:44.979+0000] {dagbag.py:587} INFO - Filling up the DagBag from /opt/airflow/dags/dag_lakehouse_pipeline.py
[2026-08-12T20:05:45.053+0000] {processor.py:925} INFO - DAG(s) 'pipeline_lakehouse_medallion' retrieved from /opt/airflow/dags/dag_lakehouse_pipeline.py
[2026-08-12T20:05:45.140+0000] {logging_mixin.py:190} INFO - [2026-08-12T20:05:45.139+0000] {dag.py:3211} INFO - Sync 1 DAGs
[2026-08-12T20:05:45.182+0000] {logging_mixin.py:190} INFO - [2026-08-12T20:05:45.181+0000] {dag.py:4138} INFO - Setting next_dagrun for pipeline_lakehouse_medallion to None, run_after=None
[2026-08-12T20:05:45.263+0000] {processor.py:208} INFO - Processing /opt/airflow/dags/dag_lakehouse_pipeline.py took 0.309 seconds
[2026-08-12T20:06:15.716+0000] {processor.py:186} INFO - Started process (PID=9211) to work on /opt/airflow/dags/dag_lakehouse_pipeline.py
[2026-08-12T20:06:15.717+0000] {processor.py:914} INFO - Processing file /opt/airflow/dags/dag_lakehouse_pipeline.py for tasks to queue
[2026-08-12T20:06:15.720+0000] {logging_mixin.py:190} INFO - [2026-08-12T20:06:15.719+0000] {dagbag.py:587} INFO - Filling up the DagBag from /opt/airflow/dags/dag_lakehouse_pipeline.py
[2026-08-12T20:06:15.764+0000] {processor.py:925} INFO - DAG(s) 'pipeline_lakehouse_medallion' retrieved from /opt/airflow/dags/dag_lakehouse_pipeline.py
[2026-08-12T20:06:15.806+0000] {logging_mixin.py:190} INFO - [2026-08-12T20:06:15.805+0000] {dag.py:3211} INFO - Sync 1 DAGs
[2026-08-12T20:06:15.825+0000] {logging_mixin.py:190} INFO - [2026-08-12T20:06:15.825+0000] {dag.py:4138} INFO - Setting next_dagrun for pipeline_lakehouse_medallion to None, run_after=None
[2026-08-12T20:06:15.872+0000] {processor.py:208} INFO - Processing /opt/airflow/dags/dag_lakehouse_pipeline.py took 0.165 seconds
[2026-08-12T20:06:46.697+0000] {processor.py:186} INFO - Started process (PID=9222) to work on /opt/airflow/dags/dag_lakehouse_pipeline.py
[2026-08-12T20:06:46.698+0000] {processor.py:914} INFO - Processing file /opt/airflow/dags/dag_lakehouse_pipeline.py for tasks to queue
[2026-08-12T20:06:46.702+0000] {logging_mixin.py:190} INFO - [2026-08-12T20:06:46.700+0000] {dagbag.py:587} INFO - Filling up the DagBag from /opt/airflow/dags/dag_lakehouse_pipeline.py
[2026-08-12T20:06:46.744+0000] {processor.py:925} INFO - DAG(s) 'pipeline_lakehouse_medallion' retrieved from /opt/airflow/dags/dag_lakehouse_pipeline.py
[2026-08-12T20:06:46.805+0000] {logging_mixin.py:190} INFO - [2026-08-12T20:06:46.805+0000] {dag.py:3211} INFO - Sync 1 DAGs
[2026-08-12T20:06:46.841+0000] {logging_mixin.py:190} INFO - [2026-08-12T20:06:46.840+0000] {dag.py:4138} INFO - Setting next_dagrun for pipeline_lakehouse_medallion to None, run_after=None
[2026-08-12T20:06:46.910+0000] {processor.py:208} INFO - Processing /opt/airflow/dags/dag_lakehouse_pipeline.py took 0.222 seconds
[2026-08-12T20:07:17.036+0000] {processor.py:186} INFO - Started process (PID=9232) to work on /opt/airflow/dags/dag_lakehouse_pipeline.py
[2026-08-12T20:07:17.042+0000] {processor.py:914} INFO - Processing file /opt/airflow/dags/dag_lakehouse_pipeline.py for tasks to queue
[2026-08-12T20:07:17.046+0000] {logging_mixin.py:190} INFO - [2026-08-12T20:07:17.046+0000] {dagbag.py:587} INFO - Filling up the DagBag from /opt/airflow/dags/dag_lakehouse_pipeline.py
[2026-08-12T20:07:17.108+0000] {processor.py:925} INFO - DAG(s) 'pipeline_lakehouse_medallion' retrieved from /opt/airflow/dags/dag_lakehouse_pipeline.py
[2026-08-12T20:07:17.197+0000] {logging_mixin.py:190} INFO - [2026-08-12T20:07:17.196+0000] {dag.py:3211} INFO - Sync 1 DAGs
[2026-08-12T20:07:17.243+0000] {logging_mixin.py:190} INFO - [2026-08-12T20:07:17.243+0000] {dag.py:4138} INFO - Setting next_dagrun for pipeline_lakehouse_medallion to None, run_after=None
[2026-08-12T20:07:17.304+0000] {processor.py:208} INFO - Processing /opt/airflow/dags/dag_lakehouse_pipeline.py took 0.283 seconds
[2026-08-12T20:07:48.477+0000] {processor.py:186} INFO - Started process (PID=9247) to work on /opt/airflow/dags/dag_lakehouse_pipeline.py
[2026-08-12T20:07:48.484+0000] {processor.py:914} INFO - Processing file /opt/airflow/dags/dag_lakehouse_pipeline.py for tasks to queue
[2026-08-12T20:07:48.493+0000] {logging_mixin.py:190} INFO - [2026-08-12T20:07:48.491+0000] {dagbag.py:587} INFO - Filling up the DagBag from /opt/airflow/dags/dag_lakehouse_pipeline.py
[2026-08-12T20:07:48.632+0000] {processor.py:925} INFO - DAG(s) 'pipeline_lakehouse_medallion' retrieved from /opt/airflow/dags/dag_lakehouse_pipeline.py
[2026-08-12T20:07:48.849+0000] {logging_mixin.py:190} INFO - [2026-08-12T20:07:48.848+0000] {dag.py:3211} INFO - Sync 1 DAGs
[2026-08-12T20:07:48.922+0000] {logging_mixin.py:190} INFO - [2026-08-12T20:07:48.922+0000] {dag.py:4138} INFO - Setting next_dagrun for pipeline_lakehouse_medallion to None, run_after=None
[2026-08-12T20:07:49.058+0000] {processor.py:208} INFO - Processing /opt/airflow/dags/dag_lakehouse_pipeline.py took 0.645 seconds
[2026-08-12T20:08:21.063+0000] {processor.py:186} INFO - Started process (PID=9258) to work on /opt/airflow/dags/dag_lakehouse_pipeline.py
[2026-08-12T20:08:21.102+0000] {processor.py:914} INFO - Processing file /opt/airflow/dags/dag_lakehouse_pipeline.py for tasks to queue
[2026-08-12T20:08:21.137+0000] {logging_mixin.py:190} INFO - [2026-08-12T20:08:21.126+0000] {dagbag.py:587} INFO - Filling up the DagBag from /opt/airflow/dags/dag_lakehouse_pipeline.py
[2026-08-12T20:08:21.596+0000] {processor.py:925} INFO - DAG(s) 'pipeline_lakehouse_medallion' retrieved from /opt/airflow/dags/dag_lakehouse_pipeline.py
[2026-08-12T20:08:22.772+0000] {logging_mixin.py:190} INFO - [2026-08-12T20:08:22.770+0000] {dag.py:3211} INFO - Sync 1 DAGs
[2026-08-12T20:08:23.286+0000] {logging_mixin.py:190} INFO - [2026-08-12T20:08:23.285+0000] {dag.py:4138} INFO - Setting next_dagrun for pipeline_lakehouse_medallion to None, run_after=None
[2026-08-12T20:08:23.631+0000] {processor.py:208} INFO - Processing /opt/airflow/dags/dag_lakehouse_pipeline.py took 3.032 seconds
[2026-08-12T20:08:54.654+0000] {processor.py:186} INFO - Started process (PID=9268) to work on /opt/airflow/dags/dag_lakehouse_pipeline.py
[2026-08-12T20:08:54.658+0000] {processor.py:914} INFO - Processing file /opt/airflow/dags/dag_lakehouse_pipeline.py for tasks to queue
[2026-08-12T20:08:54.666+0000] {logging_mixin.py:190} INFO - [2026-08-12T20:08:54.664+0000] {dagbag.py:587} INFO - Filling up the DagBag from /opt/airflow/dags/dag_lakehouse_pipeline.py
[2026-08-12T20:08:54.778+0000] {processor.py:925} INFO - DAG(s) 'pipeline_lakehouse_medallion' retrieved from /opt/airflow/dags/dag_lakehouse_pipeline.py
[2026-08-12T20:08:54.898+0000] {logging_mixin.py:190} INFO - [2026-08-12T20:08:54.897+0000] {dag.py:3211} INFO - Sync 1 DAGs
[2026-08-12T20:08:54.931+0000] {logging_mixin.py:190} INFO - [2026-08-12T20:08:54.930+0000] {dag.py:4138} INFO - Setting next_dagrun for pipeline_lakehouse_medallion to None, run_after=None
[2026-08-12T20:08:54.989+0000] {processor.py:208} INFO - Processing /opt/airflow/dags/dag_lakehouse_pipeline.py took 0.355 seconds
[2026-08-12T20:09:25.211+0000] {processor.py:186} INFO - Started process (PID=9271) to work on /opt/airflow/dags/dag_lakehouse_pipeline.py
[2026-08-12T20:09:25.213+0000] {processor.py:914} INFO - Processing file /opt/airflow/dags/dag_lakehouse_pipeline.py for tasks to queue
[2026-08-12T20:09:25.215+0000] {logging_mixin.py:190} INFO - [2026-08-12T20:09:25.214+0000] {dagbag.py:587} INFO - Filling up the DagBag from /opt/airflow/dags/dag_lakehouse_pipeline.py
[2026-08-12T20:09:25.257+0000] {processor.py:925} INFO - DAG(s) 'pipeline_lakehouse_medallion' retrieved from /opt/airflow/dags/dag_lakehouse_pipeline.py
[2026-08-12T20:09:25.292+0000] {logging_mixin.py:190} INFO - [2026-08-12T20:09:25.291+0000] {dag.py:3211} INFO - Sync 1 DAGs
[2026-08-12T20:09:25.309+0000] {logging_mixin.py:190} INFO - [2026-08-12T20:09:25.309+0000] {dag.py:4138} INFO - Setting next_dagrun for pipeline_lakehouse_medallion to None, run_after=None
[2026-08-12T20:09:25.335+0000] {processor.py:208} INFO - Processing /opt/airflow/dags/dag_lakehouse_pipeline.py took 0.131 seconds
[2026-08-12T20:09:56.055+0000] {processor.py:186} INFO - Started process (PID=9281) to work on /opt/airflow/dags/dag_lakehouse_pipeline.py
[2026-08-12T20:09:56.057+0000] {processor.py:914} INFO - Processing file /opt/airflow/dags/dag_lakehouse_pipeline.py for tasks to queue
[2026-08-12T20:09:56.059+0000] {logging_mixin.py:190} INFO - [2026-08-12T20:09:56.058+0000] {dagbag.py:587} INFO - Filling up the DagBag from /opt/airflow/dags/dag_lakehouse_pipeline.py
[2026-08-12T20:09:56.097+0000] {processor.py:925} INFO - DAG(s) 'pipeline_lakehouse_medallion' retrieved from /opt/airflow/dags/dag_lakehouse_pipeline.py
[2026-08-12T20:09:56.141+0000] {logging_mixin.py:190} INFO - [2026-08-12T20:09:56.141+0000] {dag.py:3211} INFO - Sync 1 DAGs
[2026-08-12T20:09:56.161+0000] {logging_mixin.py:190} INFO - [2026-08-12T20:09:56.160+0000] {dag.py:4138} INFO - Setting next_dagrun for pipeline_lakehouse_medallion to None, run_after=None
[2026-08-12T20:09:56.194+0000] {processor.py:208} INFO - Processing /opt/airflow/dags/dag_lakehouse_pipeline.py took 0.147 seconds
[2026-08-12T20:10:27.033+0000] {processor.py:186} INFO - Started process (PID=9291) to work on /opt/airflow/dags/dag_lakehouse_pipeline.py
[2026-08-12T20:10:27.038+0000] {processor.py:914} INFO - Processing file /opt/airflow/dags/dag_lakehouse_pipeline.py for tasks to queue
[2026-08-12T20:10:27.045+0000] {logging_mixin.py:190} INFO - [2026-08-12T20:10:27.043+0000] {dagbag.py:587} INFO - Filling up the DagBag from /opt/airflow/dags/dag_lakehouse_pipeline.py
[2026-08-12T20:10:27.119+0000] {processor.py:925} INFO - DAG(s) 'pipeline_lakehouse_medallion' retrieved from /opt/airflow/dags/dag_lakehouse_pipeline.py
[2026-08-12T20:10:27.194+0000] {logging_mixin.py:190} INFO - [2026-08-12T20:10:27.193+0000] {dag.py:3211} INFO - Sync 1 DAGs
[2026-08-12T20:10:27.231+0000] {logging_mixin.py:190} INFO - [2026-08-12T20:10:27.230+0000] {dag.py:4138} INFO - Setting next_dagrun for pipeline_lakehouse_medallion to None, run_after=None
[2026-08-12T20:10:27.306+0000] {processor.py:208} INFO - Processing /opt/airflow/dags/dag_lakehouse_pipeline.py took 0.287 seconds
[2026-08-12T20:10:57.917+0000] {processor.py:186} INFO - Started process (PID=9301) to work on /opt/airflow/dags/dag_lakehouse_pipeline.py
[2026-08-12T20:10:57.918+0000] {processor.py:914} INFO - Processing file /opt/airflow/dags/dag_lakehouse_pipeline.py for tasks to queue
[2026-08-12T20:10:57.920+0000] {logging_mixin.py:190} INFO - [2026-08-12T20:10:57.920+0000] {dagbag.py:587} INFO - Filling up the DagBag from /opt/airflow/dags/dag_lakehouse_pipeline.py
[2026-08-12T20:10:57.956+0000] {processor.py:925} INFO - DAG(s) 'pipeline_lakehouse_medallion' retrieved from /opt/airflow/dags/dag_lakehouse_pipeline.py
[2026-08-12T20:10:57.986+0000] {logging_mixin.py:190} INFO - [2026-08-12T20:10:57.986+0000] {dag.py:3211} INFO - Sync 1 DAGs
[2026-08-12T20:10:58.000+0000] {logging_mixin.py:190} INFO - [2026-08-12T20:10:58.000+0000] {dag.py:4138} INFO - Setting next_dagrun for pipeline_lakehouse_medallion to None, run_after=None
[2026-08-12T20:10:58.041+0000] {processor.py:208} INFO - Processing /opt/airflow/dags/dag_lakehouse_pipeline.py took 0.131 seconds
[2026-08-12T20:11:28.651+0000] {processor.py:186} INFO - Started process (PID=9312) to work on /opt/airflow/dags/dag_lakehouse_pipeline.py
[2026-08-12T20:11:28.653+0000] {processor.py:914} INFO - Processing file /opt/airflow/dags/dag_lakehouse_pipeline.py for tasks to queue
[2026-08-12T20:11:28.656+0000] {logging_mixin.py:190} INFO - [2026-08-12T20:11:28.655+0000] {dagbag.py:587} INFO - Filling up the DagBag from /opt/airflow/dags/dag_lakehouse_pipeline.py
[2026-08-12T20:11:28.696+0000] {processor.py:925} INFO - DAG(s) 'pipeline_lakehouse_medallion' retrieved from /opt/airflow/dags/dag_lakehouse_pipeline.py
[2026-08-12T20:11:28.743+0000] {logging_mixin.py:190} INFO - [2026-08-12T20:11:28.743+0000] {dag.py:3211} INFO - Sync 1 DAGs
[2026-08-12T20:11:28.767+0000] {logging_mixin.py:190} INFO - [2026-08-12T20:11:28.766+0000] {dag.py:4138} INFO - Setting next_dagrun for pipeline_lakehouse_medallion to None, run_after=None
[2026-08-12T20:11:28.812+0000] {processor.py:208} INFO - Processing /opt/airflow/dags/dag_lakehouse_pipeline.py took 0.169 seconds
[2026-08-12T20:11:59.479+0000] {processor.py:186} INFO - Started process (PID=9322) to work on /opt/airflow/dags/dag_lakehouse_pipeline.py
[2026-08-12T20:11:59.482+0000] {processor.py:914} INFO - Processing file /opt/airflow/dags/dag_lakehouse_pipeline.py for tasks to queue
[2026-08-12T20:11:59.487+0000] {logging_mixin.py:190} INFO - [2026-08-12T20:11:59.486+0000] {dagbag.py:587} INFO - Filling up the DagBag from /opt/airflow/dags/dag_lakehouse_pipeline.py
[2026-08-12T20:11:59.544+0000] {processor.py:925} INFO - DAG(s) 'pipeline_lakehouse_medallion' retrieved from /opt/airflow/dags/dag_lakehouse_pipeline.py
[2026-08-12T20:11:59.632+0000] {logging_mixin.py:190} INFO - [2026-08-12T20:11:59.631+0000] {dag.py:3211} INFO - Sync 1 DAGs
[2026-08-12T20:11:59.687+0000] {logging_mixin.py:190} INFO - [2026-08-12T20:11:59.686+0000] {dag.py:4138} INFO - Setting next_dagrun for pipeline_lakehouse_medallion to None, run_after=None
[2026-08-12T20:11:59.791+0000] {processor.py:208} INFO - Processing /opt/airflow/dags/dag_lakehouse_pipeline.py took 0.324 seconds
[2026-08-12T20:12:30.557+0000] {processor.py:186} INFO - Started process (PID=9332) to work on /opt/airflow/dags/dag_lakehouse_pipeline.py
[2026-08-12T20:12:30.561+0000] {processor.py:914} INFO - Processing file /opt/airflow/dags/dag_lakehouse_pipeline.py for tasks to queue
[2026-08-12T20:12:30.566+0000] {logging_mixin.py:190} INFO - [2026-08-12T20:12:30.565+0000] {dagbag.py:587} INFO - Filling up the DagBag from /opt/airflow/dags/dag_lakehouse_pipeline.py
[2026-08-12T20:12:30.654+0000] {processor.py:925} INFO - DAG(s) 'pipeline_lakehouse_medallion' retrieved from /opt/airflow/dags/dag_lakehouse_pipeline.py
[2026-08-12T20:12:30.762+0000] {logging_mixin.py:190} INFO - [2026-08-12T20:12:30.761+0000] {dag.py:3211} INFO - Sync 1 DAGs
[2026-08-12T20:12:30.827+0000] {logging_mixin.py:190} INFO - [2026-08-12T20:12:30.826+0000] {dag.py:4138} INFO - Setting next_dagrun for pipeline_lakehouse_medallion to None, run_after=None
[2026-08-12T20:12:30.896+0000] {processor.py:208} INFO - Processing /opt/airflow/dags/dag_lakehouse_pipeline.py took 0.363 seconds
[2026-08-12T20:13:01.056+0000] {processor.py:186} INFO - Started process (PID=9335) to work on /opt/airflow/dags/dag_lakehouse_pipeline.py
[2026-08-12T20:13:01.060+0000] {processor.py:914} INFO - Processing file /opt/airflow/dags/dag_lakehouse_pipeline.py for tasks to queue
[2026-08-12T20:13:01.064+0000] {logging_mixin.py:190} INFO - [2026-08-12T20:13:01.063+0000] {dagbag.py:587} INFO - Filling up the DagBag from /opt/airflow/dags/dag_lakehouse_pipeline.py
[2026-08-12T20:13:01.126+0000] {processor.py:925} INFO - DAG(s) 'pipeline_lakehouse_medallion' retrieved from /opt/airflow/dags/dag_lakehouse_pipeline.py
[2026-08-12T20:13:01.192+0000] {logging_mixin.py:190} INFO - [2026-08-12T20:13:01.191+0000] {dag.py:3211} INFO - Sync 1 DAGs
[2026-08-12T20:13:01.221+0000] {logging_mixin.py:190} INFO - [2026-08-12T20:13:01.220+0000] {dag.py:4138} INFO - Setting next_dagrun for pipeline_lakehouse_medallion to None, run_after=None
[2026-08-12T20:13:01.294+0000] {processor.py:208} INFO - Processing /opt/airflow/dags/dag_lakehouse_pipeline.py took 0.246 seconds
[2026-08-12T20:13:31.672+0000] {processor.py:186} INFO - Started process (PID=9345) to work on /opt/airflow/dags/dag_lakehouse_pipeline.py
[2026-08-12T20:13:31.674+0000] {processor.py:914} INFO - Processing file /opt/airflow/dags/dag_lakehouse_pipeline.py for tasks to queue
[2026-08-12T20:13:31.678+0000] {logging_mixin.py:190} INFO - [2026-08-12T20:13:31.678+0000] {dagbag.py:587} INFO - Filling up the DagBag from /opt/airflow/dags/dag_lakehouse_pipeline.py
[2026-08-12T20:13:31.728+0000] {processor.py:925} INFO - DAG(s) 'pipeline_lakehouse_medallion' retrieved from /opt/airflow/dags/dag_lakehouse_pipeline.py
[2026-08-12T20:13:31.766+0000] {logging_mixin.py:190} INFO - [2026-08-12T20:13:31.765+0000] {dag.py:3211} INFO - Sync 1 DAGs
[2026-08-12T20:13:31.783+0000] {logging_mixin.py:190} INFO - [2026-08-12T20:13:31.782+0000] {dag.py:4138} INFO - Setting next_dagrun for pipeline_lakehouse_medallion to None, run_after=None
[2026-08-12T20:13:31.820+0000] {processor.py:208} INFO - Processing /opt/airflow/dags/dag_lakehouse_pipeline.py took 0.156 seconds
[2026-08-12T20:14:02.386+0000] {processor.py:186} INFO - Started process (PID=9356) to work on /opt/airflow/dags/dag_lakehouse_pipeline.py
[2026-08-12T20:14:02.389+0000] {processor.py:914} INFO - Processing file /opt/airflow/dags/dag_lakehouse_pipeline.py for tasks to queue
[2026-08-12T20:14:02.393+0000] {logging_mixin.py:190} INFO - [2026-08-12T20:14:02.392+0000] {dagbag.py:587} INFO - Filling up the DagBag from /opt/airflow/dags/dag_lakehouse_pipeline.py
[2026-08-12T20:14:02.444+0000] {processor.py:925} INFO - DAG(s) 'pipeline_lakehouse_medallion' retrieved from /opt/airflow/dags/dag_lakehouse_pipeline.py
[2026-08-12T20:14:02.513+0000] {logging_mixin.py:190} INFO - [2026-08-12T20:14:02.513+0000] {dag.py:3211} INFO - Sync 1 DAGs
[2026-08-12T20:14:02.543+0000] {logging_mixin.py:190} INFO - [2026-08-12T20:14:02.542+0000] {dag.py:4138} INFO - Setting next_dagrun for pipeline_lakehouse_medallion to None, run_after=None
[2026-08-12T20:14:02.585+0000] {processor.py:208} INFO - Processing /opt/airflow/dags/dag_lakehouse_pipeline.py took 0.213 seconds
[2026-08-12T20:14:33.403+0000] {processor.py:186} INFO - Started process (PID=9366) to work on /opt/airflow/dags/dag_lakehouse_pipeline.py
[2026-08-12T20:14:33.406+0000] {processor.py:914} INFO - Processing file /opt/airflow/dags/dag_lakehouse_pipeline.py for tasks to queue
[2026-08-12T20:14:33.411+0000] {logging_mixin.py:190} INFO - [2026-08-12T20:14:33.410+0000] {dagbag.py:587} INFO - Filling up the DagBag from /opt/airflow/dags/dag_lakehouse_pipeline.py
[2026-08-12T20:14:33.474+0000] {processor.py:925} INFO - DAG(s) 'pipeline_lakehouse_medallion' retrieved from /opt/airflow/dags/dag_lakehouse_pipeline.py
[2026-08-12T20:14:33.541+0000] {logging_mixin.py:190} INFO - [2026-08-12T20:14:33.540+0000] {dag.py:3211} INFO - Sync 1 DAGs
[2026-08-12T20:14:33.568+0000] {logging_mixin.py:190} INFO - [2026-08-12T20:14:33.568+0000] {dag.py:4138} INFO - Setting next_dagrun for pipeline_lakehouse_medallion to None, run_after=None
[2026-08-12T20:14:33.625+0000] {processor.py:208} INFO - Processing /opt/airflow/dags/dag_lakehouse_pipeline.py took 0.239 seconds
[2026-08-12T20:15:04.213+0000] {processor.py:186} INFO - Started process (PID=9376) to work on /opt/airflow/dags/dag_lakehouse_pipeline.py
[2026-08-12T20:15:04.216+0000] {processor.py:914} INFO - Processing file /opt/airflow/dags/dag_lakehouse_pipeline.py for tasks to queue
[2026-08-12T20:15:04.221+0000] {logging_mixin.py:190} INFO - [2026-08-12T20:15:04.220+0000] {dagbag.py:587} INFO - Filling up the DagBag from /opt/airflow/dags/dag_lakehouse_pipeline.py
[2026-08-12T20:15:04.276+0000] {processor.py:925} INFO - DAG(s) 'pipeline_lakehouse_medallion' retrieved from /opt/airflow/dags/dag_lakehouse_pipeline.py
[2026-08-12T20:15:04.337+0000] {logging_mixin.py:190} INFO - [2026-08-12T20:15:04.337+0000] {dag.py:3211} INFO - Sync 1 DAGs
[2026-08-12T20:15:04.370+0000] {logging_mixin.py:190} INFO - [2026-08-12T20:15:04.369+0000] {dag.py:4138} INFO - Setting next_dagrun for pipeline_lakehouse_medallion to None, run_after=None
[2026-08-12T20:15:04.433+0000] {processor.py:208} INFO - Processing /opt/airflow/dags/dag_lakehouse_pipeline.py took 0.235 seconds
[2026-08-12T20:15:34.982+0000] {processor.py:186} INFO - Started process (PID=9386) to work on /opt/airflow/dags/dag_lakehouse_pipeline.py
[2026-08-12T20:15:34.985+0000] {processor.py:914} INFO - Processing file /opt/airflow/dags/dag_lakehouse_pipeline.py for tasks to queue
[2026-08-12T20:15:34.989+0000] {logging_mixin.py:190} INFO - [2026-08-12T20:15:34.988+0000] {dagbag.py:587} INFO - Filling up the DagBag from /opt/airflow/dags/dag_lakehouse_pipeline.py
[2026-08-12T20:15:35.045+0000] {processor.py:925} INFO - DAG(s) 'pipeline_lakehouse_medallion' retrieved from /opt/airflow/dags/dag_lakehouse_pipeline.py
[2026-08-12T20:15:35.139+0000] {logging_mixin.py:190} INFO - [2026-08-12T20:15:35.138+0000] {dag.py:3211} INFO - Sync 1 DAGs
[2026-08-12T20:15:35.165+0000] {logging_mixin.py:190} INFO - [2026-08-12T20:15:35.165+0000] {dag.py:4138} INFO - Setting next_dagrun for pipeline_lakehouse_medallion to None, run_after=None
[2026-08-12T20:15:35.209+0000] {processor.py:208} INFO - Processing /opt/airflow/dags/dag_lakehouse_pipeline.py took 0.236 seconds
[2026-08-12T20:16:05.768+0000] {processor.py:186} INFO - Started process (PID=9396) to work on /opt/airflow/dags/dag_lakehouse_pipeline.py
[2026-08-12T20:16:05.772+0000] {processor.py:914} INFO - Processing file /opt/airflow/dags/dag_lakehouse_pipeline.py for tasks to queue
[2026-08-12T20:16:05.779+0000] {logging_mixin.py:190} INFO - [2026-08-12T20:16:05.777+0000] {dagbag.py:587} INFO - Filling up the DagBag from /opt/airflow/dags/dag_lakehouse_pipeline.py
[2026-08-12T20:16:05.855+0000] {processor.py:925} INFO - DAG(s) 'pipeline_lakehouse_medallion' retrieved from /opt/airflow/dags/dag_lakehouse_pipeline.py
[2026-08-12T20:16:05.937+0000] {logging_mixin.py:190} INFO - [2026-08-12T20:16:05.936+0000] {dag.py:3211} INFO - Sync 1 DAGs
[2026-08-12T20:16:05.968+0000] {logging_mixin.py:190} INFO - [2026-08-12T20:16:05.967+0000] {dag.py:4138} INFO - Setting next_dagrun for pipeline_lakehouse_medallion to None, run_after=None
[2026-08-12T20:16:06.035+0000] {processor.py:208} INFO - Processing /opt/airflow/dags/dag_lakehouse_pipeline.py took 0.294 seconds
[2026-08-12T20:16:36.855+0000] {processor.py:186} INFO - Started process (PID=9399) to work on /opt/airflow/dags/dag_lakehouse_pipeline.py
[2026-08-12T20:16:36.858+0000] {processor.py:914} INFO - Processing file /opt/airflow/dags/dag_lakehouse_pipeline.py for tasks to queue
[2026-08-12T20:16:36.861+0000] {logging_mixin.py:190} INFO - [2026-08-12T20:16:36.860+0000] {dagbag.py:587} INFO - Filling up the DagBag from /opt/airflow/dags/dag_lakehouse_pipeline.py
[2026-08-12T20:16:36.916+0000] {processor.py:925} INFO - DAG(s) 'pipeline_lakehouse_medallion' retrieved from /opt/airflow/dags/dag_lakehouse_pipeline.py
[2026-08-12T20:16:37.020+0000] {logging_mixin.py:190} INFO - [2026-08-12T20:16:37.019+0000] {dag.py:3211} INFO - Sync 1 DAGs
[2026-08-12T20:16:37.052+0000] {logging_mixin.py:190} INFO - [2026-08-12T20:16:37.052+0000] {dag.py:4138} INFO - Setting next_dagrun for pipeline_lakehouse_medallion to None, run_after=None
[2026-08-12T20:16:37.108+0000] {processor.py:208} INFO - Processing /opt/airflow/dags/dag_lakehouse_pipeline.py took 0.277 seconds
[2026-08-12T20:17:07.341+0000] {processor.py:186} INFO - Started process (PID=9409) to work on /opt/airflow/dags/dag_lakehouse_pipeline.py
[2026-08-12T20:17:07.343+0000] {processor.py:914} INFO - Processing file /opt/airflow/dags/dag_lakehouse_pipeline.py for tasks to queue
[2026-08-12T20:17:07.347+0000] {logging_mixin.py:190} INFO - [2026-08-12T20:17:07.346+0000] {dagbag.py:587} INFO - Filling up the DagBag from /opt/airflow/dags/dag_lakehouse_pipeline.py
[2026-08-12T20:17:07.394+0000] {processor.py:925} INFO - DAG(s) 'pipeline_lakehouse_medallion' retrieved from /opt/airflow/dags/dag_lakehouse_pipeline.py
[2026-08-12T20:17:07.435+0000] {logging_mixin.py:190} INFO - [2026-08-12T20:17:07.435+0000] {dag.py:3211} INFO - Sync 1 DAGs
[2026-08-12T20:17:07.456+0000] {logging_mixin.py:190} INFO - [2026-08-12T20:17:07.456+0000] {dag.py:4138} INFO - Setting next_dagrun for pipeline_lakehouse_medallion to None, run_after=None
[2026-08-12T20:17:07.501+0000] {processor.py:208} INFO - Processing /opt/airflow/dags/dag_lakehouse_pipeline.py took 0.169 seconds
[2026-08-12T20:17:37.717+0000] {processor.py:186} INFO - Started process (PID=9419) to work on /opt/airflow/dags/dag_lakehouse_pipeline.py
[2026-08-12T20:17:37.720+0000] {processor.py:914} INFO - Processing file /opt/airflow/dags/dag_lakehouse_pipeline.py for tasks to queue
[2026-08-12T20:17:37.723+0000] {logging_mixin.py:190} INFO - [2026-08-12T20:17:37.722+0000] {dagbag.py:587} INFO - Filling up the DagBag from /opt/airflow/dags/dag_lakehouse_pipeline.py
[2026-08-12T20:17:37.764+0000] {processor.py:925} INFO - DAG(s) 'pipeline_lakehouse_medallion' retrieved from /opt/airflow/dags/dag_lakehouse_pipeline.py
[2026-08-12T20:17:37.826+0000] {logging_mixin.py:190} INFO - [2026-08-12T20:17:37.825+0000] {dag.py:3211} INFO - Sync 1 DAGs
[2026-08-12T20:17:37.849+0000] {logging_mixin.py:190} INFO - [2026-08-12T20:17:37.849+0000] {dag.py:4138} INFO - Setting next_dagrun for pipeline_lakehouse_medallion to None, run_after=None
[2026-08-12T20:17:37.882+0000] {processor.py:208} INFO - Processing /opt/airflow/dags/dag_lakehouse_pipeline.py took 0.174 seconds
[2026-08-12T20:17:43.026+0000] {processor.py:186} INFO - Started process (PID=9421) to work on /opt/airflow/dags/dag_lakehouse_pipeline.py
[2026-08-12T20:17:43.029+0000] {processor.py:914} INFO - Processing file /opt/airflow/dags/dag_lakehouse_pipeline.py for tasks to queue
[2026-08-12T20:17:43.031+0000] {logging_mixin.py:190} INFO - [2026-08-12T20:17:43.031+0000] {dagbag.py:587} INFO - Filling up the DagBag from /opt/airflow/dags/dag_lakehouse_pipeline.py
[2026-08-12T20:17:43.076+0000] {processor.py:925} INFO - DAG(s) 'pipeline_lakehouse_medallion' retrieved from /opt/airflow/dags/dag_lakehouse_pipeline.py
[2026-08-12T20:17:43.130+0000] {logging_mixin.py:190} INFO - [2026-08-12T20:17:43.130+0000] {dag.py:3211} INFO - Sync 1 DAGs
[2026-08-12T20:17:43.163+0000] {logging_mixin.py:190} INFO - [2026-08-12T20:17:43.162+0000] {dag.py:4138} INFO - Setting next_dagrun for pipeline_lakehouse_medallion to None, run_after=None
[2026-08-12T20:17:43.208+0000] {processor.py:208} INFO - Processing /opt/airflow/dags/dag_lakehouse_pipeline.py took 0.191 seconds
[2026-08-12T20:18:13.802+0000] {processor.py:186} INFO - Started process (PID=9431) to work on /opt/airflow/dags/dag_lakehouse_pipeline.py
[2026-08-12T20:18:13.804+0000] {processor.py:914} INFO - Processing file /opt/airflow/dags/dag_lakehouse_pipeline.py for tasks to queue
[2026-08-12T20:18:13.808+0000] {logging_mixin.py:190} INFO - [2026-08-12T20:18:13.807+0000] {dagbag.py:587} INFO - Filling up the DagBag from /opt/airflow/dags/dag_lakehouse_pipeline.py
[2026-08-12T20:18:13.865+0000] {processor.py:925} INFO - DAG(s) 'pipeline_lakehouse_medallion' retrieved from /opt/airflow/dags/dag_lakehouse_pipeline.py
[2026-08-12T20:18:13.919+0000] {logging_mixin.py:190} INFO - [2026-08-12T20:18:13.918+0000] {dag.py:3211} INFO - Sync 1 DAGs
[2026-08-12T20:18:13.941+0000] {logging_mixin.py:190} INFO - [2026-08-12T20:18:13.941+0000] {dag.py:4138} INFO - Setting next_dagrun for pipeline_lakehouse_medallion to None, run_after=None
[2026-08-12T20:18:13.995+0000] {processor.py:208} INFO - Processing /opt/airflow/dags/dag_lakehouse_pipeline.py took 0.209 seconds
[2026-08-12T20:18:44.606+0000] {processor.py:186} INFO - Started process (PID=9441) to work on /opt/airflow/dags/dag_lakehouse_pipeline.py
[2026-08-12T20:18:44.610+0000] {processor.py:914} INFO - Processing file /opt/airflow/dags/dag_lakehouse_pipeline.py for tasks to queue
[2026-08-12T20:18:44.620+0000] {logging_mixin.py:190} INFO - [2026-08-12T20:18:44.618+0000] {dagbag.py:587} INFO - Filling up the DagBag from /opt/airflow/dags/dag_lakehouse_pipeline.py
[2026-08-12T20:18:44.725+0000] {processor.py:925} INFO - DAG(s) 'pipeline_lakehouse_medallion' retrieved from /opt/airflow/dags/dag_lakehouse_pipeline.py
[2026-08-12T20:18:44.839+0000] {logging_mixin.py:190} INFO - [2026-08-12T20:18:44.838+0000] {dag.py:3211} INFO - Sync 1 DAGs
[2026-08-12T20:18:44.901+0000] {logging_mixin.py:190} INFO - [2026-08-12T20:18:44.900+0000] {dag.py:4138} INFO - Setting next_dagrun for pipeline_lakehouse_medallion to None, run_after=None
[2026-08-12T20:18:44.994+0000] {processor.py:208} INFO - Processing /opt/airflow/dags/dag_lakehouse_pipeline.py took 0.416 seconds
[2026-08-12T20:18:48.188+0000] {processor.py:186} INFO - Started process (PID=9442) to work on /opt/airflow/dags/dag_lakehouse_pipeline.py
[2026-08-12T20:18:48.192+0000] {processor.py:914} INFO - Processing file /opt/airflow/dags/dag_lakehouse_pipeline.py for tasks to queue
[2026-08-12T20:18:48.195+0000] {logging_mixin.py:190} INFO - [2026-08-12T20:18:48.195+0000] {dagbag.py:587} INFO - Filling up the DagBag from /opt/airflow/dags/dag_lakehouse_pipeline.py
[2026-08-12T20:18:48.281+0000] {processor.py:925} INFO - DAG(s) 'pipeline_lakehouse_medallion' retrieved from /opt/airflow/dags/dag_lakehouse_pipeline.py
[2026-08-12T20:18:48.336+0000] {logging_mixin.py:190} INFO - [2026-08-12T20:18:48.336+0000] {dag.py:3211} INFO - Sync 1 DAGs
[2026-08-12T20:18:48.360+0000] {logging_mixin.py:190} INFO - [2026-08-12T20:18:48.359+0000] {dag.py:4138} INFO - Setting next_dagrun for pipeline_lakehouse_medallion to None, run_after=None
[2026-08-12T20:18:48.417+0000] {processor.py:208} INFO - Processing /opt/airflow/dags/dag_lakehouse_pipeline.py took 0.244 seconds
[2026-08-12T20:19:19.431+0000] {processor.py:186} INFO - Started process (PID=9457) to work on /opt/airflow/dags/dag_lakehouse_pipeline.py
[2026-08-12T20:19:19.454+0000] {processor.py:914} INFO - Processing file /opt/airflow/dags/dag_lakehouse_pipeline.py for tasks to queue
[2026-08-12T20:19:19.504+0000] {logging_mixin.py:190} INFO - [2026-08-12T20:19:19.495+0000] {dagbag.py:587} INFO - Filling up the DagBag from /opt/airflow/dags/dag_lakehouse_pipeline.py
[2026-08-12T20:19:19.979+0000] {processor.py:925} INFO - DAG(s) 'pipeline_lakehouse_medallion' retrieved from /opt/airflow/dags/dag_lakehouse_pipeline.py
[2026-08-12T20:19:20.319+0000] {logging_mixin.py:190} INFO - [2026-08-12T20:19:20.317+0000] {dag.py:3211} INFO - Sync 1 DAGs
[2026-08-12T20:19:20.502+0000] {logging_mixin.py:190} INFO - [2026-08-12T20:19:20.501+0000] {dag.py:4138} INFO - Setting next_dagrun for pipeline_lakehouse_medallion to None, run_after=None
[2026-08-12T20:19:20.723+0000] {processor.py:208} INFO - Processing /opt/airflow/dags/dag_lakehouse_pipeline.py took 1.387 seconds
[2026-08-12T20:19:51.159+0000] {processor.py:186} INFO - Started process (PID=9460) to work on /opt/airflow/dags/dag_lakehouse_pipeline.py
[2026-08-12T20:19:51.161+0000] {processor.py:914} INFO - Processing file /opt/airflow/dags/dag_lakehouse_pipeline.py for tasks to queue
[2026-08-12T20:19:51.164+0000] {logging_mixin.py:190} INFO - [2026-08-12T20:19:51.164+0000] {dagbag.py:587} INFO - Filling up the DagBag from /opt/airflow/dags/dag_lakehouse_pipeline.py
[2026-08-12T20:19:51.214+0000] {processor.py:925} INFO - DAG(s) 'pipeline_lakehouse_medallion' retrieved from /opt/airflow/dags/dag_lakehouse_pipeline.py
[2026-08-12T20:19:51.270+0000] {logging_mixin.py:190} INFO - [2026-08-12T20:19:51.270+0000] {dag.py:3211} INFO - Sync 1 DAGs
[2026-08-12T20:19:51.298+0000] {logging_mixin.py:190} INFO - [2026-08-12T20:19:51.297+0000] {dag.py:4138} INFO - Setting next_dagrun for pipeline_lakehouse_medallion to None, run_after=None
[2026-08-12T20:19:51.341+0000] {processor.py:208} INFO - Processing /opt/airflow/dags/dag_lakehouse_pipeline.py took 0.194 seconds
[2026-08-12T20:20:22.131+0000] {processor.py:186} INFO - Started process (PID=9480) to work on /opt/airflow/dags/dag_lakehouse_pipeline.py
[2026-08-12T20:20:22.180+0000] {processor.py:914} INFO - Processing file /opt/airflow/dags/dag_lakehouse_pipeline.py for tasks to queue
[2026-08-12T20:20:22.246+0000] {logging_mixin.py:190} INFO - [2026-08-12T20:20:22.244+0000] {dagbag.py:587} INFO - Filling up the DagBag from /opt/airflow/dags/dag_lakehouse_pipeline.py
[2026-08-12T20:20:22.658+0000] {processor.py:925} INFO - DAG(s) 'pipeline_lakehouse_medallion' retrieved from /opt/airflow/dags/dag_lakehouse_pipeline.py
[2026-08-12T20:20:23.012+0000] {logging_mixin.py:190} INFO - [2026-08-12T20:20:23.010+0000] {dag.py:3211} INFO - Sync 1 DAGs
[2026-08-12T20:20:23.231+0000] {logging_mixin.py:190} INFO - [2026-08-12T20:20:23.230+0000] {dag.py:4138} INFO - Setting next_dagrun for pipeline_lakehouse_medallion to None, run_after=None
[2026-08-12T20:20:23.426+0000] {processor.py:208} INFO - Processing /opt/airflow/dags/dag_lakehouse_pipeline.py took 1.416 seconds
[2026-08-12T20:20:42.366+0000] {processor.py:186} INFO - Started process (PID=9494) to work on /opt/airflow/dags/dag_lakehouse_pipeline.py
[2026-08-12T20:20:42.414+0000] {processor.py:914} INFO - Processing file /opt/airflow/dags/dag_lakehouse_pipeline.py for tasks to queue
[2026-08-12T20:20:42.542+0000] {logging_mixin.py:190} INFO - [2026-08-12T20:20:42.466+0000] {dagbag.py:587} INFO - Filling up the DagBag from /opt/airflow/dags/dag_lakehouse_pipeline.py
[2026-08-12T20:20:43.633+0000] {processor.py:925} INFO - DAG(s) 'pipeline_lakehouse_medallion' retrieved from /opt/airflow/dags/dag_lakehouse_pipeline.py
[2026-08-12T20:20:44.174+0000] {logging_mixin.py:190} INFO - [2026-08-12T20:20:44.172+0000] {dag.py:3211} INFO - Sync 1 DAGs
[2026-08-12T20:20:44.687+0000] {logging_mixin.py:190} INFO - [2026-08-12T20:20:44.686+0000] {dag.py:4138} INFO - Setting next_dagrun for pipeline_lakehouse_medallion to None, run_after=None
[2026-08-12T20:20:45.159+0000] {processor.py:208} INFO - Processing /opt/airflow/dags/dag_lakehouse_pipeline.py took 3.126 seconds
[2026-08-12T20:21:16.031+0000] {processor.py:186} INFO - Started process (PID=9513) to work on /opt/airflow/dags/dag_lakehouse_pipeline.py
[2026-08-12T20:21:16.041+0000] {processor.py:914} INFO - Processing file /opt/airflow/dags/dag_lakehouse_pipeline.py for tasks to queue
[2026-08-12T20:21:16.078+0000] {logging_mixin.py:190} INFO - [2026-08-12T20:21:16.075+0000] {dagbag.py:587} INFO - Filling up the DagBag from /opt/airflow/dags/dag_lakehouse_pipeline.py
[2026-08-12T20:21:16.356+0000] {processor.py:925} INFO - DAG(s) 'pipeline_lakehouse_medallion' retrieved from /opt/airflow/dags/dag_lakehouse_pipeline.py
[2026-08-12T20:21:16.728+0000] {logging_mixin.py:190} INFO - [2026-08-12T20:21:16.727+0000] {dag.py:3211} INFO - Sync 1 DAGs
[2026-08-12T20:21:17.265+0000] {logging_mixin.py:190} INFO - [2026-08-12T20:21:17.264+0000] {dag.py:4138} INFO - Setting next_dagrun for pipeline_lakehouse_medallion to None, run_after=None
[2026-08-12T20:21:17.653+0000] {processor.py:208} INFO - Processing /opt/airflow/dags/dag_lakehouse_pipeline.py took 1.743 seconds
[2026-08-12T20:21:48.507+0000] {processor.py:186} INFO - Started process (PID=9516) to work on /opt/airflow/dags/dag_lakehouse_pipeline.py
[2026-08-12T20:21:48.515+0000] {processor.py:914} INFO - Processing file /opt/airflow/dags/dag_lakehouse_pipeline.py for tasks to queue
[2026-08-12T20:21:48.538+0000] {logging_mixin.py:190} INFO - [2026-08-12T20:21:48.526+0000] {dagbag.py:587} INFO - Filling up the DagBag from /opt/airflow/dags/dag_lakehouse_pipeline.py
[2026-08-12T20:21:49.235+0000] {processor.py:925} INFO - DAG(s) 'pipeline_lakehouse_medallion' retrieved from /opt/airflow/dags/dag_lakehouse_pipeline.py
[2026-08-12T20:21:50.075+0000] {logging_mixin.py:190} INFO - [2026-08-12T20:21:50.073+0000] {dag.py:3211} INFO - Sync 1 DAGs
[2026-08-12T20:21:50.430+0000] {logging_mixin.py:190} INFO - [2026-08-12T20:21:50.429+0000] {dag.py:4138} INFO - Setting next_dagrun for pipeline_lakehouse_medallion to None, run_after=None
[2026-08-12T20:21:50.917+0000] {processor.py:208} INFO - Processing /opt/airflow/dags/dag_lakehouse_pipeline.py took 2.466 seconds
[2026-08-12T20:22:21.575+0000] {processor.py:186} INFO - Started process (PID=9526) to work on /opt/airflow/dags/dag_lakehouse_pipeline.py
[2026-08-12T20:22:21.589+0000] {processor.py:914} INFO - Processing file /opt/airflow/dags/dag_lakehouse_pipeline.py for tasks to queue
[2026-08-12T20:22:21.615+0000] {logging_mixin.py:190} INFO - [2026-08-12T20:22:21.609+0000] {dagbag.py:587} INFO - Filling up the DagBag from /opt/airflow/dags/dag_lakehouse_pipeline.py
[2026-08-12T20:22:22.303+0000] {processor.py:925} INFO - DAG(s) 'pipeline_lakehouse_medallion' retrieved from /opt/airflow/dags/dag_lakehouse_pipeline.py
[2026-08-12T20:22:22.627+0000] {logging_mixin.py:190} INFO - [2026-08-12T20:22:22.625+0000] {dag.py:3211} INFO - Sync 1 DAGs
[2026-08-12T20:22:22.830+0000] {logging_mixin.py:190} INFO - [2026-08-12T20:22:22.828+0000] {dag.py:4138} INFO - Setting next_dagrun for pipeline_lakehouse_medallion to None, run_after=None
[2026-08-12T20:22:23.043+0000] {processor.py:208} INFO - Processing /opt/airflow/dags/dag_lakehouse_pipeline.py took 1.550 seconds
[2026-08-12T20:22:53.324+0000] {processor.py:186} INFO - Started process (PID=9536) to work on /opt/airflow/dags/dag_lakehouse_pipeline.py
[2026-08-12T20:22:53.326+0000] {processor.py:914} INFO - Processing file /opt/airflow/dags/dag_lakehouse_pipeline.py for tasks to queue
[2026-08-12T20:22:53.329+0000] {logging_mixin.py:190} INFO - [2026-08-12T20:22:53.329+0000] {dagbag.py:587} INFO - Filling up the DagBag from /opt/airflow/dags/dag_lakehouse_pipeline.py
[2026-08-12T20:22:53.357+0000] {processor.py:925} INFO - DAG(s) 'pipeline_lakehouse_medallion' retrieved from /opt/airflow/dags/dag_lakehouse_pipeline.py
[2026-08-12T20:22:53.408+0000] {logging_mixin.py:190} INFO - [2026-08-12T20:22:53.408+0000] {dag.py:3211} INFO - Sync 1 DAGs
[2026-08-12T20:22:53.425+0000] {logging_mixin.py:190} INFO - [2026-08-12T20:22:53.425+0000] {dag.py:4138} INFO - Setting next_dagrun for pipeline_lakehouse_medallion to None, run_after=None
[2026-08-12T20:22:53.465+0000] {processor.py:208} INFO - Processing /opt/airflow/dags/dag_lakehouse_pipeline.py took 0.150 seconds
[2026-08-12T20:23:24.100+0000] {processor.py:186} INFO - Started process (PID=9546) to work on /opt/airflow/dags/dag_lakehouse_pipeline.py
[2026-08-12T20:23:24.104+0000] {processor.py:914} INFO - Processing file /opt/airflow/dags/dag_lakehouse_pipeline.py for tasks to queue
[2026-08-12T20:23:24.106+0000] {logging_mixin.py:190} INFO - [2026-08-12T20:23:24.106+0000] {dagbag.py:587} INFO - Filling up the DagBag from /opt/airflow/dags/dag_lakehouse_pipeline.py
[2026-08-12T20:23:24.158+0000] {processor.py:925} INFO - DAG(s) 'pipeline_lakehouse_medallion' retrieved from /opt/airflow/dags/dag_lakehouse_pipeline.py
[2026-08-12T20:23:24.215+0000] {logging_mixin.py:190} INFO - [2026-08-12T20:23:24.214+0000] {dag.py:3211} INFO - Sync 1 DAGs
[2026-08-12T20:23:24.240+0000] {logging_mixin.py:190} INFO - [2026-08-12T20:23:24.240+0000] {dag.py:4138} INFO - Setting next_dagrun for pipeline_lakehouse_medallion to None, run_after=None
[2026-08-12T20:23:24.275+0000] {processor.py:208} INFO - Processing /opt/airflow/dags/dag_lakehouse_pipeline.py took 0.186 seconds
[2026-08-12T20:23:54.909+0000] {processor.py:186} INFO - Started process (PID=9556) to work on /opt/airflow/dags/dag_lakehouse_pipeline.py
[2026-08-12T20:23:54.912+0000] {processor.py:914} INFO - Processing file /opt/airflow/dags/dag_lakehouse_pipeline.py for tasks to queue
[2026-08-12T20:23:54.916+0000] {logging_mixin.py:190} INFO - [2026-08-12T20:23:54.915+0000] {dagbag.py:587} INFO - Filling up the DagBag from /opt/airflow/dags/dag_lakehouse_pipeline.py
[2026-08-12T20:23:54.974+0000] {processor.py:925} INFO - DAG(s) 'pipeline_lakehouse_medallion' retrieved from /opt/airflow/dags/dag_lakehouse_pipeline.py
[2026-08-12T20:23:55.033+0000] {logging_mixin.py:190} INFO - [2026-08-12T20:23:55.032+0000] {dag.py:3211} INFO - Sync 1 DAGs
[2026-08-12T20:23:55.076+0000] {logging_mixin.py:190} INFO - [2026-08-12T20:23:55.075+0000] {dag.py:4138} INFO - Setting next_dagrun for pipeline_lakehouse_medallion to None, run_after=None
[2026-08-12T20:23:55.138+0000] {processor.py:208} INFO - Processing /opt/airflow/dags/dag_lakehouse_pipeline.py took 0.241 seconds
[2026-08-12T20:24:14.522+0000] {processor.py:186} INFO - Started process (PID=9558) to work on /opt/airflow/dags/dag_lakehouse_pipeline.py
[2026-08-12T20:24:14.525+0000] {processor.py:914} INFO - Processing file /opt/airflow/dags/dag_lakehouse_pipeline.py for tasks to queue
[2026-08-12T20:24:14.529+0000] {logging_mixin.py:190} INFO - [2026-08-12T20:24:14.528+0000] {dagbag.py:587} INFO - Filling up the DagBag from /opt/airflow/dags/dag_lakehouse_pipeline.py
[2026-08-12T20:24:14.568+0000] {processor.py:925} INFO - DAG(s) 'pipeline_lakehouse_medallion' retrieved from /opt/airflow/dags/dag_lakehouse_pipeline.py
[2026-08-12T20:24:14.611+0000] {logging_mixin.py:190} INFO - [2026-08-12T20:24:14.610+0000] {dag.py:3211} INFO - Sync 1 DAGs
[2026-08-12T20:24:14.632+0000] {logging_mixin.py:190} INFO - [2026-08-12T20:24:14.632+0000] {dag.py:4138} INFO - Setting next_dagrun for pipeline_lakehouse_medallion to None, run_after=None
[2026-08-12T20:24:14.675+0000] {processor.py:208} INFO - Processing /opt/airflow/dags/dag_lakehouse_pipeline.py took 0.162 seconds
[2026-08-12T20:24:45.429+0000] {processor.py:186} INFO - Started process (PID=9568) to work on /opt/airflow/dags/dag_lakehouse_pipeline.py
[2026-08-12T20:24:45.432+0000] {processor.py:914} INFO - Processing file /opt/airflow/dags/dag_lakehouse_pipeline.py for tasks to queue
[2026-08-12T20:24:45.437+0000] {logging_mixin.py:190} INFO - [2026-08-12T20:24:45.436+0000] {dagbag.py:587} INFO - Filling up the DagBag from /opt/airflow/dags/dag_lakehouse_pipeline.py
[2026-08-12T20:24:45.506+0000] {processor.py:925} INFO - DAG(s) 'pipeline_lakehouse_medallion' retrieved from /opt/airflow/dags/dag_lakehouse_pipeline.py
[2026-08-12T20:24:45.592+0000] {logging_mixin.py:190} INFO - [2026-08-12T20:24:45.591+0000] {dag.py:3211} INFO - Sync 1 DAGs
[2026-08-12T20:24:45.636+0000] {logging_mixin.py:190} INFO - [2026-08-12T20:24:45.635+0000] {dag.py:4138} INFO - Setting next_dagrun for pipeline_lakehouse_medallion to None, run_after=None
[2026-08-12T20:24:45.706+0000] {processor.py:208} INFO - Processing /opt/airflow/dags/dag_lakehouse_pipeline.py took 0.295 seconds
[2026-08-12T20:25:16.554+0000] {processor.py:186} INFO - Started process (PID=9578) to work on /opt/airflow/dags/dag_lakehouse_pipeline.py
[2026-08-12T20:25:16.556+0000] {processor.py:914} INFO - Processing file /opt/airflow/dags/dag_lakehouse_pipeline.py for tasks to queue
[2026-08-12T20:25:16.558+0000] {logging_mixin.py:190} INFO - [2026-08-12T20:25:16.558+0000] {dagbag.py:587} INFO - Filling up the DagBag from /opt/airflow/dags/dag_lakehouse_pipeline.py
[2026-08-12T20:25:16.608+0000] {processor.py:925} INFO - DAG(s) 'pipeline_lakehouse_medallion' retrieved from /opt/airflow/dags/dag_lakehouse_pipeline.py
[2026-08-12T20:25:16.657+0000] {logging_mixin.py:190} INFO - [2026-08-12T20:25:16.657+0000] {dag.py:3211} INFO - Sync 1 DAGs
[2026-08-12T20:25:16.678+0000] {logging_mixin.py:190} INFO - [2026-08-12T20:25:16.678+0000] {dag.py:4138} INFO - Setting next_dagrun for pipeline_lakehouse_medallion to None, run_after=None
[2026-08-12T20:25:16.712+0000] {processor.py:208} INFO - Processing /opt/airflow/dags/dag_lakehouse_pipeline.py took 0.166 seconds
[2026-08-12T20:25:47.262+0000] {processor.py:186} INFO - Started process (PID=9588) to work on /opt/airflow/dags/dag_lakehouse_pipeline.py
[2026-08-12T20:25:47.264+0000] {processor.py:914} INFO - Processing file /opt/airflow/dags/dag_lakehouse_pipeline.py for tasks to queue
[2026-08-12T20:25:47.266+0000] {logging_mixin.py:190} INFO - [2026-08-12T20:25:47.266+0000] {dagbag.py:587} INFO - Filling up the DagBag from /opt/airflow/dags/dag_lakehouse_pipeline.py
[2026-08-12T20:25:47.298+0000] {processor.py:925} INFO - DAG(s) 'pipeline_lakehouse_medallion' retrieved from /opt/airflow/dags/dag_lakehouse_pipeline.py
[2026-08-12T20:25:47.336+0000] {logging_mixin.py:190} INFO - [2026-08-12T20:25:47.335+0000] {dag.py:3211} INFO - Sync 1 DAGs
[2026-08-12T20:25:47.353+0000] {logging_mixin.py:190} INFO - [2026-08-12T20:25:47.352+0000] {dag.py:4138} INFO - Setting next_dagrun for pipeline_lakehouse_medallion to None, run_after=None
[2026-08-12T20:25:47.381+0000] {processor.py:208} INFO - Processing /opt/airflow/dags/dag_lakehouse_pipeline.py took 0.126 seconds
[2026-08-12T20:26:17.961+0000] {processor.py:186} INFO - Started process (PID=9598) to work on /opt/airflow/dags/dag_lakehouse_pipeline.py
[2026-08-12T20:26:17.963+0000] {processor.py:914} INFO - Processing file /opt/airflow/dags/dag_lakehouse_pipeline.py for tasks to queue
[2026-08-12T20:26:17.965+0000] {logging_mixin.py:190} INFO - [2026-08-12T20:26:17.965+0000] {dagbag.py:587} INFO - Filling up the DagBag from /opt/airflow/dags/dag_lakehouse_pipeline.py
[2026-08-12T20:26:18.023+0000] {processor.py:925} INFO - DAG(s) 'pipeline_lakehouse_medallion' retrieved from /opt/airflow/dags/dag_lakehouse_pipeline.py
[2026-08-12T20:26:18.059+0000] {logging_mixin.py:190} INFO - [2026-08-12T20:26:18.059+0000] {dag.py:3211} INFO - Sync 1 DAGs
[2026-08-12T20:26:18.075+0000] {logging_mixin.py:190} INFO - [2026-08-12T20:26:18.074+0000] {dag.py:4138} INFO - Setting next_dagrun for pipeline_lakehouse_medallion to None, run_after=None
[2026-08-12T20:26:18.098+0000] {processor.py:208} INFO - Processing /opt/airflow/dags/dag_lakehouse_pipeline.py took 0.143 seconds
[2026-08-12T20:26:48.666+0000] {processor.py:186} INFO - Started process (PID=9608) to work on /opt/airflow/dags/dag_lakehouse_pipeline.py
[2026-08-12T20:26:48.669+0000] {processor.py:914} INFO - Processing file /opt/airflow/dags/dag_lakehouse_pipeline.py for tasks to queue
[2026-08-12T20:26:48.671+0000] {logging_mixin.py:190} INFO - [2026-08-12T20:26:48.671+0000] {dagbag.py:587} INFO - Filling up the DagBag from /opt/airflow/dags/dag_lakehouse_pipeline.py
[2026-08-12T20:26:48.725+0000] {processor.py:925} INFO - DAG(s) 'pipeline_lakehouse_medallion' retrieved from /opt/airflow/dags/dag_lakehouse_pipeline.py
[2026-08-12T20:26:48.781+0000] {logging_mixin.py:190} INFO - [2026-08-12T20:26:48.780+0000] {dag.py:3211} INFO - Sync 1 DAGs
[2026-08-12T20:26:48.803+0000] {logging_mixin.py:190} INFO - [2026-08-12T20:26:48.802+0000] {dag.py:4138} INFO - Setting next_dagrun for pipeline_lakehouse_medallion to None, run_after=None
[2026-08-12T20:26:48.862+0000] {processor.py:208} INFO - Processing /opt/airflow/dags/dag_lakehouse_pipeline.py took 0.205 seconds
[2026-08-12T20:27:19.408+0000] {processor.py:186} INFO - Started process (PID=9618) to work on /opt/airflow/dags/dag_lakehouse_pipeline.py
[2026-08-12T20:27:19.410+0000] {processor.py:914} INFO - Processing file /opt/airflow/dags/dag_lakehouse_pipeline.py for tasks to queue
[2026-08-12T20:27:19.413+0000] {logging_mixin.py:190} INFO - [2026-08-12T20:27:19.412+0000] {dagbag.py:587} INFO - Filling up the DagBag from /opt/airflow/dags/dag_lakehouse_pipeline.py
[2026-08-12T20:27:19.463+0000] {processor.py:925} INFO - DAG(s) 'pipeline_lakehouse_medallion' retrieved from /opt/airflow/dags/dag_lakehouse_pipeline.py
[2026-08-12T20:27:19.513+0000] {logging_mixin.py:190} INFO - [2026-08-12T20:27:19.512+0000] {dag.py:3211} INFO - Sync 1 DAGs
[2026-08-12T20:27:19.545+0000] {logging_mixin.py:190} INFO - [2026-08-12T20:27:19.545+0000] {dag.py:4138} INFO - Setting next_dagrun for pipeline_lakehouse_medallion to None, run_after=None
[2026-08-12T20:27:19.604+0000] {processor.py:208} INFO - Processing /opt/airflow/dags/dag_lakehouse_pipeline.py took 0.206 seconds
[2026-08-12T20:27:50.451+0000] {processor.py:186} INFO - Started process (PID=9628) to work on /opt/airflow/dags/dag_lakehouse_pipeline.py
[2026-08-12T20:27:50.456+0000] {processor.py:914} INFO - Processing file /opt/airflow/dags/dag_lakehouse_pipeline.py for tasks to queue
[2026-08-12T20:27:50.468+0000] {logging_mixin.py:190} INFO - [2026-08-12T20:27:50.467+0000] {dagbag.py:587} INFO - Filling up the DagBag from /opt/airflow/dags/dag_lakehouse_pipeline.py
[2026-08-12T20:27:50.554+0000] {processor.py:925} INFO - DAG(s) 'pipeline_lakehouse_medallion' retrieved from /opt/airflow/dags/dag_lakehouse_pipeline.py
[2026-08-12T20:27:50.676+0000] {logging_mixin.py:190} INFO - [2026-08-12T20:27:50.676+0000] {dag.py:3211} INFO - Sync 1 DAGs
[2026-08-12T20:27:50.720+0000] {logging_mixin.py:190} INFO - [2026-08-12T20:27:50.719+0000] {dag.py:4138} INFO - Setting next_dagrun for pipeline_lakehouse_medallion to None, run_after=None
[2026-08-12T20:27:50.790+0000] {processor.py:208} INFO - Processing /opt/airflow/dags/dag_lakehouse_pipeline.py took 0.380 seconds
[2026-08-12T20:28:15.869+0000] {processor.py:186} INFO - Started process (PID=9891) to work on /opt/airflow/dags/dag_lakehouse_pipeline.py
[2026-08-12T20:28:15.876+0000] {processor.py:914} INFO - Processing file /opt/airflow/dags/dag_lakehouse_pipeline.py for tasks to queue
[2026-08-12T20:28:15.890+0000] {logging_mixin.py:190} INFO - [2026-08-12T20:28:15.888+0000] {dagbag.py:587} INFO - Filling up the DagBag from /opt/airflow/dags/dag_lakehouse_pipeline.py
[2026-08-12T20:28:15.992+0000] {processor.py:925} INFO - DAG(s) 'pipeline_lakehouse_medallion' retrieved from /opt/airflow/dags/dag_lakehouse_pipeline.py
[2026-08-12T20:28:16.136+0000] {logging_mixin.py:190} INFO - [2026-08-12T20:28:16.135+0000] {dag.py:3211} INFO - Sync 1 DAGs
[2026-08-12T20:28:16.202+0000] {logging_mixin.py:190} INFO - [2026-08-12T20:28:16.201+0000] {dag.py:4138} INFO - Setting next_dagrun for pipeline_lakehouse_medallion to None, run_after=None
[2026-08-12T20:28:16.292+0000] {processor.py:208} INFO - Processing /opt/airflow/dags/dag_lakehouse_pipeline.py took 0.447 seconds
[2026-08-12T20:29:17.756+0000] {processor.py:186} INFO - Started process (PID=10415) to work on /opt/airflow/dags/dag_lakehouse_pipeline.py
[2026-08-12T20:29:17.771+0000] {processor.py:914} INFO - Processing file /opt/airflow/dags/dag_lakehouse_pipeline.py for tasks to queue
[2026-08-12T20:29:17.783+0000] {logging_mixin.py:190} INFO - [2026-08-12T20:29:17.780+0000] {dagbag.py:587} INFO - Filling up the DagBag from /opt/airflow/dags/dag_lakehouse_pipeline.py
[2026-08-12T20:29:18.181+0000] {processor.py:925} INFO - DAG(s) 'pipeline_lakehouse_medallion' retrieved from /opt/airflow/dags/dag_lakehouse_pipeline.py
[2026-08-12T20:29:18.615+0000] {logging_mixin.py:190} INFO - [2026-08-12T20:29:18.609+0000] {dag.py:3211} INFO - Sync 1 DAGs
[2026-08-12T20:29:18.759+0000] {logging_mixin.py:190} INFO - [2026-08-12T20:29:18.757+0000] {dag.py:4138} INFO - Setting next_dagrun for pipeline_lakehouse_medallion to None, run_after=None
[2026-08-12T20:29:18.897+0000] {processor.py:208} INFO - Processing /opt/airflow/dags/dag_lakehouse_pipeline.py took 1.233 seconds
[2026-08-12T20:30:05.036+0000] {processor.py:186} INFO - Started process (PID=10929) to work on /opt/airflow/dags/dag_lakehouse_pipeline.py
[2026-08-12T20:30:05.041+0000] {processor.py:914} INFO - Processing file /opt/airflow/dags/dag_lakehouse_pipeline.py for tasks to queue
[2026-08-12T20:30:05.048+0000] {logging_mixin.py:190} INFO - [2026-08-12T20:30:05.046+0000] {dagbag.py:587} INFO - Filling up the DagBag from /opt/airflow/dags/dag_lakehouse_pipeline.py
[2026-08-12T20:30:05.120+0000] {processor.py:925} INFO - DAG(s) 'pipeline_lakehouse_medallion' retrieved from /opt/airflow/dags/dag_lakehouse_pipeline.py
[2026-08-12T20:30:05.244+0000] {logging_mixin.py:190} INFO - [2026-08-12T20:30:05.243+0000] {dag.py:3211} INFO - Sync 1 DAGs
[2026-08-12T20:30:05.299+0000] {logging_mixin.py:190} INFO - [2026-08-12T20:30:05.298+0000] {dag.py:4138} INFO - Setting next_dagrun for pipeline_lakehouse_medallion to None, run_after=None
[2026-08-12T20:30:05.385+0000] {processor.py:208} INFO - Processing /opt/airflow/dags/dag_lakehouse_pipeline.py took 0.370 seconds
[2026-08-12T20:30:49.284+0000] {processor.py:186} INFO - Started process (PID=11440) to work on /opt/airflow/dags/dag_lakehouse_pipeline.py
[2026-08-12T20:30:49.287+0000] {processor.py:914} INFO - Processing file /opt/airflow/dags/dag_lakehouse_pipeline.py for tasks to queue
[2026-08-12T20:30:49.296+0000] {logging_mixin.py:190} INFO - [2026-08-12T20:30:49.293+0000] {dagbag.py:587} INFO - Filling up the DagBag from /opt/airflow/dags/dag_lakehouse_pipeline.py
[2026-08-12T20:30:49.378+0000] {processor.py:925} INFO - DAG(s) 'pipeline_lakehouse_medallion' retrieved from /opt/airflow/dags/dag_lakehouse_pipeline.py
[2026-08-12T20:30:49.520+0000] {logging_mixin.py:190} INFO - [2026-08-12T20:30:49.518+0000] {dag.py:3211} INFO - Sync 1 DAGs
[2026-08-12T20:30:49.567+0000] {logging_mixin.py:190} INFO - [2026-08-12T20:30:49.567+0000] {dag.py:4138} INFO - Setting next_dagrun for pipeline_lakehouse_medallion to None, run_after=None
[2026-08-12T20:30:49.622+0000] {processor.py:208} INFO - Processing /opt/airflow/dags/dag_lakehouse_pipeline.py took 0.359 seconds
[2026-08-12T20:31:32.057+0000] {processor.py:186} INFO - Started process (PID=11942) to work on /opt/airflow/dags/dag_lakehouse_pipeline.py
[2026-08-12T20:31:32.062+0000] {processor.py:914} INFO - Processing file /opt/airflow/dags/dag_lakehouse_pipeline.py for tasks to queue
[2026-08-12T20:31:32.067+0000] {logging_mixin.py:190} INFO - [2026-08-12T20:31:32.066+0000] {dagbag.py:587} INFO - Filling up the DagBag from /opt/airflow/dags/dag_lakehouse_pipeline.py
[2026-08-12T20:31:32.192+0000] {processor.py:925} INFO - DAG(s) 'pipeline_lakehouse_medallion' retrieved from /opt/airflow/dags/dag_lakehouse_pipeline.py
[2026-08-12T20:31:32.403+0000] {logging_mixin.py:190} INFO - [2026-08-12T20:31:32.401+0000] {dag.py:3211} INFO - Sync 1 DAGs
[2026-08-12T20:31:32.490+0000] {logging_mixin.py:190} INFO - [2026-08-12T20:31:32.489+0000] {dag.py:4138} INFO - Setting next_dagrun for pipeline_lakehouse_medallion to None, run_after=None
[2026-08-12T20:31:32.586+0000] {processor.py:208} INFO - Processing /opt/airflow/dags/dag_lakehouse_pipeline.py took 0.566 seconds
[2026-08-12T20:32:03.529+0000] {processor.py:186} INFO - Started process (PID=12251) to work on /opt/airflow/dags/dag_lakehouse_pipeline.py
[2026-08-12T20:32:03.532+0000] {processor.py:914} INFO - Processing file /opt/airflow/dags/dag_lakehouse_pipeline.py for tasks to queue
[2026-08-12T20:32:03.543+0000] {logging_mixin.py:190} INFO - [2026-08-12T20:32:03.541+0000] {dagbag.py:587} INFO - Filling up the DagBag from /opt/airflow/dags/dag_lakehouse_pipeline.py
[2026-08-12T20:32:03.663+0000] {processor.py:925} INFO - DAG(s) 'pipeline_lakehouse_medallion' retrieved from /opt/airflow/dags/dag_lakehouse_pipeline.py
[2026-08-12T20:32:04.098+0000] {logging_mixin.py:190} INFO - [2026-08-12T20:32:04.091+0000] {dag.py:3211} INFO - Sync 1 DAGs
[2026-08-12T20:32:04.228+0000] {logging_mixin.py:190} INFO - [2026-08-12T20:32:04.227+0000] {dag.py:4138} INFO - Setting next_dagrun for pipeline_lakehouse_medallion to None, run_after=None
[2026-08-12T20:32:04.319+0000] {processor.py:208} INFO - Processing /opt/airflow/dags/dag_lakehouse_pipeline.py took 0.816 seconds
[2026-08-12T20:32:34.842+0000] {processor.py:186} INFO - Started process (PID=12713) to work on /opt/airflow/dags/dag_lakehouse_pipeline.py
[2026-08-12T20:32:34.843+0000] {processor.py:914} INFO - Processing file /opt/airflow/dags/dag_lakehouse_pipeline.py for tasks to queue
[2026-08-12T20:32:34.846+0000] {logging_mixin.py:190} INFO - [2026-08-12T20:32:34.845+0000] {dagbag.py:587} INFO - Filling up the DagBag from /opt/airflow/dags/dag_lakehouse_pipeline.py
[2026-08-12T20:32:34.883+0000] {processor.py:925} INFO - DAG(s) 'pipeline_lakehouse_medallion' retrieved from /opt/airflow/dags/dag_lakehouse_pipeline.py
[2026-08-12T20:32:34.911+0000] {logging_mixin.py:190} INFO - [2026-08-12T20:32:34.911+0000] {dag.py:3211} INFO - Sync 1 DAGs
[2026-08-12T20:32:34.925+0000] {logging_mixin.py:190} INFO - [2026-08-12T20:32:34.925+0000] {dag.py:4138} INFO - Setting next_dagrun for pipeline_lakehouse_medallion to None, run_after=None
[2026-08-12T20:32:34.967+0000] {processor.py:208} INFO - Processing /opt/airflow/dags/dag_lakehouse_pipeline.py took 0.132 seconds
[2026-08-12T20:33:08.003+0000] {processor.py:186} INFO - Started process (PID=13080) to work on /opt/airflow/dags/dag_lakehouse_pipeline.py
[2026-08-12T20:33:08.007+0000] {processor.py:914} INFO - Processing file /opt/airflow/dags/dag_lakehouse_pipeline.py for tasks to queue
[2026-08-12T20:33:08.016+0000] {logging_mixin.py:190} INFO - [2026-08-12T20:33:08.014+0000] {dagbag.py:587} INFO - Filling up the DagBag from /opt/airflow/dags/dag_lakehouse_pipeline.py
[2026-08-12T20:33:08.117+0000] {processor.py:925} INFO - DAG(s) 'pipeline_lakehouse_medallion' retrieved from /opt/airflow/dags/dag_lakehouse_pipeline.py
[2026-08-12T20:33:08.230+0000] {logging_mixin.py:190} INFO - [2026-08-12T20:33:08.229+0000] {dag.py:3211} INFO - Sync 1 DAGs
[2026-08-12T20:33:08.276+0000] {logging_mixin.py:190} INFO - [2026-08-12T20:33:08.276+0000] {dag.py:4138} INFO - Setting next_dagrun for pipeline_lakehouse_medallion to None, run_after=None
[2026-08-12T20:33:08.353+0000] {processor.py:208} INFO - Processing /opt/airflow/dags/dag_lakehouse_pipeline.py took 0.385 seconds
[2026-08-12T20:33:48.782+0000] {processor.py:186} INFO - Started process (PID=13457) to work on /opt/airflow/dags/dag_lakehouse_pipeline.py
[2026-08-12T20:33:48.786+0000] {processor.py:914} INFO - Processing file /opt/airflow/dags/dag_lakehouse_pipeline.py for tasks to queue
[2026-08-12T20:33:48.793+0000] {logging_mixin.py:190} INFO - [2026-08-12T20:33:48.791+0000] {dagbag.py:587} INFO - Filling up the DagBag from /opt/airflow/dags/dag_lakehouse_pipeline.py
[2026-08-12T20:33:48.927+0000] {processor.py:925} INFO - DAG(s) 'pipeline_lakehouse_medallion' retrieved from /opt/airflow/dags/dag_lakehouse_pipeline.py
[2026-08-12T20:33:49.240+0000] {logging_mixin.py:190} INFO - [2026-08-12T20:33:49.233+0000] {dag.py:3211} INFO - Sync 1 DAGs
[2026-08-12T20:33:49.335+0000] {logging_mixin.py:190} INFO - [2026-08-12T20:33:49.334+0000] {dag.py:4138} INFO - Setting next_dagrun for pipeline_lakehouse_medallion to None, run_after=None
[2026-08-12T20:33:49.500+0000] {processor.py:208} INFO - Processing /opt/airflow/dags/dag_lakehouse_pipeline.py took 0.757 seconds
[2026-08-12T20:34:20.183+0000] {processor.py:186} INFO - Started process (PID=13768) to work on /opt/airflow/dags/dag_lakehouse_pipeline.py
[2026-08-12T20:34:20.190+0000] {processor.py:914} INFO - Processing file /opt/airflow/dags/dag_lakehouse_pipeline.py for tasks to queue
[2026-08-12T20:34:20.202+0000] {logging_mixin.py:190} INFO - [2026-08-12T20:34:20.198+0000] {dagbag.py:587} INFO - Filling up the DagBag from /opt/airflow/dags/dag_lakehouse_pipeline.py
[2026-08-12T20:34:20.387+0000] {processor.py:925} INFO - DAG(s) 'pipeline_lakehouse_medallion' retrieved from /opt/airflow/dags/dag_lakehouse_pipeline.py
[2026-08-12T20:34:20.745+0000] {logging_mixin.py:190} INFO - [2026-08-12T20:34:20.743+0000] {dag.py:3211} INFO - Sync 1 DAGs
[2026-08-12T20:34:20.931+0000] {logging_mixin.py:190} INFO - [2026-08-12T20:34:20.929+0000] {dag.py:4138} INFO - Setting next_dagrun for pipeline_lakehouse_medallion to None, run_after=None
[2026-08-12T20:34:21.187+0000] {processor.py:208} INFO - Processing /opt/airflow/dags/dag_lakehouse_pipeline.py took 1.079 seconds
[2026-08-12T20:34:58.045+0000] {processor.py:186} INFO - Started process (PID=13934) to work on /opt/airflow/dags/dag_lakehouse_pipeline.py
[2026-08-12T20:34:58.076+0000] {processor.py:914} INFO - Processing file /opt/airflow/dags/dag_lakehouse_pipeline.py for tasks to queue
[2026-08-12T20:34:58.116+0000] {logging_mixin.py:190} INFO - [2026-08-12T20:34:58.113+0000] {dagbag.py:587} INFO - Filling up the DagBag from /opt/airflow/dags/dag_lakehouse_pipeline.py
[2026-08-12T20:34:58.467+0000] {processor.py:925} INFO - DAG(s) 'pipeline_lakehouse_medallion' retrieved from /opt/airflow/dags/dag_lakehouse_pipeline.py
[2026-08-12T20:34:59.189+0000] {logging_mixin.py:190} INFO - [2026-08-12T20:34:59.176+0000] {dag.py:3211} INFO - Sync 1 DAGs
[2026-08-12T20:34:59.458+0000] {logging_mixin.py:190} INFO - [2026-08-12T20:34:59.457+0000] {dag.py:4138} INFO - Setting next_dagrun for pipeline_lakehouse_medallion to None, run_after=None
[2026-08-12T20:34:59.753+0000] {processor.py:208} INFO - Processing /opt/airflow/dags/dag_lakehouse_pipeline.py took 1.806 seconds
[2026-08-12T20:35:53.690+0000] {processor.py:186} INFO - Started process (PID=14085) to work on /opt/airflow/dags/dag_lakehouse_pipeline.py
[2026-08-12T20:35:53.725+0000] {processor.py:914} INFO - Processing file /opt/airflow/dags/dag_lakehouse_pipeline.py for tasks to queue
[2026-08-12T20:35:53.870+0000] {logging_mixin.py:190} INFO - [2026-08-12T20:35:53.855+0000] {dagbag.py:587} INFO - Filling up the DagBag from /opt/airflow/dags/dag_lakehouse_pipeline.py
[2026-08-12T20:35:55.479+0000] {processor.py:925} INFO - DAG(s) 'pipeline_lakehouse_medallion' retrieved from /opt/airflow/dags/dag_lakehouse_pipeline.py
[2026-08-12T20:35:56.376+0000] {logging_mixin.py:190} INFO - [2026-08-12T20:35:56.374+0000] {dag.py:3211} INFO - Sync 1 DAGs
[2026-08-12T20:35:56.924+0000] {logging_mixin.py:190} INFO - [2026-08-12T20:35:56.914+0000] {dag.py:4138} INFO - Setting next_dagrun for pipeline_lakehouse_medallion to None, run_after=None
[2026-08-12T20:35:57.665+0000] {processor.py:208} INFO - Processing /opt/airflow/dags/dag_lakehouse_pipeline.py took 4.168 seconds
[2026-08-12T20:36:53.405+0000] {processor.py:186} INFO - Started process (PID=14454) to work on /opt/airflow/dags/dag_lakehouse_pipeline.py
[2026-08-12T20:36:53.410+0000] {processor.py:914} INFO - Processing file /opt/airflow/dags/dag_lakehouse_pipeline.py for tasks to queue
[2026-08-12T20:36:53.419+0000] {logging_mixin.py:190} INFO - [2026-08-12T20:36:53.417+0000] {dagbag.py:587} INFO - Filling up the DagBag from /opt/airflow/dags/dag_lakehouse_pipeline.py
[2026-08-12T20:36:53.564+0000] {processor.py:925} INFO - DAG(s) 'pipeline_lakehouse_medallion' retrieved from /opt/airflow/dags/dag_lakehouse_pipeline.py
[2026-08-12T20:36:53.811+0000] {logging_mixin.py:190} INFO - [2026-08-12T20:36:53.802+0000] {dag.py:3211} INFO - Sync 1 DAGs
[2026-08-12T20:36:53.935+0000] {logging_mixin.py:190} INFO - [2026-08-12T20:36:53.934+0000] {dag.py:4138} INFO - Setting next_dagrun for pipeline_lakehouse_medallion to None, run_after=None
[2026-08-12T20:36:54.058+0000] {processor.py:208} INFO - Processing /opt/airflow/dags/dag_lakehouse_pipeline.py took 0.690 seconds
[2026-08-12T20:37:24.732+0000] {processor.py:186} INFO - Started process (PID=14765) to work on /opt/airflow/dags/dag_lakehouse_pipeline.py
[2026-08-12T20:37:24.737+0000] {processor.py:914} INFO - Processing file /opt/airflow/dags/dag_lakehouse_pipeline.py for tasks to queue
[2026-08-12T20:37:24.742+0000] {logging_mixin.py:190} INFO - [2026-08-12T20:37:24.741+0000] {dagbag.py:587} INFO - Filling up the DagBag from /opt/airflow/dags/dag_lakehouse_pipeline.py
[2026-08-12T20:37:24.816+0000] {processor.py:925} INFO - DAG(s) 'pipeline_lakehouse_medallion' retrieved from /opt/airflow/dags/dag_lakehouse_pipeline.py
[2026-08-12T20:37:24.968+0000] {logging_mixin.py:190} INFO - [2026-08-12T20:37:24.967+0000] {dag.py:3211} INFO - Sync 1 DAGs
[2026-08-12T20:37:25.072+0000] {logging_mixin.py:190} INFO - [2026-08-12T20:37:25.072+0000] {dag.py:4138} INFO - Setting next_dagrun for pipeline_lakehouse_medallion to None, run_after=None
[2026-08-12T20:37:25.199+0000] {processor.py:208} INFO - Processing /opt/airflow/dags/dag_lakehouse_pipeline.py took 0.496 seconds
[2026-08-12T20:37:56.203+0000] {processor.py:186} INFO - Started process (PID=15157) to work on /opt/airflow/dags/dag_lakehouse_pipeline.py
[2026-08-12T20:37:56.206+0000] {processor.py:914} INFO - Processing file /opt/airflow/dags/dag_lakehouse_pipeline.py for tasks to queue
[2026-08-12T20:37:56.209+0000] {logging_mixin.py:190} INFO - [2026-08-12T20:37:56.209+0000] {dagbag.py:587} INFO - Filling up the DagBag from /opt/airflow/dags/dag_lakehouse_pipeline.py
[2026-08-12T20:37:56.274+0000] {processor.py:925} INFO - DAG(s) 'pipeline_lakehouse_medallion' retrieved from /opt/airflow/dags/dag_lakehouse_pipeline.py
[2026-08-12T20:37:56.360+0000] {logging_mixin.py:190} INFO - [2026-08-12T20:37:56.359+0000] {dag.py:3211} INFO - Sync 1 DAGs
[2026-08-12T20:37:56.420+0000] {logging_mixin.py:190} INFO - [2026-08-12T20:37:56.420+0000] {dag.py:4138} INFO - Setting next_dagrun for pipeline_lakehouse_medallion to None, run_after=None
[2026-08-12T20:37:56.477+0000] {processor.py:208} INFO - Processing /opt/airflow/dags/dag_lakehouse_pipeline.py took 0.288 seconds
[2026-08-12T20:38:26.686+0000] {processor.py:186} INFO - Started process (PID=15528) to work on /opt/airflow/dags/dag_lakehouse_pipeline.py
[2026-08-12T20:38:26.694+0000] {processor.py:914} INFO - Processing file /opt/airflow/dags/dag_lakehouse_pipeline.py for tasks to queue
[2026-08-12T20:38:26.700+0000] {logging_mixin.py:190} INFO - [2026-08-12T20:38:26.699+0000] {dagbag.py:587} INFO - Filling up the DagBag from /opt/airflow/dags/dag_lakehouse_pipeline.py
[2026-08-12T20:38:26.815+0000] {processor.py:925} INFO - DAG(s) 'pipeline_lakehouse_medallion' retrieved from /opt/airflow/dags/dag_lakehouse_pipeline.py
[2026-08-12T20:38:26.956+0000] {logging_mixin.py:190} INFO - [2026-08-12T20:38:26.955+0000] {dag.py:3211} INFO - Sync 1 DAGs
[2026-08-12T20:38:27.042+0000] {logging_mixin.py:190} INFO - [2026-08-12T20:38:27.040+0000] {dag.py:4138} INFO - Setting next_dagrun for pipeline_lakehouse_medallion to None, run_after=None
[2026-08-12T20:38:27.146+0000] {processor.py:208} INFO - Processing /opt/airflow/dags/dag_lakehouse_pipeline.py took 0.491 seconds
[2026-08-12T20:38:57.325+0000] {processor.py:186} INFO - Started process (PID=15795) to work on /opt/airflow/dags/dag_lakehouse_pipeline.py
[2026-08-12T20:38:57.328+0000] {processor.py:914} INFO - Processing file /opt/airflow/dags/dag_lakehouse_pipeline.py for tasks to queue
[2026-08-12T20:38:57.331+0000] {logging_mixin.py:190} INFO - [2026-08-12T20:38:57.330+0000] {dagbag.py:587} INFO - Filling up the DagBag from /opt/airflow/dags/dag_lakehouse_pipeline.py
[2026-08-12T20:38:57.392+0000] {processor.py:925} INFO - DAG(s) 'pipeline_lakehouse_medallion' retrieved from /opt/airflow/dags/dag_lakehouse_pipeline.py
[2026-08-12T20:38:57.472+0000] {logging_mixin.py:190} INFO - [2026-08-12T20:38:57.471+0000] {dag.py:3211} INFO - Sync 1 DAGs
[2026-08-12T20:38:57.509+0000] {logging_mixin.py:190} INFO - [2026-08-12T20:38:57.508+0000] {dag.py:4138} INFO - Setting next_dagrun for pipeline_lakehouse_medallion to None, run_after=None
[2026-08-12T20:38:57.584+0000] {processor.py:208} INFO - Processing /opt/airflow/dags/dag_lakehouse_pipeline.py took 0.279 seconds
[2026-08-12T20:39:28.409+0000] {processor.py:186} INFO - Started process (PID=16252) to work on /opt/airflow/dags/dag_lakehouse_pipeline.py
[2026-08-12T20:39:28.412+0000] {processor.py:914} INFO - Processing file /opt/airflow/dags/dag_lakehouse_pipeline.py for tasks to queue
[2026-08-12T20:39:28.415+0000] {logging_mixin.py:190} INFO - [2026-08-12T20:39:28.414+0000] {dagbag.py:587} INFO - Filling up the DagBag from /opt/airflow/dags/dag_lakehouse_pipeline.py
[2026-08-12T20:39:28.460+0000] {processor.py:925} INFO - DAG(s) 'pipeline_lakehouse_medallion' retrieved from /opt/airflow/dags/dag_lakehouse_pipeline.py
[2026-08-12T20:39:28.507+0000] {logging_mixin.py:190} INFO - [2026-08-12T20:39:28.507+0000] {dag.py:3211} INFO - Sync 1 DAGs
[2026-08-12T20:39:28.530+0000] {logging_mixin.py:190} INFO - [2026-08-12T20:39:28.530+0000] {dag.py:4138} INFO - Setting next_dagrun for pipeline_lakehouse_medallion to None, run_after=None
[2026-08-12T20:39:28.579+0000] {processor.py:208} INFO - Processing /opt/airflow/dags/dag_lakehouse_pipeline.py took 0.180 seconds
[2026-08-12T20:39:59.980+0000] {processor.py:186} INFO - Started process (PID=16612) to work on /opt/airflow/dags/dag_lakehouse_pipeline.py
[2026-08-12T20:39:59.985+0000] {processor.py:914} INFO - Processing file /opt/airflow/dags/dag_lakehouse_pipeline.py for tasks to queue
[2026-08-12T20:39:59.995+0000] {logging_mixin.py:190} INFO - [2026-08-12T20:39:59.993+0000] {dagbag.py:587} INFO - Filling up the DagBag from /opt/airflow/dags/dag_lakehouse_pipeline.py
[2026-08-12T20:40:00.130+0000] {processor.py:925} INFO - DAG(s) 'pipeline_lakehouse_medallion' retrieved from /opt/airflow/dags/dag_lakehouse_pipeline.py
[2026-08-12T20:40:00.265+0000] {logging_mixin.py:190} INFO - [2026-08-12T20:40:00.264+0000] {dag.py:3211} INFO - Sync 1 DAGs
[2026-08-12T20:40:00.353+0000] {logging_mixin.py:190} INFO - [2026-08-12T20:40:00.352+0000] {dag.py:4138} INFO - Setting next_dagrun for pipeline_lakehouse_medallion to None, run_after=None
[2026-08-12T20:40:00.465+0000] {processor.py:208} INFO - Processing /opt/airflow/dags/dag_lakehouse_pipeline.py took 0.529 seconds
[2026-08-12T20:40:30.610+0000] {processor.py:186} INFO - Started process (PID=16957) to work on /opt/airflow/dags/dag_lakehouse_pipeline.py
[2026-08-12T20:40:30.612+0000] {processor.py:914} INFO - Processing file /opt/airflow/dags/dag_lakehouse_pipeline.py for tasks to queue
[2026-08-12T20:40:30.616+0000] {logging_mixin.py:190} INFO - [2026-08-12T20:40:30.615+0000] {dagbag.py:587} INFO - Filling up the DagBag from /opt/airflow/dags/dag_lakehouse_pipeline.py
[2026-08-12T20:40:30.688+0000] {processor.py:925} INFO - DAG(s) 'pipeline_lakehouse_medallion' retrieved from /opt/airflow/dags/dag_lakehouse_pipeline.py
[2026-08-12T20:40:30.770+0000] {logging_mixin.py:190} INFO - [2026-08-12T20:40:30.769+0000] {dag.py:3211} INFO - Sync 1 DAGs
[2026-08-12T20:40:30.802+0000] {logging_mixin.py:190} INFO - [2026-08-12T20:40:30.802+0000] {dag.py:4138} INFO - Setting next_dagrun for pipeline_lakehouse_medallion to None, run_after=None
[2026-08-12T20:40:30.855+0000] {processor.py:208} INFO - Processing /opt/airflow/dags/dag_lakehouse_pipeline.py took 0.263 seconds
[2026-08-12T20:41:01.384+0000] {processor.py:186} INFO - Started process (PID=17321) to work on /opt/airflow/dags/dag_lakehouse_pipeline.py
[2026-08-12T20:41:01.387+0000] {processor.py:914} INFO - Processing file /opt/airflow/dags/dag_lakehouse_pipeline.py for tasks to queue
[2026-08-12T20:41:01.390+0000] {logging_mixin.py:190} INFO - [2026-08-12T20:41:01.389+0000] {dagbag.py:587} INFO - Filling up the DagBag from /opt/airflow/dags/dag_lakehouse_pipeline.py
[2026-08-12T20:41:01.439+0000] {processor.py:925} INFO - DAG(s) 'pipeline_lakehouse_medallion' retrieved from /opt/airflow/dags/dag_lakehouse_pipeline.py
[2026-08-12T20:41:01.497+0000] {logging_mixin.py:190} INFO - [2026-08-12T20:41:01.497+0000] {dag.py:3211} INFO - Sync 1 DAGs
[2026-08-12T20:41:01.527+0000] {logging_mixin.py:190} INFO - [2026-08-12T20:41:01.526+0000] {dag.py:4138} INFO - Setting next_dagrun for pipeline_lakehouse_medallion to None, run_after=None
[2026-08-12T20:41:01.588+0000] {processor.py:208} INFO - Processing /opt/airflow/dags/dag_lakehouse_pipeline.py took 0.219 seconds
[2026-08-12T20:41:32.653+0000] {processor.py:186} INFO - Started process (PID=17743) to work on /opt/airflow/dags/dag_lakehouse_pipeline.py
[2026-08-12T20:41:32.656+0000] {processor.py:914} INFO - Processing file /opt/airflow/dags/dag_lakehouse_pipeline.py for tasks to queue
[2026-08-12T20:41:32.665+0000] {logging_mixin.py:190} INFO - [2026-08-12T20:41:32.662+0000] {dagbag.py:587} INFO - Filling up the DagBag from /opt/airflow/dags/dag_lakehouse_pipeline.py
[2026-08-12T20:41:32.820+0000] {processor.py:925} INFO - DAG(s) 'pipeline_lakehouse_medallion' retrieved from /opt/airflow/dags/dag_lakehouse_pipeline.py
[2026-08-12T20:41:32.978+0000] {logging_mixin.py:190} INFO - [2026-08-12T20:41:32.977+0000] {dag.py:3211} INFO - Sync 1 DAGs
[2026-08-12T20:41:33.067+0000] {logging_mixin.py:190} INFO - [2026-08-12T20:41:33.066+0000] {dag.py:4138} INFO - Setting next_dagrun for pipeline_lakehouse_medallion to None, run_after=None
[2026-08-12T20:41:33.155+0000] {processor.py:208} INFO - Processing /opt/airflow/dags/dag_lakehouse_pipeline.py took 0.546 seconds
[2026-08-12T20:42:03.724+0000] {processor.py:186} INFO - Started process (PID=18028) to work on /opt/airflow/dags/dag_lakehouse_pipeline.py
[2026-08-12T20:42:03.729+0000] {processor.py:914} INFO - Processing file /opt/airflow/dags/dag_lakehouse_pipeline.py for tasks to queue
[2026-08-12T20:42:03.738+0000] {logging_mixin.py:190} INFO - [2026-08-12T20:42:03.736+0000] {dagbag.py:587} INFO - Filling up the DagBag from /opt/airflow/dags/dag_lakehouse_pipeline.py
[2026-08-12T20:42:03.843+0000] {processor.py:925} INFO - DAG(s) 'pipeline_lakehouse_medallion' retrieved from /opt/airflow/dags/dag_lakehouse_pipeline.py
[2026-08-12T20:42:04.029+0000] {logging_mixin.py:190} INFO - [2026-08-12T20:42:04.028+0000] {dag.py:3211} INFO - Sync 1 DAGs
[2026-08-12T20:42:04.116+0000] {logging_mixin.py:190} INFO - [2026-08-12T20:42:04.115+0000] {dag.py:4138} INFO - Setting next_dagrun for pipeline_lakehouse_medallion to None, run_after=None
[2026-08-12T20:42:04.213+0000] {processor.py:208} INFO - Processing /opt/airflow/dags/dag_lakehouse_pipeline.py took 0.521 seconds
[2026-08-12T20:42:34.851+0000] {processor.py:186} INFO - Started process (PID=18425) to work on /opt/airflow/dags/dag_lakehouse_pipeline.py
[2026-08-12T20:42:34.855+0000] {processor.py:914} INFO - Processing file /opt/airflow/dags/dag_lakehouse_pipeline.py for tasks to queue
[2026-08-12T20:42:34.861+0000] {logging_mixin.py:190} INFO - [2026-08-12T20:42:34.860+0000] {dagbag.py:587} INFO - Filling up the DagBag from /opt/airflow/dags/dag_lakehouse_pipeline.py
[2026-08-12T20:42:34.953+0000] {processor.py:925} INFO - DAG(s) 'pipeline_lakehouse_medallion' retrieved from /opt/airflow/dags/dag_lakehouse_pipeline.py
[2026-08-12T20:42:35.094+0000] {logging_mixin.py:190} INFO - [2026-08-12T20:42:35.093+0000] {dag.py:3211} INFO - Sync 1 DAGs
[2026-08-12T20:42:35.137+0000] {logging_mixin.py:190} INFO - [2026-08-12T20:42:35.136+0000] {dag.py:4138} INFO - Setting next_dagrun for pipeline_lakehouse_medallion to None, run_after=None
[2026-08-12T20:42:35.245+0000] {processor.py:208} INFO - Processing /opt/airflow/dags/dag_lakehouse_pipeline.py took 0.419 seconds
[2026-08-12T20:43:05.579+0000] {processor.py:186} INFO - Started process (PID=18813) to work on /opt/airflow/dags/dag_lakehouse_pipeline.py
[2026-08-12T20:43:05.581+0000] {processor.py:914} INFO - Processing file /opt/airflow/dags/dag_lakehouse_pipeline.py for tasks to queue
[2026-08-12T20:43:05.583+0000] {logging_mixin.py:190} INFO - [2026-08-12T20:43:05.582+0000] {dagbag.py:587} INFO - Filling up the DagBag from /opt/airflow/dags/dag_lakehouse_pipeline.py
[2026-08-12T20:43:05.625+0000] {processor.py:925} INFO - DAG(s) 'pipeline_lakehouse_medallion' retrieved from /opt/airflow/dags/dag_lakehouse_pipeline.py
[2026-08-12T20:43:05.663+0000] {logging_mixin.py:190} INFO - [2026-08-12T20:43:05.663+0000] {dag.py:3211} INFO - Sync 1 DAGs
[2026-08-12T20:43:05.680+0000] {logging_mixin.py:190} INFO - [2026-08-12T20:43:05.680+0000] {dag.py:4138} INFO - Setting next_dagrun for pipeline_lakehouse_medallion to None, run_after=None
[2026-08-12T20:43:05.722+0000] {processor.py:208} INFO - Processing /opt/airflow/dags/dag_lakehouse_pipeline.py took 0.151 seconds
[2026-08-12T20:43:41.287+0000] {processor.py:186} INFO - Started process (PID=19206) to work on /opt/airflow/dags/dag_lakehouse_pipeline.py
[2026-08-12T20:43:41.291+0000] {processor.py:914} INFO - Processing file /opt/airflow/dags/dag_lakehouse_pipeline.py for tasks to queue
[2026-08-12T20:43:41.299+0000] {logging_mixin.py:190} INFO - [2026-08-12T20:43:41.297+0000] {dagbag.py:587} INFO - Filling up the DagBag from /opt/airflow/dags/dag_lakehouse_pipeline.py
[2026-08-12T20:43:41.397+0000] {processor.py:925} INFO - DAG(s) 'pipeline_lakehouse_medallion' retrieved from /opt/airflow/dags/dag_lakehouse_pipeline.py
[2026-08-12T20:43:41.500+0000] {logging_mixin.py:190} INFO - [2026-08-12T20:43:41.499+0000] {dag.py:3211} INFO - Sync 1 DAGs
[2026-08-12T20:43:41.539+0000] {logging_mixin.py:190} INFO - [2026-08-12T20:43:41.539+0000] {dag.py:4138} INFO - Setting next_dagrun for pipeline_lakehouse_medallion to None, run_after=None
[2026-08-12T20:43:41.613+0000] {processor.py:208} INFO - Processing /opt/airflow/dags/dag_lakehouse_pipeline.py took 0.365 seconds
[2026-08-12T20:44:11.947+0000] {processor.py:186} INFO - Started process (PID=19524) to work on /opt/airflow/dags/dag_lakehouse_pipeline.py
[2026-08-12T20:44:11.949+0000] {processor.py:914} INFO - Processing file /opt/airflow/dags/dag_lakehouse_pipeline.py for tasks to queue
[2026-08-12T20:44:11.954+0000] {logging_mixin.py:190} INFO - [2026-08-12T20:44:11.952+0000] {dagbag.py:587} INFO - Filling up the DagBag from /opt/airflow/dags/dag_lakehouse_pipeline.py
[2026-08-12T20:44:12.014+0000] {processor.py:925} INFO - DAG(s) 'pipeline_lakehouse_medallion' retrieved from /opt/airflow/dags/dag_lakehouse_pipeline.py
[2026-08-12T20:44:12.068+0000] {logging_mixin.py:190} INFO - [2026-08-12T20:44:12.067+0000] {dag.py:3211} INFO - Sync 1 DAGs
[2026-08-12T20:44:12.091+0000] {logging_mixin.py:190} INFO - [2026-08-12T20:44:12.091+0000] {dag.py:4138} INFO - Setting next_dagrun for pipeline_lakehouse_medallion to None, run_after=None
[2026-08-12T20:44:12.124+0000] {processor.py:208} INFO - Processing /opt/airflow/dags/dag_lakehouse_pipeline.py took 0.190 seconds
[2026-08-12T20:44:42.493+0000] {processor.py:186} INFO - Started process (PID=19895) to work on /opt/airflow/dags/dag_lakehouse_pipeline.py
[2026-08-12T20:44:42.500+0000] {processor.py:914} INFO - Processing file /opt/airflow/dags/dag_lakehouse_pipeline.py for tasks to queue
[2026-08-12T20:44:42.512+0000] {logging_mixin.py:190} INFO - [2026-08-12T20:44:42.507+0000] {dagbag.py:587} INFO - Filling up the DagBag from /opt/airflow/dags/dag_lakehouse_pipeline.py
[2026-08-12T20:44:42.760+0000] {processor.py:925} INFO - DAG(s) 'pipeline_lakehouse_medallion' retrieved from /opt/airflow/dags/dag_lakehouse_pipeline.py
[2026-08-12T20:44:42.956+0000] {logging_mixin.py:190} INFO - [2026-08-12T20:44:42.954+0000] {dag.py:3211} INFO - Sync 1 DAGs
[2026-08-12T20:44:43.076+0000] {logging_mixin.py:190} INFO - [2026-08-12T20:44:43.075+0000] {dag.py:4138} INFO - Setting next_dagrun for pipeline_lakehouse_medallion to None, run_after=None
[2026-08-12T20:44:43.171+0000] {processor.py:208} INFO - Processing /opt/airflow/dags/dag_lakehouse_pipeline.py took 0.728 seconds
[2026-08-12T20:45:13.645+0000] {processor.py:186} INFO - Started process (PID=20234) to work on /opt/airflow/dags/dag_lakehouse_pipeline.py
[2026-08-12T20:45:13.650+0000] {processor.py:914} INFO - Processing file /opt/airflow/dags/dag_lakehouse_pipeline.py for tasks to queue
[2026-08-12T20:45:13.659+0000] {logging_mixin.py:190} INFO - [2026-08-12T20:45:13.656+0000] {dagbag.py:587} INFO - Filling up the DagBag from /opt/airflow/dags/dag_lakehouse_pipeline.py
[2026-08-12T20:45:13.744+0000] {processor.py:925} INFO - DAG(s) 'pipeline_lakehouse_medallion' retrieved from /opt/airflow/dags/dag_lakehouse_pipeline.py
[2026-08-12T20:45:13.844+0000] {logging_mixin.py:190} INFO - [2026-08-12T20:45:13.843+0000] {dag.py:3211} INFO - Sync 1 DAGs
[2026-08-12T20:45:13.898+0000] {logging_mixin.py:190} INFO - [2026-08-12T20:45:13.897+0000] {dag.py:4138} INFO - Setting next_dagrun for pipeline_lakehouse_medallion to None, run_after=None
[2026-08-12T20:45:13.979+0000] {processor.py:208} INFO - Processing /opt/airflow/dags/dag_lakehouse_pipeline.py took 0.353 seconds
[2026-08-12T20:45:53.119+0000] {processor.py:186} INFO - Started process (PID=20726) to work on /opt/airflow/dags/dag_lakehouse_pipeline.py
[2026-08-12T20:45:53.128+0000] {processor.py:914} INFO - Processing file /opt/airflow/dags/dag_lakehouse_pipeline.py for tasks to queue
[2026-08-12T20:45:53.148+0000] {logging_mixin.py:190} INFO - [2026-08-12T20:45:53.135+0000] {dagbag.py:587} INFO - Filling up the DagBag from /opt/airflow/dags/dag_lakehouse_pipeline.py
[2026-08-12T20:45:53.247+0000] {processor.py:925} INFO - DAG(s) 'pipeline_lakehouse_medallion' retrieved from /opt/airflow/dags/dag_lakehouse_pipeline.py
[2026-08-12T20:45:53.352+0000] {logging_mixin.py:190} INFO - [2026-08-12T20:45:53.352+0000] {dag.py:3211} INFO - Sync 1 DAGs
[2026-08-12T20:45:53.415+0000] {logging_mixin.py:190} INFO - [2026-08-12T20:45:53.414+0000] {dag.py:4138} INFO - Setting next_dagrun for pipeline_lakehouse_medallion to None, run_after=None
[2026-08-12T20:45:53.574+0000] {processor.py:208} INFO - Processing /opt/airflow/dags/dag_lakehouse_pipeline.py took 0.530 seconds
[2026-08-12T20:46:44.191+0000] {processor.py:186} INFO - Started process (PID=21274) to work on /opt/airflow/dags/dag_lakehouse_pipeline.py
[2026-08-12T20:46:44.203+0000] {processor.py:914} INFO - Processing file /opt/airflow/dags/dag_lakehouse_pipeline.py for tasks to queue
[2026-08-12T20:46:44.210+0000] {logging_mixin.py:190} INFO - [2026-08-12T20:46:44.208+0000] {dagbag.py:587} INFO - Filling up the DagBag from /opt/airflow/dags/dag_lakehouse_pipeline.py
[2026-08-12T20:46:44.350+0000] {processor.py:925} INFO - DAG(s) 'pipeline_lakehouse_medallion' retrieved from /opt/airflow/dags/dag_lakehouse_pipeline.py
[2026-08-12T20:46:44.530+0000] {logging_mixin.py:190} INFO - [2026-08-12T20:46:44.529+0000] {dag.py:3211} INFO - Sync 1 DAGs
[2026-08-12T20:46:44.595+0000] {logging_mixin.py:190} INFO - [2026-08-12T20:46:44.594+0000] {dag.py:4138} INFO - Setting next_dagrun for pipeline_lakehouse_medallion to None, run_after=None
[2026-08-12T20:46:44.750+0000] {processor.py:208} INFO - Processing /opt/airflow/dags/dag_lakehouse_pipeline.py took 0.597 seconds
[2026-08-12T20:47:27.647+0000] {processor.py:186} INFO - Started process (PID=21709) to work on /opt/airflow/dags/dag_lakehouse_pipeline.py
[2026-08-12T20:47:27.656+0000] {processor.py:914} INFO - Processing file /opt/airflow/dags/dag_lakehouse_pipeline.py for tasks to queue
[2026-08-12T20:47:27.665+0000] {logging_mixin.py:190} INFO - [2026-08-12T20:47:27.664+0000] {dagbag.py:587} INFO - Filling up the DagBag from /opt/airflow/dags/dag_lakehouse_pipeline.py
[2026-08-12T20:47:27.798+0000] {processor.py:925} INFO - DAG(s) 'pipeline_lakehouse_medallion' retrieved from /opt/airflow/dags/dag_lakehouse_pipeline.py
[2026-08-12T20:47:27.945+0000] {logging_mixin.py:190} INFO - [2026-08-12T20:47:27.944+0000] {dag.py:3211} INFO - Sync 1 DAGs
[2026-08-12T20:47:28.002+0000] {logging_mixin.py:190} INFO - [2026-08-12T20:47:28.002+0000] {dag.py:4138} INFO - Setting next_dagrun for pipeline_lakehouse_medallion to None, run_after=None
[2026-08-12T20:47:28.097+0000] {processor.py:208} INFO - Processing /opt/airflow/dags/dag_lakehouse_pipeline.py took 0.497 seconds
[2026-08-12T20:48:00.827+0000] {processor.py:186} INFO - Started process (PID=22140) to work on /opt/airflow/dags/dag_lakehouse_pipeline.py
[2026-08-12T20:48:00.830+0000] {processor.py:914} INFO - Processing file /opt/airflow/dags/dag_lakehouse_pipeline.py for tasks to queue
[2026-08-12T20:48:00.837+0000] {logging_mixin.py:190} INFO - [2026-08-12T20:48:00.835+0000] {dagbag.py:587} INFO - Filling up the DagBag from /opt/airflow/dags/dag_lakehouse_pipeline.py
[2026-08-12T20:48:00.945+0000] {processor.py:925} INFO - DAG(s) 'pipeline_lakehouse_medallion' retrieved from /opt/airflow/dags/dag_lakehouse_pipeline.py
[2026-08-12T20:48:01.081+0000] {logging_mixin.py:190} INFO - [2026-08-12T20:48:01.079+0000] {dag.py:3211} INFO - Sync 1 DAGs
[2026-08-12T20:48:01.170+0000] {logging_mixin.py:190} INFO - [2026-08-12T20:48:01.169+0000] {dag.py:4138} INFO - Setting next_dagrun for pipeline_lakehouse_medallion to None, run_after=None
[2026-08-12T20:48:01.273+0000] {processor.py:208} INFO - Processing /opt/airflow/dags/dag_lakehouse_pipeline.py took 0.470 seconds
[2026-08-12T20:48:45.672+0000] {processor.py:186} INFO - Started process (PID=22519) to work on /opt/airflow/dags/dag_lakehouse_pipeline.py
[2026-08-12T20:48:45.679+0000] {processor.py:914} INFO - Processing file /opt/airflow/dags/dag_lakehouse_pipeline.py for tasks to queue
[2026-08-12T20:48:45.689+0000] {logging_mixin.py:190} INFO - [2026-08-12T20:48:45.688+0000] {dagbag.py:587} INFO - Filling up the DagBag from /opt/airflow/dags/dag_lakehouse_pipeline.py
[2026-08-12T20:48:45.922+0000] {processor.py:925} INFO - DAG(s) 'pipeline_lakehouse_medallion' retrieved from /opt/airflow/dags/dag_lakehouse_pipeline.py
[2026-08-12T20:48:46.112+0000] {logging_mixin.py:190} INFO - [2026-08-12T20:48:46.110+0000] {dag.py:3211} INFO - Sync 1 DAGs
[2026-08-12T20:48:46.233+0000] {logging_mixin.py:190} INFO - [2026-08-12T20:48:46.232+0000] {dag.py:4138} INFO - Setting next_dagrun for pipeline_lakehouse_medallion to None, run_after=None
[2026-08-12T20:48:46.327+0000] {processor.py:208} INFO - Processing /opt/airflow/dags/dag_lakehouse_pipeline.py took 0.757 seconds
[2026-08-12T20:49:28.798+0000] {processor.py:186} INFO - Started process (PID=22882) to work on /opt/airflow/dags/dag_lakehouse_pipeline.py
[2026-08-12T20:49:28.805+0000] {processor.py:914} INFO - Processing file /opt/airflow/dags/dag_lakehouse_pipeline.py for tasks to queue
[2026-08-12T20:49:28.817+0000] {logging_mixin.py:190} INFO - [2026-08-12T20:49:28.813+0000] {dagbag.py:587} INFO - Filling up the DagBag from /opt/airflow/dags/dag_lakehouse_pipeline.py
[2026-08-12T20:49:28.998+0000] {processor.py:925} INFO - DAG(s) 'pipeline_lakehouse_medallion' retrieved from /opt/airflow/dags/dag_lakehouse_pipeline.py
[2026-08-12T20:49:29.189+0000] {logging_mixin.py:190} INFO - [2026-08-12T20:49:29.187+0000] {dag.py:3211} INFO - Sync 1 DAGs
[2026-08-12T20:49:29.286+0000] {logging_mixin.py:190} INFO - [2026-08-12T20:49:29.284+0000] {dag.py:4138} INFO - Setting next_dagrun for pipeline_lakehouse_medallion to None, run_after=None
[2026-08-12T20:49:29.421+0000] {processor.py:208} INFO - Processing /opt/airflow/dags/dag_lakehouse_pipeline.py took 0.690 seconds
[2026-08-12T20:50:01.470+0000] {processor.py:186} INFO - Started process (PID=23213) to work on /opt/airflow/dags/dag_lakehouse_pipeline.py
[2026-08-12T20:50:01.480+0000] {processor.py:914} INFO - Processing file /opt/airflow/dags/dag_lakehouse_pipeline.py for tasks to queue
[2026-08-12T20:50:01.497+0000] {logging_mixin.py:190} INFO - [2026-08-12T20:50:01.490+0000] {dagbag.py:587} INFO - Filling up the DagBag from /opt/airflow/dags/dag_lakehouse_pipeline.py
[2026-08-12T20:50:01.726+0000] {processor.py:925} INFO - DAG(s) 'pipeline_lakehouse_medallion' retrieved from /opt/airflow/dags/dag_lakehouse_pipeline.py
[2026-08-12T20:50:02.029+0000] {logging_mixin.py:190} INFO - [2026-08-12T20:50:02.027+0000] {dag.py:3211} INFO - Sync 1 DAGs
[2026-08-12T20:50:02.343+0000] {logging_mixin.py:190} INFO - [2026-08-12T20:50:02.330+0000] {dag.py:4138} INFO - Setting next_dagrun for pipeline_lakehouse_medallion to None, run_after=None
[2026-08-12T20:50:02.613+0000] {processor.py:208} INFO - Processing /opt/airflow/dags/dag_lakehouse_pipeline.py took 1.223 seconds
[2026-08-12T20:50:46.979+0000] {processor.py:186} INFO - Started process (PID=23611) to work on /opt/airflow/dags/dag_lakehouse_pipeline.py
[2026-08-12T20:50:47.013+0000] {processor.py:914} INFO - Processing file /opt/airflow/dags/dag_lakehouse_pipeline.py for tasks to queue
[2026-08-12T20:50:47.045+0000] {logging_mixin.py:190} INFO - [2026-08-12T20:50:47.030+0000] {dagbag.py:587} INFO - Filling up the DagBag from /opt/airflow/dags/dag_lakehouse_pipeline.py
[2026-08-12T20:50:47.569+0000] {processor.py:925} INFO - DAG(s) 'pipeline_lakehouse_medallion' retrieved from /opt/airflow/dags/dag_lakehouse_pipeline.py
[2026-08-12T20:50:48.158+0000] {logging_mixin.py:190} INFO - [2026-08-12T20:50:48.157+0000] {dag.py:3211} INFO - Sync 1 DAGs
[2026-08-12T20:50:48.357+0000] {logging_mixin.py:190} INFO - [2026-08-12T20:50:48.350+0000] {dag.py:4138} INFO - Setting next_dagrun for pipeline_lakehouse_medallion to None, run_after=None
[2026-08-12T20:50:48.524+0000] {processor.py:208} INFO - Processing /opt/airflow/dags/dag_lakehouse_pipeline.py took 1.678 seconds
[2026-08-12T20:51:30.143+0000] {processor.py:186} INFO - Started process (PID=23963) to work on /opt/airflow/dags/dag_lakehouse_pipeline.py
[2026-08-12T20:51:30.154+0000] {processor.py:914} INFO - Processing file /opt/airflow/dags/dag_lakehouse_pipeline.py for tasks to queue
[2026-08-12T20:51:30.170+0000] {logging_mixin.py:190} INFO - [2026-08-12T20:51:30.168+0000] {dagbag.py:587} INFO - Filling up the DagBag from /opt/airflow/dags/dag_lakehouse_pipeline.py
[2026-08-12T20:51:30.415+0000] {processor.py:925} INFO - DAG(s) 'pipeline_lakehouse_medallion' retrieved from /opt/airflow/dags/dag_lakehouse_pipeline.py
[2026-08-12T20:51:30.710+0000] {logging_mixin.py:190} INFO - [2026-08-12T20:51:30.708+0000] {dag.py:3211} INFO - Sync 1 DAGs
[2026-08-12T20:51:30.803+0000] {logging_mixin.py:190} INFO - [2026-08-12T20:51:30.802+0000] {dag.py:4138} INFO - Setting next_dagrun for pipeline_lakehouse_medallion to None, run_after=None
[2026-08-12T20:51:31.016+0000] {processor.py:208} INFO - Processing /opt/airflow/dags/dag_lakehouse_pipeline.py took 0.926 seconds
[2026-08-12T20:52:04.272+0000] {processor.py:186} INFO - Started process (PID=24277) to work on /opt/airflow/dags/dag_lakehouse_pipeline.py
[2026-08-12T20:52:04.280+0000] {processor.py:914} INFO - Processing file /opt/airflow/dags/dag_lakehouse_pipeline.py for tasks to queue
[2026-08-12T20:52:04.317+0000] {logging_mixin.py:190} INFO - [2026-08-12T20:52:04.304+0000] {dagbag.py:587} INFO - Filling up the DagBag from /opt/airflow/dags/dag_lakehouse_pipeline.py
[2026-08-12T20:52:04.969+0000] {processor.py:925} INFO - DAG(s) 'pipeline_lakehouse_medallion' retrieved from /opt/airflow/dags/dag_lakehouse_pipeline.py
[2026-08-12T20:52:05.504+0000] {logging_mixin.py:190} INFO - [2026-08-12T20:52:05.493+0000] {dag.py:3211} INFO - Sync 1 DAGs
[2026-08-12T20:52:05.814+0000] {logging_mixin.py:190} INFO - [2026-08-12T20:52:05.812+0000] {dag.py:4138} INFO - Setting next_dagrun for pipeline_lakehouse_medallion to None, run_after=None
[2026-08-12T20:52:06.116+0000] {processor.py:208} INFO - Processing /opt/airflow/dags/dag_lakehouse_pipeline.py took 1.967 seconds
[2026-08-12T20:52:49.036+0000] {processor.py:186} INFO - Started process (PID=24664) to work on /opt/airflow/dags/dag_lakehouse_pipeline.py
[2026-08-12T20:52:49.054+0000] {processor.py:914} INFO - Processing file /opt/airflow/dags/dag_lakehouse_pipeline.py for tasks to queue
[2026-08-12T20:52:49.073+0000] {logging_mixin.py:190} INFO - [2026-08-12T20:52:49.071+0000] {dagbag.py:587} INFO - Filling up the DagBag from /opt/airflow/dags/dag_lakehouse_pipeline.py
[2026-08-12T20:52:49.575+0000] {processor.py:925} INFO - DAG(s) 'pipeline_lakehouse_medallion' retrieved from /opt/airflow/dags/dag_lakehouse_pipeline.py
[2026-08-12T20:52:50.090+0000] {logging_mixin.py:190} INFO - [2026-08-12T20:52:50.088+0000] {dag.py:3211} INFO - Sync 1 DAGs
[2026-08-12T20:52:50.326+0000] {logging_mixin.py:190} INFO - [2026-08-12T20:52:50.325+0000] {dag.py:4138} INFO - Setting next_dagrun for pipeline_lakehouse_medallion to None, run_after=None
[2026-08-12T20:52:50.577+0000] {processor.py:208} INFO - Processing /opt/airflow/dags/dag_lakehouse_pipeline.py took 1.613 seconds
[2026-08-12T20:53:33.075+0000] {processor.py:186} INFO - Started process (PID=25015) to work on /opt/airflow/dags/dag_lakehouse_pipeline.py
[2026-08-12T20:53:33.082+0000] {processor.py:914} INFO - Processing file /opt/airflow/dags/dag_lakehouse_pipeline.py for tasks to queue
[2026-08-12T20:53:33.100+0000] {logging_mixin.py:190} INFO - [2026-08-12T20:53:33.090+0000] {dagbag.py:587} INFO - Filling up the DagBag from /opt/airflow/dags/dag_lakehouse_pipeline.py
[2026-08-12T20:53:33.685+0000] {processor.py:925} INFO - DAG(s) 'pipeline_lakehouse_medallion' retrieved from /opt/airflow/dags/dag_lakehouse_pipeline.py
[2026-08-12T20:53:33.990+0000] {logging_mixin.py:190} INFO - [2026-08-12T20:53:33.989+0000] {dag.py:3211} INFO - Sync 1 DAGs
[2026-08-12T20:53:34.176+0000] {logging_mixin.py:190} INFO - [2026-08-12T20:53:34.175+0000] {dag.py:4138} INFO - Setting next_dagrun for pipeline_lakehouse_medallion to None, run_after=None
[2026-08-12T20:53:34.403+0000] {processor.py:208} INFO - Processing /opt/airflow/dags/dag_lakehouse_pipeline.py took 1.395 seconds
[2026-08-12T20:54:07.715+0000] {processor.py:186} INFO - Started process (PID=25328) to work on /opt/airflow/dags/dag_lakehouse_pipeline.py
[2026-08-12T20:54:07.736+0000] {processor.py:914} INFO - Processing file /opt/airflow/dags/dag_lakehouse_pipeline.py for tasks to queue
[2026-08-12T20:54:07.788+0000] {logging_mixin.py:190} INFO - [2026-08-12T20:54:07.786+0000] {dagbag.py:587} INFO - Filling up the DagBag from /opt/airflow/dags/dag_lakehouse_pipeline.py
[2026-08-12T20:54:08.141+0000] {processor.py:925} INFO - DAG(s) 'pipeline_lakehouse_medallion' retrieved from /opt/airflow/dags/dag_lakehouse_pipeline.py
[2026-08-12T20:54:08.459+0000] {logging_mixin.py:190} INFO - [2026-08-12T20:54:08.458+0000] {dag.py:3211} INFO - Sync 1 DAGs
[2026-08-12T20:54:08.653+0000] {logging_mixin.py:190} INFO - [2026-08-12T20:54:08.651+0000] {dag.py:4138} INFO - Setting next_dagrun for pipeline_lakehouse_medallion to None, run_after=None
[2026-08-12T20:54:08.910+0000] {processor.py:208} INFO - Processing /opt/airflow/dags/dag_lakehouse_pipeline.py took 1.273 seconds
[2026-08-12T20:54:52.564+0000] {processor.py:186} INFO - Started process (PID=25673) to work on /opt/airflow/dags/dag_lakehouse_pipeline.py
[2026-08-12T20:54:52.589+0000] {processor.py:914} INFO - Processing file /opt/airflow/dags/dag_lakehouse_pipeline.py for tasks to queue
[2026-08-12T20:54:52.601+0000] {logging_mixin.py:190} INFO - [2026-08-12T20:54:52.600+0000] {dagbag.py:587} INFO - Filling up the DagBag from /opt/airflow/dags/dag_lakehouse_pipeline.py
[2026-08-12T20:54:53.207+0000] {processor.py:925} INFO - DAG(s) 'pipeline_lakehouse_medallion' retrieved from /opt/airflow/dags/dag_lakehouse_pipeline.py
[2026-08-12T20:54:53.640+0000] {logging_mixin.py:190} INFO - [2026-08-12T20:54:53.639+0000] {dag.py:3211} INFO - Sync 1 DAGs
[2026-08-12T20:54:53.841+0000] {logging_mixin.py:190} INFO - [2026-08-12T20:54:53.838+0000] {dag.py:4138} INFO - Setting next_dagrun for pipeline_lakehouse_medallion to None, run_after=None
[2026-08-12T20:54:54.049+0000] {processor.py:208} INFO - Processing /opt/airflow/dags/dag_lakehouse_pipeline.py took 1.585 seconds
[2026-08-12T20:55:36.704+0000] {processor.py:186} INFO - Started process (PID=25969) to work on /opt/airflow/dags/dag_lakehouse_pipeline.py
[2026-08-12T20:55:36.716+0000] {processor.py:914} INFO - Processing file /opt/airflow/dags/dag_lakehouse_pipeline.py for tasks to queue
[2026-08-12T20:55:36.741+0000] {logging_mixin.py:190} INFO - [2026-08-12T20:55:36.739+0000] {dagbag.py:587} INFO - Filling up the DagBag from /opt/airflow/dags/dag_lakehouse_pipeline.py
[2026-08-12T20:55:37.278+0000] {processor.py:925} INFO - DAG(s) 'pipeline_lakehouse_medallion' retrieved from /opt/airflow/dags/dag_lakehouse_pipeline.py
[2026-08-12T20:55:37.703+0000] {logging_mixin.py:190} INFO - [2026-08-12T20:55:37.701+0000] {dag.py:3211} INFO - Sync 1 DAGs
[2026-08-12T20:55:37.942+0000] {logging_mixin.py:190} INFO - [2026-08-12T20:55:37.941+0000] {dag.py:4138} INFO - Setting next_dagrun for pipeline_lakehouse_medallion to None, run_after=None
[2026-08-12T20:55:38.162+0000] {processor.py:208} INFO - Processing /opt/airflow/dags/dag_lakehouse_pipeline.py took 1.547 seconds
[2026-08-12T20:56:11.579+0000] {processor.py:186} INFO - Started process (PID=26304) to work on /opt/airflow/dags/dag_lakehouse_pipeline.py
[2026-08-12T20:56:11.587+0000] {processor.py:914} INFO - Processing file /opt/airflow/dags/dag_lakehouse_pipeline.py for tasks to queue
[2026-08-12T20:56:11.610+0000] {logging_mixin.py:190} INFO - [2026-08-12T20:56:11.604+0000] {dagbag.py:587} INFO - Filling up the DagBag from /opt/airflow/dags/dag_lakehouse_pipeline.py
[2026-08-12T20:56:11.907+0000] {processor.py:925} INFO - DAG(s) 'pipeline_lakehouse_medallion' retrieved from /opt/airflow/dags/dag_lakehouse_pipeline.py
[2026-08-12T20:56:12.240+0000] {logging_mixin.py:190} INFO - [2026-08-12T20:56:12.239+0000] {dag.py:3211} INFO - Sync 1 DAGs
[2026-08-12T20:56:12.565+0000] {logging_mixin.py:190} INFO - [2026-08-12T20:56:12.564+0000] {dag.py:4138} INFO - Setting next_dagrun for pipeline_lakehouse_medallion to None, run_after=None
[2026-08-12T20:56:12.801+0000] {processor.py:208} INFO - Processing /opt/airflow/dags/dag_lakehouse_pipeline.py took 1.301 seconds
[2026-08-12T20:56:53.447+0000] {processor.py:186} INFO - Started process (PID=26663) to work on /opt/airflow/dags/dag_lakehouse_pipeline.py
[2026-08-12T20:56:53.480+0000] {processor.py:914} INFO - Processing file /opt/airflow/dags/dag_lakehouse_pipeline.py for tasks to queue
[2026-08-12T20:56:53.513+0000] {logging_mixin.py:190} INFO - [2026-08-12T20:56:53.499+0000] {dagbag.py:587} INFO - Filling up the DagBag from /opt/airflow/dags/dag_lakehouse_pipeline.py
[2026-08-12T20:56:54.108+0000] {processor.py:925} INFO - DAG(s) 'pipeline_lakehouse_medallion' retrieved from /opt/airflow/dags/dag_lakehouse_pipeline.py
[2026-08-12T20:56:54.668+0000] {logging_mixin.py:190} INFO - [2026-08-12T20:56:54.667+0000] {dag.py:3211} INFO - Sync 1 DAGs
[2026-08-12T20:56:54.937+0000] {logging_mixin.py:190} INFO - [2026-08-12T20:56:54.936+0000] {dag.py:4138} INFO - Setting next_dagrun for pipeline_lakehouse_medallion to None, run_after=None
[2026-08-12T20:56:55.263+0000] {processor.py:208} INFO - Processing /opt/airflow/dags/dag_lakehouse_pipeline.py took 1.913 seconds
[2026-08-12T20:57:39.395+0000] {processor.py:186} INFO - Started process (PID=27028) to work on /opt/airflow/dags/dag_lakehouse_pipeline.py
[2026-08-12T20:57:39.401+0000] {processor.py:914} INFO - Processing file /opt/airflow/dags/dag_lakehouse_pipeline.py for tasks to queue
[2026-08-12T20:57:39.417+0000] {logging_mixin.py:190} INFO - [2026-08-12T20:57:39.415+0000] {dagbag.py:587} INFO - Filling up the DagBag from /opt/airflow/dags/dag_lakehouse_pipeline.py
[2026-08-12T20:57:39.616+0000] {processor.py:925} INFO - DAG(s) 'pipeline_lakehouse_medallion' retrieved from /opt/airflow/dags/dag_lakehouse_pipeline.py
[2026-08-12T20:57:39.871+0000] {logging_mixin.py:190} INFO - [2026-08-12T20:57:39.868+0000] {dag.py:3211} INFO - Sync 1 DAGs
[2026-08-12T20:57:39.981+0000] {logging_mixin.py:190} INFO - [2026-08-12T20:57:39.980+0000] {dag.py:4138} INFO - Setting next_dagrun for pipeline_lakehouse_medallion to None, run_after=None
[2026-08-12T20:57:40.143+0000] {processor.py:208} INFO - Processing /opt/airflow/dags/dag_lakehouse_pipeline.py took 0.835 seconds
[2026-08-12T20:58:13.996+0000] {processor.py:186} INFO - Started process (PID=27362) to work on /opt/airflow/dags/dag_lakehouse_pipeline.py
[2026-08-12T20:58:14.012+0000] {processor.py:914} INFO - Processing file /opt/airflow/dags/dag_lakehouse_pipeline.py for tasks to queue
[2026-08-12T20:58:14.042+0000] {logging_mixin.py:190} INFO - [2026-08-12T20:58:14.038+0000] {dagbag.py:587} INFO - Filling up the DagBag from /opt/airflow/dags/dag_lakehouse_pipeline.py
[2026-08-12T20:58:14.680+0000] {processor.py:925} INFO - DAG(s) 'pipeline_lakehouse_medallion' retrieved from /opt/airflow/dags/dag_lakehouse_pipeline.py
[2026-08-12T20:58:14.980+0000] {logging_mixin.py:190} INFO - [2026-08-12T20:58:14.979+0000] {dag.py:3211} INFO - Sync 1 DAGs
[2026-08-12T20:58:15.209+0000] {logging_mixin.py:190} INFO - [2026-08-12T20:58:15.208+0000] {dag.py:4138} INFO - Setting next_dagrun for pipeline_lakehouse_medallion to None, run_after=None
[2026-08-12T20:58:15.403+0000] {processor.py:208} INFO - Processing /opt/airflow/dags/dag_lakehouse_pipeline.py took 1.467 seconds
[2026-08-12T20:59:35.950+0000] {processor.py:186} INFO - Started process (PID=27510) to work on /opt/airflow/dags/dag_lakehouse_pipeline.py
[2026-08-12T20:59:35.955+0000] {processor.py:914} INFO - Processing file /opt/airflow/dags/dag_lakehouse_pipeline.py for tasks to queue
[2026-08-12T20:59:35.983+0000] {logging_mixin.py:190} INFO - [2026-08-12T20:59:35.982+0000] {dagbag.py:587} INFO - Filling up the DagBag from /opt/airflow/dags/dag_lakehouse_pipeline.py
[2026-08-12T20:59:36.157+0000] {processor.py:925} INFO - DAG(s) 'pipeline_lakehouse_medallion' retrieved from /opt/airflow/dags/dag_lakehouse_pipeline.py
[2026-08-12T20:59:36.442+0000] {logging_mixin.py:190} INFO - [2026-08-12T20:59:36.441+0000] {dag.py:3211} INFO - Sync 1 DAGs
[2026-08-12T20:59:36.581+0000] {logging_mixin.py:190} INFO - [2026-08-12T20:59:36.580+0000] {dag.py:4138} INFO - Setting next_dagrun for pipeline_lakehouse_medallion to None, run_after=None
[2026-08-12T20:59:36.755+0000] {processor.py:208} INFO - Processing /opt/airflow/dags/dag_lakehouse_pipeline.py took 0.911 seconds
[2026-08-12T21:04:24.921+0000] {processor.py:186} INFO - Started process (PID=27592) to work on /opt/airflow/dags/dag_lakehouse_pipeline.py
[2026-08-12T21:04:24.929+0000] {processor.py:914} INFO - Processing file /opt/airflow/dags/dag_lakehouse_pipeline.py for tasks to queue
[2026-08-12T21:04:24.941+0000] {logging_mixin.py:190} INFO - [2026-08-12T21:04:24.933+0000] {dagbag.py:587} INFO - Filling up the DagBag from /opt/airflow/dags/dag_lakehouse_pipeline.py
[2026-08-12T21:04:25.084+0000] {processor.py:925} INFO - DAG(s) 'pipeline_lakehouse_medallion' retrieved from /opt/airflow/dags/dag_lakehouse_pipeline.py
[2026-08-12T21:04:25.256+0000] {logging_mixin.py:190} INFO - [2026-08-12T21:04:25.256+0000] {dag.py:3211} INFO - Sync 1 DAGs
[2026-08-12T21:04:25.338+0000] {logging_mixin.py:190} INFO - [2026-08-12T21:04:25.338+0000] {dag.py:4138} INFO - Setting next_dagrun for pipeline_lakehouse_medallion to None, run_after=None
[2026-08-12T21:04:25.435+0000] {processor.py:208} INFO - Processing /opt/airflow/dags/dag_lakehouse_pipeline.py took 0.563 seconds
[2026-08-12T21:04:56.510+0000] {processor.py:186} INFO - Started process (PID=28055) to work on /opt/airflow/dags/dag_lakehouse_pipeline.py
[2026-08-12T21:04:56.514+0000] {processor.py:914} INFO - Processing file /opt/airflow/dags/dag_lakehouse_pipeline.py for tasks to queue
[2026-08-12T21:04:56.518+0000] {logging_mixin.py:190} INFO - [2026-08-12T21:04:56.517+0000] {dagbag.py:587} INFO - Filling up the DagBag from /opt/airflow/dags/dag_lakehouse_pipeline.py
[2026-08-12T21:04:56.597+0000] {processor.py:925} INFO - DAG(s) 'pipeline_lakehouse_medallion' retrieved from /opt/airflow/dags/dag_lakehouse_pipeline.py
[2026-08-12T21:04:56.691+0000] {logging_mixin.py:190} INFO - [2026-08-12T21:04:56.690+0000] {dag.py:3211} INFO - Sync 1 DAGs
[2026-08-12T21:04:56.732+0000] {logging_mixin.py:190} INFO - [2026-08-12T21:04:56.732+0000] {dag.py:4138} INFO - Setting next_dagrun for pipeline_lakehouse_medallion to None, run_after=None
[2026-08-12T21:04:56.787+0000] {processor.py:208} INFO - Processing /opt/airflow/dags/dag_lakehouse_pipeline.py took 0.326 seconds
[2026-08-12T21:05:56.161+0000] {processor.py:186} INFO - Started process (PID=28581) to work on /opt/airflow/dags/dag_lakehouse_pipeline.py
[2026-08-12T21:05:56.164+0000] {processor.py:914} INFO - Processing file /opt/airflow/dags/dag_lakehouse_pipeline.py for tasks to queue
[2026-08-12T21:05:56.170+0000] {logging_mixin.py:190} INFO - [2026-08-12T21:05:56.168+0000] {dagbag.py:587} INFO - Filling up the DagBag from /opt/airflow/dags/dag_lakehouse_pipeline.py
[2026-08-12T21:05:56.404+0000] {processor.py:925} INFO - DAG(s) 'pipeline_lakehouse_medallion' retrieved from /opt/airflow/dags/dag_lakehouse_pipeline.py
[2026-08-12T21:05:56.558+0000] {logging_mixin.py:190} INFO - [2026-08-12T21:05:56.557+0000] {dag.py:3211} INFO - Sync 1 DAGs
[2026-08-12T21:05:56.629+0000] {logging_mixin.py:190} INFO - [2026-08-12T21:05:56.625+0000] {dag.py:4138} INFO - Setting next_dagrun for pipeline_lakehouse_medallion to None, run_after=None
[2026-08-12T21:05:56.719+0000] {processor.py:208} INFO - Processing /opt/airflow/dags/dag_lakehouse_pipeline.py took 0.583 seconds
[2026-08-12T21:06:26.851+0000] {processor.py:186} INFO - Started process (PID=28869) to work on /opt/airflow/dags/dag_lakehouse_pipeline.py
[2026-08-12T21:06:26.853+0000] {processor.py:914} INFO - Processing file /opt/airflow/dags/dag_lakehouse_pipeline.py for tasks to queue
[2026-08-12T21:06:26.861+0000] {logging_mixin.py:190} INFO - [2026-08-12T21:06:26.861+0000] {dagbag.py:587} INFO - Filling up the DagBag from /opt/airflow/dags/dag_lakehouse_pipeline.py
[2026-08-12T21:06:26.900+0000] {processor.py:925} INFO - DAG(s) 'pipeline_lakehouse_medallion' retrieved from /opt/airflow/dags/dag_lakehouse_pipeline.py
[2026-08-12T21:06:26.965+0000] {logging_mixin.py:190} INFO - [2026-08-12T21:06:26.964+0000] {dag.py:3211} INFO - Sync 1 DAGs
[2026-08-12T21:06:26.991+0000] {logging_mixin.py:190} INFO - [2026-08-12T21:06:26.991+0000] {dag.py:4138} INFO - Setting next_dagrun for pipeline_lakehouse_medallion to None, run_after=None
[2026-08-12T21:06:27.033+0000] {processor.py:208} INFO - Processing /opt/airflow/dags/dag_lakehouse_pipeline.py took 0.191 seconds
[2026-08-12T21:06:58.000+0000] {processor.py:186} INFO - Started process (PID=29337) to work on /opt/airflow/dags/dag_lakehouse_pipeline.py
[2026-08-12T21:06:58.003+0000] {processor.py:914} INFO - Processing file /opt/airflow/dags/dag_lakehouse_pipeline.py for tasks to queue
[2026-08-12T21:06:58.008+0000] {logging_mixin.py:190} INFO - [2026-08-12T21:06:58.008+0000] {dagbag.py:587} INFO - Filling up the DagBag from /opt/airflow/dags/dag_lakehouse_pipeline.py
[2026-08-12T21:06:58.060+0000] {processor.py:925} INFO - DAG(s) 'pipeline_lakehouse_medallion' retrieved from /opt/airflow/dags/dag_lakehouse_pipeline.py
[2026-08-12T21:06:58.135+0000] {logging_mixin.py:190} INFO - [2026-08-12T21:06:58.135+0000] {dag.py:3211} INFO - Sync 1 DAGs
[2026-08-12T21:06:58.161+0000] {logging_mixin.py:190} INFO - [2026-08-12T21:06:58.160+0000] {dag.py:4138} INFO - Setting next_dagrun for pipeline_lakehouse_medallion to None, run_after=None
[2026-08-12T21:06:58.201+0000] {processor.py:208} INFO - Processing /opt/airflow/dags/dag_lakehouse_pipeline.py took 0.220 seconds
[2026-08-12T21:07:28.801+0000] {processor.py:186} INFO - Started process (PID=29343) to work on /opt/airflow/dags/dag_lakehouse_pipeline.py
[2026-08-12T21:07:28.805+0000] {processor.py:914} INFO - Processing file /opt/airflow/dags/dag_lakehouse_pipeline.py for tasks to queue
[2026-08-12T21:07:28.809+0000] {logging_mixin.py:190} INFO - [2026-08-12T21:07:28.808+0000] {dagbag.py:587} INFO - Filling up the DagBag from /opt/airflow/dags/dag_lakehouse_pipeline.py
[2026-08-12T21:07:28.861+0000] {processor.py:925} INFO - DAG(s) 'pipeline_lakehouse_medallion' retrieved from /opt/airflow/dags/dag_lakehouse_pipeline.py
[2026-08-12T21:07:28.908+0000] {logging_mixin.py:190} INFO - [2026-08-12T21:07:28.908+0000] {dag.py:3211} INFO - Sync 1 DAGs
[2026-08-12T21:07:28.951+0000] {logging_mixin.py:190} INFO - [2026-08-12T21:07:28.950+0000] {dag.py:4138} INFO - Setting next_dagrun for pipeline_lakehouse_medallion to None, run_after=None
[2026-08-12T21:07:29.010+0000] {processor.py:208} INFO - Processing /opt/airflow/dags/dag_lakehouse_pipeline.py took 0.219 seconds
[2026-08-12T21:07:59.197+0000] {processor.py:186} INFO - Started process (PID=29356) to work on /opt/airflow/dags/dag_lakehouse_pipeline.py
[2026-08-12T21:07:59.199+0000] {processor.py:914} INFO - Processing file /opt/airflow/dags/dag_lakehouse_pipeline.py for tasks to queue
[2026-08-12T21:07:59.202+0000] {logging_mixin.py:190} INFO - [2026-08-12T21:07:59.201+0000] {dagbag.py:587} INFO - Filling up the DagBag from /opt/airflow/dags/dag_lakehouse_pipeline.py
[2026-08-12T21:07:59.256+0000] {processor.py:925} INFO - DAG(s) 'pipeline_lakehouse_medallion' retrieved from /opt/airflow/dags/dag_lakehouse_pipeline.py
[2026-08-12T21:07:59.307+0000] {logging_mixin.py:190} INFO - [2026-08-12T21:07:59.307+0000] {dag.py:3211} INFO - Sync 1 DAGs
[2026-08-12T21:07:59.332+0000] {logging_mixin.py:190} INFO - [2026-08-12T21:07:59.331+0000] {dag.py:4138} INFO - Setting next_dagrun for pipeline_lakehouse_medallion to None, run_after=None
[2026-08-12T21:07:59.382+0000] {processor.py:208} INFO - Processing /opt/airflow/dags/dag_lakehouse_pipeline.py took 0.194 seconds
[2026-08-12T21:08:29.718+0000] {processor.py:186} INFO - Started process (PID=29369) to work on /opt/airflow/dags/dag_lakehouse_pipeline.py
[2026-08-12T21:08:29.720+0000] {processor.py:914} INFO - Processing file /opt/airflow/dags/dag_lakehouse_pipeline.py for tasks to queue
[2026-08-12T21:08:29.723+0000] {logging_mixin.py:190} INFO - [2026-08-12T21:08:29.722+0000] {dagbag.py:587} INFO - Filling up the DagBag from /opt/airflow/dags/dag_lakehouse_pipeline.py
[2026-08-12T21:08:29.775+0000] {processor.py:925} INFO - DAG(s) 'pipeline_lakehouse_medallion' retrieved from /opt/airflow/dags/dag_lakehouse_pipeline.py
[2026-08-12T21:08:29.827+0000] {logging_mixin.py:190} INFO - [2026-08-12T21:08:29.826+0000] {dag.py:3211} INFO - Sync 1 DAGs
[2026-08-12T21:08:29.849+0000] {logging_mixin.py:190} INFO - [2026-08-12T21:08:29.849+0000] {dag.py:4138} INFO - Setting next_dagrun for pipeline_lakehouse_medallion to None, run_after=None
[2026-08-12T21:08:29.886+0000] {processor.py:208} INFO - Processing /opt/airflow/dags/dag_lakehouse_pipeline.py took 0.176 seconds
[2026-08-12T21:09:00.044+0000] {processor.py:186} INFO - Started process (PID=29382) to work on /opt/airflow/dags/dag_lakehouse_pipeline.py
[2026-08-12T21:09:00.047+0000] {processor.py:914} INFO - Processing file /opt/airflow/dags/dag_lakehouse_pipeline.py for tasks to queue
[2026-08-12T21:09:00.050+0000] {logging_mixin.py:190} INFO - [2026-08-12T21:09:00.049+0000] {dagbag.py:587} INFO - Filling up the DagBag from /opt/airflow/dags/dag_lakehouse_pipeline.py
[2026-08-12T21:09:00.103+0000] {processor.py:925} INFO - DAG(s) 'pipeline_lakehouse_medallion' retrieved from /opt/airflow/dags/dag_lakehouse_pipeline.py
[2026-08-12T21:09:00.159+0000] {logging_mixin.py:190} INFO - [2026-08-12T21:09:00.159+0000] {dag.py:3211} INFO - Sync 1 DAGs
[2026-08-12T21:09:00.178+0000] {logging_mixin.py:190} INFO - [2026-08-12T21:09:00.178+0000] {dag.py:4138} INFO - Setting next_dagrun for pipeline_lakehouse_medallion to None, run_after=None
[2026-08-12T21:09:00.221+0000] {processor.py:208} INFO - Processing /opt/airflow/dags/dag_lakehouse_pipeline.py took 0.187 seconds
[2026-08-12T21:09:31.991+0000] {processor.py:186} INFO - Started process (PID=29405) to work on /opt/airflow/dags/dag_lakehouse_pipeline.py
[2026-08-12T21:09:32.027+0000] {processor.py:914} INFO - Processing file /opt/airflow/dags/dag_lakehouse_pipeline.py for tasks to queue
[2026-08-12T21:09:32.061+0000] {logging_mixin.py:190} INFO - [2026-08-12T21:09:32.047+0000] {dagbag.py:587} INFO - Filling up the DagBag from /opt/airflow/dags/dag_lakehouse_pipeline.py
[2026-08-12T21:09:32.630+0000] {processor.py:925} INFO - DAG(s) 'pipeline_lakehouse_medallion' retrieved from /opt/airflow/dags/dag_lakehouse_pipeline.py
[2026-08-12T21:09:33.144+0000] {logging_mixin.py:190} INFO - [2026-08-12T21:09:33.142+0000] {dag.py:3211} INFO - Sync 1 DAGs
[2026-08-12T21:09:33.325+0000] {logging_mixin.py:190} INFO - [2026-08-12T21:09:33.323+0000] {dag.py:4138} INFO - Setting next_dagrun for pipeline_lakehouse_medallion to None, run_after=None
[2026-08-12T21:09:33.599+0000] {processor.py:208} INFO - Processing /opt/airflow/dags/dag_lakehouse_pipeline.py took 1.811 seconds
[2026-08-12T21:10:08.129+0000] {processor.py:186} INFO - Started process (PID=29415) to work on /opt/airflow/dags/dag_lakehouse_pipeline.py
[2026-08-12T21:10:08.176+0000] {processor.py:914} INFO - Processing file /opt/airflow/dags/dag_lakehouse_pipeline.py for tasks to queue
[2026-08-12T21:10:08.250+0000] {logging_mixin.py:190} INFO - [2026-08-12T21:10:08.248+0000] {dagbag.py:587} INFO - Filling up the DagBag from /opt/airflow/dags/dag_lakehouse_pipeline.py
[2026-08-12T21:10:09.181+0000] {processor.py:925} INFO - DAG(s) 'pipeline_lakehouse_medallion' retrieved from /opt/airflow/dags/dag_lakehouse_pipeline.py
[2026-08-12T21:10:09.738+0000] {logging_mixin.py:190} INFO - [2026-08-12T21:10:09.725+0000] {dag.py:3211} INFO - Sync 1 DAGs
[2026-08-12T21:10:10.051+0000] {logging_mixin.py:190} INFO - [2026-08-12T21:10:10.050+0000] {dag.py:4138} INFO - Setting next_dagrun for pipeline_lakehouse_medallion to None, run_after=None
[2026-08-12T21:10:10.346+0000] {processor.py:208} INFO - Processing /opt/airflow/dags/dag_lakehouse_pipeline.py took 2.384 seconds
[2026-08-12T21:10:42.758+0000] {processor.py:186} INFO - Started process (PID=29424) to work on /opt/airflow/dags/dag_lakehouse_pipeline.py
[2026-08-12T21:10:42.787+0000] {processor.py:914} INFO - Processing file /opt/airflow/dags/dag_lakehouse_pipeline.py for tasks to queue
[2026-08-12T21:10:42.945+0000] {logging_mixin.py:190} INFO - [2026-08-12T21:10:42.921+0000] {dagbag.py:587} INFO - Filling up the DagBag from /opt/airflow/dags/dag_lakehouse_pipeline.py
[2026-08-12T21:10:44.208+0000] {processor.py:925} INFO - DAG(s) 'pipeline_lakehouse_medallion' retrieved from /opt/airflow/dags/dag_lakehouse_pipeline.py
[2026-08-12T21:10:45.667+0000] {logging_mixin.py:190} INFO - [2026-08-12T21:10:45.665+0000] {dag.py:3211} INFO - Sync 1 DAGs
[2026-08-12T21:10:47.449+0000] {logging_mixin.py:190} INFO - [2026-08-12T21:10:47.421+0000] {dag.py:4138} INFO - Setting next_dagrun for pipeline_lakehouse_medallion to None, run_after=None
[2026-08-12T21:10:48.080+0000] {processor.py:208} INFO - Processing /opt/airflow/dags/dag_lakehouse_pipeline.py took 5.958 seconds
[2026-08-12T21:11:22.315+0000] {processor.py:186} INFO - Started process (PID=29433) to work on /opt/airflow/dags/dag_lakehouse_pipeline.py
[2026-08-12T21:11:22.492+0000] {processor.py:914} INFO - Processing file /opt/airflow/dags/dag_lakehouse_pipeline.py for tasks to queue
[2026-08-12T21:11:22.670+0000] {logging_mixin.py:190} INFO - [2026-08-12T21:11:22.668+0000] {dagbag.py:587} INFO - Filling up the DagBag from /opt/airflow/dags/dag_lakehouse_pipeline.py
[2026-08-12T21:11:27.439+0000] {processor.py:925} INFO - DAG(s) 'pipeline_lakehouse_medallion' retrieved from /opt/airflow/dags/dag_lakehouse_pipeline.py
[2026-08-12T21:11:34.319+0000] {logging_mixin.py:190} INFO - [2026-08-12T21:11:34.305+0000] {dag.py:3211} INFO - Sync 1 DAGs
[2026-08-12T21:11:37.085+0000] {logging_mixin.py:190} INFO - [2026-08-12T21:11:37.083+0000] {dag.py:4138} INFO - Setting next_dagrun for pipeline_lakehouse_medallion to None, run_after=None
[2026-08-12T21:11:38.370+0000] {processor.py:208} INFO - Processing /opt/airflow/dags/dag_lakehouse_pipeline.py took 18.311 seconds
[2026-08-12T21:12:11.228+0000] {processor.py:186} INFO - Started process (PID=29443) to work on /opt/airflow/dags/dag_lakehouse_pipeline.py
[2026-08-12T21:12:11.274+0000] {processor.py:914} INFO - Processing file /opt/airflow/dags/dag_lakehouse_pipeline.py for tasks to queue
[2026-08-12T21:12:11.309+0000] {logging_mixin.py:190} INFO - [2026-08-12T21:12:11.295+0000] {dagbag.py:587} INFO - Filling up the DagBag from /opt/airflow/dags/dag_lakehouse_pipeline.py
[2026-08-12T21:12:12.410+0000] {processor.py:925} INFO - DAG(s) 'pipeline_lakehouse_medallion' retrieved from /opt/airflow/dags/dag_lakehouse_pipeline.py
[2026-08-12T21:12:13.511+0000] {logging_mixin.py:190} INFO - [2026-08-12T21:12:13.509+0000] {dag.py:3211} INFO - Sync 1 DAGs
[2026-08-12T21:12:14.019+0000] {logging_mixin.py:190} INFO - [2026-08-12T21:12:14.008+0000] {dag.py:4138} INFO - Setting next_dagrun for pipeline_lakehouse_medallion to None, run_after=None
[2026-08-12T21:12:14.820+0000] {processor.py:208} INFO - Processing /opt/airflow/dags/dag_lakehouse_pipeline.py took 3.887 seconds
[2026-08-12T21:12:35.746+0000] {processor.py:186} INFO - Started process (PID=29446) to work on /opt/airflow/dags/dag_lakehouse_pipeline.py
[2026-08-12T21:12:35.790+0000] {processor.py:914} INFO - Processing file /opt/airflow/dags/dag_lakehouse_pipeline.py for tasks to queue
[2026-08-12T21:12:36.042+0000] {logging_mixin.py:190} INFO - [2026-08-12T21:12:36.027+0000] {dagbag.py:587} INFO - Filling up the DagBag from /opt/airflow/dags/dag_lakehouse_pipeline.py
[2026-08-12T21:12:37.616+0000] {processor.py:925} INFO - DAG(s) 'pipeline_lakehouse_medallion' retrieved from /opt/airflow/dags/dag_lakehouse_pipeline.py
[2026-08-12T21:12:38.958+0000] {logging_mixin.py:190} INFO - [2026-08-12T21:12:38.956+0000] {dag.py:3211} INFO - Sync 1 DAGs
[2026-08-12T21:12:40.877+0000] {logging_mixin.py:190} INFO - [2026-08-12T21:12:40.876+0000] {dag.py:4138} INFO - Setting next_dagrun for pipeline_lakehouse_medallion to None, run_after=None
[2026-08-12T21:12:42.144+0000] {processor.py:208} INFO - Processing /opt/airflow/dags/dag_lakehouse_pipeline.py took 6.713 seconds
[2026-08-12T21:13:18.209+0000] {processor.py:186} INFO - Started process (PID=29456) to work on /opt/airflow/dags/dag_lakehouse_pipeline.py
[2026-08-12T21:13:18.262+0000] {processor.py:914} INFO - Processing file /opt/airflow/dags/dag_lakehouse_pipeline.py for tasks to queue
[2026-08-12T21:13:18.849+0000] {logging_mixin.py:190} INFO - [2026-08-12T21:13:18.835+0000] {dagbag.py:587} INFO - Filling up the DagBag from /opt/airflow/dags/dag_lakehouse_pipeline.py
[2026-08-12T21:13:23.295+0000] {processor.py:925} INFO - DAG(s) 'pipeline_lakehouse_medallion' retrieved from /opt/airflow/dags/dag_lakehouse_pipeline.py
[2026-08-12T21:13:29.825+0000] {logging_mixin.py:190} INFO - [2026-08-12T21:13:29.603+0000] {dag.py:3211} INFO - Sync 1 DAGs
[2026-08-12T21:13:36.411+0000] {logging_mixin.py:190} INFO - [2026-08-12T21:13:36.409+0000] {dag.py:4138} INFO - Setting next_dagrun for pipeline_lakehouse_medallion to None, run_after=None
[2026-08-12T21:13:39.960+0000] {processor.py:208} INFO - Processing /opt/airflow/dags/dag_lakehouse_pipeline.py took 23.408 seconds
[2026-08-12T21:14:12.640+0000] {processor.py:186} INFO - Started process (PID=29466) to work on /opt/airflow/dags/dag_lakehouse_pipeline.py
[2026-08-12T21:14:12.656+0000] {processor.py:914} INFO - Processing file /opt/airflow/dags/dag_lakehouse_pipeline.py for tasks to queue
[2026-08-12T21:14:12.715+0000] {logging_mixin.py:190} INFO - [2026-08-12T21:14:12.698+0000] {dagbag.py:587} INFO - Filling up the DagBag from /opt/airflow/dags/dag_lakehouse_pipeline.py
[2026-08-12T21:14:14.063+0000] {processor.py:925} INFO - DAG(s) 'pipeline_lakehouse_medallion' retrieved from /opt/airflow/dags/dag_lakehouse_pipeline.py
[2026-08-12T21:14:15.078+0000] {logging_mixin.py:190} INFO - [2026-08-12T21:14:15.076+0000] {dag.py:3211} INFO - Sync 1 DAGs
[2026-08-12T21:14:15.686+0000] {logging_mixin.py:190} INFO - [2026-08-12T21:14:15.658+0000] {dag.py:4138} INFO - Setting next_dagrun for pipeline_lakehouse_medallion to None, run_after=None
[2026-08-12T21:14:16.261+0000] {processor.py:208} INFO - Processing /opt/airflow/dags/dag_lakehouse_pipeline.py took 4.147 seconds
[2026-08-12T21:17:39.913+0000] {processor.py:186} INFO - Started process (PID=29469) to work on /opt/airflow/dags/dag_lakehouse_pipeline.py
[2026-08-12T21:17:39.980+0000] {processor.py:914} INFO - Processing file /opt/airflow/dags/dag_lakehouse_pipeline.py for tasks to queue
[2026-08-12T21:17:40.114+0000] {logging_mixin.py:190} INFO - [2026-08-12T21:17:40.072+0000] {dagbag.py:587} INFO - Filling up the DagBag from /opt/airflow/dags/dag_lakehouse_pipeline.py
[2026-08-12T21:17:44.692+0000] {processor.py:925} INFO - DAG(s) 'pipeline_lakehouse_medallion' retrieved from /opt/airflow/dags/dag_lakehouse_pipeline.py
[2026-08-12T21:17:49.290+0000] {logging_mixin.py:190} INFO - [2026-08-12T21:17:49.280+0000] {dag.py:3211} INFO - Sync 1 DAGs
[2026-08-12T21:17:49.791+0000] {logging_mixin.py:190} INFO - [2026-08-12T21:17:49.790+0000] {dag.py:4138} INFO - Setting next_dagrun for pipeline_lakehouse_medallion to None, run_after=None
[2026-08-12T21:17:50.003+0000] {processor.py:208} INFO - Processing /opt/airflow/dags/dag_lakehouse_pipeline.py took 10.775 seconds
[2026-08-12T21:20:39.857+0000] {processor.py:186} INFO - Started process (PID=29472) to work on /opt/airflow/dags/dag_lakehouse_pipeline.py
[2026-08-12T21:20:39.902+0000] {processor.py:914} INFO - Processing file /opt/airflow/dags/dag_lakehouse_pipeline.py for tasks to queue
[2026-08-12T21:20:39.953+0000] {logging_mixin.py:190} INFO - [2026-08-12T21:20:39.945+0000] {dagbag.py:587} INFO - Filling up the DagBag from /opt/airflow/dags/dag_lakehouse_pipeline.py
[2026-08-12T21:21:10.263+0000] {logging_mixin.py:190} INFO - [2026-08-12T21:21:10.244+0000] {timeout.py:68} ERROR - Process timed out, PID: 29472
[2026-08-12T21:47:06.519+0000] {processor.py:186} INFO - Started process (PID=83) to work on /opt/airflow/dags/dag_lakehouse_pipeline.py
[2026-08-12T21:47:06.535+0000] {processor.py:914} INFO - Processing file /opt/airflow/dags/dag_lakehouse_pipeline.py for tasks to queue
[2026-08-12T21:47:06.574+0000] {logging_mixin.py:190} INFO - [2026-08-12T21:47:06.572+0000] {dagbag.py:587} INFO - Filling up the DagBag from /opt/airflow/dags/dag_lakehouse_pipeline.py
[2026-08-12T21:47:06.958+0000] {processor.py:925} INFO - DAG(s) 'pipeline_lakehouse_medallion' retrieved from /opt/airflow/dags/dag_lakehouse_pipeline.py
[2026-08-12T21:47:07.529+0000] {logging_mixin.py:190} INFO - [2026-08-12T21:47:07.527+0000] {dag.py:3211} INFO - Sync 1 DAGs
[2026-08-12T21:47:07.883+0000] {logging_mixin.py:190} INFO - [2026-08-12T21:47:07.879+0000] {dag.py:4138} INFO - Setting next_dagrun for pipeline_lakehouse_medallion to None, run_after=None
[2026-08-12T21:47:08.114+0000] {processor.py:208} INFO - Processing /opt/airflow/dags/dag_lakehouse_pipeline.py took 1.716 seconds
[2026-08-12T21:47:15.064+0000] {processor.py:186} INFO - Started process (PID=86) to work on /opt/airflow/dags/dag_lakehouse_pipeline.py
[2026-08-12T21:47:15.069+0000] {processor.py:914} INFO - Processing file /opt/airflow/dags/dag_lakehouse_pipeline.py for tasks to queue
[2026-08-12T21:47:15.085+0000] {logging_mixin.py:190} INFO - [2026-08-12T21:47:15.082+0000] {dagbag.py:587} INFO - Filling up the DagBag from /opt/airflow/dags/dag_lakehouse_pipeline.py
[2026-08-12T21:47:15.236+0000] {processor.py:925} INFO - DAG(s) 'pipeline_lakehouse_medallion' retrieved from /opt/airflow/dags/dag_lakehouse_pipeline.py
[2026-08-12T21:47:15.493+0000] {logging_mixin.py:190} INFO - [2026-08-12T21:47:15.491+0000] {taskinstance.py:3303} ERROR - {'DAG Id': 'pipeline_lakehouse_medallion', 'Task Id': 'bronze_orders', 'Run Id': 'manual__2026-08-12T20:20:03.436354+00:00', 'Hostname': '4099a95615c9', 'External Executor Id': 'a8e6855c-0664-416e-96af-7cd2e3c8ce24'}
[2026-08-12T21:47:15.626+0000] {logging_mixin.py:190} INFO - [2026-08-12T21:47:15.625+0000] {taskinstance.py:1225} INFO - Marking task as FAILED. dag_id=pipeline_lakehouse_medallion, task_id=bronze_orders, run_id=manual__2026-08-12T20:20:03.436354+00:00, execution_date=20260812T202003, start_date=20260812T210914, end_date=20260812T214715
[2026-08-12T21:47:15.709+0000] {logging_mixin.py:190} INFO - [2026-08-12T21:47:15.708+0000] {processor.py:876} INFO - Executed callback for <TaskInstance: pipeline_lakehouse_medallion.bronze_orders manual__2026-08-12T20:20:03.436354+00:00 [failed]> in state failed
[2026-08-12T21:47:15.805+0000] {logging_mixin.py:190} INFO - [2026-08-12T21:47:15.804+0000] {dag.py:3211} INFO - Sync 1 DAGs
[2026-08-12T21:47:15.878+0000] {logging_mixin.py:190} INFO - [2026-08-12T21:47:15.877+0000] {dag.py:4138} INFO - Setting next_dagrun for pipeline_lakehouse_medallion to None, run_after=None
[2026-08-12T21:47:15.965+0000] {processor.py:208} INFO - Processing /opt/airflow/dags/dag_lakehouse_pipeline.py took 0.955 seconds
[2026-08-12T21:47:25.915+0000] {processor.py:186} INFO - Started process (PID=87) to work on /opt/airflow/dags/dag_lakehouse_pipeline.py
[2026-08-12T21:47:25.926+0000] {processor.py:914} INFO - Processing file /opt/airflow/dags/dag_lakehouse_pipeline.py for tasks to queue
[2026-08-12T21:47:25.959+0000] {logging_mixin.py:190} INFO - [2026-08-12T21:47:25.957+0000] {dagbag.py:587} INFO - Filling up the DagBag from /opt/airflow/dags/dag_lakehouse_pipeline.py
[2026-08-12T21:47:26.166+0000] {processor.py:925} INFO - DAG(s) 'pipeline_lakehouse_medallion' retrieved from /opt/airflow/dags/dag_lakehouse_pipeline.py
[2026-08-12T21:47:26.268+0000] {logging_mixin.py:190} INFO - [2026-08-12T21:47:26.267+0000] {taskinstance.py:3303} ERROR - {'DAG Id': 'pipeline_lakehouse_medallion', 'Task Id': 'bronze_customers', 'Run Id': 'manual__2026-08-12T20:20:35.636123+00:00', 'Hostname': '4099a95615c9', 'External Executor Id': '10a03830-9737-4d30-9967-8ff439e47d57'}
[2026-08-12T21:47:26.355+0000] {logging_mixin.py:190} INFO - [2026-08-12T21:47:26.354+0000] {taskinstance.py:1225} INFO - Marking task as FAILED. dag_id=pipeline_lakehouse_medallion, task_id=bronze_customers, run_id=manual__2026-08-12T20:20:35.636123+00:00, execution_date=20260812T202035, start_date=20260812T210934, end_date=20260812T214726
[2026-08-12T21:47:26.418+0000] {logging_mixin.py:190} INFO - [2026-08-12T21:47:26.417+0000] {processor.py:876} INFO - Executed callback for <TaskInstance: pipeline_lakehouse_medallion.bronze_customers manual__2026-08-12T20:20:35.636123+00:00 [failed]> in state failed
[2026-08-12T21:47:26.431+0000] {logging_mixin.py:190} INFO - [2026-08-12T21:47:26.430+0000] {taskinstance.py:3303} ERROR - {'DAG Id': 'pipeline_lakehouse_medallion', 'Task Id': 'bronze_orders', 'Run Id': 'manual__2026-08-12T20:20:35.636123+00:00', 'Hostname': '4099a95615c9', 'External Executor Id': '19d5cfcc-2202-4e70-bc40-5404e722dcdc'}
[2026-08-12T21:47:26.463+0000] {logging_mixin.py:190} INFO - [2026-08-12T21:47:26.462+0000] {taskinstance.py:1225} INFO - Marking task as FAILED. dag_id=pipeline_lakehouse_medallion, task_id=bronze_orders, run_id=manual__2026-08-12T20:20:35.636123+00:00, execution_date=20260812T202035, start_date=20260812T210916, end_date=20260812T214726
[2026-08-12T21:47:26.486+0000] {logging_mixin.py:190} INFO - [2026-08-12T21:47:26.485+0000] {processor.py:876} INFO - Executed callback for <TaskInstance: pipeline_lakehouse_medallion.bronze_orders manual__2026-08-12T20:20:35.636123+00:00 [failed]> in state failed
[2026-08-12T21:47:26.505+0000] {logging_mixin.py:190} INFO - [2026-08-12T21:47:26.504+0000] {taskinstance.py:3303} ERROR - {'DAG Id': 'pipeline_lakehouse_medallion', 'Task Id': 'bronze_order_items', 'Run Id': 'manual__2026-08-12T20:20:35.636123+00:00', 'Hostname': '4099a95615c9', 'External Executor Id': '1faa1a54-7157-47d0-9b59-28e56839e94f'}
[2026-08-12T21:47:26.554+0000] {logging_mixin.py:190} INFO - [2026-08-12T21:47:26.553+0000] {taskinstance.py:1225} INFO - Marking task as FAILED. dag_id=pipeline_lakehouse_medallion, task_id=bronze_order_items, run_id=manual__2026-08-12T20:20:35.636123+00:00, execution_date=20260812T202035, start_date=20260812T210912, end_date=20260812T214726
[2026-08-12T21:47:26.576+0000] {logging_mixin.py:190} INFO - [2026-08-12T21:47:26.575+0000] {processor.py:876} INFO - Executed callback for <TaskInstance: pipeline_lakehouse_medallion.bronze_order_items manual__2026-08-12T20:20:35.636123+00:00 [failed]> in state failed
[2026-08-12T21:47:26.588+0000] {logging_mixin.py:190} INFO - [2026-08-12T21:47:26.587+0000] {taskinstance.py:3303} ERROR - {'DAG Id': 'pipeline_lakehouse_medallion', 'Task Id': 'bronze_order_items', 'Run Id': 'manual__2026-08-12T20:20:03.436354+00:00', 'Hostname': '4099a95615c9', 'External Executor Id': 'eebf6385-c990-4e09-95f6-2acb97a3dd97'}
[2026-08-12T21:47:26.627+0000] {logging_mixin.py:190} INFO - [2026-08-12T21:47:26.626+0000] {taskinstance.py:1225} INFO - Marking task as FAILED. dag_id=pipeline_lakehouse_medallion, task_id=bronze_order_items, run_id=manual__2026-08-12T20:20:03.436354+00:00, execution_date=20260812T202003, start_date=20260812T210940, end_date=20260812T214726
[2026-08-12T21:47:26.647+0000] {logging_mixin.py:190} INFO - [2026-08-12T21:47:26.646+0000] {processor.py:876} INFO - Executed callback for <TaskInstance: pipeline_lakehouse_medallion.bronze_order_items manual__2026-08-12T20:20:03.436354+00:00 [failed]> in state failed
[2026-08-12T21:47:26.659+0000] {logging_mixin.py:190} INFO - [2026-08-12T21:47:26.658+0000] {taskinstance.py:3303} ERROR - {'DAG Id': 'pipeline_lakehouse_medallion', 'Task Id': 'bronze_customers', 'Run Id': 'manual__2026-08-12T20:20:03.436354+00:00', 'Hostname': '4099a95615c9', 'External Executor Id': 'e6237ed2-d440-44fc-804f-bb08ce97e674'}
[2026-08-12T21:47:26.700+0000] {logging_mixin.py:190} INFO - [2026-08-12T21:47:26.699+0000] {taskinstance.py:1225} INFO - Marking task as FAILED. dag_id=pipeline_lakehouse_medallion, task_id=bronze_customers, run_id=manual__2026-08-12T20:20:03.436354+00:00, execution_date=20260812T202003, start_date=20260812T210912, end_date=20260812T214726
[2026-08-12T21:47:26.723+0000] {logging_mixin.py:190} INFO - [2026-08-12T21:47:26.722+0000] {processor.py:876} INFO - Executed callback for <TaskInstance: pipeline_lakehouse_medallion.bronze_customers manual__2026-08-12T20:20:03.436354+00:00 [failed]> in state failed
[2026-08-12T21:47:26.739+0000] {logging_mixin.py:190} INFO - [2026-08-12T21:47:26.738+0000] {taskinstance.py:3303} ERROR - {'DAG Id': 'pipeline_lakehouse_medallion', 'Task Id': 'bronze_order_items', 'Run Id': 'manual__2026-08-12T20:20:54.952834+00:00', 'Hostname': '4099a95615c9', 'External Executor Id': '097feb11-efee-46cb-a5e9-d003c0cf155a'}
[2026-08-12T21:47:26.783+0000] {logging_mixin.py:190} INFO - [2026-08-12T21:47:26.782+0000] {taskinstance.py:1225} INFO - Marking task as FAILED. dag_id=pipeline_lakehouse_medallion, task_id=bronze_order_items, run_id=manual__2026-08-12T20:20:54.952834+00:00, execution_date=20260812T202054, start_date=20260812T210937, end_date=20260812T214726
[2026-08-12T21:47:26.817+0000] {logging_mixin.py:190} INFO - [2026-08-12T21:47:26.817+0000] {processor.py:876} INFO - Executed callback for <TaskInstance: pipeline_lakehouse_medallion.bronze_order_items manual__2026-08-12T20:20:54.952834+00:00 [failed]> in state failed
[2026-08-12T21:47:26.836+0000] {logging_mixin.py:190} INFO - [2026-08-12T21:47:26.835+0000] {taskinstance.py:3303} ERROR - {'DAG Id': 'pipeline_lakehouse_medallion', 'Task Id': 'bronze_orders', 'Run Id': 'manual__2026-08-12T20:19:11.024472+00:00', 'Hostname': '4099a95615c9', 'External Executor Id': '1de299f6-d23f-49d9-a81e-58def9772158'}
[2026-08-12T21:47:26.879+0000] {logging_mixin.py:190} INFO - [2026-08-12T21:47:26.878+0000] {taskinstance.py:1225} INFO - Marking task as FAILED. dag_id=pipeline_lakehouse_medallion, task_id=bronze_orders, run_id=manual__2026-08-12T20:19:11.024472+00:00, execution_date=20260812T201911, start_date=20260812T210941, end_date=20260812T214726
[2026-08-12T21:47:26.904+0000] {logging_mixin.py:190} INFO - [2026-08-12T21:47:26.902+0000] {processor.py:876} INFO - Executed callback for <TaskInstance: pipeline_lakehouse_medallion.bronze_orders manual__2026-08-12T20:19:11.024472+00:00 [failed]> in state failed
[2026-08-12T21:47:26.920+0000] {logging_mixin.py:190} INFO - [2026-08-12T21:47:26.919+0000] {taskinstance.py:3303} ERROR - {'DAG Id': 'pipeline_lakehouse_medallion', 'Task Id': 'bronze_order_items', 'Run Id': 'manual__2026-08-12T20:19:11.024472+00:00', 'Hostname': '4099a95615c9', 'External Executor Id': 'ad37fd54-1b81-46ab-995b-4e103b9521e1'}
[2026-08-12T21:47:26.960+0000] {logging_mixin.py:190} INFO - [2026-08-12T21:47:26.959+0000] {taskinstance.py:1225} INFO - Marking task as FAILED. dag_id=pipeline_lakehouse_medallion, task_id=bronze_order_items, run_id=manual__2026-08-12T20:19:11.024472+00:00, execution_date=20260812T201911, start_date=20260812T210912, end_date=20260812T214726
[2026-08-12T21:47:26.975+0000] {logging_mixin.py:190} INFO - [2026-08-12T21:47:26.975+0000] {processor.py:876} INFO - Executed callback for <TaskInstance: pipeline_lakehouse_medallion.bronze_order_items manual__2026-08-12T20:19:11.024472+00:00 [failed]> in state failed
[2026-08-12T21:47:26.986+0000] {logging_mixin.py:190} INFO - [2026-08-12T21:47:26.985+0000] {taskinstance.py:3303} ERROR - {'DAG Id': 'pipeline_lakehouse_medallion', 'Task Id': 'bronze_orders', 'Run Id': 'manual__2026-08-12T20:20:54.952834+00:00', 'Hostname': '4099a95615c9', 'External Executor Id': '2925e3e2-56a9-4c04-aa2a-3bd7f19b5a55'}
[2026-08-12T21:47:27.023+0000] {logging_mixin.py:190} INFO - [2026-08-12T21:47:27.022+0000] {taskinstance.py:1225} INFO - Marking task as FAILED. dag_id=pipeline_lakehouse_medallion, task_id=bronze_orders, run_id=manual__2026-08-12T20:20:54.952834+00:00, execution_date=20260812T202054, start_date=20260812T210912, end_date=20260812T214727
[2026-08-12T21:47:27.045+0000] {logging_mixin.py:190} INFO - [2026-08-12T21:47:27.044+0000] {processor.py:876} INFO - Executed callback for <TaskInstance: pipeline_lakehouse_medallion.bronze_orders manual__2026-08-12T20:20:54.952834+00:00 [failed]> in state failed
[2026-08-12T21:47:27.058+0000] {logging_mixin.py:190} INFO - [2026-08-12T21:47:27.057+0000] {taskinstance.py:3303} ERROR - {'DAG Id': 'pipeline_lakehouse_medallion', 'Task Id': 'bronze_customers', 'Run Id': 'manual__2026-08-12T20:20:54.952834+00:00', 'Hostname': '4099a95615c9', 'External Executor Id': '8bf39072-0232-4ec9-b9a3-2ef55d4c0f75'}
[2026-08-12T21:47:27.094+0000] {logging_mixin.py:190} INFO - [2026-08-12T21:47:27.093+0000] {taskinstance.py:1225} INFO - Marking task as FAILED. dag_id=pipeline_lakehouse_medallion, task_id=bronze_customers, run_id=manual__2026-08-12T20:20:54.952834+00:00, execution_date=20260812T202054, start_date=20260812T210912, end_date=20260812T214727
[2026-08-12T21:47:27.116+0000] {logging_mixin.py:190} INFO - [2026-08-12T21:47:27.114+0000] {processor.py:876} INFO - Executed callback for <TaskInstance: pipeline_lakehouse_medallion.bronze_customers manual__2026-08-12T20:20:54.952834+00:00 [failed]> in state failed
[2026-08-12T21:47:27.128+0000] {logging_mixin.py:190} INFO - [2026-08-12T21:47:27.127+0000] {taskinstance.py:3303} ERROR - {'DAG Id': 'pipeline_lakehouse_medallion', 'Task Id': 'bronze_customers', 'Run Id': 'manual__2026-08-12T20:19:11.024472+00:00', 'Hostname': '4099a95615c9', 'External Executor Id': 'f9c661c6-6ffb-42ee-a414-27a56a3ad864'}
[2026-08-12T21:47:27.165+0000] {logging_mixin.py:190} INFO - [2026-08-12T21:47:27.164+0000] {taskinstance.py:1225} INFO - Marking task as FAILED. dag_id=pipeline_lakehouse_medallion, task_id=bronze_customers, run_id=manual__2026-08-12T20:19:11.024472+00:00, execution_date=20260812T201911, start_date=20260812T210913, end_date=20260812T214727
[2026-08-12T21:47:27.186+0000] {logging_mixin.py:190} INFO - [2026-08-12T21:47:27.184+0000] {processor.py:876} INFO - Executed callback for <TaskInstance: pipeline_lakehouse_medallion.bronze_customers manual__2026-08-12T20:19:11.024472+00:00 [failed]> in state failed
[2026-08-12T21:47:27.194+0000] {logging_mixin.py:190} INFO - [2026-08-12T21:47:27.194+0000] {taskinstance.py:3303} ERROR - {'DAG Id': 'pipeline_lakehouse_medallion', 'Task Id': 'bronze_customers', 'Run Id': 'manual__2026-08-12T20:28:17.765935+00:00', 'Hostname': '4099a95615c9', 'External Executor Id': '3796588c-6d76-426c-8cf3-e02e25079449'}
[2026-08-12T21:47:27.223+0000] {logging_mixin.py:190} INFO - [2026-08-12T21:47:27.223+0000] {taskinstance.py:1225} INFO - Marking task as FAILED. dag_id=pipeline_lakehouse_medallion, task_id=bronze_customers, run_id=manual__2026-08-12T20:28:17.765935+00:00, execution_date=20260812T202817, start_date=20260812T210916, end_date=20260812T214727
[2026-08-12T21:47:27.240+0000] {logging_mixin.py:190} INFO - [2026-08-12T21:47:27.239+0000] {processor.py:876} INFO - Executed callback for <TaskInstance: pipeline_lakehouse_medallion.bronze_customers manual__2026-08-12T20:28:17.765935+00:00 [failed]> in state failed
[2026-08-12T21:47:27.252+0000] {logging_mixin.py:190} INFO - [2026-08-12T21:47:27.251+0000] {taskinstance.py:3303} ERROR - {'DAG Id': 'pipeline_lakehouse_medallion', 'Task Id': 'bronze_orders', 'Run Id': 'manual__2026-08-12T20:07:27.047568+00:00', 'Hostname': '4099a95615c9', 'External Executor Id': '556f09cf-71fb-4a41-a26a-737d4524a9d6'}
[2026-08-12T21:47:27.280+0000] {logging_mixin.py:190} INFO - [2026-08-12T21:47:27.280+0000] {taskinstance.py:1225} INFO - Marking task as FAILED. dag_id=pipeline_lakehouse_medallion, task_id=bronze_orders, run_id=manual__2026-08-12T20:07:27.047568+00:00, execution_date=20260812T200727, start_date=20260812T210912, end_date=20260812T214727
[2026-08-12T21:47:27.299+0000] {logging_mixin.py:190} INFO - [2026-08-12T21:47:27.298+0000] {processor.py:876} INFO - Executed callback for <TaskInstance: pipeline_lakehouse_medallion.bronze_orders manual__2026-08-12T20:07:27.047568+00:00 [failed]> in state failed
[2026-08-12T21:47:27.312+0000] {logging_mixin.py:190} INFO - [2026-08-12T21:47:27.311+0000] {taskinstance.py:3303} ERROR - {'DAG Id': 'pipeline_lakehouse_medallion', 'Task Id': 'bronze_order_items', 'Run Id': 'manual__2026-08-12T20:07:27.047568+00:00', 'Hostname': '4099a95615c9', 'External Executor Id': '6d73009e-459d-4d4c-b424-519c4de45fdc'}
[2026-08-12T21:47:27.341+0000] {logging_mixin.py:190} INFO - [2026-08-12T21:47:27.340+0000] {taskinstance.py:1225} INFO - Marking task as FAILED. dag_id=pipeline_lakehouse_medallion, task_id=bronze_order_items, run_id=manual__2026-08-12T20:07:27.047568+00:00, execution_date=20260812T200727, start_date=20260812T210916, end_date=20260812T214727
[2026-08-12T21:47:27.367+0000] {logging_mixin.py:190} INFO - [2026-08-12T21:47:27.362+0000] {processor.py:876} INFO - Executed callback for <TaskInstance: pipeline_lakehouse_medallion.bronze_order_items manual__2026-08-12T20:07:27.047568+00:00 [failed]> in state failed
[2026-08-12T21:47:27.384+0000] {logging_mixin.py:190} INFO - [2026-08-12T21:47:27.383+0000] {taskinstance.py:3303} ERROR - {'DAG Id': 'pipeline_lakehouse_medallion', 'Task Id': 'bronze_customers', 'Run Id': 'manual__2026-08-12T20:07:27.047568+00:00', 'Hostname': '4099a95615c9', 'External Executor Id': '0d5f30aa-bbc9-49e7-9585-21bca61ad156'}
[2026-08-12T21:47:27.419+0000] {logging_mixin.py:190} INFO - [2026-08-12T21:47:27.418+0000] {taskinstance.py:1225} INFO - Marking task as FAILED. dag_id=pipeline_lakehouse_medallion, task_id=bronze_customers, run_id=manual__2026-08-12T20:07:27.047568+00:00, execution_date=20260812T200727, start_date=20260812T210913, end_date=20260812T214727
[2026-08-12T21:47:27.440+0000] {logging_mixin.py:190} INFO - [2026-08-12T21:47:27.439+0000] {processor.py:876} INFO - Executed callback for <TaskInstance: pipeline_lakehouse_medallion.bronze_customers manual__2026-08-12T20:07:27.047568+00:00 [failed]> in state failed
[2026-08-12T21:47:27.451+0000] {logging_mixin.py:190} INFO - [2026-08-12T21:47:27.449+0000] {taskinstance.py:3303} ERROR - {'DAG Id': 'pipeline_lakehouse_medallion', 'Task Id': 'bronze_customers', 'Run Id': 'manual__2026-08-12T20:20:35.636123+00:00', 'Hostname': '4099a95615c9', 'External Executor Id': '10a03830-9737-4d30-9967-8ff439e47d57'}
[2026-08-12T21:47:27.480+0000] {logging_mixin.py:190} INFO - [2026-08-12T21:47:27.479+0000] {taskinstance.py:1225} INFO - Marking task as FAILED. dag_id=pipeline_lakehouse_medallion, task_id=bronze_customers, run_id=manual__2026-08-12T20:20:35.636123+00:00, execution_date=20260812T202035, start_date=20260812T210934, end_date=20260812T214727
[2026-08-12T21:47:27.504+0000] {logging_mixin.py:190} INFO - [2026-08-12T21:47:27.503+0000] {processor.py:876} INFO - Executed callback for <TaskInstance: pipeline_lakehouse_medallion.bronze_customers manual__2026-08-12T20:20:35.636123+00:00 [failed]> in state failed
[2026-08-12T21:47:27.602+0000] {logging_mixin.py:190} INFO - [2026-08-12T21:47:27.597+0000] {dag.py:3211} INFO - Sync 1 DAGs
[2026-08-12T21:47:27.711+0000] {logging_mixin.py:190} INFO - [2026-08-12T21:47:27.710+0000] {dag.py:4138} INFO - Setting next_dagrun for pipeline_lakehouse_medallion to None, run_after=None
[2026-08-12T21:47:27.794+0000] {processor.py:208} INFO - Processing /opt/airflow/dags/dag_lakehouse_pipeline.py took 1.917 seconds
[2026-08-12T21:47:58.113+0000] {processor.py:186} INFO - Started process (PID=97) to work on /opt/airflow/dags/dag_lakehouse_pipeline.py
[2026-08-12T21:47:58.115+0000] {processor.py:914} INFO - Processing file /opt/airflow/dags/dag_lakehouse_pipeline.py for tasks to queue
[2026-08-12T21:47:58.120+0000] {logging_mixin.py:190} INFO - [2026-08-12T21:47:58.119+0000] {dagbag.py:587} INFO - Filling up the DagBag from /opt/airflow/dags/dag_lakehouse_pipeline.py
[2026-08-12T21:47:58.172+0000] {processor.py:925} INFO - DAG(s) 'pipeline_lakehouse_medallion' retrieved from /opt/airflow/dags/dag_lakehouse_pipeline.py
[2026-08-12T21:47:58.216+0000] {logging_mixin.py:190} INFO - [2026-08-12T21:47:58.215+0000] {taskinstance.py:3303} ERROR - {'DAG Id': 'pipeline_lakehouse_medallion', 'Task Id': 'bronze_orders', 'Run Id': 'manual__2026-08-12T20:20:35.636123+00:00', 'Hostname': '4099a95615c9', 'External Executor Id': '19d5cfcc-2202-4e70-bc40-5404e722dcdc'}
[2026-08-12T21:47:58.247+0000] {logging_mixin.py:190} INFO - [2026-08-12T21:47:58.247+0000] {taskinstance.py:1225} INFO - Marking task as FAILED. dag_id=pipeline_lakehouse_medallion, task_id=bronze_orders, run_id=manual__2026-08-12T20:20:35.636123+00:00, execution_date=20260812T202035, start_date=20260812T210916, end_date=20260812T214758
[2026-08-12T21:47:58.268+0000] {logging_mixin.py:190} INFO - [2026-08-12T21:47:58.267+0000] {processor.py:876} INFO - Executed callback for <TaskInstance: pipeline_lakehouse_medallion.bronze_orders manual__2026-08-12T20:20:35.636123+00:00 [failed]> in state failed
[2026-08-12T21:47:58.274+0000] {logging_mixin.py:190} INFO - [2026-08-12T21:47:58.273+0000] {taskinstance.py:3303} ERROR - {'DAG Id': 'pipeline_lakehouse_medallion', 'Task Id': 'bronze_order_items', 'Run Id': 'manual__2026-08-12T20:20:35.636123+00:00', 'Hostname': '4099a95615c9', 'External Executor Id': '1faa1a54-7157-47d0-9b59-28e56839e94f'}
[2026-08-12T21:47:58.287+0000] {logging_mixin.py:190} INFO - [2026-08-12T21:47:58.287+0000] {taskinstance.py:1225} INFO - Marking task as FAILED. dag_id=pipeline_lakehouse_medallion, task_id=bronze_order_items, run_id=manual__2026-08-12T20:20:35.636123+00:00, execution_date=20260812T202035, start_date=20260812T210912, end_date=20260812T214758
[2026-08-12T21:47:58.297+0000] {logging_mixin.py:190} INFO - [2026-08-12T21:47:58.297+0000] {processor.py:876} INFO - Executed callback for <TaskInstance: pipeline_lakehouse_medallion.bronze_order_items manual__2026-08-12T20:20:35.636123+00:00 [failed]> in state failed
[2026-08-12T21:47:58.303+0000] {logging_mixin.py:190} INFO - [2026-08-12T21:47:58.302+0000] {taskinstance.py:3303} ERROR - {'DAG Id': 'pipeline_lakehouse_medallion', 'Task Id': 'bronze_order_items', 'Run Id': 'manual__2026-08-12T20:20:03.436354+00:00', 'Hostname': '4099a95615c9', 'External Executor Id': 'eebf6385-c990-4e09-95f6-2acb97a3dd97'}
[2026-08-12T21:47:58.317+0000] {logging_mixin.py:190} INFO - [2026-08-12T21:47:58.316+0000] {taskinstance.py:1225} INFO - Marking task as FAILED. dag_id=pipeline_lakehouse_medallion, task_id=bronze_order_items, run_id=manual__2026-08-12T20:20:03.436354+00:00, execution_date=20260812T202003, start_date=20260812T210940, end_date=20260812T214758
[2026-08-12T21:47:58.328+0000] {logging_mixin.py:190} INFO - [2026-08-12T21:47:58.328+0000] {processor.py:876} INFO - Executed callback for <TaskInstance: pipeline_lakehouse_medallion.bronze_order_items manual__2026-08-12T20:20:03.436354+00:00 [failed]> in state failed
[2026-08-12T21:47:58.333+0000] {logging_mixin.py:190} INFO - [2026-08-12T21:47:58.332+0000] {taskinstance.py:3303} ERROR - {'DAG Id': 'pipeline_lakehouse_medallion', 'Task Id': 'bronze_customers', 'Run Id': 'manual__2026-08-12T20:20:03.436354+00:00', 'Hostname': '4099a95615c9', 'External Executor Id': 'e6237ed2-d440-44fc-804f-bb08ce97e674'}
[2026-08-12T21:47:58.346+0000] {logging_mixin.py:190} INFO - [2026-08-12T21:47:58.346+0000] {taskinstance.py:1225} INFO - Marking task as FAILED. dag_id=pipeline_lakehouse_medallion, task_id=bronze_customers, run_id=manual__2026-08-12T20:20:03.436354+00:00, execution_date=20260812T202003, start_date=20260812T210912, end_date=20260812T214758
[2026-08-12T21:47:58.355+0000] {logging_mixin.py:190} INFO - [2026-08-12T21:47:58.355+0000] {processor.py:876} INFO - Executed callback for <TaskInstance: pipeline_lakehouse_medallion.bronze_customers manual__2026-08-12T20:20:03.436354+00:00 [failed]> in state failed
[2026-08-12T21:47:58.361+0000] {logging_mixin.py:190} INFO - [2026-08-12T21:47:58.360+0000] {taskinstance.py:3303} ERROR - {'DAG Id': 'pipeline_lakehouse_medallion', 'Task Id': 'bronze_order_items', 'Run Id': 'manual__2026-08-12T20:20:54.952834+00:00', 'Hostname': '4099a95615c9', 'External Executor Id': '097feb11-efee-46cb-a5e9-d003c0cf155a'}
[2026-08-12T21:47:58.382+0000] {logging_mixin.py:190} INFO - [2026-08-12T21:47:58.381+0000] {taskinstance.py:1225} INFO - Marking task as FAILED. dag_id=pipeline_lakehouse_medallion, task_id=bronze_order_items, run_id=manual__2026-08-12T20:20:54.952834+00:00, execution_date=20260812T202054, start_date=20260812T210937, end_date=20260812T214758
[2026-08-12T21:47:58.396+0000] {logging_mixin.py:190} INFO - [2026-08-12T21:47:58.395+0000] {processor.py:876} INFO - Executed callback for <TaskInstance: pipeline_lakehouse_medallion.bronze_order_items manual__2026-08-12T20:20:54.952834+00:00 [failed]> in state failed
[2026-08-12T21:47:58.403+0000] {logging_mixin.py:190} INFO - [2026-08-12T21:47:58.403+0000] {taskinstance.py:3303} ERROR - {'DAG Id': 'pipeline_lakehouse_medallion', 'Task Id': 'bronze_orders', 'Run Id': 'manual__2026-08-12T20:19:11.024472+00:00', 'Hostname': '4099a95615c9', 'External Executor Id': '1de299f6-d23f-49d9-a81e-58def9772158'}
[2026-08-12T21:47:58.426+0000] {logging_mixin.py:190} INFO - [2026-08-12T21:47:58.426+0000] {taskinstance.py:1225} INFO - Marking task as FAILED. dag_id=pipeline_lakehouse_medallion, task_id=bronze_orders, run_id=manual__2026-08-12T20:19:11.024472+00:00, execution_date=20260812T201911, start_date=20260812T210941, end_date=20260812T214758
[2026-08-12T21:47:58.440+0000] {logging_mixin.py:190} INFO - [2026-08-12T21:47:58.439+0000] {processor.py:876} INFO - Executed callback for <TaskInstance: pipeline_lakehouse_medallion.bronze_orders manual__2026-08-12T20:19:11.024472+00:00 [failed]> in state failed
[2026-08-12T21:47:58.448+0000] {logging_mixin.py:190} INFO - [2026-08-12T21:47:58.448+0000] {taskinstance.py:3303} ERROR - {'DAG Id': 'pipeline_lakehouse_medallion', 'Task Id': 'bronze_order_items', 'Run Id': 'manual__2026-08-12T20:19:11.024472+00:00', 'Hostname': '4099a95615c9', 'External Executor Id': 'ad37fd54-1b81-46ab-995b-4e103b9521e1'}
[2026-08-12T21:47:58.471+0000] {logging_mixin.py:190} INFO - [2026-08-12T21:47:58.470+0000] {taskinstance.py:1225} INFO - Marking task as FAILED. dag_id=pipeline_lakehouse_medallion, task_id=bronze_order_items, run_id=manual__2026-08-12T20:19:11.024472+00:00, execution_date=20260812T201911, start_date=20260812T210912, end_date=20260812T214758
[2026-08-12T21:47:58.483+0000] {logging_mixin.py:190} INFO - [2026-08-12T21:47:58.482+0000] {processor.py:876} INFO - Executed callback for <TaskInstance: pipeline_lakehouse_medallion.bronze_order_items manual__2026-08-12T20:19:11.024472+00:00 [failed]> in state failed
[2026-08-12T21:47:58.491+0000] {logging_mixin.py:190} INFO - [2026-08-12T21:47:58.491+0000] {taskinstance.py:3303} ERROR - {'DAG Id': 'pipeline_lakehouse_medallion', 'Task Id': 'bronze_orders', 'Run Id': 'manual__2026-08-12T20:20:54.952834+00:00', 'Hostname': '4099a95615c9', 'External Executor Id': '2925e3e2-56a9-4c04-aa2a-3bd7f19b5a55'}
[2026-08-12T21:47:58.516+0000] {logging_mixin.py:190} INFO - [2026-08-12T21:47:58.515+0000] {taskinstance.py:1225} INFO - Marking task as FAILED. dag_id=pipeline_lakehouse_medallion, task_id=bronze_orders, run_id=manual__2026-08-12T20:20:54.952834+00:00, execution_date=20260812T202054, start_date=20260812T210912, end_date=20260812T214758
[2026-08-12T21:47:58.529+0000] {logging_mixin.py:190} INFO - [2026-08-12T21:47:58.528+0000] {processor.py:876} INFO - Executed callback for <TaskInstance: pipeline_lakehouse_medallion.bronze_orders manual__2026-08-12T20:20:54.952834+00:00 [failed]> in state failed
[2026-08-12T21:47:58.536+0000] {logging_mixin.py:190} INFO - [2026-08-12T21:47:58.536+0000] {taskinstance.py:3303} ERROR - {'DAG Id': 'pipeline_lakehouse_medallion', 'Task Id': 'bronze_customers', 'Run Id': 'manual__2026-08-12T20:20:54.952834+00:00', 'Hostname': '4099a95615c9', 'External Executor Id': '8bf39072-0232-4ec9-b9a3-2ef55d4c0f75'}
[2026-08-12T21:47:58.560+0000] {logging_mixin.py:190} INFO - [2026-08-12T21:47:58.560+0000] {taskinstance.py:1225} INFO - Marking task as FAILED. dag_id=pipeline_lakehouse_medallion, task_id=bronze_customers, run_id=manual__2026-08-12T20:20:54.952834+00:00, execution_date=20260812T202054, start_date=20260812T210912, end_date=20260812T214758
[2026-08-12T21:47:58.573+0000] {logging_mixin.py:190} INFO - [2026-08-12T21:47:58.572+0000] {processor.py:876} INFO - Executed callback for <TaskInstance: pipeline_lakehouse_medallion.bronze_customers manual__2026-08-12T20:20:54.952834+00:00 [failed]> in state failed
[2026-08-12T21:47:58.581+0000] {logging_mixin.py:190} INFO - [2026-08-12T21:47:58.580+0000] {taskinstance.py:3303} ERROR - {'DAG Id': 'pipeline_lakehouse_medallion', 'Task Id': 'bronze_customers', 'Run Id': 'manual__2026-08-12T20:19:11.024472+00:00', 'Hostname': '4099a95615c9', 'External Executor Id': 'f9c661c6-6ffb-42ee-a414-27a56a3ad864'}
[2026-08-12T21:47:58.606+0000] {logging_mixin.py:190} INFO - [2026-08-12T21:47:58.606+0000] {taskinstance.py:1225} INFO - Marking task as FAILED. dag_id=pipeline_lakehouse_medallion, task_id=bronze_customers, run_id=manual__2026-08-12T20:19:11.024472+00:00, execution_date=20260812T201911, start_date=20260812T210913, end_date=20260812T214758
[2026-08-12T21:47:58.619+0000] {logging_mixin.py:190} INFO - [2026-08-12T21:47:58.619+0000] {processor.py:876} INFO - Executed callback for <TaskInstance: pipeline_lakehouse_medallion.bronze_customers manual__2026-08-12T20:19:11.024472+00:00 [failed]> in state failed
[2026-08-12T21:47:58.627+0000] {logging_mixin.py:190} INFO - [2026-08-12T21:47:58.626+0000] {taskinstance.py:3303} ERROR - {'DAG Id': 'pipeline_lakehouse_medallion', 'Task Id': 'bronze_customers', 'Run Id': 'manual__2026-08-12T20:28:17.765935+00:00', 'Hostname': '4099a95615c9', 'External Executor Id': '3796588c-6d76-426c-8cf3-e02e25079449'}
[2026-08-12T21:47:58.649+0000] {logging_mixin.py:190} INFO - [2026-08-12T21:47:58.649+0000] {taskinstance.py:1225} INFO - Marking task as FAILED. dag_id=pipeline_lakehouse_medallion, task_id=bronze_customers, run_id=manual__2026-08-12T20:28:17.765935+00:00, execution_date=20260812T202817, start_date=20260812T210916, end_date=20260812T214758
[2026-08-12T21:47:58.662+0000] {logging_mixin.py:190} INFO - [2026-08-12T21:47:58.662+0000] {processor.py:876} INFO - Executed callback for <TaskInstance: pipeline_lakehouse_medallion.bronze_customers manual__2026-08-12T20:28:17.765935+00:00 [failed]> in state failed
[2026-08-12T21:47:58.670+0000] {logging_mixin.py:190} INFO - [2026-08-12T21:47:58.669+0000] {taskinstance.py:3303} ERROR - {'DAG Id': 'pipeline_lakehouse_medallion', 'Task Id': 'bronze_orders', 'Run Id': 'manual__2026-08-12T20:07:27.047568+00:00', 'Hostname': '4099a95615c9', 'External Executor Id': '556f09cf-71fb-4a41-a26a-737d4524a9d6'}
[2026-08-12T21:47:58.690+0000] {logging_mixin.py:190} INFO - [2026-08-12T21:47:58.690+0000] {taskinstance.py:1225} INFO - Marking task as FAILED. dag_id=pipeline_lakehouse_medallion, task_id=bronze_orders, run_id=manual__2026-08-12T20:07:27.047568+00:00, execution_date=20260812T200727, start_date=20260812T210912, end_date=20260812T214758
[2026-08-12T21:47:58.705+0000] {logging_mixin.py:190} INFO - [2026-08-12T21:47:58.704+0000] {processor.py:876} INFO - Executed callback for <TaskInstance: pipeline_lakehouse_medallion.bronze_orders manual__2026-08-12T20:07:27.047568+00:00 [failed]> in state failed
[2026-08-12T21:47:58.712+0000] {logging_mixin.py:190} INFO - [2026-08-12T21:47:58.712+0000] {taskinstance.py:3303} ERROR - {'DAG Id': 'pipeline_lakehouse_medallion', 'Task Id': 'bronze_order_items', 'Run Id': 'manual__2026-08-12T20:07:27.047568+00:00', 'Hostname': '4099a95615c9', 'External Executor Id': '6d73009e-459d-4d4c-b424-519c4de45fdc'}
[2026-08-12T21:47:58.732+0000] {logging_mixin.py:190} INFO - [2026-08-12T21:47:58.731+0000] {taskinstance.py:1225} INFO - Marking task as FAILED. dag_id=pipeline_lakehouse_medallion, task_id=bronze_order_items, run_id=manual__2026-08-12T20:07:27.047568+00:00, execution_date=20260812T200727, start_date=20260812T210916, end_date=20260812T214758
[2026-08-12T21:47:58.748+0000] {logging_mixin.py:190} INFO - [2026-08-12T21:47:58.747+0000] {processor.py:876} INFO - Executed callback for <TaskInstance: pipeline_lakehouse_medallion.bronze_order_items manual__2026-08-12T20:07:27.047568+00:00 [failed]> in state failed
[2026-08-12T21:47:58.757+0000] {logging_mixin.py:190} INFO - [2026-08-12T21:47:58.756+0000] {taskinstance.py:3303} ERROR - {'DAG Id': 'pipeline_lakehouse_medallion', 'Task Id': 'bronze_customers', 'Run Id': 'manual__2026-08-12T20:07:27.047568+00:00', 'Hostname': '4099a95615c9', 'External Executor Id': '0d5f30aa-bbc9-49e7-9585-21bca61ad156'}
[2026-08-12T21:47:58.785+0000] {logging_mixin.py:190} INFO - [2026-08-12T21:47:58.784+0000] {taskinstance.py:1225} INFO - Marking task as FAILED. dag_id=pipeline_lakehouse_medallion, task_id=bronze_customers, run_id=manual__2026-08-12T20:07:27.047568+00:00, execution_date=20260812T200727, start_date=20260812T210913, end_date=20260812T214758
[2026-08-12T21:47:58.800+0000] {logging_mixin.py:190} INFO - [2026-08-12T21:47:58.799+0000] {processor.py:876} INFO - Executed callback for <TaskInstance: pipeline_lakehouse_medallion.bronze_customers manual__2026-08-12T20:07:27.047568+00:00 [failed]> in state failed
[2026-08-12T21:47:58.866+0000] {logging_mixin.py:190} INFO - [2026-08-12T21:47:58.865+0000] {dag.py:3211} INFO - Sync 1 DAGs
[2026-08-12T21:47:58.913+0000] {logging_mixin.py:190} INFO - [2026-08-12T21:47:58.912+0000] {dag.py:4138} INFO - Setting next_dagrun for pipeline_lakehouse_medallion to None, run_after=None
[2026-08-12T21:47:58.971+0000] {processor.py:208} INFO - Processing /opt/airflow/dags/dag_lakehouse_pipeline.py took 0.871 seconds
[2026-08-12T21:48:29.043+0000] {processor.py:186} INFO - Started process (PID=107) to work on /opt/airflow/dags/dag_lakehouse_pipeline.py
[2026-08-12T21:48:29.045+0000] {processor.py:914} INFO - Processing file /opt/airflow/dags/dag_lakehouse_pipeline.py for tasks to queue
[2026-08-12T21:48:29.048+0000] {logging_mixin.py:190} INFO - [2026-08-12T21:48:29.047+0000] {dagbag.py:587} INFO - Filling up the DagBag from /opt/airflow/dags/dag_lakehouse_pipeline.py
[2026-08-12T21:48:29.079+0000] {processor.py:925} INFO - DAG(s) 'pipeline_lakehouse_medallion' retrieved from /opt/airflow/dags/dag_lakehouse_pipeline.py
[2026-08-12T21:48:29.141+0000] {logging_mixin.py:190} INFO - [2026-08-12T21:48:29.140+0000] {dag.py:3211} INFO - Sync 1 DAGs
[2026-08-12T21:48:29.167+0000] {logging_mixin.py:190} INFO - [2026-08-12T21:48:29.166+0000] {dag.py:4138} INFO - Setting next_dagrun for pipeline_lakehouse_medallion to None, run_after=None
[2026-08-12T21:48:29.203+0000] {processor.py:208} INFO - Processing /opt/airflow/dags/dag_lakehouse_pipeline.py took 0.168 seconds
[2026-08-12T21:48:59.757+0000] {processor.py:186} INFO - Started process (PID=118) to work on /opt/airflow/dags/dag_lakehouse_pipeline.py
[2026-08-12T21:48:59.761+0000] {processor.py:914} INFO - Processing file /opt/airflow/dags/dag_lakehouse_pipeline.py for tasks to queue
[2026-08-12T21:48:59.773+0000] {logging_mixin.py:190} INFO - [2026-08-12T21:48:59.771+0000] {dagbag.py:587} INFO - Filling up the DagBag from /opt/airflow/dags/dag_lakehouse_pipeline.py
[2026-08-12T21:48:59.855+0000] {processor.py:925} INFO - DAG(s) 'pipeline_lakehouse_medallion' retrieved from /opt/airflow/dags/dag_lakehouse_pipeline.py
[2026-08-12T21:48:59.956+0000] {logging_mixin.py:190} INFO - [2026-08-12T21:48:59.955+0000] {dag.py:3211} INFO - Sync 1 DAGs
[2026-08-12T21:49:00.008+0000] {logging_mixin.py:190} INFO - [2026-08-12T21:49:00.007+0000] {dag.py:4138} INFO - Setting next_dagrun for pipeline_lakehouse_medallion to None, run_after=None
[2026-08-12T21:49:00.068+0000] {processor.py:208} INFO - Processing /opt/airflow/dags/dag_lakehouse_pipeline.py took 0.335 seconds
[2026-08-12T21:49:30.723+0000] {processor.py:186} INFO - Started process (PID=128) to work on /opt/airflow/dags/dag_lakehouse_pipeline.py
[2026-08-12T21:49:30.726+0000] {processor.py:914} INFO - Processing file /opt/airflow/dags/dag_lakehouse_pipeline.py for tasks to queue
[2026-08-12T21:49:30.732+0000] {logging_mixin.py:190} INFO - [2026-08-12T21:49:30.731+0000] {dagbag.py:587} INFO - Filling up the DagBag from /opt/airflow/dags/dag_lakehouse_pipeline.py
[2026-08-12T21:49:30.768+0000] {processor.py:925} INFO - DAG(s) 'pipeline_lakehouse_medallion' retrieved from /opt/airflow/dags/dag_lakehouse_pipeline.py
[2026-08-12T21:49:30.817+0000] {logging_mixin.py:190} INFO - [2026-08-12T21:49:30.816+0000] {dag.py:3211} INFO - Sync 1 DAGs
[2026-08-12T21:49:30.840+0000] {logging_mixin.py:190} INFO - [2026-08-12T21:49:30.840+0000] {dag.py:4138} INFO - Setting next_dagrun for pipeline_lakehouse_medallion to None, run_after=None
[2026-08-12T21:49:30.877+0000] {processor.py:208} INFO - Processing /opt/airflow/dags/dag_lakehouse_pipeline.py took 0.164 seconds
[2026-08-12T21:50:01.385+0000] {processor.py:186} INFO - Started process (PID=177) to work on /opt/airflow/dags/dag_lakehouse_pipeline.py
[2026-08-12T21:50:01.396+0000] {processor.py:914} INFO - Processing file /opt/airflow/dags/dag_lakehouse_pipeline.py for tasks to queue
[2026-08-12T21:50:01.405+0000] {logging_mixin.py:190} INFO - [2026-08-12T21:50:01.404+0000] {dagbag.py:587} INFO - Filling up the DagBag from /opt/airflow/dags/dag_lakehouse_pipeline.py
[2026-08-12T21:50:01.469+0000] {processor.py:925} INFO - DAG(s) 'pipeline_lakehouse_medallion' retrieved from /opt/airflow/dags/dag_lakehouse_pipeline.py
[2026-08-12T21:50:01.543+0000] {logging_mixin.py:190} INFO - [2026-08-12T21:50:01.542+0000] {dag.py:3211} INFO - Sync 1 DAGs
[2026-08-12T21:50:01.573+0000] {logging_mixin.py:190} INFO - [2026-08-12T21:50:01.573+0000] {dag.py:4138} INFO - Setting next_dagrun for pipeline_lakehouse_medallion to None, run_after=None
[2026-08-12T21:50:01.619+0000] {processor.py:208} INFO - Processing /opt/airflow/dags/dag_lakehouse_pipeline.py took 0.256 seconds
[2026-08-12T21:50:32.375+0000] {processor.py:186} INFO - Started process (PID=193) to work on /opt/airflow/dags/dag_lakehouse_pipeline.py
[2026-08-12T21:50:32.388+0000] {processor.py:914} INFO - Processing file /opt/airflow/dags/dag_lakehouse_pipeline.py for tasks to queue
[2026-08-12T21:50:32.426+0000] {logging_mixin.py:190} INFO - [2026-08-12T21:50:32.419+0000] {dagbag.py:587} INFO - Filling up the DagBag from /opt/airflow/dags/dag_lakehouse_pipeline.py
[2026-08-12T21:50:32.960+0000] {processor.py:925} INFO - DAG(s) 'pipeline_lakehouse_medallion' retrieved from /opt/airflow/dags/dag_lakehouse_pipeline.py
[2026-08-12T21:50:33.582+0000] {logging_mixin.py:190} INFO - [2026-08-12T21:50:33.569+0000] {dag.py:3211} INFO - Sync 1 DAGs
[2026-08-12T21:50:33.859+0000] {logging_mixin.py:190} INFO - [2026-08-12T21:50:33.857+0000] {dag.py:4138} INFO - Setting next_dagrun for pipeline_lakehouse_medallion to None, run_after=None
[2026-08-12T21:50:34.150+0000] {processor.py:208} INFO - Processing /opt/airflow/dags/dag_lakehouse_pipeline.py took 1.898 seconds
[2026-08-12T21:51:06.010+0000] {processor.py:186} INFO - Started process (PID=203) to work on /opt/airflow/dags/dag_lakehouse_pipeline.py
[2026-08-12T21:51:06.026+0000] {processor.py:914} INFO - Processing file /opt/airflow/dags/dag_lakehouse_pipeline.py for tasks to queue
[2026-08-12T21:51:06.121+0000] {logging_mixin.py:190} INFO - [2026-08-12T21:51:06.108+0000] {dagbag.py:587} INFO - Filling up the DagBag from /opt/airflow/dags/dag_lakehouse_pipeline.py
[2026-08-12T21:51:06.516+0000] {processor.py:925} INFO - DAG(s) 'pipeline_lakehouse_medallion' retrieved from /opt/airflow/dags/dag_lakehouse_pipeline.py
[2026-08-12T21:51:07.005+0000] {logging_mixin.py:190} INFO - [2026-08-12T21:51:06.992+0000] {dag.py:3211} INFO - Sync 1 DAGs
[2026-08-12T21:51:07.236+0000] {logging_mixin.py:190} INFO - [2026-08-12T21:51:07.234+0000] {dag.py:4138} INFO - Setting next_dagrun for pipeline_lakehouse_medallion to None, run_after=None
[2026-08-12T21:51:07.473+0000] {processor.py:208} INFO - Processing /opt/airflow/dags/dag_lakehouse_pipeline.py took 1.603 seconds
[2026-08-12T21:51:38.459+0000] {processor.py:186} INFO - Started process (PID=213) to work on /opt/airflow/dags/dag_lakehouse_pipeline.py
[2026-08-12T21:51:38.513+0000] {processor.py:914} INFO - Processing file /opt/airflow/dags/dag_lakehouse_pipeline.py for tasks to queue
[2026-08-12T21:51:38.628+0000] {logging_mixin.py:190} INFO - [2026-08-12T21:51:38.605+0000] {dagbag.py:587} INFO - Filling up the DagBag from /opt/airflow/dags/dag_lakehouse_pipeline.py
[2026-08-12T21:51:39.355+0000] {processor.py:925} INFO - DAG(s) 'pipeline_lakehouse_medallion' retrieved from /opt/airflow/dags/dag_lakehouse_pipeline.py
[2026-08-12T21:51:40.586+0000] {logging_mixin.py:190} INFO - [2026-08-12T21:51:40.585+0000] {dag.py:3211} INFO - Sync 1 DAGs
[2026-08-12T21:51:40.929+0000] {logging_mixin.py:190} INFO - [2026-08-12T21:51:40.928+0000] {dag.py:4138} INFO - Setting next_dagrun for pipeline_lakehouse_medallion to None, run_after=None
[2026-08-12T21:51:41.344+0000] {processor.py:208} INFO - Processing /opt/airflow/dags/dag_lakehouse_pipeline.py took 3.048 seconds
[2026-08-12T21:52:12.708+0000] {processor.py:186} INFO - Started process (PID=222) to work on /opt/airflow/dags/dag_lakehouse_pipeline.py
[2026-08-12T21:52:12.737+0000] {processor.py:914} INFO - Processing file /opt/airflow/dags/dag_lakehouse_pipeline.py for tasks to queue
[2026-08-12T21:52:12.933+0000] {logging_mixin.py:190} INFO - [2026-08-12T21:52:12.875+0000] {dagbag.py:587} INFO - Filling up the DagBag from /opt/airflow/dags/dag_lakehouse_pipeline.py
[2026-08-12T21:52:13.768+0000] {processor.py:925} INFO - DAG(s) 'pipeline_lakehouse_medallion' retrieved from /opt/airflow/dags/dag_lakehouse_pipeline.py
[2026-08-12T21:52:14.609+0000] {logging_mixin.py:190} INFO - [2026-08-12T21:52:14.602+0000] {dag.py:3211} INFO - Sync 1 DAGs
[2026-08-12T21:52:15.123+0000] {logging_mixin.py:190} INFO - [2026-08-12T21:52:15.121+0000] {dag.py:4138} INFO - Setting next_dagrun for pipeline_lakehouse_medallion to None, run_after=None
[2026-08-12T21:52:27.603+0000] {processor.py:208} INFO - Processing /opt/airflow/dags/dag_lakehouse_pipeline.py took 15.083 seconds
[2026-08-12T21:52:58.669+0000] {processor.py:186} INFO - Started process (PID=232) to work on /opt/airflow/dags/dag_lakehouse_pipeline.py
[2026-08-12T21:52:58.691+0000] {processor.py:914} INFO - Processing file /opt/airflow/dags/dag_lakehouse_pipeline.py for tasks to queue
[2026-08-12T21:52:58.729+0000] {logging_mixin.py:190} INFO - [2026-08-12T21:52:58.727+0000] {dagbag.py:587} INFO - Filling up the DagBag from /opt/airflow/dags/dag_lakehouse_pipeline.py
[2026-08-12T21:52:59.110+0000] {processor.py:925} INFO - DAG(s) 'pipeline_lakehouse_medallion' retrieved from /opt/airflow/dags/dag_lakehouse_pipeline.py
[2026-08-12T21:52:59.863+0000] {logging_mixin.py:190} INFO - [2026-08-12T21:52:59.857+0000] {dag.py:3211} INFO - Sync 1 DAGs
[2026-08-12T21:53:03.172+0000] {logging_mixin.py:190} INFO - [2026-08-12T21:53:03.171+0000] {dag.py:4138} INFO - Setting next_dagrun for pipeline_lakehouse_medallion to None, run_after=None
[2026-08-12T21:53:03.397+0000] {processor.py:208} INFO - Processing /opt/airflow/dags/dag_lakehouse_pipeline.py took 4.780 seconds
[2026-08-12T21:53:34.594+0000] {processor.py:186} INFO - Started process (PID=242) to work on /opt/airflow/dags/dag_lakehouse_pipeline.py
[2026-08-12T21:53:34.611+0000] {processor.py:914} INFO - Processing file /opt/airflow/dags/dag_lakehouse_pipeline.py for tasks to queue
[2026-08-12T21:53:34.659+0000] {logging_mixin.py:190} INFO - [2026-08-12T21:53:34.657+0000] {dagbag.py:587} INFO - Filling up the DagBag from /opt/airflow/dags/dag_lakehouse_pipeline.py
[2026-08-12T21:53:34.952+0000] {processor.py:925} INFO - DAG(s) 'pipeline_lakehouse_medallion' retrieved from /opt/airflow/dags/dag_lakehouse_pipeline.py
[2026-08-12T21:53:35.483+0000] {logging_mixin.py:190} INFO - [2026-08-12T21:53:35.482+0000] {dag.py:3211} INFO - Sync 1 DAGs
[2026-08-12T21:53:35.725+0000] {logging_mixin.py:190} INFO - [2026-08-12T21:53:35.723+0000] {dag.py:4138} INFO - Setting next_dagrun for pipeline_lakehouse_medallion to None, run_after=None
[2026-08-12T21:53:35.992+0000] {processor.py:208} INFO - Processing /opt/airflow/dags/dag_lakehouse_pipeline.py took 1.517 seconds
[2026-08-12T21:54:07.640+0000] {processor.py:186} INFO - Started process (PID=252) to work on /opt/airflow/dags/dag_lakehouse_pipeline.py
[2026-08-12T21:54:07.661+0000] {processor.py:914} INFO - Processing file /opt/airflow/dags/dag_lakehouse_pipeline.py for tasks to queue
[2026-08-12T21:54:07.781+0000] {logging_mixin.py:190} INFO - [2026-08-12T21:54:07.762+0000] {dagbag.py:587} INFO - Filling up the DagBag from /opt/airflow/dags/dag_lakehouse_pipeline.py
[2026-08-12T21:54:08.499+0000] {processor.py:925} INFO - DAG(s) 'pipeline_lakehouse_medallion' retrieved from /opt/airflow/dags/dag_lakehouse_pipeline.py
[2026-08-12T21:54:09.091+0000] {logging_mixin.py:190} INFO - [2026-08-12T21:54:09.087+0000] {dag.py:3211} INFO - Sync 1 DAGs
[2026-08-12T21:54:09.473+0000] {logging_mixin.py:190} INFO - [2026-08-12T21:54:09.472+0000] {dag.py:4138} INFO - Setting next_dagrun for pipeline_lakehouse_medallion to None, run_after=None
[2026-08-12T21:54:09.761+0000] {processor.py:208} INFO - Processing /opt/airflow/dags/dag_lakehouse_pipeline.py took 2.559 seconds
[2026-08-12T21:54:40.812+0000] {processor.py:186} INFO - Started process (PID=255) to work on /opt/airflow/dags/dag_lakehouse_pipeline.py
[2026-08-12T21:54:40.831+0000] {processor.py:914} INFO - Processing file /opt/airflow/dags/dag_lakehouse_pipeline.py for tasks to queue
[2026-08-12T21:54:40.902+0000] {logging_mixin.py:190} INFO - [2026-08-12T21:54:40.895+0000] {dagbag.py:587} INFO - Filling up the DagBag from /opt/airflow/dags/dag_lakehouse_pipeline.py
[2026-08-12T21:54:41.402+0000] {processor.py:925} INFO - DAG(s) 'pipeline_lakehouse_medallion' retrieved from /opt/airflow/dags/dag_lakehouse_pipeline.py
[2026-08-12T21:54:42.001+0000] {logging_mixin.py:190} INFO - [2026-08-12T21:54:41.998+0000] {dag.py:3211} INFO - Sync 1 DAGs
[2026-08-12T21:54:42.244+0000] {logging_mixin.py:190} INFO - [2026-08-12T21:54:42.243+0000] {dag.py:4138} INFO - Setting next_dagrun for pipeline_lakehouse_medallion to None, run_after=None
[2026-08-12T21:54:42.535+0000] {processor.py:208} INFO - Processing /opt/airflow/dags/dag_lakehouse_pipeline.py took 1.894 seconds
[2026-08-12T21:55:13.388+0000] {processor.py:186} INFO - Started process (PID=264) to work on /opt/airflow/dags/dag_lakehouse_pipeline.py
[2026-08-12T21:55:13.405+0000] {processor.py:914} INFO - Processing file /opt/airflow/dags/dag_lakehouse_pipeline.py for tasks to queue
[2026-08-12T21:55:13.485+0000] {logging_mixin.py:190} INFO - [2026-08-12T21:55:13.457+0000] {dagbag.py:587} INFO - Filling up the DagBag from /opt/airflow/dags/dag_lakehouse_pipeline.py
[2026-08-12T21:55:14.923+0000] {processor.py:925} INFO - DAG(s) 'pipeline_lakehouse_medallion' retrieved from /opt/airflow/dags/dag_lakehouse_pipeline.py
[2026-08-12T21:55:15.578+0000] {logging_mixin.py:190} INFO - [2026-08-12T21:55:15.576+0000] {dag.py:3211} INFO - Sync 1 DAGs
[2026-08-12T21:55:15.902+0000] {logging_mixin.py:190} INFO - [2026-08-12T21:55:15.901+0000] {dag.py:4138} INFO - Setting next_dagrun for pipeline_lakehouse_medallion to None, run_after=None
[2026-08-12T21:55:16.246+0000] {processor.py:208} INFO - Processing /opt/airflow/dags/dag_lakehouse_pipeline.py took 2.947 seconds
[2026-08-12T21:55:47.019+0000] {processor.py:186} INFO - Started process (PID=276) to work on /opt/airflow/dags/dag_lakehouse_pipeline.py
[2026-08-12T21:55:47.034+0000] {processor.py:914} INFO - Processing file /opt/airflow/dags/dag_lakehouse_pipeline.py for tasks to queue
[2026-08-12T21:55:47.079+0000] {logging_mixin.py:190} INFO - [2026-08-12T21:55:47.071+0000] {dagbag.py:587} INFO - Filling up the DagBag from /opt/airflow/dags/dag_lakehouse_pipeline.py
[2026-08-12T21:55:47.533+0000] {processor.py:925} INFO - DAG(s) 'pipeline_lakehouse_medallion' retrieved from /opt/airflow/dags/dag_lakehouse_pipeline.py
[2026-08-12T21:55:48.059+0000] {logging_mixin.py:190} INFO - [2026-08-12T21:55:48.031+0000] {dag.py:3211} INFO - Sync 1 DAGs
[2026-08-12T21:55:50.677+0000] {logging_mixin.py:190} INFO - [2026-08-12T21:55:50.676+0000] {dag.py:4138} INFO - Setting next_dagrun for pipeline_lakehouse_medallion to None, run_after=None
[2026-08-12T21:55:50.956+0000] {processor.py:208} INFO - Processing /opt/airflow/dags/dag_lakehouse_pipeline.py took 4.056 seconds
[2026-08-12T21:56:21.840+0000] {processor.py:186} INFO - Started process (PID=300) to work on /opt/airflow/dags/dag_lakehouse_pipeline.py
[2026-08-12T21:56:21.849+0000] {processor.py:914} INFO - Processing file /opt/airflow/dags/dag_lakehouse_pipeline.py for tasks to queue
[2026-08-12T21:56:21.864+0000] {logging_mixin.py:190} INFO - [2026-08-12T21:56:21.862+0000] {dagbag.py:587} INFO - Filling up the DagBag from /opt/airflow/dags/dag_lakehouse_pipeline.py
[2026-08-12T21:56:21.965+0000] {processor.py:925} INFO - DAG(s) 'pipeline_lakehouse_medallion' retrieved from /opt/airflow/dags/dag_lakehouse_pipeline.py
[2026-08-12T21:56:22.171+0000] {logging_mixin.py:190} INFO - [2026-08-12T21:56:22.168+0000] {dag.py:3211} INFO - Sync 1 DAGs
[2026-08-12T21:56:22.270+0000] {logging_mixin.py:190} INFO - [2026-08-12T21:56:22.267+0000] {dag.py:4138} INFO - Setting next_dagrun for pipeline_lakehouse_medallion to None, run_after=None
[2026-08-12T21:56:22.367+0000] {processor.py:208} INFO - Processing /opt/airflow/dags/dag_lakehouse_pipeline.py took 0.553 seconds
[2026-08-12T21:56:53.227+0000] {processor.py:186} INFO - Started process (PID=310) to work on /opt/airflow/dags/dag_lakehouse_pipeline.py
[2026-08-12T21:56:53.234+0000] {processor.py:914} INFO - Processing file /opt/airflow/dags/dag_lakehouse_pipeline.py for tasks to queue
[2026-08-12T21:56:53.246+0000] {logging_mixin.py:190} INFO - [2026-08-12T21:56:53.244+0000] {dagbag.py:587} INFO - Filling up the DagBag from /opt/airflow/dags/dag_lakehouse_pipeline.py
[2026-08-12T21:56:53.403+0000] {processor.py:925} INFO - DAG(s) 'pipeline_lakehouse_medallion' retrieved from /opt/airflow/dags/dag_lakehouse_pipeline.py
[2026-08-12T21:56:53.583+0000] {logging_mixin.py:190} INFO - [2026-08-12T21:56:53.582+0000] {dag.py:3211} INFO - Sync 1 DAGs
[2026-08-12T21:56:53.664+0000] {logging_mixin.py:190} INFO - [2026-08-12T21:56:53.663+0000] {dag.py:4138} INFO - Setting next_dagrun for pipeline_lakehouse_medallion to None, run_after=None
[2026-08-12T21:56:53.759+0000] {processor.py:208} INFO - Processing /opt/airflow/dags/dag_lakehouse_pipeline.py took 0.586 seconds
[2026-08-12T21:57:24.213+0000] {processor.py:186} INFO - Started process (PID=313) to work on /opt/airflow/dags/dag_lakehouse_pipeline.py
[2026-08-12T21:57:24.214+0000] {processor.py:914} INFO - Processing file /opt/airflow/dags/dag_lakehouse_pipeline.py for tasks to queue
[2026-08-12T21:57:24.218+0000] {logging_mixin.py:190} INFO - [2026-08-12T21:57:24.217+0000] {dagbag.py:587} INFO - Filling up the DagBag from /opt/airflow/dags/dag_lakehouse_pipeline.py
[2026-08-12T21:57:24.250+0000] {processor.py:925} INFO - DAG(s) 'pipeline_lakehouse_medallion' retrieved from /opt/airflow/dags/dag_lakehouse_pipeline.py
[2026-08-12T21:57:24.277+0000] {logging_mixin.py:190} INFO - [2026-08-12T21:57:24.277+0000] {dag.py:3211} INFO - Sync 1 DAGs
[2026-08-12T21:57:24.290+0000] {logging_mixin.py:190} INFO - [2026-08-12T21:57:24.290+0000] {dag.py:4138} INFO - Setting next_dagrun for pipeline_lakehouse_medallion to None, run_after=None
[2026-08-12T21:57:24.310+0000] {processor.py:208} INFO - Processing /opt/airflow/dags/dag_lakehouse_pipeline.py took 0.103 seconds
[2026-08-12T21:57:54.882+0000] {processor.py:186} INFO - Started process (PID=323) to work on /opt/airflow/dags/dag_lakehouse_pipeline.py
[2026-08-12T21:57:54.883+0000] {processor.py:914} INFO - Processing file /opt/airflow/dags/dag_lakehouse_pipeline.py for tasks to queue
[2026-08-12T21:57:54.888+0000] {logging_mixin.py:190} INFO - [2026-08-12T21:57:54.888+0000] {dagbag.py:587} INFO - Filling up the DagBag from /opt/airflow/dags/dag_lakehouse_pipeline.py
[2026-08-12T21:57:54.927+0000] {processor.py:925} INFO - DAG(s) 'pipeline_lakehouse_medallion' retrieved from /opt/airflow/dags/dag_lakehouse_pipeline.py
[2026-08-12T21:57:54.969+0000] {logging_mixin.py:190} INFO - [2026-08-12T21:57:54.968+0000] {dag.py:3211} INFO - Sync 1 DAGs
[2026-08-12T21:57:54.987+0000] {logging_mixin.py:190} INFO - [2026-08-12T21:57:54.986+0000] {dag.py:4138} INFO - Setting next_dagrun for pipeline_lakehouse_medallion to None, run_after=None
[2026-08-12T21:57:55.011+0000] {processor.py:208} INFO - Processing /opt/airflow/dags/dag_lakehouse_pipeline.py took 0.138 seconds
[2026-08-12T21:58:25.543+0000] {processor.py:186} INFO - Started process (PID=333) to work on /opt/airflow/dags/dag_lakehouse_pipeline.py
[2026-08-12T21:58:25.546+0000] {processor.py:914} INFO - Processing file /opt/airflow/dags/dag_lakehouse_pipeline.py for tasks to queue
[2026-08-12T21:58:25.551+0000] {logging_mixin.py:190} INFO - [2026-08-12T21:58:25.551+0000] {dagbag.py:587} INFO - Filling up the DagBag from /opt/airflow/dags/dag_lakehouse_pipeline.py
[2026-08-12T21:58:25.611+0000] {processor.py:925} INFO - DAG(s) 'pipeline_lakehouse_medallion' retrieved from /opt/airflow/dags/dag_lakehouse_pipeline.py
[2026-08-12T21:58:25.670+0000] {logging_mixin.py:190} INFO - [2026-08-12T21:58:25.669+0000] {dag.py:3211} INFO - Sync 1 DAGs
[2026-08-12T21:58:25.697+0000] {logging_mixin.py:190} INFO - [2026-08-12T21:58:25.697+0000] {dag.py:4138} INFO - Setting next_dagrun for pipeline_lakehouse_medallion to None, run_after=None
[2026-08-12T21:58:26.023+0000] {processor.py:208} INFO - Processing /opt/airflow/dags/dag_lakehouse_pipeline.py took 0.492 seconds
[2026-08-12T21:58:56.462+0000] {processor.py:186} INFO - Started process (PID=343) to work on /opt/airflow/dags/dag_lakehouse_pipeline.py
[2026-08-12T21:58:56.465+0000] {processor.py:914} INFO - Processing file /opt/airflow/dags/dag_lakehouse_pipeline.py for tasks to queue
[2026-08-12T21:58:56.471+0000] {logging_mixin.py:190} INFO - [2026-08-12T21:58:56.470+0000] {dagbag.py:587} INFO - Filling up the DagBag from /opt/airflow/dags/dag_lakehouse_pipeline.py
[2026-08-12T21:58:56.513+0000] {processor.py:925} INFO - DAG(s) 'pipeline_lakehouse_medallion' retrieved from /opt/airflow/dags/dag_lakehouse_pipeline.py
[2026-08-12T21:58:56.562+0000] {logging_mixin.py:190} INFO - [2026-08-12T21:58:56.561+0000] {dag.py:3211} INFO - Sync 1 DAGs
[2026-08-12T21:58:56.909+0000] {logging_mixin.py:190} INFO - [2026-08-12T21:58:56.909+0000] {dag.py:4138} INFO - Setting next_dagrun for pipeline_lakehouse_medallion to None, run_after=None
[2026-08-12T21:58:56.951+0000] {processor.py:208} INFO - Processing /opt/airflow/dags/dag_lakehouse_pipeline.py took 0.501 seconds
[2026-08-12T21:59:27.366+0000] {processor.py:186} INFO - Started process (PID=353) to work on /opt/airflow/dags/dag_lakehouse_pipeline.py
[2026-08-12T21:59:27.368+0000] {processor.py:914} INFO - Processing file /opt/airflow/dags/dag_lakehouse_pipeline.py for tasks to queue
[2026-08-12T21:59:27.371+0000] {logging_mixin.py:190} INFO - [2026-08-12T21:59:27.370+0000] {dagbag.py:587} INFO - Filling up the DagBag from /opt/airflow/dags/dag_lakehouse_pipeline.py
[2026-08-12T21:59:27.405+0000] {processor.py:925} INFO - DAG(s) 'pipeline_lakehouse_medallion' retrieved from /opt/airflow/dags/dag_lakehouse_pipeline.py
[2026-08-12T21:59:27.441+0000] {logging_mixin.py:190} INFO - [2026-08-12T21:59:27.440+0000] {dag.py:3211} INFO - Sync 1 DAGs
[2026-08-12T21:59:27.457+0000] {logging_mixin.py:190} INFO - [2026-08-12T21:59:27.457+0000] {dag.py:4138} INFO - Setting next_dagrun for pipeline_lakehouse_medallion to None, run_after=None
[2026-08-12T21:59:27.496+0000] {processor.py:208} INFO - Processing /opt/airflow/dags/dag_lakehouse_pipeline.py took 0.137 seconds
[2026-08-12T21:59:57.855+0000] {processor.py:186} INFO - Started process (PID=363) to work on /opt/airflow/dags/dag_lakehouse_pipeline.py
[2026-08-12T21:59:57.856+0000] {processor.py:914} INFO - Processing file /opt/airflow/dags/dag_lakehouse_pipeline.py for tasks to queue
[2026-08-12T21:59:57.859+0000] {logging_mixin.py:190} INFO - [2026-08-12T21:59:57.858+0000] {dagbag.py:587} INFO - Filling up the DagBag from /opt/airflow/dags/dag_lakehouse_pipeline.py
[2026-08-12T21:59:57.883+0000] {processor.py:925} INFO - DAG(s) 'pipeline_lakehouse_medallion' retrieved from /opt/airflow/dags/dag_lakehouse_pipeline.py
[2026-08-12T21:59:57.912+0000] {logging_mixin.py:190} INFO - [2026-08-12T21:59:57.911+0000] {dag.py:3211} INFO - Sync 1 DAGs
[2026-08-12T21:59:57.923+0000] {logging_mixin.py:190} INFO - [2026-08-12T21:59:57.923+0000] {dag.py:4138} INFO - Setting next_dagrun for pipeline_lakehouse_medallion to None, run_after=None
[2026-08-12T21:59:57.943+0000] {processor.py:208} INFO - Processing /opt/airflow/dags/dag_lakehouse_pipeline.py took 0.094 seconds
[2026-08-12T22:00:28.624+0000] {processor.py:186} INFO - Started process (PID=373) to work on /opt/airflow/dags/dag_lakehouse_pipeline.py
[2026-08-12T22:00:28.631+0000] {processor.py:914} INFO - Processing file /opt/airflow/dags/dag_lakehouse_pipeline.py for tasks to queue
[2026-08-12T22:00:28.668+0000] {logging_mixin.py:190} INFO - [2026-08-12T22:00:28.665+0000] {dagbag.py:587} INFO - Filling up the DagBag from /opt/airflow/dags/dag_lakehouse_pipeline.py
[2026-08-12T22:00:28.894+0000] {processor.py:925} INFO - DAG(s) 'pipeline_lakehouse_medallion' retrieved from /opt/airflow/dags/dag_lakehouse_pipeline.py
[2026-08-12T22:00:29.175+0000] {logging_mixin.py:190} INFO - [2026-08-12T22:00:29.173+0000] {dag.py:3211} INFO - Sync 1 DAGs
[2026-08-12T22:00:29.307+0000] {logging_mixin.py:190} INFO - [2026-08-12T22:00:29.306+0000] {dag.py:4138} INFO - Setting next_dagrun for pipeline_lakehouse_medallion to None, run_after=None
[2026-08-12T22:00:29.474+0000] {processor.py:208} INFO - Processing /opt/airflow/dags/dag_lakehouse_pipeline.py took 0.920 seconds
[2026-08-12T22:00:59.684+0000] {processor.py:186} INFO - Started process (PID=383) to work on /opt/airflow/dags/dag_lakehouse_pipeline.py
[2026-08-12T22:00:59.686+0000] {processor.py:914} INFO - Processing file /opt/airflow/dags/dag_lakehouse_pipeline.py for tasks to queue
[2026-08-12T22:00:59.695+0000] {logging_mixin.py:190} INFO - [2026-08-12T22:00:59.694+0000] {dagbag.py:587} INFO - Filling up the DagBag from /opt/airflow/dags/dag_lakehouse_pipeline.py
[2026-08-12T22:00:59.749+0000] {processor.py:925} INFO - DAG(s) 'pipeline_lakehouse_medallion' retrieved from /opt/airflow/dags/dag_lakehouse_pipeline.py
[2026-08-12T22:00:59.818+0000] {logging_mixin.py:190} INFO - [2026-08-12T22:00:59.817+0000] {dag.py:3211} INFO - Sync 1 DAGs
[2026-08-12T22:00:59.849+0000] {logging_mixin.py:190} INFO - [2026-08-12T22:00:59.849+0000] {dag.py:4138} INFO - Setting next_dagrun for pipeline_lakehouse_medallion to None, run_after=None
[2026-08-12T22:00:59.915+0000] {processor.py:208} INFO - Processing /opt/airflow/dags/dag_lakehouse_pipeline.py took 0.243 seconds
[2026-08-12T22:01:30.844+0000] {processor.py:186} INFO - Started process (PID=394) to work on /opt/airflow/dags/dag_lakehouse_pipeline.py
[2026-08-12T22:01:30.850+0000] {processor.py:914} INFO - Processing file /opt/airflow/dags/dag_lakehouse_pipeline.py for tasks to queue
[2026-08-12T22:01:30.867+0000] {logging_mixin.py:190} INFO - [2026-08-12T22:01:30.865+0000] {dagbag.py:587} INFO - Filling up the DagBag from /opt/airflow/dags/dag_lakehouse_pipeline.py
[2026-08-12T22:01:31.034+0000] {processor.py:925} INFO - DAG(s) 'pipeline_lakehouse_medallion' retrieved from /opt/airflow/dags/dag_lakehouse_pipeline.py
[2026-08-12T22:01:31.309+0000] {logging_mixin.py:190} INFO - [2026-08-12T22:01:31.308+0000] {dag.py:3211} INFO - Sync 1 DAGs
[2026-08-12T22:01:32.535+0000] {logging_mixin.py:190} INFO - [2026-08-12T22:01:32.533+0000] {dag.py:4138} INFO - Setting next_dagrun for pipeline_lakehouse_medallion to None, run_after=None
[2026-08-12T22:01:32.664+0000] {processor.py:208} INFO - Processing /opt/airflow/dags/dag_lakehouse_pipeline.py took 1.852 seconds
[2026-08-12T22:02:03.107+0000] {processor.py:186} INFO - Started process (PID=404) to work on /opt/airflow/dags/dag_lakehouse_pipeline.py
[2026-08-12T22:02:03.110+0000] {processor.py:914} INFO - Processing file /opt/airflow/dags/dag_lakehouse_pipeline.py for tasks to queue
[2026-08-12T22:02:03.122+0000] {logging_mixin.py:190} INFO - [2026-08-12T22:02:03.120+0000] {dagbag.py:587} INFO - Filling up the DagBag from /opt/airflow/dags/dag_lakehouse_pipeline.py
[2026-08-12T22:02:03.217+0000] {processor.py:925} INFO - DAG(s) 'pipeline_lakehouse_medallion' retrieved from /opt/airflow/dags/dag_lakehouse_pipeline.py
[2026-08-12T22:02:03.856+0000] {logging_mixin.py:190} INFO - [2026-08-12T22:02:03.854+0000] {dag.py:3211} INFO - Sync 1 DAGs
[2026-08-12T22:02:03.913+0000] {logging_mixin.py:190} INFO - [2026-08-12T22:02:03.911+0000] {dag.py:4138} INFO - Setting next_dagrun for pipeline_lakehouse_medallion to None, run_after=None
[2026-08-12T22:02:03.999+0000] {processor.py:208} INFO - Processing /opt/airflow/dags/dag_lakehouse_pipeline.py took 0.913 seconds
[2026-08-12T22:02:34.438+0000] {processor.py:186} INFO - Started process (PID=407) to work on /opt/airflow/dags/dag_lakehouse_pipeline.py
[2026-08-12T22:02:34.441+0000] {processor.py:914} INFO - Processing file /opt/airflow/dags/dag_lakehouse_pipeline.py for tasks to queue
[2026-08-12T22:02:34.447+0000] {logging_mixin.py:190} INFO - [2026-08-12T22:02:34.445+0000] {dagbag.py:587} INFO - Filling up the DagBag from /opt/airflow/dags/dag_lakehouse_pipeline.py
[2026-08-12T22:02:34.506+0000] {processor.py:925} INFO - DAG(s) 'pipeline_lakehouse_medallion' retrieved from /opt/airflow/dags/dag_lakehouse_pipeline.py
[2026-08-12T22:02:34.578+0000] {logging_mixin.py:190} INFO - [2026-08-12T22:02:34.578+0000] {dag.py:3211} INFO - Sync 1 DAGs
[2026-08-12T22:02:34.608+0000] {logging_mixin.py:190} INFO - [2026-08-12T22:02:34.608+0000] {dag.py:4138} INFO - Setting next_dagrun for pipeline_lakehouse_medallion to None, run_after=None
[2026-08-12T22:02:34.653+0000] {processor.py:208} INFO - Processing /opt/airflow/dags/dag_lakehouse_pipeline.py took 0.229 seconds
[2026-08-12T22:03:04.766+0000] {processor.py:186} INFO - Started process (PID=417) to work on /opt/airflow/dags/dag_lakehouse_pipeline.py
[2026-08-12T22:03:04.769+0000] {processor.py:914} INFO - Processing file /opt/airflow/dags/dag_lakehouse_pipeline.py for tasks to queue
[2026-08-12T22:03:04.776+0000] {logging_mixin.py:190} INFO - [2026-08-12T22:03:04.775+0000] {dagbag.py:587} INFO - Filling up the DagBag from /opt/airflow/dags/dag_lakehouse_pipeline.py
[2026-08-12T22:03:04.846+0000] {processor.py:925} INFO - DAG(s) 'pipeline_lakehouse_medallion' retrieved from /opt/airflow/dags/dag_lakehouse_pipeline.py
[2026-08-12T22:03:04.988+0000] {logging_mixin.py:190} INFO - [2026-08-12T22:03:04.987+0000] {dag.py:3211} INFO - Sync 1 DAGs
[2026-08-12T22:03:05.093+0000] {logging_mixin.py:190} INFO - [2026-08-12T22:03:05.091+0000] {dag.py:4138} INFO - Setting next_dagrun for pipeline_lakehouse_medallion to None, run_after=None
[2026-08-12T22:03:05.183+0000] {processor.py:208} INFO - Processing /opt/airflow/dags/dag_lakehouse_pipeline.py took 0.434 seconds
[2026-08-12T22:04:40.500+0000] {processor.py:186} INFO - Started process (PID=57) to work on /opt/airflow/dags/dag_lakehouse_pipeline.py
[2026-08-12T22:04:40.505+0000] {processor.py:914} INFO - Processing file /opt/airflow/dags/dag_lakehouse_pipeline.py for tasks to queue
[2026-08-12T22:04:40.520+0000] {logging_mixin.py:190} INFO - [2026-08-12T22:04:40.518+0000] {dagbag.py:587} INFO - Filling up the DagBag from /opt/airflow/dags/dag_lakehouse_pipeline.py
[2026-08-12T22:04:40.625+0000] {processor.py:925} INFO - DAG(s) 'pipeline_lakehouse_medallion' retrieved from /opt/airflow/dags/dag_lakehouse_pipeline.py
[2026-08-12T22:04:40.774+0000] {logging_mixin.py:190} INFO - [2026-08-12T22:04:40.773+0000] {dag.py:3211} INFO - Sync 1 DAGs
[2026-08-12T22:04:40.887+0000] {logging_mixin.py:190} INFO - [2026-08-12T22:04:40.886+0000] {dag.py:4138} INFO - Setting next_dagrun for pipeline_lakehouse_medallion to None, run_after=None
[2026-08-12T22:04:41.021+0000] {processor.py:208} INFO - Processing /opt/airflow/dags/dag_lakehouse_pipeline.py took 0.548 seconds
[2026-08-12T22:05:11.357+0000] {processor.py:186} INFO - Started process (PID=60) to work on /opt/airflow/dags/dag_lakehouse_pipeline.py
[2026-08-12T22:05:11.360+0000] {processor.py:914} INFO - Processing file /opt/airflow/dags/dag_lakehouse_pipeline.py for tasks to queue
[2026-08-12T22:05:11.369+0000] {logging_mixin.py:190} INFO - [2026-08-12T22:05:11.368+0000] {dagbag.py:587} INFO - Filling up the DagBag from /opt/airflow/dags/dag_lakehouse_pipeline.py
[2026-08-12T22:05:11.440+0000] {processor.py:925} INFO - DAG(s) 'pipeline_lakehouse_medallion' retrieved from /opt/airflow/dags/dag_lakehouse_pipeline.py
[2026-08-12T22:05:11.528+0000] {logging_mixin.py:190} INFO - [2026-08-12T22:05:11.527+0000] {dag.py:3211} INFO - Sync 1 DAGs
[2026-08-12T22:05:11.573+0000] {logging_mixin.py:190} INFO - [2026-08-12T22:05:11.572+0000] {dag.py:4138} INFO - Setting next_dagrun for pipeline_lakehouse_medallion to None, run_after=None
[2026-08-12T22:05:11.639+0000] {processor.py:208} INFO - Processing /opt/airflow/dags/dag_lakehouse_pipeline.py took 0.305 seconds
[2026-08-12T22:06:29.375+0000] {processor.py:186} INFO - Started process (PID=49) to work on /opt/airflow/dags/dag_lakehouse_pipeline.py
[2026-08-12T22:06:29.378+0000] {processor.py:914} INFO - Processing file /opt/airflow/dags/dag_lakehouse_pipeline.py for tasks to queue
[2026-08-12T22:06:29.384+0000] {logging_mixin.py:190} INFO - [2026-08-12T22:06:29.383+0000] {dagbag.py:587} INFO - Filling up the DagBag from /opt/airflow/dags/dag_lakehouse_pipeline.py
[2026-08-12T22:06:29.456+0000] {processor.py:925} INFO - DAG(s) 'pipeline_lakehouse_medallion' retrieved from /opt/airflow/dags/dag_lakehouse_pipeline.py
[2026-08-12T22:06:29.538+0000] {logging_mixin.py:190} INFO - [2026-08-12T22:06:29.537+0000] {dag.py:3211} INFO - Sync 1 DAGs
[2026-08-12T22:06:29.575+0000] {logging_mixin.py:190} INFO - [2026-08-12T22:06:29.575+0000] {dag.py:4138} INFO - Setting next_dagrun for pipeline_lakehouse_medallion to None, run_after=None
[2026-08-12T22:06:29.653+0000] {processor.py:208} INFO - Processing /opt/airflow/dags/dag_lakehouse_pipeline.py took 0.296 seconds
[2026-08-12T22:06:59.758+0000] {processor.py:186} INFO - Started process (PID=59) to work on /opt/airflow/dags/dag_lakehouse_pipeline.py
[2026-08-12T22:06:59.758+0000] {processor.py:914} INFO - Processing file /opt/airflow/dags/dag_lakehouse_pipeline.py for tasks to queue
[2026-08-12T22:06:59.760+0000] {logging_mixin.py:190} INFO - [2026-08-12T22:06:59.760+0000] {dagbag.py:587} INFO - Filling up the DagBag from /opt/airflow/dags/dag_lakehouse_pipeline.py
[2026-08-12T22:06:59.778+0000] {processor.py:925} INFO - DAG(s) 'pipeline_lakehouse_medallion' retrieved from /opt/airflow/dags/dag_lakehouse_pipeline.py
[2026-08-12T22:06:59.802+0000] {logging_mixin.py:190} INFO - [2026-08-12T22:06:59.801+0000] {dag.py:3211} INFO - Sync 1 DAGs
[2026-08-12T22:06:59.813+0000] {logging_mixin.py:190} INFO - [2026-08-12T22:06:59.813+0000] {dag.py:4138} INFO - Setting next_dagrun for pipeline_lakehouse_medallion to None, run_after=None
[2026-08-12T22:06:59.829+0000] {processor.py:208} INFO - Processing /opt/airflow/dags/dag_lakehouse_pipeline.py took 0.076 seconds
[2026-08-12T22:07:29.995+0000] {processor.py:186} INFO - Started process (PID=69) to work on /opt/airflow/dags/dag_lakehouse_pipeline.py
[2026-08-12T22:07:30.006+0000] {processor.py:914} INFO - Processing file /opt/airflow/dags/dag_lakehouse_pipeline.py for tasks to queue
[2026-08-12T22:07:30.030+0000] {logging_mixin.py:190} INFO - [2026-08-12T22:07:30.028+0000] {dagbag.py:587} INFO - Filling up the DagBag from /opt/airflow/dags/dag_lakehouse_pipeline.py
[2026-08-12T22:07:30.159+0000] {processor.py:925} INFO - DAG(s) 'pipeline_lakehouse_medallion' retrieved from /opt/airflow/dags/dag_lakehouse_pipeline.py
[2026-08-12T22:07:30.298+0000] {logging_mixin.py:190} INFO - [2026-08-12T22:07:30.297+0000] {dag.py:3211} INFO - Sync 1 DAGs
[2026-08-12T22:08:20.525+0000] {processor.py:186} INFO - Started process (PID=48) to work on /opt/airflow/dags/dag_lakehouse_pipeline.py
[2026-08-12T22:08:20.530+0000] {processor.py:914} INFO - Processing file /opt/airflow/dags/dag_lakehouse_pipeline.py for tasks to queue
[2026-08-12T22:08:20.550+0000] {logging_mixin.py:190} INFO - [2026-08-12T22:08:20.545+0000] {dagbag.py:587} INFO - Filling up the DagBag from /opt/airflow/dags/dag_lakehouse_pipeline.py
[2026-08-12T22:08:20.712+0000] {processor.py:925} INFO - DAG(s) 'pipeline_lakehouse_medallion' retrieved from /opt/airflow/dags/dag_lakehouse_pipeline.py
[2026-08-12T22:08:20.932+0000] {logging_mixin.py:190} INFO - [2026-08-12T22:08:20.931+0000] {dag.py:3211} INFO - Sync 1 DAGs
[2026-08-12T22:08:21.015+0000] {logging_mixin.py:190} INFO - [2026-08-12T22:08:21.014+0000] {dag.py:4138} INFO - Setting next_dagrun for pipeline_lakehouse_medallion to None, run_after=None
[2026-08-12T22:08:21.125+0000] {processor.py:208} INFO - Processing /opt/airflow/dags/dag_lakehouse_pipeline.py took 0.633 seconds
[2026-08-12T22:08:52.016+0000] {processor.py:186} INFO - Started process (PID=58) to work on /opt/airflow/dags/dag_lakehouse_pipeline.py
[2026-08-12T22:08:52.021+0000] {processor.py:914} INFO - Processing file /opt/airflow/dags/dag_lakehouse_pipeline.py for tasks to queue
[2026-08-12T22:08:52.030+0000] {logging_mixin.py:190} INFO - [2026-08-12T22:08:52.029+0000] {dagbag.py:587} INFO - Filling up the DagBag from /opt/airflow/dags/dag_lakehouse_pipeline.py
[2026-08-12T22:08:52.095+0000] {processor.py:925} INFO - DAG(s) 'pipeline_lakehouse_medallion' retrieved from /opt/airflow/dags/dag_lakehouse_pipeline.py
[2026-08-12T22:08:52.186+0000] {logging_mixin.py:190} INFO - [2026-08-12T22:08:52.185+0000] {dag.py:3211} INFO - Sync 1 DAGs
[2026-08-12T22:08:52.228+0000] {logging_mixin.py:190} INFO - [2026-08-12T22:08:52.228+0000] {dag.py:4138} INFO - Setting next_dagrun for pipeline_lakehouse_medallion to None, run_after=None
[2026-08-12T22:08:52.294+0000] {processor.py:208} INFO - Processing /opt/airflow/dags/dag_lakehouse_pipeline.py took 0.304 seconds
[2026-08-12T22:09:22.961+0000] {processor.py:186} INFO - Started process (PID=68) to work on /opt/airflow/dags/dag_lakehouse_pipeline.py
[2026-08-12T22:09:22.964+0000] {processor.py:914} INFO - Processing file /opt/airflow/dags/dag_lakehouse_pipeline.py for tasks to queue
[2026-08-12T22:09:22.973+0000] {logging_mixin.py:190} INFO - [2026-08-12T22:09:22.972+0000] {dagbag.py:587} INFO - Filling up the DagBag from /opt/airflow/dags/dag_lakehouse_pipeline.py
[2026-08-12T22:09:23.052+0000] {processor.py:925} INFO - DAG(s) 'pipeline_lakehouse_medallion' retrieved from /opt/airflow/dags/dag_lakehouse_pipeline.py
[2026-08-12T22:09:23.166+0000] {logging_mixin.py:190} INFO - [2026-08-12T22:09:23.165+0000] {dag.py:3211} INFO - Sync 1 DAGs
[2026-08-12T22:09:23.229+0000] {logging_mixin.py:190} INFO - [2026-08-12T22:09:23.228+0000] {dag.py:4138} INFO - Setting next_dagrun for pipeline_lakehouse_medallion to None, run_after=None
[2026-08-12T22:09:23.311+0000] {processor.py:208} INFO - Processing /opt/airflow/dags/dag_lakehouse_pipeline.py took 0.367 seconds
[2026-08-12T22:09:53.838+0000] {processor.py:186} INFO - Started process (PID=71) to work on /opt/airflow/dags/dag_lakehouse_pipeline.py
[2026-08-12T22:09:53.839+0000] {processor.py:914} INFO - Processing file /opt/airflow/dags/dag_lakehouse_pipeline.py for tasks to queue
[2026-08-12T22:09:53.842+0000] {logging_mixin.py:190} INFO - [2026-08-12T22:09:53.841+0000] {dagbag.py:587} INFO - Filling up the DagBag from /opt/airflow/dags/dag_lakehouse_pipeline.py
[2026-08-12T22:09:53.868+0000] {processor.py:925} INFO - DAG(s) 'pipeline_lakehouse_medallion' retrieved from /opt/airflow/dags/dag_lakehouse_pipeline.py
[2026-08-12T22:09:53.914+0000] {logging_mixin.py:190} INFO - [2026-08-12T22:09:53.914+0000] {dag.py:3211} INFO - Sync 1 DAGs
[2026-08-12T22:09:53.931+0000] {logging_mixin.py:190} INFO - [2026-08-12T22:09:53.931+0000] {dag.py:4138} INFO - Setting next_dagrun for pipeline_lakehouse_medallion to None, run_after=None
[2026-08-12T22:09:53.973+0000] {processor.py:208} INFO - Processing /opt/airflow/dags/dag_lakehouse_pipeline.py took 0.141 seconds
[2026-08-12T22:10:24.306+0000] {processor.py:186} INFO - Started process (PID=81) to work on /opt/airflow/dags/dag_lakehouse_pipeline.py
[2026-08-12T22:10:24.307+0000] {processor.py:914} INFO - Processing file /opt/airflow/dags/dag_lakehouse_pipeline.py for tasks to queue
[2026-08-12T22:10:24.311+0000] {logging_mixin.py:190} INFO - [2026-08-12T22:10:24.310+0000] {dagbag.py:587} INFO - Filling up the DagBag from /opt/airflow/dags/dag_lakehouse_pipeline.py
[2026-08-12T22:10:24.337+0000] {processor.py:925} INFO - DAG(s) 'pipeline_lakehouse_medallion' retrieved from /opt/airflow/dags/dag_lakehouse_pipeline.py
[2026-08-12T22:10:24.365+0000] {logging_mixin.py:190} INFO - [2026-08-12T22:10:24.365+0000] {dag.py:3211} INFO - Sync 1 DAGs
[2026-08-12T22:10:24.376+0000] {logging_mixin.py:190} INFO - [2026-08-12T22:10:24.376+0000] {dag.py:4138} INFO - Setting next_dagrun for pipeline_lakehouse_medallion to None, run_after=None
[2026-08-12T22:10:24.392+0000] {processor.py:208} INFO - Processing /opt/airflow/dags/dag_lakehouse_pipeline.py took 0.092 seconds
[2026-08-12T22:10:54.747+0000] {processor.py:186} INFO - Started process (PID=91) to work on /opt/airflow/dags/dag_lakehouse_pipeline.py
[2026-08-12T22:10:54.748+0000] {processor.py:914} INFO - Processing file /opt/airflow/dags/dag_lakehouse_pipeline.py for tasks to queue
[2026-08-12T22:10:54.750+0000] {logging_mixin.py:190} INFO - [2026-08-12T22:10:54.750+0000] {dagbag.py:587} INFO - Filling up the DagBag from /opt/airflow/dags/dag_lakehouse_pipeline.py
[2026-08-12T22:10:54.771+0000] {processor.py:925} INFO - DAG(s) 'pipeline_lakehouse_medallion' retrieved from /opt/airflow/dags/dag_lakehouse_pipeline.py
[2026-08-12T22:10:54.796+0000] {logging_mixin.py:190} INFO - [2026-08-12T22:10:54.796+0000] {dag.py:3211} INFO - Sync 1 DAGs
[2026-08-12T22:10:54.810+0000] {logging_mixin.py:190} INFO - [2026-08-12T22:10:54.810+0000] {dag.py:4138} INFO - Setting next_dagrun for pipeline_lakehouse_medallion to None, run_after=None
[2026-08-12T22:10:54.844+0000] {processor.py:208} INFO - Processing /opt/airflow/dags/dag_lakehouse_pipeline.py took 0.102 seconds
[2026-08-12T22:11:25.237+0000] {processor.py:186} INFO - Started process (PID=101) to work on /opt/airflow/dags/dag_lakehouse_pipeline.py
[2026-08-12T22:11:25.239+0000] {processor.py:914} INFO - Processing file /opt/airflow/dags/dag_lakehouse_pipeline.py for tasks to queue
[2026-08-12T22:11:25.244+0000] {logging_mixin.py:190} INFO - [2026-08-12T22:11:25.244+0000] {dagbag.py:587} INFO - Filling up the DagBag from /opt/airflow/dags/dag_lakehouse_pipeline.py
[2026-08-12T22:11:25.284+0000] {processor.py:925} INFO - DAG(s) 'pipeline_lakehouse_medallion' retrieved from /opt/airflow/dags/dag_lakehouse_pipeline.py
[2026-08-12T22:11:25.328+0000] {logging_mixin.py:190} INFO - [2026-08-12T22:11:25.328+0000] {dag.py:3211} INFO - Sync 1 DAGs
[2026-08-12T22:11:25.352+0000] {logging_mixin.py:190} INFO - [2026-08-12T22:11:25.352+0000] {dag.py:4138} INFO - Setting next_dagrun for pipeline_lakehouse_medallion to None, run_after=None
[2026-08-12T22:11:25.381+0000] {processor.py:208} INFO - Processing /opt/airflow/dags/dag_lakehouse_pipeline.py took 0.153 seconds
[2026-08-12T22:11:56.246+0000] {processor.py:186} INFO - Started process (PID=111) to work on /opt/airflow/dags/dag_lakehouse_pipeline.py
[2026-08-12T22:11:56.248+0000] {processor.py:914} INFO - Processing file /opt/airflow/dags/dag_lakehouse_pipeline.py for tasks to queue
[2026-08-12T22:11:56.254+0000] {logging_mixin.py:190} INFO - [2026-08-12T22:11:56.254+0000] {dagbag.py:587} INFO - Filling up the DagBag from /opt/airflow/dags/dag_lakehouse_pipeline.py
[2026-08-12T22:11:56.289+0000] {processor.py:925} INFO - DAG(s) 'pipeline_lakehouse_medallion' retrieved from /opt/airflow/dags/dag_lakehouse_pipeline.py
[2026-08-12T22:11:56.334+0000] {logging_mixin.py:190} INFO - [2026-08-12T22:11:56.333+0000] {dag.py:3211} INFO - Sync 1 DAGs
[2026-08-12T22:11:56.560+0000] {logging_mixin.py:190} INFO - [2026-08-12T22:11:56.559+0000] {dag.py:4138} INFO - Setting next_dagrun for pipeline_lakehouse_medallion to None, run_after=None
[2026-08-12T22:11:56.608+0000] {processor.py:208} INFO - Processing /opt/airflow/dags/dag_lakehouse_pipeline.py took 0.369 seconds
[2026-08-12T22:18:24.660+0000] {processor.py:186} INFO - Started process (PID=54) to work on /opt/airflow/dags/dag_lakehouse_pipeline.py
[2026-08-12T22:18:24.667+0000] {processor.py:914} INFO - Processing file /opt/airflow/dags/dag_lakehouse_pipeline.py for tasks to queue
[2026-08-12T22:18:24.684+0000] {logging_mixin.py:190} INFO - [2026-08-12T22:18:24.683+0000] {dagbag.py:587} INFO - Filling up the DagBag from /opt/airflow/dags/dag_lakehouse_pipeline.py
[2026-08-12T22:18:24.852+0000] {processor.py:925} INFO - DAG(s) 'pipeline_lakehouse_medallion' retrieved from /opt/airflow/dags/dag_lakehouse_pipeline.py
[2026-08-12T22:18:26.545+0000] {logging_mixin.py:190} INFO - [2026-08-12T22:18:26.539+0000] {override.py:1858} INFO - Created Permission View: can read on DAG:pipeline_lakehouse_medallion
[2026-08-12T22:18:26.694+0000] {logging_mixin.py:190} INFO - [2026-08-12T22:18:26.682+0000] {override.py:1858} INFO - Created Permission View: can delete on DAG:pipeline_lakehouse_medallion
[2026-08-12T22:18:26.794+0000] {logging_mixin.py:190} INFO - [2026-08-12T22:18:26.793+0000] {override.py:1858} INFO - Created Permission View: can edit on DAG:pipeline_lakehouse_medallion
[2026-08-12T22:18:26.802+0000] {logging_mixin.py:190} INFO - [2026-08-12T22:18:26.797+0000] {dag.py:3211} INFO - Sync 1 DAGs
[2026-08-12T22:18:26.973+0000] {logging_mixin.py:190} INFO - [2026-08-12T22:18:26.972+0000] {dag.py:3234} INFO - Creating ORM DAG for pipeline_lakehouse_medallion
[2026-08-12T22:18:26.985+0000] {logging_mixin.py:190} INFO - [2026-08-12T22:18:26.984+0000] {dag.py:4138} INFO - Setting next_dagrun for pipeline_lakehouse_medallion to None, run_after=None
[2026-08-12T22:18:27.154+0000] {processor.py:208} INFO - Processing /opt/airflow/dags/dag_lakehouse_pipeline.py took 2.523 seconds
[2026-08-12T22:18:57.304+0000] {processor.py:186} INFO - Started process (PID=57) to work on /opt/airflow/dags/dag_lakehouse_pipeline.py
[2026-08-12T22:18:57.306+0000] {processor.py:914} INFO - Processing file /opt/airflow/dags/dag_lakehouse_pipeline.py for tasks to queue
[2026-08-12T22:18:57.311+0000] {logging_mixin.py:190} INFO - [2026-08-12T22:18:57.310+0000] {dagbag.py:587} INFO - Filling up the DagBag from /opt/airflow/dags/dag_lakehouse_pipeline.py
[2026-08-12T22:18:57.362+0000] {processor.py:925} INFO - DAG(s) 'pipeline_lakehouse_medallion' retrieved from /opt/airflow/dags/dag_lakehouse_pipeline.py
[2026-08-12T22:18:57.419+0000] {logging_mixin.py:190} INFO - [2026-08-12T22:18:57.418+0000] {dag.py:3211} INFO - Sync 1 DAGs
[2026-08-12T22:18:57.444+0000] {logging_mixin.py:190} INFO - [2026-08-12T22:18:57.444+0000] {dag.py:4138} INFO - Setting next_dagrun for pipeline_lakehouse_medallion to None, run_after=None
[2026-08-12T22:18:57.481+0000] {processor.py:208} INFO - Processing /opt/airflow/dags/dag_lakehouse_pipeline.py took 0.186 seconds
[2026-08-12T22:19:27.660+0000] {processor.py:186} INFO - Started process (PID=68) to work on /opt/airflow/dags/dag_lakehouse_pipeline.py
[2026-08-12T22:19:27.662+0000] {processor.py:914} INFO - Processing file /opt/airflow/dags/dag_lakehouse_pipeline.py for tasks to queue
[2026-08-12T22:19:27.667+0000] {logging_mixin.py:190} INFO - [2026-08-12T22:19:27.666+0000] {dagbag.py:587} INFO - Filling up the DagBag from /opt/airflow/dags/dag_lakehouse_pipeline.py
[2026-08-12T22:19:27.716+0000] {processor.py:925} INFO - DAG(s) 'pipeline_lakehouse_medallion' retrieved from /opt/airflow/dags/dag_lakehouse_pipeline.py
[2026-08-12T22:19:27.766+0000] {logging_mixin.py:190} INFO - [2026-08-12T22:19:27.765+0000] {dag.py:3211} INFO - Sync 1 DAGs
[2026-08-12T22:19:27.789+0000] {logging_mixin.py:190} INFO - [2026-08-12T22:19:27.788+0000] {dag.py:4138} INFO - Setting next_dagrun for pipeline_lakehouse_medallion to None, run_after=None
[2026-08-12T22:19:27.838+0000] {processor.py:208} INFO - Processing /opt/airflow/dags/dag_lakehouse_pipeline.py took 0.190 seconds
[2026-08-12T22:19:58.027+0000] {processor.py:186} INFO - Started process (PID=78) to work on /opt/airflow/dags/dag_lakehouse_pipeline.py
[2026-08-12T22:19:58.029+0000] {processor.py:914} INFO - Processing file /opt/airflow/dags/dag_lakehouse_pipeline.py for tasks to queue
[2026-08-12T22:19:58.032+0000] {logging_mixin.py:190} INFO - [2026-08-12T22:19:58.032+0000] {dagbag.py:587} INFO - Filling up the DagBag from /opt/airflow/dags/dag_lakehouse_pipeline.py
[2026-08-12T22:19:58.072+0000] {processor.py:925} INFO - DAG(s) 'pipeline_lakehouse_medallion' retrieved from /opt/airflow/dags/dag_lakehouse_pipeline.py
[2026-08-12T22:19:58.125+0000] {logging_mixin.py:190} INFO - [2026-08-12T22:19:58.124+0000] {dag.py:3211} INFO - Sync 1 DAGs
[2026-08-12T22:19:58.147+0000] {logging_mixin.py:190} INFO - [2026-08-12T22:19:58.147+0000] {dag.py:4138} INFO - Setting next_dagrun for pipeline_lakehouse_medallion to None, run_after=None
[2026-08-12T22:19:58.195+0000] {processor.py:208} INFO - Processing /opt/airflow/dags/dag_lakehouse_pipeline.py took 0.177 seconds
[2026-08-12T22:20:28.772+0000] {processor.py:186} INFO - Started process (PID=89) to work on /opt/airflow/dags/dag_lakehouse_pipeline.py
[2026-08-12T22:20:28.774+0000] {processor.py:914} INFO - Processing file /opt/airflow/dags/dag_lakehouse_pipeline.py for tasks to queue
[2026-08-12T22:20:28.778+0000] {logging_mixin.py:190} INFO - [2026-08-12T22:20:28.777+0000] {dagbag.py:587} INFO - Filling up the DagBag from /opt/airflow/dags/dag_lakehouse_pipeline.py
[2026-08-12T22:20:28.822+0000] {processor.py:925} INFO - DAG(s) 'pipeline_lakehouse_medallion' retrieved from /opt/airflow/dags/dag_lakehouse_pipeline.py
[2026-08-12T22:20:28.867+0000] {logging_mixin.py:190} INFO - [2026-08-12T22:20:28.867+0000] {dag.py:3211} INFO - Sync 1 DAGs
[2026-08-12T22:20:28.888+0000] {logging_mixin.py:190} INFO - [2026-08-12T22:20:28.888+0000] {dag.py:4138} INFO - Setting next_dagrun for pipeline_lakehouse_medallion to None, run_after=None
[2026-08-12T22:20:28.937+0000] {processor.py:208} INFO - Processing /opt/airflow/dags/dag_lakehouse_pipeline.py took 0.171 seconds
[2026-08-12T22:20:59.508+0000] {processor.py:186} INFO - Started process (PID=99) to work on /opt/airflow/dags/dag_lakehouse_pipeline.py
[2026-08-12T22:20:59.510+0000] {processor.py:914} INFO - Processing file /opt/airflow/dags/dag_lakehouse_pipeline.py for tasks to queue
[2026-08-12T22:20:59.513+0000] {logging_mixin.py:190} INFO - [2026-08-12T22:20:59.512+0000] {dagbag.py:587} INFO - Filling up the DagBag from /opt/airflow/dags/dag_lakehouse_pipeline.py
[2026-08-12T22:20:59.560+0000] {processor.py:925} INFO - DAG(s) 'pipeline_lakehouse_medallion' retrieved from /opt/airflow/dags/dag_lakehouse_pipeline.py
[2026-08-12T22:20:59.613+0000] {logging_mixin.py:190} INFO - [2026-08-12T22:20:59.613+0000] {dag.py:3211} INFO - Sync 1 DAGs
[2026-08-12T22:20:59.644+0000] {logging_mixin.py:190} INFO - [2026-08-12T22:20:59.643+0000] {dag.py:4138} INFO - Setting next_dagrun for pipeline_lakehouse_medallion to None, run_after=None
[2026-08-12T22:20:59.695+0000] {processor.py:208} INFO - Processing /opt/airflow/dags/dag_lakehouse_pipeline.py took 0.194 seconds
[2026-08-12T22:21:30.191+0000] {processor.py:186} INFO - Started process (PID=109) to work on /opt/airflow/dags/dag_lakehouse_pipeline.py
[2026-08-12T22:21:30.193+0000] {processor.py:914} INFO - Processing file /opt/airflow/dags/dag_lakehouse_pipeline.py for tasks to queue
[2026-08-12T22:21:30.198+0000] {logging_mixin.py:190} INFO - [2026-08-12T22:21:30.198+0000] {dagbag.py:587} INFO - Filling up the DagBag from /opt/airflow/dags/dag_lakehouse_pipeline.py
[2026-08-12T22:21:30.234+0000] {processor.py:925} INFO - DAG(s) 'pipeline_lakehouse_medallion' retrieved from /opt/airflow/dags/dag_lakehouse_pipeline.py
[2026-08-12T22:21:30.280+0000] {logging_mixin.py:190} INFO - [2026-08-12T22:21:30.279+0000] {dag.py:3211} INFO - Sync 1 DAGs
[2026-08-12T22:21:30.306+0000] {logging_mixin.py:190} INFO - [2026-08-12T22:21:30.306+0000] {dag.py:4138} INFO - Setting next_dagrun for pipeline_lakehouse_medallion to None, run_after=None
[2026-08-12T22:21:30.360+0000] {processor.py:208} INFO - Processing /opt/airflow/dags/dag_lakehouse_pipeline.py took 0.179 seconds
[2026-08-12T22:22:01.114+0000] {processor.py:186} INFO - Started process (PID=119) to work on /opt/airflow/dags/dag_lakehouse_pipeline.py
[2026-08-12T22:22:01.118+0000] {processor.py:914} INFO - Processing file /opt/airflow/dags/dag_lakehouse_pipeline.py for tasks to queue
[2026-08-12T22:22:01.129+0000] {logging_mixin.py:190} INFO - [2026-08-12T22:22:01.129+0000] {dagbag.py:587} INFO - Filling up the DagBag from /opt/airflow/dags/dag_lakehouse_pipeline.py
[2026-08-12T22:22:01.186+0000] {processor.py:925} INFO - DAG(s) 'pipeline_lakehouse_medallion' retrieved from /opt/airflow/dags/dag_lakehouse_pipeline.py
[2026-08-12T22:22:01.264+0000] {logging_mixin.py:190} INFO - [2026-08-12T22:22:01.264+0000] {dag.py:3211} INFO - Sync 1 DAGs
[2026-08-12T22:22:01.314+0000] {logging_mixin.py:190} INFO - [2026-08-12T22:22:01.313+0000] {dag.py:4138} INFO - Setting next_dagrun for pipeline_lakehouse_medallion to None, run_after=None
[2026-08-12T22:22:01.389+0000] {processor.py:208} INFO - Processing /opt/airflow/dags/dag_lakehouse_pipeline.py took 0.292 seconds
[2026-08-12T22:22:32.190+0000] {processor.py:186} INFO - Started process (PID=122) to work on /opt/airflow/dags/dag_lakehouse_pipeline.py
[2026-08-12T22:22:32.193+0000] {processor.py:914} INFO - Processing file /opt/airflow/dags/dag_lakehouse_pipeline.py for tasks to queue
[2026-08-12T22:22:32.204+0000] {logging_mixin.py:190} INFO - [2026-08-12T22:22:32.202+0000] {dagbag.py:587} INFO - Filling up the DagBag from /opt/airflow/dags/dag_lakehouse_pipeline.py
[2026-08-12T22:22:32.300+0000] {processor.py:925} INFO - DAG(s) 'pipeline_lakehouse_medallion' retrieved from /opt/airflow/dags/dag_lakehouse_pipeline.py
[2026-08-12T22:22:32.470+0000] {logging_mixin.py:190} INFO - [2026-08-12T22:22:32.469+0000] {dag.py:3211} INFO - Sync 1 DAGs
[2026-08-12T22:22:32.557+0000] {logging_mixin.py:190} INFO - [2026-08-12T22:22:32.557+0000] {dag.py:4138} INFO - Setting next_dagrun for pipeline_lakehouse_medallion to None, run_after=None
[2026-08-12T22:22:32.670+0000] {processor.py:208} INFO - Processing /opt/airflow/dags/dag_lakehouse_pipeline.py took 0.498 seconds
[2026-08-12T22:23:02.861+0000] {processor.py:186} INFO - Started process (PID=146) to work on /opt/airflow/dags/dag_lakehouse_pipeline.py
[2026-08-12T22:23:02.864+0000] {processor.py:914} INFO - Processing file /opt/airflow/dags/dag_lakehouse_pipeline.py for tasks to queue
[2026-08-12T22:23:02.871+0000] {logging_mixin.py:190} INFO - [2026-08-12T22:23:02.870+0000] {dagbag.py:587} INFO - Filling up the DagBag from /opt/airflow/dags/dag_lakehouse_pipeline.py
[2026-08-12T22:23:02.917+0000] {processor.py:925} INFO - DAG(s) 'pipeline_lakehouse_medallion' retrieved from /opt/airflow/dags/dag_lakehouse_pipeline.py
[2026-08-12T22:23:02.969+0000] {logging_mixin.py:190} INFO - [2026-08-12T22:23:02.968+0000] {dag.py:3211} INFO - Sync 1 DAGs
[2026-08-12T22:23:02.992+0000] {logging_mixin.py:190} INFO - [2026-08-12T22:23:02.991+0000] {dag.py:4138} INFO - Setting next_dagrun for pipeline_lakehouse_medallion to None, run_after=None
[2026-08-12T22:23:03.044+0000] {processor.py:208} INFO - Processing /opt/airflow/dags/dag_lakehouse_pipeline.py took 0.200 seconds
[2026-08-12T22:23:34.063+0000] {processor.py:186} INFO - Started process (PID=156) to work on /opt/airflow/dags/dag_lakehouse_pipeline.py
[2026-08-12T22:23:34.065+0000] {processor.py:914} INFO - Processing file /opt/airflow/dags/dag_lakehouse_pipeline.py for tasks to queue
[2026-08-12T22:23:34.067+0000] {logging_mixin.py:190} INFO - [2026-08-12T22:23:34.067+0000] {dagbag.py:587} INFO - Filling up the DagBag from /opt/airflow/dags/dag_lakehouse_pipeline.py
[2026-08-12T22:23:34.096+0000] {processor.py:925} INFO - DAG(s) 'pipeline_lakehouse_medallion' retrieved from /opt/airflow/dags/dag_lakehouse_pipeline.py
[2026-08-12T22:23:34.128+0000] {logging_mixin.py:190} INFO - [2026-08-12T22:23:34.128+0000] {dag.py:3211} INFO - Sync 1 DAGs
[2026-08-12T22:23:34.324+0000] {logging_mixin.py:190} INFO - [2026-08-12T22:23:34.323+0000] {dag.py:4138} INFO - Setting next_dagrun for pipeline_lakehouse_medallion to None, run_after=None
[2026-08-12T22:23:34.360+0000] {processor.py:208} INFO - Processing /opt/airflow/dags/dag_lakehouse_pipeline.py took 0.302 seconds
[2026-08-12T22:24:04.918+0000] {processor.py:186} INFO - Started process (PID=166) to work on /opt/airflow/dags/dag_lakehouse_pipeline.py
[2026-08-12T22:24:04.920+0000] {processor.py:914} INFO - Processing file /opt/airflow/dags/dag_lakehouse_pipeline.py for tasks to queue
[2026-08-12T22:24:04.923+0000] {logging_mixin.py:190} INFO - [2026-08-12T22:24:04.922+0000] {dagbag.py:587} INFO - Filling up the DagBag from /opt/airflow/dags/dag_lakehouse_pipeline.py
[2026-08-12T22:24:04.967+0000] {processor.py:925} INFO - DAG(s) 'pipeline_lakehouse_medallion' retrieved from /opt/airflow/dags/dag_lakehouse_pipeline.py
[2026-08-12T22:24:04.999+0000] {logging_mixin.py:190} INFO - [2026-08-12T22:24:04.999+0000] {dag.py:3211} INFO - Sync 1 DAGs
[2026-08-12T22:24:05.014+0000] {logging_mixin.py:190} INFO - [2026-08-12T22:24:05.014+0000] {dag.py:4138} INFO - Setting next_dagrun for pipeline_lakehouse_medallion to None, run_after=None
[2026-08-12T22:24:05.036+0000] {processor.py:208} INFO - Processing /opt/airflow/dags/dag_lakehouse_pipeline.py took 0.124 seconds
[2026-08-12T22:24:35.444+0000] {processor.py:186} INFO - Started process (PID=176) to work on /opt/airflow/dags/dag_lakehouse_pipeline.py
[2026-08-12T22:24:35.446+0000] {processor.py:914} INFO - Processing file /opt/airflow/dags/dag_lakehouse_pipeline.py for tasks to queue
[2026-08-12T22:24:35.450+0000] {logging_mixin.py:190} INFO - [2026-08-12T22:24:35.450+0000] {dagbag.py:587} INFO - Filling up the DagBag from /opt/airflow/dags/dag_lakehouse_pipeline.py
[2026-08-12T22:24:35.476+0000] {processor.py:925} INFO - DAG(s) 'pipeline_lakehouse_medallion' retrieved from /opt/airflow/dags/dag_lakehouse_pipeline.py
[2026-08-12T22:24:35.506+0000] {logging_mixin.py:190} INFO - [2026-08-12T22:24:35.506+0000] {dag.py:3211} INFO - Sync 1 DAGs
[2026-08-12T22:24:35.519+0000] {logging_mixin.py:190} INFO - [2026-08-12T22:24:35.519+0000] {dag.py:4138} INFO - Setting next_dagrun for pipeline_lakehouse_medallion to None, run_after=None
[2026-08-12T22:24:35.558+0000] {processor.py:208} INFO - Processing /opt/airflow/dags/dag_lakehouse_pipeline.py took 0.120 seconds
[2026-08-12T22:25:05.960+0000] {processor.py:186} INFO - Started process (PID=186) to work on /opt/airflow/dags/dag_lakehouse_pipeline.py
[2026-08-12T22:25:05.961+0000] {processor.py:914} INFO - Processing file /opt/airflow/dags/dag_lakehouse_pipeline.py for tasks to queue
[2026-08-12T22:25:05.965+0000] {logging_mixin.py:190} INFO - [2026-08-12T22:25:05.964+0000] {dagbag.py:587} INFO - Filling up the DagBag from /opt/airflow/dags/dag_lakehouse_pipeline.py
[2026-08-12T22:25:05.992+0000] {processor.py:925} INFO - DAG(s) 'pipeline_lakehouse_medallion' retrieved from /opt/airflow/dags/dag_lakehouse_pipeline.py
[2026-08-12T22:25:06.021+0000] {logging_mixin.py:190} INFO - [2026-08-12T22:25:06.021+0000] {dag.py:3211} INFO - Sync 1 DAGs
[2026-08-12T22:25:06.036+0000] {logging_mixin.py:190} INFO - [2026-08-12T22:25:06.036+0000] {dag.py:4138} INFO - Setting next_dagrun for pipeline_lakehouse_medallion to None, run_after=None
[2026-08-12T22:25:06.061+0000] {processor.py:208} INFO - Processing /opt/airflow/dags/dag_lakehouse_pipeline.py took 0.106 seconds
[2026-08-12T22:25:36.477+0000] {processor.py:186} INFO - Started process (PID=196) to work on /opt/airflow/dags/dag_lakehouse_pipeline.py
[2026-08-12T22:25:36.479+0000] {processor.py:914} INFO - Processing file /opt/airflow/dags/dag_lakehouse_pipeline.py for tasks to queue
[2026-08-12T22:25:36.482+0000] {logging_mixin.py:190} INFO - [2026-08-12T22:25:36.481+0000] {dagbag.py:587} INFO - Filling up the DagBag from /opt/airflow/dags/dag_lakehouse_pipeline.py
[2026-08-12T22:25:36.508+0000] {processor.py:925} INFO - DAG(s) 'pipeline_lakehouse_medallion' retrieved from /opt/airflow/dags/dag_lakehouse_pipeline.py
[2026-08-12T22:25:36.536+0000] {logging_mixin.py:190} INFO - [2026-08-12T22:25:36.536+0000] {dag.py:3211} INFO - Sync 1 DAGs
[2026-08-12T22:25:36.550+0000] {logging_mixin.py:190} INFO - [2026-08-12T22:25:36.550+0000] {dag.py:4138} INFO - Setting next_dagrun for pipeline_lakehouse_medallion to None, run_after=None
[2026-08-12T22:25:36.588+0000] {processor.py:208} INFO - Processing /opt/airflow/dags/dag_lakehouse_pipeline.py took 0.116 seconds
[2026-08-12T22:26:07.016+0000] {processor.py:186} INFO - Started process (PID=206) to work on /opt/airflow/dags/dag_lakehouse_pipeline.py
[2026-08-12T22:26:07.018+0000] {processor.py:914} INFO - Processing file /opt/airflow/dags/dag_lakehouse_pipeline.py for tasks to queue
[2026-08-12T22:26:07.020+0000] {logging_mixin.py:190} INFO - [2026-08-12T22:26:07.020+0000] {dagbag.py:587} INFO - Filling up the DagBag from /opt/airflow/dags/dag_lakehouse_pipeline.py
[2026-08-12T22:26:07.045+0000] {processor.py:925} INFO - DAG(s) 'pipeline_lakehouse_medallion' retrieved from /opt/airflow/dags/dag_lakehouse_pipeline.py
[2026-08-12T22:26:07.076+0000] {logging_mixin.py:190} INFO - [2026-08-12T22:26:07.076+0000] {dag.py:3211} INFO - Sync 1 DAGs
[2026-08-12T22:26:07.091+0000] {logging_mixin.py:190} INFO - [2026-08-12T22:26:07.091+0000] {dag.py:4138} INFO - Setting next_dagrun for pipeline_lakehouse_medallion to None, run_after=None
[2026-08-12T22:26:07.302+0000] {processor.py:208} INFO - Processing /opt/airflow/dags/dag_lakehouse_pipeline.py took 0.293 seconds
[2026-08-12T22:26:38.023+0000] {processor.py:186} INFO - Started process (PID=216) to work on /opt/airflow/dags/dag_lakehouse_pipeline.py
[2026-08-12T22:26:38.025+0000] {processor.py:914} INFO - Processing file /opt/airflow/dags/dag_lakehouse_pipeline.py for tasks to queue
[2026-08-12T22:26:38.028+0000] {logging_mixin.py:190} INFO - [2026-08-12T22:26:38.028+0000] {dagbag.py:587} INFO - Filling up the DagBag from /opt/airflow/dags/dag_lakehouse_pipeline.py
[2026-08-12T22:26:38.063+0000] {processor.py:925} INFO - DAG(s) 'pipeline_lakehouse_medallion' retrieved from /opt/airflow/dags/dag_lakehouse_pipeline.py
[2026-08-12T22:26:38.101+0000] {logging_mixin.py:190} INFO - [2026-08-12T22:26:38.100+0000] {dag.py:3211} INFO - Sync 1 DAGs
[2026-08-12T22:26:38.288+0000] {logging_mixin.py:190} INFO - [2026-08-12T22:26:38.287+0000] {dag.py:4138} INFO - Setting next_dagrun for pipeline_lakehouse_medallion to None, run_after=None
[2026-08-12T22:26:38.327+0000] {processor.py:208} INFO - Processing /opt/airflow/dags/dag_lakehouse_pipeline.py took 0.312 seconds
[2026-08-12T22:27:08.779+0000] {processor.py:186} INFO - Started process (PID=219) to work on /opt/airflow/dags/dag_lakehouse_pipeline.py
[2026-08-12T22:27:08.780+0000] {processor.py:914} INFO - Processing file /opt/airflow/dags/dag_lakehouse_pipeline.py for tasks to queue
[2026-08-12T22:27:08.783+0000] {logging_mixin.py:190} INFO - [2026-08-12T22:27:08.783+0000] {dagbag.py:587} INFO - Filling up the DagBag from /opt/airflow/dags/dag_lakehouse_pipeline.py
[2026-08-12T22:27:08.814+0000] {processor.py:925} INFO - DAG(s) 'pipeline_lakehouse_medallion' retrieved from /opt/airflow/dags/dag_lakehouse_pipeline.py
[2026-08-12T22:27:08.846+0000] {logging_mixin.py:190} INFO - [2026-08-12T22:27:08.846+0000] {dag.py:3211} INFO - Sync 1 DAGs
[2026-08-12T22:27:08.861+0000] {logging_mixin.py:190} INFO - [2026-08-12T22:27:08.860+0000] {dag.py:4138} INFO - Setting next_dagrun for pipeline_lakehouse_medallion to None, run_after=None
[2026-08-12T22:27:08.908+0000] {processor.py:208} INFO - Processing /opt/airflow/dags/dag_lakehouse_pipeline.py took 0.136 seconds
[2026-08-12T22:27:39.622+0000] {processor.py:186} INFO - Started process (PID=229) to work on /opt/airflow/dags/dag_lakehouse_pipeline.py
[2026-08-12T22:27:39.639+0000] {processor.py:914} INFO - Processing file /opt/airflow/dags/dag_lakehouse_pipeline.py for tasks to queue
[2026-08-12T22:27:39.678+0000] {logging_mixin.py:190} INFO - [2026-08-12T22:27:39.675+0000] {dagbag.py:587} INFO - Filling up the DagBag from /opt/airflow/dags/dag_lakehouse_pipeline.py
[2026-08-12T22:27:39.862+0000] {processor.py:925} INFO - DAG(s) 'pipeline_lakehouse_medallion' retrieved from /opt/airflow/dags/dag_lakehouse_pipeline.py
[2026-08-12T22:27:40.151+0000] {logging_mixin.py:190} INFO - [2026-08-12T22:27:40.150+0000] {dag.py:3211} INFO - Sync 1 DAGs
[2026-08-12T22:27:40.274+0000] {logging_mixin.py:190} INFO - [2026-08-12T22:27:40.273+0000] {dag.py:4138} INFO - Setting next_dagrun for pipeline_lakehouse_medallion to None, run_after=None
[2026-08-12T22:27:40.447+0000] {processor.py:208} INFO - Processing /opt/airflow/dags/dag_lakehouse_pipeline.py took 0.914 seconds
[2026-08-12T22:28:11.668+0000] {processor.py:186} INFO - Started process (PID=244) to work on /opt/airflow/dags/dag_lakehouse_pipeline.py
[2026-08-12T22:28:11.675+0000] {processor.py:914} INFO - Processing file /opt/airflow/dags/dag_lakehouse_pipeline.py for tasks to queue
[2026-08-12T22:28:11.698+0000] {logging_mixin.py:190} INFO - [2026-08-12T22:28:11.697+0000] {dagbag.py:587} INFO - Filling up the DagBag from /opt/airflow/dags/dag_lakehouse_pipeline.py
[2026-08-12T22:28:11.796+0000] {processor.py:925} INFO - DAG(s) 'pipeline_lakehouse_medallion' retrieved from /opt/airflow/dags/dag_lakehouse_pipeline.py
[2026-08-12T22:28:13.024+0000] {logging_mixin.py:190} INFO - [2026-08-12T22:28:13.023+0000] {dag.py:3211} INFO - Sync 1 DAGs
[2026-08-12T22:28:13.056+0000] {logging_mixin.py:190} INFO - [2026-08-12T22:28:13.055+0000] {dag.py:3234} INFO - Creating ORM DAG for pipeline_lakehouse_medallion
[2026-08-12T22:28:13.060+0000] {logging_mixin.py:190} INFO - [2026-08-12T22:28:13.059+0000] {dag.py:4138} INFO - Setting next_dagrun for pipeline_lakehouse_medallion to None, run_after=None
[2026-08-12T22:28:13.128+0000] {processor.py:208} INFO - Processing /opt/airflow/dags/dag_lakehouse_pipeline.py took 1.508 seconds
[2026-08-12T22:28:43.276+0000] {processor.py:186} INFO - Started process (PID=255) to work on /opt/airflow/dags/dag_lakehouse_pipeline.py
[2026-08-12T22:28:43.292+0000] {processor.py:914} INFO - Processing file /opt/airflow/dags/dag_lakehouse_pipeline.py for tasks to queue
[2026-08-12T22:28:43.295+0000] {logging_mixin.py:190} INFO - [2026-08-12T22:28:43.295+0000] {dagbag.py:587} INFO - Filling up the DagBag from /opt/airflow/dags/dag_lakehouse_pipeline.py
[2026-08-12T22:28:43.326+0000] {processor.py:925} INFO - DAG(s) 'pipeline_lakehouse_medallion' retrieved from /opt/airflow/dags/dag_lakehouse_pipeline.py
[2026-08-12T22:28:43.354+0000] {logging_mixin.py:190} INFO - [2026-08-12T22:28:43.353+0000] {dag.py:3211} INFO - Sync 1 DAGs
[2026-08-12T22:28:43.368+0000] {logging_mixin.py:190} INFO - [2026-08-12T22:28:43.367+0000] {dag.py:4138} INFO - Setting next_dagrun for pipeline_lakehouse_medallion to None, run_after=None
[2026-08-12T22:28:43.408+0000] {processor.py:208} INFO - Processing /opt/airflow/dags/dag_lakehouse_pipeline.py took 0.139 seconds
[2026-08-12T22:29:13.921+0000] {processor.py:186} INFO - Started process (PID=264) to work on /opt/airflow/dags/dag_lakehouse_pipeline.py
[2026-08-12T22:29:13.924+0000] {processor.py:914} INFO - Processing file /opt/airflow/dags/dag_lakehouse_pipeline.py for tasks to queue
[2026-08-12T22:29:13.932+0000] {logging_mixin.py:190} INFO - [2026-08-12T22:29:13.931+0000] {dagbag.py:587} INFO - Filling up the DagBag from /opt/airflow/dags/dag_lakehouse_pipeline.py
[2026-08-12T22:29:13.990+0000] {processor.py:925} INFO - DAG(s) 'pipeline_lakehouse_medallion' retrieved from /opt/airflow/dags/dag_lakehouse_pipeline.py
[2026-08-12T22:29:14.068+0000] {logging_mixin.py:190} INFO - [2026-08-12T22:29:14.067+0000] {dag.py:3211} INFO - Sync 1 DAGs
[2026-08-12T22:29:14.439+0000] {logging_mixin.py:190} INFO - [2026-08-12T22:29:14.438+0000] {dag.py:4138} INFO - Setting next_dagrun for pipeline_lakehouse_medallion to None, run_after=None
[2026-08-12T22:29:14.490+0000] {processor.py:208} INFO - Processing /opt/airflow/dags/dag_lakehouse_pipeline.py took 0.590 seconds
[2026-08-12T22:29:45.125+0000] {processor.py:186} INFO - Started process (PID=279) to work on /opt/airflow/dags/dag_lakehouse_pipeline.py
[2026-08-12T22:29:45.148+0000] {processor.py:914} INFO - Processing file /opt/airflow/dags/dag_lakehouse_pipeline.py for tasks to queue
[2026-08-12T22:29:45.214+0000] {logging_mixin.py:190} INFO - [2026-08-12T22:29:45.201+0000] {dagbag.py:587} INFO - Filling up the DagBag from /opt/airflow/dags/dag_lakehouse_pipeline.py
[2026-08-12T22:29:45.696+0000] {processor.py:925} INFO - DAG(s) 'pipeline_lakehouse_medallion' retrieved from /opt/airflow/dags/dag_lakehouse_pipeline.py
[2026-08-12T22:29:46.180+0000] {logging_mixin.py:190} INFO - [2026-08-12T22:29:46.178+0000] {dag.py:3211} INFO - Sync 1 DAGs
[2026-08-12T22:29:49.895+0000] {logging_mixin.py:190} INFO - [2026-08-12T22:29:49.894+0000] {dag.py:4138} INFO - Setting next_dagrun for pipeline_lakehouse_medallion to None, run_after=None
[2026-08-12T22:29:50.120+0000] {processor.py:208} INFO - Processing /opt/airflow/dags/dag_lakehouse_pipeline.py took 5.133 seconds
[2026-08-12T22:30:21.547+0000] {processor.py:186} INFO - Started process (PID=289) to work on /opt/airflow/dags/dag_lakehouse_pipeline.py
[2026-08-12T22:30:21.577+0000] {processor.py:914} INFO - Processing file /opt/airflow/dags/dag_lakehouse_pipeline.py for tasks to queue
[2026-08-12T22:30:21.704+0000] {logging_mixin.py:190} INFO - [2026-08-12T22:30:21.698+0000] {dagbag.py:587} INFO - Filling up the DagBag from /opt/airflow/dags/dag_lakehouse_pipeline.py
[2026-08-12T22:30:22.151+0000] {processor.py:925} INFO - DAG(s) 'pipeline_lakehouse_medallion' retrieved from /opt/airflow/dags/dag_lakehouse_pipeline.py
[2026-08-12T22:30:22.894+0000] {logging_mixin.py:190} INFO - [2026-08-12T22:30:22.892+0000] {dag.py:3211} INFO - Sync 1 DAGs
[2026-08-12T22:30:23.223+0000] {logging_mixin.py:190} INFO - [2026-08-12T22:30:23.221+0000] {dag.py:4138} INFO - Setting next_dagrun for pipeline_lakehouse_medallion to None, run_after=None
[2026-08-12T22:30:23.586+0000] {processor.py:208} INFO - Processing /opt/airflow/dags/dag_lakehouse_pipeline.py took 2.253 seconds
[2026-08-12T22:30:54.673+0000] {processor.py:186} INFO - Started process (PID=303) to work on /opt/airflow/dags/dag_lakehouse_pipeline.py
[2026-08-12T22:30:54.680+0000] {processor.py:914} INFO - Processing file /opt/airflow/dags/dag_lakehouse_pipeline.py for tasks to queue
[2026-08-12T22:30:54.700+0000] {logging_mixin.py:190} INFO - [2026-08-12T22:30:54.696+0000] {dagbag.py:587} INFO - Filling up the DagBag from /opt/airflow/dags/dag_lakehouse_pipeline.py
[2026-08-12T22:30:54.901+0000] {processor.py:925} INFO - DAG(s) 'pipeline_lakehouse_medallion' retrieved from /opt/airflow/dags/dag_lakehouse_pipeline.py
[2026-08-12T22:30:55.114+0000] {logging_mixin.py:190} INFO - [2026-08-12T22:30:55.112+0000] {dag.py:3211} INFO - Sync 1 DAGs
[2026-08-12T22:30:55.244+0000] {logging_mixin.py:190} INFO - [2026-08-12T22:30:55.242+0000] {dag.py:4138} INFO - Setting next_dagrun for pipeline_lakehouse_medallion to None, run_after=None
[2026-08-12T22:30:55.423+0000] {processor.py:208} INFO - Processing /opt/airflow/dags/dag_lakehouse_pipeline.py took 0.823 seconds
[2026-08-12T22:31:25.947+0000] {processor.py:186} INFO - Started process (PID=306) to work on /opt/airflow/dags/dag_lakehouse_pipeline.py
[2026-08-12T22:31:25.957+0000] {processor.py:914} INFO - Processing file /opt/airflow/dags/dag_lakehouse_pipeline.py for tasks to queue
[2026-08-12T22:31:25.993+0000] {logging_mixin.py:190} INFO - [2026-08-12T22:31:25.990+0000] {dagbag.py:587} INFO - Filling up the DagBag from /opt/airflow/dags/dag_lakehouse_pipeline.py
[2026-08-12T22:31:26.176+0000] {processor.py:925} INFO - DAG(s) 'pipeline_lakehouse_medallion' retrieved from /opt/airflow/dags/dag_lakehouse_pipeline.py
[2026-08-12T22:31:26.373+0000] {logging_mixin.py:190} INFO - [2026-08-12T22:31:26.372+0000] {dag.py:3211} INFO - Sync 1 DAGs
[2026-08-12T22:31:26.496+0000] {logging_mixin.py:190} INFO - [2026-08-12T22:31:26.494+0000] {dag.py:4138} INFO - Setting next_dagrun for pipeline_lakehouse_medallion to None, run_after=None
[2026-08-12T22:31:26.657+0000] {processor.py:208} INFO - Processing /opt/airflow/dags/dag_lakehouse_pipeline.py took 0.768 seconds
[2026-08-12T22:31:56.816+0000] {processor.py:186} INFO - Started process (PID=316) to work on /opt/airflow/dags/dag_lakehouse_pipeline.py
[2026-08-12T22:31:56.818+0000] {processor.py:914} INFO - Processing file /opt/airflow/dags/dag_lakehouse_pipeline.py for tasks to queue
[2026-08-12T22:31:56.823+0000] {logging_mixin.py:190} INFO - [2026-08-12T22:31:56.823+0000] {dagbag.py:587} INFO - Filling up the DagBag from /opt/airflow/dags/dag_lakehouse_pipeline.py
[2026-08-12T22:31:56.872+0000] {processor.py:925} INFO - DAG(s) 'pipeline_lakehouse_medallion' retrieved from /opt/airflow/dags/dag_lakehouse_pipeline.py
[2026-08-12T22:31:56.929+0000] {logging_mixin.py:190} INFO - [2026-08-12T22:31:56.929+0000] {dag.py:3211} INFO - Sync 1 DAGs
[2026-08-12T22:31:56.967+0000] {logging_mixin.py:190} INFO - [2026-08-12T22:31:56.966+0000] {dag.py:4138} INFO - Setting next_dagrun for pipeline_lakehouse_medallion to None, run_after=None
[2026-08-12T22:31:57.397+0000] {processor.py:208} INFO - Processing /opt/airflow/dags/dag_lakehouse_pipeline.py took 0.591 seconds
[2026-08-12T22:32:27.964+0000] {processor.py:186} INFO - Started process (PID=326) to work on /opt/airflow/dags/dag_lakehouse_pipeline.py
[2026-08-12T22:32:27.965+0000] {processor.py:914} INFO - Processing file /opt/airflow/dags/dag_lakehouse_pipeline.py for tasks to queue
[2026-08-12T22:32:27.968+0000] {logging_mixin.py:190} INFO - [2026-08-12T22:32:27.967+0000] {dagbag.py:587} INFO - Filling up the DagBag from /opt/airflow/dags/dag_lakehouse_pipeline.py
[2026-08-12T22:32:27.991+0000] {processor.py:925} INFO - DAG(s) 'pipeline_lakehouse_medallion' retrieved from /opt/airflow/dags/dag_lakehouse_pipeline.py
[2026-08-12T22:32:28.022+0000] {logging_mixin.py:190} INFO - [2026-08-12T22:32:28.022+0000] {dag.py:3211} INFO - Sync 1 DAGs
[2026-08-12T22:32:28.204+0000] {logging_mixin.py:190} INFO - [2026-08-12T22:32:28.204+0000] {dag.py:4138} INFO - Setting next_dagrun for pipeline_lakehouse_medallion to None, run_after=None
[2026-08-12T22:32:28.240+0000] {processor.py:208} INFO - Processing /opt/airflow/dags/dag_lakehouse_pipeline.py took 0.283 seconds
[2026-08-12T22:32:59.382+0000] {processor.py:186} INFO - Started process (PID=341) to work on /opt/airflow/dags/dag_lakehouse_pipeline.py
[2026-08-12T22:32:59.388+0000] {processor.py:914} INFO - Processing file /opt/airflow/dags/dag_lakehouse_pipeline.py for tasks to queue
[2026-08-12T22:32:59.410+0000] {logging_mixin.py:190} INFO - [2026-08-12T22:32:59.404+0000] {dagbag.py:587} INFO - Filling up the DagBag from /opt/airflow/dags/dag_lakehouse_pipeline.py
[2026-08-12T22:32:59.619+0000] {processor.py:925} INFO - DAG(s) 'pipeline_lakehouse_medallion' retrieved from /opt/airflow/dags/dag_lakehouse_pipeline.py
[2026-08-12T22:32:59.885+0000] {logging_mixin.py:190} INFO - [2026-08-12T22:32:59.883+0000] {dag.py:3211} INFO - Sync 1 DAGs
[2026-08-12T22:32:59.976+0000] {logging_mixin.py:190} INFO - [2026-08-12T22:32:59.976+0000] {dag.py:4138} INFO - Setting next_dagrun for pipeline_lakehouse_medallion to None, run_after=None
[2026-08-12T22:33:00.156+0000] {processor.py:208} INFO - Processing /opt/airflow/dags/dag_lakehouse_pipeline.py took 0.817 seconds
[2026-08-12T22:33:30.838+0000] {processor.py:186} INFO - Started process (PID=351) to work on /opt/airflow/dags/dag_lakehouse_pipeline.py
[2026-08-12T22:33:30.854+0000] {processor.py:914} INFO - Processing file /opt/airflow/dags/dag_lakehouse_pipeline.py for tasks to queue
[2026-08-12T22:33:30.891+0000] {logging_mixin.py:190} INFO - [2026-08-12T22:33:30.886+0000] {dagbag.py:587} INFO - Filling up the DagBag from /opt/airflow/dags/dag_lakehouse_pipeline.py
[2026-08-12T22:33:31.132+0000] {processor.py:925} INFO - DAG(s) 'pipeline_lakehouse_medallion' retrieved from /opt/airflow/dags/dag_lakehouse_pipeline.py
[2026-08-12T22:33:31.573+0000] {logging_mixin.py:190} INFO - [2026-08-12T22:33:31.570+0000] {dag.py:3211} INFO - Sync 1 DAGs
[2026-08-12T22:33:31.745+0000] {logging_mixin.py:190} INFO - [2026-08-12T22:33:31.744+0000] {dag.py:4138} INFO - Setting next_dagrun for pipeline_lakehouse_medallion to None, run_after=None
[2026-08-12T22:33:31.927+0000] {processor.py:208} INFO - Processing /opt/airflow/dags/dag_lakehouse_pipeline.py took 1.176 seconds
[2026-08-12T22:34:02.323+0000] {processor.py:186} INFO - Started process (PID=354) to work on /opt/airflow/dags/dag_lakehouse_pipeline.py
[2026-08-12T22:34:02.327+0000] {processor.py:914} INFO - Processing file /opt/airflow/dags/dag_lakehouse_pipeline.py for tasks to queue
[2026-08-12T22:34:02.343+0000] {logging_mixin.py:190} INFO - [2026-08-12T22:34:02.341+0000] {dagbag.py:587} INFO - Filling up the DagBag from /opt/airflow/dags/dag_lakehouse_pipeline.py
[2026-08-12T22:34:02.439+0000] {processor.py:925} INFO - DAG(s) 'pipeline_lakehouse_medallion' retrieved from /opt/airflow/dags/dag_lakehouse_pipeline.py
[2026-08-12T22:34:02.595+0000] {logging_mixin.py:190} INFO - [2026-08-12T22:34:02.594+0000] {dag.py:3211} INFO - Sync 1 DAGs
[2026-08-12T22:34:02.674+0000] {logging_mixin.py:190} INFO - [2026-08-12T22:34:02.673+0000] {dag.py:4138} INFO - Setting next_dagrun for pipeline_lakehouse_medallion to None, run_after=None
[2026-08-12T22:34:02.777+0000] {processor.py:208} INFO - Processing /opt/airflow/dags/dag_lakehouse_pipeline.py took 0.477 seconds
[2026-08-12T22:34:32.953+0000] {processor.py:186} INFO - Started process (PID=365) to work on /opt/airflow/dags/dag_lakehouse_pipeline.py
[2026-08-12T22:34:32.956+0000] {processor.py:914} INFO - Processing file /opt/airflow/dags/dag_lakehouse_pipeline.py for tasks to queue
[2026-08-12T22:34:32.964+0000] {logging_mixin.py:190} INFO - [2026-08-12T22:34:32.963+0000] {dagbag.py:587} INFO - Filling up the DagBag from /opt/airflow/dags/dag_lakehouse_pipeline.py
[2026-08-12T22:34:33.029+0000] {processor.py:925} INFO - DAG(s) 'pipeline_lakehouse_medallion' retrieved from /opt/airflow/dags/dag_lakehouse_pipeline.py
[2026-08-12T22:34:33.133+0000] {logging_mixin.py:190} INFO - [2026-08-12T22:34:33.132+0000] {dag.py:3211} INFO - Sync 1 DAGs
[2026-08-12T22:34:33.172+0000] {logging_mixin.py:190} INFO - [2026-08-12T22:34:33.172+0000] {dag.py:4138} INFO - Setting next_dagrun for pipeline_lakehouse_medallion to None, run_after=None
[2026-08-12T22:34:33.265+0000] {processor.py:208} INFO - Processing /opt/airflow/dags/dag_lakehouse_pipeline.py took 0.325 seconds
[2026-08-12T22:35:03.538+0000] {processor.py:186} INFO - Started process (PID=375) to work on /opt/airflow/dags/dag_lakehouse_pipeline.py
[2026-08-12T22:35:03.540+0000] {processor.py:914} INFO - Processing file /opt/airflow/dags/dag_lakehouse_pipeline.py for tasks to queue
[2026-08-12T22:35:03.543+0000] {logging_mixin.py:190} INFO - [2026-08-12T22:35:03.543+0000] {dagbag.py:587} INFO - Filling up the DagBag from /opt/airflow/dags/dag_lakehouse_pipeline.py
[2026-08-12T22:35:03.574+0000] {processor.py:925} INFO - DAG(s) 'pipeline_lakehouse_medallion' retrieved from /opt/airflow/dags/dag_lakehouse_pipeline.py
[2026-08-12T22:35:03.608+0000] {logging_mixin.py:190} INFO - [2026-08-12T22:35:03.608+0000] {dag.py:3211} INFO - Sync 1 DAGs
[2026-08-12T22:35:03.625+0000] {logging_mixin.py:190} INFO - [2026-08-12T22:35:03.625+0000] {dag.py:4138} INFO - Setting next_dagrun for pipeline_lakehouse_medallion to None, run_after=None
[2026-08-12T22:35:03.813+0000] {processor.py:208} INFO - Processing /opt/airflow/dags/dag_lakehouse_pipeline.py took 0.281 seconds
[2026-08-12T22:35:34.289+0000] {processor.py:186} INFO - Started process (PID=385) to work on /opt/airflow/dags/dag_lakehouse_pipeline.py
[2026-08-12T22:35:34.291+0000] {processor.py:914} INFO - Processing file /opt/airflow/dags/dag_lakehouse_pipeline.py for tasks to queue
[2026-08-12T22:35:34.298+0000] {logging_mixin.py:190} INFO - [2026-08-12T22:35:34.296+0000] {dagbag.py:587} INFO - Filling up the DagBag from /opt/airflow/dags/dag_lakehouse_pipeline.py
[2026-08-12T22:35:34.336+0000] {processor.py:925} INFO - DAG(s) 'pipeline_lakehouse_medallion' retrieved from /opt/airflow/dags/dag_lakehouse_pipeline.py
[2026-08-12T22:35:34.389+0000] {logging_mixin.py:190} INFO - [2026-08-12T22:35:34.389+0000] {dag.py:3211} INFO - Sync 1 DAGs
[2026-08-12T22:35:34.687+0000] {logging_mixin.py:190} INFO - [2026-08-12T22:35:34.687+0000] {dag.py:4138} INFO - Setting next_dagrun for pipeline_lakehouse_medallion to None, run_after=None
[2026-08-12T22:35:34.730+0000] {processor.py:208} INFO - Processing /opt/airflow/dags/dag_lakehouse_pipeline.py took 0.449 seconds
[2026-08-12T22:36:05.446+0000] {processor.py:186} INFO - Started process (PID=395) to work on /opt/airflow/dags/dag_lakehouse_pipeline.py
[2026-08-12T22:36:05.448+0000] {processor.py:914} INFO - Processing file /opt/airflow/dags/dag_lakehouse_pipeline.py for tasks to queue
[2026-08-12T22:36:05.452+0000] {logging_mixin.py:190} INFO - [2026-08-12T22:36:05.451+0000] {dagbag.py:587} INFO - Filling up the DagBag from /opt/airflow/dags/dag_lakehouse_pipeline.py
[2026-08-12T22:36:05.493+0000] {processor.py:925} INFO - DAG(s) 'pipeline_lakehouse_medallion' retrieved from /opt/airflow/dags/dag_lakehouse_pipeline.py
[2026-08-12T22:36:05.532+0000] {logging_mixin.py:190} INFO - [2026-08-12T22:36:05.531+0000] {dag.py:3211} INFO - Sync 1 DAGs
[2026-08-12T22:36:05.549+0000] {logging_mixin.py:190} INFO - [2026-08-12T22:36:05.549+0000] {dag.py:4138} INFO - Setting next_dagrun for pipeline_lakehouse_medallion to None, run_after=None
[2026-08-12T22:36:05.593+0000] {processor.py:208} INFO - Processing /opt/airflow/dags/dag_lakehouse_pipeline.py took 0.155 seconds
[2026-08-12T22:36:36.376+0000] {processor.py:186} INFO - Started process (PID=405) to work on /opt/airflow/dags/dag_lakehouse_pipeline.py
[2026-08-12T22:36:36.382+0000] {processor.py:914} INFO - Processing file /opt/airflow/dags/dag_lakehouse_pipeline.py for tasks to queue
[2026-08-12T22:36:36.394+0000] {logging_mixin.py:190} INFO - [2026-08-12T22:36:36.392+0000] {dagbag.py:587} INFO - Filling up the DagBag from /opt/airflow/dags/dag_lakehouse_pipeline.py
[2026-08-12T22:36:36.479+0000] {processor.py:925} INFO - DAG(s) 'pipeline_lakehouse_medallion' retrieved from /opt/airflow/dags/dag_lakehouse_pipeline.py
[2026-08-12T22:36:36.657+0000] {logging_mixin.py:190} INFO - [2026-08-12T22:36:36.655+0000] {dag.py:3211} INFO - Sync 1 DAGs
[2026-08-12T22:36:36.809+0000] {logging_mixin.py:190} INFO - [2026-08-12T22:36:36.808+0000] {dag.py:4138} INFO - Setting next_dagrun for pipeline_lakehouse_medallion to None, run_after=None
[2026-08-12T22:36:36.941+0000] {processor.py:208} INFO - Processing /opt/airflow/dags/dag_lakehouse_pipeline.py took 0.597 seconds
[2026-08-12T22:37:07.665+0000] {processor.py:186} INFO - Started process (PID=415) to work on /opt/airflow/dags/dag_lakehouse_pipeline.py
[2026-08-12T22:37:07.674+0000] {processor.py:914} INFO - Processing file /opt/airflow/dags/dag_lakehouse_pipeline.py for tasks to queue
[2026-08-12T22:37:07.696+0000] {logging_mixin.py:190} INFO - [2026-08-12T22:37:07.693+0000] {dagbag.py:587} INFO - Filling up the DagBag from /opt/airflow/dags/dag_lakehouse_pipeline.py
[2026-08-12T22:37:07.849+0000] {processor.py:925} INFO - DAG(s) 'pipeline_lakehouse_medallion' retrieved from /opt/airflow/dags/dag_lakehouse_pipeline.py
[2026-08-12T22:37:08.073+0000] {logging_mixin.py:190} INFO - [2026-08-12T22:37:08.072+0000] {dag.py:3211} INFO - Sync 1 DAGs
[2026-08-12T22:37:08.194+0000] {logging_mixin.py:190} INFO - [2026-08-12T22:37:08.193+0000] {dag.py:4138} INFO - Setting next_dagrun for pipeline_lakehouse_medallion to None, run_after=None
[2026-08-12T22:37:08.293+0000] {processor.py:208} INFO - Processing /opt/airflow/dags/dag_lakehouse_pipeline.py took 0.669 seconds
[2026-08-12T22:37:38.606+0000] {processor.py:186} INFO - Started process (PID=418) to work on /opt/airflow/dags/dag_lakehouse_pipeline.py
[2026-08-12T22:37:38.607+0000] {processor.py:914} INFO - Processing file /opt/airflow/dags/dag_lakehouse_pipeline.py for tasks to queue
[2026-08-12T22:37:38.611+0000] {logging_mixin.py:190} INFO - [2026-08-12T22:37:38.610+0000] {dagbag.py:587} INFO - Filling up the DagBag from /opt/airflow/dags/dag_lakehouse_pipeline.py
[2026-08-12T22:37:38.641+0000] {processor.py:925} INFO - DAG(s) 'pipeline_lakehouse_medallion' retrieved from /opt/airflow/dags/dag_lakehouse_pipeline.py
[2026-08-12T22:37:38.675+0000] {logging_mixin.py:190} INFO - [2026-08-12T22:37:38.675+0000] {dag.py:3211} INFO - Sync 1 DAGs
[2026-08-12T22:37:38.691+0000] {logging_mixin.py:190} INFO - [2026-08-12T22:37:38.691+0000] {dag.py:4138} INFO - Setting next_dagrun for pipeline_lakehouse_medallion to None, run_after=None
[2026-08-12T22:37:38.733+0000] {processor.py:208} INFO - Processing /opt/airflow/dags/dag_lakehouse_pipeline.py took 0.134 seconds
[2026-08-12T22:38:09.214+0000] {processor.py:186} INFO - Started process (PID=428) to work on /opt/airflow/dags/dag_lakehouse_pipeline.py
[2026-08-12T22:38:09.216+0000] {processor.py:914} INFO - Processing file /opt/airflow/dags/dag_lakehouse_pipeline.py for tasks to queue
[2026-08-12T22:38:09.223+0000] {logging_mixin.py:190} INFO - [2026-08-12T22:38:09.222+0000] {dagbag.py:587} INFO - Filling up the DagBag from /opt/airflow/dags/dag_lakehouse_pipeline.py
[2026-08-12T22:38:09.279+0000] {processor.py:925} INFO - DAG(s) 'pipeline_lakehouse_medallion' retrieved from /opt/airflow/dags/dag_lakehouse_pipeline.py
[2026-08-12T22:38:09.340+0000] {logging_mixin.py:190} INFO - [2026-08-12T22:38:09.339+0000] {dag.py:3211} INFO - Sync 1 DAGs
[2026-08-12T22:38:09.719+0000] {logging_mixin.py:190} INFO - [2026-08-12T22:38:09.718+0000] {dag.py:4138} INFO - Setting next_dagrun for pipeline_lakehouse_medallion to None, run_after=None
[2026-08-12T22:38:09.772+0000] {processor.py:208} INFO - Processing /opt/airflow/dags/dag_lakehouse_pipeline.py took 0.571 seconds
[2026-08-12T22:38:40.178+0000] {processor.py:186} INFO - Started process (PID=438) to work on /opt/airflow/dags/dag_lakehouse_pipeline.py
[2026-08-12T22:38:40.180+0000] {processor.py:914} INFO - Processing file /opt/airflow/dags/dag_lakehouse_pipeline.py for tasks to queue
[2026-08-12T22:38:40.183+0000] {logging_mixin.py:190} INFO - [2026-08-12T22:38:40.183+0000] {dagbag.py:587} INFO - Filling up the DagBag from /opt/airflow/dags/dag_lakehouse_pipeline.py
[2026-08-12T22:38:40.224+0000] {processor.py:925} INFO - DAG(s) 'pipeline_lakehouse_medallion' retrieved from /opt/airflow/dags/dag_lakehouse_pipeline.py
[2026-08-12T22:38:40.481+0000] {logging_mixin.py:190} INFO - [2026-08-12T22:38:40.480+0000] {dag.py:3211} INFO - Sync 1 DAGs
[2026-08-12T22:38:40.497+0000] {logging_mixin.py:190} INFO - [2026-08-12T22:38:40.496+0000] {dag.py:4138} INFO - Setting next_dagrun for pipeline_lakehouse_medallion to None, run_after=None
[2026-08-12T22:38:40.540+0000] {processor.py:208} INFO - Processing /opt/airflow/dags/dag_lakehouse_pipeline.py took 0.370 seconds
[2026-08-12T22:39:10.842+0000] {processor.py:186} INFO - Started process (PID=448) to work on /opt/airflow/dags/dag_lakehouse_pipeline.py
[2026-08-12T22:39:10.844+0000] {processor.py:914} INFO - Processing file /opt/airflow/dags/dag_lakehouse_pipeline.py for tasks to queue
[2026-08-12T22:39:10.849+0000] {logging_mixin.py:190} INFO - [2026-08-12T22:39:10.849+0000] {dagbag.py:587} INFO - Filling up the DagBag from /opt/airflow/dags/dag_lakehouse_pipeline.py
[2026-08-12T22:39:10.891+0000] {processor.py:925} INFO - DAG(s) 'pipeline_lakehouse_medallion' retrieved from /opt/airflow/dags/dag_lakehouse_pipeline.py
[2026-08-12T22:39:10.936+0000] {logging_mixin.py:190} INFO - [2026-08-12T22:39:10.936+0000] {dag.py:3211} INFO - Sync 1 DAGs
[2026-08-12T22:39:10.958+0000] {logging_mixin.py:190} INFO - [2026-08-12T22:39:10.958+0000] {dag.py:4138} INFO - Setting next_dagrun for pipeline_lakehouse_medallion to None, run_after=None
[2026-08-12T22:39:11.005+0000] {processor.py:208} INFO - Processing /opt/airflow/dags/dag_lakehouse_pipeline.py took 0.173 seconds
[2026-08-12T22:39:41.635+0000] {processor.py:186} INFO - Started process (PID=458) to work on /opt/airflow/dags/dag_lakehouse_pipeline.py
[2026-08-12T22:39:41.637+0000] {processor.py:914} INFO - Processing file /opt/airflow/dags/dag_lakehouse_pipeline.py for tasks to queue
[2026-08-12T22:39:41.640+0000] {logging_mixin.py:190} INFO - [2026-08-12T22:39:41.640+0000] {dagbag.py:587} INFO - Filling up the DagBag from /opt/airflow/dags/dag_lakehouse_pipeline.py
[2026-08-12T22:39:41.672+0000] {processor.py:925} INFO - DAG(s) 'pipeline_lakehouse_medallion' retrieved from /opt/airflow/dags/dag_lakehouse_pipeline.py
[2026-08-12T22:39:41.706+0000] {logging_mixin.py:190} INFO - [2026-08-12T22:39:41.705+0000] {dag.py:3211} INFO - Sync 1 DAGs
[2026-08-12T22:39:41.725+0000] {logging_mixin.py:190} INFO - [2026-08-12T22:39:41.724+0000] {dag.py:4138} INFO - Setting next_dagrun for pipeline_lakehouse_medallion to None, run_after=None
[2026-08-12T22:39:41.769+0000] {processor.py:208} INFO - Processing /opt/airflow/dags/dag_lakehouse_pipeline.py took 0.141 seconds
[2026-08-12T22:40:12.407+0000] {processor.py:186} INFO - Started process (PID=468) to work on /opt/airflow/dags/dag_lakehouse_pipeline.py
[2026-08-12T22:40:12.410+0000] {processor.py:914} INFO - Processing file /opt/airflow/dags/dag_lakehouse_pipeline.py for tasks to queue
[2026-08-12T22:40:12.417+0000] {logging_mixin.py:190} INFO - [2026-08-12T22:40:12.416+0000] {dagbag.py:587} INFO - Filling up the DagBag from /opt/airflow/dags/dag_lakehouse_pipeline.py
[2026-08-12T22:40:12.468+0000] {processor.py:925} INFO - DAG(s) 'pipeline_lakehouse_medallion' retrieved from /opt/airflow/dags/dag_lakehouse_pipeline.py
[2026-08-12T22:40:12.521+0000] {logging_mixin.py:190} INFO - [2026-08-12T22:40:12.520+0000] {dag.py:3211} INFO - Sync 1 DAGs
[2026-08-12T22:40:12.548+0000] {logging_mixin.py:190} INFO - [2026-08-12T22:40:12.547+0000] {dag.py:4138} INFO - Setting next_dagrun for pipeline_lakehouse_medallion to None, run_after=None
[2026-08-12T22:40:12.609+0000] {processor.py:208} INFO - Processing /opt/airflow/dags/dag_lakehouse_pipeline.py took 0.213 seconds
[2026-08-12T22:40:42.726+0000] {processor.py:186} INFO - Started process (PID=477) to work on /opt/airflow/dags/dag_lakehouse_pipeline.py
[2026-08-12T22:40:42.728+0000] {processor.py:914} INFO - Processing file /opt/airflow/dags/dag_lakehouse_pipeline.py for tasks to queue
[2026-08-12T22:40:42.732+0000] {logging_mixin.py:190} INFO - [2026-08-12T22:40:42.731+0000] {dagbag.py:587} INFO - Filling up the DagBag from /opt/airflow/dags/dag_lakehouse_pipeline.py
[2026-08-12T22:40:42.777+0000] {processor.py:925} INFO - DAG(s) 'pipeline_lakehouse_medallion' retrieved from /opt/airflow/dags/dag_lakehouse_pipeline.py
[2026-08-12T22:40:42.823+0000] {logging_mixin.py:190} INFO - [2026-08-12T22:40:42.823+0000] {dag.py:3211} INFO - Sync 1 DAGs
[2026-08-12T22:40:42.849+0000] {logging_mixin.py:190} INFO - [2026-08-12T22:40:42.848+0000] {dag.py:4138} INFO - Setting next_dagrun for pipeline_lakehouse_medallion to None, run_after=None
[2026-08-12T22:40:43.147+0000] {processor.py:208} INFO - Processing /opt/airflow/dags/dag_lakehouse_pipeline.py took 0.429 seconds
[2026-08-12T22:41:13.664+0000] {processor.py:186} INFO - Started process (PID=487) to work on /opt/airflow/dags/dag_lakehouse_pipeline.py
[2026-08-12T22:41:13.667+0000] {processor.py:914} INFO - Processing file /opt/airflow/dags/dag_lakehouse_pipeline.py for tasks to queue
[2026-08-12T22:41:13.671+0000] {logging_mixin.py:190} INFO - [2026-08-12T22:41:13.671+0000] {dagbag.py:587} INFO - Filling up the DagBag from /opt/airflow/dags/dag_lakehouse_pipeline.py
[2026-08-12T22:41:13.717+0000] {processor.py:925} INFO - DAG(s) 'pipeline_lakehouse_medallion' retrieved from /opt/airflow/dags/dag_lakehouse_pipeline.py
[2026-08-12T22:41:13.759+0000] {logging_mixin.py:190} INFO - [2026-08-12T22:41:13.759+0000] {dag.py:3211} INFO - Sync 1 DAGs
[2026-08-12T22:41:13.964+0000] {logging_mixin.py:190} INFO - [2026-08-12T22:41:13.964+0000] {dag.py:4138} INFO - Setting next_dagrun for pipeline_lakehouse_medallion to None, run_after=None
[2026-08-12T22:41:14.006+0000] {processor.py:208} INFO - Processing /opt/airflow/dags/dag_lakehouse_pipeline.py took 0.351 seconds
[2026-08-12T22:41:44.537+0000] {processor.py:186} INFO - Started process (PID=497) to work on /opt/airflow/dags/dag_lakehouse_pipeline.py
[2026-08-12T22:41:44.540+0000] {processor.py:914} INFO - Processing file /opt/airflow/dags/dag_lakehouse_pipeline.py for tasks to queue
[2026-08-12T22:41:44.546+0000] {logging_mixin.py:190} INFO - [2026-08-12T22:41:44.545+0000] {dagbag.py:587} INFO - Filling up the DagBag from /opt/airflow/dags/dag_lakehouse_pipeline.py
[2026-08-12T22:41:44.600+0000] {processor.py:925} INFO - DAG(s) 'pipeline_lakehouse_medallion' retrieved from /opt/airflow/dags/dag_lakehouse_pipeline.py
[2026-08-12T22:41:44.664+0000] {logging_mixin.py:190} INFO - [2026-08-12T22:41:44.663+0000] {dag.py:3211} INFO - Sync 1 DAGs
[2026-08-12T22:41:44.694+0000] {logging_mixin.py:190} INFO - [2026-08-12T22:41:44.694+0000] {dag.py:4138} INFO - Setting next_dagrun for pipeline_lakehouse_medallion to None, run_after=None
[2026-08-12T22:41:44.760+0000] {processor.py:208} INFO - Processing /opt/airflow/dags/dag_lakehouse_pipeline.py took 0.234 seconds
[2026-08-12T22:42:15.374+0000] {processor.py:186} INFO - Started process (PID=500) to work on /opt/airflow/dags/dag_lakehouse_pipeline.py
[2026-08-12T22:42:15.376+0000] {processor.py:914} INFO - Processing file /opt/airflow/dags/dag_lakehouse_pipeline.py for tasks to queue
[2026-08-12T22:42:15.379+0000] {logging_mixin.py:190} INFO - [2026-08-12T22:42:15.378+0000] {dagbag.py:587} INFO - Filling up the DagBag from /opt/airflow/dags/dag_lakehouse_pipeline.py
[2026-08-12T22:42:15.413+0000] {processor.py:925} INFO - DAG(s) 'pipeline_lakehouse_medallion' retrieved from /opt/airflow/dags/dag_lakehouse_pipeline.py
[2026-08-12T22:42:15.450+0000] {logging_mixin.py:190} INFO - [2026-08-12T22:42:15.449+0000] {dag.py:3211} INFO - Sync 1 DAGs
[2026-08-12T22:42:15.470+0000] {logging_mixin.py:190} INFO - [2026-08-12T22:42:15.470+0000] {dag.py:4138} INFO - Setting next_dagrun for pipeline_lakehouse_medallion to None, run_after=None
[2026-08-12T22:42:15.499+0000] {processor.py:208} INFO - Processing /opt/airflow/dags/dag_lakehouse_pipeline.py took 0.132 seconds
[2026-08-12T22:42:46.234+0000] {processor.py:186} INFO - Started process (PID=515) to work on /opt/airflow/dags/dag_lakehouse_pipeline.py
[2026-08-12T22:42:46.240+0000] {processor.py:914} INFO - Processing file /opt/airflow/dags/dag_lakehouse_pipeline.py for tasks to queue
[2026-08-12T22:42:46.270+0000] {logging_mixin.py:190} INFO - [2026-08-12T22:42:46.260+0000] {dagbag.py:587} INFO - Filling up the DagBag from /opt/airflow/dags/dag_lakehouse_pipeline.py
[2026-08-12T22:42:46.473+0000] {processor.py:925} INFO - DAG(s) 'pipeline_lakehouse_medallion' retrieved from /opt/airflow/dags/dag_lakehouse_pipeline.py
[2026-08-12T22:42:46.679+0000] {logging_mixin.py:190} INFO - [2026-08-12T22:42:46.678+0000] {dag.py:3211} INFO - Sync 1 DAGs
[2026-08-12T22:42:46.797+0000] {logging_mixin.py:190} INFO - [2026-08-12T22:42:46.794+0000] {dag.py:4138} INFO - Setting next_dagrun for pipeline_lakehouse_medallion to None, run_after=None
[2026-08-12T22:42:46.940+0000] {processor.py:208} INFO - Processing /opt/airflow/dags/dag_lakehouse_pipeline.py took 0.771 seconds
[2026-08-12T22:43:17.585+0000] {processor.py:186} INFO - Started process (PID=525) to work on /opt/airflow/dags/dag_lakehouse_pipeline.py
[2026-08-12T22:43:17.595+0000] {processor.py:914} INFO - Processing file /opt/airflow/dags/dag_lakehouse_pipeline.py for tasks to queue
[2026-08-12T22:43:17.625+0000] {logging_mixin.py:190} INFO - [2026-08-12T22:43:17.623+0000] {dagbag.py:587} INFO - Filling up the DagBag from /opt/airflow/dags/dag_lakehouse_pipeline.py
[2026-08-12T22:43:17.838+0000] {processor.py:925} INFO - DAG(s) 'pipeline_lakehouse_medallion' retrieved from /opt/airflow/dags/dag_lakehouse_pipeline.py
[2026-08-12T22:43:18.255+0000] {logging_mixin.py:190} INFO - [2026-08-12T22:43:18.254+0000] {dag.py:3211} INFO - Sync 1 DAGs
[2026-08-12T22:43:18.392+0000] {logging_mixin.py:190} INFO - [2026-08-12T22:43:18.391+0000] {dag.py:4138} INFO - Setting next_dagrun for pipeline_lakehouse_medallion to None, run_after=None
[2026-08-12T22:43:18.597+0000] {processor.py:208} INFO - Processing /opt/airflow/dags/dag_lakehouse_pipeline.py took 1.097 seconds
[2026-08-12T22:43:49.097+0000] {processor.py:186} INFO - Started process (PID=535) to work on /opt/airflow/dags/dag_lakehouse_pipeline.py
[2026-08-12T22:43:49.103+0000] {processor.py:914} INFO - Processing file /opt/airflow/dags/dag_lakehouse_pipeline.py for tasks to queue
[2026-08-12T22:43:49.150+0000] {logging_mixin.py:190} INFO - [2026-08-12T22:43:49.148+0000] {dagbag.py:587} INFO - Filling up the DagBag from /opt/airflow/dags/dag_lakehouse_pipeline.py
[2026-08-12T22:43:49.296+0000] {processor.py:925} INFO - DAG(s) 'pipeline_lakehouse_medallion' retrieved from /opt/airflow/dags/dag_lakehouse_pipeline.py
[2026-08-12T22:43:49.641+0000] {logging_mixin.py:190} INFO - [2026-08-12T22:43:49.639+0000] {dag.py:3211} INFO - Sync 1 DAGs
[2026-08-12T22:43:50.793+0000] {logging_mixin.py:190} INFO - [2026-08-12T22:43:50.791+0000] {dag.py:4138} INFO - Setting next_dagrun for pipeline_lakehouse_medallion to None, run_after=None
[2026-08-12T22:43:50.922+0000] {processor.py:208} INFO - Processing /opt/airflow/dags/dag_lakehouse_pipeline.py took 1.914 seconds
[2026-08-12T22:44:21.428+0000] {processor.py:186} INFO - Started process (PID=545) to work on /opt/airflow/dags/dag_lakehouse_pipeline.py
[2026-08-12T22:44:21.433+0000] {processor.py:914} INFO - Processing file /opt/airflow/dags/dag_lakehouse_pipeline.py for tasks to queue
[2026-08-12T22:44:21.453+0000] {logging_mixin.py:190} INFO - [2026-08-12T22:44:21.451+0000] {dagbag.py:587} INFO - Filling up the DagBag from /opt/airflow/dags/dag_lakehouse_pipeline.py
[2026-08-12T22:44:21.611+0000] {processor.py:925} INFO - DAG(s) 'pipeline_lakehouse_medallion' retrieved from /opt/airflow/dags/dag_lakehouse_pipeline.py
[2026-08-12T22:44:22.309+0000] {logging_mixin.py:190} INFO - [2026-08-12T22:44:22.308+0000] {dag.py:3211} INFO - Sync 1 DAGs
[2026-08-12T22:44:22.372+0000] {logging_mixin.py:190} INFO - [2026-08-12T22:44:22.371+0000] {dag.py:4138} INFO - Setting next_dagrun for pipeline_lakehouse_medallion to None, run_after=None
[2026-08-12T22:44:22.476+0000] {processor.py:208} INFO - Processing /opt/airflow/dags/dag_lakehouse_pipeline.py took 1.081 seconds
[2026-08-12T22:44:53.468+0000] {processor.py:186} INFO - Started process (PID=548) to work on /opt/airflow/dags/dag_lakehouse_pipeline.py
[2026-08-12T22:44:53.470+0000] {processor.py:914} INFO - Processing file /opt/airflow/dags/dag_lakehouse_pipeline.py for tasks to queue
[2026-08-12T22:44:53.477+0000] {logging_mixin.py:190} INFO - [2026-08-12T22:44:53.476+0000] {dagbag.py:587} INFO - Filling up the DagBag from /opt/airflow/dags/dag_lakehouse_pipeline.py
[2026-08-12T22:44:53.555+0000] {processor.py:925} INFO - DAG(s) 'pipeline_lakehouse_medallion' retrieved from /opt/airflow/dags/dag_lakehouse_pipeline.py
[2026-08-12T22:44:53.677+0000] {logging_mixin.py:190} INFO - [2026-08-12T22:44:53.676+0000] {dag.py:3211} INFO - Sync 1 DAGs
[2026-08-12T22:44:53.739+0000] {logging_mixin.py:190} INFO - [2026-08-12T22:44:53.738+0000] {dag.py:4138} INFO - Setting next_dagrun for pipeline_lakehouse_medallion to None, run_after=None
[2026-08-12T22:44:53.823+0000] {processor.py:208} INFO - Processing /opt/airflow/dags/dag_lakehouse_pipeline.py took 0.371 seconds
[2026-08-12T22:45:24.084+0000] {processor.py:186} INFO - Started process (PID=558) to work on /opt/airflow/dags/dag_lakehouse_pipeline.py
[2026-08-12T22:45:24.085+0000] {processor.py:914} INFO - Processing file /opt/airflow/dags/dag_lakehouse_pipeline.py for tasks to queue
[2026-08-12T22:45:24.088+0000] {logging_mixin.py:190} INFO - [2026-08-12T22:45:24.088+0000] {dagbag.py:587} INFO - Filling up the DagBag from /opt/airflow/dags/dag_lakehouse_pipeline.py
[2026-08-12T22:45:24.119+0000] {processor.py:925} INFO - DAG(s) 'pipeline_lakehouse_medallion' retrieved from /opt/airflow/dags/dag_lakehouse_pipeline.py
[2026-08-12T22:45:24.156+0000] {logging_mixin.py:190} INFO - [2026-08-12T22:45:24.156+0000] {dag.py:3211} INFO - Sync 1 DAGs
[2026-08-12T22:45:24.174+0000] {logging_mixin.py:190} INFO - [2026-08-12T22:45:24.173+0000] {dag.py:4138} INFO - Setting next_dagrun for pipeline_lakehouse_medallion to None, run_after=None
[2026-08-12T22:45:24.214+0000] {processor.py:208} INFO - Processing /opt/airflow/dags/dag_lakehouse_pipeline.py took 0.137 seconds
[2026-08-12T22:45:54.673+0000] {processor.py:186} INFO - Started process (PID=568) to work on /opt/airflow/dags/dag_lakehouse_pipeline.py
[2026-08-12T22:45:54.675+0000] {processor.py:914} INFO - Processing file /opt/airflow/dags/dag_lakehouse_pipeline.py for tasks to queue
[2026-08-12T22:45:54.678+0000] {logging_mixin.py:190} INFO - [2026-08-12T22:45:54.678+0000] {dagbag.py:587} INFO - Filling up the DagBag from /opt/airflow/dags/dag_lakehouse_pipeline.py
[2026-08-12T22:45:54.715+0000] {processor.py:925} INFO - DAG(s) 'pipeline_lakehouse_medallion' retrieved from /opt/airflow/dags/dag_lakehouse_pipeline.py
[2026-08-12T22:45:54.745+0000] {logging_mixin.py:190} INFO - [2026-08-12T22:45:54.745+0000] {dag.py:3211} INFO - Sync 1 DAGs
[2026-08-12T22:45:54.760+0000] {logging_mixin.py:190} INFO - [2026-08-12T22:45:54.760+0000] {dag.py:4138} INFO - Setting next_dagrun for pipeline_lakehouse_medallion to None, run_after=None
[2026-08-12T22:45:54.780+0000] {processor.py:208} INFO - Processing /opt/airflow/dags/dag_lakehouse_pipeline.py took 0.113 seconds
[2026-08-12T22:46:24.944+0000] {processor.py:186} INFO - Started process (PID=578) to work on /opt/airflow/dags/dag_lakehouse_pipeline.py
[2026-08-12T22:46:24.945+0000] {processor.py:914} INFO - Processing file /opt/airflow/dags/dag_lakehouse_pipeline.py for tasks to queue
[2026-08-12T22:46:24.950+0000] {logging_mixin.py:190} INFO - [2026-08-12T22:46:24.949+0000] {dagbag.py:587} INFO - Filling up the DagBag from /opt/airflow/dags/dag_lakehouse_pipeline.py
[2026-08-12T22:46:24.981+0000] {processor.py:925} INFO - DAG(s) 'pipeline_lakehouse_medallion' retrieved from /opt/airflow/dags/dag_lakehouse_pipeline.py
[2026-08-12T22:46:25.018+0000] {logging_mixin.py:190} INFO - [2026-08-12T22:46:25.018+0000] {dag.py:3211} INFO - Sync 1 DAGs
[2026-08-12T22:46:25.036+0000] {logging_mixin.py:190} INFO - [2026-08-12T22:46:25.036+0000] {dag.py:4138} INFO - Setting next_dagrun for pipeline_lakehouse_medallion to None, run_after=None
[2026-08-12T22:46:25.263+0000] {processor.py:208} INFO - Processing /opt/airflow/dags/dag_lakehouse_pipeline.py took 0.327 seconds
[2026-08-12T22:46:55.656+0000] {processor.py:186} INFO - Started process (PID=588) to work on /opt/airflow/dags/dag_lakehouse_pipeline.py
[2026-08-12T22:46:55.659+0000] {processor.py:914} INFO - Processing file /opt/airflow/dags/dag_lakehouse_pipeline.py for tasks to queue
[2026-08-12T22:46:55.664+0000] {logging_mixin.py:190} INFO - [2026-08-12T22:46:55.663+0000] {dagbag.py:587} INFO - Filling up the DagBag from /opt/airflow/dags/dag_lakehouse_pipeline.py
[2026-08-12T22:46:55.709+0000] {processor.py:925} INFO - DAG(s) 'pipeline_lakehouse_medallion' retrieved from /opt/airflow/dags/dag_lakehouse_pipeline.py
[2026-08-12T22:46:55.756+0000] {logging_mixin.py:190} INFO - [2026-08-12T22:46:55.756+0000] {dag.py:3211} INFO - Sync 1 DAGs
[2026-08-12T22:46:55.988+0000] {logging_mixin.py:190} INFO - [2026-08-12T22:46:55.988+0000] {dag.py:4138} INFO - Setting next_dagrun for pipeline_lakehouse_medallion to None, run_after=None
[2026-08-12T22:46:56.037+0000] {processor.py:208} INFO - Processing /opt/airflow/dags/dag_lakehouse_pipeline.py took 0.391 seconds
[2026-08-12T22:47:26.252+0000] {processor.py:186} INFO - Started process (PID=597) to work on /opt/airflow/dags/dag_lakehouse_pipeline.py
[2026-08-12T22:47:26.255+0000] {processor.py:914} INFO - Processing file /opt/airflow/dags/dag_lakehouse_pipeline.py for tasks to queue
[2026-08-12T22:47:26.263+0000] {logging_mixin.py:190} INFO - [2026-08-12T22:47:26.262+0000] {dagbag.py:587} INFO - Filling up the DagBag from /opt/airflow/dags/dag_lakehouse_pipeline.py
[2026-08-12T22:47:26.313+0000] {processor.py:925} INFO - DAG(s) 'pipeline_lakehouse_medallion' retrieved from /opt/airflow/dags/dag_lakehouse_pipeline.py
[2026-08-12T22:47:26.727+0000] {logging_mixin.py:190} INFO - [2026-08-12T22:47:26.726+0000] {dag.py:3211} INFO - Sync 1 DAGs
[2026-08-12T22:47:26.755+0000] {logging_mixin.py:190} INFO - [2026-08-12T22:47:26.754+0000] {dag.py:4138} INFO - Setting next_dagrun for pipeline_lakehouse_medallion to None, run_after=None
[2026-08-12T22:47:26.827+0000] {processor.py:208} INFO - Processing /opt/airflow/dags/dag_lakehouse_pipeline.py took 0.593 seconds
[2026-08-12T22:47:57.172+0000] {processor.py:186} INFO - Started process (PID=608) to work on /opt/airflow/dags/dag_lakehouse_pipeline.py
[2026-08-12T22:47:57.173+0000] {processor.py:914} INFO - Processing file /opt/airflow/dags/dag_lakehouse_pipeline.py for tasks to queue
[2026-08-12T22:47:57.176+0000] {logging_mixin.py:190} INFO - [2026-08-12T22:47:57.176+0000] {dagbag.py:587} INFO - Filling up the DagBag from /opt/airflow/dags/dag_lakehouse_pipeline.py
[2026-08-12T22:47:57.203+0000] {processor.py:925} INFO - DAG(s) 'pipeline_lakehouse_medallion' retrieved from /opt/airflow/dags/dag_lakehouse_pipeline.py
[2026-08-12T22:47:57.226+0000] {logging_mixin.py:190} INFO - [2026-08-12T22:47:57.226+0000] {dag.py:3211} INFO - Sync 1 DAGs
[2026-08-12T22:47:57.238+0000] {logging_mixin.py:190} INFO - [2026-08-12T22:47:57.238+0000] {dag.py:4138} INFO - Setting next_dagrun for pipeline_lakehouse_medallion to None, run_after=None
[2026-08-12T22:47:57.273+0000] {processor.py:208} INFO - Processing /opt/airflow/dags/dag_lakehouse_pipeline.py took 0.107 seconds
[2026-08-12T22:48:28.435+0000] {processor.py:186} INFO - Started process (PID=618) to work on /opt/airflow/dags/dag_lakehouse_pipeline.py
[2026-08-12T22:48:28.445+0000] {processor.py:914} INFO - Processing file /opt/airflow/dags/dag_lakehouse_pipeline.py for tasks to queue
[2026-08-12T22:48:28.458+0000] {logging_mixin.py:190} INFO - [2026-08-12T22:48:28.457+0000] {dagbag.py:587} INFO - Filling up the DagBag from /opt/airflow/dags/dag_lakehouse_pipeline.py
[2026-08-12T22:48:28.551+0000] {processor.py:925} INFO - DAG(s) 'pipeline_lakehouse_medallion' retrieved from /opt/airflow/dags/dag_lakehouse_pipeline.py
[2026-08-12T22:48:28.644+0000] {logging_mixin.py:190} INFO - [2026-08-12T22:48:28.643+0000] {dag.py:3211} INFO - Sync 1 DAGs
[2026-08-12T22:48:28.684+0000] {logging_mixin.py:190} INFO - [2026-08-12T22:48:28.684+0000] {dag.py:4138} INFO - Setting next_dagrun for pipeline_lakehouse_medallion to None, run_after=None
[2026-08-12T22:48:28.738+0000] {processor.py:208} INFO - Processing /opt/airflow/dags/dag_lakehouse_pipeline.py took 0.326 seconds
[2026-08-12T22:48:59.263+0000] {processor.py:186} INFO - Started process (PID=628) to work on /opt/airflow/dags/dag_lakehouse_pipeline.py
[2026-08-12T22:48:59.266+0000] {processor.py:914} INFO - Processing file /opt/airflow/dags/dag_lakehouse_pipeline.py for tasks to queue
[2026-08-12T22:48:59.275+0000] {logging_mixin.py:190} INFO - [2026-08-12T22:48:59.274+0000] {dagbag.py:587} INFO - Filling up the DagBag from /opt/airflow/dags/dag_lakehouse_pipeline.py
[2026-08-12T22:48:59.380+0000] {processor.py:925} INFO - DAG(s) 'pipeline_lakehouse_medallion' retrieved from /opt/airflow/dags/dag_lakehouse_pipeline.py
[2026-08-12T22:48:59.512+0000] {logging_mixin.py:190} INFO - [2026-08-12T22:48:59.510+0000] {dag.py:3211} INFO - Sync 1 DAGs
[2026-08-12T22:48:59.573+0000] {logging_mixin.py:190} INFO - [2026-08-12T22:48:59.572+0000] {dag.py:4138} INFO - Setting next_dagrun for pipeline_lakehouse_medallion to None, run_after=None
[2026-08-12T22:48:59.676+0000] {processor.py:208} INFO - Processing /opt/airflow/dags/dag_lakehouse_pipeline.py took 0.436 seconds
[2026-08-12T22:49:30.059+0000] {processor.py:186} INFO - Started process (PID=631) to work on /opt/airflow/dags/dag_lakehouse_pipeline.py
[2026-08-12T22:49:30.066+0000] {processor.py:914} INFO - Processing file /opt/airflow/dags/dag_lakehouse_pipeline.py for tasks to queue
[2026-08-12T22:49:30.077+0000] {logging_mixin.py:190} INFO - [2026-08-12T22:49:30.075+0000] {dagbag.py:587} INFO - Filling up the DagBag from /opt/airflow/dags/dag_lakehouse_pipeline.py
[2026-08-12T22:49:30.166+0000] {processor.py:925} INFO - DAG(s) 'pipeline_lakehouse_medallion' retrieved from /opt/airflow/dags/dag_lakehouse_pipeline.py
[2026-08-12T22:49:30.273+0000] {logging_mixin.py:190} INFO - [2026-08-12T22:49:30.273+0000] {dag.py:3211} INFO - Sync 1 DAGs
[2026-08-12T22:49:30.673+0000] {logging_mixin.py:190} INFO - [2026-08-12T22:49:30.673+0000] {dag.py:4138} INFO - Setting next_dagrun for pipeline_lakehouse_medallion to None, run_after=None
[2026-08-12T22:49:30.732+0000] {processor.py:208} INFO - Processing /opt/airflow/dags/dag_lakehouse_pipeline.py took 0.701 seconds
[2026-08-12T22:50:01.319+0000] {processor.py:186} INFO - Started process (PID=641) to work on /opt/airflow/dags/dag_lakehouse_pipeline.py
[2026-08-12T22:50:01.321+0000] {processor.py:914} INFO - Processing file /opt/airflow/dags/dag_lakehouse_pipeline.py for tasks to queue
[2026-08-12T22:50:01.323+0000] {logging_mixin.py:190} INFO - [2026-08-12T22:50:01.323+0000] {dagbag.py:587} INFO - Filling up the DagBag from /opt/airflow/dags/dag_lakehouse_pipeline.py
[2026-08-12T22:50:01.349+0000] {processor.py:925} INFO - DAG(s) 'pipeline_lakehouse_medallion' retrieved from /opt/airflow/dags/dag_lakehouse_pipeline.py
[2026-08-12T22:50:01.381+0000] {logging_mixin.py:190} INFO - [2026-08-12T22:50:01.381+0000] {dag.py:3211} INFO - Sync 1 DAGs
[2026-08-12T22:50:01.516+0000] {logging_mixin.py:190} INFO - [2026-08-12T22:50:01.516+0000] {dag.py:4138} INFO - Setting next_dagrun for pipeline_lakehouse_medallion to None, run_after=None
[2026-08-12T22:50:01.549+0000] {processor.py:208} INFO - Processing /opt/airflow/dags/dag_lakehouse_pipeline.py took 0.235 seconds
[2026-08-12T22:50:31.845+0000] {processor.py:186} INFO - Started process (PID=651) to work on /opt/airflow/dags/dag_lakehouse_pipeline.py
[2026-08-12T22:50:31.846+0000] {processor.py:914} INFO - Processing file /opt/airflow/dags/dag_lakehouse_pipeline.py for tasks to queue
[2026-08-12T22:50:31.850+0000] {logging_mixin.py:190} INFO - [2026-08-12T22:50:31.850+0000] {dagbag.py:587} INFO - Filling up the DagBag from /opt/airflow/dags/dag_lakehouse_pipeline.py
[2026-08-12T22:50:31.885+0000] {processor.py:925} INFO - DAG(s) 'pipeline_lakehouse_medallion' retrieved from /opt/airflow/dags/dag_lakehouse_pipeline.py
[2026-08-12T22:50:31.920+0000] {logging_mixin.py:190} INFO - [2026-08-12T22:50:31.920+0000] {dag.py:3211} INFO - Sync 1 DAGs
[2026-08-12T22:50:31.936+0000] {logging_mixin.py:190} INFO - [2026-08-12T22:50:31.936+0000] {dag.py:4138} INFO - Setting next_dagrun for pipeline_lakehouse_medallion to None, run_after=None
[2026-08-12T22:50:31.979+0000] {processor.py:208} INFO - Processing /opt/airflow/dags/dag_lakehouse_pipeline.py took 0.141 seconds
[2026-08-12T22:51:02.136+0000] {processor.py:186} INFO - Started process (PID=661) to work on /opt/airflow/dags/dag_lakehouse_pipeline.py
[2026-08-12T22:51:02.138+0000] {processor.py:914} INFO - Processing file /opt/airflow/dags/dag_lakehouse_pipeline.py for tasks to queue
[2026-08-12T22:51:02.144+0000] {logging_mixin.py:190} INFO - [2026-08-12T22:51:02.143+0000] {dagbag.py:587} INFO - Filling up the DagBag from /opt/airflow/dags/dag_lakehouse_pipeline.py
[2026-08-12T22:51:02.183+0000] {processor.py:925} INFO - DAG(s) 'pipeline_lakehouse_medallion' retrieved from /opt/airflow/dags/dag_lakehouse_pipeline.py
[2026-08-12T22:51:02.227+0000] {logging_mixin.py:190} INFO - [2026-08-12T22:51:02.227+0000] {dag.py:3211} INFO - Sync 1 DAGs
[2026-08-12T22:51:02.249+0000] {logging_mixin.py:190} INFO - [2026-08-12T22:51:02.248+0000] {dag.py:4138} INFO - Setting next_dagrun for pipeline_lakehouse_medallion to None, run_after=None
[2026-08-12T22:51:02.293+0000] {processor.py:208} INFO - Processing /opt/airflow/dags/dag_lakehouse_pipeline.py took 0.168 seconds
[2026-08-12T22:51:32.775+0000] {processor.py:186} INFO - Started process (PID=671) to work on /opt/airflow/dags/dag_lakehouse_pipeline.py
[2026-08-12T22:51:32.776+0000] {processor.py:914} INFO - Processing file /opt/airflow/dags/dag_lakehouse_pipeline.py for tasks to queue
[2026-08-12T22:51:32.779+0000] {logging_mixin.py:190} INFO - [2026-08-12T22:51:32.778+0000] {dagbag.py:587} INFO - Filling up the DagBag from /opt/airflow/dags/dag_lakehouse_pipeline.py
[2026-08-12T22:51:32.808+0000] {processor.py:925} INFO - DAG(s) 'pipeline_lakehouse_medallion' retrieved from /opt/airflow/dags/dag_lakehouse_pipeline.py
[2026-08-12T22:51:32.833+0000] {logging_mixin.py:190} INFO - [2026-08-12T22:51:32.833+0000] {dag.py:3211} INFO - Sync 1 DAGs
[2026-08-12T22:51:32.844+0000] {logging_mixin.py:190} INFO - [2026-08-12T22:51:32.844+0000] {dag.py:4138} INFO - Setting next_dagrun for pipeline_lakehouse_medallion to None, run_after=None
[2026-08-12T22:51:32.880+0000] {processor.py:208} INFO - Processing /opt/airflow/dags/dag_lakehouse_pipeline.py took 0.110 seconds
[2026-08-12T22:52:03.263+0000] {processor.py:186} INFO - Started process (PID=682) to work on /opt/airflow/dags/dag_lakehouse_pipeline.py
[2026-08-12T22:52:03.264+0000] {processor.py:914} INFO - Processing file /opt/airflow/dags/dag_lakehouse_pipeline.py for tasks to queue
[2026-08-12T22:52:03.266+0000] {logging_mixin.py:190} INFO - [2026-08-12T22:52:03.266+0000] {dagbag.py:587} INFO - Filling up the DagBag from /opt/airflow/dags/dag_lakehouse_pipeline.py
[2026-08-12T22:52:03.291+0000] {processor.py:925} INFO - DAG(s) 'pipeline_lakehouse_medallion' retrieved from /opt/airflow/dags/dag_lakehouse_pipeline.py
[2026-08-12T22:52:03.314+0000] {logging_mixin.py:190} INFO - [2026-08-12T22:52:03.314+0000] {dag.py:3211} INFO - Sync 1 DAGs
[2026-08-12T22:52:03.324+0000] {logging_mixin.py:190} INFO - [2026-08-12T22:52:03.324+0000] {dag.py:4138} INFO - Setting next_dagrun for pipeline_lakehouse_medallion to None, run_after=None
[2026-08-12T22:52:03.481+0000] {processor.py:208} INFO - Processing /opt/airflow/dags/dag_lakehouse_pipeline.py took 0.223 seconds
[2026-08-12T22:52:33.902+0000] {processor.py:186} INFO - Started process (PID=692) to work on /opt/airflow/dags/dag_lakehouse_pipeline.py
[2026-08-12T22:52:33.903+0000] {processor.py:914} INFO - Processing file /opt/airflow/dags/dag_lakehouse_pipeline.py for tasks to queue
[2026-08-12T22:52:33.906+0000] {logging_mixin.py:190} INFO - [2026-08-12T22:52:33.906+0000] {dagbag.py:587} INFO - Filling up the DagBag from /opt/airflow/dags/dag_lakehouse_pipeline.py
[2026-08-12T22:52:33.937+0000] {processor.py:925} INFO - DAG(s) 'pipeline_lakehouse_medallion' retrieved from /opt/airflow/dags/dag_lakehouse_pipeline.py
[2026-08-12T22:52:33.959+0000] {logging_mixin.py:190} INFO - [2026-08-12T22:52:33.959+0000] {dag.py:3211} INFO - Sync 1 DAGs
[2026-08-12T22:52:34.094+0000] {logging_mixin.py:190} INFO - [2026-08-12T22:52:34.094+0000] {dag.py:4138} INFO - Setting next_dagrun for pipeline_lakehouse_medallion to None, run_after=None
[2026-08-12T22:52:34.138+0000] {processor.py:208} INFO - Processing /opt/airflow/dags/dag_lakehouse_pipeline.py took 0.241 seconds
[2026-08-12T22:53:04.547+0000] {processor.py:186} INFO - Started process (PID=702) to work on /opt/airflow/dags/dag_lakehouse_pipeline.py
[2026-08-12T22:53:04.549+0000] {processor.py:914} INFO - Processing file /opt/airflow/dags/dag_lakehouse_pipeline.py for tasks to queue
[2026-08-12T22:53:04.553+0000] {logging_mixin.py:190} INFO - [2026-08-12T22:53:04.552+0000] {dagbag.py:587} INFO - Filling up the DagBag from /opt/airflow/dags/dag_lakehouse_pipeline.py
[2026-08-12T22:53:04.581+0000] {processor.py:925} INFO - DAG(s) 'pipeline_lakehouse_medallion' retrieved from /opt/airflow/dags/dag_lakehouse_pipeline.py
[2026-08-12T22:53:04.789+0000] {logging_mixin.py:190} INFO - [2026-08-12T22:53:04.789+0000] {dag.py:3211} INFO - Sync 1 DAGs
[2026-08-12T22:53:04.802+0000] {logging_mixin.py:190} INFO - [2026-08-12T22:53:04.802+0000] {dag.py:4138} INFO - Setting next_dagrun for pipeline_lakehouse_medallion to None, run_after=None
[2026-08-12T22:53:04.841+0000] {processor.py:208} INFO - Processing /opt/airflow/dags/dag_lakehouse_pipeline.py took 0.302 seconds
[2026-08-12T22:53:35.469+0000] {processor.py:186} INFO - Started process (PID=712) to work on /opt/airflow/dags/dag_lakehouse_pipeline.py
[2026-08-12T22:53:35.471+0000] {processor.py:914} INFO - Processing file /opt/airflow/dags/dag_lakehouse_pipeline.py for tasks to queue
[2026-08-12T22:53:35.475+0000] {logging_mixin.py:190} INFO - [2026-08-12T22:53:35.474+0000] {dagbag.py:587} INFO - Filling up the DagBag from /opt/airflow/dags/dag_lakehouse_pipeline.py
[2026-08-12T22:53:35.509+0000] {processor.py:925} INFO - DAG(s) 'pipeline_lakehouse_medallion' retrieved from /opt/airflow/dags/dag_lakehouse_pipeline.py
[2026-08-12T22:53:35.547+0000] {logging_mixin.py:190} INFO - [2026-08-12T22:53:35.546+0000] {dag.py:3211} INFO - Sync 1 DAGs
[2026-08-12T22:53:35.565+0000] {logging_mixin.py:190} INFO - [2026-08-12T22:53:35.565+0000] {dag.py:4138} INFO - Setting next_dagrun for pipeline_lakehouse_medallion to None, run_after=None
[2026-08-12T22:53:35.605+0000] {processor.py:208} INFO - Processing /opt/airflow/dags/dag_lakehouse_pipeline.py took 0.144 seconds
[2026-08-12T22:54:05.949+0000] {processor.py:186} INFO - Started process (PID=722) to work on /opt/airflow/dags/dag_lakehouse_pipeline.py
[2026-08-12T22:54:05.951+0000] {processor.py:914} INFO - Processing file /opt/airflow/dags/dag_lakehouse_pipeline.py for tasks to queue
[2026-08-12T22:54:05.955+0000] {logging_mixin.py:190} INFO - [2026-08-12T22:54:05.955+0000] {dagbag.py:587} INFO - Filling up the DagBag from /opt/airflow/dags/dag_lakehouse_pipeline.py
[2026-08-12T22:54:05.986+0000] {processor.py:925} INFO - DAG(s) 'pipeline_lakehouse_medallion' retrieved from /opt/airflow/dags/dag_lakehouse_pipeline.py
[2026-08-12T22:54:06.013+0000] {logging_mixin.py:190} INFO - [2026-08-12T22:54:06.013+0000] {dag.py:3211} INFO - Sync 1 DAGs
[2026-08-12T22:54:06.026+0000] {logging_mixin.py:190} INFO - [2026-08-12T22:54:06.026+0000] {dag.py:4138} INFO - Setting next_dagrun for pipeline_lakehouse_medallion to None, run_after=None
[2026-08-12T22:54:06.045+0000] {processor.py:208} INFO - Processing /opt/airflow/dags/dag_lakehouse_pipeline.py took 0.104 seconds
[2026-08-12T22:54:36.521+0000] {processor.py:186} INFO - Started process (PID=732) to work on /opt/airflow/dags/dag_lakehouse_pipeline.py
[2026-08-12T22:54:36.523+0000] {processor.py:914} INFO - Processing file /opt/airflow/dags/dag_lakehouse_pipeline.py for tasks to queue
[2026-08-12T22:54:36.527+0000] {logging_mixin.py:190} INFO - [2026-08-12T22:54:36.527+0000] {dagbag.py:587} INFO - Filling up the DagBag from /opt/airflow/dags/dag_lakehouse_pipeline.py
[2026-08-12T22:54:36.556+0000] {processor.py:925} INFO - DAG(s) 'pipeline_lakehouse_medallion' retrieved from /opt/airflow/dags/dag_lakehouse_pipeline.py
[2026-08-12T22:54:36.587+0000] {logging_mixin.py:190} INFO - [2026-08-12T22:54:36.587+0000] {dag.py:3211} INFO - Sync 1 DAGs
[2026-08-12T22:54:36.605+0000] {logging_mixin.py:190} INFO - [2026-08-12T22:54:36.604+0000] {dag.py:4138} INFO - Setting next_dagrun for pipeline_lakehouse_medallion to None, run_after=None
[2026-08-12T22:54:36.644+0000] {processor.py:208} INFO - Processing /opt/airflow/dags/dag_lakehouse_pipeline.py took 0.128 seconds
[2026-08-12T22:55:07.402+0000] {processor.py:186} INFO - Started process (PID=735) to work on /opt/airflow/dags/dag_lakehouse_pipeline.py
[2026-08-12T22:55:07.405+0000] {processor.py:914} INFO - Processing file /opt/airflow/dags/dag_lakehouse_pipeline.py for tasks to queue
[2026-08-12T22:55:07.414+0000] {logging_mixin.py:190} INFO - [2026-08-12T22:55:07.412+0000] {dagbag.py:587} INFO - Filling up the DagBag from /opt/airflow/dags/dag_lakehouse_pipeline.py
[2026-08-12T22:55:07.472+0000] {processor.py:925} INFO - DAG(s) 'pipeline_lakehouse_medallion' retrieved from /opt/airflow/dags/dag_lakehouse_pipeline.py
[2026-08-12T22:55:07.540+0000] {logging_mixin.py:190} INFO - [2026-08-12T22:55:07.540+0000] {dag.py:3211} INFO - Sync 1 DAGs
[2026-08-12T22:55:07.575+0000] {logging_mixin.py:190} INFO - [2026-08-12T22:55:07.575+0000] {dag.py:4138} INFO - Setting next_dagrun for pipeline_lakehouse_medallion to None, run_after=None
[2026-08-12T22:55:07.871+0000] {processor.py:208} INFO - Processing /opt/airflow/dags/dag_lakehouse_pipeline.py took 0.483 seconds
[2026-08-12T22:55:38.195+0000] {processor.py:186} INFO - Started process (PID=745) to work on /opt/airflow/dags/dag_lakehouse_pipeline.py
[2026-08-12T22:55:38.198+0000] {processor.py:914} INFO - Processing file /opt/airflow/dags/dag_lakehouse_pipeline.py for tasks to queue
[2026-08-12T22:55:38.205+0000] {logging_mixin.py:190} INFO - [2026-08-12T22:55:38.204+0000] {dagbag.py:587} INFO - Filling up the DagBag from /opt/airflow/dags/dag_lakehouse_pipeline.py
[2026-08-12T22:55:38.292+0000] {processor.py:925} INFO - DAG(s) 'pipeline_lakehouse_medallion' retrieved from /opt/airflow/dags/dag_lakehouse_pipeline.py
[2026-08-12T22:55:38.459+0000] {logging_mixin.py:190} INFO - [2026-08-12T22:55:38.456+0000] {dag.py:3211} INFO - Sync 1 DAGs
[2026-08-12T22:55:39.008+0000] {logging_mixin.py:190} INFO - [2026-08-12T22:55:39.007+0000] {dag.py:4138} INFO - Setting next_dagrun for pipeline_lakehouse_medallion to None, run_after=None
[2026-08-12T22:55:39.085+0000] {processor.py:208} INFO - Processing /opt/airflow/dags/dag_lakehouse_pipeline.py took 0.909 seconds
[2026-08-12T22:56:09.349+0000] {processor.py:186} INFO - Started process (PID=756) to work on /opt/airflow/dags/dag_lakehouse_pipeline.py
[2026-08-12T22:56:09.353+0000] {processor.py:914} INFO - Processing file /opt/airflow/dags/dag_lakehouse_pipeline.py for tasks to queue
[2026-08-12T22:56:09.364+0000] {logging_mixin.py:190} INFO - [2026-08-12T22:56:09.362+0000] {dagbag.py:587} INFO - Filling up the DagBag from /opt/airflow/dags/dag_lakehouse_pipeline.py
[2026-08-12T22:56:09.475+0000] {processor.py:925} INFO - DAG(s) 'pipeline_lakehouse_medallion' retrieved from /opt/airflow/dags/dag_lakehouse_pipeline.py
[2026-08-12T22:56:09.965+0000] {logging_mixin.py:190} INFO - [2026-08-12T22:56:09.963+0000] {dag.py:3211} INFO - Sync 1 DAGs
[2026-08-12T22:56:10.019+0000] {logging_mixin.py:190} INFO - [2026-08-12T22:56:10.018+0000] {dag.py:4138} INFO - Setting next_dagrun for pipeline_lakehouse_medallion to None, run_after=None
[2026-08-12T22:56:10.095+0000] {processor.py:208} INFO - Processing /opt/airflow/dags/dag_lakehouse_pipeline.py took 0.778 seconds
[2026-08-12T22:56:40.276+0000] {processor.py:186} INFO - Started process (PID=767) to work on /opt/airflow/dags/dag_lakehouse_pipeline.py
[2026-08-12T22:56:40.282+0000] {processor.py:914} INFO - Processing file /opt/airflow/dags/dag_lakehouse_pipeline.py for tasks to queue
[2026-08-12T22:56:40.298+0000] {logging_mixin.py:190} INFO - [2026-08-12T22:56:40.295+0000] {dagbag.py:587} INFO - Filling up the DagBag from /opt/airflow/dags/dag_lakehouse_pipeline.py
[2026-08-12T22:56:40.425+0000] {processor.py:925} INFO - DAG(s) 'pipeline_lakehouse_medallion' retrieved from /opt/airflow/dags/dag_lakehouse_pipeline.py
[2026-08-12T22:56:40.606+0000] {logging_mixin.py:190} INFO - [2026-08-12T22:56:40.604+0000] {dag.py:3211} INFO - Sync 1 DAGs
[2026-08-12T22:56:40.668+0000] {logging_mixin.py:190} INFO - [2026-08-12T22:56:40.667+0000] {dag.py:4138} INFO - Setting next_dagrun for pipeline_lakehouse_medallion to None, run_after=None
[2026-08-12T22:56:40.776+0000] {processor.py:208} INFO - Processing /opt/airflow/dags/dag_lakehouse_pipeline.py took 0.532 seconds
[2026-08-12T22:57:11.576+0000] {processor.py:186} INFO - Started process (PID=776) to work on /opt/airflow/dags/dag_lakehouse_pipeline.py
[2026-08-12T22:57:11.579+0000] {processor.py:914} INFO - Processing file /opt/airflow/dags/dag_lakehouse_pipeline.py for tasks to queue
[2026-08-12T22:57:11.591+0000] {logging_mixin.py:190} INFO - [2026-08-12T22:57:11.589+0000] {dagbag.py:587} INFO - Filling up the DagBag from /opt/airflow/dags/dag_lakehouse_pipeline.py
[2026-08-12T22:57:11.676+0000] {processor.py:925} INFO - DAG(s) 'pipeline_lakehouse_medallion' retrieved from /opt/airflow/dags/dag_lakehouse_pipeline.py
[2026-08-12T22:57:11.786+0000] {logging_mixin.py:190} INFO - [2026-08-12T22:57:11.785+0000] {dag.py:3211} INFO - Sync 1 DAGs
[2026-08-12T22:57:11.837+0000] {logging_mixin.py:190} INFO - [2026-08-12T22:57:11.837+0000] {dag.py:4138} INFO - Setting next_dagrun for pipeline_lakehouse_medallion to None, run_after=None
[2026-08-12T22:57:11.944+0000] {processor.py:208} INFO - Processing /opt/airflow/dags/dag_lakehouse_pipeline.py took 0.385 seconds
[2026-08-12T22:57:42.523+0000] {processor.py:186} INFO - Started process (PID=786) to work on /opt/airflow/dags/dag_lakehouse_pipeline.py
[2026-08-12T22:57:42.530+0000] {processor.py:914} INFO - Processing file /opt/airflow/dags/dag_lakehouse_pipeline.py for tasks to queue
[2026-08-12T22:57:42.548+0000] {logging_mixin.py:190} INFO - [2026-08-12T22:57:42.547+0000] {dagbag.py:587} INFO - Filling up the DagBag from /opt/airflow/dags/dag_lakehouse_pipeline.py
[2026-08-12T22:57:42.640+0000] {processor.py:925} INFO - DAG(s) 'pipeline_lakehouse_medallion' retrieved from /opt/airflow/dags/dag_lakehouse_pipeline.py
[2026-08-12T22:57:42.782+0000] {logging_mixin.py:190} INFO - [2026-08-12T22:57:42.781+0000] {dag.py:3211} INFO - Sync 1 DAGs
[2026-08-12T22:57:42.860+0000] {logging_mixin.py:190} INFO - [2026-08-12T22:57:42.859+0000] {dag.py:4138} INFO - Setting next_dagrun for pipeline_lakehouse_medallion to None, run_after=None
[2026-08-12T22:57:42.955+0000] {processor.py:208} INFO - Processing /opt/airflow/dags/dag_lakehouse_pipeline.py took 0.480 seconds
[2026-08-12T22:58:13.376+0000] {processor.py:186} INFO - Started process (PID=789) to work on /opt/airflow/dags/dag_lakehouse_pipeline.py
[2026-08-12T22:58:13.381+0000] {processor.py:914} INFO - Processing file /opt/airflow/dags/dag_lakehouse_pipeline.py for tasks to queue
[2026-08-12T22:58:13.394+0000] {logging_mixin.py:190} INFO - [2026-08-12T22:58:13.392+0000] {dagbag.py:587} INFO - Filling up the DagBag from /opt/airflow/dags/dag_lakehouse_pipeline.py
[2026-08-12T22:58:13.479+0000] {processor.py:925} INFO - DAG(s) 'pipeline_lakehouse_medallion' retrieved from /opt/airflow/dags/dag_lakehouse_pipeline.py
[2026-08-12T22:58:13.585+0000] {logging_mixin.py:190} INFO - [2026-08-12T22:58:13.584+0000] {dag.py:3211} INFO - Sync 1 DAGs
[2026-08-12T22:58:14.127+0000] {logging_mixin.py:190} INFO - [2026-08-12T22:58:14.126+0000] {dag.py:4138} INFO - Setting next_dagrun for pipeline_lakehouse_medallion to None, run_after=None
[2026-08-12T22:58:14.211+0000] {processor.py:208} INFO - Processing /opt/airflow/dags/dag_lakehouse_pipeline.py took 0.864 seconds
[2026-08-12T22:58:45.213+0000] {processor.py:186} INFO - Started process (PID=799) to work on /opt/airflow/dags/dag_lakehouse_pipeline.py
[2026-08-12T22:58:45.225+0000] {processor.py:914} INFO - Processing file /opt/airflow/dags/dag_lakehouse_pipeline.py for tasks to queue
[2026-08-12T22:58:45.247+0000] {logging_mixin.py:190} INFO - [2026-08-12T22:58:45.243+0000] {dagbag.py:587} INFO - Filling up the DagBag from /opt/airflow/dags/dag_lakehouse_pipeline.py
[2026-08-12T22:58:45.418+0000] {processor.py:925} INFO - DAG(s) 'pipeline_lakehouse_medallion' retrieved from /opt/airflow/dags/dag_lakehouse_pipeline.py
[2026-08-12T22:58:45.790+0000] {logging_mixin.py:190} INFO - [2026-08-12T22:58:45.788+0000] {dag.py:3211} INFO - Sync 1 DAGs
[2026-08-12T22:58:47.043+0000] {logging_mixin.py:190} INFO - [2026-08-12T22:58:47.042+0000] {dag.py:4138} INFO - Setting next_dagrun for pipeline_lakehouse_medallion to None, run_after=None
[2026-08-12T22:58:47.247+0000] {processor.py:208} INFO - Processing /opt/airflow/dags/dag_lakehouse_pipeline.py took 2.101 seconds
[2026-08-12T22:59:17.537+0000] {processor.py:186} INFO - Started process (PID=809) to work on /opt/airflow/dags/dag_lakehouse_pipeline.py
[2026-08-12T22:59:17.541+0000] {processor.py:914} INFO - Processing file /opt/airflow/dags/dag_lakehouse_pipeline.py for tasks to queue
[2026-08-12T22:59:17.552+0000] {logging_mixin.py:190} INFO - [2026-08-12T22:59:17.551+0000] {dagbag.py:587} INFO - Filling up the DagBag from /opt/airflow/dags/dag_lakehouse_pipeline.py
[2026-08-12T22:59:17.633+0000] {processor.py:925} INFO - DAG(s) 'pipeline_lakehouse_medallion' retrieved from /opt/airflow/dags/dag_lakehouse_pipeline.py
[2026-08-12T22:59:17.758+0000] {logging_mixin.py:190} INFO - [2026-08-12T22:59:17.756+0000] {dag.py:3211} INFO - Sync 1 DAGs
[2026-08-12T22:59:17.816+0000] {logging_mixin.py:190} INFO - [2026-08-12T22:59:17.815+0000] {dag.py:4138} INFO - Setting next_dagrun for pipeline_lakehouse_medallion to None, run_after=None
[2026-08-12T22:59:17.918+0000] {processor.py:208} INFO - Processing /opt/airflow/dags/dag_lakehouse_pipeline.py took 0.397 seconds
[2026-08-12T22:59:48.692+0000] {processor.py:186} INFO - Started process (PID=819) to work on /opt/airflow/dags/dag_lakehouse_pipeline.py
[2026-08-12T22:59:48.705+0000] {processor.py:914} INFO - Processing file /opt/airflow/dags/dag_lakehouse_pipeline.py for tasks to queue
[2026-08-12T22:59:48.715+0000] {logging_mixin.py:190} INFO - [2026-08-12T22:59:48.714+0000] {dagbag.py:587} INFO - Filling up the DagBag from /opt/airflow/dags/dag_lakehouse_pipeline.py
[2026-08-12T22:59:48.826+0000] {processor.py:925} INFO - DAG(s) 'pipeline_lakehouse_medallion' retrieved from /opt/airflow/dags/dag_lakehouse_pipeline.py
[2026-08-12T22:59:48.999+0000] {logging_mixin.py:190} INFO - [2026-08-12T22:59:48.998+0000] {dag.py:3211} INFO - Sync 1 DAGs
[2026-08-12T22:59:49.049+0000] {logging_mixin.py:190} INFO - [2026-08-12T22:59:49.049+0000] {dag.py:4138} INFO - Setting next_dagrun for pipeline_lakehouse_medallion to None, run_after=None
[2026-08-12T22:59:49.127+0000] {processor.py:208} INFO - Processing /opt/airflow/dags/dag_lakehouse_pipeline.py took 0.469 seconds
[2026-08-12T23:00:19.704+0000] {processor.py:186} INFO - Started process (PID=829) to work on /opt/airflow/dags/dag_lakehouse_pipeline.py
[2026-08-12T23:00:19.706+0000] {processor.py:914} INFO - Processing file /opt/airflow/dags/dag_lakehouse_pipeline.py for tasks to queue
[2026-08-12T23:00:19.709+0000] {logging_mixin.py:190} INFO - [2026-08-12T23:00:19.709+0000] {dagbag.py:587} INFO - Filling up the DagBag from /opt/airflow/dags/dag_lakehouse_pipeline.py
[2026-08-12T23:00:19.740+0000] {processor.py:925} INFO - DAG(s) 'pipeline_lakehouse_medallion' retrieved from /opt/airflow/dags/dag_lakehouse_pipeline.py
[2026-08-12T23:00:19.773+0000] {logging_mixin.py:190} INFO - [2026-08-12T23:00:19.772+0000] {dag.py:3211} INFO - Sync 1 DAGs
[2026-08-12T23:00:19.788+0000] {logging_mixin.py:190} INFO - [2026-08-12T23:00:19.787+0000] {dag.py:4138} INFO - Setting next_dagrun for pipeline_lakehouse_medallion to None, run_after=None
[2026-08-12T23:00:19.815+0000] {processor.py:208} INFO - Processing /opt/airflow/dags/dag_lakehouse_pipeline.py took 0.116 seconds
[2026-08-12T23:00:50.396+0000] {processor.py:186} INFO - Started process (PID=839) to work on /opt/airflow/dags/dag_lakehouse_pipeline.py
[2026-08-12T23:00:50.399+0000] {processor.py:914} INFO - Processing file /opt/airflow/dags/dag_lakehouse_pipeline.py for tasks to queue
[2026-08-12T23:00:50.409+0000] {logging_mixin.py:190} INFO - [2026-08-12T23:00:50.408+0000] {dagbag.py:587} INFO - Filling up the DagBag from /opt/airflow/dags/dag_lakehouse_pipeline.py
[2026-08-12T23:00:50.485+0000] {processor.py:925} INFO - DAG(s) 'pipeline_lakehouse_medallion' retrieved from /opt/airflow/dags/dag_lakehouse_pipeline.py
[2026-08-12T23:00:50.575+0000] {logging_mixin.py:190} INFO - [2026-08-12T23:00:50.574+0000] {dag.py:3211} INFO - Sync 1 DAGs
[2026-08-12T23:00:50.638+0000] {logging_mixin.py:190} INFO - [2026-08-12T23:00:50.638+0000] {dag.py:4138} INFO - Setting next_dagrun for pipeline_lakehouse_medallion to None, run_after=None
[2026-08-12T23:00:51.247+0000] {processor.py:208} INFO - Processing /opt/airflow/dags/dag_lakehouse_pipeline.py took 0.868 seconds
[2026-08-12T23:01:21.497+0000] {processor.py:186} INFO - Started process (PID=842) to work on /opt/airflow/dags/dag_lakehouse_pipeline.py
[2026-08-12T23:01:21.499+0000] {processor.py:914} INFO - Processing file /opt/airflow/dags/dag_lakehouse_pipeline.py for tasks to queue
[2026-08-12T23:01:21.503+0000] {logging_mixin.py:190} INFO - [2026-08-12T23:01:21.503+0000] {dagbag.py:587} INFO - Filling up the DagBag from /opt/airflow/dags/dag_lakehouse_pipeline.py
[2026-08-12T23:01:21.549+0000] {processor.py:925} INFO - DAG(s) 'pipeline_lakehouse_medallion' retrieved from /opt/airflow/dags/dag_lakehouse_pipeline.py
[2026-08-12T23:01:21.602+0000] {logging_mixin.py:190} INFO - [2026-08-12T23:01:21.601+0000] {dag.py:3211} INFO - Sync 1 DAGs
[2026-08-12T23:01:21.860+0000] {logging_mixin.py:190} INFO - [2026-08-12T23:01:21.860+0000] {dag.py:4138} INFO - Setting next_dagrun for pipeline_lakehouse_medallion to None, run_after=None
[2026-08-12T23:01:21.895+0000] {processor.py:208} INFO - Processing /opt/airflow/dags/dag_lakehouse_pipeline.py took 0.407 seconds
[2026-08-12T23:01:52.576+0000] {processor.py:186} INFO - Started process (PID=852) to work on /opt/airflow/dags/dag_lakehouse_pipeline.py
[2026-08-12T23:01:52.578+0000] {processor.py:914} INFO - Processing file /opt/airflow/dags/dag_lakehouse_pipeline.py for tasks to queue
[2026-08-12T23:01:52.581+0000] {logging_mixin.py:190} INFO - [2026-08-12T23:01:52.581+0000] {dagbag.py:587} INFO - Filling up the DagBag from /opt/airflow/dags/dag_lakehouse_pipeline.py
[2026-08-12T23:01:52.620+0000] {processor.py:925} INFO - DAG(s) 'pipeline_lakehouse_medallion' retrieved from /opt/airflow/dags/dag_lakehouse_pipeline.py
[2026-08-12T23:01:52.844+0000] {logging_mixin.py:190} INFO - [2026-08-12T23:01:52.844+0000] {dag.py:3211} INFO - Sync 1 DAGs
[2026-08-12T23:01:52.861+0000] {logging_mixin.py:190} INFO - [2026-08-12T23:01:52.861+0000] {dag.py:4138} INFO - Setting next_dagrun for pipeline_lakehouse_medallion to None, run_after=None
[2026-08-12T23:01:52.896+0000] {processor.py:208} INFO - Processing /opt/airflow/dags/dag_lakehouse_pipeline.py took 0.327 seconds
[2026-08-12T23:02:23.165+0000] {processor.py:186} INFO - Started process (PID=862) to work on /opt/airflow/dags/dag_lakehouse_pipeline.py
[2026-08-12T23:02:23.167+0000] {processor.py:914} INFO - Processing file /opt/airflow/dags/dag_lakehouse_pipeline.py for tasks to queue
[2026-08-12T23:02:23.171+0000] {logging_mixin.py:190} INFO - [2026-08-12T23:02:23.171+0000] {dagbag.py:587} INFO - Filling up the DagBag from /opt/airflow/dags/dag_lakehouse_pipeline.py
[2026-08-12T23:02:23.219+0000] {processor.py:925} INFO - DAG(s) 'pipeline_lakehouse_medallion' retrieved from /opt/airflow/dags/dag_lakehouse_pipeline.py
[2026-08-12T23:02:23.277+0000] {logging_mixin.py:190} INFO - [2026-08-12T23:02:23.277+0000] {dag.py:3211} INFO - Sync 1 DAGs
[2026-08-12T23:02:23.309+0000] {logging_mixin.py:190} INFO - [2026-08-12T23:02:23.308+0000] {dag.py:4138} INFO - Setting next_dagrun for pipeline_lakehouse_medallion to None, run_after=None
[2026-08-12T23:02:23.367+0000] {processor.py:208} INFO - Processing /opt/airflow/dags/dag_lakehouse_pipeline.py took 0.212 seconds
[2026-08-12T23:02:53.589+0000] {processor.py:186} INFO - Started process (PID=872) to work on /opt/airflow/dags/dag_lakehouse_pipeline.py
[2026-08-12T23:02:53.591+0000] {processor.py:914} INFO - Processing file /opt/airflow/dags/dag_lakehouse_pipeline.py for tasks to queue
[2026-08-12T23:02:53.594+0000] {logging_mixin.py:190} INFO - [2026-08-12T23:02:53.593+0000] {dagbag.py:587} INFO - Filling up the DagBag from /opt/airflow/dags/dag_lakehouse_pipeline.py
[2026-08-12T23:02:53.626+0000] {processor.py:925} INFO - DAG(s) 'pipeline_lakehouse_medallion' retrieved from /opt/airflow/dags/dag_lakehouse_pipeline.py
[2026-08-12T23:02:53.664+0000] {logging_mixin.py:190} INFO - [2026-08-12T23:02:53.664+0000] {dag.py:3211} INFO - Sync 1 DAGs
[2026-08-12T23:02:53.680+0000] {logging_mixin.py:190} INFO - [2026-08-12T23:02:53.680+0000] {dag.py:4138} INFO - Setting next_dagrun for pipeline_lakehouse_medallion to None, run_after=None
[2026-08-12T23:02:53.702+0000] {processor.py:208} INFO - Processing /opt/airflow/dags/dag_lakehouse_pipeline.py took 0.123 seconds
[2026-08-12T23:03:24.322+0000] {processor.py:186} INFO - Started process (PID=883) to work on /opt/airflow/dags/dag_lakehouse_pipeline.py
[2026-08-12T23:03:24.323+0000] {processor.py:914} INFO - Processing file /opt/airflow/dags/dag_lakehouse_pipeline.py for tasks to queue
[2026-08-12T23:03:24.327+0000] {logging_mixin.py:190} INFO - [2026-08-12T23:03:24.326+0000] {dagbag.py:587} INFO - Filling up the DagBag from /opt/airflow/dags/dag_lakehouse_pipeline.py
[2026-08-12T23:03:24.355+0000] {processor.py:925} INFO - DAG(s) 'pipeline_lakehouse_medallion' retrieved from /opt/airflow/dags/dag_lakehouse_pipeline.py
[2026-08-12T23:03:24.390+0000] {logging_mixin.py:190} INFO - [2026-08-12T23:03:24.390+0000] {dag.py:3211} INFO - Sync 1 DAGs
[2026-08-12T23:03:24.408+0000] {logging_mixin.py:190} INFO - [2026-08-12T23:03:24.408+0000] {dag.py:4138} INFO - Setting next_dagrun for pipeline_lakehouse_medallion to None, run_after=None
[2026-08-12T23:03:24.452+0000] {processor.py:208} INFO - Processing /opt/airflow/dags/dag_lakehouse_pipeline.py took 0.137 seconds
[2026-08-12T23:03:55.055+0000] {processor.py:186} INFO - Started process (PID=893) to work on /opt/airflow/dags/dag_lakehouse_pipeline.py
[2026-08-12T23:03:55.056+0000] {processor.py:914} INFO - Processing file /opt/airflow/dags/dag_lakehouse_pipeline.py for tasks to queue
[2026-08-12T23:03:55.059+0000] {logging_mixin.py:190} INFO - [2026-08-12T23:03:55.059+0000] {dagbag.py:587} INFO - Filling up the DagBag from /opt/airflow/dags/dag_lakehouse_pipeline.py
[2026-08-12T23:03:55.078+0000] {processor.py:925} INFO - DAG(s) 'pipeline_lakehouse_medallion' retrieved from /opt/airflow/dags/dag_lakehouse_pipeline.py
[2026-08-12T23:03:55.102+0000] {logging_mixin.py:190} INFO - [2026-08-12T23:03:55.102+0000] {dag.py:3211} INFO - Sync 1 DAGs
[2026-08-12T23:03:55.336+0000] {logging_mixin.py:190} INFO - [2026-08-12T23:03:55.335+0000] {dag.py:4138} INFO - Setting next_dagrun for pipeline_lakehouse_medallion to None, run_after=None
[2026-08-12T23:03:55.373+0000] {processor.py:208} INFO - Processing /opt/airflow/dags/dag_lakehouse_pipeline.py took 0.323 seconds
[2026-08-12T23:04:25.456+0000] {processor.py:186} INFO - Started process (PID=902) to work on /opt/airflow/dags/dag_lakehouse_pipeline.py
[2026-08-12T23:04:25.457+0000] {processor.py:914} INFO - Processing file /opt/airflow/dags/dag_lakehouse_pipeline.py for tasks to queue
[2026-08-12T23:04:25.460+0000] {logging_mixin.py:190} INFO - [2026-08-12T23:04:25.460+0000] {dagbag.py:587} INFO - Filling up the DagBag from /opt/airflow/dags/dag_lakehouse_pipeline.py
[2026-08-12T23:04:25.490+0000] {processor.py:925} INFO - DAG(s) 'pipeline_lakehouse_medallion' retrieved from /opt/airflow/dags/dag_lakehouse_pipeline.py
[2026-08-12T23:04:25.515+0000] {logging_mixin.py:190} INFO - [2026-08-12T23:04:25.515+0000] {dag.py:3211} INFO - Sync 1 DAGs
[2026-08-12T23:04:25.687+0000] {logging_mixin.py:190} INFO - [2026-08-12T23:04:25.687+0000] {dag.py:4138} INFO - Setting next_dagrun for pipeline_lakehouse_medallion to None, run_after=None
[2026-08-12T23:04:25.721+0000] {processor.py:208} INFO - Processing /opt/airflow/dags/dag_lakehouse_pipeline.py took 0.269 seconds
[2026-08-12T23:04:56.155+0000] {processor.py:186} INFO - Started process (PID=912) to work on /opt/airflow/dags/dag_lakehouse_pipeline.py
[2026-08-12T23:04:56.158+0000] {processor.py:914} INFO - Processing file /opt/airflow/dags/dag_lakehouse_pipeline.py for tasks to queue
[2026-08-12T23:04:56.164+0000] {logging_mixin.py:190} INFO - [2026-08-12T23:04:56.164+0000] {dagbag.py:587} INFO - Filling up the DagBag from /opt/airflow/dags/dag_lakehouse_pipeline.py
[2026-08-12T23:04:56.206+0000] {processor.py:925} INFO - DAG(s) 'pipeline_lakehouse_medallion' retrieved from /opt/airflow/dags/dag_lakehouse_pipeline.py
[2026-08-12T23:04:56.446+0000] {logging_mixin.py:190} INFO - [2026-08-12T23:04:56.445+0000] {dag.py:3211} INFO - Sync 1 DAGs
[2026-08-12T23:04:56.462+0000] {logging_mixin.py:190} INFO - [2026-08-12T23:04:56.462+0000] {dag.py:4138} INFO - Setting next_dagrun for pipeline_lakehouse_medallion to None, run_after=None
[2026-08-12T23:04:56.507+0000] {processor.py:208} INFO - Processing /opt/airflow/dags/dag_lakehouse_pipeline.py took 0.361 seconds
[2026-08-12T23:05:27.038+0000] {processor.py:186} INFO - Started process (PID=915) to work on /opt/airflow/dags/dag_lakehouse_pipeline.py
[2026-08-12T23:05:27.040+0000] {processor.py:914} INFO - Processing file /opt/airflow/dags/dag_lakehouse_pipeline.py for tasks to queue
[2026-08-12T23:05:27.044+0000] {logging_mixin.py:190} INFO - [2026-08-12T23:05:27.043+0000] {dagbag.py:587} INFO - Filling up the DagBag from /opt/airflow/dags/dag_lakehouse_pipeline.py
[2026-08-12T23:05:27.079+0000] {processor.py:925} INFO - DAG(s) 'pipeline_lakehouse_medallion' retrieved from /opt/airflow/dags/dag_lakehouse_pipeline.py
[2026-08-12T23:05:27.120+0000] {logging_mixin.py:190} INFO - [2026-08-12T23:05:27.120+0000] {dag.py:3211} INFO - Sync 1 DAGs
[2026-08-12T23:05:27.141+0000] {logging_mixin.py:190} INFO - [2026-08-12T23:05:27.141+0000] {dag.py:4138} INFO - Setting next_dagrun for pipeline_lakehouse_medallion to None, run_after=None
[2026-08-12T23:05:27.191+0000] {processor.py:208} INFO - Processing /opt/airflow/dags/dag_lakehouse_pipeline.py took 0.160 seconds
[2026-08-12T23:05:57.453+0000] {processor.py:186} INFO - Started process (PID=925) to work on /opt/airflow/dags/dag_lakehouse_pipeline.py
[2026-08-12T23:05:57.455+0000] {processor.py:914} INFO - Processing file /opt/airflow/dags/dag_lakehouse_pipeline.py for tasks to queue
[2026-08-12T23:05:57.460+0000] {logging_mixin.py:190} INFO - [2026-08-12T23:05:57.459+0000] {dagbag.py:587} INFO - Filling up the DagBag from /opt/airflow/dags/dag_lakehouse_pipeline.py
[2026-08-12T23:05:57.499+0000] {processor.py:925} INFO - DAG(s) 'pipeline_lakehouse_medallion' retrieved from /opt/airflow/dags/dag_lakehouse_pipeline.py
[2026-08-12T23:05:57.544+0000] {logging_mixin.py:190} INFO - [2026-08-12T23:05:57.544+0000] {dag.py:3211} INFO - Sync 1 DAGs
[2026-08-12T23:05:57.564+0000] {logging_mixin.py:190} INFO - [2026-08-12T23:05:57.564+0000] {dag.py:4138} INFO - Setting next_dagrun for pipeline_lakehouse_medallion to None, run_after=None
[2026-08-12T23:05:57.592+0000] {processor.py:208} INFO - Processing /opt/airflow/dags/dag_lakehouse_pipeline.py took 0.147 seconds
[2026-08-12T23:06:28.120+0000] {processor.py:186} INFO - Started process (PID=935) to work on /opt/airflow/dags/dag_lakehouse_pipeline.py
[2026-08-12T23:06:28.122+0000] {processor.py:914} INFO - Processing file /opt/airflow/dags/dag_lakehouse_pipeline.py for tasks to queue
[2026-08-12T23:06:28.127+0000] {logging_mixin.py:190} INFO - [2026-08-12T23:06:28.126+0000] {dagbag.py:587} INFO - Filling up the DagBag from /opt/airflow/dags/dag_lakehouse_pipeline.py
[2026-08-12T23:06:28.170+0000] {processor.py:925} INFO - DAG(s) 'pipeline_lakehouse_medallion' retrieved from /opt/airflow/dags/dag_lakehouse_pipeline.py
[2026-08-12T23:06:28.221+0000] {logging_mixin.py:190} INFO - [2026-08-12T23:06:28.220+0000] {dag.py:3211} INFO - Sync 1 DAGs
[2026-08-12T23:06:28.245+0000] {logging_mixin.py:190} INFO - [2026-08-12T23:06:28.245+0000] {dag.py:4138} INFO - Setting next_dagrun for pipeline_lakehouse_medallion to None, run_after=None
[2026-08-12T23:06:28.566+0000] {processor.py:208} INFO - Processing /opt/airflow/dags/dag_lakehouse_pipeline.py took 0.460 seconds
[2026-08-12T23:06:59.531+0000] {processor.py:186} INFO - Started process (PID=945) to work on /opt/airflow/dags/dag_lakehouse_pipeline.py
[2026-08-12T23:06:59.534+0000] {processor.py:914} INFO - Processing file /opt/airflow/dags/dag_lakehouse_pipeline.py for tasks to queue
[2026-08-12T23:06:59.542+0000] {logging_mixin.py:190} INFO - [2026-08-12T23:06:59.541+0000] {dagbag.py:587} INFO - Filling up the DagBag from /opt/airflow/dags/dag_lakehouse_pipeline.py
[2026-08-12T23:06:59.606+0000] {processor.py:925} INFO - DAG(s) 'pipeline_lakehouse_medallion' retrieved from /opt/airflow/dags/dag_lakehouse_pipeline.py
[2026-08-12T23:06:59.690+0000] {logging_mixin.py:190} INFO - [2026-08-12T23:06:59.689+0000] {dag.py:3211} INFO - Sync 1 DAGs
[2026-08-12T23:07:00.288+0000] {logging_mixin.py:190} INFO - [2026-08-12T23:07:00.287+0000] {dag.py:4138} INFO - Setting next_dagrun for pipeline_lakehouse_medallion to None, run_after=None
[2026-08-12T23:07:00.361+0000] {processor.py:208} INFO - Processing /opt/airflow/dags/dag_lakehouse_pipeline.py took 0.845 seconds
[2026-08-12T23:07:30.768+0000] {processor.py:186} INFO - Started process (PID=955) to work on /opt/airflow/dags/dag_lakehouse_pipeline.py
[2026-08-12T23:07:30.770+0000] {processor.py:914} INFO - Processing file /opt/airflow/dags/dag_lakehouse_pipeline.py for tasks to queue
[2026-08-12T23:07:30.774+0000] {logging_mixin.py:190} INFO - [2026-08-12T23:07:30.773+0000] {dagbag.py:587} INFO - Filling up the DagBag from /opt/airflow/dags/dag_lakehouse_pipeline.py
[2026-08-12T23:07:30.820+0000] {processor.py:925} INFO - DAG(s) 'pipeline_lakehouse_medallion' retrieved from /opt/airflow/dags/dag_lakehouse_pipeline.py
[2026-08-12T23:07:31.048+0000] {logging_mixin.py:190} INFO - [2026-08-12T23:07:31.048+0000] {dag.py:3211} INFO - Sync 1 DAGs
[2026-08-12T23:07:31.070+0000] {logging_mixin.py:190} INFO - [2026-08-12T23:07:31.070+0000] {dag.py:4138} INFO - Setting next_dagrun for pipeline_lakehouse_medallion to None, run_after=None
[2026-08-12T23:07:31.106+0000] {processor.py:208} INFO - Processing /opt/airflow/dags/dag_lakehouse_pipeline.py took 0.346 seconds
