[2026-08-12T18:37:51.108+0000] {processor.py:186} INFO - Started process (PID=283) to work on /opt/airflow/dags/dag_bronze.py
[2026-08-12T18:37:51.110+0000] {processor.py:914} INFO - Processing file /opt/airflow/dags/dag_bronze.py for tasks to queue
[2026-08-12T18:37:51.114+0000] {logging_mixin.py:190} INFO - [2026-08-12T18:37:51.113+0000] {dagbag.py:587} INFO - Filling up the DagBag from /opt/airflow/dags/dag_bronze.py
[2026-08-12T18:37:51.543+0000] {processor.py:925} INFO - DAG(s) 'dag_bronze_customers' retrieved from /opt/airflow/dags/dag_bronze.py
[2026-08-12T18:37:51.662+0000] {logging_mixin.py:190} INFO - [2026-08-12T18:37:51.662+0000] {override.py:1858} INFO - Created Permission View: can read on DAG:dag_bronze_customers
[2026-08-12T18:37:51.675+0000] {logging_mixin.py:190} INFO - [2026-08-12T18:37:51.675+0000] {override.py:1858} INFO - Created Permission View: can delete on DAG:dag_bronze_customers
[2026-08-12T18:37:51.686+0000] {logging_mixin.py:190} INFO - [2026-08-12T18:37:51.686+0000] {override.py:1858} INFO - Created Permission View: can edit on DAG:dag_bronze_customers
[2026-08-12T18:37:51.687+0000] {logging_mixin.py:190} INFO - [2026-08-12T18:37:51.687+0000] {dag.py:3211} INFO - Sync 1 DAGs
[2026-08-12T18:37:51.702+0000] {logging_mixin.py:190} INFO - [2026-08-12T18:37:51.702+0000] {dag.py:3234} INFO - Creating ORM DAG for dag_bronze_customers
[2026-08-12T18:37:51.704+0000] {logging_mixin.py:190} INFO - [2026-08-12T18:37:51.704+0000] {dag.py:4138} INFO - Setting next_dagrun for dag_bronze_customers to None, run_after=None
[2026-08-12T18:37:51.731+0000] {processor.py:208} INFO - Processing /opt/airflow/dags/dag_bronze.py took 0.633 seconds
[2026-08-12T18:38:22.280+0000] {processor.py:186} INFO - Started process (PID=294) to work on /opt/airflow/dags/dag_bronze.py
[2026-08-12T18:38:22.281+0000] {processor.py:914} INFO - Processing file /opt/airflow/dags/dag_bronze.py for tasks to queue
[2026-08-12T18:38:22.285+0000] {logging_mixin.py:190} INFO - [2026-08-12T18:38:22.284+0000] {dagbag.py:587} INFO - Filling up the DagBag from /opt/airflow/dags/dag_bronze.py
[2026-08-12T18:38:22.557+0000] {processor.py:925} INFO - DAG(s) 'dag_bronze_customers' retrieved from /opt/airflow/dags/dag_bronze.py
[2026-08-12T18:38:22.578+0000] {logging_mixin.py:190} INFO - [2026-08-12T18:38:22.578+0000] {dag.py:3211} INFO - Sync 1 DAGs
[2026-08-12T18:38:22.589+0000] {logging_mixin.py:190} INFO - [2026-08-12T18:38:22.589+0000] {dag.py:4138} INFO - Setting next_dagrun for dag_bronze_customers to None, run_after=None
[2026-08-12T18:38:22.630+0000] {processor.py:208} INFO - Processing /opt/airflow/dags/dag_bronze.py took 0.357 seconds
[2026-08-12T18:38:53.271+0000] {processor.py:186} INFO - Started process (PID=304) to work on /opt/airflow/dags/dag_bronze.py
[2026-08-12T18:38:53.273+0000] {processor.py:914} INFO - Processing file /opt/airflow/dags/dag_bronze.py for tasks to queue
[2026-08-12T18:38:53.276+0000] {logging_mixin.py:190} INFO - [2026-08-12T18:38:53.275+0000] {dagbag.py:587} INFO - Filling up the DagBag from /opt/airflow/dags/dag_bronze.py
[2026-08-12T18:38:53.579+0000] {processor.py:925} INFO - DAG(s) 'dag_bronze_customers' retrieved from /opt/airflow/dags/dag_bronze.py
[2026-08-12T18:38:53.598+0000] {logging_mixin.py:190} INFO - [2026-08-12T18:38:53.598+0000] {dag.py:3211} INFO - Sync 1 DAGs
[2026-08-12T18:38:53.609+0000] {logging_mixin.py:190} INFO - [2026-08-12T18:38:53.608+0000] {dag.py:4138} INFO - Setting next_dagrun for dag_bronze_customers to None, run_after=None
[2026-08-12T18:38:53.644+0000] {processor.py:208} INFO - Processing /opt/airflow/dags/dag_bronze.py took 0.377 seconds
[2026-08-12T18:39:23.769+0000] {processor.py:186} INFO - Started process (PID=314) to work on /opt/airflow/dags/dag_bronze.py
[2026-08-12T18:39:23.773+0000] {processor.py:914} INFO - Processing file /opt/airflow/dags/dag_bronze.py for tasks to queue
[2026-08-12T18:39:23.780+0000] {logging_mixin.py:190} INFO - [2026-08-12T18:39:23.779+0000] {dagbag.py:587} INFO - Filling up the DagBag from /opt/airflow/dags/dag_bronze.py
[2026-08-12T18:39:24.203+0000] {processor.py:925} INFO - DAG(s) 'dag_bronze_customers' retrieved from /opt/airflow/dags/dag_bronze.py
[2026-08-12T18:39:24.230+0000] {logging_mixin.py:190} INFO - [2026-08-12T18:39:24.229+0000] {dag.py:3211} INFO - Sync 1 DAGs
[2026-08-12T18:39:24.246+0000] {logging_mixin.py:190} INFO - [2026-08-12T18:39:24.245+0000] {dag.py:4138} INFO - Setting next_dagrun for dag_bronze_customers to None, run_after=None
[2026-08-12T18:39:24.266+0000] {processor.py:208} INFO - Processing /opt/airflow/dags/dag_bronze.py took 0.515 seconds
[2026-08-12T18:39:54.430+0000] {processor.py:186} INFO - Started process (PID=324) to work on /opt/airflow/dags/dag_bronze.py
[2026-08-12T18:39:54.432+0000] {processor.py:914} INFO - Processing file /opt/airflow/dags/dag_bronze.py for tasks to queue
[2026-08-12T18:39:54.436+0000] {logging_mixin.py:190} INFO - [2026-08-12T18:39:54.436+0000] {dagbag.py:587} INFO - Filling up the DagBag from /opt/airflow/dags/dag_bronze.py
[2026-08-12T18:39:54.868+0000] {processor.py:925} INFO - DAG(s) 'dag_bronze_customers' retrieved from /opt/airflow/dags/dag_bronze.py
[2026-08-12T18:39:54.909+0000] {logging_mixin.py:190} INFO - [2026-08-12T18:39:54.909+0000] {dag.py:3211} INFO - Sync 1 DAGs
[2026-08-12T18:39:54.930+0000] {logging_mixin.py:190} INFO - [2026-08-12T18:39:54.929+0000] {dag.py:4138} INFO - Setting next_dagrun for dag_bronze_customers to None, run_after=None
[2026-08-12T18:39:54.974+0000] {processor.py:208} INFO - Processing /opt/airflow/dags/dag_bronze.py took 0.553 seconds
[2026-08-12T18:40:25.519+0000] {processor.py:186} INFO - Started process (PID=334) to work on /opt/airflow/dags/dag_bronze.py
[2026-08-12T18:40:25.521+0000] {processor.py:914} INFO - Processing file /opt/airflow/dags/dag_bronze.py for tasks to queue
[2026-08-12T18:40:25.525+0000] {logging_mixin.py:190} INFO - [2026-08-12T18:40:25.525+0000] {dagbag.py:587} INFO - Filling up the DagBag from /opt/airflow/dags/dag_bronze.py
[2026-08-12T18:40:25.989+0000] {processor.py:925} INFO - DAG(s) 'dag_bronze_customers' retrieved from /opt/airflow/dags/dag_bronze.py
[2026-08-12T18:40:26.032+0000] {logging_mixin.py:190} INFO - [2026-08-12T18:40:26.032+0000] {dag.py:3211} INFO - Sync 1 DAGs
[2026-08-12T18:40:26.053+0000] {logging_mixin.py:190} INFO - [2026-08-12T18:40:26.053+0000] {dag.py:4138} INFO - Setting next_dagrun for dag_bronze_customers to None, run_after=None
[2026-08-12T18:40:26.105+0000] {processor.py:208} INFO - Processing /opt/airflow/dags/dag_bronze.py took 0.594 seconds
[2026-08-12T18:40:56.744+0000] {processor.py:186} INFO - Started process (PID=344) to work on /opt/airflow/dags/dag_bronze.py
[2026-08-12T18:40:56.749+0000] {processor.py:914} INFO - Processing file /opt/airflow/dags/dag_bronze.py for tasks to queue
[2026-08-12T18:40:56.777+0000] {logging_mixin.py:190} INFO - [2026-08-12T18:40:56.775+0000] {dagbag.py:587} INFO - Filling up the DagBag from /opt/airflow/dags/dag_bronze.py
[2026-08-12T18:40:58.458+0000] {processor.py:925} INFO - DAG(s) 'dag_bronze_customers' retrieved from /opt/airflow/dags/dag_bronze.py
[2026-08-12T18:40:58.540+0000] {logging_mixin.py:190} INFO - [2026-08-12T18:40:58.540+0000] {dag.py:3211} INFO - Sync 1 DAGs
[2026-08-12T18:40:58.576+0000] {logging_mixin.py:190} INFO - [2026-08-12T18:40:58.575+0000] {dag.py:4138} INFO - Setting next_dagrun for dag_bronze_customers to None, run_after=None
[2026-08-12T18:40:58.634+0000] {processor.py:208} INFO - Processing /opt/airflow/dags/dag_bronze.py took 1.922 seconds
[2026-08-12T18:41:29.074+0000] {processor.py:186} INFO - Started process (PID=354) to work on /opt/airflow/dags/dag_bronze.py
[2026-08-12T18:41:29.076+0000] {processor.py:914} INFO - Processing file /opt/airflow/dags/dag_bronze.py for tasks to queue
[2026-08-12T18:41:29.080+0000] {logging_mixin.py:190} INFO - [2026-08-12T18:41:29.080+0000] {dagbag.py:587} INFO - Filling up the DagBag from /opt/airflow/dags/dag_bronze.py
[2026-08-12T18:41:29.523+0000] {processor.py:925} INFO - DAG(s) 'dag_bronze_customers' retrieved from /opt/airflow/dags/dag_bronze.py
[2026-08-12T18:41:29.575+0000] {logging_mixin.py:190} INFO - [2026-08-12T18:41:29.574+0000] {dag.py:3211} INFO - Sync 1 DAGs
[2026-08-12T18:41:29.604+0000] {logging_mixin.py:190} INFO - [2026-08-12T18:41:29.603+0000] {dag.py:4138} INFO - Setting next_dagrun for dag_bronze_customers to None, run_after=None
[2026-08-12T18:41:29.668+0000] {processor.py:208} INFO - Processing /opt/airflow/dags/dag_bronze.py took 0.603 seconds
[2026-08-12T18:41:59.868+0000] {processor.py:186} INFO - Started process (PID=365) to work on /opt/airflow/dags/dag_bronze.py
[2026-08-12T18:41:59.871+0000] {processor.py:914} INFO - Processing file /opt/airflow/dags/dag_bronze.py for tasks to queue
[2026-08-12T18:41:59.880+0000] {logging_mixin.py:190} INFO - [2026-08-12T18:41:59.879+0000] {dagbag.py:587} INFO - Filling up the DagBag from /opt/airflow/dags/dag_bronze.py
[2026-08-12T18:42:00.374+0000] {processor.py:925} INFO - DAG(s) 'dag_bronze_customers' retrieved from /opt/airflow/dags/dag_bronze.py
[2026-08-12T18:42:00.421+0000] {logging_mixin.py:190} INFO - [2026-08-12T18:42:00.420+0000] {dag.py:3211} INFO - Sync 1 DAGs
[2026-08-12T18:42:00.458+0000] {logging_mixin.py:190} INFO - [2026-08-12T18:42:00.458+0000] {dag.py:4138} INFO - Setting next_dagrun for dag_bronze_customers to None, run_after=None
[2026-08-12T18:42:00.494+0000] {processor.py:208} INFO - Processing /opt/airflow/dags/dag_bronze.py took 0.638 seconds
[2026-08-12T18:42:30.650+0000] {processor.py:186} INFO - Started process (PID=368) to work on /opt/airflow/dags/dag_bronze.py
[2026-08-12T18:42:30.652+0000] {processor.py:914} INFO - Processing file /opt/airflow/dags/dag_bronze.py for tasks to queue
[2026-08-12T18:42:30.658+0000] {logging_mixin.py:190} INFO - [2026-08-12T18:42:30.658+0000] {dagbag.py:587} INFO - Filling up the DagBag from /opt/airflow/dags/dag_bronze.py
[2026-08-12T18:42:31.204+0000] {processor.py:925} INFO - DAG(s) 'dag_bronze_customers' retrieved from /opt/airflow/dags/dag_bronze.py
[2026-08-12T18:42:31.252+0000] {logging_mixin.py:190} INFO - [2026-08-12T18:42:31.252+0000] {dag.py:3211} INFO - Sync 1 DAGs
[2026-08-12T18:42:31.276+0000] {logging_mixin.py:190} INFO - [2026-08-12T18:42:31.275+0000] {dag.py:4138} INFO - Setting next_dagrun for dag_bronze_customers to None, run_after=None
[2026-08-12T18:42:31.334+0000] {processor.py:208} INFO - Processing /opt/airflow/dags/dag_bronze.py took 0.701 seconds
[2026-08-12T18:43:01.603+0000] {processor.py:186} INFO - Started process (PID=378) to work on /opt/airflow/dags/dag_bronze.py
[2026-08-12T18:43:01.606+0000] {processor.py:914} INFO - Processing file /opt/airflow/dags/dag_bronze.py for tasks to queue
[2026-08-12T18:43:01.613+0000] {logging_mixin.py:190} INFO - [2026-08-12T18:43:01.612+0000] {dagbag.py:587} INFO - Filling up the DagBag from /opt/airflow/dags/dag_bronze.py
[2026-08-12T18:43:02.087+0000] {processor.py:925} INFO - DAG(s) 'dag_bronze_customers' retrieved from /opt/airflow/dags/dag_bronze.py
[2026-08-12T18:43:02.121+0000] {logging_mixin.py:190} INFO - [2026-08-12T18:43:02.120+0000] {dag.py:3211} INFO - Sync 1 DAGs
[2026-08-12T18:43:02.138+0000] {logging_mixin.py:190} INFO - [2026-08-12T18:43:02.137+0000] {dag.py:4138} INFO - Setting next_dagrun for dag_bronze_customers to None, run_after=None
[2026-08-12T18:43:02.182+0000] {processor.py:208} INFO - Processing /opt/airflow/dags/dag_bronze.py took 0.591 seconds
[2026-08-12T18:43:32.647+0000] {processor.py:186} INFO - Started process (PID=388) to work on /opt/airflow/dags/dag_bronze.py
[2026-08-12T18:43:32.651+0000] {processor.py:914} INFO - Processing file /opt/airflow/dags/dag_bronze.py for tasks to queue
[2026-08-12T18:43:32.657+0000] {logging_mixin.py:190} INFO - [2026-08-12T18:43:32.656+0000] {dagbag.py:587} INFO - Filling up the DagBag from /opt/airflow/dags/dag_bronze.py
[2026-08-12T18:43:33.108+0000] {processor.py:925} INFO - DAG(s) 'dag_bronze_customers' retrieved from /opt/airflow/dags/dag_bronze.py
[2026-08-12T18:43:33.147+0000] {logging_mixin.py:190} INFO - [2026-08-12T18:43:33.146+0000] {dag.py:3211} INFO - Sync 1 DAGs
[2026-08-12T18:43:33.168+0000] {logging_mixin.py:190} INFO - [2026-08-12T18:43:33.167+0000] {dag.py:4138} INFO - Setting next_dagrun for dag_bronze_customers to None, run_after=None
[2026-08-12T18:43:33.213+0000] {processor.py:208} INFO - Processing /opt/airflow/dags/dag_bronze.py took 0.582 seconds
[2026-08-12T18:44:03.704+0000] {processor.py:186} INFO - Started process (PID=399) to work on /opt/airflow/dags/dag_bronze.py
[2026-08-12T18:44:03.708+0000] {processor.py:914} INFO - Processing file /opt/airflow/dags/dag_bronze.py for tasks to queue
[2026-08-12T18:44:03.717+0000] {logging_mixin.py:190} INFO - [2026-08-12T18:44:03.716+0000] {dagbag.py:587} INFO - Filling up the DagBag from /opt/airflow/dags/dag_bronze.py
[2026-08-12T18:44:04.146+0000] {processor.py:925} INFO - DAG(s) 'dag_bronze_customers' retrieved from /opt/airflow/dags/dag_bronze.py
[2026-08-12T18:44:04.185+0000] {logging_mixin.py:190} INFO - [2026-08-12T18:44:04.185+0000] {dag.py:3211} INFO - Sync 1 DAGs
[2026-08-12T18:44:04.203+0000] {logging_mixin.py:190} INFO - [2026-08-12T18:44:04.203+0000] {dag.py:4138} INFO - Setting next_dagrun for dag_bronze_customers to None, run_after=None
[2026-08-12T18:44:04.245+0000] {processor.py:208} INFO - Processing /opt/airflow/dags/dag_bronze.py took 0.552 seconds
[2026-08-12T18:44:34.671+0000] {processor.py:186} INFO - Started process (PID=409) to work on /opt/airflow/dags/dag_bronze.py
[2026-08-12T18:44:34.673+0000] {processor.py:914} INFO - Processing file /opt/airflow/dags/dag_bronze.py for tasks to queue
[2026-08-12T18:44:34.677+0000] {logging_mixin.py:190} INFO - [2026-08-12T18:44:34.677+0000] {dagbag.py:587} INFO - Filling up the DagBag from /opt/airflow/dags/dag_bronze.py
[2026-08-12T18:44:35.121+0000] {processor.py:925} INFO - DAG(s) 'dag_bronze_customers' retrieved from /opt/airflow/dags/dag_bronze.py
[2026-08-12T18:44:35.164+0000] {logging_mixin.py:190} INFO - [2026-08-12T18:44:35.163+0000] {dag.py:3211} INFO - Sync 1 DAGs
[2026-08-12T18:44:35.184+0000] {logging_mixin.py:190} INFO - [2026-08-12T18:44:35.184+0000] {dag.py:4138} INFO - Setting next_dagrun for dag_bronze_customers to None, run_after=None
[2026-08-12T18:44:35.229+0000] {processor.py:208} INFO - Processing /opt/airflow/dags/dag_bronze.py took 0.567 seconds
[2026-08-12T18:45:05.417+0000] {processor.py:186} INFO - Started process (PID=419) to work on /opt/airflow/dags/dag_bronze.py
[2026-08-12T18:45:05.420+0000] {processor.py:914} INFO - Processing file /opt/airflow/dags/dag_bronze.py for tasks to queue
[2026-08-12T18:45:05.430+0000] {logging_mixin.py:190} INFO - [2026-08-12T18:45:05.429+0000] {dagbag.py:587} INFO - Filling up the DagBag from /opt/airflow/dags/dag_bronze.py
[2026-08-12T18:45:05.920+0000] {processor.py:925} INFO - DAG(s) 'dag_bronze_customers' retrieved from /opt/airflow/dags/dag_bronze.py
[2026-08-12T18:45:05.960+0000] {logging_mixin.py:190} INFO - [2026-08-12T18:45:05.960+0000] {dag.py:3211} INFO - Sync 1 DAGs
[2026-08-12T18:45:05.978+0000] {logging_mixin.py:190} INFO - [2026-08-12T18:45:05.978+0000] {dag.py:4138} INFO - Setting next_dagrun for dag_bronze_customers to None, run_after=None
[2026-08-12T18:45:06.034+0000] {processor.py:208} INFO - Processing /opt/airflow/dags/dag_bronze.py took 0.634 seconds
[2026-08-12T18:45:36.190+0000] {processor.py:186} INFO - Started process (PID=429) to work on /opt/airflow/dags/dag_bronze.py
[2026-08-12T18:45:36.192+0000] {processor.py:914} INFO - Processing file /opt/airflow/dags/dag_bronze.py for tasks to queue
[2026-08-12T18:45:36.196+0000] {logging_mixin.py:190} INFO - [2026-08-12T18:45:36.196+0000] {dagbag.py:587} INFO - Filling up the DagBag from /opt/airflow/dags/dag_bronze.py
[2026-08-12T18:45:36.626+0000] {processor.py:925} INFO - DAG(s) 'dag_bronze_customers' retrieved from /opt/airflow/dags/dag_bronze.py
[2026-08-12T18:45:36.678+0000] {logging_mixin.py:190} INFO - [2026-08-12T18:45:36.678+0000] {dag.py:3211} INFO - Sync 1 DAGs
[2026-08-12T18:45:36.709+0000] {logging_mixin.py:190} INFO - [2026-08-12T18:45:36.709+0000] {dag.py:4138} INFO - Setting next_dagrun for dag_bronze_customers to None, run_after=None
[2026-08-12T18:45:36.763+0000] {processor.py:208} INFO - Processing /opt/airflow/dags/dag_bronze.py took 0.584 seconds
[2026-08-12T18:46:07.293+0000] {processor.py:186} INFO - Started process (PID=439) to work on /opt/airflow/dags/dag_bronze.py
[2026-08-12T18:46:07.294+0000] {processor.py:914} INFO - Processing file /opt/airflow/dags/dag_bronze.py for tasks to queue
[2026-08-12T18:46:07.299+0000] {logging_mixin.py:190} INFO - [2026-08-12T18:46:07.298+0000] {dagbag.py:587} INFO - Filling up the DagBag from /opt/airflow/dags/dag_bronze.py
[2026-08-12T18:46:07.707+0000] {processor.py:925} INFO - DAG(s) 'dag_bronze_customers' retrieved from /opt/airflow/dags/dag_bronze.py
[2026-08-12T18:46:07.754+0000] {logging_mixin.py:190} INFO - [2026-08-12T18:46:07.753+0000] {dag.py:3211} INFO - Sync 1 DAGs
[2026-08-12T18:46:07.793+0000] {logging_mixin.py:190} INFO - [2026-08-12T18:46:07.792+0000] {dag.py:4138} INFO - Setting next_dagrun for dag_bronze_customers to None, run_after=None
[2026-08-12T18:46:07.842+0000] {processor.py:208} INFO - Processing /opt/airflow/dags/dag_bronze.py took 0.558 seconds
[2026-08-12T18:46:37.949+0000] {processor.py:186} INFO - Started process (PID=449) to work on /opt/airflow/dags/dag_bronze.py
[2026-08-12T18:46:37.950+0000] {processor.py:914} INFO - Processing file /opt/airflow/dags/dag_bronze.py for tasks to queue
[2026-08-12T18:46:37.954+0000] {logging_mixin.py:190} INFO - [2026-08-12T18:46:37.953+0000] {dagbag.py:587} INFO - Filling up the DagBag from /opt/airflow/dags/dag_bronze.py
[2026-08-12T18:46:38.327+0000] {processor.py:925} INFO - DAG(s) 'dag_bronze_customers' retrieved from /opt/airflow/dags/dag_bronze.py
[2026-08-12T18:46:38.369+0000] {logging_mixin.py:190} INFO - [2026-08-12T18:46:38.369+0000] {dag.py:3211} INFO - Sync 1 DAGs
[2026-08-12T18:46:38.394+0000] {logging_mixin.py:190} INFO - [2026-08-12T18:46:38.394+0000] {dag.py:4138} INFO - Setting next_dagrun for dag_bronze_customers to None, run_after=None
[2026-08-12T18:46:38.442+0000] {processor.py:208} INFO - Processing /opt/airflow/dags/dag_bronze.py took 0.504 seconds
[2026-08-12T18:47:08.845+0000] {processor.py:186} INFO - Started process (PID=459) to work on /opt/airflow/dags/dag_bronze.py
[2026-08-12T18:47:08.849+0000] {processor.py:914} INFO - Processing file /opt/airflow/dags/dag_bronze.py for tasks to queue
[2026-08-12T18:47:08.854+0000] {logging_mixin.py:190} INFO - [2026-08-12T18:47:08.853+0000] {dagbag.py:587} INFO - Filling up the DagBag from /opt/airflow/dags/dag_bronze.py
[2026-08-12T18:47:09.291+0000] {processor.py:925} INFO - DAG(s) 'dag_bronze_customers' retrieved from /opt/airflow/dags/dag_bronze.py
[2026-08-12T18:47:09.332+0000] {logging_mixin.py:190} INFO - [2026-08-12T18:47:09.331+0000] {dag.py:3211} INFO - Sync 1 DAGs
[2026-08-12T18:47:09.352+0000] {logging_mixin.py:190} INFO - [2026-08-12T18:47:09.352+0000] {dag.py:4138} INFO - Setting next_dagrun for dag_bronze_customers to None, run_after=None
[2026-08-12T18:47:09.386+0000] {processor.py:208} INFO - Processing /opt/airflow/dags/dag_bronze.py took 0.557 seconds
[2026-08-12T18:47:39.871+0000] {processor.py:186} INFO - Started process (PID=462) to work on /opt/airflow/dags/dag_bronze.py
[2026-08-12T18:47:39.873+0000] {processor.py:914} INFO - Processing file /opt/airflow/dags/dag_bronze.py for tasks to queue
[2026-08-12T18:47:39.876+0000] {logging_mixin.py:190} INFO - [2026-08-12T18:47:39.876+0000] {dagbag.py:587} INFO - Filling up the DagBag from /opt/airflow/dags/dag_bronze.py
[2026-08-12T18:47:40.282+0000] {processor.py:925} INFO - DAG(s) 'dag_bronze_customers' retrieved from /opt/airflow/dags/dag_bronze.py
[2026-08-12T18:47:40.317+0000] {logging_mixin.py:190} INFO - [2026-08-12T18:47:40.317+0000] {dag.py:3211} INFO - Sync 1 DAGs
[2026-08-12T18:47:40.335+0000] {logging_mixin.py:190} INFO - [2026-08-12T18:47:40.335+0000] {dag.py:4138} INFO - Setting next_dagrun for dag_bronze_customers to None, run_after=None
[2026-08-12T18:47:40.381+0000] {processor.py:208} INFO - Processing /opt/airflow/dags/dag_bronze.py took 0.519 seconds
[2026-08-12T18:48:10.990+0000] {processor.py:186} INFO - Started process (PID=472) to work on /opt/airflow/dags/dag_bronze.py
[2026-08-12T18:48:10.992+0000] {processor.py:914} INFO - Processing file /opt/airflow/dags/dag_bronze.py for tasks to queue
[2026-08-12T18:48:10.998+0000] {logging_mixin.py:190} INFO - [2026-08-12T18:48:10.997+0000] {dagbag.py:587} INFO - Filling up the DagBag from /opt/airflow/dags/dag_bronze.py
[2026-08-12T18:48:11.512+0000] {processor.py:925} INFO - DAG(s) 'dag_bronze_customers' retrieved from /opt/airflow/dags/dag_bronze.py
[2026-08-12T18:48:11.570+0000] {logging_mixin.py:190} INFO - [2026-08-12T18:48:11.570+0000] {dag.py:3211} INFO - Sync 1 DAGs
[2026-08-12T18:48:11.588+0000] {logging_mixin.py:190} INFO - [2026-08-12T18:48:11.588+0000] {dag.py:4138} INFO - Setting next_dagrun for dag_bronze_customers to None, run_after=None
[2026-08-12T18:48:11.620+0000] {processor.py:208} INFO - Processing /opt/airflow/dags/dag_bronze.py took 0.645 seconds
[2026-08-12T18:48:42.039+0000] {processor.py:186} INFO - Started process (PID=482) to work on /opt/airflow/dags/dag_bronze.py
[2026-08-12T18:48:42.041+0000] {processor.py:914} INFO - Processing file /opt/airflow/dags/dag_bronze.py for tasks to queue
[2026-08-12T18:48:42.046+0000] {logging_mixin.py:190} INFO - [2026-08-12T18:48:42.045+0000] {dagbag.py:587} INFO - Filling up the DagBag from /opt/airflow/dags/dag_bronze.py
[2026-08-12T18:48:42.472+0000] {processor.py:925} INFO - DAG(s) 'dag_bronze_customers' retrieved from /opt/airflow/dags/dag_bronze.py
[2026-08-12T18:48:42.508+0000] {logging_mixin.py:190} INFO - [2026-08-12T18:48:42.508+0000] {dag.py:3211} INFO - Sync 1 DAGs
[2026-08-12T18:48:42.530+0000] {logging_mixin.py:190} INFO - [2026-08-12T18:48:42.529+0000] {dag.py:4138} INFO - Setting next_dagrun for dag_bronze_customers to None, run_after=None
[2026-08-12T18:48:42.585+0000] {processor.py:208} INFO - Processing /opt/airflow/dags/dag_bronze.py took 0.558 seconds
[2026-08-12T18:49:12.991+0000] {processor.py:186} INFO - Started process (PID=493) to work on /opt/airflow/dags/dag_bronze.py
[2026-08-12T18:49:12.993+0000] {processor.py:914} INFO - Processing file /opt/airflow/dags/dag_bronze.py for tasks to queue
[2026-08-12T18:49:13.001+0000] {logging_mixin.py:190} INFO - [2026-08-12T18:49:13.000+0000] {dagbag.py:587} INFO - Filling up the DagBag from /opt/airflow/dags/dag_bronze.py
[2026-08-12T18:49:13.460+0000] {processor.py:925} INFO - DAG(s) 'dag_bronze_customers' retrieved from /opt/airflow/dags/dag_bronze.py
[2026-08-12T18:49:13.496+0000] {logging_mixin.py:190} INFO - [2026-08-12T18:49:13.495+0000] {dag.py:3211} INFO - Sync 1 DAGs
[2026-08-12T18:49:13.516+0000] {logging_mixin.py:190} INFO - [2026-08-12T18:49:13.516+0000] {dag.py:4138} INFO - Setting next_dagrun for dag_bronze_customers to None, run_after=None
[2026-08-12T18:49:13.559+0000] {processor.py:208} INFO - Processing /opt/airflow/dags/dag_bronze.py took 0.582 seconds
[2026-08-12T18:49:43.787+0000] {processor.py:186} INFO - Started process (PID=503) to work on /opt/airflow/dags/dag_bronze.py
[2026-08-12T18:49:43.789+0000] {processor.py:914} INFO - Processing file /opt/airflow/dags/dag_bronze.py for tasks to queue
[2026-08-12T18:49:43.794+0000] {logging_mixin.py:190} INFO - [2026-08-12T18:49:43.793+0000] {dagbag.py:587} INFO - Filling up the DagBag from /opt/airflow/dags/dag_bronze.py
[2026-08-12T18:49:44.246+0000] {processor.py:925} INFO - DAG(s) 'dag_bronze_customers' retrieved from /opt/airflow/dags/dag_bronze.py
[2026-08-12T18:49:44.293+0000] {logging_mixin.py:190} INFO - [2026-08-12T18:49:44.292+0000] {dag.py:3211} INFO - Sync 1 DAGs
[2026-08-12T18:49:44.321+0000] {logging_mixin.py:190} INFO - [2026-08-12T18:49:44.321+0000] {dag.py:4138} INFO - Setting next_dagrun for dag_bronze_customers to None, run_after=None
[2026-08-12T18:49:44.366+0000] {processor.py:208} INFO - Processing /opt/airflow/dags/dag_bronze.py took 0.589 seconds
[2026-08-12T18:50:14.620+0000] {processor.py:186} INFO - Started process (PID=513) to work on /opt/airflow/dags/dag_bronze.py
[2026-08-12T18:50:14.622+0000] {processor.py:914} INFO - Processing file /opt/airflow/dags/dag_bronze.py for tasks to queue
[2026-08-12T18:50:14.626+0000] {logging_mixin.py:190} INFO - [2026-08-12T18:50:14.626+0000] {dagbag.py:587} INFO - Filling up the DagBag from /opt/airflow/dags/dag_bronze.py
[2026-08-12T18:50:15.003+0000] {processor.py:925} INFO - DAG(s) 'dag_bronze_customers' retrieved from /opt/airflow/dags/dag_bronze.py
[2026-08-12T18:50:15.040+0000] {logging_mixin.py:190} INFO - [2026-08-12T18:50:15.040+0000] {dag.py:3211} INFO - Sync 1 DAGs
[2026-08-12T18:50:15.059+0000] {logging_mixin.py:190} INFO - [2026-08-12T18:50:15.059+0000] {dag.py:4138} INFO - Setting next_dagrun for dag_bronze_customers to None, run_after=None
[2026-08-12T18:50:15.101+0000] {processor.py:208} INFO - Processing /opt/airflow/dags/dag_bronze.py took 0.495 seconds
[2026-08-12T18:50:45.672+0000] {processor.py:186} INFO - Started process (PID=523) to work on /opt/airflow/dags/dag_bronze.py
[2026-08-12T18:50:45.675+0000] {processor.py:914} INFO - Processing file /opt/airflow/dags/dag_bronze.py for tasks to queue
[2026-08-12T18:50:45.680+0000] {logging_mixin.py:190} INFO - [2026-08-12T18:50:45.679+0000] {dagbag.py:587} INFO - Filling up the DagBag from /opt/airflow/dags/dag_bronze.py
[2026-08-12T18:50:46.236+0000] {processor.py:925} INFO - DAG(s) 'dag_bronze_customers' retrieved from /opt/airflow/dags/dag_bronze.py
[2026-08-12T18:50:46.294+0000] {logging_mixin.py:190} INFO - [2026-08-12T18:50:46.293+0000] {dag.py:3211} INFO - Sync 1 DAGs
[2026-08-12T18:50:46.324+0000] {logging_mixin.py:190} INFO - [2026-08-12T18:50:46.323+0000] {dag.py:4138} INFO - Setting next_dagrun for dag_bronze_customers to None, run_after=None
[2026-08-12T18:50:46.368+0000] {processor.py:208} INFO - Processing /opt/airflow/dags/dag_bronze.py took 0.708 seconds
[2026-08-12T18:51:16.715+0000] {processor.py:186} INFO - Started process (PID=533) to work on /opt/airflow/dags/dag_bronze.py
[2026-08-12T18:51:16.718+0000] {processor.py:914} INFO - Processing file /opt/airflow/dags/dag_bronze.py for tasks to queue
[2026-08-12T18:51:16.723+0000] {logging_mixin.py:190} INFO - [2026-08-12T18:51:16.723+0000] {dagbag.py:587} INFO - Filling up the DagBag from /opt/airflow/dags/dag_bronze.py
[2026-08-12T18:51:17.178+0000] {processor.py:925} INFO - DAG(s) 'dag_bronze_customers' retrieved from /opt/airflow/dags/dag_bronze.py
[2026-08-12T18:51:17.219+0000] {logging_mixin.py:190} INFO - [2026-08-12T18:51:17.218+0000] {dag.py:3211} INFO - Sync 1 DAGs
[2026-08-12T18:51:17.238+0000] {logging_mixin.py:190} INFO - [2026-08-12T18:51:17.237+0000] {dag.py:4138} INFO - Setting next_dagrun for dag_bronze_customers to None, run_after=None
[2026-08-12T18:51:17.286+0000] {processor.py:208} INFO - Processing /opt/airflow/dags/dag_bronze.py took 0.581 seconds
[2026-08-12T18:51:47.850+0000] {processor.py:186} INFO - Started process (PID=543) to work on /opt/airflow/dags/dag_bronze.py
[2026-08-12T18:51:47.853+0000] {processor.py:914} INFO - Processing file /opt/airflow/dags/dag_bronze.py for tasks to queue
[2026-08-12T18:51:47.859+0000] {logging_mixin.py:190} INFO - [2026-08-12T18:51:47.858+0000] {dagbag.py:587} INFO - Filling up the DagBag from /opt/airflow/dags/dag_bronze.py
[2026-08-12T18:51:48.360+0000] {processor.py:925} INFO - DAG(s) 'dag_bronze_customers' retrieved from /opt/airflow/dags/dag_bronze.py
[2026-08-12T18:51:48.414+0000] {logging_mixin.py:190} INFO - [2026-08-12T18:51:48.414+0000] {dag.py:3211} INFO - Sync 1 DAGs
[2026-08-12T18:51:48.450+0000] {logging_mixin.py:190} INFO - [2026-08-12T18:51:48.449+0000] {dag.py:4138} INFO - Setting next_dagrun for dag_bronze_customers to None, run_after=None
[2026-08-12T18:51:48.503+0000] {processor.py:208} INFO - Processing /opt/airflow/dags/dag_bronze.py took 0.668 seconds
[2026-08-12T18:52:18.776+0000] {processor.py:186} INFO - Started process (PID=546) to work on /opt/airflow/dags/dag_bronze.py
[2026-08-12T18:52:18.779+0000] {processor.py:914} INFO - Processing file /opt/airflow/dags/dag_bronze.py for tasks to queue
[2026-08-12T18:52:18.785+0000] {logging_mixin.py:190} INFO - [2026-08-12T18:52:18.784+0000] {dagbag.py:587} INFO - Filling up the DagBag from /opt/airflow/dags/dag_bronze.py
[2026-08-12T18:52:19.268+0000] {processor.py:925} INFO - DAG(s) 'dag_bronze_customers' retrieved from /opt/airflow/dags/dag_bronze.py
[2026-08-12T18:52:19.307+0000] {logging_mixin.py:190} INFO - [2026-08-12T18:52:19.307+0000] {dag.py:3211} INFO - Sync 1 DAGs
[2026-08-12T18:52:19.330+0000] {logging_mixin.py:190} INFO - [2026-08-12T18:52:19.329+0000] {dag.py:4138} INFO - Setting next_dagrun for dag_bronze_customers to None, run_after=None
[2026-08-12T18:52:19.369+0000] {processor.py:208} INFO - Processing /opt/airflow/dags/dag_bronze.py took 0.605 seconds
[2026-08-12T18:52:49.729+0000] {processor.py:186} INFO - Started process (PID=556) to work on /opt/airflow/dags/dag_bronze.py
[2026-08-12T18:52:49.732+0000] {processor.py:914} INFO - Processing file /opt/airflow/dags/dag_bronze.py for tasks to queue
[2026-08-12T18:52:49.741+0000] {logging_mixin.py:190} INFO - [2026-08-12T18:52:49.740+0000] {dagbag.py:587} INFO - Filling up the DagBag from /opt/airflow/dags/dag_bronze.py
[2026-08-12T18:52:50.201+0000] {processor.py:925} INFO - DAG(s) 'dag_bronze_customers' retrieved from /opt/airflow/dags/dag_bronze.py
[2026-08-12T18:52:50.235+0000] {logging_mixin.py:190} INFO - [2026-08-12T18:52:50.235+0000] {dag.py:3211} INFO - Sync 1 DAGs
[2026-08-12T18:52:50.253+0000] {logging_mixin.py:190} INFO - [2026-08-12T18:52:50.252+0000] {dag.py:4138} INFO - Setting next_dagrun for dag_bronze_customers to None, run_after=None
[2026-08-12T18:52:50.308+0000] {processor.py:208} INFO - Processing /opt/airflow/dags/dag_bronze.py took 0.592 seconds
[2026-08-12T18:53:20.452+0000] {processor.py:186} INFO - Started process (PID=566) to work on /opt/airflow/dags/dag_bronze.py
[2026-08-12T18:53:20.454+0000] {processor.py:914} INFO - Processing file /opt/airflow/dags/dag_bronze.py for tasks to queue
[2026-08-12T18:53:20.459+0000] {logging_mixin.py:190} INFO - [2026-08-12T18:53:20.458+0000] {dagbag.py:587} INFO - Filling up the DagBag from /opt/airflow/dags/dag_bronze.py
[2026-08-12T18:53:20.904+0000] {processor.py:925} INFO - DAG(s) 'dag_bronze_customers' retrieved from /opt/airflow/dags/dag_bronze.py
[2026-08-12T18:53:20.942+0000] {logging_mixin.py:190} INFO - [2026-08-12T18:53:20.941+0000] {dag.py:3211} INFO - Sync 1 DAGs
[2026-08-12T18:53:20.959+0000] {logging_mixin.py:190} INFO - [2026-08-12T18:53:20.959+0000] {dag.py:4138} INFO - Setting next_dagrun for dag_bronze_customers to None, run_after=None
[2026-08-12T18:53:21.001+0000] {processor.py:208} INFO - Processing /opt/airflow/dags/dag_bronze.py took 0.560 seconds
[2026-08-12T18:53:51.229+0000] {processor.py:186} INFO - Started process (PID=577) to work on /opt/airflow/dags/dag_bronze.py
[2026-08-12T18:53:51.232+0000] {processor.py:914} INFO - Processing file /opt/airflow/dags/dag_bronze.py for tasks to queue
[2026-08-12T18:53:51.244+0000] {logging_mixin.py:190} INFO - [2026-08-12T18:53:51.243+0000] {dagbag.py:587} INFO - Filling up the DagBag from /opt/airflow/dags/dag_bronze.py
[2026-08-12T18:53:51.737+0000] {processor.py:925} INFO - DAG(s) 'dag_bronze_customers' retrieved from /opt/airflow/dags/dag_bronze.py
[2026-08-12T18:53:51.771+0000] {logging_mixin.py:190} INFO - [2026-08-12T18:53:51.771+0000] {dag.py:3211} INFO - Sync 1 DAGs
[2026-08-12T18:53:51.790+0000] {logging_mixin.py:190} INFO - [2026-08-12T18:53:51.790+0000] {dag.py:4138} INFO - Setting next_dagrun for dag_bronze_customers to None, run_after=None
[2026-08-12T18:53:51.830+0000] {processor.py:208} INFO - Processing /opt/airflow/dags/dag_bronze.py took 0.617 seconds
[2026-08-12T18:54:21.985+0000] {processor.py:186} INFO - Started process (PID=587) to work on /opt/airflow/dags/dag_bronze.py
[2026-08-12T18:54:21.987+0000] {processor.py:914} INFO - Processing file /opt/airflow/dags/dag_bronze.py for tasks to queue
[2026-08-12T18:54:21.992+0000] {logging_mixin.py:190} INFO - [2026-08-12T18:54:21.992+0000] {dagbag.py:587} INFO - Filling up the DagBag from /opt/airflow/dags/dag_bronze.py
[2026-08-12T18:54:22.441+0000] {processor.py:925} INFO - DAG(s) 'dag_bronze_customers' retrieved from /opt/airflow/dags/dag_bronze.py
[2026-08-12T18:54:22.489+0000] {logging_mixin.py:190} INFO - [2026-08-12T18:54:22.488+0000] {dag.py:3211} INFO - Sync 1 DAGs
[2026-08-12T18:54:22.518+0000] {logging_mixin.py:190} INFO - [2026-08-12T18:54:22.517+0000] {dag.py:4138} INFO - Setting next_dagrun for dag_bronze_customers to None, run_after=None
[2026-08-12T18:54:22.578+0000] {processor.py:208} INFO - Processing /opt/airflow/dags/dag_bronze.py took 0.606 seconds
[2026-08-12T18:54:52.779+0000] {processor.py:186} INFO - Started process (PID=597) to work on /opt/airflow/dags/dag_bronze.py
[2026-08-12T18:54:52.781+0000] {processor.py:914} INFO - Processing file /opt/airflow/dags/dag_bronze.py for tasks to queue
[2026-08-12T18:54:52.786+0000] {logging_mixin.py:190} INFO - [2026-08-12T18:54:52.785+0000] {dagbag.py:587} INFO - Filling up the DagBag from /opt/airflow/dags/dag_bronze.py
[2026-08-12T18:54:53.231+0000] {processor.py:925} INFO - DAG(s) 'dag_bronze_customers' retrieved from /opt/airflow/dags/dag_bronze.py
[2026-08-12T18:54:53.268+0000] {logging_mixin.py:190} INFO - [2026-08-12T18:54:53.267+0000] {dag.py:3211} INFO - Sync 1 DAGs
[2026-08-12T18:54:53.289+0000] {logging_mixin.py:190} INFO - [2026-08-12T18:54:53.288+0000] {dag.py:4138} INFO - Setting next_dagrun for dag_bronze_customers to None, run_after=None
[2026-08-12T18:54:53.329+0000] {processor.py:208} INFO - Processing /opt/airflow/dags/dag_bronze.py took 0.562 seconds
[2026-08-12T18:55:23.563+0000] {processor.py:186} INFO - Started process (PID=607) to work on /opt/airflow/dags/dag_bronze.py
[2026-08-12T18:55:23.565+0000] {processor.py:914} INFO - Processing file /opt/airflow/dags/dag_bronze.py for tasks to queue
[2026-08-12T18:55:23.569+0000] {logging_mixin.py:190} INFO - [2026-08-12T18:55:23.569+0000] {dagbag.py:587} INFO - Filling up the DagBag from /opt/airflow/dags/dag_bronze.py
[2026-08-12T18:55:23.976+0000] {processor.py:925} INFO - DAG(s) 'dag_bronze_customers' retrieved from /opt/airflow/dags/dag_bronze.py
[2026-08-12T18:55:24.032+0000] {logging_mixin.py:190} INFO - [2026-08-12T18:55:24.032+0000] {dag.py:3211} INFO - Sync 1 DAGs
[2026-08-12T18:55:24.063+0000] {logging_mixin.py:190} INFO - [2026-08-12T18:55:24.062+0000] {dag.py:4138} INFO - Setting next_dagrun for dag_bronze_customers to None, run_after=None
[2026-08-12T18:55:24.114+0000] {processor.py:208} INFO - Processing /opt/airflow/dags/dag_bronze.py took 0.560 seconds
[2026-08-12T18:55:54.497+0000] {processor.py:186} INFO - Started process (PID=617) to work on /opt/airflow/dags/dag_bronze.py
[2026-08-12T18:55:54.500+0000] {processor.py:914} INFO - Processing file /opt/airflow/dags/dag_bronze.py for tasks to queue
[2026-08-12T18:55:54.508+0000] {logging_mixin.py:190} INFO - [2026-08-12T18:55:54.507+0000] {dagbag.py:587} INFO - Filling up the DagBag from /opt/airflow/dags/dag_bronze.py
[2026-08-12T18:55:55.022+0000] {processor.py:925} INFO - DAG(s) 'dag_bronze_customers' retrieved from /opt/airflow/dags/dag_bronze.py
[2026-08-12T18:55:55.093+0000] {logging_mixin.py:190} INFO - [2026-08-12T18:55:55.092+0000] {dag.py:3211} INFO - Sync 1 DAGs
[2026-08-12T18:55:55.134+0000] {logging_mixin.py:190} INFO - [2026-08-12T18:55:55.134+0000] {dag.py:4138} INFO - Setting next_dagrun for dag_bronze_customers to None, run_after=None
[2026-08-12T18:55:55.200+0000] {processor.py:208} INFO - Processing /opt/airflow/dags/dag_bronze.py took 0.717 seconds
[2026-08-12T18:56:25.310+0000] {processor.py:186} INFO - Started process (PID=620) to work on /opt/airflow/dags/dag_bronze.py
[2026-08-12T18:56:25.312+0000] {processor.py:914} INFO - Processing file /opt/airflow/dags/dag_bronze.py for tasks to queue
[2026-08-12T18:56:25.316+0000] {logging_mixin.py:190} INFO - [2026-08-12T18:56:25.316+0000] {dagbag.py:587} INFO - Filling up the DagBag from /opt/airflow/dags/dag_bronze.py
[2026-08-12T18:56:25.790+0000] {processor.py:925} INFO - DAG(s) 'dag_bronze_customers' retrieved from /opt/airflow/dags/dag_bronze.py
[2026-08-12T18:56:25.834+0000] {logging_mixin.py:190} INFO - [2026-08-12T18:56:25.834+0000] {dag.py:3211} INFO - Sync 1 DAGs
[2026-08-12T18:56:25.858+0000] {logging_mixin.py:190} INFO - [2026-08-12T18:56:25.858+0000] {dag.py:4138} INFO - Setting next_dagrun for dag_bronze_customers to None, run_after=None
[2026-08-12T18:56:25.910+0000] {processor.py:208} INFO - Processing /opt/airflow/dags/dag_bronze.py took 0.609 seconds
[2026-08-12T18:56:56.041+0000] {processor.py:186} INFO - Started process (PID=630) to work on /opt/airflow/dags/dag_bronze.py
[2026-08-12T18:56:56.043+0000] {processor.py:914} INFO - Processing file /opt/airflow/dags/dag_bronze.py for tasks to queue
[2026-08-12T18:56:56.049+0000] {logging_mixin.py:190} INFO - [2026-08-12T18:56:56.048+0000] {dagbag.py:587} INFO - Filling up the DagBag from /opt/airflow/dags/dag_bronze.py
[2026-08-12T18:56:56.486+0000] {processor.py:925} INFO - DAG(s) 'dag_bronze_customers' retrieved from /opt/airflow/dags/dag_bronze.py
[2026-08-12T18:56:56.533+0000] {logging_mixin.py:190} INFO - [2026-08-12T18:56:56.533+0000] {dag.py:3211} INFO - Sync 1 DAGs
[2026-08-12T18:56:56.563+0000] {logging_mixin.py:190} INFO - [2026-08-12T18:56:56.563+0000] {dag.py:4138} INFO - Setting next_dagrun for dag_bronze_customers to None, run_after=None
[2026-08-12T18:56:56.614+0000] {processor.py:208} INFO - Processing /opt/airflow/dags/dag_bronze.py took 0.585 seconds
[2026-08-12T18:57:27.130+0000] {processor.py:186} INFO - Started process (PID=640) to work on /opt/airflow/dags/dag_bronze.py
[2026-08-12T18:57:27.131+0000] {processor.py:914} INFO - Processing file /opt/airflow/dags/dag_bronze.py for tasks to queue
[2026-08-12T18:57:27.136+0000] {logging_mixin.py:190} INFO - [2026-08-12T18:57:27.135+0000] {dagbag.py:587} INFO - Filling up the DagBag from /opt/airflow/dags/dag_bronze.py
[2026-08-12T18:57:27.550+0000] {processor.py:925} INFO - DAG(s) 'dag_bronze_customers' retrieved from /opt/airflow/dags/dag_bronze.py
[2026-08-12T18:57:27.589+0000] {logging_mixin.py:190} INFO - [2026-08-12T18:57:27.588+0000] {dag.py:3211} INFO - Sync 1 DAGs
[2026-08-12T18:57:27.610+0000] {logging_mixin.py:190} INFO - [2026-08-12T18:57:27.610+0000] {dag.py:4138} INFO - Setting next_dagrun for dag_bronze_customers to None, run_after=None
[2026-08-12T18:57:27.644+0000] {processor.py:208} INFO - Processing /opt/airflow/dags/dag_bronze.py took 0.524 seconds
[2026-08-12T18:57:58.195+0000] {processor.py:186} INFO - Started process (PID=650) to work on /opt/airflow/dags/dag_bronze.py
[2026-08-12T18:57:58.196+0000] {processor.py:914} INFO - Processing file /opt/airflow/dags/dag_bronze.py for tasks to queue
[2026-08-12T18:57:58.201+0000] {logging_mixin.py:190} INFO - [2026-08-12T18:57:58.200+0000] {dagbag.py:587} INFO - Filling up the DagBag from /opt/airflow/dags/dag_bronze.py
[2026-08-12T18:58:07.325+0000] {logging_mixin.py:190} INFO - [2026-08-12T18:58:07.275+0000] {dagbag.py:386} ERROR - Failed to import: /opt/airflow/dags/dag_bronze.py
Traceback (most recent call last):
  File "/home/airflow/.local/lib/python3.12/site-packages/airflow/models/dagbag.py", line 382, in parse
    loader.exec_module(new_module)
  File "<frozen importlib._bootstrap_external>", line 995, in exec_module
  File "<frozen importlib._bootstrap>", line 488, in _call_with_frames_removed
  File "/opt/airflow/dags/dag_bronze.py", line 8, in <module>
    from bronze_customers import process_bronze_customers
  File "/opt/airflow/scripts/bronze_customers.py", line 6, in <module>
    df_landing = spark.read.json("1_landing/customers/*")
                 ^^^^^^^^^^^^^^^^^^^^^^^^^^^^^^^^^^^^^^^^
  File "/home/airflow/.local/lib/python3.12/site-packages/pyspark/sql/readwriter.py", line 425, in json
    return self._df(self._jreader.json(self._spark._sc._jvm.PythonUtils.toSeq(path)))
                    ^^^^^^^^^^^^^^^^^^^^^^^^^^^^^^^^^^^^^^^^^^^^^^^^^^^^^^^^^^^^^^^^
  File "/home/airflow/.local/lib/python3.12/site-packages/py4j/java_gateway.py", line 1322, in __call__
    return_value = get_return_value(
                   ^^^^^^^^^^^^^^^^^
  File "/home/airflow/.local/lib/python3.12/site-packages/pyspark/errors/exceptions/captured.py", line 185, in deco
    raise converted from None
pyspark.errors.exceptions.captured.AnalysisException: [PATH_NOT_FOUND] Path does not exist: file:/opt/airflow/1_landing/customers/*.
[2026-08-12T18:58:07.341+0000] {processor.py:927} WARNING - No viable dags retrieved from /opt/airflow/dags/dag_bronze.py
[2026-08-12T18:58:07.422+0000] {processor.py:208} INFO - Processing /opt/airflow/dags/dag_bronze.py took 9.237 seconds
[2026-08-12T18:58:38.033+0000] {processor.py:186} INFO - Started process (PID=822) to work on /opt/airflow/dags/dag_bronze.py
[2026-08-12T18:58:38.036+0000] {processor.py:914} INFO - Processing file /opt/airflow/dags/dag_bronze.py for tasks to queue
[2026-08-12T18:58:38.043+0000] {logging_mixin.py:190} INFO - [2026-08-12T18:58:38.042+0000] {dagbag.py:587} INFO - Filling up the DagBag from /opt/airflow/dags/dag_bronze.py
[2026-08-12T18:58:44.760+0000] {logging_mixin.py:190} INFO - [2026-08-12T18:58:44.737+0000] {dagbag.py:386} ERROR - Failed to import: /opt/airflow/dags/dag_bronze.py
Traceback (most recent call last):
  File "/home/airflow/.local/lib/python3.12/site-packages/airflow/models/dagbag.py", line 382, in parse
    loader.exec_module(new_module)
  File "<frozen importlib._bootstrap_external>", line 995, in exec_module
  File "<frozen importlib._bootstrap>", line 488, in _call_with_frames_removed
  File "/opt/airflow/dags/dag_bronze.py", line 8, in <module>
    from bronze_customers import process_bronze_customers
  File "/opt/airflow/scripts/bronze_customers.py", line 6, in <module>
    df_landing = spark.read.json("1_landing/customers/*")
                 ^^^^^^^^^^^^^^^^^^^^^^^^^^^^^^^^^^^^^^^^
  File "/home/airflow/.local/lib/python3.12/site-packages/pyspark/sql/readwriter.py", line 425, in json
    return self._df(self._jreader.json(self._spark._sc._jvm.PythonUtils.toSeq(path)))
                    ^^^^^^^^^^^^^^^^^^^^^^^^^^^^^^^^^^^^^^^^^^^^^^^^^^^^^^^^^^^^^^^^
  File "/home/airflow/.local/lib/python3.12/site-packages/py4j/java_gateway.py", line 1322, in __call__
    return_value = get_return_value(
                   ^^^^^^^^^^^^^^^^^
  File "/home/airflow/.local/lib/python3.12/site-packages/pyspark/errors/exceptions/captured.py", line 185, in deco
    raise converted from None
pyspark.errors.exceptions.captured.AnalysisException: [PATH_NOT_FOUND] Path does not exist: file:/opt/airflow/1_landing/customers/*.
[2026-08-12T18:58:44.768+0000] {processor.py:927} WARNING - No viable dags retrieved from /opt/airflow/dags/dag_bronze.py
[2026-08-12T18:58:44.826+0000] {processor.py:208} INFO - Processing /opt/airflow/dags/dag_bronze.py took 6.807 seconds
[2026-08-12T18:59:15.011+0000] {processor.py:186} INFO - Started process (PID=989) to work on /opt/airflow/dags/dag_bronze.py
[2026-08-12T18:59:15.014+0000] {processor.py:914} INFO - Processing file /opt/airflow/dags/dag_bronze.py for tasks to queue
[2026-08-12T18:59:15.019+0000] {logging_mixin.py:190} INFO - [2026-08-12T18:59:15.018+0000] {dagbag.py:587} INFO - Filling up the DagBag from /opt/airflow/dags/dag_bronze.py
[2026-08-12T18:59:22.670+0000] {logging_mixin.py:190} INFO - [2026-08-12T18:59:22.648+0000] {dagbag.py:386} ERROR - Failed to import: /opt/airflow/dags/dag_bronze.py
Traceback (most recent call last):
  File "/home/airflow/.local/lib/python3.12/site-packages/airflow/models/dagbag.py", line 382, in parse
    loader.exec_module(new_module)
  File "<frozen importlib._bootstrap_external>", line 995, in exec_module
  File "<frozen importlib._bootstrap>", line 488, in _call_with_frames_removed
  File "/opt/airflow/dags/dag_bronze.py", line 8, in <module>
    from bronze_customers import process_bronze_customers
  File "/opt/airflow/scripts/bronze_customers.py", line 6, in <module>
    df_landing = spark.read.json("1_landing/customers/*")
                 ^^^^^^^^^^^^^^^^^^^^^^^^^^^^^^^^^^^^^^^^
  File "/home/airflow/.local/lib/python3.12/site-packages/pyspark/sql/readwriter.py", line 425, in json
    return self._df(self._jreader.json(self._spark._sc._jvm.PythonUtils.toSeq(path)))
                    ^^^^^^^^^^^^^^^^^^^^^^^^^^^^^^^^^^^^^^^^^^^^^^^^^^^^^^^^^^^^^^^^
  File "/home/airflow/.local/lib/python3.12/site-packages/py4j/java_gateway.py", line 1322, in __call__
    return_value = get_return_value(
                   ^^^^^^^^^^^^^^^^^
  File "/home/airflow/.local/lib/python3.12/site-packages/pyspark/errors/exceptions/captured.py", line 185, in deco
    raise converted from None
pyspark.errors.exceptions.captured.AnalysisException: [PATH_NOT_FOUND] Path does not exist: file:/opt/airflow/1_landing/customers/*.
[2026-08-12T18:59:22.679+0000] {processor.py:927} WARNING - No viable dags retrieved from /opt/airflow/dags/dag_bronze.py
[2026-08-12T18:59:22.740+0000] {processor.py:208} INFO - Processing /opt/airflow/dags/dag_bronze.py took 7.753 seconds
[2026-08-12T18:59:53.290+0000] {processor.py:186} INFO - Started process (PID=1156) to work on /opt/airflow/dags/dag_bronze.py
[2026-08-12T18:59:53.292+0000] {processor.py:914} INFO - Processing file /opt/airflow/dags/dag_bronze.py for tasks to queue
[2026-08-12T18:59:53.297+0000] {logging_mixin.py:190} INFO - [2026-08-12T18:59:53.296+0000] {dagbag.py:587} INFO - Filling up the DagBag from /opt/airflow/dags/dag_bronze.py
[2026-08-12T19:00:04.485+0000] {logging_mixin.py:190} INFO - [2026-08-12T19:00:04.445+0000] {dagbag.py:386} ERROR - Failed to import: /opt/airflow/dags/dag_bronze.py
Traceback (most recent call last):
  File "/home/airflow/.local/lib/python3.12/site-packages/airflow/models/dagbag.py", line 382, in parse
    loader.exec_module(new_module)
  File "<frozen importlib._bootstrap_external>", line 995, in exec_module
  File "<frozen importlib._bootstrap>", line 488, in _call_with_frames_removed
  File "/opt/airflow/dags/dag_bronze.py", line 8, in <module>
    from bronze_customers import process_bronze_customers
  File "/opt/airflow/scripts/bronze_customers.py", line 6, in <module>
    df_landing = spark.read.json("1_landing/customers/*")
                 ^^^^^^^^^^^^^^^^^^^^^^^^^^^^^^^^^^^^^^^^
  File "/home/airflow/.local/lib/python3.12/site-packages/pyspark/sql/readwriter.py", line 425, in json
    return self._df(self._jreader.json(self._spark._sc._jvm.PythonUtils.toSeq(path)))
                    ^^^^^^^^^^^^^^^^^^^^^^^^^^^^^^^^^^^^^^^^^^^^^^^^^^^^^^^^^^^^^^^^
  File "/home/airflow/.local/lib/python3.12/site-packages/py4j/java_gateway.py", line 1322, in __call__
    return_value = get_return_value(
                   ^^^^^^^^^^^^^^^^^
  File "/home/airflow/.local/lib/python3.12/site-packages/pyspark/errors/exceptions/captured.py", line 185, in deco
    raise converted from None
pyspark.errors.exceptions.captured.AnalysisException: [PATH_NOT_FOUND] Path does not exist: file:/opt/airflow/1_landing/customers/*.
[2026-08-12T19:00:04.502+0000] {processor.py:927} WARNING - No viable dags retrieved from /opt/airflow/dags/dag_bronze.py
[2026-08-12T19:00:04.565+0000] {processor.py:208} INFO - Processing /opt/airflow/dags/dag_bronze.py took 11.285 seconds
[2026-08-12T19:00:35.114+0000] {processor.py:186} INFO - Started process (PID=1327) to work on /opt/airflow/dags/dag_bronze.py
[2026-08-12T19:00:35.117+0000] {processor.py:914} INFO - Processing file /opt/airflow/dags/dag_bronze.py for tasks to queue
[2026-08-12T19:00:35.121+0000] {logging_mixin.py:190} INFO - [2026-08-12T19:00:35.121+0000] {dagbag.py:587} INFO - Filling up the DagBag from /opt/airflow/dags/dag_bronze.py
[2026-08-12T19:00:44.004+0000] {logging_mixin.py:190} INFO - [2026-08-12T19:00:43.988+0000] {dagbag.py:386} ERROR - Failed to import: /opt/airflow/dags/dag_bronze.py
Traceback (most recent call last):
  File "/home/airflow/.local/lib/python3.12/site-packages/airflow/models/dagbag.py", line 382, in parse
    loader.exec_module(new_module)
  File "<frozen importlib._bootstrap_external>", line 995, in exec_module
  File "<frozen importlib._bootstrap>", line 488, in _call_with_frames_removed
  File "/opt/airflow/dags/dag_bronze.py", line 8, in <module>
    from bronze_customers import process_bronze_customers
  File "/opt/airflow/scripts/bronze_customers.py", line 6, in <module>
    df_landing = spark.read.json("1_landing/customers/*")
                 ^^^^^^^^^^^^^^^^^^^^^^^^^^^^^^^^^^^^^^^^
  File "/home/airflow/.local/lib/python3.12/site-packages/pyspark/sql/readwriter.py", line 425, in json
    return self._df(self._jreader.json(self._spark._sc._jvm.PythonUtils.toSeq(path)))
                    ^^^^^^^^^^^^^^^^^^^^^^^^^^^^^^^^^^^^^^^^^^^^^^^^^^^^^^^^^^^^^^^^
  File "/home/airflow/.local/lib/python3.12/site-packages/py4j/java_gateway.py", line 1322, in __call__
    return_value = get_return_value(
                   ^^^^^^^^^^^^^^^^^
  File "/home/airflow/.local/lib/python3.12/site-packages/pyspark/errors/exceptions/captured.py", line 185, in deco
    raise converted from None
pyspark.errors.exceptions.captured.AnalysisException: [PATH_NOT_FOUND] Path does not exist: file:/opt/airflow/1_landing/customers/*.
[2026-08-12T19:00:44.011+0000] {processor.py:927} WARNING - No viable dags retrieved from /opt/airflow/dags/dag_bronze.py
[2026-08-12T19:00:44.057+0000] {processor.py:208} INFO - Processing /opt/airflow/dags/dag_bronze.py took 8.959 seconds
[2026-08-12T19:01:14.300+0000] {processor.py:186} INFO - Started process (PID=1501) to work on /opt/airflow/dags/dag_bronze.py
[2026-08-12T19:01:14.305+0000] {processor.py:914} INFO - Processing file /opt/airflow/dags/dag_bronze.py for tasks to queue
[2026-08-12T19:01:14.308+0000] {logging_mixin.py:190} INFO - [2026-08-12T19:01:14.307+0000] {dagbag.py:587} INFO - Filling up the DagBag from /opt/airflow/dags/dag_bronze.py
[2026-08-12T19:01:26.615+0000] {logging_mixin.py:190} INFO - [2026-08-12T19:01:26.574+0000] {dagbag.py:386} ERROR - Failed to import: /opt/airflow/dags/dag_bronze.py
Traceback (most recent call last):
  File "/home/airflow/.local/lib/python3.12/site-packages/airflow/models/dagbag.py", line 382, in parse
    loader.exec_module(new_module)
  File "<frozen importlib._bootstrap_external>", line 995, in exec_module
  File "<frozen importlib._bootstrap>", line 488, in _call_with_frames_removed
  File "/opt/airflow/dags/dag_bronze.py", line 8, in <module>
    from bronze_customers import process_bronze_customers
  File "/opt/airflow/scripts/bronze_customers.py", line 6, in <module>
    df_landing = spark.read.json("1_landing/customers/*")
                 ^^^^^^^^^^^^^^^^^^^^^^^^^^^^^^^^^^^^^^^^
  File "/home/airflow/.local/lib/python3.12/site-packages/pyspark/sql/readwriter.py", line 425, in json
    return self._df(self._jreader.json(self._spark._sc._jvm.PythonUtils.toSeq(path)))
                    ^^^^^^^^^^^^^^^^^^^^^^^^^^^^^^^^^^^^^^^^^^^^^^^^^^^^^^^^^^^^^^^^
  File "/home/airflow/.local/lib/python3.12/site-packages/py4j/java_gateway.py", line 1322, in __call__
    return_value = get_return_value(
                   ^^^^^^^^^^^^^^^^^
  File "/home/airflow/.local/lib/python3.12/site-packages/pyspark/errors/exceptions/captured.py", line 185, in deco
    raise converted from None
pyspark.errors.exceptions.captured.AnalysisException: [PATH_NOT_FOUND] Path does not exist: file:/opt/airflow/1_landing/customers/*.
[2026-08-12T19:01:26.634+0000] {processor.py:927} WARNING - No viable dags retrieved from /opt/airflow/dags/dag_bronze.py
[2026-08-12T19:01:26.735+0000] {processor.py:208} INFO - Processing /opt/airflow/dags/dag_bronze.py took 12.451 seconds
[2026-08-12T19:01:56.939+0000] {processor.py:186} INFO - Started process (PID=1676) to work on /opt/airflow/dags/dag_bronze.py
[2026-08-12T19:01:56.941+0000] {processor.py:914} INFO - Processing file /opt/airflow/dags/dag_bronze.py for tasks to queue
[2026-08-12T19:01:56.943+0000] {logging_mixin.py:190} INFO - [2026-08-12T19:01:56.943+0000] {dagbag.py:587} INFO - Filling up the DagBag from /opt/airflow/dags/dag_bronze.py
[2026-08-12T19:02:03.495+0000] {logging_mixin.py:190} INFO - [2026-08-12T19:02:03.463+0000] {dagbag.py:386} ERROR - Failed to import: /opt/airflow/dags/dag_bronze.py
Traceback (most recent call last):
  File "/home/airflow/.local/lib/python3.12/site-packages/airflow/models/dagbag.py", line 382, in parse
    loader.exec_module(new_module)
  File "<frozen importlib._bootstrap_external>", line 995, in exec_module
  File "<frozen importlib._bootstrap>", line 488, in _call_with_frames_removed
  File "/opt/airflow/dags/dag_bronze.py", line 8, in <module>
    from bronze_customers import process_bronze_customers
  File "/opt/airflow/scripts/bronze_customers.py", line 6, in <module>
    df_landing = spark.read.json("1_landing/customers/*")
                 ^^^^^^^^^^^^^^^^^^^^^^^^^^^^^^^^^^^^^^^^
  File "/home/airflow/.local/lib/python3.12/site-packages/pyspark/sql/readwriter.py", line 425, in json
    return self._df(self._jreader.json(self._spark._sc._jvm.PythonUtils.toSeq(path)))
                    ^^^^^^^^^^^^^^^^^^^^^^^^^^^^^^^^^^^^^^^^^^^^^^^^^^^^^^^^^^^^^^^^
  File "/home/airflow/.local/lib/python3.12/site-packages/py4j/java_gateway.py", line 1322, in __call__
    return_value = get_return_value(
                   ^^^^^^^^^^^^^^^^^
  File "/home/airflow/.local/lib/python3.12/site-packages/pyspark/errors/exceptions/captured.py", line 185, in deco
    raise converted from None
pyspark.errors.exceptions.captured.AnalysisException: [PATH_NOT_FOUND] Path does not exist: file:/opt/airflow/1_landing/customers/*.
[2026-08-12T19:02:03.508+0000] {processor.py:927} WARNING - No viable dags retrieved from /opt/airflow/dags/dag_bronze.py
[2026-08-12T19:02:03.571+0000] {processor.py:208} INFO - Processing /opt/airflow/dags/dag_bronze.py took 6.645 seconds
[2026-08-12T19:02:34.103+0000] {processor.py:186} INFO - Started process (PID=1844) to work on /opt/airflow/dags/dag_bronze.py
[2026-08-12T19:02:34.105+0000] {processor.py:914} INFO - Processing file /opt/airflow/dags/dag_bronze.py for tasks to queue
[2026-08-12T19:02:34.108+0000] {logging_mixin.py:190} INFO - [2026-08-12T19:02:34.108+0000] {dagbag.py:587} INFO - Filling up the DagBag from /opt/airflow/dags/dag_bronze.py
[2026-08-12T19:02:40.915+0000] {logging_mixin.py:190} INFO - [2026-08-12T19:02:40.893+0000] {dagbag.py:386} ERROR - Failed to import: /opt/airflow/dags/dag_bronze.py
Traceback (most recent call last):
  File "/home/airflow/.local/lib/python3.12/site-packages/airflow/models/dagbag.py", line 382, in parse
    loader.exec_module(new_module)
  File "<frozen importlib._bootstrap_external>", line 995, in exec_module
  File "<frozen importlib._bootstrap>", line 488, in _call_with_frames_removed
  File "/opt/airflow/dags/dag_bronze.py", line 8, in <module>
    from bronze_customers import process_bronze_customers
  File "/opt/airflow/scripts/bronze_customers.py", line 6, in <module>
    df_landing = spark.read.json("1_landing/customers/*")
                 ^^^^^^^^^^^^^^^^^^^^^^^^^^^^^^^^^^^^^^^^
  File "/home/airflow/.local/lib/python3.12/site-packages/pyspark/sql/readwriter.py", line 425, in json
    return self._df(self._jreader.json(self._spark._sc._jvm.PythonUtils.toSeq(path)))
                    ^^^^^^^^^^^^^^^^^^^^^^^^^^^^^^^^^^^^^^^^^^^^^^^^^^^^^^^^^^^^^^^^
  File "/home/airflow/.local/lib/python3.12/site-packages/py4j/java_gateway.py", line 1322, in __call__
    return_value = get_return_value(
                   ^^^^^^^^^^^^^^^^^
  File "/home/airflow/.local/lib/python3.12/site-packages/pyspark/errors/exceptions/captured.py", line 185, in deco
    raise converted from None
pyspark.errors.exceptions.captured.AnalysisException: [PATH_NOT_FOUND] Path does not exist: file:/opt/airflow/1_landing/customers/*.
[2026-08-12T19:02:40.924+0000] {processor.py:927} WARNING - No viable dags retrieved from /opt/airflow/dags/dag_bronze.py
[2026-08-12T19:02:40.973+0000] {processor.py:208} INFO - Processing /opt/airflow/dags/dag_bronze.py took 6.883 seconds
[2026-08-12T19:03:11.950+0000] {processor.py:186} INFO - Started process (PID=2014) to work on /opt/airflow/dags/dag_bronze.py
[2026-08-12T19:03:11.953+0000] {processor.py:914} INFO - Processing file /opt/airflow/dags/dag_bronze.py for tasks to queue
[2026-08-12T19:03:11.958+0000] {logging_mixin.py:190} INFO - [2026-08-12T19:03:11.957+0000] {dagbag.py:587} INFO - Filling up the DagBag from /opt/airflow/dags/dag_bronze.py
[2026-08-12T19:03:20.328+0000] {logging_mixin.py:190} INFO - [2026-08-12T19:03:20.287+0000] {dagbag.py:386} ERROR - Failed to import: /opt/airflow/dags/dag_bronze.py
Traceback (most recent call last):
  File "/home/airflow/.local/lib/python3.12/site-packages/airflow/models/dagbag.py", line 382, in parse
    loader.exec_module(new_module)
  File "<frozen importlib._bootstrap_external>", line 995, in exec_module
  File "<frozen importlib._bootstrap>", line 488, in _call_with_frames_removed
  File "/opt/airflow/dags/dag_bronze.py", line 8, in <module>
    from bronze_customers import process_bronze_customers
  File "/opt/airflow/scripts/bronze_customers.py", line 6, in <module>
    df_landing = spark.read.json("1_landing/customers/*")
                 ^^^^^^^^^^^^^^^^^^^^^^^^^^^^^^^^^^^^^^^^
  File "/home/airflow/.local/lib/python3.12/site-packages/pyspark/sql/readwriter.py", line 425, in json
    return self._df(self._jreader.json(self._spark._sc._jvm.PythonUtils.toSeq(path)))
                    ^^^^^^^^^^^^^^^^^^^^^^^^^^^^^^^^^^^^^^^^^^^^^^^^^^^^^^^^^^^^^^^^
  File "/home/airflow/.local/lib/python3.12/site-packages/py4j/java_gateway.py", line 1322, in __call__
    return_value = get_return_value(
                   ^^^^^^^^^^^^^^^^^
  File "/home/airflow/.local/lib/python3.12/site-packages/pyspark/errors/exceptions/captured.py", line 185, in deco
    raise converted from None
pyspark.errors.exceptions.captured.AnalysisException: [PATH_NOT_FOUND] Path does not exist: file:/opt/airflow/1_landing/customers/*.
[2026-08-12T19:03:20.344+0000] {processor.py:927} WARNING - No viable dags retrieved from /opt/airflow/dags/dag_bronze.py
[2026-08-12T19:03:20.425+0000] {processor.py:208} INFO - Processing /opt/airflow/dags/dag_bronze.py took 8.488 seconds
[2026-08-12T19:03:51.103+0000] {processor.py:186} INFO - Started process (PID=2182) to work on /opt/airflow/dags/dag_bronze.py
[2026-08-12T19:03:51.109+0000] {processor.py:914} INFO - Processing file /opt/airflow/dags/dag_bronze.py for tasks to queue
[2026-08-12T19:03:51.120+0000] {logging_mixin.py:190} INFO - [2026-08-12T19:03:51.119+0000] {dagbag.py:587} INFO - Filling up the DagBag from /opt/airflow/dags/dag_bronze.py
[2026-08-12T19:03:57.860+0000] {logging_mixin.py:190} INFO - [2026-08-12T19:03:57.841+0000] {dagbag.py:386} ERROR - Failed to import: /opt/airflow/dags/dag_bronze.py
Traceback (most recent call last):
  File "/home/airflow/.local/lib/python3.12/site-packages/airflow/models/dagbag.py", line 382, in parse
    loader.exec_module(new_module)
  File "<frozen importlib._bootstrap_external>", line 995, in exec_module
  File "<frozen importlib._bootstrap>", line 488, in _call_with_frames_removed
  File "/opt/airflow/dags/dag_bronze.py", line 8, in <module>
    from bronze_customers import process_bronze_customers
  File "/opt/airflow/scripts/bronze_customers.py", line 6, in <module>
    df_landing = spark.read.json("1_landing/customers/*")
                 ^^^^^^^^^^^^^^^^^^^^^^^^^^^^^^^^^^^^^^^^
  File "/home/airflow/.local/lib/python3.12/site-packages/pyspark/sql/readwriter.py", line 425, in json
    return self._df(self._jreader.json(self._spark._sc._jvm.PythonUtils.toSeq(path)))
                    ^^^^^^^^^^^^^^^^^^^^^^^^^^^^^^^^^^^^^^^^^^^^^^^^^^^^^^^^^^^^^^^^
  File "/home/airflow/.local/lib/python3.12/site-packages/py4j/java_gateway.py", line 1322, in __call__
    return_value = get_return_value(
                   ^^^^^^^^^^^^^^^^^
  File "/home/airflow/.local/lib/python3.12/site-packages/pyspark/errors/exceptions/captured.py", line 185, in deco
    raise converted from None
pyspark.errors.exceptions.captured.AnalysisException: [PATH_NOT_FOUND] Path does not exist: file:/opt/airflow/1_landing/customers/*.
[2026-08-12T19:03:57.867+0000] {processor.py:927} WARNING - No viable dags retrieved from /opt/airflow/dags/dag_bronze.py
[2026-08-12T19:03:57.914+0000] {processor.py:208} INFO - Processing /opt/airflow/dags/dag_bronze.py took 6.823 seconds
[2026-08-12T19:04:28.176+0000] {processor.py:186} INFO - Started process (PID=2351) to work on /opt/airflow/dags/dag_bronze.py
[2026-08-12T19:04:28.179+0000] {processor.py:914} INFO - Processing file /opt/airflow/dags/dag_bronze.py for tasks to queue
[2026-08-12T19:04:28.183+0000] {logging_mixin.py:190} INFO - [2026-08-12T19:04:28.182+0000] {dagbag.py:587} INFO - Filling up the DagBag from /opt/airflow/dags/dag_bronze.py
[2026-08-12T19:04:35.279+0000] {logging_mixin.py:190} INFO - [2026-08-12T19:04:35.256+0000] {dagbag.py:386} ERROR - Failed to import: /opt/airflow/dags/dag_bronze.py
Traceback (most recent call last):
  File "/home/airflow/.local/lib/python3.12/site-packages/airflow/models/dagbag.py", line 382, in parse
    loader.exec_module(new_module)
  File "<frozen importlib._bootstrap_external>", line 995, in exec_module
  File "<frozen importlib._bootstrap>", line 488, in _call_with_frames_removed
  File "/opt/airflow/dags/dag_bronze.py", line 8, in <module>
    from bronze_customers import process_bronze_customers
  File "/opt/airflow/scripts/bronze_customers.py", line 6, in <module>
    df_landing = spark.read.json("1_landing/customers/*")
                 ^^^^^^^^^^^^^^^^^^^^^^^^^^^^^^^^^^^^^^^^
  File "/home/airflow/.local/lib/python3.12/site-packages/pyspark/sql/readwriter.py", line 425, in json
    return self._df(self._jreader.json(self._spark._sc._jvm.PythonUtils.toSeq(path)))
                    ^^^^^^^^^^^^^^^^^^^^^^^^^^^^^^^^^^^^^^^^^^^^^^^^^^^^^^^^^^^^^^^^
  File "/home/airflow/.local/lib/python3.12/site-packages/py4j/java_gateway.py", line 1322, in __call__
    return_value = get_return_value(
                   ^^^^^^^^^^^^^^^^^
  File "/home/airflow/.local/lib/python3.12/site-packages/pyspark/errors/exceptions/captured.py", line 185, in deco
    raise converted from None
pyspark.errors.exceptions.captured.AnalysisException: [PATH_NOT_FOUND] Path does not exist: file:/opt/airflow/1_landing/customers/*.
[2026-08-12T19:04:35.287+0000] {processor.py:927} WARNING - No viable dags retrieved from /opt/airflow/dags/dag_bronze.py
[2026-08-12T19:04:35.340+0000] {processor.py:208} INFO - Processing /opt/airflow/dags/dag_bronze.py took 7.175 seconds
[2026-08-12T19:05:05.963+0000] {processor.py:186} INFO - Started process (PID=2519) to work on /opt/airflow/dags/dag_bronze.py
[2026-08-12T19:05:05.965+0000] {processor.py:914} INFO - Processing file /opt/airflow/dags/dag_bronze.py for tasks to queue
[2026-08-12T19:05:05.968+0000] {logging_mixin.py:190} INFO - [2026-08-12T19:05:05.967+0000] {dagbag.py:587} INFO - Filling up the DagBag from /opt/airflow/dags/dag_bronze.py
[2026-08-12T19:05:12.620+0000] {logging_mixin.py:190} INFO - [2026-08-12T19:05:12.596+0000] {dagbag.py:386} ERROR - Failed to import: /opt/airflow/dags/dag_bronze.py
Traceback (most recent call last):
  File "/home/airflow/.local/lib/python3.12/site-packages/airflow/models/dagbag.py", line 382, in parse
    loader.exec_module(new_module)
  File "<frozen importlib._bootstrap_external>", line 995, in exec_module
  File "<frozen importlib._bootstrap>", line 488, in _call_with_frames_removed
  File "/opt/airflow/dags/dag_bronze.py", line 8, in <module>
    from bronze_customers import process_bronze_customers
  File "/opt/airflow/scripts/bronze_customers.py", line 6, in <module>
    df_landing = spark.read.json("1_landing/customers/*")
                 ^^^^^^^^^^^^^^^^^^^^^^^^^^^^^^^^^^^^^^^^
  File "/home/airflow/.local/lib/python3.12/site-packages/pyspark/sql/readwriter.py", line 425, in json
    return self._df(self._jreader.json(self._spark._sc._jvm.PythonUtils.toSeq(path)))
                    ^^^^^^^^^^^^^^^^^^^^^^^^^^^^^^^^^^^^^^^^^^^^^^^^^^^^^^^^^^^^^^^^
  File "/home/airflow/.local/lib/python3.12/site-packages/py4j/java_gateway.py", line 1322, in __call__
    return_value = get_return_value(
                   ^^^^^^^^^^^^^^^^^
  File "/home/airflow/.local/lib/python3.12/site-packages/pyspark/errors/exceptions/captured.py", line 185, in deco
    raise converted from None
pyspark.errors.exceptions.captured.AnalysisException: [PATH_NOT_FOUND] Path does not exist: file:/opt/airflow/1_landing/customers/*.
[2026-08-12T19:05:12.630+0000] {processor.py:927} WARNING - No viable dags retrieved from /opt/airflow/dags/dag_bronze.py
[2026-08-12T19:05:12.692+0000] {processor.py:208} INFO - Processing /opt/airflow/dags/dag_bronze.py took 6.744 seconds
[2026-08-12T19:05:42.940+0000] {processor.py:186} INFO - Started process (PID=2685) to work on /opt/airflow/dags/dag_bronze.py
[2026-08-12T19:05:42.942+0000] {processor.py:914} INFO - Processing file /opt/airflow/dags/dag_bronze.py for tasks to queue
[2026-08-12T19:05:42.944+0000] {logging_mixin.py:190} INFO - [2026-08-12T19:05:42.944+0000] {dagbag.py:587} INFO - Filling up the DagBag from /opt/airflow/dags/dag_bronze.py
[2026-08-12T19:05:50.091+0000] {logging_mixin.py:190} INFO - [2026-08-12T19:05:50.077+0000] {dagbag.py:386} ERROR - Failed to import: /opt/airflow/dags/dag_bronze.py
Traceback (most recent call last):
  File "/home/airflow/.local/lib/python3.12/site-packages/airflow/models/dagbag.py", line 382, in parse
    loader.exec_module(new_module)
  File "<frozen importlib._bootstrap_external>", line 995, in exec_module
  File "<frozen importlib._bootstrap>", line 488, in _call_with_frames_removed
  File "/opt/airflow/dags/dag_bronze.py", line 8, in <module>
    from bronze_customers import process_bronze_customers
  File "/opt/airflow/scripts/bronze_customers.py", line 6, in <module>
    df_landing = spark.read.json("1_landing/customers/*")
                 ^^^^^^^^^^^^^^^^^^^^^^^^^^^^^^^^^^^^^^^^
  File "/home/airflow/.local/lib/python3.12/site-packages/pyspark/sql/readwriter.py", line 425, in json
    return self._df(self._jreader.json(self._spark._sc._jvm.PythonUtils.toSeq(path)))
                    ^^^^^^^^^^^^^^^^^^^^^^^^^^^^^^^^^^^^^^^^^^^^^^^^^^^^^^^^^^^^^^^^
  File "/home/airflow/.local/lib/python3.12/site-packages/py4j/java_gateway.py", line 1322, in __call__
    return_value = get_return_value(
                   ^^^^^^^^^^^^^^^^^
  File "/home/airflow/.local/lib/python3.12/site-packages/pyspark/errors/exceptions/captured.py", line 185, in deco
    raise converted from None
pyspark.errors.exceptions.captured.AnalysisException: [PATH_NOT_FOUND] Path does not exist: file:/opt/airflow/1_landing/customers/*.
[2026-08-12T19:05:50.097+0000] {processor.py:927} WARNING - No viable dags retrieved from /opt/airflow/dags/dag_bronze.py
[2026-08-12T19:05:50.144+0000] {processor.py:208} INFO - Processing /opt/airflow/dags/dag_bronze.py took 7.213 seconds
[2026-08-12T19:06:20.243+0000] {processor.py:186} INFO - Started process (PID=2852) to work on /opt/airflow/dags/dag_bronze.py
[2026-08-12T19:06:20.246+0000] {processor.py:914} INFO - Processing file /opt/airflow/dags/dag_bronze.py for tasks to queue
[2026-08-12T19:06:20.250+0000] {logging_mixin.py:190} INFO - [2026-08-12T19:06:20.249+0000] {dagbag.py:587} INFO - Filling up the DagBag from /opt/airflow/dags/dag_bronze.py
[2026-08-12T19:06:26.790+0000] {logging_mixin.py:190} INFO - [2026-08-12T19:06:26.767+0000] {dagbag.py:386} ERROR - Failed to import: /opt/airflow/dags/dag_bronze.py
Traceback (most recent call last):
  File "/home/airflow/.local/lib/python3.12/site-packages/airflow/models/dagbag.py", line 382, in parse
    loader.exec_module(new_module)
  File "<frozen importlib._bootstrap_external>", line 995, in exec_module
  File "<frozen importlib._bootstrap>", line 488, in _call_with_frames_removed
  File "/opt/airflow/dags/dag_bronze.py", line 8, in <module>
    from bronze_customers import process_bronze_customers
  File "/opt/airflow/scripts/bronze_customers.py", line 6, in <module>
    df_landing = spark.read.json("1_landing/customers/*")
                 ^^^^^^^^^^^^^^^^^^^^^^^^^^^^^^^^^^^^^^^^
  File "/home/airflow/.local/lib/python3.12/site-packages/pyspark/sql/readwriter.py", line 425, in json
    return self._df(self._jreader.json(self._spark._sc._jvm.PythonUtils.toSeq(path)))
                    ^^^^^^^^^^^^^^^^^^^^^^^^^^^^^^^^^^^^^^^^^^^^^^^^^^^^^^^^^^^^^^^^
  File "/home/airflow/.local/lib/python3.12/site-packages/py4j/java_gateway.py", line 1322, in __call__
    return_value = get_return_value(
                   ^^^^^^^^^^^^^^^^^
  File "/home/airflow/.local/lib/python3.12/site-packages/pyspark/errors/exceptions/captured.py", line 185, in deco
    raise converted from None
pyspark.errors.exceptions.captured.AnalysisException: [PATH_NOT_FOUND] Path does not exist: file:/opt/airflow/1_landing/customers/*.
[2026-08-12T19:06:26.797+0000] {processor.py:927} WARNING - No viable dags retrieved from /opt/airflow/dags/dag_bronze.py
[2026-08-12T19:06:26.843+0000] {processor.py:208} INFO - Processing /opt/airflow/dags/dag_bronze.py took 6.615 seconds
[2026-08-12T19:06:56.981+0000] {processor.py:186} INFO - Started process (PID=3019) to work on /opt/airflow/dags/dag_bronze.py
[2026-08-12T19:06:56.985+0000] {processor.py:914} INFO - Processing file /opt/airflow/dags/dag_bronze.py for tasks to queue
[2026-08-12T19:06:56.989+0000] {logging_mixin.py:190} INFO - [2026-08-12T19:06:56.989+0000] {dagbag.py:587} INFO - Filling up the DagBag from /opt/airflow/dags/dag_bronze.py
[2026-08-12T19:07:04.854+0000] {logging_mixin.py:190} INFO - [2026-08-12T19:07:04.837+0000] {dagbag.py:386} ERROR - Failed to import: /opt/airflow/dags/dag_bronze.py
Traceback (most recent call last):
  File "/home/airflow/.local/lib/python3.12/site-packages/airflow/models/dagbag.py", line 382, in parse
    loader.exec_module(new_module)
  File "<frozen importlib._bootstrap_external>", line 995, in exec_module
  File "<frozen importlib._bootstrap>", line 488, in _call_with_frames_removed
  File "/opt/airflow/dags/dag_bronze.py", line 8, in <module>
    from bronze_customers import process_bronze_customers
  File "/opt/airflow/scripts/bronze_customers.py", line 6, in <module>
    df_landing = spark.read.json("1_landing/customers/*")
                 ^^^^^^^^^^^^^^^^^^^^^^^^^^^^^^^^^^^^^^^^
  File "/home/airflow/.local/lib/python3.12/site-packages/pyspark/sql/readwriter.py", line 425, in json
    return self._df(self._jreader.json(self._spark._sc._jvm.PythonUtils.toSeq(path)))
                    ^^^^^^^^^^^^^^^^^^^^^^^^^^^^^^^^^^^^^^^^^^^^^^^^^^^^^^^^^^^^^^^^
  File "/home/airflow/.local/lib/python3.12/site-packages/py4j/java_gateway.py", line 1322, in __call__
    return_value = get_return_value(
                   ^^^^^^^^^^^^^^^^^
  File "/home/airflow/.local/lib/python3.12/site-packages/pyspark/errors/exceptions/captured.py", line 185, in deco
    raise converted from None
pyspark.errors.exceptions.captured.AnalysisException: [PATH_NOT_FOUND] Path does not exist: file:/opt/airflow/1_landing/customers/*.
[2026-08-12T19:07:04.861+0000] {processor.py:927} WARNING - No viable dags retrieved from /opt/airflow/dags/dag_bronze.py
[2026-08-12T19:07:04.916+0000] {processor.py:208} INFO - Processing /opt/airflow/dags/dag_bronze.py took 7.955 seconds
[2026-08-12T19:07:35.114+0000] {processor.py:186} INFO - Started process (PID=3190) to work on /opt/airflow/dags/dag_bronze.py
[2026-08-12T19:07:35.117+0000] {processor.py:914} INFO - Processing file /opt/airflow/dags/dag_bronze.py for tasks to queue
[2026-08-12T19:07:35.119+0000] {logging_mixin.py:190} INFO - [2026-08-12T19:07:35.119+0000] {dagbag.py:587} INFO - Filling up the DagBag from /opt/airflow/dags/dag_bronze.py
[2026-08-12T19:07:42.177+0000] {logging_mixin.py:190} INFO - [2026-08-12T19:07:42.161+0000] {dagbag.py:386} ERROR - Failed to import: /opt/airflow/dags/dag_bronze.py
Traceback (most recent call last):
  File "/home/airflow/.local/lib/python3.12/site-packages/airflow/models/dagbag.py", line 382, in parse
    loader.exec_module(new_module)
  File "<frozen importlib._bootstrap_external>", line 995, in exec_module
  File "<frozen importlib._bootstrap>", line 488, in _call_with_frames_removed
  File "/opt/airflow/dags/dag_bronze.py", line 8, in <module>
    from bronze_customers import process_bronze_customers
  File "/opt/airflow/scripts/bronze_customers.py", line 6, in <module>
    df_landing = spark.read.json("1_landing/customers/*")
                 ^^^^^^^^^^^^^^^^^^^^^^^^^^^^^^^^^^^^^^^^
  File "/home/airflow/.local/lib/python3.12/site-packages/pyspark/sql/readwriter.py", line 425, in json
    return self._df(self._jreader.json(self._spark._sc._jvm.PythonUtils.toSeq(path)))
                    ^^^^^^^^^^^^^^^^^^^^^^^^^^^^^^^^^^^^^^^^^^^^^^^^^^^^^^^^^^^^^^^^
  File "/home/airflow/.local/lib/python3.12/site-packages/py4j/java_gateway.py", line 1322, in __call__
    return_value = get_return_value(
                   ^^^^^^^^^^^^^^^^^
  File "/home/airflow/.local/lib/python3.12/site-packages/pyspark/errors/exceptions/captured.py", line 185, in deco
    raise converted from None
pyspark.errors.exceptions.captured.AnalysisException: [PATH_NOT_FOUND] Path does not exist: file:/opt/airflow/1_landing/customers/*.
[2026-08-12T19:07:42.183+0000] {processor.py:927} WARNING - No viable dags retrieved from /opt/airflow/dags/dag_bronze.py
[2026-08-12T19:07:42.219+0000] {processor.py:208} INFO - Processing /opt/airflow/dags/dag_bronze.py took 7.116 seconds
[2026-08-12T19:08:12.799+0000] {processor.py:186} INFO - Started process (PID=3356) to work on /opt/airflow/dags/dag_bronze.py
[2026-08-12T19:08:12.802+0000] {processor.py:914} INFO - Processing file /opt/airflow/dags/dag_bronze.py for tasks to queue
[2026-08-12T19:08:12.804+0000] {logging_mixin.py:190} INFO - [2026-08-12T19:08:12.803+0000] {dagbag.py:587} INFO - Filling up the DagBag from /opt/airflow/dags/dag_bronze.py
[2026-08-12T19:08:20.939+0000] {logging_mixin.py:190} INFO - [2026-08-12T19:08:20.915+0000] {dagbag.py:386} ERROR - Failed to import: /opt/airflow/dags/dag_bronze.py
Traceback (most recent call last):
  File "/home/airflow/.local/lib/python3.12/site-packages/airflow/models/dagbag.py", line 382, in parse
    loader.exec_module(new_module)
  File "<frozen importlib._bootstrap_external>", line 995, in exec_module
  File "<frozen importlib._bootstrap>", line 488, in _call_with_frames_removed
  File "/opt/airflow/dags/dag_bronze.py", line 8, in <module>
    from bronze_customers import process_bronze_customers
  File "/opt/airflow/scripts/bronze_customers.py", line 6, in <module>
    df_landing = spark.read.json("1_landing/customers/*")
                 ^^^^^^^^^^^^^^^^^^^^^^^^^^^^^^^^^^^^^^^^
  File "/home/airflow/.local/lib/python3.12/site-packages/pyspark/sql/readwriter.py", line 425, in json
    return self._df(self._jreader.json(self._spark._sc._jvm.PythonUtils.toSeq(path)))
                    ^^^^^^^^^^^^^^^^^^^^^^^^^^^^^^^^^^^^^^^^^^^^^^^^^^^^^^^^^^^^^^^^
  File "/home/airflow/.local/lib/python3.12/site-packages/py4j/java_gateway.py", line 1322, in __call__
    return_value = get_return_value(
                   ^^^^^^^^^^^^^^^^^
  File "/home/airflow/.local/lib/python3.12/site-packages/pyspark/errors/exceptions/captured.py", line 185, in deco
    raise converted from None
pyspark.errors.exceptions.captured.AnalysisException: [PATH_NOT_FOUND] Path does not exist: file:/opt/airflow/1_landing/customers/*.
[2026-08-12T19:08:20.948+0000] {processor.py:927} WARNING - No viable dags retrieved from /opt/airflow/dags/dag_bronze.py
[2026-08-12T19:08:20.996+0000] {processor.py:208} INFO - Processing /opt/airflow/dags/dag_bronze.py took 8.206 seconds
[2026-08-12T19:08:51.265+0000] {processor.py:186} INFO - Started process (PID=3532) to work on /opt/airflow/dags/dag_bronze.py
[2026-08-12T19:08:51.268+0000] {processor.py:914} INFO - Processing file /opt/airflow/dags/dag_bronze.py for tasks to queue
[2026-08-12T19:08:51.271+0000] {logging_mixin.py:190} INFO - [2026-08-12T19:08:51.271+0000] {dagbag.py:587} INFO - Filling up the DagBag from /opt/airflow/dags/dag_bronze.py
[2026-08-12T19:08:59.601+0000] {logging_mixin.py:190} INFO - [2026-08-12T19:08:59.567+0000] {dagbag.py:386} ERROR - Failed to import: /opt/airflow/dags/dag_bronze.py
Traceback (most recent call last):
  File "/home/airflow/.local/lib/python3.12/site-packages/airflow/models/dagbag.py", line 382, in parse
    loader.exec_module(new_module)
  File "<frozen importlib._bootstrap_external>", line 995, in exec_module
  File "<frozen importlib._bootstrap>", line 488, in _call_with_frames_removed
  File "/opt/airflow/dags/dag_bronze.py", line 8, in <module>
    from bronze_customers import process_bronze_customers
  File "/opt/airflow/scripts/bronze_customers.py", line 6, in <module>
    df_landing = spark.read.json("1_landing/customers/*")
                 ^^^^^^^^^^^^^^^^^^^^^^^^^^^^^^^^^^^^^^^^
  File "/home/airflow/.local/lib/python3.12/site-packages/pyspark/sql/readwriter.py", line 425, in json
    return self._df(self._jreader.json(self._spark._sc._jvm.PythonUtils.toSeq(path)))
                    ^^^^^^^^^^^^^^^^^^^^^^^^^^^^^^^^^^^^^^^^^^^^^^^^^^^^^^^^^^^^^^^^
  File "/home/airflow/.local/lib/python3.12/site-packages/py4j/java_gateway.py", line 1322, in __call__
    return_value = get_return_value(
                   ^^^^^^^^^^^^^^^^^
  File "/home/airflow/.local/lib/python3.12/site-packages/pyspark/errors/exceptions/captured.py", line 185, in deco
    raise converted from None
pyspark.errors.exceptions.captured.AnalysisException: [PATH_NOT_FOUND] Path does not exist: file:/opt/airflow/1_landing/customers/*.
[2026-08-12T19:08:59.614+0000] {processor.py:927} WARNING - No viable dags retrieved from /opt/airflow/dags/dag_bronze.py
[2026-08-12T19:08:59.675+0000] {processor.py:208} INFO - Processing /opt/airflow/dags/dag_bronze.py took 8.430 seconds
[2026-08-12T19:09:30.283+0000] {processor.py:186} INFO - Started process (PID=3701) to work on /opt/airflow/dags/dag_bronze.py
[2026-08-12T19:09:30.285+0000] {processor.py:914} INFO - Processing file /opt/airflow/dags/dag_bronze.py for tasks to queue
[2026-08-12T19:09:30.288+0000] {logging_mixin.py:190} INFO - [2026-08-12T19:09:30.287+0000] {dagbag.py:587} INFO - Filling up the DagBag from /opt/airflow/dags/dag_bronze.py
[2026-08-12T19:09:36.954+0000] {logging_mixin.py:190} INFO - [2026-08-12T19:09:36.935+0000] {dagbag.py:386} ERROR - Failed to import: /opt/airflow/dags/dag_bronze.py
Traceback (most recent call last):
  File "/home/airflow/.local/lib/python3.12/site-packages/airflow/models/dagbag.py", line 382, in parse
    loader.exec_module(new_module)
  File "<frozen importlib._bootstrap_external>", line 995, in exec_module
  File "<frozen importlib._bootstrap>", line 488, in _call_with_frames_removed
  File "/opt/airflow/dags/dag_bronze.py", line 8, in <module>
    from bronze_customers import process_bronze_customers
  File "/opt/airflow/scripts/bronze_customers.py", line 6, in <module>
    df_landing = spark.read.json("1_landing/customers/*")
                 ^^^^^^^^^^^^^^^^^^^^^^^^^^^^^^^^^^^^^^^^
  File "/home/airflow/.local/lib/python3.12/site-packages/pyspark/sql/readwriter.py", line 425, in json
    return self._df(self._jreader.json(self._spark._sc._jvm.PythonUtils.toSeq(path)))
                    ^^^^^^^^^^^^^^^^^^^^^^^^^^^^^^^^^^^^^^^^^^^^^^^^^^^^^^^^^^^^^^^^
  File "/home/airflow/.local/lib/python3.12/site-packages/py4j/java_gateway.py", line 1322, in __call__
    return_value = get_return_value(
                   ^^^^^^^^^^^^^^^^^
  File "/home/airflow/.local/lib/python3.12/site-packages/pyspark/errors/exceptions/captured.py", line 185, in deco
    raise converted from None
pyspark.errors.exceptions.captured.AnalysisException: [PATH_NOT_FOUND] Path does not exist: file:/opt/airflow/1_landing/customers/*.
[2026-08-12T19:09:36.962+0000] {processor.py:927} WARNING - No viable dags retrieved from /opt/airflow/dags/dag_bronze.py
[2026-08-12T19:09:36.987+0000] {processor.py:208} INFO - Processing /opt/airflow/dags/dag_bronze.py took 6.715 seconds
[2026-08-12T19:10:07.351+0000] {processor.py:186} INFO - Started process (PID=3870) to work on /opt/airflow/dags/dag_bronze.py
[2026-08-12T19:10:07.353+0000] {processor.py:914} INFO - Processing file /opt/airflow/dags/dag_bronze.py for tasks to queue
[2026-08-12T19:10:07.358+0000] {logging_mixin.py:190} INFO - [2026-08-12T19:10:07.357+0000] {dagbag.py:587} INFO - Filling up the DagBag from /opt/airflow/dags/dag_bronze.py
[2026-08-12T19:10:23.957+0000] {logging_mixin.py:190} INFO - [2026-08-12T19:10:23.906+0000] {dagbag.py:386} ERROR - Failed to import: /opt/airflow/dags/dag_bronze.py
Traceback (most recent call last):
  File "/home/airflow/.local/lib/python3.12/site-packages/airflow/models/dagbag.py", line 382, in parse
    loader.exec_module(new_module)
  File "<frozen importlib._bootstrap_external>", line 995, in exec_module
  File "<frozen importlib._bootstrap>", line 488, in _call_with_frames_removed
  File "/opt/airflow/dags/dag_bronze.py", line 8, in <module>
    from bronze_customers import process_bronze_customers
  File "/opt/airflow/scripts/bronze_customers.py", line 6, in <module>
    df_landing = spark.read.json("1_landing/customers/*")
                 ^^^^^^^^^^^^^^^^^^^^^^^^^^^^^^^^^^^^^^^^
  File "/home/airflow/.local/lib/python3.12/site-packages/pyspark/sql/readwriter.py", line 425, in json
    return self._df(self._jreader.json(self._spark._sc._jvm.PythonUtils.toSeq(path)))
                    ^^^^^^^^^^^^^^^^^^^^^^^^^^^^^^^^^^^^^^^^^^^^^^^^^^^^^^^^^^^^^^^^
  File "/home/airflow/.local/lib/python3.12/site-packages/py4j/java_gateway.py", line 1322, in __call__
    return_value = get_return_value(
                   ^^^^^^^^^^^^^^^^^
  File "/home/airflow/.local/lib/python3.12/site-packages/pyspark/errors/exceptions/captured.py", line 185, in deco
    raise converted from None
pyspark.errors.exceptions.captured.AnalysisException: [PATH_NOT_FOUND] Path does not exist: file:/opt/airflow/1_landing/customers/*.
[2026-08-12T19:10:23.986+0000] {processor.py:927} WARNING - No viable dags retrieved from /opt/airflow/dags/dag_bronze.py
[2026-08-12T19:10:24.086+0000] {processor.py:208} INFO - Processing /opt/airflow/dags/dag_bronze.py took 16.753 seconds
[2026-08-12T19:10:55.610+0000] {processor.py:186} INFO - Started process (PID=4046) to work on /opt/airflow/dags/dag_bronze.py
[2026-08-12T19:10:55.637+0000] {processor.py:914} INFO - Processing file /opt/airflow/dags/dag_bronze.py for tasks to queue
[2026-08-12T19:10:55.661+0000] {logging_mixin.py:190} INFO - [2026-08-12T19:10:55.659+0000] {dagbag.py:587} INFO - Filling up the DagBag from /opt/airflow/dags/dag_bronze.py
[2026-08-12T19:11:27.266+0000] {logging_mixin.py:190} INFO - [2026-08-12T19:11:27.196+0000] {dagbag.py:386} ERROR - Failed to import: /opt/airflow/dags/dag_bronze.py
Traceback (most recent call last):
  File "/home/airflow/.local/lib/python3.12/site-packages/airflow/models/dagbag.py", line 382, in parse
    loader.exec_module(new_module)
  File "<frozen importlib._bootstrap_external>", line 995, in exec_module
  File "<frozen importlib._bootstrap>", line 488, in _call_with_frames_removed
  File "/opt/airflow/dags/dag_bronze.py", line 8, in <module>
    from bronze_customers import process_bronze_customers
  File "/opt/airflow/scripts/bronze_customers.py", line 6, in <module>
    df_landing = spark.read.json("1_landing/customers/*")
                 ^^^^^^^^^^^^^^^^^^^^^^^^^^^^^^^^^^^^^^^^
  File "/home/airflow/.local/lib/python3.12/site-packages/pyspark/sql/readwriter.py", line 425, in json
    return self._df(self._jreader.json(self._spark._sc._jvm.PythonUtils.toSeq(path)))
                    ^^^^^^^^^^^^^^^^^^^^^^^^^^^^^^^^^^^^^^^^^^^^^^^^^^^^^^^^^^^^^^^^
  File "/home/airflow/.local/lib/python3.12/site-packages/py4j/java_gateway.py", line 1322, in __call__
    return_value = get_return_value(
                   ^^^^^^^^^^^^^^^^^
  File "/home/airflow/.local/lib/python3.12/site-packages/pyspark/errors/exceptions/captured.py", line 185, in deco
    raise converted from None
pyspark.errors.exceptions.captured.AnalysisException: [PATH_NOT_FOUND] Path does not exist: file:/opt/airflow/1_landing/customers/*.
[2026-08-12T19:11:27.303+0000] {processor.py:927} WARNING - No viable dags retrieved from /opt/airflow/dags/dag_bronze.py
[2026-08-12T19:11:27.527+0000] {processor.py:208} INFO - Processing /opt/airflow/dags/dag_bronze.py took 32.058 seconds
[2026-08-12T19:11:57.881+0000] {processor.py:186} INFO - Started process (PID=4219) to work on /opt/airflow/dags/dag_bronze.py
[2026-08-12T19:11:57.883+0000] {processor.py:914} INFO - Processing file /opt/airflow/dags/dag_bronze.py for tasks to queue
[2026-08-12T19:11:57.886+0000] {logging_mixin.py:190} INFO - [2026-08-12T19:11:57.885+0000] {dagbag.py:587} INFO - Filling up the DagBag from /opt/airflow/dags/dag_bronze.py
[2026-08-12T19:12:04.771+0000] {logging_mixin.py:190} INFO - [2026-08-12T19:12:04.734+0000] {dagbag.py:386} ERROR - Failed to import: /opt/airflow/dags/dag_bronze.py
Traceback (most recent call last):
  File "/home/airflow/.local/lib/python3.12/site-packages/airflow/models/dagbag.py", line 382, in parse
    loader.exec_module(new_module)
  File "<frozen importlib._bootstrap_external>", line 995, in exec_module
  File "<frozen importlib._bootstrap>", line 488, in _call_with_frames_removed
  File "/opt/airflow/dags/dag_bronze.py", line 8, in <module>
    from bronze_customers import process_bronze_customers
  File "/opt/airflow/scripts/bronze_customers.py", line 6, in <module>
    df_landing = spark.read.json("1_landing/customers/*")
                 ^^^^^^^^^^^^^^^^^^^^^^^^^^^^^^^^^^^^^^^^
  File "/home/airflow/.local/lib/python3.12/site-packages/pyspark/sql/readwriter.py", line 425, in json
    return self._df(self._jreader.json(self._spark._sc._jvm.PythonUtils.toSeq(path)))
                    ^^^^^^^^^^^^^^^^^^^^^^^^^^^^^^^^^^^^^^^^^^^^^^^^^^^^^^^^^^^^^^^^
  File "/home/airflow/.local/lib/python3.12/site-packages/py4j/java_gateway.py", line 1322, in __call__
    return_value = get_return_value(
                   ^^^^^^^^^^^^^^^^^
  File "/home/airflow/.local/lib/python3.12/site-packages/pyspark/errors/exceptions/captured.py", line 185, in deco
    raise converted from None
pyspark.errors.exceptions.captured.AnalysisException: [PATH_NOT_FOUND] Path does not exist: file:/opt/airflow/1_landing/customers/*.
[2026-08-12T19:12:04.784+0000] {processor.py:927} WARNING - No viable dags retrieved from /opt/airflow/dags/dag_bronze.py
[2026-08-12T19:12:04.843+0000] {processor.py:208} INFO - Processing /opt/airflow/dags/dag_bronze.py took 6.973 seconds
[2026-08-12T19:12:35.024+0000] {processor.py:186} INFO - Started process (PID=4387) to work on /opt/airflow/dags/dag_bronze.py
[2026-08-12T19:12:35.026+0000] {processor.py:914} INFO - Processing file /opt/airflow/dags/dag_bronze.py for tasks to queue
[2026-08-12T19:12:35.028+0000] {logging_mixin.py:190} INFO - [2026-08-12T19:12:35.028+0000] {dagbag.py:587} INFO - Filling up the DagBag from /opt/airflow/dags/dag_bronze.py
[2026-08-12T19:12:43.205+0000] {logging_mixin.py:190} INFO - [2026-08-12T19:12:43.186+0000] {dagbag.py:386} ERROR - Failed to import: /opt/airflow/dags/dag_bronze.py
Traceback (most recent call last):
  File "/home/airflow/.local/lib/python3.12/site-packages/airflow/models/dagbag.py", line 382, in parse
    loader.exec_module(new_module)
  File "<frozen importlib._bootstrap_external>", line 995, in exec_module
  File "<frozen importlib._bootstrap>", line 488, in _call_with_frames_removed
  File "/opt/airflow/dags/dag_bronze.py", line 8, in <module>
    from bronze_customers import process_bronze_customers
  File "/opt/airflow/scripts/bronze_customers.py", line 6, in <module>
    df_landing = spark.read.json("1_landing/customers/*")
                 ^^^^^^^^^^^^^^^^^^^^^^^^^^^^^^^^^^^^^^^^
  File "/home/airflow/.local/lib/python3.12/site-packages/pyspark/sql/readwriter.py", line 425, in json
    return self._df(self._jreader.json(self._spark._sc._jvm.PythonUtils.toSeq(path)))
                    ^^^^^^^^^^^^^^^^^^^^^^^^^^^^^^^^^^^^^^^^^^^^^^^^^^^^^^^^^^^^^^^^
  File "/home/airflow/.local/lib/python3.12/site-packages/py4j/java_gateway.py", line 1322, in __call__
    return_value = get_return_value(
                   ^^^^^^^^^^^^^^^^^
  File "/home/airflow/.local/lib/python3.12/site-packages/pyspark/errors/exceptions/captured.py", line 185, in deco
    raise converted from None
pyspark.errors.exceptions.captured.AnalysisException: [PATH_NOT_FOUND] Path does not exist: file:/opt/airflow/1_landing/customers/*.
[2026-08-12T19:12:43.215+0000] {processor.py:927} WARNING - No viable dags retrieved from /opt/airflow/dags/dag_bronze.py
[2026-08-12T19:12:43.244+0000] {processor.py:208} INFO - Processing /opt/airflow/dags/dag_bronze.py took 8.235 seconds
[2026-08-12T19:13:13.339+0000] {processor.py:186} INFO - Started process (PID=4563) to work on /opt/airflow/dags/dag_bronze.py
[2026-08-12T19:13:13.341+0000] {processor.py:914} INFO - Processing file /opt/airflow/dags/dag_bronze.py for tasks to queue
[2026-08-12T19:13:13.343+0000] {logging_mixin.py:190} INFO - [2026-08-12T19:13:13.342+0000] {dagbag.py:587} INFO - Filling up the DagBag from /opt/airflow/dags/dag_bronze.py
[2026-08-12T19:13:19.448+0000] {logging_mixin.py:190} INFO - [2026-08-12T19:13:19.432+0000] {dagbag.py:386} ERROR - Failed to import: /opt/airflow/dags/dag_bronze.py
Traceback (most recent call last):
  File "/home/airflow/.local/lib/python3.12/site-packages/airflow/models/dagbag.py", line 382, in parse
    loader.exec_module(new_module)
  File "<frozen importlib._bootstrap_external>", line 995, in exec_module
  File "<frozen importlib._bootstrap>", line 488, in _call_with_frames_removed
  File "/opt/airflow/dags/dag_bronze.py", line 8, in <module>
    from bronze_customers import process_bronze_customers
  File "/opt/airflow/scripts/bronze_customers.py", line 6, in <module>
    df_landing = spark.read.json("1_landing/customers/*")
                 ^^^^^^^^^^^^^^^^^^^^^^^^^^^^^^^^^^^^^^^^
  File "/home/airflow/.local/lib/python3.12/site-packages/pyspark/sql/readwriter.py", line 425, in json
    return self._df(self._jreader.json(self._spark._sc._jvm.PythonUtils.toSeq(path)))
                    ^^^^^^^^^^^^^^^^^^^^^^^^^^^^^^^^^^^^^^^^^^^^^^^^^^^^^^^^^^^^^^^^
  File "/home/airflow/.local/lib/python3.12/site-packages/py4j/java_gateway.py", line 1322, in __call__
    return_value = get_return_value(
                   ^^^^^^^^^^^^^^^^^
  File "/home/airflow/.local/lib/python3.12/site-packages/pyspark/errors/exceptions/captured.py", line 185, in deco
    raise converted from None
pyspark.errors.exceptions.captured.AnalysisException: [PATH_NOT_FOUND] Path does not exist: file:/opt/airflow/1_landing/customers/*.
[2026-08-12T19:13:19.455+0000] {processor.py:927} WARNING - No viable dags retrieved from /opt/airflow/dags/dag_bronze.py
[2026-08-12T19:13:19.483+0000] {processor.py:208} INFO - Processing /opt/airflow/dags/dag_bronze.py took 6.156 seconds
[2026-08-12T19:13:50.012+0000] {processor.py:186} INFO - Started process (PID=4730) to work on /opt/airflow/dags/dag_bronze.py
[2026-08-12T19:13:50.016+0000] {processor.py:914} INFO - Processing file /opt/airflow/dags/dag_bronze.py for tasks to queue
[2026-08-12T19:13:50.021+0000] {logging_mixin.py:190} INFO - [2026-08-12T19:13:50.020+0000] {dagbag.py:587} INFO - Filling up the DagBag from /opt/airflow/dags/dag_bronze.py
[2026-08-12T19:13:56.201+0000] {logging_mixin.py:190} INFO - [2026-08-12T19:13:56.176+0000] {dagbag.py:386} ERROR - Failed to import: /opt/airflow/dags/dag_bronze.py
Traceback (most recent call last):
  File "/home/airflow/.local/lib/python3.12/site-packages/airflow/models/dagbag.py", line 382, in parse
    loader.exec_module(new_module)
  File "<frozen importlib._bootstrap_external>", line 995, in exec_module
  File "<frozen importlib._bootstrap>", line 488, in _call_with_frames_removed
  File "/opt/airflow/dags/dag_bronze.py", line 8, in <module>
    from bronze_customers import process_bronze_customers
  File "/opt/airflow/scripts/bronze_customers.py", line 6, in <module>
    df_landing = spark.read.json("1_landing/customers/*")
                 ^^^^^^^^^^^^^^^^^^^^^^^^^^^^^^^^^^^^^^^^
  File "/home/airflow/.local/lib/python3.12/site-packages/pyspark/sql/readwriter.py", line 425, in json
    return self._df(self._jreader.json(self._spark._sc._jvm.PythonUtils.toSeq(path)))
                    ^^^^^^^^^^^^^^^^^^^^^^^^^^^^^^^^^^^^^^^^^^^^^^^^^^^^^^^^^^^^^^^^
  File "/home/airflow/.local/lib/python3.12/site-packages/py4j/java_gateway.py", line 1322, in __call__
    return_value = get_return_value(
                   ^^^^^^^^^^^^^^^^^
  File "/home/airflow/.local/lib/python3.12/site-packages/pyspark/errors/exceptions/captured.py", line 185, in deco
    raise converted from None
pyspark.errors.exceptions.captured.AnalysisException: [PATH_NOT_FOUND] Path does not exist: file:/opt/airflow/1_landing/customers/*.
[2026-08-12T19:13:56.211+0000] {processor.py:927} WARNING - No viable dags retrieved from /opt/airflow/dags/dag_bronze.py
[2026-08-12T19:13:56.271+0000] {processor.py:208} INFO - Processing /opt/airflow/dags/dag_bronze.py took 6.281 seconds
[2026-08-12T19:14:27.222+0000] {processor.py:186} INFO - Started process (PID=4898) to work on /opt/airflow/dags/dag_bronze.py
[2026-08-12T19:14:27.224+0000] {processor.py:914} INFO - Processing file /opt/airflow/dags/dag_bronze.py for tasks to queue
[2026-08-12T19:14:27.228+0000] {logging_mixin.py:190} INFO - [2026-08-12T19:14:27.227+0000] {dagbag.py:587} INFO - Filling up the DagBag from /opt/airflow/dags/dag_bronze.py
[2026-08-12T19:14:33.431+0000] {logging_mixin.py:190} INFO - [2026-08-12T19:14:33.413+0000] {dagbag.py:386} ERROR - Failed to import: /opt/airflow/dags/dag_bronze.py
Traceback (most recent call last):
  File "/home/airflow/.local/lib/python3.12/site-packages/airflow/models/dagbag.py", line 382, in parse
    loader.exec_module(new_module)
  File "<frozen importlib._bootstrap_external>", line 995, in exec_module
  File "<frozen importlib._bootstrap>", line 488, in _call_with_frames_removed
  File "/opt/airflow/dags/dag_bronze.py", line 8, in <module>
    from bronze_customers import process_bronze_customers
  File "/opt/airflow/scripts/bronze_customers.py", line 6, in <module>
    df_landing = spark.read.json("1_landing/customers/*")
                 ^^^^^^^^^^^^^^^^^^^^^^^^^^^^^^^^^^^^^^^^
  File "/home/airflow/.local/lib/python3.12/site-packages/pyspark/sql/readwriter.py", line 425, in json
    return self._df(self._jreader.json(self._spark._sc._jvm.PythonUtils.toSeq(path)))
                    ^^^^^^^^^^^^^^^^^^^^^^^^^^^^^^^^^^^^^^^^^^^^^^^^^^^^^^^^^^^^^^^^
  File "/home/airflow/.local/lib/python3.12/site-packages/py4j/java_gateway.py", line 1322, in __call__
    return_value = get_return_value(
                   ^^^^^^^^^^^^^^^^^
  File "/home/airflow/.local/lib/python3.12/site-packages/pyspark/errors/exceptions/captured.py", line 185, in deco
    raise converted from None
pyspark.errors.exceptions.captured.AnalysisException: [PATH_NOT_FOUND] Path does not exist: file:/opt/airflow/1_landing/customers/*.
[2026-08-12T19:14:33.440+0000] {processor.py:927} WARNING - No viable dags retrieved from /opt/airflow/dags/dag_bronze.py
[2026-08-12T19:14:33.482+0000] {processor.py:208} INFO - Processing /opt/airflow/dags/dag_bronze.py took 6.271 seconds
[2026-08-12T19:15:04.087+0000] {processor.py:186} INFO - Started process (PID=5065) to work on /opt/airflow/dags/dag_bronze.py
[2026-08-12T19:15:04.090+0000] {processor.py:914} INFO - Processing file /opt/airflow/dags/dag_bronze.py for tasks to queue
[2026-08-12T19:15:04.092+0000] {logging_mixin.py:190} INFO - [2026-08-12T19:15:04.092+0000] {dagbag.py:587} INFO - Filling up the DagBag from /opt/airflow/dags/dag_bronze.py
[2026-08-12T19:15:11.454+0000] {logging_mixin.py:190} INFO - [2026-08-12T19:15:11.432+0000] {dagbag.py:386} ERROR - Failed to import: /opt/airflow/dags/dag_bronze.py
Traceback (most recent call last):
  File "/home/airflow/.local/lib/python3.12/site-packages/airflow/models/dagbag.py", line 382, in parse
    loader.exec_module(new_module)
  File "<frozen importlib._bootstrap_external>", line 995, in exec_module
  File "<frozen importlib._bootstrap>", line 488, in _call_with_frames_removed
  File "/opt/airflow/dags/dag_bronze.py", line 8, in <module>
    from bronze_customers import process_bronze_customers
  File "/opt/airflow/scripts/bronze_customers.py", line 6, in <module>
    df_landing = spark.read.json("1_landing/customers/*")
                 ^^^^^^^^^^^^^^^^^^^^^^^^^^^^^^^^^^^^^^^^
  File "/home/airflow/.local/lib/python3.12/site-packages/pyspark/sql/readwriter.py", line 425, in json
    return self._df(self._jreader.json(self._spark._sc._jvm.PythonUtils.toSeq(path)))
                    ^^^^^^^^^^^^^^^^^^^^^^^^^^^^^^^^^^^^^^^^^^^^^^^^^^^^^^^^^^^^^^^^
  File "/home/airflow/.local/lib/python3.12/site-packages/py4j/java_gateway.py", line 1322, in __call__
    return_value = get_return_value(
                   ^^^^^^^^^^^^^^^^^
  File "/home/airflow/.local/lib/python3.12/site-packages/pyspark/errors/exceptions/captured.py", line 185, in deco
    raise converted from None
pyspark.errors.exceptions.captured.AnalysisException: [PATH_NOT_FOUND] Path does not exist: file:/opt/airflow/1_landing/customers/*.
[2026-08-12T19:15:11.464+0000] {processor.py:927} WARNING - No viable dags retrieved from /opt/airflow/dags/dag_bronze.py
[2026-08-12T19:15:11.507+0000] {processor.py:208} INFO - Processing /opt/airflow/dags/dag_bronze.py took 7.435 seconds
[2026-08-12T19:15:42.024+0000] {processor.py:186} INFO - Started process (PID=5234) to work on /opt/airflow/dags/dag_bronze.py
[2026-08-12T19:15:42.026+0000] {processor.py:914} INFO - Processing file /opt/airflow/dags/dag_bronze.py for tasks to queue
[2026-08-12T19:15:42.029+0000] {logging_mixin.py:190} INFO - [2026-08-12T19:15:42.028+0000] {dagbag.py:587} INFO - Filling up the DagBag from /opt/airflow/dags/dag_bronze.py
[2026-08-12T19:15:48.569+0000] {logging_mixin.py:190} INFO - [2026-08-12T19:15:48.546+0000] {dagbag.py:386} ERROR - Failed to import: /opt/airflow/dags/dag_bronze.py
Traceback (most recent call last):
  File "/home/airflow/.local/lib/python3.12/site-packages/airflow/models/dagbag.py", line 382, in parse
    loader.exec_module(new_module)
  File "<frozen importlib._bootstrap_external>", line 995, in exec_module
  File "<frozen importlib._bootstrap>", line 488, in _call_with_frames_removed
  File "/opt/airflow/dags/dag_bronze.py", line 8, in <module>
    from bronze_customers import process_bronze_customers
  File "/opt/airflow/scripts/bronze_customers.py", line 6, in <module>
    df_landing = spark.read.json("1_landing/customers/*")
                 ^^^^^^^^^^^^^^^^^^^^^^^^^^^^^^^^^^^^^^^^
  File "/home/airflow/.local/lib/python3.12/site-packages/pyspark/sql/readwriter.py", line 425, in json
    return self._df(self._jreader.json(self._spark._sc._jvm.PythonUtils.toSeq(path)))
                    ^^^^^^^^^^^^^^^^^^^^^^^^^^^^^^^^^^^^^^^^^^^^^^^^^^^^^^^^^^^^^^^^
  File "/home/airflow/.local/lib/python3.12/site-packages/py4j/java_gateway.py", line 1322, in __call__
    return_value = get_return_value(
                   ^^^^^^^^^^^^^^^^^
  File "/home/airflow/.local/lib/python3.12/site-packages/pyspark/errors/exceptions/captured.py", line 185, in deco
    raise converted from None
pyspark.errors.exceptions.captured.AnalysisException: [PATH_NOT_FOUND] Path does not exist: file:/opt/airflow/1_landing/customers/*.
[2026-08-12T19:15:48.578+0000] {processor.py:927} WARNING - No viable dags retrieved from /opt/airflow/dags/dag_bronze.py
[2026-08-12T19:15:48.633+0000] {processor.py:208} INFO - Processing /opt/airflow/dags/dag_bronze.py took 6.618 seconds
[2026-08-12T19:16:19.427+0000] {processor.py:186} INFO - Started process (PID=5404) to work on /opt/airflow/dags/dag_bronze.py
[2026-08-12T19:16:19.431+0000] {processor.py:914} INFO - Processing file /opt/airflow/dags/dag_bronze.py for tasks to queue
[2026-08-12T19:16:19.433+0000] {logging_mixin.py:190} INFO - [2026-08-12T19:16:19.432+0000] {dagbag.py:587} INFO - Filling up the DagBag from /opt/airflow/dags/dag_bronze.py
[2026-08-12T19:16:26.981+0000] {logging_mixin.py:190} INFO - [2026-08-12T19:16:26.962+0000] {dagbag.py:386} ERROR - Failed to import: /opt/airflow/dags/dag_bronze.py
Traceback (most recent call last):
  File "/home/airflow/.local/lib/python3.12/site-packages/airflow/models/dagbag.py", line 382, in parse
    loader.exec_module(new_module)
  File "<frozen importlib._bootstrap_external>", line 995, in exec_module
  File "<frozen importlib._bootstrap>", line 488, in _call_with_frames_removed
  File "/opt/airflow/dags/dag_bronze.py", line 8, in <module>
    from bronze_customers import process_bronze_customers
  File "/opt/airflow/scripts/bronze_customers.py", line 6, in <module>
    df_landing = spark.read.json("1_landing/customers/*")
                 ^^^^^^^^^^^^^^^^^^^^^^^^^^^^^^^^^^^^^^^^
  File "/home/airflow/.local/lib/python3.12/site-packages/pyspark/sql/readwriter.py", line 425, in json
    return self._df(self._jreader.json(self._spark._sc._jvm.PythonUtils.toSeq(path)))
                    ^^^^^^^^^^^^^^^^^^^^^^^^^^^^^^^^^^^^^^^^^^^^^^^^^^^^^^^^^^^^^^^^
  File "/home/airflow/.local/lib/python3.12/site-packages/py4j/java_gateway.py", line 1322, in __call__
    return_value = get_return_value(
                   ^^^^^^^^^^^^^^^^^
  File "/home/airflow/.local/lib/python3.12/site-packages/pyspark/errors/exceptions/captured.py", line 185, in deco
    raise converted from None
pyspark.errors.exceptions.captured.AnalysisException: [PATH_NOT_FOUND] Path does not exist: file:/opt/airflow/1_landing/customers/*.
[2026-08-12T19:16:26.987+0000] {processor.py:927} WARNING - No viable dags retrieved from /opt/airflow/dags/dag_bronze.py
[2026-08-12T19:16:27.030+0000] {processor.py:208} INFO - Processing /opt/airflow/dags/dag_bronze.py took 7.613 seconds
[2026-08-12T19:16:57.141+0000] {processor.py:186} INFO - Started process (PID=5571) to work on /opt/airflow/dags/dag_bronze.py
[2026-08-12T19:16:57.144+0000] {processor.py:914} INFO - Processing file /opt/airflow/dags/dag_bronze.py for tasks to queue
[2026-08-12T19:16:57.150+0000] {logging_mixin.py:190} INFO - [2026-08-12T19:16:57.149+0000] {dagbag.py:587} INFO - Filling up the DagBag from /opt/airflow/dags/dag_bronze.py
[2026-08-12T19:17:06.354+0000] {logging_mixin.py:190} INFO - [2026-08-12T19:17:06.328+0000] {dagbag.py:386} ERROR - Failed to import: /opt/airflow/dags/dag_bronze.py
Traceback (most recent call last):
  File "/home/airflow/.local/lib/python3.12/site-packages/airflow/models/dagbag.py", line 382, in parse
    loader.exec_module(new_module)
  File "<frozen importlib._bootstrap_external>", line 995, in exec_module
  File "<frozen importlib._bootstrap>", line 488, in _call_with_frames_removed
  File "/opt/airflow/dags/dag_bronze.py", line 8, in <module>
    from bronze_customers import process_bronze_customers
  File "/opt/airflow/scripts/bronze_customers.py", line 7, in <module>
    df_customers = spark.read.json("landing/customers/*")
                   ^^^^^^^^^^^^^^^^^^^^^^^^^^^^^^^^^^^^^^
  File "/home/airflow/.local/lib/python3.12/site-packages/pyspark/sql/readwriter.py", line 425, in json
    return self._df(self._jreader.json(self._spark._sc._jvm.PythonUtils.toSeq(path)))
                    ^^^^^^^^^^^^^^^^^^^^^^^^^^^^^^^^^^^^^^^^^^^^^^^^^^^^^^^^^^^^^^^^
  File "/home/airflow/.local/lib/python3.12/site-packages/py4j/java_gateway.py", line 1322, in __call__
    return_value = get_return_value(
                   ^^^^^^^^^^^^^^^^^
  File "/home/airflow/.local/lib/python3.12/site-packages/pyspark/errors/exceptions/captured.py", line 185, in deco
    raise converted from None
pyspark.errors.exceptions.captured.AnalysisException: [PATH_NOT_FOUND] Path does not exist: file:/opt/airflow/landing/customers/*.
[2026-08-12T19:17:06.366+0000] {processor.py:927} WARNING - No viable dags retrieved from /opt/airflow/dags/dag_bronze.py
[2026-08-12T19:17:06.409+0000] {processor.py:208} INFO - Processing /opt/airflow/dags/dag_bronze.py took 9.288 seconds
[2026-08-12T19:17:36.569+0000] {processor.py:186} INFO - Started process (PID=5741) to work on /opt/airflow/dags/dag_bronze.py
[2026-08-12T19:17:36.572+0000] {processor.py:914} INFO - Processing file /opt/airflow/dags/dag_bronze.py for tasks to queue
[2026-08-12T19:17:36.575+0000] {logging_mixin.py:190} INFO - [2026-08-12T19:17:36.574+0000] {dagbag.py:587} INFO - Filling up the DagBag from /opt/airflow/dags/dag_bronze.py
[2026-08-12T19:17:44.695+0000] {logging_mixin.py:190} INFO - [2026-08-12T19:17:44.660+0000] {dagbag.py:386} ERROR - Failed to import: /opt/airflow/dags/dag_bronze.py
Traceback (most recent call last):
  File "/home/airflow/.local/lib/python3.12/site-packages/airflow/models/dagbag.py", line 382, in parse
    loader.exec_module(new_module)
  File "<frozen importlib._bootstrap_external>", line 995, in exec_module
  File "<frozen importlib._bootstrap>", line 488, in _call_with_frames_removed
  File "/opt/airflow/dags/dag_bronze.py", line 8, in <module>
    from bronze_customers import process_bronze_customers
  File "/opt/airflow/scripts/bronze_customers.py", line 7, in <module>
    df_customers = spark.read.json("landing/customers/*")
                   ^^^^^^^^^^^^^^^^^^^^^^^^^^^^^^^^^^^^^^
  File "/home/airflow/.local/lib/python3.12/site-packages/pyspark/sql/readwriter.py", line 425, in json
    return self._df(self._jreader.json(self._spark._sc._jvm.PythonUtils.toSeq(path)))
                    ^^^^^^^^^^^^^^^^^^^^^^^^^^^^^^^^^^^^^^^^^^^^^^^^^^^^^^^^^^^^^^^^
  File "/home/airflow/.local/lib/python3.12/site-packages/py4j/java_gateway.py", line 1322, in __call__
    return_value = get_return_value(
                   ^^^^^^^^^^^^^^^^^
  File "/home/airflow/.local/lib/python3.12/site-packages/pyspark/errors/exceptions/captured.py", line 185, in deco
    raise converted from None
pyspark.errors.exceptions.captured.AnalysisException: [PATH_NOT_FOUND] Path does not exist: file:/opt/airflow/landing/customers/*.
[2026-08-12T19:17:44.706+0000] {processor.py:927} WARNING - No viable dags retrieved from /opt/airflow/dags/dag_bronze.py
[2026-08-12T19:17:44.778+0000] {processor.py:208} INFO - Processing /opt/airflow/dags/dag_bronze.py took 8.224 seconds
[2026-08-12T19:18:15.628+0000] {processor.py:186} INFO - Started process (PID=5912) to work on /opt/airflow/dags/dag_bronze.py
[2026-08-12T19:18:15.631+0000] {processor.py:914} INFO - Processing file /opt/airflow/dags/dag_bronze.py for tasks to queue
[2026-08-12T19:18:15.633+0000] {logging_mixin.py:190} INFO - [2026-08-12T19:18:15.633+0000] {dagbag.py:587} INFO - Filling up the DagBag from /opt/airflow/dags/dag_bronze.py
[2026-08-12T19:18:22.106+0000] {logging_mixin.py:190} INFO - [2026-08-12T19:18:22.081+0000] {dagbag.py:386} ERROR - Failed to import: /opt/airflow/dags/dag_bronze.py
Traceback (most recent call last):
  File "/home/airflow/.local/lib/python3.12/site-packages/airflow/models/dagbag.py", line 382, in parse
    loader.exec_module(new_module)
  File "<frozen importlib._bootstrap_external>", line 995, in exec_module
  File "<frozen importlib._bootstrap>", line 488, in _call_with_frames_removed
  File "/opt/airflow/dags/dag_bronze.py", line 8, in <module>
    from bronze_customers import process_bronze_customers
  File "/opt/airflow/scripts/bronze_customers.py", line 7, in <module>
    df_customers = spark.read.json("landing/customers/*")
                   ^^^^^^^^^^^^^^^^^^^^^^^^^^^^^^^^^^^^^^
  File "/home/airflow/.local/lib/python3.12/site-packages/pyspark/sql/readwriter.py", line 425, in json
    return self._df(self._jreader.json(self._spark._sc._jvm.PythonUtils.toSeq(path)))
                    ^^^^^^^^^^^^^^^^^^^^^^^^^^^^^^^^^^^^^^^^^^^^^^^^^^^^^^^^^^^^^^^^
  File "/home/airflow/.local/lib/python3.12/site-packages/py4j/java_gateway.py", line 1322, in __call__
    return_value = get_return_value(
                   ^^^^^^^^^^^^^^^^^
  File "/home/airflow/.local/lib/python3.12/site-packages/pyspark/errors/exceptions/captured.py", line 185, in deco
    raise converted from None
pyspark.errors.exceptions.captured.AnalysisException: [PATH_NOT_FOUND] Path does not exist: file:/opt/airflow/landing/customers/*.
[2026-08-12T19:18:22.114+0000] {processor.py:927} WARNING - No viable dags retrieved from /opt/airflow/dags/dag_bronze.py
[2026-08-12T19:18:22.167+0000] {processor.py:208} INFO - Processing /opt/airflow/dags/dag_bronze.py took 6.552 seconds
[2026-08-12T19:18:52.857+0000] {processor.py:186} INFO - Started process (PID=6081) to work on /opt/airflow/dags/dag_bronze.py
[2026-08-12T19:18:52.859+0000] {processor.py:914} INFO - Processing file /opt/airflow/dags/dag_bronze.py for tasks to queue
[2026-08-12T19:18:52.862+0000] {logging_mixin.py:190} INFO - [2026-08-12T19:18:52.861+0000] {dagbag.py:587} INFO - Filling up the DagBag from /opt/airflow/dags/dag_bronze.py
[2026-08-12T19:19:00.499+0000] {logging_mixin.py:190} INFO - [2026-08-12T19:19:00.446+0000] {dagbag.py:386} ERROR - Failed to import: /opt/airflow/dags/dag_bronze.py
Traceback (most recent call last):
  File "/home/airflow/.local/lib/python3.12/site-packages/airflow/models/dagbag.py", line 382, in parse
    loader.exec_module(new_module)
  File "<frozen importlib._bootstrap_external>", line 995, in exec_module
  File "<frozen importlib._bootstrap>", line 488, in _call_with_frames_removed
  File "/opt/airflow/dags/dag_bronze.py", line 8, in <module>
    from bronze_customers import process_bronze_customers
  File "/opt/airflow/scripts/bronze_customers.py", line 7, in <module>
    df_customers = spark.read.json("landing/customers/*")
                   ^^^^^^^^^^^^^^^^^^^^^^^^^^^^^^^^^^^^^^
  File "/home/airflow/.local/lib/python3.12/site-packages/pyspark/sql/readwriter.py", line 425, in json
    return self._df(self._jreader.json(self._spark._sc._jvm.PythonUtils.toSeq(path)))
                    ^^^^^^^^^^^^^^^^^^^^^^^^^^^^^^^^^^^^^^^^^^^^^^^^^^^^^^^^^^^^^^^^
  File "/home/airflow/.local/lib/python3.12/site-packages/py4j/java_gateway.py", line 1322, in __call__
    return_value = get_return_value(
                   ^^^^^^^^^^^^^^^^^
  File "/home/airflow/.local/lib/python3.12/site-packages/pyspark/errors/exceptions/captured.py", line 185, in deco
    raise converted from None
pyspark.errors.exceptions.captured.AnalysisException: [PATH_NOT_FOUND] Path does not exist: file:/opt/airflow/landing/customers/*.
[2026-08-12T19:19:00.513+0000] {processor.py:927} WARNING - No viable dags retrieved from /opt/airflow/dags/dag_bronze.py
[2026-08-12T19:19:00.622+0000] {processor.py:208} INFO - Processing /opt/airflow/dags/dag_bronze.py took 7.775 seconds
[2026-08-12T19:19:30.837+0000] {processor.py:186} INFO - Started process (PID=6249) to work on /opt/airflow/dags/dag_bronze.py
[2026-08-12T19:19:30.839+0000] {processor.py:914} INFO - Processing file /opt/airflow/dags/dag_bronze.py for tasks to queue
[2026-08-12T19:19:30.840+0000] {logging_mixin.py:190} INFO - [2026-08-12T19:19:30.840+0000] {dagbag.py:587} INFO - Filling up the DagBag from /opt/airflow/dags/dag_bronze.py
[2026-08-12T19:19:37.013+0000] {logging_mixin.py:190} INFO - [2026-08-12T19:19:36.969+0000] {dagbag.py:386} ERROR - Failed to import: /opt/airflow/dags/dag_bronze.py
Traceback (most recent call last):
  File "/home/airflow/.local/lib/python3.12/site-packages/airflow/models/dagbag.py", line 382, in parse
    loader.exec_module(new_module)
  File "<frozen importlib._bootstrap_external>", line 995, in exec_module
  File "<frozen importlib._bootstrap>", line 488, in _call_with_frames_removed
  File "/opt/airflow/dags/dag_bronze.py", line 8, in <module>
    from bronze_customers import process_bronze_customers
  File "/opt/airflow/scripts/bronze_customers.py", line 7, in <module>
    df_customers = spark.read.json("landing/customers/*")
                   ^^^^^^^^^^^^^^^^^^^^^^^^^^^^^^^^^^^^^^
  File "/home/airflow/.local/lib/python3.12/site-packages/pyspark/sql/readwriter.py", line 425, in json
    return self._df(self._jreader.json(self._spark._sc._jvm.PythonUtils.toSeq(path)))
                    ^^^^^^^^^^^^^^^^^^^^^^^^^^^^^^^^^^^^^^^^^^^^^^^^^^^^^^^^^^^^^^^^
  File "/home/airflow/.local/lib/python3.12/site-packages/py4j/java_gateway.py", line 1322, in __call__
    return_value = get_return_value(
                   ^^^^^^^^^^^^^^^^^
  File "/home/airflow/.local/lib/python3.12/site-packages/pyspark/errors/exceptions/captured.py", line 185, in deco
    raise converted from None
pyspark.errors.exceptions.captured.AnalysisException: [PATH_NOT_FOUND] Path does not exist: file:/opt/airflow/landing/customers/*.
[2026-08-12T19:19:37.030+0000] {processor.py:927} WARNING - No viable dags retrieved from /opt/airflow/dags/dag_bronze.py
[2026-08-12T19:19:37.119+0000] {processor.py:208} INFO - Processing /opt/airflow/dags/dag_bronze.py took 6.287 seconds
[2026-08-12T19:20:07.472+0000] {processor.py:186} INFO - Started process (PID=6415) to work on /opt/airflow/dags/dag_bronze.py
[2026-08-12T19:20:07.474+0000] {processor.py:914} INFO - Processing file /opt/airflow/dags/dag_bronze.py for tasks to queue
[2026-08-12T19:20:07.476+0000] {logging_mixin.py:190} INFO - [2026-08-12T19:20:07.475+0000] {dagbag.py:587} INFO - Filling up the DagBag from /opt/airflow/dags/dag_bronze.py
[2026-08-12T19:20:16.608+0000] {logging_mixin.py:190} INFO - [2026-08-12T19:20:16.565+0000] {dagbag.py:386} ERROR - Failed to import: /opt/airflow/dags/dag_bronze.py
Traceback (most recent call last):
  File "/home/airflow/.local/lib/python3.12/site-packages/airflow/models/dagbag.py", line 382, in parse
    loader.exec_module(new_module)
  File "<frozen importlib._bootstrap_external>", line 995, in exec_module
  File "<frozen importlib._bootstrap>", line 488, in _call_with_frames_removed
  File "/opt/airflow/dags/dag_bronze.py", line 8, in <module>
    from bronze_customers import process_bronze_customers
  File "/opt/airflow/scripts/bronze_customers.py", line 7, in <module>
    df_customers = spark.read.json("landing/customers/*")
                   ^^^^^^^^^^^^^^^^^^^^^^^^^^^^^^^^^^^^^^
  File "/home/airflow/.local/lib/python3.12/site-packages/pyspark/sql/readwriter.py", line 425, in json
    return self._df(self._jreader.json(self._spark._sc._jvm.PythonUtils.toSeq(path)))
                    ^^^^^^^^^^^^^^^^^^^^^^^^^^^^^^^^^^^^^^^^^^^^^^^^^^^^^^^^^^^^^^^^
  File "/home/airflow/.local/lib/python3.12/site-packages/py4j/java_gateway.py", line 1322, in __call__
    return_value = get_return_value(
                   ^^^^^^^^^^^^^^^^^
  File "/home/airflow/.local/lib/python3.12/site-packages/pyspark/errors/exceptions/captured.py", line 185, in deco
    raise converted from None
pyspark.errors.exceptions.captured.AnalysisException: [PATH_NOT_FOUND] Path does not exist: file:/opt/airflow/landing/customers/*.
[2026-08-12T19:20:16.632+0000] {processor.py:927} WARNING - No viable dags retrieved from /opt/airflow/dags/dag_bronze.py
[2026-08-12T19:20:16.704+0000] {processor.py:208} INFO - Processing /opt/airflow/dags/dag_bronze.py took 9.242 seconds
[2026-08-12T19:20:46.896+0000] {processor.py:186} INFO - Started process (PID=6589) to work on /opt/airflow/dags/dag_bronze.py
[2026-08-12T19:20:46.901+0000] {processor.py:914} INFO - Processing file /opt/airflow/dags/dag_bronze.py for tasks to queue
[2026-08-12T19:20:46.910+0000] {logging_mixin.py:190} INFO - [2026-08-12T19:20:46.907+0000] {dagbag.py:587} INFO - Filling up the DagBag from /opt/airflow/dags/dag_bronze.py
[2026-08-12T19:20:57.546+0000] {logging_mixin.py:190} INFO - [2026-08-12T19:20:57.527+0000] {dagbag.py:386} ERROR - Failed to import: /opt/airflow/dags/dag_bronze.py
Traceback (most recent call last):
  File "/home/airflow/.local/lib/python3.12/site-packages/airflow/models/dagbag.py", line 382, in parse
    loader.exec_module(new_module)
  File "<frozen importlib._bootstrap_external>", line 995, in exec_module
  File "<frozen importlib._bootstrap>", line 488, in _call_with_frames_removed
  File "/opt/airflow/dags/dag_bronze.py", line 8, in <module>
    from bronze_customers import process_bronze_customers
  File "/opt/airflow/scripts/bronze_customers.py", line 7, in <module>
    df_customers = spark.read.json("landing/customers/*")
                   ^^^^^^^^^^^^^^^^^^^^^^^^^^^^^^^^^^^^^^
  File "/home/airflow/.local/lib/python3.12/site-packages/pyspark/sql/readwriter.py", line 425, in json
    return self._df(self._jreader.json(self._spark._sc._jvm.PythonUtils.toSeq(path)))
                    ^^^^^^^^^^^^^^^^^^^^^^^^^^^^^^^^^^^^^^^^^^^^^^^^^^^^^^^^^^^^^^^^
  File "/home/airflow/.local/lib/python3.12/site-packages/py4j/java_gateway.py", line 1322, in __call__
    return_value = get_return_value(
                   ^^^^^^^^^^^^^^^^^
  File "/home/airflow/.local/lib/python3.12/site-packages/pyspark/errors/exceptions/captured.py", line 185, in deco
    raise converted from None
pyspark.errors.exceptions.captured.AnalysisException: [PATH_NOT_FOUND] Path does not exist: file:/opt/airflow/landing/customers/*.
[2026-08-12T19:20:57.554+0000] {processor.py:927} WARNING - No viable dags retrieved from /opt/airflow/dags/dag_bronze.py
[2026-08-12T19:20:57.600+0000] {processor.py:208} INFO - Processing /opt/airflow/dags/dag_bronze.py took 10.734 seconds
[2026-08-12T19:21:27.745+0000] {processor.py:186} INFO - Started process (PID=6760) to work on /opt/airflow/dags/dag_bronze.py
[2026-08-12T19:21:27.751+0000] {processor.py:914} INFO - Processing file /opt/airflow/dags/dag_bronze.py for tasks to queue
[2026-08-12T19:21:27.763+0000] {logging_mixin.py:190} INFO - [2026-08-12T19:21:27.761+0000] {dagbag.py:587} INFO - Filling up the DagBag from /opt/airflow/dags/dag_bronze.py
[2026-08-12T19:21:37.372+0000] {logging_mixin.py:190} INFO - [2026-08-12T19:21:37.337+0000] {dagbag.py:386} ERROR - Failed to import: /opt/airflow/dags/dag_bronze.py
Traceback (most recent call last):
  File "/home/airflow/.local/lib/python3.12/site-packages/airflow/models/dagbag.py", line 382, in parse
    loader.exec_module(new_module)
  File "<frozen importlib._bootstrap_external>", line 995, in exec_module
  File "<frozen importlib._bootstrap>", line 488, in _call_with_frames_removed
  File "/opt/airflow/dags/dag_bronze.py", line 8, in <module>
    from bronze_customers import process_bronze_customers
  File "/opt/airflow/scripts/bronze_customers.py", line 7, in <module>
    df_customers = spark.read.json("landing/customers/*")
                   ^^^^^^^^^^^^^^^^^^^^^^^^^^^^^^^^^^^^^^
  File "/home/airflow/.local/lib/python3.12/site-packages/pyspark/sql/readwriter.py", line 425, in json
    return self._df(self._jreader.json(self._spark._sc._jvm.PythonUtils.toSeq(path)))
                    ^^^^^^^^^^^^^^^^^^^^^^^^^^^^^^^^^^^^^^^^^^^^^^^^^^^^^^^^^^^^^^^^
  File "/home/airflow/.local/lib/python3.12/site-packages/py4j/java_gateway.py", line 1322, in __call__
    return_value = get_return_value(
                   ^^^^^^^^^^^^^^^^^
  File "/home/airflow/.local/lib/python3.12/site-packages/pyspark/errors/exceptions/captured.py", line 185, in deco
    raise converted from None
pyspark.errors.exceptions.captured.AnalysisException: [PATH_NOT_FOUND] Path does not exist: file:/opt/airflow/landing/customers/*.
[2026-08-12T19:21:37.382+0000] {processor.py:927} WARNING - No viable dags retrieved from /opt/airflow/dags/dag_bronze.py
[2026-08-12T19:21:37.456+0000] {processor.py:208} INFO - Processing /opt/airflow/dags/dag_bronze.py took 9.744 seconds
[2026-08-12T19:22:07.941+0000] {processor.py:186} INFO - Started process (PID=6930) to work on /opt/airflow/dags/dag_bronze.py
[2026-08-12T19:22:07.943+0000] {processor.py:914} INFO - Processing file /opt/airflow/dags/dag_bronze.py for tasks to queue
[2026-08-12T19:22:07.945+0000] {logging_mixin.py:190} INFO - [2026-08-12T19:22:07.945+0000] {dagbag.py:587} INFO - Filling up the DagBag from /opt/airflow/dags/dag_bronze.py
[2026-08-12T19:22:21.536+0000] {logging_mixin.py:190} INFO - [2026-08-12T19:22:21.511+0000] {dagbag.py:386} ERROR - Failed to import: /opt/airflow/dags/dag_bronze.py
Traceback (most recent call last):
  File "/home/airflow/.local/lib/python3.12/site-packages/airflow/models/dagbag.py", line 382, in parse
    loader.exec_module(new_module)
  File "<frozen importlib._bootstrap_external>", line 995, in exec_module
  File "<frozen importlib._bootstrap>", line 488, in _call_with_frames_removed
  File "/opt/airflow/dags/dag_bronze.py", line 8, in <module>
    from bronze_customers import process_bronze_customers
  File "/opt/airflow/scripts/bronze_customers.py", line 7, in <module>
    df_customers = spark.read.json("landing/customers/*")
                   ^^^^^^^^^^^^^^^^^^^^^^^^^^^^^^^^^^^^^^
  File "/home/airflow/.local/lib/python3.12/site-packages/pyspark/sql/readwriter.py", line 425, in json
    return self._df(self._jreader.json(self._spark._sc._jvm.PythonUtils.toSeq(path)))
                    ^^^^^^^^^^^^^^^^^^^^^^^^^^^^^^^^^^^^^^^^^^^^^^^^^^^^^^^^^^^^^^^^
  File "/home/airflow/.local/lib/python3.12/site-packages/py4j/java_gateway.py", line 1322, in __call__
    return_value = get_return_value(
                   ^^^^^^^^^^^^^^^^^
  File "/home/airflow/.local/lib/python3.12/site-packages/pyspark/errors/exceptions/captured.py", line 185, in deco
    raise converted from None
pyspark.errors.exceptions.captured.AnalysisException: [PATH_NOT_FOUND] Path does not exist: file:/opt/airflow/landing/customers/*.
[2026-08-12T19:22:21.549+0000] {processor.py:927} WARNING - No viable dags retrieved from /opt/airflow/dags/dag_bronze.py
[2026-08-12T19:22:21.614+0000] {processor.py:208} INFO - Processing /opt/airflow/dags/dag_bronze.py took 13.685 seconds
[2026-08-12T19:22:52.158+0000] {processor.py:186} INFO - Started process (PID=7100) to work on /opt/airflow/dags/dag_bronze.py
[2026-08-12T19:22:52.161+0000] {processor.py:914} INFO - Processing file /opt/airflow/dags/dag_bronze.py for tasks to queue
[2026-08-12T19:22:52.166+0000] {logging_mixin.py:190} INFO - [2026-08-12T19:22:52.165+0000] {dagbag.py:587} INFO - Filling up the DagBag from /opt/airflow/dags/dag_bronze.py
[2026-08-12T19:23:03.232+0000] {logging_mixin.py:190} INFO - [2026-08-12T19:23:03.210+0000] {dagbag.py:386} ERROR - Failed to import: /opt/airflow/dags/dag_bronze.py
Traceback (most recent call last):
  File "/home/airflow/.local/lib/python3.12/site-packages/airflow/models/dagbag.py", line 382, in parse
    loader.exec_module(new_module)
  File "<frozen importlib._bootstrap_external>", line 995, in exec_module
  File "<frozen importlib._bootstrap>", line 488, in _call_with_frames_removed
  File "/opt/airflow/dags/dag_bronze.py", line 8, in <module>
    from bronze_customers import process_bronze_customers
  File "/opt/airflow/scripts/bronze_customers.py", line 7, in <module>
    df_customers = spark.read.json("landing/customers/*")
                   ^^^^^^^^^^^^^^^^^^^^^^^^^^^^^^^^^^^^^^
  File "/home/airflow/.local/lib/python3.12/site-packages/pyspark/sql/readwriter.py", line 425, in json
    return self._df(self._jreader.json(self._spark._sc._jvm.PythonUtils.toSeq(path)))
                    ^^^^^^^^^^^^^^^^^^^^^^^^^^^^^^^^^^^^^^^^^^^^^^^^^^^^^^^^^^^^^^^^
  File "/home/airflow/.local/lib/python3.12/site-packages/py4j/java_gateway.py", line 1322, in __call__
    return_value = get_return_value(
                   ^^^^^^^^^^^^^^^^^
  File "/home/airflow/.local/lib/python3.12/site-packages/pyspark/errors/exceptions/captured.py", line 185, in deco
    raise converted from None
pyspark.errors.exceptions.captured.AnalysisException: [PATH_NOT_FOUND] Path does not exist: file:/opt/airflow/landing/customers/*.
[2026-08-12T19:23:03.243+0000] {processor.py:927} WARNING - No viable dags retrieved from /opt/airflow/dags/dag_bronze.py
[2026-08-12T19:23:03.299+0000] {processor.py:208} INFO - Processing /opt/airflow/dags/dag_bronze.py took 11.165 seconds
[2026-08-12T19:23:33.723+0000] {processor.py:186} INFO - Started process (PID=7273) to work on /opt/airflow/dags/dag_bronze.py
[2026-08-12T19:23:33.726+0000] {processor.py:914} INFO - Processing file /opt/airflow/dags/dag_bronze.py for tasks to queue
[2026-08-12T19:23:33.730+0000] {logging_mixin.py:190} INFO - [2026-08-12T19:23:33.729+0000] {dagbag.py:587} INFO - Filling up the DagBag from /opt/airflow/dags/dag_bronze.py
[2026-08-12T19:23:42.714+0000] {logging_mixin.py:190} INFO - [2026-08-12T19:23:42.696+0000] {dagbag.py:386} ERROR - Failed to import: /opt/airflow/dags/dag_bronze.py
Traceback (most recent call last):
  File "/home/airflow/.local/lib/python3.12/site-packages/airflow/models/dagbag.py", line 382, in parse
    loader.exec_module(new_module)
  File "<frozen importlib._bootstrap_external>", line 995, in exec_module
  File "<frozen importlib._bootstrap>", line 488, in _call_with_frames_removed
  File "/opt/airflow/dags/dag_bronze.py", line 8, in <module>
    from bronze_customers import process_bronze_customers
  File "/opt/airflow/scripts/bronze_customers.py", line 7, in <module>
    df_customers = spark.read.json("landing/customers/*")
                   ^^^^^^^^^^^^^^^^^^^^^^^^^^^^^^^^^^^^^^
  File "/home/airflow/.local/lib/python3.12/site-packages/pyspark/sql/readwriter.py", line 425, in json
    return self._df(self._jreader.json(self._spark._sc._jvm.PythonUtils.toSeq(path)))
                    ^^^^^^^^^^^^^^^^^^^^^^^^^^^^^^^^^^^^^^^^^^^^^^^^^^^^^^^^^^^^^^^^
  File "/home/airflow/.local/lib/python3.12/site-packages/py4j/java_gateway.py", line 1322, in __call__
    return_value = get_return_value(
                   ^^^^^^^^^^^^^^^^^
  File "/home/airflow/.local/lib/python3.12/site-packages/pyspark/errors/exceptions/captured.py", line 185, in deco
    raise converted from None
pyspark.errors.exceptions.captured.AnalysisException: [PATH_NOT_FOUND] Path does not exist: file:/opt/airflow/landing/customers/*.
[2026-08-12T19:23:42.719+0000] {processor.py:927} WARNING - No viable dags retrieved from /opt/airflow/dags/dag_bronze.py
[2026-08-12T19:23:42.763+0000] {processor.py:208} INFO - Processing /opt/airflow/dags/dag_bronze.py took 9.055 seconds
[2026-08-12T19:24:13.712+0000] {processor.py:186} INFO - Started process (PID=7444) to work on /opt/airflow/dags/dag_bronze.py
[2026-08-12T19:24:13.716+0000] {processor.py:914} INFO - Processing file /opt/airflow/dags/dag_bronze.py for tasks to queue
[2026-08-12T19:24:13.723+0000] {logging_mixin.py:190} INFO - [2026-08-12T19:24:13.722+0000] {dagbag.py:587} INFO - Filling up the DagBag from /opt/airflow/dags/dag_bronze.py
[2026-08-12T19:24:27.237+0000] {logging_mixin.py:190} INFO - [2026-08-12T19:24:27.184+0000] {dagbag.py:386} ERROR - Failed to import: /opt/airflow/dags/dag_bronze.py
Traceback (most recent call last):
  File "/home/airflow/.local/lib/python3.12/site-packages/airflow/models/dagbag.py", line 382, in parse
    loader.exec_module(new_module)
  File "<frozen importlib._bootstrap_external>", line 995, in exec_module
  File "<frozen importlib._bootstrap>", line 488, in _call_with_frames_removed
  File "/opt/airflow/dags/dag_bronze.py", line 8, in <module>
    from bronze_customers import process_bronze_customers
  File "/opt/airflow/scripts/bronze_customers.py", line 7, in <module>
    df_customers = spark.read.json("landing/customers/*")
                   ^^^^^^^^^^^^^^^^^^^^^^^^^^^^^^^^^^^^^^
  File "/home/airflow/.local/lib/python3.12/site-packages/pyspark/sql/readwriter.py", line 425, in json
    return self._df(self._jreader.json(self._spark._sc._jvm.PythonUtils.toSeq(path)))
                    ^^^^^^^^^^^^^^^^^^^^^^^^^^^^^^^^^^^^^^^^^^^^^^^^^^^^^^^^^^^^^^^^
  File "/home/airflow/.local/lib/python3.12/site-packages/py4j/java_gateway.py", line 1322, in __call__
    return_value = get_return_value(
                   ^^^^^^^^^^^^^^^^^
  File "/home/airflow/.local/lib/python3.12/site-packages/pyspark/errors/exceptions/captured.py", line 185, in deco
    raise converted from None
pyspark.errors.exceptions.captured.AnalysisException: [PATH_NOT_FOUND] Path does not exist: file:/opt/airflow/landing/customers/*.
[2026-08-12T19:24:27.259+0000] {processor.py:927} WARNING - No viable dags retrieved from /opt/airflow/dags/dag_bronze.py
[2026-08-12T19:24:27.349+0000] {processor.py:208} INFO - Processing /opt/airflow/dags/dag_bronze.py took 13.666 seconds
[2026-08-12T19:24:57.925+0000] {processor.py:186} INFO - Started process (PID=7620) to work on /opt/airflow/dags/dag_bronze.py
[2026-08-12T19:24:57.927+0000] {processor.py:914} INFO - Processing file /opt/airflow/dags/dag_bronze.py for tasks to queue
[2026-08-12T19:24:57.929+0000] {logging_mixin.py:190} INFO - [2026-08-12T19:24:57.929+0000] {dagbag.py:587} INFO - Filling up the DagBag from /opt/airflow/dags/dag_bronze.py
[2026-08-12T19:25:05.630+0000] {logging_mixin.py:190} INFO - [2026-08-12T19:25:05.589+0000] {dagbag.py:386} ERROR - Failed to import: /opt/airflow/dags/dag_bronze.py
Traceback (most recent call last):
  File "/home/airflow/.local/lib/python3.12/site-packages/airflow/models/dagbag.py", line 382, in parse
    loader.exec_module(new_module)
  File "<frozen importlib._bootstrap_external>", line 995, in exec_module
  File "<frozen importlib._bootstrap>", line 488, in _call_with_frames_removed
  File "/opt/airflow/dags/dag_bronze.py", line 8, in <module>
    from bronze_customers import process_bronze_customers
  File "/opt/airflow/scripts/bronze_customers.py", line 7, in <module>
    df_customers = spark.read.json("landing/customers/*")
                   ^^^^^^^^^^^^^^^^^^^^^^^^^^^^^^^^^^^^^^
  File "/home/airflow/.local/lib/python3.12/site-packages/pyspark/sql/readwriter.py", line 425, in json
    return self._df(self._jreader.json(self._spark._sc._jvm.PythonUtils.toSeq(path)))
                    ^^^^^^^^^^^^^^^^^^^^^^^^^^^^^^^^^^^^^^^^^^^^^^^^^^^^^^^^^^^^^^^^
  File "/home/airflow/.local/lib/python3.12/site-packages/py4j/java_gateway.py", line 1322, in __call__
    return_value = get_return_value(
                   ^^^^^^^^^^^^^^^^^
  File "/home/airflow/.local/lib/python3.12/site-packages/pyspark/errors/exceptions/captured.py", line 185, in deco
    raise converted from None
pyspark.errors.exceptions.captured.AnalysisException: [PATH_NOT_FOUND] Path does not exist: file:/opt/airflow/landing/customers/*.
[2026-08-12T19:25:05.643+0000] {processor.py:927} WARNING - No viable dags retrieved from /opt/airflow/dags/dag_bronze.py
[2026-08-12T19:25:05.703+0000] {processor.py:208} INFO - Processing /opt/airflow/dags/dag_bronze.py took 7.800 seconds
[2026-08-12T19:25:36.379+0000] {processor.py:186} INFO - Started process (PID=7791) to work on /opt/airflow/dags/dag_bronze.py
[2026-08-12T19:25:36.380+0000] {processor.py:914} INFO - Processing file /opt/airflow/dags/dag_bronze.py for tasks to queue
[2026-08-12T19:25:36.384+0000] {logging_mixin.py:190} INFO - [2026-08-12T19:25:36.384+0000] {dagbag.py:587} INFO - Filling up the DagBag from /opt/airflow/dags/dag_bronze.py
[2026-08-12T19:25:45.827+0000] {logging_mixin.py:190} INFO - [2026-08-12T19:25:45.792+0000] {dagbag.py:386} ERROR - Failed to import: /opt/airflow/dags/dag_bronze.py
Traceback (most recent call last):
  File "/home/airflow/.local/lib/python3.12/site-packages/airflow/models/dagbag.py", line 382, in parse
    loader.exec_module(new_module)
  File "<frozen importlib._bootstrap_external>", line 995, in exec_module
  File "<frozen importlib._bootstrap>", line 488, in _call_with_frames_removed
  File "/opt/airflow/dags/dag_bronze.py", line 8, in <module>
    from bronze_customers import process_bronze_customers
  File "/opt/airflow/scripts/bronze_customers.py", line 7, in <module>
    df_customers = spark.read.json("landing/customers/*")
                   ^^^^^^^^^^^^^^^^^^^^^^^^^^^^^^^^^^^^^^
  File "/home/airflow/.local/lib/python3.12/site-packages/pyspark/sql/readwriter.py", line 425, in json
    return self._df(self._jreader.json(self._spark._sc._jvm.PythonUtils.toSeq(path)))
                    ^^^^^^^^^^^^^^^^^^^^^^^^^^^^^^^^^^^^^^^^^^^^^^^^^^^^^^^^^^^^^^^^
  File "/home/airflow/.local/lib/python3.12/site-packages/py4j/java_gateway.py", line 1322, in __call__
    return_value = get_return_value(
                   ^^^^^^^^^^^^^^^^^
  File "/home/airflow/.local/lib/python3.12/site-packages/pyspark/errors/exceptions/captured.py", line 185, in deco
    raise converted from None
pyspark.errors.exceptions.captured.AnalysisException: [PATH_NOT_FOUND] Path does not exist: file:/opt/airflow/landing/customers/*.
[2026-08-12T19:25:45.837+0000] {processor.py:927} WARNING - No viable dags retrieved from /opt/airflow/dags/dag_bronze.py
[2026-08-12T19:25:45.924+0000] {processor.py:208} INFO - Processing /opt/airflow/dags/dag_bronze.py took 9.556 seconds
[2026-08-12T19:26:16.075+0000] {processor.py:186} INFO - Started process (PID=7963) to work on /opt/airflow/dags/dag_bronze.py
[2026-08-12T19:26:16.076+0000] {processor.py:914} INFO - Processing file /opt/airflow/dags/dag_bronze.py for tasks to queue
[2026-08-12T19:26:16.079+0000] {logging_mixin.py:190} INFO - [2026-08-12T19:26:16.079+0000] {dagbag.py:587} INFO - Filling up the DagBag from /opt/airflow/dags/dag_bronze.py
[2026-08-12T19:26:26.739+0000] {logging_mixin.py:190} INFO - [2026-08-12T19:26:26.712+0000] {dagbag.py:386} ERROR - Failed to import: /opt/airflow/dags/dag_bronze.py
Traceback (most recent call last):
  File "/home/airflow/.local/lib/python3.12/site-packages/airflow/models/dagbag.py", line 382, in parse
    loader.exec_module(new_module)
  File "<frozen importlib._bootstrap_external>", line 995, in exec_module
  File "<frozen importlib._bootstrap>", line 488, in _call_with_frames_removed
  File "/opt/airflow/dags/dag_bronze.py", line 8, in <module>
    from bronze_customers import process_bronze_customers
  File "/opt/airflow/scripts/bronze_customers.py", line 7, in <module>
    df_customers = spark.read.json("landing/customers/*")
                   ^^^^^^^^^^^^^^^^^^^^^^^^^^^^^^^^^^^^^^
  File "/home/airflow/.local/lib/python3.12/site-packages/pyspark/sql/readwriter.py", line 425, in json
    return self._df(self._jreader.json(self._spark._sc._jvm.PythonUtils.toSeq(path)))
                    ^^^^^^^^^^^^^^^^^^^^^^^^^^^^^^^^^^^^^^^^^^^^^^^^^^^^^^^^^^^^^^^^
  File "/home/airflow/.local/lib/python3.12/site-packages/py4j/java_gateway.py", line 1322, in __call__
    return_value = get_return_value(
                   ^^^^^^^^^^^^^^^^^
  File "/home/airflow/.local/lib/python3.12/site-packages/pyspark/errors/exceptions/captured.py", line 185, in deco
    raise converted from None
pyspark.errors.exceptions.captured.AnalysisException: [PATH_NOT_FOUND] Path does not exist: file:/opt/airflow/landing/customers/*.
[2026-08-12T19:26:26.748+0000] {processor.py:927} WARNING - No viable dags retrieved from /opt/airflow/dags/dag_bronze.py
[2026-08-12T19:26:26.826+0000] {processor.py:208} INFO - Processing /opt/airflow/dags/dag_bronze.py took 10.759 seconds
[2026-08-12T19:26:56.939+0000] {processor.py:186} INFO - Started process (PID=8130) to work on /opt/airflow/dags/dag_bronze.py
[2026-08-12T19:26:56.941+0000] {processor.py:914} INFO - Processing file /opt/airflow/dags/dag_bronze.py for tasks to queue
[2026-08-12T19:26:56.943+0000] {logging_mixin.py:190} INFO - [2026-08-12T19:26:56.943+0000] {dagbag.py:587} INFO - Filling up the DagBag from /opt/airflow/dags/dag_bronze.py
[2026-08-12T19:27:07.730+0000] {logging_mixin.py:190} INFO - [2026-08-12T19:27:07.670+0000] {dagbag.py:386} ERROR - Failed to import: /opt/airflow/dags/dag_bronze.py
Traceback (most recent call last):
  File "/home/airflow/.local/lib/python3.12/site-packages/airflow/models/dagbag.py", line 382, in parse
    loader.exec_module(new_module)
  File "<frozen importlib._bootstrap_external>", line 995, in exec_module
  File "<frozen importlib._bootstrap>", line 488, in _call_with_frames_removed
  File "/opt/airflow/dags/dag_bronze.py", line 8, in <module>
    from bronze_customers import process_bronze_customers
  File "/opt/airflow/scripts/bronze_customers.py", line 7, in <module>
    df_customers = spark.read.json("landing/customers/*")
                   ^^^^^^^^^^^^^^^^^^^^^^^^^^^^^^^^^^^^^^
  File "/home/airflow/.local/lib/python3.12/site-packages/pyspark/sql/readwriter.py", line 425, in json
    return self._df(self._jreader.json(self._spark._sc._jvm.PythonUtils.toSeq(path)))
                    ^^^^^^^^^^^^^^^^^^^^^^^^^^^^^^^^^^^^^^^^^^^^^^^^^^^^^^^^^^^^^^^^
  File "/home/airflow/.local/lib/python3.12/site-packages/py4j/java_gateway.py", line 1322, in __call__
    return_value = get_return_value(
                   ^^^^^^^^^^^^^^^^^
  File "/home/airflow/.local/lib/python3.12/site-packages/pyspark/errors/exceptions/captured.py", line 185, in deco
    raise converted from None
pyspark.errors.exceptions.captured.AnalysisException: [PATH_NOT_FOUND] Path does not exist: file:/opt/airflow/landing/customers/*.
[2026-08-12T19:27:07.753+0000] {processor.py:927} WARNING - No viable dags retrieved from /opt/airflow/dags/dag_bronze.py
[2026-08-12T19:27:07.844+0000] {processor.py:208} INFO - Processing /opt/airflow/dags/dag_bronze.py took 10.911 seconds
[2026-08-12T19:27:38.360+0000] {processor.py:186} INFO - Started process (PID=8300) to work on /opt/airflow/dags/dag_bronze.py
[2026-08-12T19:27:38.362+0000] {processor.py:914} INFO - Processing file /opt/airflow/dags/dag_bronze.py for tasks to queue
[2026-08-12T19:27:38.365+0000] {logging_mixin.py:190} INFO - [2026-08-12T19:27:38.364+0000] {dagbag.py:587} INFO - Filling up the DagBag from /opt/airflow/dags/dag_bronze.py
[2026-08-12T19:27:47.325+0000] {logging_mixin.py:190} INFO - [2026-08-12T19:27:47.264+0000] {dagbag.py:386} ERROR - Failed to import: /opt/airflow/dags/dag_bronze.py
Traceback (most recent call last):
  File "/home/airflow/.local/lib/python3.12/site-packages/airflow/models/dagbag.py", line 382, in parse
    loader.exec_module(new_module)
  File "<frozen importlib._bootstrap_external>", line 995, in exec_module
  File "<frozen importlib._bootstrap>", line 488, in _call_with_frames_removed
  File "/opt/airflow/dags/dag_bronze.py", line 8, in <module>
    from bronze_customers import process_bronze_customers
  File "/opt/airflow/scripts/bronze_customers.py", line 7, in <module>
  File "/home/airflow/.local/lib/python3.12/site-packages/pyspark/sql/readwriter.py", line 425, in json
    return self._df(self._jreader.json(self._spark._sc._jvm.PythonUtils.toSeq(path)))
                    ^^^^^^^^^^^^^^^^^^^^^^^^^^^^^^^^^^^^^^^^^^^^^^^^^^^^^^^^^^^^^^^^
  File "/home/airflow/.local/lib/python3.12/site-packages/py4j/java_gateway.py", line 1322, in __call__
    return_value = get_return_value(
                   ^^^^^^^^^^^^^^^^^
  File "/home/airflow/.local/lib/python3.12/site-packages/pyspark/errors/exceptions/captured.py", line 185, in deco
    raise converted from None
pyspark.errors.exceptions.captured.AnalysisException: [PATH_NOT_FOUND] Path does not exist: file:/opt/airflow/landing/customers/*.
[2026-08-12T19:27:47.342+0000] {processor.py:927} WARNING - No viable dags retrieved from /opt/airflow/dags/dag_bronze.py
[2026-08-12T19:27:47.420+0000] {processor.py:208} INFO - Processing /opt/airflow/dags/dag_bronze.py took 9.069 seconds
[2026-08-12T19:28:17.827+0000] {processor.py:186} INFO - Started process (PID=8469) to work on /opt/airflow/dags/dag_bronze.py
[2026-08-12T19:28:17.829+0000] {processor.py:914} INFO - Processing file /opt/airflow/dags/dag_bronze.py for tasks to queue
[2026-08-12T19:28:17.831+0000] {logging_mixin.py:190} INFO - [2026-08-12T19:28:17.830+0000] {dagbag.py:587} INFO - Filling up the DagBag from /opt/airflow/dags/dag_bronze.py
[2026-08-12T19:28:17.855+0000] {logging_mixin.py:190} INFO - [2026-08-12T19:28:17.850+0000] {dagbag.py:386} ERROR - Failed to import: /opt/airflow/dags/dag_bronze.py
Traceback (most recent call last):
  File "/home/airflow/.local/lib/python3.12/site-packages/airflow/models/dagbag.py", line 382, in parse
    loader.exec_module(new_module)
  File "<frozen importlib._bootstrap_external>", line 995, in exec_module
  File "<frozen importlib._bootstrap>", line 488, in _call_with_frames_removed
  File "/opt/airflow/dags/dag_bronze.py", line 8, in <module>
    from bronze_customers import process_bronze_customers
ModuleNotFoundError: No module named 'bronze_customers'
[2026-08-12T19:28:17.857+0000] {processor.py:927} WARNING - No viable dags retrieved from /opt/airflow/dags/dag_bronze.py
[2026-08-12T19:28:17.884+0000] {processor.py:208} INFO - Processing /opt/airflow/dags/dag_bronze.py took 0.064 seconds
[2026-08-12T19:28:48.776+0000] {processor.py:186} INFO - Started process (PID=8479) to work on /opt/airflow/dags/dag_bronze.py
[2026-08-12T19:28:48.778+0000] {processor.py:914} INFO - Processing file /opt/airflow/dags/dag_bronze.py for tasks to queue
[2026-08-12T19:28:48.780+0000] {logging_mixin.py:190} INFO - [2026-08-12T19:28:48.780+0000] {dagbag.py:587} INFO - Filling up the DagBag from /opt/airflow/dags/dag_bronze.py
[2026-08-12T19:28:48.818+0000] {logging_mixin.py:190} INFO - [2026-08-12T19:28:48.811+0000] {dagbag.py:386} ERROR - Failed to import: /opt/airflow/dags/dag_bronze.py
Traceback (most recent call last):
  File "/home/airflow/.local/lib/python3.12/site-packages/airflow/models/dagbag.py", line 382, in parse
    loader.exec_module(new_module)
  File "<frozen importlib._bootstrap_external>", line 995, in exec_module
  File "<frozen importlib._bootstrap>", line 488, in _call_with_frames_removed
  File "/opt/airflow/dags/dag_bronze.py", line 8, in <module>
    from bronze_customers import process_bronze_customers
ModuleNotFoundError: No module named 'bronze_customers'
[2026-08-12T19:28:48.821+0000] {processor.py:927} WARNING - No viable dags retrieved from /opt/airflow/dags/dag_bronze.py
[2026-08-12T19:28:48.863+0000] {processor.py:208} INFO - Processing /opt/airflow/dags/dag_bronze.py took 0.095 seconds
[2026-08-12T19:29:19.481+0000] {processor.py:186} INFO - Started process (PID=8489) to work on /opt/airflow/dags/dag_bronze.py
[2026-08-12T19:29:19.483+0000] {processor.py:914} INFO - Processing file /opt/airflow/dags/dag_bronze.py for tasks to queue
[2026-08-12T19:29:19.486+0000] {logging_mixin.py:190} INFO - [2026-08-12T19:29:19.485+0000] {dagbag.py:587} INFO - Filling up the DagBag from /opt/airflow/dags/dag_bronze.py
[2026-08-12T19:29:19.539+0000] {logging_mixin.py:190} INFO - [2026-08-12T19:29:19.525+0000] {dagbag.py:386} ERROR - Failed to import: /opt/airflow/dags/dag_bronze.py
Traceback (most recent call last):
  File "/home/airflow/.local/lib/python3.12/site-packages/airflow/models/dagbag.py", line 382, in parse
    loader.exec_module(new_module)
  File "<frozen importlib._bootstrap_external>", line 995, in exec_module
  File "<frozen importlib._bootstrap>", line 488, in _call_with_frames_removed
  File "/opt/airflow/dags/dag_bronze.py", line 8, in <module>
    from bronze_customers import process_bronze_customers
ModuleNotFoundError: No module named 'bronze_customers'
[2026-08-12T19:29:19.544+0000] {processor.py:927} WARNING - No viable dags retrieved from /opt/airflow/dags/dag_bronze.py
[2026-08-12T19:29:19.594+0000] {processor.py:208} INFO - Processing /opt/airflow/dags/dag_bronze.py took 0.126 seconds
[2026-08-12T19:29:50.199+0000] {processor.py:186} INFO - Started process (PID=8499) to work on /opt/airflow/dags/dag_bronze.py
[2026-08-12T19:29:50.201+0000] {processor.py:914} INFO - Processing file /opt/airflow/dags/dag_bronze.py for tasks to queue
[2026-08-12T19:29:50.204+0000] {logging_mixin.py:190} INFO - [2026-08-12T19:29:50.203+0000] {dagbag.py:587} INFO - Filling up the DagBag from /opt/airflow/dags/dag_bronze.py
[2026-08-12T19:29:50.240+0000] {logging_mixin.py:190} INFO - [2026-08-12T19:29:50.231+0000] {dagbag.py:386} ERROR - Failed to import: /opt/airflow/dags/dag_bronze.py
Traceback (most recent call last):
  File "/home/airflow/.local/lib/python3.12/site-packages/airflow/models/dagbag.py", line 382, in parse
    loader.exec_module(new_module)
  File "<frozen importlib._bootstrap_external>", line 995, in exec_module
  File "<frozen importlib._bootstrap>", line 488, in _call_with_frames_removed
  File "/opt/airflow/dags/dag_bronze.py", line 8, in <module>
    from bronze_customers import process_bronze_customers
ModuleNotFoundError: No module named 'bronze_customers'
[2026-08-12T19:29:50.243+0000] {processor.py:927} WARNING - No viable dags retrieved from /opt/airflow/dags/dag_bronze.py
[2026-08-12T19:29:50.289+0000] {processor.py:208} INFO - Processing /opt/airflow/dags/dag_bronze.py took 0.100 seconds
[2026-08-12T19:30:21.352+0000] {processor.py:186} INFO - Started process (PID=8510) to work on /opt/airflow/dags/dag_bronze.py
[2026-08-12T19:30:21.361+0000] {processor.py:914} INFO - Processing file /opt/airflow/dags/dag_bronze.py for tasks to queue
[2026-08-12T19:30:21.382+0000] {logging_mixin.py:190} INFO - [2026-08-12T19:30:21.372+0000] {dagbag.py:587} INFO - Filling up the DagBag from /opt/airflow/dags/dag_bronze.py
[2026-08-12T19:30:21.516+0000] {logging_mixin.py:190} INFO - [2026-08-12T19:30:21.491+0000] {dagbag.py:386} ERROR - Failed to import: /opt/airflow/dags/dag_bronze.py
Traceback (most recent call last):
  File "/home/airflow/.local/lib/python3.12/site-packages/airflow/models/dagbag.py", line 382, in parse
    loader.exec_module(new_module)
  File "<frozen importlib._bootstrap_external>", line 995, in exec_module
  File "<frozen importlib._bootstrap>", line 488, in _call_with_frames_removed
  File "/opt/airflow/dags/dag_bronze.py", line 8, in <module>
    from bronze_customers import process_bronze_customers
ModuleNotFoundError: No module named 'bronze_customers'
[2026-08-12T19:30:21.524+0000] {processor.py:927} WARNING - No viable dags retrieved from /opt/airflow/dags/dag_bronze.py
[2026-08-12T19:30:21.663+0000] {processor.py:208} INFO - Processing /opt/airflow/dags/dag_bronze.py took 0.406 seconds
[2026-08-12T19:30:52.597+0000] {processor.py:186} INFO - Started process (PID=8520) to work on /opt/airflow/dags/dag_bronze.py
[2026-08-12T19:30:52.600+0000] {processor.py:914} INFO - Processing file /opt/airflow/dags/dag_bronze.py for tasks to queue
[2026-08-12T19:30:52.602+0000] {logging_mixin.py:190} INFO - [2026-08-12T19:30:52.602+0000] {dagbag.py:587} INFO - Filling up the DagBag from /opt/airflow/dags/dag_bronze.py
[2026-08-12T19:30:52.655+0000] {logging_mixin.py:190} INFO - [2026-08-12T19:30:52.643+0000] {dagbag.py:386} ERROR - Failed to import: /opt/airflow/dags/dag_bronze.py
Traceback (most recent call last):
  File "/home/airflow/.local/lib/python3.12/site-packages/airflow/models/dagbag.py", line 382, in parse
    loader.exec_module(new_module)
  File "<frozen importlib._bootstrap_external>", line 995, in exec_module
  File "<frozen importlib._bootstrap>", line 488, in _call_with_frames_removed
  File "/opt/airflow/dags/dag_bronze.py", line 8, in <module>
    from bronze_customers import process_bronze_customers
ModuleNotFoundError: No module named 'bronze_customers'
[2026-08-12T19:30:52.657+0000] {processor.py:927} WARNING - No viable dags retrieved from /opt/airflow/dags/dag_bronze.py
[2026-08-12T19:30:52.685+0000] {processor.py:208} INFO - Processing /opt/airflow/dags/dag_bronze.py took 0.096 seconds
[2026-08-12T19:31:23.403+0000] {processor.py:186} INFO - Started process (PID=8530) to work on /opt/airflow/dags/dag_bronze.py
[2026-08-12T19:31:23.406+0000] {processor.py:914} INFO - Processing file /opt/airflow/dags/dag_bronze.py for tasks to queue
[2026-08-12T19:31:23.410+0000] {logging_mixin.py:190} INFO - [2026-08-12T19:31:23.410+0000] {dagbag.py:587} INFO - Filling up the DagBag from /opt/airflow/dags/dag_bronze.py
[2026-08-12T19:31:23.508+0000] {logging_mixin.py:190} INFO - [2026-08-12T19:31:23.491+0000] {dagbag.py:386} ERROR - Failed to import: /opt/airflow/dags/dag_bronze.py
Traceback (most recent call last):
  File "/home/airflow/.local/lib/python3.12/site-packages/airflow/models/dagbag.py", line 382, in parse
    loader.exec_module(new_module)
  File "<frozen importlib._bootstrap_external>", line 995, in exec_module
  File "<frozen importlib._bootstrap>", line 488, in _call_with_frames_removed
  File "/opt/airflow/dags/dag_bronze.py", line 8, in <module>
    from bronze_customers import process_bronze_customers
ModuleNotFoundError: No module named 'bronze_customers'
[2026-08-12T19:31:23.514+0000] {processor.py:927} WARNING - No viable dags retrieved from /opt/airflow/dags/dag_bronze.py
[2026-08-12T19:31:23.603+0000] {processor.py:208} INFO - Processing /opt/airflow/dags/dag_bronze.py took 0.224 seconds
[2026-08-12T19:31:53.717+0000] {processor.py:186} INFO - Started process (PID=8540) to work on /opt/airflow/dags/dag_bronze.py
[2026-08-12T19:31:53.719+0000] {processor.py:914} INFO - Processing file /opt/airflow/dags/dag_bronze.py for tasks to queue
[2026-08-12T19:31:53.721+0000] {logging_mixin.py:190} INFO - [2026-08-12T19:31:53.721+0000] {dagbag.py:587} INFO - Filling up the DagBag from /opt/airflow/dags/dag_bronze.py
[2026-08-12T19:31:53.759+0000] {logging_mixin.py:190} INFO - [2026-08-12T19:31:53.751+0000] {dagbag.py:386} ERROR - Failed to import: /opt/airflow/dags/dag_bronze.py
Traceback (most recent call last):
  File "/home/airflow/.local/lib/python3.12/site-packages/airflow/models/dagbag.py", line 382, in parse
    loader.exec_module(new_module)
  File "<frozen importlib._bootstrap_external>", line 995, in exec_module
  File "<frozen importlib._bootstrap>", line 488, in _call_with_frames_removed
  File "/opt/airflow/dags/dag_bronze.py", line 8, in <module>
    from bronze_customers import process_bronze_customers
ModuleNotFoundError: No module named 'bronze_customers'
[2026-08-12T19:31:53.762+0000] {processor.py:927} WARNING - No viable dags retrieved from /opt/airflow/dags/dag_bronze.py
[2026-08-12T19:31:53.800+0000] {processor.py:208} INFO - Processing /opt/airflow/dags/dag_bronze.py took 0.092 seconds
[2026-08-12T19:32:23.999+0000] {processor.py:186} INFO - Started process (PID=8550) to work on /opt/airflow/dags/dag_bronze.py
[2026-08-12T19:32:24.008+0000] {processor.py:914} INFO - Processing file /opt/airflow/dags/dag_bronze.py for tasks to queue
[2026-08-12T19:32:24.014+0000] {logging_mixin.py:190} INFO - [2026-08-12T19:32:24.013+0000] {dagbag.py:587} INFO - Filling up the DagBag from /opt/airflow/dags/dag_bronze.py
[2026-08-12T19:32:24.117+0000] {logging_mixin.py:190} INFO - [2026-08-12T19:32:24.083+0000] {dagbag.py:386} ERROR - Failed to import: /opt/airflow/dags/dag_bronze.py
Traceback (most recent call last):
  File "/home/airflow/.local/lib/python3.12/site-packages/airflow/models/dagbag.py", line 382, in parse
    loader.exec_module(new_module)
  File "<frozen importlib._bootstrap_external>", line 995, in exec_module
  File "<frozen importlib._bootstrap>", line 488, in _call_with_frames_removed
  File "/opt/airflow/dags/dag_bronze.py", line 8, in <module>
    from bronze_customers import process_bronze_customers
ModuleNotFoundError: No module named 'bronze_customers'
[2026-08-12T19:32:24.127+0000] {processor.py:927} WARNING - No viable dags retrieved from /opt/airflow/dags/dag_bronze.py
[2026-08-12T19:32:24.234+0000] {processor.py:208} INFO - Processing /opt/airflow/dags/dag_bronze.py took 0.256 seconds
[2026-08-12T19:32:55.125+0000] {processor.py:186} INFO - Started process (PID=8554) to work on /opt/airflow/dags/dag_bronze.py
[2026-08-12T19:32:55.127+0000] {processor.py:914} INFO - Processing file /opt/airflow/dags/dag_bronze.py for tasks to queue
[2026-08-12T19:32:55.131+0000] {logging_mixin.py:190} INFO - [2026-08-12T19:32:55.130+0000] {dagbag.py:587} INFO - Filling up the DagBag from /opt/airflow/dags/dag_bronze.py
[2026-08-12T19:32:55.176+0000] {logging_mixin.py:190} INFO - [2026-08-12T19:32:55.165+0000] {dagbag.py:386} ERROR - Failed to import: /opt/airflow/dags/dag_bronze.py
Traceback (most recent call last):
  File "/home/airflow/.local/lib/python3.12/site-packages/airflow/models/dagbag.py", line 382, in parse
    loader.exec_module(new_module)
  File "<frozen importlib._bootstrap_external>", line 995, in exec_module
  File "<frozen importlib._bootstrap>", line 488, in _call_with_frames_removed
  File "/opt/airflow/dags/dag_bronze.py", line 8, in <module>
    from bronze_customers import process_bronze_customers
ModuleNotFoundError: No module named 'bronze_customers'
[2026-08-12T19:32:55.180+0000] {processor.py:927} WARNING - No viable dags retrieved from /opt/airflow/dags/dag_bronze.py
[2026-08-12T19:32:55.225+0000] {processor.py:208} INFO - Processing /opt/airflow/dags/dag_bronze.py took 0.110 seconds
[2026-08-12T19:33:25.349+0000] {processor.py:186} INFO - Started process (PID=8564) to work on /opt/airflow/dags/dag_bronze.py
[2026-08-12T19:33:25.351+0000] {processor.py:914} INFO - Processing file /opt/airflow/dags/dag_bronze.py for tasks to queue
[2026-08-12T19:33:25.354+0000] {logging_mixin.py:190} INFO - [2026-08-12T19:33:25.353+0000] {dagbag.py:587} INFO - Filling up the DagBag from /opt/airflow/dags/dag_bronze.py
[2026-08-12T19:33:25.402+0000] {logging_mixin.py:190} INFO - [2026-08-12T19:33:25.388+0000] {dagbag.py:386} ERROR - Failed to import: /opt/airflow/dags/dag_bronze.py
Traceback (most recent call last):
  File "/home/airflow/.local/lib/python3.12/site-packages/airflow/models/dagbag.py", line 382, in parse
    loader.exec_module(new_module)
  File "<frozen importlib._bootstrap_external>", line 995, in exec_module
  File "<frozen importlib._bootstrap>", line 488, in _call_with_frames_removed
  File "/opt/airflow/dags/dag_bronze.py", line 8, in <module>
    from bronze_customers import process_bronze_customers
ModuleNotFoundError: No module named 'bronze_customers'
[2026-08-12T19:33:25.405+0000] {processor.py:927} WARNING - No viable dags retrieved from /opt/airflow/dags/dag_bronze.py
[2026-08-12T19:33:25.458+0000] {processor.py:208} INFO - Processing /opt/airflow/dags/dag_bronze.py took 0.122 seconds
[2026-08-12T19:33:56.238+0000] {processor.py:186} INFO - Started process (PID=8575) to work on /opt/airflow/dags/dag_bronze.py
[2026-08-12T19:33:56.240+0000] {processor.py:914} INFO - Processing file /opt/airflow/dags/dag_bronze.py for tasks to queue
[2026-08-12T19:33:56.243+0000] {logging_mixin.py:190} INFO - [2026-08-12T19:33:56.243+0000] {dagbag.py:587} INFO - Filling up the DagBag from /opt/airflow/dags/dag_bronze.py
[2026-08-12T19:33:56.295+0000] {logging_mixin.py:190} INFO - [2026-08-12T19:33:56.282+0000] {dagbag.py:386} ERROR - Failed to import: /opt/airflow/dags/dag_bronze.py
Traceback (most recent call last):
  File "/home/airflow/.local/lib/python3.12/site-packages/airflow/models/dagbag.py", line 382, in parse
    loader.exec_module(new_module)
  File "<frozen importlib._bootstrap_external>", line 995, in exec_module
  File "<frozen importlib._bootstrap>", line 488, in _call_with_frames_removed
  File "/opt/airflow/dags/dag_bronze.py", line 8, in <module>
    from bronze_customers import process_bronze_customers
ModuleNotFoundError: No module named 'bronze_customers'
[2026-08-12T19:33:56.299+0000] {processor.py:927} WARNING - No viable dags retrieved from /opt/airflow/dags/dag_bronze.py
[2026-08-12T19:33:56.344+0000] {processor.py:208} INFO - Processing /opt/airflow/dags/dag_bronze.py took 0.117 seconds
[2026-08-12T19:34:27.308+0000] {processor.py:186} INFO - Started process (PID=8585) to work on /opt/airflow/dags/dag_bronze.py
[2026-08-12T19:34:27.310+0000] {processor.py:914} INFO - Processing file /opt/airflow/dags/dag_bronze.py for tasks to queue
[2026-08-12T19:34:27.312+0000] {logging_mixin.py:190} INFO - [2026-08-12T19:34:27.312+0000] {dagbag.py:587} INFO - Filling up the DagBag from /opt/airflow/dags/dag_bronze.py
[2026-08-12T19:34:27.356+0000] {logging_mixin.py:190} INFO - [2026-08-12T19:34:27.345+0000] {dagbag.py:386} ERROR - Failed to import: /opt/airflow/dags/dag_bronze.py
Traceback (most recent call last):
  File "/home/airflow/.local/lib/python3.12/site-packages/airflow/models/dagbag.py", line 382, in parse
    loader.exec_module(new_module)
  File "<frozen importlib._bootstrap_external>", line 995, in exec_module
  File "<frozen importlib._bootstrap>", line 488, in _call_with_frames_removed
  File "/opt/airflow/dags/dag_bronze.py", line 8, in <module>
    from bronze_customers import process_bronze_customers
ModuleNotFoundError: No module named 'bronze_customers'
[2026-08-12T19:34:27.360+0000] {processor.py:927} WARNING - No viable dags retrieved from /opt/airflow/dags/dag_bronze.py
[2026-08-12T19:34:27.397+0000] {processor.py:208} INFO - Processing /opt/airflow/dags/dag_bronze.py took 0.100 seconds
[2026-08-12T19:34:58.214+0000] {processor.py:186} INFO - Started process (PID=8596) to work on /opt/airflow/dags/dag_bronze.py
[2026-08-12T19:34:58.217+0000] {processor.py:914} INFO - Processing file /opt/airflow/dags/dag_bronze.py for tasks to queue
[2026-08-12T19:34:58.221+0000] {logging_mixin.py:190} INFO - [2026-08-12T19:34:58.220+0000] {dagbag.py:587} INFO - Filling up the DagBag from /opt/airflow/dags/dag_bronze.py
[2026-08-12T19:34:58.273+0000] {logging_mixin.py:190} INFO - [2026-08-12T19:34:58.261+0000] {dagbag.py:386} ERROR - Failed to import: /opt/airflow/dags/dag_bronze.py
Traceback (most recent call last):
  File "/home/airflow/.local/lib/python3.12/site-packages/airflow/models/dagbag.py", line 382, in parse
    loader.exec_module(new_module)
  File "<frozen importlib._bootstrap_external>", line 995, in exec_module
  File "<frozen importlib._bootstrap>", line 488, in _call_with_frames_removed
  File "/opt/airflow/dags/dag_bronze.py", line 8, in <module>
    from bronze_customers import process_bronze_customers
ModuleNotFoundError: No module named 'bronze_customers'
[2026-08-12T19:34:58.276+0000] {processor.py:927} WARNING - No viable dags retrieved from /opt/airflow/dags/dag_bronze.py
[2026-08-12T19:34:58.326+0000] {processor.py:208} INFO - Processing /opt/airflow/dags/dag_bronze.py took 0.128 seconds
[2026-08-12T19:35:29.300+0000] {processor.py:186} INFO - Started process (PID=8607) to work on /opt/airflow/dags/dag_bronze.py
[2026-08-12T19:35:29.302+0000] {processor.py:914} INFO - Processing file /opt/airflow/dags/dag_bronze.py for tasks to queue
[2026-08-12T19:35:29.304+0000] {logging_mixin.py:190} INFO - [2026-08-12T19:35:29.303+0000] {dagbag.py:587} INFO - Filling up the DagBag from /opt/airflow/dags/dag_bronze.py
[2026-08-12T19:35:29.334+0000] {logging_mixin.py:190} INFO - [2026-08-12T19:35:29.328+0000] {dagbag.py:386} ERROR - Failed to import: /opt/airflow/dags/dag_bronze.py
Traceback (most recent call last):
  File "/home/airflow/.local/lib/python3.12/site-packages/airflow/models/dagbag.py", line 382, in parse
    loader.exec_module(new_module)
  File "<frozen importlib._bootstrap_external>", line 995, in exec_module
  File "<frozen importlib._bootstrap>", line 488, in _call_with_frames_removed
  File "/opt/airflow/dags/dag_bronze.py", line 8, in <module>
    from bronze_customers import process_bronze_customers
ModuleNotFoundError: No module named 'bronze_customers'
[2026-08-12T19:35:29.336+0000] {processor.py:927} WARNING - No viable dags retrieved from /opt/airflow/dags/dag_bronze.py
[2026-08-12T19:35:29.370+0000] {processor.py:208} INFO - Processing /opt/airflow/dags/dag_bronze.py took 0.081 seconds
[2026-08-12T19:36:00.205+0000] {processor.py:186} INFO - Started process (PID=8618) to work on /opt/airflow/dags/dag_bronze.py
[2026-08-12T19:36:00.207+0000] {processor.py:914} INFO - Processing file /opt/airflow/dags/dag_bronze.py for tasks to queue
[2026-08-12T19:36:00.209+0000] {logging_mixin.py:190} INFO - [2026-08-12T19:36:00.209+0000] {dagbag.py:587} INFO - Filling up the DagBag from /opt/airflow/dags/dag_bronze.py
[2026-08-12T19:36:00.243+0000] {logging_mixin.py:190} INFO - [2026-08-12T19:36:00.235+0000] {dagbag.py:386} ERROR - Failed to import: /opt/airflow/dags/dag_bronze.py
Traceback (most recent call last):
  File "/home/airflow/.local/lib/python3.12/site-packages/airflow/models/dagbag.py", line 382, in parse
    loader.exec_module(new_module)
  File "<frozen importlib._bootstrap_external>", line 995, in exec_module
  File "<frozen importlib._bootstrap>", line 488, in _call_with_frames_removed
  File "/opt/airflow/dags/dag_bronze.py", line 8, in <module>
    from bronze_customers import process_bronze_customers
ModuleNotFoundError: No module named 'bronze_customers'
[2026-08-12T19:36:00.245+0000] {processor.py:927} WARNING - No viable dags retrieved from /opt/airflow/dags/dag_bronze.py
[2026-08-12T19:36:00.274+0000] {processor.py:208} INFO - Processing /opt/airflow/dags/dag_bronze.py took 0.079 seconds
[2026-08-12T19:36:31.174+0000] {processor.py:186} INFO - Started process (PID=8629) to work on /opt/airflow/dags/dag_bronze.py
[2026-08-12T19:36:31.176+0000] {processor.py:914} INFO - Processing file /opt/airflow/dags/dag_bronze.py for tasks to queue
[2026-08-12T19:36:31.178+0000] {logging_mixin.py:190} INFO - [2026-08-12T19:36:31.177+0000] {dagbag.py:587} INFO - Filling up the DagBag from /opt/airflow/dags/dag_bronze.py
[2026-08-12T19:36:31.211+0000] {logging_mixin.py:190} INFO - [2026-08-12T19:36:31.204+0000] {dagbag.py:386} ERROR - Failed to import: /opt/airflow/dags/dag_bronze.py
Traceback (most recent call last):
  File "/home/airflow/.local/lib/python3.12/site-packages/airflow/models/dagbag.py", line 382, in parse
    loader.exec_module(new_module)
  File "<frozen importlib._bootstrap_external>", line 995, in exec_module
  File "<frozen importlib._bootstrap>", line 488, in _call_with_frames_removed
  File "/opt/airflow/dags/dag_bronze.py", line 8, in <module>
    from bronze_customers import process_bronze_customers
ModuleNotFoundError: No module named 'bronze_customers'
[2026-08-12T19:36:31.213+0000] {processor.py:927} WARNING - No viable dags retrieved from /opt/airflow/dags/dag_bronze.py
[2026-08-12T19:36:31.244+0000] {processor.py:208} INFO - Processing /opt/airflow/dags/dag_bronze.py took 0.080 seconds
[2026-08-12T19:37:02.155+0000] {processor.py:186} INFO - Started process (PID=8640) to work on /opt/airflow/dags/dag_bronze.py
[2026-08-12T19:37:02.158+0000] {processor.py:914} INFO - Processing file /opt/airflow/dags/dag_bronze.py for tasks to queue
[2026-08-12T19:37:02.161+0000] {logging_mixin.py:190} INFO - [2026-08-12T19:37:02.160+0000] {dagbag.py:587} INFO - Filling up the DagBag from /opt/airflow/dags/dag_bronze.py
[2026-08-12T19:37:02.208+0000] {logging_mixin.py:190} INFO - [2026-08-12T19:37:02.198+0000] {dagbag.py:386} ERROR - Failed to import: /opt/airflow/dags/dag_bronze.py
Traceback (most recent call last):
  File "/home/airflow/.local/lib/python3.12/site-packages/airflow/models/dagbag.py", line 382, in parse
    loader.exec_module(new_module)
  File "<frozen importlib._bootstrap_external>", line 995, in exec_module
  File "<frozen importlib._bootstrap>", line 488, in _call_with_frames_removed
  File "/opt/airflow/dags/dag_bronze.py", line 8, in <module>
    from bronze_customers import process_bronze_customers
ModuleNotFoundError: No module named 'bronze_customers'
[2026-08-12T19:37:02.211+0000] {processor.py:927} WARNING - No viable dags retrieved from /opt/airflow/dags/dag_bronze.py
[2026-08-12T19:37:02.275+0000] {processor.py:208} INFO - Processing /opt/airflow/dags/dag_bronze.py took 0.136 seconds
[2026-08-12T19:37:33.111+0000] {processor.py:186} INFO - Started process (PID=8651) to work on /opt/airflow/dags/dag_bronze.py
[2026-08-12T19:37:33.114+0000] {processor.py:914} INFO - Processing file /opt/airflow/dags/dag_bronze.py for tasks to queue
[2026-08-12T19:37:33.119+0000] {logging_mixin.py:190} INFO - [2026-08-12T19:37:33.117+0000] {dagbag.py:587} INFO - Filling up the DagBag from /opt/airflow/dags/dag_bronze.py
[2026-08-12T19:37:33.169+0000] {logging_mixin.py:190} INFO - [2026-08-12T19:37:33.161+0000] {dagbag.py:386} ERROR - Failed to import: /opt/airflow/dags/dag_bronze.py
Traceback (most recent call last):
  File "/home/airflow/.local/lib/python3.12/site-packages/airflow/models/dagbag.py", line 382, in parse
    loader.exec_module(new_module)
  File "<frozen importlib._bootstrap_external>", line 995, in exec_module
  File "<frozen importlib._bootstrap>", line 488, in _call_with_frames_removed
  File "/opt/airflow/dags/dag_bronze.py", line 8, in <module>
    from bronze_customers import process_bronze_customers
ModuleNotFoundError: No module named 'bronze_customers'
[2026-08-12T19:37:33.172+0000] {processor.py:927} WARNING - No viable dags retrieved from /opt/airflow/dags/dag_bronze.py
[2026-08-12T19:37:33.211+0000] {processor.py:208} INFO - Processing /opt/airflow/dags/dag_bronze.py took 0.115 seconds
[2026-08-12T19:38:03.330+0000] {processor.py:186} INFO - Started process (PID=8655) to work on /opt/airflow/dags/dag_bronze.py
[2026-08-12T19:38:03.332+0000] {processor.py:914} INFO - Processing file /opt/airflow/dags/dag_bronze.py for tasks to queue
[2026-08-12T19:38:03.335+0000] {logging_mixin.py:190} INFO - [2026-08-12T19:38:03.334+0000] {dagbag.py:587} INFO - Filling up the DagBag from /opt/airflow/dags/dag_bronze.py
[2026-08-12T19:38:03.369+0000] {logging_mixin.py:190} INFO - [2026-08-12T19:38:03.363+0000] {dagbag.py:386} ERROR - Failed to import: /opt/airflow/dags/dag_bronze.py
Traceback (most recent call last):
  File "/home/airflow/.local/lib/python3.12/site-packages/airflow/models/dagbag.py", line 382, in parse
    loader.exec_module(new_module)
  File "<frozen importlib._bootstrap_external>", line 995, in exec_module
  File "<frozen importlib._bootstrap>", line 488, in _call_with_frames_removed
  File "/opt/airflow/dags/dag_bronze.py", line 8, in <module>
    from bronze_customers import process_bronze_customers
ModuleNotFoundError: No module named 'bronze_customers'
[2026-08-12T19:38:03.371+0000] {processor.py:927} WARNING - No viable dags retrieved from /opt/airflow/dags/dag_bronze.py
[2026-08-12T19:38:03.415+0000] {processor.py:208} INFO - Processing /opt/airflow/dags/dag_bronze.py took 0.097 seconds
[2026-08-12T19:38:33.660+0000] {processor.py:186} INFO - Started process (PID=8666) to work on /opt/airflow/dags/dag_bronze.py
[2026-08-12T19:38:33.663+0000] {processor.py:914} INFO - Processing file /opt/airflow/dags/dag_bronze.py for tasks to queue
[2026-08-12T19:38:33.667+0000] {logging_mixin.py:190} INFO - [2026-08-12T19:38:33.666+0000] {dagbag.py:587} INFO - Filling up the DagBag from /opt/airflow/dags/dag_bronze.py
[2026-08-12T19:38:33.713+0000] {logging_mixin.py:190} INFO - [2026-08-12T19:38:33.702+0000] {dagbag.py:386} ERROR - Failed to import: /opt/airflow/dags/dag_bronze.py
Traceback (most recent call last):
  File "/home/airflow/.local/lib/python3.12/site-packages/airflow/models/dagbag.py", line 382, in parse
    loader.exec_module(new_module)
  File "<frozen importlib._bootstrap_external>", line 995, in exec_module
  File "<frozen importlib._bootstrap>", line 488, in _call_with_frames_removed
  File "/opt/airflow/dags/dag_bronze.py", line 8, in <module>
    from bronze_customers import process_bronze_customers
ModuleNotFoundError: No module named 'bronze_customers'
[2026-08-12T19:38:33.717+0000] {processor.py:927} WARNING - No viable dags retrieved from /opt/airflow/dags/dag_bronze.py
[2026-08-12T19:38:33.778+0000] {processor.py:208} INFO - Processing /opt/airflow/dags/dag_bronze.py took 0.138 seconds
[2026-08-12T19:39:04.608+0000] {processor.py:186} INFO - Started process (PID=8677) to work on /opt/airflow/dags/dag_bronze.py
[2026-08-12T19:39:04.609+0000] {processor.py:914} INFO - Processing file /opt/airflow/dags/dag_bronze.py for tasks to queue
[2026-08-12T19:39:04.611+0000] {logging_mixin.py:190} INFO - [2026-08-12T19:39:04.610+0000] {dagbag.py:587} INFO - Filling up the DagBag from /opt/airflow/dags/dag_bronze.py
[2026-08-12T19:39:04.649+0000] {logging_mixin.py:190} INFO - [2026-08-12T19:39:04.641+0000] {dagbag.py:386} ERROR - Failed to import: /opt/airflow/dags/dag_bronze.py
Traceback (most recent call last):
  File "/home/airflow/.local/lib/python3.12/site-packages/airflow/models/dagbag.py", line 382, in parse
    loader.exec_module(new_module)
  File "<frozen importlib._bootstrap_external>", line 995, in exec_module
  File "<frozen importlib._bootstrap>", line 488, in _call_with_frames_removed
  File "/opt/airflow/dags/dag_bronze.py", line 8, in <module>
    from bronze_customers import process_bronze_customers
ModuleNotFoundError: No module named 'bronze_customers'
[2026-08-12T19:39:04.651+0000] {processor.py:927} WARNING - No viable dags retrieved from /opt/airflow/dags/dag_bronze.py
[2026-08-12T19:39:04.690+0000] {processor.py:208} INFO - Processing /opt/airflow/dags/dag_bronze.py took 0.090 seconds
[2026-08-12T19:39:35.391+0000] {processor.py:186} INFO - Started process (PID=8688) to work on /opt/airflow/dags/dag_bronze.py
[2026-08-12T19:39:35.392+0000] {processor.py:914} INFO - Processing file /opt/airflow/dags/dag_bronze.py for tasks to queue
[2026-08-12T19:39:35.395+0000] {logging_mixin.py:190} INFO - [2026-08-12T19:39:35.394+0000] {dagbag.py:587} INFO - Filling up the DagBag from /opt/airflow/dags/dag_bronze.py
[2026-08-12T19:39:35.426+0000] {logging_mixin.py:190} INFO - [2026-08-12T19:39:35.420+0000] {dagbag.py:386} ERROR - Failed to import: /opt/airflow/dags/dag_bronze.py
Traceback (most recent call last):
  File "/home/airflow/.local/lib/python3.12/site-packages/airflow/models/dagbag.py", line 382, in parse
    loader.exec_module(new_module)
  File "<frozen importlib._bootstrap_external>", line 995, in exec_module
  File "<frozen importlib._bootstrap>", line 488, in _call_with_frames_removed
  File "/opt/airflow/dags/dag_bronze.py", line 8, in <module>
    from bronze_customers import process_bronze_customers
ModuleNotFoundError: No module named 'bronze_customers'
[2026-08-12T19:39:35.428+0000] {processor.py:927} WARNING - No viable dags retrieved from /opt/airflow/dags/dag_bronze.py
[2026-08-12T19:39:35.468+0000] {processor.py:208} INFO - Processing /opt/airflow/dags/dag_bronze.py took 0.084 seconds
[2026-08-12T19:40:06.262+0000] {processor.py:186} INFO - Started process (PID=8699) to work on /opt/airflow/dags/dag_bronze.py
[2026-08-12T19:40:06.264+0000] {processor.py:914} INFO - Processing file /opt/airflow/dags/dag_bronze.py for tasks to queue
[2026-08-12T19:40:06.266+0000] {logging_mixin.py:190} INFO - [2026-08-12T19:40:06.265+0000] {dagbag.py:587} INFO - Filling up the DagBag from /opt/airflow/dags/dag_bronze.py
[2026-08-12T19:40:06.295+0000] {logging_mixin.py:190} INFO - [2026-08-12T19:40:06.289+0000] {dagbag.py:386} ERROR - Failed to import: /opt/airflow/dags/dag_bronze.py
Traceback (most recent call last):
  File "/home/airflow/.local/lib/python3.12/site-packages/airflow/models/dagbag.py", line 382, in parse
    loader.exec_module(new_module)
  File "<frozen importlib._bootstrap_external>", line 995, in exec_module
  File "<frozen importlib._bootstrap>", line 488, in _call_with_frames_removed
  File "/opt/airflow/dags/dag_bronze.py", line 8, in <module>
    from bronze_customers import process_bronze_customers
ModuleNotFoundError: No module named 'bronze_customers'
[2026-08-12T19:40:06.297+0000] {processor.py:927} WARNING - No viable dags retrieved from /opt/airflow/dags/dag_bronze.py
[2026-08-12T19:40:06.316+0000] {processor.py:208} INFO - Processing /opt/airflow/dags/dag_bronze.py took 0.060 seconds
[2026-08-12T19:40:36.465+0000] {processor.py:186} INFO - Started process (PID=8710) to work on /opt/airflow/dags/dag_bronze.py
[2026-08-12T19:40:36.466+0000] {processor.py:914} INFO - Processing file /opt/airflow/dags/dag_bronze.py for tasks to queue
[2026-08-12T19:40:36.468+0000] {logging_mixin.py:190} INFO - [2026-08-12T19:40:36.468+0000] {dagbag.py:587} INFO - Filling up the DagBag from /opt/airflow/dags/dag_bronze.py
[2026-08-12T19:40:36.503+0000] {logging_mixin.py:190} INFO - [2026-08-12T19:40:36.496+0000] {dagbag.py:386} ERROR - Failed to import: /opt/airflow/dags/dag_bronze.py
Traceback (most recent call last):
  File "/home/airflow/.local/lib/python3.12/site-packages/airflow/models/dagbag.py", line 382, in parse
    loader.exec_module(new_module)
  File "<frozen importlib._bootstrap_external>", line 995, in exec_module
  File "<frozen importlib._bootstrap>", line 488, in _call_with_frames_removed
  File "/opt/airflow/dags/dag_bronze.py", line 8, in <module>
    from bronze_customers import process_bronze_customers
ModuleNotFoundError: No module named 'bronze_customers'
[2026-08-12T19:40:36.506+0000] {processor.py:927} WARNING - No viable dags retrieved from /opt/airflow/dags/dag_bronze.py
[2026-08-12T19:40:36.527+0000] {processor.py:208} INFO - Processing /opt/airflow/dags/dag_bronze.py took 0.069 seconds
[2026-08-12T19:41:07.335+0000] {processor.py:186} INFO - Started process (PID=8721) to work on /opt/airflow/dags/dag_bronze.py
[2026-08-12T19:41:07.336+0000] {processor.py:914} INFO - Processing file /opt/airflow/dags/dag_bronze.py for tasks to queue
[2026-08-12T19:41:07.339+0000] {logging_mixin.py:190} INFO - [2026-08-12T19:41:07.338+0000] {dagbag.py:587} INFO - Filling up the DagBag from /opt/airflow/dags/dag_bronze.py
[2026-08-12T19:41:07.368+0000] {logging_mixin.py:190} INFO - [2026-08-12T19:41:07.363+0000] {dagbag.py:386} ERROR - Failed to import: /opt/airflow/dags/dag_bronze.py
Traceback (most recent call last):
  File "/home/airflow/.local/lib/python3.12/site-packages/airflow/models/dagbag.py", line 382, in parse
    loader.exec_module(new_module)
  File "<frozen importlib._bootstrap_external>", line 995, in exec_module
  File "<frozen importlib._bootstrap>", line 488, in _call_with_frames_removed
  File "/opt/airflow/dags/dag_bronze.py", line 8, in <module>
    from bronze_customers import process_bronze_customers
ModuleNotFoundError: No module named 'bronze_customers'
[2026-08-12T19:41:07.372+0000] {processor.py:927} WARNING - No viable dags retrieved from /opt/airflow/dags/dag_bronze.py
[2026-08-12T19:41:07.391+0000] {processor.py:208} INFO - Processing /opt/airflow/dags/dag_bronze.py took 0.062 seconds
[2026-08-12T19:41:38.140+0000] {processor.py:186} INFO - Started process (PID=8732) to work on /opt/airflow/dags/dag_bronze.py
[2026-08-12T19:41:38.142+0000] {processor.py:914} INFO - Processing file /opt/airflow/dags/dag_bronze.py for tasks to queue
[2026-08-12T19:41:38.145+0000] {logging_mixin.py:190} INFO - [2026-08-12T19:41:38.144+0000] {dagbag.py:587} INFO - Filling up the DagBag from /opt/airflow/dags/dag_bronze.py
[2026-08-12T19:41:38.186+0000] {logging_mixin.py:190} INFO - [2026-08-12T19:41:38.177+0000] {dagbag.py:386} ERROR - Failed to import: /opt/airflow/dags/dag_bronze.py
Traceback (most recent call last):
  File "/home/airflow/.local/lib/python3.12/site-packages/airflow/models/dagbag.py", line 382, in parse
    loader.exec_module(new_module)
  File "<frozen importlib._bootstrap_external>", line 995, in exec_module
  File "<frozen importlib._bootstrap>", line 488, in _call_with_frames_removed
  File "/opt/airflow/dags/dag_bronze.py", line 8, in <module>
    from bronze_customers import process_bronze_customers
ModuleNotFoundError: No module named 'bronze_customers'
[2026-08-12T19:41:38.190+0000] {processor.py:927} WARNING - No viable dags retrieved from /opt/airflow/dags/dag_bronze.py
[2026-08-12T19:41:38.231+0000] {processor.py:208} INFO - Processing /opt/airflow/dags/dag_bronze.py took 0.098 seconds
[2026-08-12T19:42:09.126+0000] {processor.py:186} INFO - Started process (PID=8743) to work on /opt/airflow/dags/dag_bronze.py
[2026-08-12T19:42:09.129+0000] {processor.py:914} INFO - Processing file /opt/airflow/dags/dag_bronze.py for tasks to queue
[2026-08-12T19:42:09.132+0000] {logging_mixin.py:190} INFO - [2026-08-12T19:42:09.131+0000] {dagbag.py:587} INFO - Filling up the DagBag from /opt/airflow/dags/dag_bronze.py
[2026-08-12T19:42:09.186+0000] {logging_mixin.py:190} INFO - [2026-08-12T19:42:09.174+0000] {dagbag.py:386} ERROR - Failed to import: /opt/airflow/dags/dag_bronze.py
Traceback (most recent call last):
  File "/home/airflow/.local/lib/python3.12/site-packages/airflow/models/dagbag.py", line 382, in parse
    loader.exec_module(new_module)
  File "<frozen importlib._bootstrap_external>", line 995, in exec_module
  File "<frozen importlib._bootstrap>", line 488, in _call_with_frames_removed
  File "/opt/airflow/dags/dag_bronze.py", line 8, in <module>
    from bronze_customers import process_bronze_customers
ModuleNotFoundError: No module named 'bronze_customers'
[2026-08-12T19:42:09.190+0000] {processor.py:927} WARNING - No viable dags retrieved from /opt/airflow/dags/dag_bronze.py
[2026-08-12T19:42:09.224+0000] {processor.py:208} INFO - Processing /opt/airflow/dags/dag_bronze.py took 0.111 seconds
[2026-08-12T19:42:40.166+0000] {processor.py:186} INFO - Started process (PID=8754) to work on /opt/airflow/dags/dag_bronze.py
[2026-08-12T19:42:40.168+0000] {processor.py:914} INFO - Processing file /opt/airflow/dags/dag_bronze.py for tasks to queue
[2026-08-12T19:42:40.174+0000] {logging_mixin.py:190} INFO - [2026-08-12T19:42:40.173+0000] {dagbag.py:587} INFO - Filling up the DagBag from /opt/airflow/dags/dag_bronze.py
[2026-08-12T19:42:40.221+0000] {logging_mixin.py:190} INFO - [2026-08-12T19:42:40.213+0000] {dagbag.py:386} ERROR - Failed to import: /opt/airflow/dags/dag_bronze.py
Traceback (most recent call last):
  File "/home/airflow/.local/lib/python3.12/site-packages/airflow/models/dagbag.py", line 382, in parse
    loader.exec_module(new_module)
  File "<frozen importlib._bootstrap_external>", line 995, in exec_module
  File "<frozen importlib._bootstrap>", line 488, in _call_with_frames_removed
  File "/opt/airflow/dags/dag_bronze.py", line 8, in <module>
    from bronze_customers import process_bronze_customers
ModuleNotFoundError: No module named 'bronze_customers'
[2026-08-12T19:42:40.225+0000] {processor.py:927} WARNING - No viable dags retrieved from /opt/airflow/dags/dag_bronze.py
[2026-08-12T19:42:40.280+0000] {processor.py:208} INFO - Processing /opt/airflow/dags/dag_bronze.py took 0.128 seconds
[2026-08-12T19:43:10.610+0000] {processor.py:186} INFO - Started process (PID=8758) to work on /opt/airflow/dags/dag_bronze.py
[2026-08-12T19:43:10.614+0000] {processor.py:914} INFO - Processing file /opt/airflow/dags/dag_bronze.py for tasks to queue
[2026-08-12T19:43:10.618+0000] {logging_mixin.py:190} INFO - [2026-08-12T19:43:10.617+0000] {dagbag.py:587} INFO - Filling up the DagBag from /opt/airflow/dags/dag_bronze.py
[2026-08-12T19:43:10.702+0000] {logging_mixin.py:190} INFO - [2026-08-12T19:43:10.685+0000] {dagbag.py:386} ERROR - Failed to import: /opt/airflow/dags/dag_bronze.py
Traceback (most recent call last):
  File "/home/airflow/.local/lib/python3.12/site-packages/airflow/models/dagbag.py", line 382, in parse
    loader.exec_module(new_module)
  File "<frozen importlib._bootstrap_external>", line 995, in exec_module
  File "<frozen importlib._bootstrap>", line 488, in _call_with_frames_removed
  File "/opt/airflow/dags/dag_bronze.py", line 8, in <module>
    from bronze_customers import process_bronze_customers
ModuleNotFoundError: No module named 'bronze_customers'
[2026-08-12T19:43:10.709+0000] {processor.py:927} WARNING - No viable dags retrieved from /opt/airflow/dags/dag_bronze.py
[2026-08-12T19:43:10.786+0000] {processor.py:208} INFO - Processing /opt/airflow/dags/dag_bronze.py took 0.226 seconds
[2026-08-12T19:43:41.585+0000] {processor.py:186} INFO - Started process (PID=8769) to work on /opt/airflow/dags/dag_bronze.py
[2026-08-12T19:43:41.589+0000] {processor.py:914} INFO - Processing file /opt/airflow/dags/dag_bronze.py for tasks to queue
[2026-08-12T19:43:41.594+0000] {logging_mixin.py:190} INFO - [2026-08-12T19:43:41.593+0000] {dagbag.py:587} INFO - Filling up the DagBag from /opt/airflow/dags/dag_bronze.py
[2026-08-12T19:43:41.717+0000] {logging_mixin.py:190} INFO - [2026-08-12T19:43:41.696+0000] {dagbag.py:386} ERROR - Failed to import: /opt/airflow/dags/dag_bronze.py
Traceback (most recent call last):
  File "/home/airflow/.local/lib/python3.12/site-packages/airflow/models/dagbag.py", line 382, in parse
    loader.exec_module(new_module)
  File "<frozen importlib._bootstrap_external>", line 995, in exec_module
  File "<frozen importlib._bootstrap>", line 488, in _call_with_frames_removed
  File "/opt/airflow/dags/dag_bronze.py", line 8, in <module>
    from bronze_customers import process_bronze_customers
ModuleNotFoundError: No module named 'bronze_customers'
[2026-08-12T19:43:41.725+0000] {processor.py:927} WARNING - No viable dags retrieved from /opt/airflow/dags/dag_bronze.py
[2026-08-12T19:43:41.816+0000] {processor.py:208} INFO - Processing /opt/airflow/dags/dag_bronze.py took 0.252 seconds
[2026-08-12T19:44:12.149+0000] {processor.py:186} INFO - Started process (PID=8780) to work on /opt/airflow/dags/dag_bronze.py
[2026-08-12T19:44:12.154+0000] {processor.py:914} INFO - Processing file /opt/airflow/dags/dag_bronze.py for tasks to queue
[2026-08-12T19:44:12.161+0000] {logging_mixin.py:190} INFO - [2026-08-12T19:44:12.159+0000] {dagbag.py:587} INFO - Filling up the DagBag from /opt/airflow/dags/dag_bronze.py
[2026-08-12T19:44:12.263+0000] {logging_mixin.py:190} INFO - [2026-08-12T19:44:12.240+0000] {dagbag.py:386} ERROR - Failed to import: /opt/airflow/dags/dag_bronze.py
Traceback (most recent call last):
  File "/home/airflow/.local/lib/python3.12/site-packages/airflow/models/dagbag.py", line 382, in parse
    loader.exec_module(new_module)
  File "<frozen importlib._bootstrap_external>", line 995, in exec_module
  File "<frozen importlib._bootstrap>", line 488, in _call_with_frames_removed
  File "/opt/airflow/dags/dag_bronze.py", line 8, in <module>
    from bronze_customers import process_bronze_customers
ModuleNotFoundError: No module named 'bronze_customers'
[2026-08-12T19:44:12.270+0000] {processor.py:927} WARNING - No viable dags retrieved from /opt/airflow/dags/dag_bronze.py
[2026-08-12T19:44:12.376+0000] {processor.py:208} INFO - Processing /opt/airflow/dags/dag_bronze.py took 0.271 seconds
[2026-08-12T19:44:43.251+0000] {processor.py:186} INFO - Started process (PID=8791) to work on /opt/airflow/dags/dag_bronze.py
[2026-08-12T19:44:43.265+0000] {processor.py:914} INFO - Processing file /opt/airflow/dags/dag_bronze.py for tasks to queue
[2026-08-12T19:44:43.306+0000] {logging_mixin.py:190} INFO - [2026-08-12T19:44:43.302+0000] {dagbag.py:587} INFO - Filling up the DagBag from /opt/airflow/dags/dag_bronze.py
[2026-08-12T19:44:43.462+0000] {logging_mixin.py:190} INFO - [2026-08-12T19:44:43.430+0000] {dagbag.py:386} ERROR - Failed to import: /opt/airflow/dags/dag_bronze.py
Traceback (most recent call last):
  File "/home/airflow/.local/lib/python3.12/site-packages/airflow/models/dagbag.py", line 382, in parse
    loader.exec_module(new_module)
  File "<frozen importlib._bootstrap_external>", line 995, in exec_module
  File "<frozen importlib._bootstrap>", line 488, in _call_with_frames_removed
  File "/opt/airflow/dags/dag_bronze.py", line 8, in <module>
    from bronze_customers import process_bronze_customers
ModuleNotFoundError: No module named 'bronze_customers'
[2026-08-12T19:44:43.470+0000] {processor.py:927} WARNING - No viable dags retrieved from /opt/airflow/dags/dag_bronze.py
[2026-08-12T19:44:43.678+0000] {processor.py:208} INFO - Processing /opt/airflow/dags/dag_bronze.py took 0.499 seconds
[2026-08-12T19:45:14.187+0000] {processor.py:186} INFO - Started process (PID=8802) to work on /opt/airflow/dags/dag_bronze.py
[2026-08-12T19:45:14.190+0000] {processor.py:914} INFO - Processing file /opt/airflow/dags/dag_bronze.py for tasks to queue
[2026-08-12T19:45:14.194+0000] {logging_mixin.py:190} INFO - [2026-08-12T19:45:14.193+0000] {dagbag.py:587} INFO - Filling up the DagBag from /opt/airflow/dags/dag_bronze.py
[2026-08-12T19:45:14.246+0000] {logging_mixin.py:190} INFO - [2026-08-12T19:45:14.237+0000] {dagbag.py:386} ERROR - Failed to import: /opt/airflow/dags/dag_bronze.py
Traceback (most recent call last):
  File "/home/airflow/.local/lib/python3.12/site-packages/airflow/models/dagbag.py", line 382, in parse
    loader.exec_module(new_module)
  File "<frozen importlib._bootstrap_external>", line 995, in exec_module
  File "<frozen importlib._bootstrap>", line 488, in _call_with_frames_removed
  File "/opt/airflow/dags/dag_bronze.py", line 8, in <module>
    from bronze_customers import process_bronze_customers
ModuleNotFoundError: No module named 'bronze_customers'
[2026-08-12T19:45:14.250+0000] {processor.py:927} WARNING - No viable dags retrieved from /opt/airflow/dags/dag_bronze.py
[2026-08-12T19:45:14.292+0000] {processor.py:208} INFO - Processing /opt/airflow/dags/dag_bronze.py took 0.118 seconds
[2026-08-12T19:45:44.549+0000] {processor.py:186} INFO - Started process (PID=8806) to work on /opt/airflow/dags/dag_bronze.py
[2026-08-12T19:45:44.551+0000] {processor.py:914} INFO - Processing file /opt/airflow/dags/dag_bronze.py for tasks to queue
[2026-08-12T19:45:44.553+0000] {logging_mixin.py:190} INFO - [2026-08-12T19:45:44.552+0000] {dagbag.py:587} INFO - Filling up the DagBag from /opt/airflow/dags/dag_bronze.py
[2026-08-12T19:45:44.605+0000] {logging_mixin.py:190} INFO - [2026-08-12T19:45:44.595+0000] {dagbag.py:386} ERROR - Failed to import: /opt/airflow/dags/dag_bronze.py
Traceback (most recent call last):
  File "/home/airflow/.local/lib/python3.12/site-packages/airflow/models/dagbag.py", line 382, in parse
    loader.exec_module(new_module)
  File "<frozen importlib._bootstrap_external>", line 995, in exec_module
  File "<frozen importlib._bootstrap>", line 488, in _call_with_frames_removed
  File "/opt/airflow/dags/dag_bronze.py", line 8, in <module>
    from bronze_customers import process_bronze_customers
ModuleNotFoundError: No module named 'bronze_customers'
[2026-08-12T19:45:44.611+0000] {processor.py:927} WARNING - No viable dags retrieved from /opt/airflow/dags/dag_bronze.py
[2026-08-12T19:45:44.641+0000] {processor.py:208} INFO - Processing /opt/airflow/dags/dag_bronze.py took 0.101 seconds
[2026-08-12T19:46:14.894+0000] {processor.py:186} INFO - Started process (PID=8817) to work on /opt/airflow/dags/dag_bronze.py
[2026-08-12T19:46:14.899+0000] {processor.py:914} INFO - Processing file /opt/airflow/dags/dag_bronze.py for tasks to queue
[2026-08-12T19:46:14.906+0000] {logging_mixin.py:190} INFO - [2026-08-12T19:46:14.905+0000] {dagbag.py:587} INFO - Filling up the DagBag from /opt/airflow/dags/dag_bronze.py
[2026-08-12T19:46:14.967+0000] {logging_mixin.py:190} INFO - [2026-08-12T19:46:14.954+0000] {dagbag.py:386} ERROR - Failed to import: /opt/airflow/dags/dag_bronze.py
Traceback (most recent call last):
  File "/home/airflow/.local/lib/python3.12/site-packages/airflow/models/dagbag.py", line 382, in parse
    loader.exec_module(new_module)
  File "<frozen importlib._bootstrap_external>", line 995, in exec_module
  File "<frozen importlib._bootstrap>", line 488, in _call_with_frames_removed
  File "/opt/airflow/dags/dag_bronze.py", line 8, in <module>
    from bronze_customers import process_bronze_customers
ModuleNotFoundError: No module named 'bronze_customers'
[2026-08-12T19:46:14.971+0000] {processor.py:927} WARNING - No viable dags retrieved from /opt/airflow/dags/dag_bronze.py
[2026-08-12T19:46:15.053+0000] {processor.py:208} INFO - Processing /opt/airflow/dags/dag_bronze.py took 0.187 seconds
[2026-08-12T19:46:45.327+0000] {processor.py:186} INFO - Started process (PID=8828) to work on /opt/airflow/dags/dag_bronze.py
[2026-08-12T19:46:45.330+0000] {processor.py:914} INFO - Processing file /opt/airflow/dags/dag_bronze.py for tasks to queue
[2026-08-12T19:46:45.332+0000] {logging_mixin.py:190} INFO - [2026-08-12T19:46:45.331+0000] {dagbag.py:587} INFO - Filling up the DagBag from /opt/airflow/dags/dag_bronze.py
[2026-08-12T19:46:45.368+0000] {logging_mixin.py:190} INFO - [2026-08-12T19:46:45.361+0000] {dagbag.py:386} ERROR - Failed to import: /opt/airflow/dags/dag_bronze.py
Traceback (most recent call last):
  File "/home/airflow/.local/lib/python3.12/site-packages/airflow/models/dagbag.py", line 382, in parse
    loader.exec_module(new_module)
  File "<frozen importlib._bootstrap_external>", line 995, in exec_module
  File "<frozen importlib._bootstrap>", line 488, in _call_with_frames_removed
  File "/opt/airflow/dags/dag_bronze.py", line 8, in <module>
    from bronze_customers import process_bronze_customers
ModuleNotFoundError: No module named 'bronze_customers'
[2026-08-12T19:46:45.370+0000] {processor.py:927} WARNING - No viable dags retrieved from /opt/airflow/dags/dag_bronze.py
[2026-08-12T19:46:45.395+0000] {processor.py:208} INFO - Processing /opt/airflow/dags/dag_bronze.py took 0.077 seconds
[2026-08-12T19:47:15.672+0000] {processor.py:186} INFO - Started process (PID=8839) to work on /opt/airflow/dags/dag_bronze.py
[2026-08-12T19:47:15.673+0000] {processor.py:914} INFO - Processing file /opt/airflow/dags/dag_bronze.py for tasks to queue
[2026-08-12T19:47:15.675+0000] {logging_mixin.py:190} INFO - [2026-08-12T19:47:15.674+0000] {dagbag.py:587} INFO - Filling up the DagBag from /opt/airflow/dags/dag_bronze.py
[2026-08-12T19:47:15.711+0000] {logging_mixin.py:190} INFO - [2026-08-12T19:47:15.705+0000] {dagbag.py:386} ERROR - Failed to import: /opt/airflow/dags/dag_bronze.py
Traceback (most recent call last):
  File "/home/airflow/.local/lib/python3.12/site-packages/airflow/models/dagbag.py", line 382, in parse
    loader.exec_module(new_module)
  File "<frozen importlib._bootstrap_external>", line 995, in exec_module
  File "<frozen importlib._bootstrap>", line 488, in _call_with_frames_removed
  File "/opt/airflow/dags/dag_bronze.py", line 8, in <module>
    from bronze_customers import process_bronze_customers
ModuleNotFoundError: No module named 'bronze_customers'
[2026-08-12T19:47:15.713+0000] {processor.py:927} WARNING - No viable dags retrieved from /opt/airflow/dags/dag_bronze.py
[2026-08-12T19:47:15.761+0000] {processor.py:208} INFO - Processing /opt/airflow/dags/dag_bronze.py took 0.096 seconds
[2026-08-12T19:47:45.947+0000] {processor.py:186} INFO - Started process (PID=8850) to work on /opt/airflow/dags/dag_bronze.py
[2026-08-12T19:47:45.950+0000] {processor.py:914} INFO - Processing file /opt/airflow/dags/dag_bronze.py for tasks to queue
[2026-08-12T19:47:45.953+0000] {logging_mixin.py:190} INFO - [2026-08-12T19:47:45.952+0000] {dagbag.py:587} INFO - Filling up the DagBag from /opt/airflow/dags/dag_bronze.py
[2026-08-12T19:47:46.005+0000] {logging_mixin.py:190} INFO - [2026-08-12T19:47:45.993+0000] {dagbag.py:386} ERROR - Failed to import: /opt/airflow/dags/dag_bronze.py
Traceback (most recent call last):
  File "/home/airflow/.local/lib/python3.12/site-packages/airflow/models/dagbag.py", line 382, in parse
    loader.exec_module(new_module)
  File "<frozen importlib._bootstrap_external>", line 995, in exec_module
  File "<frozen importlib._bootstrap>", line 488, in _call_with_frames_removed
  File "/opt/airflow/dags/dag_bronze.py", line 8, in <module>
    from bronze_customers import process_bronze_customers
ModuleNotFoundError: No module named 'bronze_customers'
[2026-08-12T19:47:46.009+0000] {processor.py:927} WARNING - No viable dags retrieved from /opt/airflow/dags/dag_bronze.py
[2026-08-12T19:47:46.037+0000] {processor.py:208} INFO - Processing /opt/airflow/dags/dag_bronze.py took 0.099 seconds
[2026-08-12T19:48:16.361+0000] {processor.py:186} INFO - Started process (PID=8861) to work on /opt/airflow/dags/dag_bronze.py
[2026-08-12T19:48:16.365+0000] {processor.py:914} INFO - Processing file /opt/airflow/dags/dag_bronze.py for tasks to queue
[2026-08-12T19:48:16.371+0000] {logging_mixin.py:190} INFO - [2026-08-12T19:48:16.370+0000] {dagbag.py:587} INFO - Filling up the DagBag from /opt/airflow/dags/dag_bronze.py
[2026-08-12T19:48:16.455+0000] {logging_mixin.py:190} INFO - [2026-08-12T19:48:16.438+0000] {dagbag.py:386} ERROR - Failed to import: /opt/airflow/dags/dag_bronze.py
Traceback (most recent call last):
  File "/home/airflow/.local/lib/python3.12/site-packages/airflow/models/dagbag.py", line 382, in parse
    loader.exec_module(new_module)
  File "<frozen importlib._bootstrap_external>", line 995, in exec_module
  File "<frozen importlib._bootstrap>", line 488, in _call_with_frames_removed
  File "/opt/airflow/dags/dag_bronze.py", line 8, in <module>
    from bronze_customers import process_bronze_customers
ModuleNotFoundError: No module named 'bronze_customers'
[2026-08-12T19:48:16.461+0000] {processor.py:927} WARNING - No viable dags retrieved from /opt/airflow/dags/dag_bronze.py
[2026-08-12T19:48:16.545+0000] {processor.py:208} INFO - Processing /opt/airflow/dags/dag_bronze.py took 0.219 seconds
[2026-08-12T19:48:46.941+0000] {processor.py:186} INFO - Started process (PID=8865) to work on /opt/airflow/dags/dag_bronze.py
[2026-08-12T19:48:46.943+0000] {processor.py:914} INFO - Processing file /opt/airflow/dags/dag_bronze.py for tasks to queue
[2026-08-12T19:48:46.945+0000] {logging_mixin.py:190} INFO - [2026-08-12T19:48:46.944+0000] {dagbag.py:587} INFO - Filling up the DagBag from /opt/airflow/dags/dag_bronze.py
[2026-08-12T19:48:46.981+0000] {logging_mixin.py:190} INFO - [2026-08-12T19:48:46.972+0000] {dagbag.py:386} ERROR - Failed to import: /opt/airflow/dags/dag_bronze.py
Traceback (most recent call last):
  File "/home/airflow/.local/lib/python3.12/site-packages/airflow/models/dagbag.py", line 382, in parse
    loader.exec_module(new_module)
  File "<frozen importlib._bootstrap_external>", line 995, in exec_module
  File "<frozen importlib._bootstrap>", line 488, in _call_with_frames_removed
  File "/opt/airflow/dags/dag_bronze.py", line 8, in <module>
    from bronze_customers import process_bronze_customers
ModuleNotFoundError: No module named 'bronze_customers'
[2026-08-12T19:48:46.984+0000] {processor.py:927} WARNING - No viable dags retrieved from /opt/airflow/dags/dag_bronze.py
[2026-08-12T19:48:47.008+0000] {processor.py:208} INFO - Processing /opt/airflow/dags/dag_bronze.py took 0.074 seconds
[2026-08-12T19:49:17.908+0000] {processor.py:186} INFO - Started process (PID=8876) to work on /opt/airflow/dags/dag_bronze.py
[2026-08-12T19:49:17.910+0000] {processor.py:914} INFO - Processing file /opt/airflow/dags/dag_bronze.py for tasks to queue
[2026-08-12T19:49:17.913+0000] {logging_mixin.py:190} INFO - [2026-08-12T19:49:17.912+0000] {dagbag.py:587} INFO - Filling up the DagBag from /opt/airflow/dags/dag_bronze.py
[2026-08-12T19:49:17.968+0000] {logging_mixin.py:190} INFO - [2026-08-12T19:49:17.955+0000] {dagbag.py:386} ERROR - Failed to import: /opt/airflow/dags/dag_bronze.py
Traceback (most recent call last):
  File "/home/airflow/.local/lib/python3.12/site-packages/airflow/models/dagbag.py", line 382, in parse
    loader.exec_module(new_module)
  File "<frozen importlib._bootstrap_external>", line 995, in exec_module
  File "<frozen importlib._bootstrap>", line 488, in _call_with_frames_removed
  File "/opt/airflow/dags/dag_bronze.py", line 8, in <module>
    from bronze_customers import process_bronze_customers
ModuleNotFoundError: No module named 'bronze_customers'
[2026-08-12T19:49:17.973+0000] {processor.py:927} WARNING - No viable dags retrieved from /opt/airflow/dags/dag_bronze.py
[2026-08-12T19:49:17.998+0000] {processor.py:208} INFO - Processing /opt/airflow/dags/dag_bronze.py took 0.099 seconds
[2026-08-12T19:49:48.479+0000] {processor.py:186} INFO - Started process (PID=8887) to work on /opt/airflow/dags/dag_bronze.py
[2026-08-12T19:49:48.481+0000] {processor.py:914} INFO - Processing file /opt/airflow/dags/dag_bronze.py for tasks to queue
[2026-08-12T19:49:48.484+0000] {logging_mixin.py:190} INFO - [2026-08-12T19:49:48.483+0000] {dagbag.py:587} INFO - Filling up the DagBag from /opt/airflow/dags/dag_bronze.py
[2026-08-12T19:49:48.541+0000] {logging_mixin.py:190} INFO - [2026-08-12T19:49:48.528+0000] {dagbag.py:386} ERROR - Failed to import: /opt/airflow/dags/dag_bronze.py
Traceback (most recent call last):
  File "/home/airflow/.local/lib/python3.12/site-packages/airflow/models/dagbag.py", line 382, in parse
    loader.exec_module(new_module)
  File "<frozen importlib._bootstrap_external>", line 995, in exec_module
  File "<frozen importlib._bootstrap>", line 488, in _call_with_frames_removed
  File "/opt/airflow/dags/dag_bronze.py", line 8, in <module>
    from bronze_customers import process_bronze_customers
ModuleNotFoundError: No module named 'bronze_customers'
[2026-08-12T19:49:48.544+0000] {processor.py:927} WARNING - No viable dags retrieved from /opt/airflow/dags/dag_bronze.py
[2026-08-12T19:49:48.573+0000] {processor.py:208} INFO - Processing /opt/airflow/dags/dag_bronze.py took 0.103 seconds
[2026-08-12T19:50:19.102+0000] {processor.py:186} INFO - Started process (PID=8899) to work on /opt/airflow/dags/dag_bronze.py
[2026-08-12T19:50:19.105+0000] {processor.py:914} INFO - Processing file /opt/airflow/dags/dag_bronze.py for tasks to queue
[2026-08-12T19:50:19.109+0000] {logging_mixin.py:190} INFO - [2026-08-12T19:50:19.108+0000] {dagbag.py:587} INFO - Filling up the DagBag from /opt/airflow/dags/dag_bronze.py
[2026-08-12T19:50:19.177+0000] {logging_mixin.py:190} INFO - [2026-08-12T19:50:19.164+0000] {dagbag.py:386} ERROR - Failed to import: /opt/airflow/dags/dag_bronze.py
Traceback (most recent call last):
  File "/home/airflow/.local/lib/python3.12/site-packages/airflow/models/dagbag.py", line 382, in parse
    loader.exec_module(new_module)
  File "<frozen importlib._bootstrap_external>", line 995, in exec_module
  File "<frozen importlib._bootstrap>", line 488, in _call_with_frames_removed
  File "/opt/airflow/dags/dag_bronze.py", line 8, in <module>
    from bronze_customers import process_bronze_customers
ModuleNotFoundError: No module named 'bronze_customers'
[2026-08-12T19:50:19.184+0000] {processor.py:927} WARNING - No viable dags retrieved from /opt/airflow/dags/dag_bronze.py
[2026-08-12T19:50:19.245+0000] {processor.py:208} INFO - Processing /opt/airflow/dags/dag_bronze.py took 0.161 seconds
[2026-08-12T19:50:49.709+0000] {processor.py:186} INFO - Started process (PID=8910) to work on /opt/airflow/dags/dag_bronze.py
[2026-08-12T19:50:49.710+0000] {processor.py:914} INFO - Processing file /opt/airflow/dags/dag_bronze.py for tasks to queue
[2026-08-12T19:50:49.711+0000] {logging_mixin.py:190} INFO - [2026-08-12T19:50:49.711+0000] {dagbag.py:587} INFO - Filling up the DagBag from /opt/airflow/dags/dag_bronze.py
[2026-08-12T19:50:49.738+0000] {logging_mixin.py:190} INFO - [2026-08-12T19:50:49.733+0000] {dagbag.py:386} ERROR - Failed to import: /opt/airflow/dags/dag_bronze.py
Traceback (most recent call last):
  File "/home/airflow/.local/lib/python3.12/site-packages/airflow/models/dagbag.py", line 382, in parse
    loader.exec_module(new_module)
  File "<frozen importlib._bootstrap_external>", line 995, in exec_module
  File "<frozen importlib._bootstrap>", line 488, in _call_with_frames_removed
  File "/opt/airflow/dags/dag_bronze.py", line 8, in <module>
    from bronze_customers import process_bronze_customers
ModuleNotFoundError: No module named 'bronze_customers'
[2026-08-12T19:50:49.740+0000] {processor.py:927} WARNING - No viable dags retrieved from /opt/airflow/dags/dag_bronze.py
[2026-08-12T19:50:49.761+0000] {processor.py:208} INFO - Processing /opt/airflow/dags/dag_bronze.py took 0.060 seconds
[2026-08-12T19:51:20.681+0000] {processor.py:186} INFO - Started process (PID=8921) to work on /opt/airflow/dags/dag_bronze.py
[2026-08-12T19:51:20.682+0000] {processor.py:914} INFO - Processing file /opt/airflow/dags/dag_bronze.py for tasks to queue
[2026-08-12T19:51:20.684+0000] {logging_mixin.py:190} INFO - [2026-08-12T19:51:20.684+0000] {dagbag.py:587} INFO - Filling up the DagBag from /opt/airflow/dags/dag_bronze.py
[2026-08-12T19:51:20.722+0000] {logging_mixin.py:190} INFO - [2026-08-12T19:51:20.715+0000] {dagbag.py:386} ERROR - Failed to import: /opt/airflow/dags/dag_bronze.py
Traceback (most recent call last):
  File "/home/airflow/.local/lib/python3.12/site-packages/airflow/models/dagbag.py", line 382, in parse
    loader.exec_module(new_module)
  File "<frozen importlib._bootstrap_external>", line 995, in exec_module
  File "<frozen importlib._bootstrap>", line 488, in _call_with_frames_removed
  File "/opt/airflow/dags/dag_bronze.py", line 8, in <module>
    from bronze_customers import process_bronze_customers
ModuleNotFoundError: No module named 'bronze_customers'
[2026-08-12T19:51:20.725+0000] {processor.py:927} WARNING - No viable dags retrieved from /opt/airflow/dags/dag_bronze.py
[2026-08-12T19:51:20.750+0000] {processor.py:208} INFO - Processing /opt/airflow/dags/dag_bronze.py took 0.075 seconds
[2026-08-12T19:51:51.488+0000] {processor.py:186} INFO - Started process (PID=8932) to work on /opt/airflow/dags/dag_bronze.py
[2026-08-12T19:51:51.489+0000] {processor.py:914} INFO - Processing file /opt/airflow/dags/dag_bronze.py for tasks to queue
[2026-08-12T19:51:51.491+0000] {logging_mixin.py:190} INFO - [2026-08-12T19:51:51.490+0000] {dagbag.py:587} INFO - Filling up the DagBag from /opt/airflow/dags/dag_bronze.py
[2026-08-12T19:51:51.526+0000] {logging_mixin.py:190} INFO - [2026-08-12T19:51:51.518+0000] {dagbag.py:386} ERROR - Failed to import: /opt/airflow/dags/dag_bronze.py
Traceback (most recent call last):
  File "/home/airflow/.local/lib/python3.12/site-packages/airflow/models/dagbag.py", line 382, in parse
    loader.exec_module(new_module)
  File "<frozen importlib._bootstrap_external>", line 995, in exec_module
  File "<frozen importlib._bootstrap>", line 488, in _call_with_frames_removed
  File "/opt/airflow/dags/dag_bronze.py", line 8, in <module>
    from bronze_customers import process_bronze_customers
ModuleNotFoundError: No module named 'bronze_customers'
[2026-08-12T19:51:51.528+0000] {processor.py:927} WARNING - No viable dags retrieved from /opt/airflow/dags/dag_bronze.py
[2026-08-12T19:51:51.553+0000] {processor.py:208} INFO - Processing /opt/airflow/dags/dag_bronze.py took 0.070 seconds
[2026-08-12T19:52:22.166+0000] {processor.py:186} INFO - Started process (PID=8943) to work on /opt/airflow/dags/dag_bronze.py
[2026-08-12T19:52:22.167+0000] {processor.py:914} INFO - Processing file /opt/airflow/dags/dag_bronze.py for tasks to queue
[2026-08-12T19:52:22.169+0000] {logging_mixin.py:190} INFO - [2026-08-12T19:52:22.169+0000] {dagbag.py:587} INFO - Filling up the DagBag from /opt/airflow/dags/dag_bronze.py
[2026-08-12T19:52:22.200+0000] {logging_mixin.py:190} INFO - [2026-08-12T19:52:22.196+0000] {dagbag.py:386} ERROR - Failed to import: /opt/airflow/dags/dag_bronze.py
Traceback (most recent call last):
  File "/home/airflow/.local/lib/python3.12/site-packages/airflow/models/dagbag.py", line 382, in parse
    loader.exec_module(new_module)
  File "<frozen importlib._bootstrap_external>", line 995, in exec_module
  File "<frozen importlib._bootstrap>", line 488, in _call_with_frames_removed
  File "/opt/airflow/dags/dag_bronze.py", line 8, in <module>
    from bronze_customers import process_bronze_customers
ModuleNotFoundError: No module named 'bronze_customers'
[2026-08-12T19:52:22.202+0000] {processor.py:927} WARNING - No viable dags retrieved from /opt/airflow/dags/dag_bronze.py
[2026-08-12T19:52:22.233+0000] {processor.py:208} INFO - Processing /opt/airflow/dags/dag_bronze.py took 0.073 seconds
[2026-08-12T19:52:52.692+0000] {processor.py:186} INFO - Started process (PID=8953) to work on /opt/airflow/dags/dag_bronze.py
[2026-08-12T19:52:52.695+0000] {processor.py:914} INFO - Processing file /opt/airflow/dags/dag_bronze.py for tasks to queue
[2026-08-12T19:52:52.700+0000] {logging_mixin.py:190} INFO - [2026-08-12T19:52:52.699+0000] {dagbag.py:587} INFO - Filling up the DagBag from /opt/airflow/dags/dag_bronze.py
[2026-08-12T19:52:52.783+0000] {logging_mixin.py:190} INFO - [2026-08-12T19:52:52.761+0000] {dagbag.py:386} ERROR - Failed to import: /opt/airflow/dags/dag_bronze.py
Traceback (most recent call last):
  File "/home/airflow/.local/lib/python3.12/site-packages/airflow/models/dagbag.py", line 382, in parse
    loader.exec_module(new_module)
  File "<frozen importlib._bootstrap_external>", line 995, in exec_module
  File "<frozen importlib._bootstrap>", line 488, in _call_with_frames_removed
  File "/opt/airflow/dags/dag_bronze.py", line 8, in <module>
    from bronze_customers import process_bronze_customers
ModuleNotFoundError: No module named 'bronze_customers'
[2026-08-12T19:52:52.792+0000] {processor.py:927} WARNING - No viable dags retrieved from /opt/airflow/dags/dag_bronze.py
[2026-08-12T19:52:52.881+0000] {processor.py:208} INFO - Processing /opt/airflow/dags/dag_bronze.py took 0.203 seconds
[2026-08-12T19:53:22.960+0000] {processor.py:186} INFO - Started process (PID=8957) to work on /opt/airflow/dags/dag_bronze.py
[2026-08-12T19:53:22.961+0000] {processor.py:914} INFO - Processing file /opt/airflow/dags/dag_bronze.py for tasks to queue
[2026-08-12T19:53:22.964+0000] {logging_mixin.py:190} INFO - [2026-08-12T19:53:22.963+0000] {dagbag.py:587} INFO - Filling up the DagBag from /opt/airflow/dags/dag_bronze.py
[2026-08-12T19:53:23.025+0000] {logging_mixin.py:190} INFO - [2026-08-12T19:53:23.016+0000] {dagbag.py:386} ERROR - Failed to import: /opt/airflow/dags/dag_bronze.py
Traceback (most recent call last):
  File "/home/airflow/.local/lib/python3.12/site-packages/airflow/models/dagbag.py", line 382, in parse
    loader.exec_module(new_module)
  File "<frozen importlib._bootstrap_external>", line 995, in exec_module
  File "<frozen importlib._bootstrap>", line 488, in _call_with_frames_removed
  File "/opt/airflow/dags/dag_bronze.py", line 8, in <module>
    from bronze_customers import process_bronze_customers
ModuleNotFoundError: No module named 'bronze_customers'
[2026-08-12T19:53:23.027+0000] {processor.py:927} WARNING - No viable dags retrieved from /opt/airflow/dags/dag_bronze.py
[2026-08-12T19:53:23.056+0000] {processor.py:208} INFO - Processing /opt/airflow/dags/dag_bronze.py took 0.105 seconds
[2026-08-12T19:53:53.740+0000] {processor.py:186} INFO - Started process (PID=8968) to work on /opt/airflow/dags/dag_bronze.py
[2026-08-12T19:53:53.741+0000] {processor.py:914} INFO - Processing file /opt/airflow/dags/dag_bronze.py for tasks to queue
[2026-08-12T19:53:53.743+0000] {logging_mixin.py:190} INFO - [2026-08-12T19:53:53.742+0000] {dagbag.py:587} INFO - Filling up the DagBag from /opt/airflow/dags/dag_bronze.py
[2026-08-12T19:53:53.793+0000] {logging_mixin.py:190} INFO - [2026-08-12T19:53:53.784+0000] {dagbag.py:386} ERROR - Failed to import: /opt/airflow/dags/dag_bronze.py
Traceback (most recent call last):
  File "/home/airflow/.local/lib/python3.12/site-packages/airflow/models/dagbag.py", line 382, in parse
    loader.exec_module(new_module)
  File "<frozen importlib._bootstrap_external>", line 995, in exec_module
  File "<frozen importlib._bootstrap>", line 488, in _call_with_frames_removed
  File "/opt/airflow/dags/dag_bronze.py", line 8, in <module>
    from bronze_customers import process_bronze_customers
ModuleNotFoundError: No module named 'bronze_customers'
[2026-08-12T19:53:53.797+0000] {processor.py:927} WARNING - No viable dags retrieved from /opt/airflow/dags/dag_bronze.py
[2026-08-12T19:53:53.820+0000] {processor.py:208} INFO - Processing /opt/airflow/dags/dag_bronze.py took 0.086 seconds
[2026-08-12T19:54:24.552+0000] {processor.py:186} INFO - Started process (PID=8979) to work on /opt/airflow/dags/dag_bronze.py
[2026-08-12T19:54:24.553+0000] {processor.py:914} INFO - Processing file /opt/airflow/dags/dag_bronze.py for tasks to queue
[2026-08-12T19:54:24.554+0000] {logging_mixin.py:190} INFO - [2026-08-12T19:54:24.554+0000] {dagbag.py:587} INFO - Filling up the DagBag from /opt/airflow/dags/dag_bronze.py
[2026-08-12T19:54:24.588+0000] {logging_mixin.py:190} INFO - [2026-08-12T19:54:24.580+0000] {dagbag.py:386} ERROR - Failed to import: /opt/airflow/dags/dag_bronze.py
Traceback (most recent call last):
  File "/home/airflow/.local/lib/python3.12/site-packages/airflow/models/dagbag.py", line 382, in parse
    loader.exec_module(new_module)
  File "<frozen importlib._bootstrap_external>", line 995, in exec_module
  File "<frozen importlib._bootstrap>", line 488, in _call_with_frames_removed
  File "/opt/airflow/dags/dag_bronze.py", line 8, in <module>
    from bronze_customers import process_bronze_customers
ModuleNotFoundError: No module named 'bronze_customers'
[2026-08-12T19:54:24.591+0000] {processor.py:927} WARNING - No viable dags retrieved from /opt/airflow/dags/dag_bronze.py
[2026-08-12T19:54:24.621+0000] {processor.py:208} INFO - Processing /opt/airflow/dags/dag_bronze.py took 0.075 seconds
[2026-08-12T19:54:54.912+0000] {processor.py:186} INFO - Started process (PID=8990) to work on /opt/airflow/dags/dag_bronze.py
[2026-08-12T19:54:54.914+0000] {processor.py:914} INFO - Processing file /opt/airflow/dags/dag_bronze.py for tasks to queue
[2026-08-12T19:54:54.917+0000] {logging_mixin.py:190} INFO - [2026-08-12T19:54:54.916+0000] {dagbag.py:587} INFO - Filling up the DagBag from /opt/airflow/dags/dag_bronze.py
[2026-08-12T19:54:54.996+0000] {logging_mixin.py:190} INFO - [2026-08-12T19:54:54.981+0000] {dagbag.py:386} ERROR - Failed to import: /opt/airflow/dags/dag_bronze.py
Traceback (most recent call last):
  File "/home/airflow/.local/lib/python3.12/site-packages/airflow/models/dagbag.py", line 382, in parse
    loader.exec_module(new_module)
  File "<frozen importlib._bootstrap_external>", line 995, in exec_module
  File "<frozen importlib._bootstrap>", line 488, in _call_with_frames_removed
  File "/opt/airflow/dags/dag_bronze.py", line 8, in <module>
    from bronze_customers import process_bronze_customers
ModuleNotFoundError: No module named 'bronze_customers'
[2026-08-12T19:54:54.999+0000] {processor.py:927} WARNING - No viable dags retrieved from /opt/airflow/dags/dag_bronze.py
[2026-08-12T19:54:55.031+0000] {processor.py:208} INFO - Processing /opt/airflow/dags/dag_bronze.py took 0.131 seconds
[2026-08-12T19:55:25.796+0000] {processor.py:186} INFO - Started process (PID=9001) to work on /opt/airflow/dags/dag_bronze.py
[2026-08-12T19:55:25.797+0000] {processor.py:914} INFO - Processing file /opt/airflow/dags/dag_bronze.py for tasks to queue
[2026-08-12T19:55:25.801+0000] {logging_mixin.py:190} INFO - [2026-08-12T19:55:25.801+0000] {dagbag.py:587} INFO - Filling up the DagBag from /opt/airflow/dags/dag_bronze.py
[2026-08-12T19:55:25.849+0000] {logging_mixin.py:190} INFO - [2026-08-12T19:55:25.839+0000] {dagbag.py:386} ERROR - Failed to import: /opt/airflow/dags/dag_bronze.py
Traceback (most recent call last):
  File "/home/airflow/.local/lib/python3.12/site-packages/airflow/models/dagbag.py", line 382, in parse
    loader.exec_module(new_module)
  File "<frozen importlib._bootstrap_external>", line 995, in exec_module
  File "<frozen importlib._bootstrap>", line 488, in _call_with_frames_removed
  File "/opt/airflow/dags/dag_bronze.py", line 8, in <module>
    from bronze_customers import process_bronze_customers
ModuleNotFoundError: No module named 'bronze_customers'
[2026-08-12T19:55:25.852+0000] {processor.py:927} WARNING - No viable dags retrieved from /opt/airflow/dags/dag_bronze.py
[2026-08-12T19:55:25.902+0000] {processor.py:208} INFO - Processing /opt/airflow/dags/dag_bronze.py took 0.115 seconds
[2026-08-12T19:55:55.978+0000] {processor.py:186} INFO - Started process (PID=9012) to work on /opt/airflow/dags/dag_bronze.py
[2026-08-12T19:55:55.980+0000] {processor.py:914} INFO - Processing file /opt/airflow/dags/dag_bronze.py for tasks to queue
[2026-08-12T19:55:55.983+0000] {logging_mixin.py:190} INFO - [2026-08-12T19:55:55.982+0000] {dagbag.py:587} INFO - Filling up the DagBag from /opt/airflow/dags/dag_bronze.py
[2026-08-12T19:55:56.033+0000] {logging_mixin.py:190} INFO - [2026-08-12T19:55:56.023+0000] {dagbag.py:386} ERROR - Failed to import: /opt/airflow/dags/dag_bronze.py
Traceback (most recent call last):
  File "/home/airflow/.local/lib/python3.12/site-packages/airflow/models/dagbag.py", line 382, in parse
    loader.exec_module(new_module)
  File "<frozen importlib._bootstrap_external>", line 995, in exec_module
  File "<frozen importlib._bootstrap>", line 488, in _call_with_frames_removed
  File "/opt/airflow/dags/dag_bronze.py", line 8, in <module>
    from bronze_customers import process_bronze_customers
ModuleNotFoundError: No module named 'bronze_customers'
[2026-08-12T19:55:56.036+0000] {processor.py:927} WARNING - No viable dags retrieved from /opt/airflow/dags/dag_bronze.py
[2026-08-12T19:55:56.069+0000] {processor.py:208} INFO - Processing /opt/airflow/dags/dag_bronze.py took 0.102 seconds
[2026-08-12T19:56:26.264+0000] {processor.py:186} INFO - Started process (PID=9022) to work on /opt/airflow/dags/dag_bronze.py
[2026-08-12T19:56:26.266+0000] {processor.py:914} INFO - Processing file /opt/airflow/dags/dag_bronze.py for tasks to queue
[2026-08-12T19:56:26.269+0000] {logging_mixin.py:190} INFO - [2026-08-12T19:56:26.268+0000] {dagbag.py:587} INFO - Filling up the DagBag from /opt/airflow/dags/dag_bronze.py
[2026-08-12T19:56:26.325+0000] {logging_mixin.py:190} INFO - [2026-08-12T19:56:26.315+0000] {dagbag.py:386} ERROR - Failed to import: /opt/airflow/dags/dag_bronze.py
Traceback (most recent call last):
  File "/home/airflow/.local/lib/python3.12/site-packages/airflow/models/dagbag.py", line 382, in parse
    loader.exec_module(new_module)
  File "<frozen importlib._bootstrap_external>", line 995, in exec_module
  File "<frozen importlib._bootstrap>", line 488, in _call_with_frames_removed
  File "/opt/airflow/dags/dag_bronze.py", line 8, in <module>
    from bronze_customers import process_bronze_customers
ModuleNotFoundError: No module named 'bronze_customers'
[2026-08-12T19:56:26.329+0000] {processor.py:927} WARNING - No viable dags retrieved from /opt/airflow/dags/dag_bronze.py
[2026-08-12T19:56:26.381+0000] {processor.py:208} INFO - Processing /opt/airflow/dags/dag_bronze.py took 0.127 seconds
[2026-08-12T19:56:56.544+0000] {processor.py:186} INFO - Started process (PID=9033) to work on /opt/airflow/dags/dag_bronze.py
[2026-08-12T19:56:56.547+0000] {processor.py:914} INFO - Processing file /opt/airflow/dags/dag_bronze.py for tasks to queue
[2026-08-12T19:56:56.552+0000] {logging_mixin.py:190} INFO - [2026-08-12T19:56:56.550+0000] {dagbag.py:587} INFO - Filling up the DagBag from /opt/airflow/dags/dag_bronze.py
[2026-08-12T19:56:56.623+0000] {logging_mixin.py:190} INFO - [2026-08-12T19:56:56.608+0000] {dagbag.py:386} ERROR - Failed to import: /opt/airflow/dags/dag_bronze.py
Traceback (most recent call last):
  File "/home/airflow/.local/lib/python3.12/site-packages/airflow/models/dagbag.py", line 382, in parse
    loader.exec_module(new_module)
  File "<frozen importlib._bootstrap_external>", line 995, in exec_module
  File "<frozen importlib._bootstrap>", line 488, in _call_with_frames_removed
  File "/opt/airflow/dags/dag_bronze.py", line 8, in <module>
    from bronze_customers import process_bronze_customers
ModuleNotFoundError: No module named 'bronze_customers'
[2026-08-12T19:56:56.627+0000] {processor.py:927} WARNING - No viable dags retrieved from /opt/airflow/dags/dag_bronze.py
[2026-08-12T19:56:56.680+0000] {processor.py:208} INFO - Processing /opt/airflow/dags/dag_bronze.py took 0.150 seconds
[2026-08-12T19:57:26.794+0000] {processor.py:186} INFO - Started process (PID=9037) to work on /opt/airflow/dags/dag_bronze.py
[2026-08-12T19:57:26.795+0000] {processor.py:914} INFO - Processing file /opt/airflow/dags/dag_bronze.py for tasks to queue
[2026-08-12T19:57:26.797+0000] {logging_mixin.py:190} INFO - [2026-08-12T19:57:26.797+0000] {dagbag.py:587} INFO - Filling up the DagBag from /opt/airflow/dags/dag_bronze.py
[2026-08-12T19:57:26.837+0000] {logging_mixin.py:190} INFO - [2026-08-12T19:57:26.829+0000] {dagbag.py:386} ERROR - Failed to import: /opt/airflow/dags/dag_bronze.py
Traceback (most recent call last):
  File "/home/airflow/.local/lib/python3.12/site-packages/airflow/models/dagbag.py", line 382, in parse
    loader.exec_module(new_module)
  File "<frozen importlib._bootstrap_external>", line 995, in exec_module
  File "<frozen importlib._bootstrap>", line 488, in _call_with_frames_removed
  File "/opt/airflow/dags/dag_bronze.py", line 8, in <module>
    from bronze_customers import process_bronze_customers
ModuleNotFoundError: No module named 'bronze_customers'
[2026-08-12T19:57:26.840+0000] {processor.py:927} WARNING - No viable dags retrieved from /opt/airflow/dags/dag_bronze.py
[2026-08-12T19:57:26.864+0000] {processor.py:208} INFO - Processing /opt/airflow/dags/dag_bronze.py took 0.077 seconds
[2026-08-12T19:57:57.378+0000] {processor.py:186} INFO - Started process (PID=9048) to work on /opt/airflow/dags/dag_bronze.py
[2026-08-12T19:57:57.379+0000] {processor.py:914} INFO - Processing file /opt/airflow/dags/dag_bronze.py for tasks to queue
[2026-08-12T19:57:57.381+0000] {logging_mixin.py:190} INFO - [2026-08-12T19:57:57.381+0000] {dagbag.py:587} INFO - Filling up the DagBag from /opt/airflow/dags/dag_bronze.py
[2026-08-12T19:57:57.422+0000] {logging_mixin.py:190} INFO - [2026-08-12T19:57:57.414+0000] {dagbag.py:386} ERROR - Failed to import: /opt/airflow/dags/dag_bronze.py
Traceback (most recent call last):
  File "/home/airflow/.local/lib/python3.12/site-packages/airflow/models/dagbag.py", line 382, in parse
    loader.exec_module(new_module)
  File "<frozen importlib._bootstrap_external>", line 995, in exec_module
  File "<frozen importlib._bootstrap>", line 488, in _call_with_frames_removed
  File "/opt/airflow/dags/dag_bronze.py", line 8, in <module>
    from bronze_customers import process_bronze_customers
ModuleNotFoundError: No module named 'bronze_customers'
[2026-08-12T19:57:57.426+0000] {processor.py:927} WARNING - No viable dags retrieved from /opt/airflow/dags/dag_bronze.py
[2026-08-12T19:57:57.462+0000] {processor.py:208} INFO - Processing /opt/airflow/dags/dag_bronze.py took 0.090 seconds
[2026-08-12T19:58:27.531+0000] {processor.py:186} INFO - Started process (PID=9059) to work on /opt/airflow/dags/dag_bronze.py
[2026-08-12T19:58:27.533+0000] {processor.py:914} INFO - Processing file /opt/airflow/dags/dag_bronze.py for tasks to queue
[2026-08-12T19:58:27.537+0000] {logging_mixin.py:190} INFO - [2026-08-12T19:58:27.536+0000] {dagbag.py:587} INFO - Filling up the DagBag from /opt/airflow/dags/dag_bronze.py
[2026-08-12T19:58:27.581+0000] {logging_mixin.py:190} INFO - [2026-08-12T19:58:27.573+0000] {dagbag.py:386} ERROR - Failed to import: /opt/airflow/dags/dag_bronze.py
Traceback (most recent call last):
  File "/home/airflow/.local/lib/python3.12/site-packages/airflow/models/dagbag.py", line 382, in parse
    loader.exec_module(new_module)
  File "<frozen importlib._bootstrap_external>", line 995, in exec_module
  File "<frozen importlib._bootstrap>", line 488, in _call_with_frames_removed
  File "/opt/airflow/dags/dag_bronze.py", line 8, in <module>
    from bronze_customers import process_bronze_customers
ModuleNotFoundError: No module named 'bronze_customers'
[2026-08-12T19:58:27.584+0000] {processor.py:927} WARNING - No viable dags retrieved from /opt/airflow/dags/dag_bronze.py
[2026-08-12T19:58:27.610+0000] {processor.py:208} INFO - Processing /opt/airflow/dags/dag_bronze.py took 0.087 seconds
[2026-08-12T19:58:57.787+0000] {processor.py:186} INFO - Started process (PID=9070) to work on /opt/airflow/dags/dag_bronze.py
[2026-08-12T19:58:57.789+0000] {processor.py:914} INFO - Processing file /opt/airflow/dags/dag_bronze.py for tasks to queue
[2026-08-12T19:58:57.791+0000] {logging_mixin.py:190} INFO - [2026-08-12T19:58:57.790+0000] {dagbag.py:587} INFO - Filling up the DagBag from /opt/airflow/dags/dag_bronze.py
[2026-08-12T19:58:57.830+0000] {logging_mixin.py:190} INFO - [2026-08-12T19:58:57.822+0000] {dagbag.py:386} ERROR - Failed to import: /opt/airflow/dags/dag_bronze.py
Traceback (most recent call last):
  File "/home/airflow/.local/lib/python3.12/site-packages/airflow/models/dagbag.py", line 382, in parse
    loader.exec_module(new_module)
  File "<frozen importlib._bootstrap_external>", line 995, in exec_module
  File "<frozen importlib._bootstrap>", line 488, in _call_with_frames_removed
  File "/opt/airflow/dags/dag_bronze.py", line 8, in <module>
    from bronze_customers import process_bronze_customers
ModuleNotFoundError: No module named 'bronze_customers'
[2026-08-12T19:58:57.833+0000] {processor.py:927} WARNING - No viable dags retrieved from /opt/airflow/dags/dag_bronze.py
[2026-08-12T19:58:57.855+0000] {processor.py:208} INFO - Processing /opt/airflow/dags/dag_bronze.py took 0.075 seconds
[2026-08-12T19:59:28.573+0000] {processor.py:186} INFO - Started process (PID=9081) to work on /opt/airflow/dags/dag_bronze.py
[2026-08-12T19:59:28.575+0000] {processor.py:914} INFO - Processing file /opt/airflow/dags/dag_bronze.py for tasks to queue
[2026-08-12T19:59:28.579+0000] {logging_mixin.py:190} INFO - [2026-08-12T19:59:28.579+0000] {dagbag.py:587} INFO - Filling up the DagBag from /opt/airflow/dags/dag_bronze.py
[2026-08-12T19:59:28.650+0000] {logging_mixin.py:190} INFO - [2026-08-12T19:59:28.639+0000] {dagbag.py:386} ERROR - Failed to import: /opt/airflow/dags/dag_bronze.py
Traceback (most recent call last):
  File "/home/airflow/.local/lib/python3.12/site-packages/airflow/models/dagbag.py", line 382, in parse
    loader.exec_module(new_module)
  File "<frozen importlib._bootstrap_external>", line 995, in exec_module
  File "<frozen importlib._bootstrap>", line 488, in _call_with_frames_removed
  File "/opt/airflow/dags/dag_bronze.py", line 8, in <module>
    from bronze_customers import process_bronze_customers
ModuleNotFoundError: No module named 'bronze_customers'
[2026-08-12T19:59:28.654+0000] {processor.py:927} WARNING - No viable dags retrieved from /opt/airflow/dags/dag_bronze.py
[2026-08-12T19:59:28.689+0000] {processor.py:208} INFO - Processing /opt/airflow/dags/dag_bronze.py took 0.131 seconds
[2026-08-12T19:59:59.407+0000] {processor.py:186} INFO - Started process (PID=9092) to work on /opt/airflow/dags/dag_bronze.py
[2026-08-12T19:59:59.409+0000] {processor.py:914} INFO - Processing file /opt/airflow/dags/dag_bronze.py for tasks to queue
[2026-08-12T19:59:59.412+0000] {logging_mixin.py:190} INFO - [2026-08-12T19:59:59.412+0000] {dagbag.py:587} INFO - Filling up the DagBag from /opt/airflow/dags/dag_bronze.py
[2026-08-12T19:59:59.473+0000] {logging_mixin.py:190} INFO - [2026-08-12T19:59:59.463+0000] {dagbag.py:386} ERROR - Failed to import: /opt/airflow/dags/dag_bronze.py
Traceback (most recent call last):
  File "/home/airflow/.local/lib/python3.12/site-packages/airflow/models/dagbag.py", line 382, in parse
    loader.exec_module(new_module)
  File "<frozen importlib._bootstrap_external>", line 995, in exec_module
  File "<frozen importlib._bootstrap>", line 488, in _call_with_frames_removed
  File "/opt/airflow/dags/dag_bronze.py", line 8, in <module>
    from bronze_customers import process_bronze_customers
ModuleNotFoundError: No module named 'bronze_customers'
[2026-08-12T19:59:59.478+0000] {processor.py:927} WARNING - No viable dags retrieved from /opt/airflow/dags/dag_bronze.py
[2026-08-12T19:59:59.512+0000] {processor.py:208} INFO - Processing /opt/airflow/dags/dag_bronze.py took 0.117 seconds
[2026-08-12T20:00:30.507+0000] {processor.py:186} INFO - Started process (PID=9103) to work on /opt/airflow/dags/dag_bronze.py
[2026-08-12T20:00:30.509+0000] {processor.py:914} INFO - Processing file /opt/airflow/dags/dag_bronze.py for tasks to queue
[2026-08-12T20:00:30.511+0000] {logging_mixin.py:190} INFO - [2026-08-12T20:00:30.510+0000] {dagbag.py:587} INFO - Filling up the DagBag from /opt/airflow/dags/dag_bronze.py
[2026-08-12T20:00:30.547+0000] {logging_mixin.py:190} INFO - [2026-08-12T20:00:30.540+0000] {dagbag.py:386} ERROR - Failed to import: /opt/airflow/dags/dag_bronze.py
Traceback (most recent call last):
  File "/home/airflow/.local/lib/python3.12/site-packages/airflow/models/dagbag.py", line 382, in parse
    loader.exec_module(new_module)
  File "<frozen importlib._bootstrap_external>", line 995, in exec_module
  File "<frozen importlib._bootstrap>", line 488, in _call_with_frames_removed
  File "/opt/airflow/dags/dag_bronze.py", line 8, in <module>
    from bronze_customers import process_bronze_customers
ModuleNotFoundError: No module named 'bronze_customers'
[2026-08-12T20:00:30.550+0000] {processor.py:927} WARNING - No viable dags retrieved from /opt/airflow/dags/dag_bronze.py
[2026-08-12T20:00:30.569+0000] {processor.py:208} INFO - Processing /opt/airflow/dags/dag_bronze.py took 0.067 seconds
[2026-08-12T20:01:01.553+0000] {processor.py:186} INFO - Started process (PID=9114) to work on /opt/airflow/dags/dag_bronze.py
[2026-08-12T20:01:01.556+0000] {processor.py:914} INFO - Processing file /opt/airflow/dags/dag_bronze.py for tasks to queue
[2026-08-12T20:01:01.560+0000] {logging_mixin.py:190} INFO - [2026-08-12T20:01:01.559+0000] {dagbag.py:587} INFO - Filling up the DagBag from /opt/airflow/dags/dag_bronze.py
[2026-08-12T20:01:01.616+0000] {logging_mixin.py:190} INFO - [2026-08-12T20:01:01.603+0000] {dagbag.py:386} ERROR - Failed to import: /opt/airflow/dags/dag_bronze.py
Traceback (most recent call last):
  File "/home/airflow/.local/lib/python3.12/site-packages/airflow/models/dagbag.py", line 382, in parse
    loader.exec_module(new_module)
  File "<frozen importlib._bootstrap_external>", line 995, in exec_module
  File "<frozen importlib._bootstrap>", line 488, in _call_with_frames_removed
  File "/opt/airflow/dags/dag_bronze.py", line 8, in <module>
    from bronze_customers import process_bronze_customers
ModuleNotFoundError: No module named 'bronze_customers'
[2026-08-12T20:01:01.620+0000] {processor.py:927} WARNING - No viable dags retrieved from /opt/airflow/dags/dag_bronze.py
[2026-08-12T20:01:01.658+0000] {processor.py:208} INFO - Processing /opt/airflow/dags/dag_bronze.py took 0.116 seconds
[2026-08-12T20:01:32.386+0000] {processor.py:186} INFO - Started process (PID=9125) to work on /opt/airflow/dags/dag_bronze.py
[2026-08-12T20:01:32.388+0000] {processor.py:914} INFO - Processing file /opt/airflow/dags/dag_bronze.py for tasks to queue
[2026-08-12T20:01:32.392+0000] {logging_mixin.py:190} INFO - [2026-08-12T20:01:32.391+0000] {dagbag.py:587} INFO - Filling up the DagBag from /opt/airflow/dags/dag_bronze.py
[2026-08-12T20:01:32.432+0000] {logging_mixin.py:190} INFO - [2026-08-12T20:01:32.423+0000] {dagbag.py:386} ERROR - Failed to import: /opt/airflow/dags/dag_bronze.py
Traceback (most recent call last):
  File "/home/airflow/.local/lib/python3.12/site-packages/airflow/models/dagbag.py", line 382, in parse
    loader.exec_module(new_module)
  File "<frozen importlib._bootstrap_external>", line 995, in exec_module
  File "<frozen importlib._bootstrap>", line 488, in _call_with_frames_removed
  File "/opt/airflow/dags/dag_bronze.py", line 8, in <module>
    from bronze_customers import process_bronze_customers
ModuleNotFoundError: No module named 'bronze_customers'
[2026-08-12T20:01:32.435+0000] {processor.py:927} WARNING - No viable dags retrieved from /opt/airflow/dags/dag_bronze.py
[2026-08-12T20:01:32.471+0000] {processor.py:208} INFO - Processing /opt/airflow/dags/dag_bronze.py took 0.092 seconds
[2026-08-12T20:02:03.156+0000] {processor.py:186} INFO - Started process (PID=9129) to work on /opt/airflow/dags/dag_bronze.py
[2026-08-12T20:02:03.157+0000] {processor.py:914} INFO - Processing file /opt/airflow/dags/dag_bronze.py for tasks to queue
[2026-08-12T20:02:03.159+0000] {logging_mixin.py:190} INFO - [2026-08-12T20:02:03.158+0000] {dagbag.py:587} INFO - Filling up the DagBag from /opt/airflow/dags/dag_bronze.py
[2026-08-12T20:02:03.196+0000] {logging_mixin.py:190} INFO - [2026-08-12T20:02:03.189+0000] {dagbag.py:386} ERROR - Failed to import: /opt/airflow/dags/dag_bronze.py
Traceback (most recent call last):
  File "/home/airflow/.local/lib/python3.12/site-packages/airflow/models/dagbag.py", line 382, in parse
    loader.exec_module(new_module)
  File "<frozen importlib._bootstrap_external>", line 995, in exec_module
  File "<frozen importlib._bootstrap>", line 488, in _call_with_frames_removed
  File "/opt/airflow/dags/dag_bronze.py", line 8, in <module>
    from bronze_customers import process_bronze_customers
ModuleNotFoundError: No module named 'bronze_customers'
[2026-08-12T20:02:03.199+0000] {processor.py:927} WARNING - No viable dags retrieved from /opt/airflow/dags/dag_bronze.py
[2026-08-12T20:02:03.223+0000] {processor.py:208} INFO - Processing /opt/airflow/dags/dag_bronze.py took 0.072 seconds
[2026-08-12T20:02:34.139+0000] {processor.py:186} INFO - Started process (PID=9140) to work on /opt/airflow/dags/dag_bronze.py
[2026-08-12T20:02:34.152+0000] {processor.py:914} INFO - Processing file /opt/airflow/dags/dag_bronze.py for tasks to queue
[2026-08-12T20:02:34.160+0000] {logging_mixin.py:190} INFO - [2026-08-12T20:02:34.158+0000] {dagbag.py:587} INFO - Filling up the DagBag from /opt/airflow/dags/dag_bronze.py
[2026-08-12T20:02:34.312+0000] {logging_mixin.py:190} INFO - [2026-08-12T20:02:34.277+0000] {dagbag.py:386} ERROR - Failed to import: /opt/airflow/dags/dag_bronze.py
Traceback (most recent call last):
  File "/home/airflow/.local/lib/python3.12/site-packages/airflow/models/dagbag.py", line 382, in parse
    loader.exec_module(new_module)
  File "<frozen importlib._bootstrap_external>", line 995, in exec_module
  File "<frozen importlib._bootstrap>", line 488, in _call_with_frames_removed
  File "/opt/airflow/dags/dag_bronze.py", line 8, in <module>
    from bronze_customers import process_bronze_customers
ModuleNotFoundError: No module named 'bronze_customers'
[2026-08-12T20:02:34.324+0000] {processor.py:927} WARNING - No viable dags retrieved from /opt/airflow/dags/dag_bronze.py
[2026-08-12T20:02:34.517+0000] {processor.py:208} INFO - Processing /opt/airflow/dags/dag_bronze.py took 0.414 seconds
[2026-08-12T20:03:05.108+0000] {processor.py:186} INFO - Started process (PID=9151) to work on /opt/airflow/dags/dag_bronze.py
[2026-08-12T20:03:05.110+0000] {processor.py:914} INFO - Processing file /opt/airflow/dags/dag_bronze.py for tasks to queue
[2026-08-12T20:03:05.114+0000] {logging_mixin.py:190} INFO - [2026-08-12T20:03:05.114+0000] {dagbag.py:587} INFO - Filling up the DagBag from /opt/airflow/dags/dag_bronze.py
[2026-08-12T20:03:05.178+0000] {logging_mixin.py:190} INFO - [2026-08-12T20:03:05.168+0000] {dagbag.py:386} ERROR - Failed to import: /opt/airflow/dags/dag_bronze.py
Traceback (most recent call last):
  File "/home/airflow/.local/lib/python3.12/site-packages/airflow/models/dagbag.py", line 382, in parse
    loader.exec_module(new_module)
  File "<frozen importlib._bootstrap_external>", line 995, in exec_module
  File "<frozen importlib._bootstrap>", line 488, in _call_with_frames_removed
  File "/opt/airflow/dags/dag_bronze.py", line 8, in <module>
    from bronze_customers import process_bronze_customers
ModuleNotFoundError: No module named 'bronze_customers'
[2026-08-12T20:03:05.183+0000] {processor.py:927} WARNING - No viable dags retrieved from /opt/airflow/dags/dag_bronze.py
[2026-08-12T20:03:05.215+0000] {processor.py:208} INFO - Processing /opt/airflow/dags/dag_bronze.py took 0.115 seconds
[2026-08-12T20:03:35.759+0000] {processor.py:186} INFO - Started process (PID=9162) to work on /opt/airflow/dags/dag_bronze.py
[2026-08-12T20:03:35.764+0000] {processor.py:914} INFO - Processing file /opt/airflow/dags/dag_bronze.py for tasks to queue
[2026-08-12T20:03:35.771+0000] {logging_mixin.py:190} INFO - [2026-08-12T20:03:35.770+0000] {dagbag.py:587} INFO - Filling up the DagBag from /opt/airflow/dags/dag_bronze.py
[2026-08-12T20:03:35.863+0000] {logging_mixin.py:190} INFO - [2026-08-12T20:03:35.844+0000] {dagbag.py:386} ERROR - Failed to import: /opt/airflow/dags/dag_bronze.py
Traceback (most recent call last):
  File "/home/airflow/.local/lib/python3.12/site-packages/airflow/models/dagbag.py", line 382, in parse
    loader.exec_module(new_module)
  File "<frozen importlib._bootstrap_external>", line 995, in exec_module
  File "<frozen importlib._bootstrap>", line 488, in _call_with_frames_removed
  File "/opt/airflow/dags/dag_bronze.py", line 8, in <module>
    from bronze_customers import process_bronze_customers
ModuleNotFoundError: No module named 'bronze_customers'
[2026-08-12T20:03:35.872+0000] {processor.py:927} WARNING - No viable dags retrieved from /opt/airflow/dags/dag_bronze.py
[2026-08-12T20:03:35.956+0000] {processor.py:208} INFO - Processing /opt/airflow/dags/dag_bronze.py took 0.231 seconds
[2026-08-12T20:04:06.605+0000] {processor.py:186} INFO - Started process (PID=9173) to work on /opt/airflow/dags/dag_bronze.py
[2026-08-12T20:04:06.607+0000] {processor.py:914} INFO - Processing file /opt/airflow/dags/dag_bronze.py for tasks to queue
[2026-08-12T20:04:06.611+0000] {logging_mixin.py:190} INFO - [2026-08-12T20:04:06.610+0000] {dagbag.py:587} INFO - Filling up the DagBag from /opt/airflow/dags/dag_bronze.py
[2026-08-12T20:04:06.678+0000] {logging_mixin.py:190} INFO - [2026-08-12T20:04:06.666+0000] {dagbag.py:386} ERROR - Failed to import: /opt/airflow/dags/dag_bronze.py
Traceback (most recent call last):
  File "/home/airflow/.local/lib/python3.12/site-packages/airflow/models/dagbag.py", line 382, in parse
    loader.exec_module(new_module)
  File "<frozen importlib._bootstrap_external>", line 995, in exec_module
  File "<frozen importlib._bootstrap>", line 488, in _call_with_frames_removed
  File "/opt/airflow/dags/dag_bronze.py", line 8, in <module>
    from bronze_customers import process_bronze_customers
ModuleNotFoundError: No module named 'bronze_customers'
[2026-08-12T20:04:06.682+0000] {processor.py:927} WARNING - No viable dags retrieved from /opt/airflow/dags/dag_bronze.py
[2026-08-12T20:04:06.731+0000] {processor.py:208} INFO - Processing /opt/airflow/dags/dag_bronze.py took 0.145 seconds
[2026-08-12T20:04:37.018+0000] {processor.py:186} INFO - Started process (PID=9184) to work on /opt/airflow/dags/dag_bronze.py
[2026-08-12T20:04:37.020+0000] {processor.py:914} INFO - Processing file /opt/airflow/dags/dag_bronze.py for tasks to queue
[2026-08-12T20:04:37.024+0000] {logging_mixin.py:190} INFO - [2026-08-12T20:04:37.024+0000] {dagbag.py:587} INFO - Filling up the DagBag from /opt/airflow/dags/dag_bronze.py
[2026-08-12T20:04:37.089+0000] {logging_mixin.py:190} INFO - [2026-08-12T20:04:37.076+0000] {dagbag.py:386} ERROR - Failed to import: /opt/airflow/dags/dag_bronze.py
Traceback (most recent call last):
  File "/home/airflow/.local/lib/python3.12/site-packages/airflow/models/dagbag.py", line 382, in parse
    loader.exec_module(new_module)
  File "<frozen importlib._bootstrap_external>", line 995, in exec_module
  File "<frozen importlib._bootstrap>", line 488, in _call_with_frames_removed
  File "/opt/airflow/dags/dag_bronze.py", line 8, in <module>
    from bronze_customers import process_bronze_customers
ModuleNotFoundError: No module named 'bronze_customers'
[2026-08-12T20:04:37.095+0000] {processor.py:927} WARNING - No viable dags retrieved from /opt/airflow/dags/dag_bronze.py
[2026-08-12T20:04:37.127+0000] {processor.py:208} INFO - Processing /opt/airflow/dags/dag_bronze.py took 0.117 seconds
[2026-08-12T20:05:07.458+0000] {processor.py:186} INFO - Started process (PID=9195) to work on /opt/airflow/dags/dag_bronze.py
[2026-08-12T20:05:07.461+0000] {processor.py:914} INFO - Processing file /opt/airflow/dags/dag_bronze.py for tasks to queue
[2026-08-12T20:05:07.467+0000] {logging_mixin.py:190} INFO - [2026-08-12T20:05:07.466+0000] {dagbag.py:587} INFO - Filling up the DagBag from /opt/airflow/dags/dag_bronze.py
[2026-08-12T20:05:07.544+0000] {logging_mixin.py:190} INFO - [2026-08-12T20:05:07.525+0000] {dagbag.py:386} ERROR - Failed to import: /opt/airflow/dags/dag_bronze.py
Traceback (most recent call last):
  File "/home/airflow/.local/lib/python3.12/site-packages/airflow/models/dagbag.py", line 382, in parse
    loader.exec_module(new_module)
  File "<frozen importlib._bootstrap_external>", line 995, in exec_module
  File "<frozen importlib._bootstrap>", line 488, in _call_with_frames_removed
  File "/opt/airflow/dags/dag_bronze.py", line 8, in <module>
    from bronze_customers import process_bronze_customers
ModuleNotFoundError: No module named 'bronze_customers'
[2026-08-12T20:05:07.552+0000] {processor.py:927} WARNING - No viable dags retrieved from /opt/airflow/dags/dag_bronze.py
[2026-08-12T20:05:07.629+0000] {processor.py:208} INFO - Processing /opt/airflow/dags/dag_bronze.py took 0.195 seconds
[2026-08-12T20:05:38.240+0000] {processor.py:186} INFO - Started process (PID=9199) to work on /opt/airflow/dags/dag_bronze.py
[2026-08-12T20:05:38.242+0000] {processor.py:914} INFO - Processing file /opt/airflow/dags/dag_bronze.py for tasks to queue
[2026-08-12T20:05:38.244+0000] {logging_mixin.py:190} INFO - [2026-08-12T20:05:38.244+0000] {dagbag.py:587} INFO - Filling up the DagBag from /opt/airflow/dags/dag_bronze.py
[2026-08-12T20:05:38.310+0000] {logging_mixin.py:190} INFO - [2026-08-12T20:05:38.294+0000] {dagbag.py:386} ERROR - Failed to import: /opt/airflow/dags/dag_bronze.py
Traceback (most recent call last):
  File "/home/airflow/.local/lib/python3.12/site-packages/airflow/models/dagbag.py", line 382, in parse
    loader.exec_module(new_module)
  File "<frozen importlib._bootstrap_external>", line 995, in exec_module
  File "<frozen importlib._bootstrap>", line 488, in _call_with_frames_removed
  File "/opt/airflow/dags/dag_bronze.py", line 8, in <module>
    from bronze_customers import process_bronze_customers
ModuleNotFoundError: No module named 'bronze_customers'
[2026-08-12T20:05:38.315+0000] {processor.py:927} WARNING - No viable dags retrieved from /opt/airflow/dags/dag_bronze.py
[2026-08-12T20:05:38.383+0000] {processor.py:208} INFO - Processing /opt/airflow/dags/dag_bronze.py took 0.151 seconds
[2026-08-12T20:06:08.593+0000] {processor.py:186} INFO - Started process (PID=9210) to work on /opt/airflow/dags/dag_bronze.py
[2026-08-12T20:06:08.594+0000] {processor.py:914} INFO - Processing file /opt/airflow/dags/dag_bronze.py for tasks to queue
[2026-08-12T20:06:08.596+0000] {logging_mixin.py:190} INFO - [2026-08-12T20:06:08.596+0000] {dagbag.py:587} INFO - Filling up the DagBag from /opt/airflow/dags/dag_bronze.py
[2026-08-12T20:06:08.641+0000] {logging_mixin.py:190} INFO - [2026-08-12T20:06:08.633+0000] {dagbag.py:386} ERROR - Failed to import: /opt/airflow/dags/dag_bronze.py
Traceback (most recent call last):
  File "/home/airflow/.local/lib/python3.12/site-packages/airflow/models/dagbag.py", line 382, in parse
    loader.exec_module(new_module)
  File "<frozen importlib._bootstrap_external>", line 995, in exec_module
  File "<frozen importlib._bootstrap>", line 488, in _call_with_frames_removed
  File "/opt/airflow/dags/dag_bronze.py", line 8, in <module>
    from bronze_customers import process_bronze_customers
ModuleNotFoundError: No module named 'bronze_customers'
[2026-08-12T20:06:08.645+0000] {processor.py:927} WARNING - No viable dags retrieved from /opt/airflow/dags/dag_bronze.py
[2026-08-12T20:06:08.675+0000] {processor.py:208} INFO - Processing /opt/airflow/dags/dag_bronze.py took 0.091 seconds
[2026-08-12T20:06:39.457+0000] {processor.py:186} INFO - Started process (PID=9221) to work on /opt/airflow/dags/dag_bronze.py
[2026-08-12T20:06:39.458+0000] {processor.py:914} INFO - Processing file /opt/airflow/dags/dag_bronze.py for tasks to queue
[2026-08-12T20:06:39.461+0000] {logging_mixin.py:190} INFO - [2026-08-12T20:06:39.460+0000] {dagbag.py:587} INFO - Filling up the DagBag from /opt/airflow/dags/dag_bronze.py
[2026-08-12T20:06:39.505+0000] {logging_mixin.py:190} INFO - [2026-08-12T20:06:39.496+0000] {dagbag.py:386} ERROR - Failed to import: /opt/airflow/dags/dag_bronze.py
Traceback (most recent call last):
  File "/home/airflow/.local/lib/python3.12/site-packages/airflow/models/dagbag.py", line 382, in parse
    loader.exec_module(new_module)
  File "<frozen importlib._bootstrap_external>", line 995, in exec_module
  File "<frozen importlib._bootstrap>", line 488, in _call_with_frames_removed
  File "/opt/airflow/dags/dag_bronze.py", line 8, in <module>
    from bronze_customers import process_bronze_customers
ModuleNotFoundError: No module named 'bronze_customers'
[2026-08-12T20:06:39.508+0000] {processor.py:927} WARNING - No viable dags retrieved from /opt/airflow/dags/dag_bronze.py
[2026-08-12T20:06:39.541+0000] {processor.py:208} INFO - Processing /opt/airflow/dags/dag_bronze.py took 0.093 seconds
