[2026-08-12T21:09:12.511+0000] {local_task_job_runner.py:123} INFO - ::group::Pre task execution logs
[2026-08-12T21:09:12.712+0000] {taskinstance.py:2603} INFO - Dependencies all met for dep_context=non-requeueable deps ti=<TaskInstance: pipeline_lakehouse_medallion.bronze_customers manual__2026-08-12T20:20:54.952834+00:00 [queued]>
[2026-08-12T21:09:12.777+0000] {taskinstance.py:2603} INFO - Dependencies all met for dep_context=requeueable deps ti=<TaskInstance: pipeline_lakehouse_medallion.bronze_customers manual__2026-08-12T20:20:54.952834+00:00 [queued]>
[2026-08-12T21:09:12.784+0000] {taskinstance.py:2856} INFO - Starting attempt 2 of 2
[2026-08-12T21:09:12.940+0000] {taskinstance.py:2879} INFO - Executing <Task(BashOperator): bronze_customers> on 2026-08-12 20:20:54.952834+00:00
[2026-08-12T21:09:12.981+0000] {warnings.py:112} WARNING - /home/***/.local/lib/python3.12/site-packages/***/task/task_runner/standard_task_runner.py:70: DeprecationWarning: This process (pid=7657) is multi-threaded, use of fork() may lead to deadlocks in the child.
  pid = os.fork()

[2026-08-12T21:09:13.000+0000] {standard_task_runner.py:72} INFO - Started process 7666 to run task
[2026-08-12T21:09:13.014+0000] {standard_task_runner.py:104} INFO - Running: ['***', 'tasks', 'run', 'pipeline_lakehouse_medallion', 'bronze_customers', 'manual__2026-08-12T20:20:54.952834+00:00', '--job-id', '41', '--raw', '--subdir', 'DAGS_FOLDER/dag_lakehouse_pipeline.py', '--cfg-path', '/tmp/tmp92dui3jg']
[2026-08-12T21:09:13.018+0000] {standard_task_runner.py:105} INFO - Job 41: Subtask bronze_customers
[2026-08-12T21:09:13.363+0000] {task_command.py:467} INFO - Running <TaskInstance: pipeline_lakehouse_medallion.bronze_customers manual__2026-08-12T20:20:54.952834+00:00 [running]> on host 4099a95615c9
[2026-08-12T21:09:13.723+0000] {taskinstance.py:3122} INFO - Exporting env vars: AIRFLOW_CTX_DAG_OWNER='engenharia_dados' AIRFLOW_CTX_DAG_ID='pipeline_lakehouse_medallion' AIRFLOW_CTX_TASK_ID='bronze_customers' AIRFLOW_CTX_EXECUTION_DATE='2026-08-12T20:20:54.952834+00:00' AIRFLOW_CTX_TRY_NUMBER='2' AIRFLOW_CTX_DAG_RUN_ID='manual__2026-08-12T20:20:54.952834+00:00'
[2026-08-12T21:09:13.729+0000] {taskinstance.py:731} INFO - ::endgroup::
[2026-08-12T21:09:13.862+0000] {subprocess.py:63} INFO - Tmp dir root location: /tmp
[2026-08-12T21:09:13.883+0000] {subprocess.py:75} INFO - Running command: ['/usr/bin/bash', '-c', 'python3 /opt/***/dags/scripts/bronze_customers.py']
[2026-08-12T21:09:13.998+0000] {subprocess.py:86} INFO - Output:
[2026-08-12T21:09:19.229+0000] {subprocess.py:93} INFO - /home/***/.local/lib/python3.12/site-packages/pyspark/bin/load-spark-env.sh: line 68: ps: command not found
[2026-08-12T21:10:40.254+0000] {subprocess.py:93} INFO - Setting default log level to "WARN".
[2026-08-12T21:10:40.333+0000] {subprocess.py:93} INFO - To adjust logging level use sc.setLogLevel(newLevel). For SparkR, use setLogLevel(newLevel).
[2026-08-12T21:10:53.883+0000] {subprocess.py:93} INFO - 26/08/12 21:10:53 WARN NativeCodeLoader: Unable to load native-hadoop library for your platform... using builtin-java classes where applicable
[2026-08-12T21:13:08.797+0000] {subprocess.py:93} INFO - 26/08/12 21:13:08 WARN Executor: Issue communicating with driver in heartbeater
[2026-08-12T21:13:08.877+0000] {subprocess.py:93} INFO - org.apache.spark.SparkException: Exception thrown in awaitResult:
[2026-08-12T21:13:08.897+0000] {subprocess.py:93} INFO - 	at org.apache.spark.util.SparkThreadUtils$.awaitResult(SparkThreadUtils.scala:56)
[2026-08-12T21:13:08.924+0000] {subprocess.py:93} INFO - 	at org.apache.spark.util.ThreadUtils$.awaitResult(ThreadUtils.scala:310)
[2026-08-12T21:13:08.952+0000] {subprocess.py:93} INFO - 	at org.apache.spark.rpc.RpcTimeout.awaitResult(RpcTimeout.scala:75)
[2026-08-12T21:13:09.029+0000] {subprocess.py:93} INFO - 	at org.apache.spark.rpc.RpcEndpointRef.askSync(RpcEndpointRef.scala:101)
[2026-08-12T21:13:09.091+0000] {subprocess.py:93} INFO - 	at org.apache.spark.rpc.RpcEndpointRef.askSync(RpcEndpointRef.scala:85)
[2026-08-12T21:13:09.193+0000] {subprocess.py:93} INFO - 	at org.apache.spark.storage.BlockManagerMaster.registerBlockManager(BlockManagerMaster.scala:80)
[2026-08-12T21:13:09.357+0000] {subprocess.py:93} INFO - 	at org.apache.spark.storage.BlockManager.reregister(BlockManager.scala:642)
[2026-08-12T21:13:09.441+0000] {subprocess.py:93} INFO - 	at org.apache.spark.executor.Executor.reportHeartBeat(Executor.scala:1223)
[2026-08-12T21:13:09.521+0000] {subprocess.py:93} INFO - 	at org.apache.spark.executor.Executor.$anonfun$heartbeater$1(Executor.scala:295)
[2026-08-12T21:13:09.993+0000] {subprocess.py:93} INFO - 	at scala.runtime.java8.JFunction0$mcV$sp.apply(JFunction0$mcV$sp.java:23)
[2026-08-12T21:13:10.148+0000] {subprocess.py:93} INFO - 	at org.apache.spark.util.Utils$.logUncaughtExceptions(Utils.scala:1928)
[2026-08-12T21:13:10.236+0000] {subprocess.py:93} INFO - 	at org.apache.spark.Heartbeater$$anon$1.run(Heartbeater.scala:46)
[2026-08-12T21:13:10.260+0000] {subprocess.py:93} INFO - 	at java.base/java.util.concurrent.Executors$RunnableAdapter.call(Executors.java:539)
[2026-08-12T21:13:10.328+0000] {subprocess.py:93} INFO - 	at java.base/java.util.concurrent.FutureTask.runAndReset(FutureTask.java:305)
[2026-08-12T21:13:10.412+0000] {subprocess.py:93} INFO - 	at java.base/java.util.concurrent.ScheduledThreadPoolExecutor$ScheduledFutureTask.run(ScheduledThreadPoolExecutor.java:305)
[2026-08-12T21:13:10.501+0000] {subprocess.py:93} INFO - 	at java.base/java.util.concurrent.ThreadPoolExecutor.runWorker(ThreadPoolExecutor.java:1136)
[2026-08-12T21:13:10.621+0000] {subprocess.py:93} INFO - 	at java.base/java.util.concurrent.ThreadPoolExecutor$Worker.run(ThreadPoolExecutor.java:635)
[2026-08-12T21:13:10.729+0000] {subprocess.py:93} INFO - 	at java.base/java.lang.Thread.run(Thread.java:840)
[2026-08-12T21:13:10.779+0000] {subprocess.py:93} INFO - Caused by: org.apache.spark.SparkException: Exception thrown in awaitResult:
[2026-08-12T21:13:10.916+0000] {subprocess.py:93} INFO - 	at org.apache.spark.util.SparkThreadUtils$.awaitResult(SparkThreadUtils.scala:56)
[2026-08-12T21:13:11.013+0000] {subprocess.py:93} INFO - 	at org.apache.spark.util.ThreadUtils$.awaitResult(ThreadUtils.scala:310)
[2026-08-12T21:13:11.075+0000] {subprocess.py:93} INFO - 	at org.apache.spark.rpc.RpcTimeout.awaitResult(RpcTimeout.scala:75)
[2026-08-12T21:13:11.100+0000] {subprocess.py:93} INFO - 	at org.apache.spark.rpc.RpcEnv.setupEndpointRefByURI(RpcEnv.scala:102)
[2026-08-12T21:13:11.125+0000] {subprocess.py:93} INFO - 	at org.apache.spark.rpc.RpcEnv.setupEndpointRef(RpcEnv.scala:110)
[2026-08-12T21:13:11.144+0000] {subprocess.py:93} INFO - 	at org.apache.spark.util.RpcUtils$.makeDriverRef(RpcUtils.scala:36)
[2026-08-12T21:13:11.171+0000] {subprocess.py:93} INFO - 	at org.apache.spark.storage.BlockManagerMasterEndpoint.driverEndpoint$lzycompute(BlockManagerMasterEndpoint.scala:124)
[2026-08-12T21:13:11.184+0000] {subprocess.py:93} INFO - 	at org.apache.spark.storage.BlockManagerMasterEndpoint.org$apache$spark$storage$BlockManagerMasterEndpoint$$driverEndpoint(BlockManagerMasterEndpoint.scala:123)
[2026-08-12T21:13:11.207+0000] {subprocess.py:93} INFO - 	at org.apache.spark.storage.BlockManagerMasterEndpoint.isExecutorAlive$lzycompute$1(BlockManagerMasterEndpoint.scala:688)
[2026-08-12T21:13:16.451+0000] {subprocess.py:93} INFO - 	at org.apache.spark.storage.BlockManagerMasterEndpoint.isExecutorAlive$1(BlockManagerMasterEndpoint.scala:687)
[2026-08-12T21:13:16.582+0000] {subprocess.py:93} INFO - 	at org.apache.spark.storage.BlockManagerMasterEndpoint.org$apache$spark$storage$BlockManagerMasterEndpoint$$register(BlockManagerMasterEndpoint.scala:725)
[2026-08-12T21:13:16.728+0000] {subprocess.py:93} INFO - 	at org.apache.spark.storage.BlockManagerMasterEndpoint$$anonfun$receiveAndReply$1.applyOrElse(BlockManagerMasterEndpoint.scala:133)
[2026-08-12T21:13:16.788+0000] {subprocess.py:93} INFO - 	at org.apache.spark.rpc.netty.Inbox.$anonfun$process$1(Inbox.scala:103)
[2026-08-12T21:13:20.147+0000] {subprocess.py:93} INFO - 	at org.apache.spark.rpc.netty.Inbox.safelyCall(Inbox.scala:213)
[2026-08-12T21:13:20.262+0000] {subprocess.py:93} INFO - 	at org.apache.spark.rpc.netty.Inbox.process(Inbox.scala:100)
[2026-08-12T21:13:20.313+0000] {subprocess.py:93} INFO - 	at org.apache.spark.rpc.netty.MessageLoop.org$apache$spark$rpc$netty$MessageLoop$$receiveLoop(MessageLoop.scala:75)
[2026-08-12T21:13:20.329+0000] {subprocess.py:93} INFO - 	at org.apache.spark.rpc.netty.MessageLoop$$anon$1.run(MessageLoop.scala:41)
[2026-08-12T21:13:20.598+0000] {subprocess.py:93} INFO - 	... 3 more
[2026-08-12T21:13:20.935+0000] {subprocess.py:93} INFO - Caused by: org.apache.spark.rpc.RpcEndpointNotFoundException: Cannot find endpoint: spark://CoarseGrainedScheduler@4099a95615c9:45169
[2026-08-12T21:13:21.425+0000] {subprocess.py:93} INFO - 	at org.apache.spark.rpc.netty.NettyRpcEnv.$anonfun$asyncSetupEndpointRefByURI$1(NettyRpcEnv.scala:148)
[2026-08-12T21:13:21.508+0000] {subprocess.py:93} INFO - 	at org.apache.spark.rpc.netty.NettyRpcEnv.$anonfun$asyncSetupEndpointRefByURI$1$adapted(NettyRpcEnv.scala:144)
[2026-08-12T21:13:21.608+0000] {subprocess.py:93} INFO - 	at scala.concurrent.Future.$anonfun$flatMap$1(Future.scala:307)
[2026-08-12T21:13:21.829+0000] {subprocess.py:93} INFO - 	at scala.concurrent.impl.Promise.$anonfun$transformWith$1(Promise.scala:41)
[2026-08-12T21:13:21.939+0000] {subprocess.py:93} INFO - 	at scala.concurrent.impl.CallbackRunnable.run(Promise.scala:64)
[2026-08-12T21:13:21.970+0000] {subprocess.py:93} INFO - 	at org.apache.spark.util.ThreadUtils$$anon$1.execute(ThreadUtils.scala:99)
[2026-08-12T21:13:21.998+0000] {subprocess.py:93} INFO - 	at scala.concurrent.impl.ExecutionContextImpl$$anon$4.execute(ExecutionContextImpl.scala:138)
[2026-08-12T21:13:22.140+0000] {subprocess.py:93} INFO - 	at scala.concurrent.impl.CallbackRunnable.executeWithValue(Promise.scala:72)
[2026-08-12T21:13:22.380+0000] {subprocess.py:93} INFO - 	at scala.concurrent.impl.Promise$DefaultPromise.$anonfun$tryComplete$1(Promise.scala:288)
[2026-08-12T21:13:22.728+0000] {subprocess.py:93} INFO - 	at scala.concurrent.impl.Promise$DefaultPromise.$anonfun$tryComplete$1$adapted(Promise.scala:288)
[2026-08-12T21:13:22.735+0000] {subprocess.py:93} INFO - 	at scala.concurrent.impl.Promise$DefaultPromise.tryComplete(Promise.scala:288)
[2026-08-12T21:13:22.748+0000] {subprocess.py:93} INFO - 	at scala.concurrent.Promise.complete(Promise.scala:53)
[2026-08-12T21:13:22.767+0000] {subprocess.py:93} INFO - 	at scala.concurrent.Promise.complete$(Promise.scala:52)
[2026-08-12T21:13:22.806+0000] {subprocess.py:93} INFO - 	at scala.concurrent.impl.Promise$DefaultPromise.complete(Promise.scala:187)
[2026-08-12T21:13:23.118+0000] {subprocess.py:93} INFO - 	at scala.concurrent.impl.Promise.$anonfun$transform$1(Promise.scala:33)
[2026-08-12T21:13:23.157+0000] {subprocess.py:93} INFO - 	at scala.concurrent.impl.CallbackRunnable.run(Promise.scala:64)
[2026-08-12T21:13:23.174+0000] {subprocess.py:93} INFO - 	at org.apache.spark.util.ThreadUtils$$anon$1.execute(ThreadUtils.scala:99)
[2026-08-12T21:13:23.291+0000] {subprocess.py:93} INFO - 	at scala.concurrent.impl.ExecutionContextImpl$$anon$4.execute(ExecutionContextImpl.scala:138)
[2026-08-12T21:13:23.357+0000] {subprocess.py:93} INFO - 	at scala.concurrent.impl.CallbackRunnable.executeWithValue(Promise.scala:72)
[2026-08-12T21:13:23.547+0000] {subprocess.py:93} INFO - 	at scala.concurrent.impl.Promise$DefaultPromise.$anonfun$tryComplete$1(Promise.scala:288)
[2026-08-12T21:13:23.683+0000] {subprocess.py:93} INFO - 	at scala.concurrent.impl.Promise$DefaultPromise.$anonfun$tryComplete$1$adapted(Promise.scala:288)
[2026-08-12T21:13:23.714+0000] {subprocess.py:93} INFO - 	at scala.concurrent.impl.Promise$DefaultPromise.tryComplete(Promise.scala:288)
[2026-08-12T21:13:23.773+0000] {subprocess.py:93} INFO - 	at scala.concurrent.Promise.complete(Promise.scala:53)
[2026-08-12T21:13:23.834+0000] {subprocess.py:93} INFO - 	at scala.concurrent.Promise.complete$(Promise.scala:52)
[2026-08-12T21:13:23.895+0000] {subprocess.py:93} INFO - 	at scala.concurrent.impl.Promise$DefaultPromise.complete(Promise.scala:187)
[2026-08-12T21:13:24.896+0000] {subprocess.py:93} INFO - 	at scala.concurrent.impl.Promise.$anonfun$transform$1(Promise.scala:33)
[2026-08-12T21:13:26.406+0000] {subprocess.py:93} INFO - 	at scala.concurrent.impl.CallbackRunnable.run(Promise.scala:64)
[2026-08-12T21:13:26.586+0000] {subprocess.py:93} INFO - 	at scala.concurrent.BatchingExecutor$Batch.processBatch$1(BatchingExecutor.scala:67)
[2026-08-12T21:13:26.635+0000] {subprocess.py:93} INFO - 	at scala.concurrent.BatchingExecutor$Batch.$anonfun$run$1(BatchingExecutor.scala:82)
[2026-08-12T21:13:27.829+0000] {subprocess.py:93} INFO - 	at scala.runtime.java8.JFunction0$mcV$sp.apply(JFunction0$mcV$sp.java:23)
[2026-08-12T21:13:28.040+0000] {subprocess.py:93} INFO - 	at scala.concurrent.BlockContext$.withBlockContext(BlockContext.scala:85)
[2026-08-12T21:13:28.393+0000] {subprocess.py:93} INFO - 	at scala.concurrent.BatchingExecutor$Batch.run(BatchingExecutor.scala:59)
[2026-08-12T21:13:28.423+0000] {subprocess.py:93} INFO - 	at scala.concurrent.Future$InternalCallbackExecutor$.unbatchedExecute(Future.scala:875)
[2026-08-12T21:13:28.559+0000] {subprocess.py:93} INFO - 	at scala.concurrent.BatchingExecutor.execute(BatchingExecutor.scala:110)
[2026-08-12T21:13:28.578+0000] {subprocess.py:93} INFO - 	at scala.concurrent.BatchingExecutor.execute$(BatchingExecutor.scala:107)
[2026-08-12T21:13:28.618+0000] {subprocess.py:93} INFO - 	at scala.concurrent.Future$InternalCallbackExecutor$.execute(Future.scala:873)
[2026-08-12T21:13:28.634+0000] {subprocess.py:93} INFO - 	at scala.concurrent.impl.CallbackRunnable.executeWithValue(Promise.scala:72)
[2026-08-12T21:13:28.811+0000] {subprocess.py:93} INFO - 	at scala.concurrent.impl.Promise$DefaultPromise.$anonfun$tryComplete$1(Promise.scala:288)
[2026-08-12T21:13:28.828+0000] {subprocess.py:93} INFO - 	at scala.concurrent.impl.Promise$DefaultPromise.$anonfun$tryComplete$1$adapted(Promise.scala:288)
[2026-08-12T21:13:28.844+0000] {subprocess.py:93} INFO - 	at scala.concurrent.impl.Promise$DefaultPromise.tryComplete(Promise.scala:288)
[2026-08-12T21:13:28.882+0000] {subprocess.py:93} INFO - 	at scala.concurrent.Promise.trySuccess(Promise.scala:94)
[2026-08-12T21:13:18.626+0000] {job.py:229} INFO - Heartbeat recovered after 12.53 seconds
[2026-08-12T21:13:28.948+0000] {subprocess.py:93} INFO - 	at scala.concurrent.Promise.trySuccess$(Promise.scala:94)
[2026-08-12T21:13:29.248+0000] {subprocess.py:93} INFO - 	at scala.concurrent.impl.Promise$DefaultPromise.trySuccess(Promise.scala:187)
[2026-08-12T21:13:29.488+0000] {subprocess.py:93} INFO - 	at org.apache.spark.rpc.netty.NettyRpcEnv.onSuccess$1(NettyRpcEnv.scala:225)
[2026-08-12T21:13:29.547+0000] {subprocess.py:93} INFO - 	at org.apache.spark.rpc.netty.NettyRpcEnv.$anonfun$askAbortable$5(NettyRpcEnv.scala:239)
[2026-08-12T21:13:30.203+0000] {subprocess.py:93} INFO - 	at org.apache.spark.rpc.netty.NettyRpcEnv.$anonfun$askAbortable$5$adapted(NettyRpcEnv.scala:238)
[2026-08-12T21:13:30.243+0000] {subprocess.py:93} INFO - 	at scala.concurrent.impl.CallbackRunnable.run(Promise.scala:64)
[2026-08-12T21:13:30.290+0000] {subprocess.py:93} INFO - 	at org.apache.spark.util.ThreadUtils$$anon$1.execute(ThreadUtils.scala:99)
[2026-08-12T21:13:30.338+0000] {subprocess.py:93} INFO - 	at scala.concurrent.impl.ExecutionContextImpl$$anon$4.execute(ExecutionContextImpl.scala:138)
[2026-08-12T21:13:30.417+0000] {subprocess.py:93} INFO - 	at scala.concurrent.impl.CallbackRunnable.executeWithValue(Promise.scala:72)
[2026-08-12T21:13:30.433+0000] {subprocess.py:93} INFO - 	at scala.concurrent.impl.Promise$DefaultPromise.$anonfun$tryComplete$1(Promise.scala:288)
[2026-08-12T21:13:30.466+0000] {subprocess.py:93} INFO - 	at scala.concurrent.impl.Promise$DefaultPromise.$anonfun$tryComplete$1$adapted(Promise.scala:288)
[2026-08-12T21:13:30.599+0000] {subprocess.py:93} INFO - 	at scala.concurrent.impl.Promise$DefaultPromise.tryComplete(Promise.scala:288)
[2026-08-12T21:13:30.672+0000] {subprocess.py:93} INFO - 	at scala.concurrent.Promise.complete(Promise.scala:53)
[2026-08-12T21:13:30.761+0000] {subprocess.py:93} INFO - 	at scala.concurrent.Promise.complete$(Promise.scala:52)
[2026-08-12T21:13:30.795+0000] {subprocess.py:93} INFO - 	at scala.concurrent.impl.Promise$DefaultPromise.complete(Promise.scala:187)
[2026-08-12T21:13:31.105+0000] {subprocess.py:93} INFO - 	at scala.concurrent.Promise.success(Promise.scala:86)
[2026-08-12T21:13:31.121+0000] {subprocess.py:93} INFO - 	at scala.concurrent.Promise.success$(Promise.scala:86)
[2026-08-12T21:13:31.137+0000] {subprocess.py:93} INFO - 	at scala.concurrent.impl.Promise$DefaultPromise.success(Promise.scala:187)
[2026-08-12T21:13:31.148+0000] {subprocess.py:93} INFO - 	at org.apache.spark.rpc.netty.LocalNettyRpcCallContext.send(NettyRpcCallContext.scala:50)
[2026-08-12T21:13:31.168+0000] {subprocess.py:93} INFO - 	at org.apache.spark.rpc.netty.NettyRpcCallContext.reply(NettyRpcCallContext.scala:32)
[2026-08-12T21:13:31.180+0000] {subprocess.py:93} INFO - 	at org.apache.spark.rpc.netty.RpcEndpointVerifier$$anonfun$receiveAndReply$1.applyOrElse(RpcEndpointVerifier.scala:31)
[2026-08-12T21:13:31.223+0000] {subprocess.py:93} INFO - 	... 8 more
[2026-08-12T21:13:31.356+0000] {subprocess.py:93} INFO - 26/08/12 21:13:08 ERROR Inbox: Ignoring error
[2026-08-12T21:13:31.372+0000] {subprocess.py:93} INFO - org.apache.spark.SparkException: Exception thrown in awaitResult:
[2026-08-12T21:13:31.389+0000] {subprocess.py:93} INFO - 	at org.apache.spark.util.SparkThreadUtils$.awaitResult(SparkThreadUtils.scala:56)
[2026-08-12T21:13:31.421+0000] {subprocess.py:93} INFO - 	at org.apache.spark.util.ThreadUtils$.awaitResult(ThreadUtils.scala:310)
[2026-08-12T21:13:31.452+0000] {subprocess.py:93} INFO - 	at org.apache.spark.rpc.RpcTimeout.awaitResult(RpcTimeout.scala:75)
[2026-08-12T21:13:31.838+0000] {subprocess.py:93} INFO - 	at org.apache.spark.rpc.RpcEnv.setupEndpointRefByURI(RpcEnv.scala:102)
[2026-08-12T21:13:32.466+0000] {subprocess.py:93} INFO - 	at org.apache.spark.rpc.RpcEnv.setupEndpointRef(RpcEnv.scala:110)
[2026-08-12T21:13:32.559+0000] {subprocess.py:93} INFO - 	at org.apache.spark.util.RpcUtils$.makeDriverRef(RpcUtils.scala:36)
[2026-08-12T21:13:32.608+0000] {subprocess.py:93} INFO - 	at org.apache.spark.storage.BlockManagerMasterEndpoint.driverEndpoint$lzycompute(BlockManagerMasterEndpoint.scala:124)
[2026-08-12T21:13:32.645+0000] {subprocess.py:93} INFO - 	at org.apache.spark.storage.BlockManagerMasterEndpoint.org$apache$spark$storage$BlockManagerMasterEndpoint$$driverEndpoint(BlockManagerMasterEndpoint.scala:123)
[2026-08-12T21:13:32.650+0000] {subprocess.py:93} INFO - 	at org.apache.spark.storage.BlockManagerMasterEndpoint.isExecutorAlive$lzycompute$1(BlockManagerMasterEndpoint.scala:688)
[2026-08-12T21:13:32.658+0000] {subprocess.py:93} INFO - 	at org.apache.spark.storage.BlockManagerMasterEndpoint.isExecutorAlive$1(BlockManagerMasterEndpoint.scala:687)
[2026-08-12T21:13:32.661+0000] {subprocess.py:93} INFO - 	at org.apache.spark.storage.BlockManagerMasterEndpoint.org$apache$spark$storage$BlockManagerMasterEndpoint$$register(BlockManagerMasterEndpoint.scala:725)
[2026-08-12T21:13:32.679+0000] {subprocess.py:93} INFO - 	at org.apache.spark.storage.BlockManagerMasterEndpoint$$anonfun$receiveAndReply$1.applyOrElse(BlockManagerMasterEndpoint.scala:133)
[2026-08-12T21:13:32.780+0000] {subprocess.py:93} INFO - 	at org.apache.spark.rpc.netty.Inbox.$anonfun$process$1(Inbox.scala:103)
[2026-08-12T21:13:32.798+0000] {subprocess.py:93} INFO - 	at org.apache.spark.rpc.netty.Inbox.safelyCall(Inbox.scala:213)
[2026-08-12T21:13:32.971+0000] {subprocess.py:93} INFO - 	at org.apache.spark.rpc.netty.Inbox.process(Inbox.scala:100)
[2026-08-12T21:13:33.193+0000] {subprocess.py:93} INFO - 	at org.apache.spark.rpc.netty.MessageLoop.org$apache$spark$rpc$netty$MessageLoop$$receiveLoop(MessageLoop.scala:75)
[2026-08-12T21:13:33.333+0000] {subprocess.py:93} INFO - 	at org.apache.spark.rpc.netty.MessageLoop$$anon$1.run(MessageLoop.scala:41)
[2026-08-12T21:13:33.370+0000] {subprocess.py:93} INFO - 	at java.base/java.util.concurrent.ThreadPoolExecutor.runWorker(ThreadPoolExecutor.java:1136)
[2026-08-12T21:13:33.581+0000] {subprocess.py:93} INFO - 	at java.base/java.util.concurrent.ThreadPoolExecutor$Worker.run(ThreadPoolExecutor.java:635)
[2026-08-12T21:13:33.870+0000] {subprocess.py:93} INFO - 	at java.base/java.lang.Thread.run(Thread.java:840)
[2026-08-12T21:13:34.700+0000] {subprocess.py:93} INFO - Caused by: org.apache.spark.rpc.RpcEndpointNotFoundException: Cannot find endpoint: spark://CoarseGrainedScheduler@4099a95615c9:45169
[2026-08-12T21:13:34.818+0000] {subprocess.py:93} INFO - 	at org.apache.spark.rpc.netty.NettyRpcEnv.$anonfun$asyncSetupEndpointRefByURI$1(NettyRpcEnv.scala:148)
[2026-08-12T21:13:34.999+0000] {subprocess.py:93} INFO - 	at org.apache.spark.rpc.netty.NettyRpcEnv.$anonfun$asyncSetupEndpointRefByURI$1$adapted(NettyRpcEnv.scala:144)
[2026-08-12T21:13:35.276+0000] {subprocess.py:93} INFO - 	at scala.concurrent.Future.$anonfun$flatMap$1(Future.scala:307)
[2026-08-12T21:13:35.299+0000] {subprocess.py:93} INFO - 	at scala.concurrent.impl.Promise.$anonfun$transformWith$1(Promise.scala:41)
[2026-08-12T21:13:35.329+0000] {subprocess.py:93} INFO - 	at scala.concurrent.impl.CallbackRunnable.run(Promise.scala:64)
[2026-08-12T21:13:35.375+0000] {subprocess.py:93} INFO - 	at org.apache.spark.util.ThreadUtils$$anon$1.execute(ThreadUtils.scala:99)
[2026-08-12T21:13:35.399+0000] {subprocess.py:93} INFO - 	at scala.concurrent.impl.ExecutionContextImpl$$anon$4.execute(ExecutionContextImpl.scala:138)
[2026-08-12T21:13:35.542+0000] {subprocess.py:93} INFO - 	at scala.concurrent.impl.CallbackRunnable.executeWithValue(Promise.scala:72)
[2026-08-12T21:13:35.732+0000] {subprocess.py:93} INFO - 	at scala.concurrent.impl.Promise$DefaultPromise.$anonfun$tryComplete$1(Promise.scala:288)
[2026-08-12T21:13:36.566+0000] {subprocess.py:93} INFO - 	at scala.concurrent.impl.Promise$DefaultPromise.$anonfun$tryComplete$1$adapted(Promise.scala:288)
[2026-08-12T21:13:36.709+0000] {subprocess.py:93} INFO - 	at scala.concurrent.impl.Promise$DefaultPromise.tryComplete(Promise.scala:288)
[2026-08-12T21:13:37.235+0000] {subprocess.py:93} INFO - 	at scala.concurrent.Promise.complete(Promise.scala:53)
[2026-08-12T21:13:37.672+0000] {subprocess.py:93} INFO - 	at scala.concurrent.Promise.complete$(Promise.scala:52)
[2026-08-12T21:13:38.324+0000] {subprocess.py:93} INFO - 	at scala.concurrent.impl.Promise$DefaultPromise.complete(Promise.scala:187)
[2026-08-12T21:13:38.496+0000] {subprocess.py:93} INFO - 	at scala.concurrent.impl.Promise.$anonfun$transform$1(Promise.scala:33)
[2026-08-12T21:13:38.538+0000] {subprocess.py:93} INFO - 	at scala.concurrent.impl.CallbackRunnable.run(Promise.scala:64)
[2026-08-12T21:13:38.619+0000] {subprocess.py:93} INFO - 	at org.apache.spark.util.ThreadUtils$$anon$1.execute(ThreadUtils.scala:99)
[2026-08-12T21:13:38.909+0000] {subprocess.py:93} INFO - 	at scala.concurrent.impl.ExecutionContextImpl$$anon$4.execute(ExecutionContextImpl.scala:138)
[2026-08-12T21:13:38.968+0000] {subprocess.py:93} INFO - 	at scala.concurrent.impl.CallbackRunnable.executeWithValue(Promise.scala:72)
[2026-08-12T21:13:38.569+0000] {job.py:229} INFO - Heartbeat recovered after 28.20 seconds
[2026-08-12T21:13:38.993+0000] {subprocess.py:93} INFO - 	at scala.concurrent.impl.Promise$DefaultPromise.$anonfun$tryComplete$1(Promise.scala:288)
[2026-08-12T21:13:39.676+0000] {subprocess.py:93} INFO - 	at scala.concurrent.impl.Promise$DefaultPromise.$anonfun$tryComplete$1$adapted(Promise.scala:288)
[2026-08-12T21:13:39.742+0000] {subprocess.py:93} INFO - 	at scala.concurrent.impl.Promise$DefaultPromise.tryComplete(Promise.scala:288)
[2026-08-12T21:13:39.821+0000] {subprocess.py:93} INFO - 	at scala.concurrent.Promise.complete(Promise.scala:53)
[2026-08-12T21:13:39.848+0000] {subprocess.py:93} INFO - 	at scala.concurrent.Promise.complete$(Promise.scala:52)
[2026-08-12T21:13:39.945+0000] {subprocess.py:93} INFO - 	at scala.concurrent.impl.Promise$DefaultPromise.complete(Promise.scala:187)
[2026-08-12T21:13:39.993+0000] {subprocess.py:93} INFO - 	at scala.concurrent.impl.Promise.$anonfun$transform$1(Promise.scala:33)
[2026-08-12T21:13:40.248+0000] {subprocess.py:93} INFO - 	at scala.concurrent.impl.CallbackRunnable.run(Promise.scala:64)
[2026-08-12T21:13:40.322+0000] {subprocess.py:93} INFO - 	at scala.concurrent.BatchingExecutor$Batch.processBatch$1(BatchingExecutor.scala:67)
[2026-08-12T21:13:40.369+0000] {subprocess.py:93} INFO - 	at scala.concurrent.BatchingExecutor$Batch.$anonfun$run$1(BatchingExecutor.scala:82)
[2026-08-12T21:13:40.415+0000] {subprocess.py:93} INFO - 	at scala.runtime.java8.JFunction0$mcV$sp.apply(JFunction0$mcV$sp.java:23)
[2026-08-12T21:13:40.479+0000] {subprocess.py:93} INFO - 	at scala.concurrent.BlockContext$.withBlockContext(BlockContext.scala:85)
[2026-08-12T21:13:40.515+0000] {subprocess.py:93} INFO - 	at scala.concurrent.BatchingExecutor$Batch.run(BatchingExecutor.scala:59)
[2026-08-12T21:13:40.734+0000] {subprocess.py:93} INFO - 	at scala.concurrent.Future$InternalCallbackExecutor$.unbatchedExecute(Future.scala:875)
[2026-08-12T21:13:40.825+0000] {subprocess.py:93} INFO - 	at scala.concurrent.BatchingExecutor.execute(BatchingExecutor.scala:110)
[2026-08-12T21:13:40.908+0000] {subprocess.py:93} INFO - 	at scala.concurrent.BatchingExecutor.execute$(BatchingExecutor.scala:107)
[2026-08-12T21:13:40.928+0000] {subprocess.py:93} INFO - 	at scala.concurrent.Future$InternalCallbackExecutor$.execute(Future.scala:873)
[2026-08-12T21:13:40.973+0000] {subprocess.py:93} INFO - 	at scala.concurrent.impl.CallbackRunnable.executeWithValue(Promise.scala:72)
[2026-08-12T21:13:41.001+0000] {subprocess.py:93} INFO - 	at scala.concurrent.impl.Promise$DefaultPromise.$anonfun$tryComplete$1(Promise.scala:288)
[2026-08-12T21:13:41.050+0000] {subprocess.py:93} INFO - 	at scala.concurrent.impl.Promise$DefaultPromise.$anonfun$tryComplete$1$adapted(Promise.scala:288)
[2026-08-12T21:13:41.071+0000] {subprocess.py:93} INFO - 	at scala.concurrent.impl.Promise$DefaultPromise.tryComplete(Promise.scala:288)
[2026-08-12T21:13:41.112+0000] {subprocess.py:93} INFO - 	at scala.concurrent.Promise.trySuccess(Promise.scala:94)
[2026-08-12T21:13:41.216+0000] {subprocess.py:93} INFO - 	at scala.concurrent.Promise.trySuccess$(Promise.scala:94)
[2026-08-12T21:13:41.232+0000] {subprocess.py:93} INFO - 	at scala.concurrent.impl.Promise$DefaultPromise.trySuccess(Promise.scala:187)
[2026-08-12T21:13:41.247+0000] {subprocess.py:93} INFO - 	at org.apache.spark.rpc.netty.NettyRpcEnv.onSuccess$1(NettyRpcEnv.scala:225)
[2026-08-12T21:13:41.271+0000] {subprocess.py:93} INFO - 	at org.apache.spark.rpc.netty.NettyRpcEnv.$anonfun$askAbortable$5(NettyRpcEnv.scala:239)
[2026-08-12T21:13:41.429+0000] {subprocess.py:93} INFO - 	at org.apache.spark.rpc.netty.NettyRpcEnv.$anonfun$askAbortable$5$adapted(NettyRpcEnv.scala:238)
[2026-08-12T21:13:41.569+0000] {subprocess.py:93} INFO - 	at scala.concurrent.impl.CallbackRunnable.run(Promise.scala:64)
[2026-08-12T21:13:41.666+0000] {subprocess.py:93} INFO - 	at org.apache.spark.util.ThreadUtils$$anon$1.execute(ThreadUtils.scala:99)
[2026-08-12T21:13:41.747+0000] {subprocess.py:93} INFO - 	at scala.concurrent.impl.ExecutionContextImpl$$anon$4.execute(ExecutionContextImpl.scala:138)
[2026-08-12T21:13:41.802+0000] {subprocess.py:93} INFO - 	at scala.concurrent.impl.CallbackRunnable.executeWithValue(Promise.scala:72)
[2026-08-12T21:13:41.820+0000] {subprocess.py:93} INFO - 	at scala.concurrent.impl.Promise$DefaultPromise.$anonfun$tryComplete$1(Promise.scala:288)
[2026-08-12T21:13:41.884+0000] {subprocess.py:93} INFO - 	at scala.concurrent.impl.Promise$DefaultPromise.$anonfun$tryComplete$1$adapted(Promise.scala:288)
[2026-08-12T21:13:41.911+0000] {subprocess.py:93} INFO - 	at scala.concurrent.impl.Promise$DefaultPromise.tryComplete(Promise.scala:288)
[2026-08-12T21:13:41.960+0000] {subprocess.py:93} INFO - 	at scala.concurrent.Promise.complete(Promise.scala:53)
[2026-08-12T21:13:42.020+0000] {subprocess.py:93} INFO - 	at scala.concurrent.Promise.complete$(Promise.scala:52)
[2026-08-12T21:13:42.066+0000] {subprocess.py:93} INFO - 	at scala.concurrent.impl.Promise$DefaultPromise.complete(Promise.scala:187)
[2026-08-12T21:13:42.196+0000] {subprocess.py:93} INFO - 	at scala.concurrent.Promise.success(Promise.scala:86)
[2026-08-12T21:13:42.279+0000] {subprocess.py:93} INFO - 	at scala.concurrent.Promise.success$(Promise.scala:86)
[2026-08-12T21:13:42.491+0000] {subprocess.py:93} INFO - 	at scala.concurrent.impl.Promise$DefaultPromise.success(Promise.scala:187)
[2026-08-12T21:13:42.504+0000] {subprocess.py:93} INFO - 	at org.apache.spark.rpc.netty.LocalNettyRpcCallContext.send(NettyRpcCallContext.scala:50)
[2026-08-12T21:13:42.532+0000] {subprocess.py:93} INFO - 	at org.apache.spark.rpc.netty.NettyRpcCallContext.reply(NettyRpcCallContext.scala:32)
[2026-08-12T21:13:42.560+0000] {subprocess.py:93} INFO - 	at org.apache.spark.rpc.netty.RpcEndpointVerifier$$anonfun$receiveAndReply$1.applyOrElse(RpcEndpointVerifier.scala:31)
[2026-08-12T21:13:42.575+0000] {subprocess.py:93} INFO - 	... 8 more
[2026-08-12T21:13:42.595+0000] {subprocess.py:93} INFO - 26/08/12 21:13:15 WARN Executor: Issue communicating with driver in heartbeater
[2026-08-12T21:13:42.611+0000] {subprocess.py:93} INFO - org.apache.spark.SparkException: Exception thrown in awaitResult:
[2026-08-12T21:13:42.658+0000] {subprocess.py:93} INFO - 	at org.apache.spark.util.SparkThreadUtils$.awaitResult(SparkThreadUtils.scala:56)
[2026-08-12T21:13:42.696+0000] {subprocess.py:93} INFO - 	at org.apache.spark.util.ThreadUtils$.awaitResult(ThreadUtils.scala:310)
[2026-08-12T21:13:42.851+0000] {subprocess.py:93} INFO - 	at org.apache.spark.rpc.RpcTimeout.awaitResult(RpcTimeout.scala:75)
[2026-08-12T21:13:42.932+0000] {subprocess.py:93} INFO - 	at org.apache.spark.rpc.RpcEndpointRef.askSync(RpcEndpointRef.scala:101)
[2026-08-12T21:13:42.980+0000] {subprocess.py:93} INFO - 	at org.apache.spark.rpc.RpcEndpointRef.askSync(RpcEndpointRef.scala:85)
[2026-08-12T21:13:42.997+0000] {subprocess.py:93} INFO - 	at org.apache.spark.storage.BlockManagerMaster.registerBlockManager(BlockManagerMaster.scala:80)
[2026-08-12T21:13:43.013+0000] {subprocess.py:93} INFO - 	at org.apache.spark.storage.BlockManager.reregister(BlockManager.scala:642)
[2026-08-12T21:13:43.061+0000] {subprocess.py:93} INFO - 	at org.apache.spark.executor.Executor.reportHeartBeat(Executor.scala:1223)
[2026-08-12T21:13:43.172+0000] {subprocess.py:93} INFO - 	at org.apache.spark.executor.Executor.$anonfun$heartbeater$1(Executor.scala:295)
[2026-08-12T21:13:43.197+0000] {subprocess.py:93} INFO - 	at scala.runtime.java8.JFunction0$mcV$sp.apply(JFunction0$mcV$sp.java:23)
[2026-08-12T21:13:43.224+0000] {subprocess.py:93} INFO - 	at org.apache.spark.util.Utils$.logUncaughtExceptions(Utils.scala:1928)
[2026-08-12T21:13:43.265+0000] {subprocess.py:93} INFO - 	at org.apache.spark.Heartbeater$$anon$1.run(Heartbeater.scala:46)
[2026-08-12T21:13:43.459+0000] {subprocess.py:93} INFO - 	at java.base/java.util.concurrent.Executors$RunnableAdapter.call(Executors.java:539)
[2026-08-12T21:13:43.610+0000] {subprocess.py:93} INFO - 	at java.base/java.util.concurrent.FutureTask.runAndReset(FutureTask.java:305)
[2026-08-12T21:13:43.641+0000] {subprocess.py:93} INFO - 	at java.base/java.util.concurrent.ScheduledThreadPoolExecutor$ScheduledFutureTask.run(ScheduledThreadPoolExecutor.java:305)
[2026-08-12T21:13:43.657+0000] {subprocess.py:93} INFO - 	at java.base/java.util.concurrent.ThreadPoolExecutor.runWorker(ThreadPoolExecutor.java:1136)
[2026-08-12T21:13:43.714+0000] {subprocess.py:93} INFO - 	at java.base/java.util.concurrent.ThreadPoolExecutor$Worker.run(ThreadPoolExecutor.java:635)
[2026-08-12T21:13:43.779+0000] {subprocess.py:93} INFO - 	at java.base/java.lang.Thread.run(Thread.java:840)
[2026-08-12T21:13:43.914+0000] {subprocess.py:93} INFO - Caused by: org.apache.spark.SparkException: Exception thrown in awaitResult:
[2026-08-12T21:13:44.035+0000] {subprocess.py:93} INFO - 	at org.apache.spark.util.SparkThreadUtils$.awaitResult(SparkThreadUtils.scala:56)
[2026-08-12T21:13:44.082+0000] {subprocess.py:93} INFO - 	at org.apache.spark.util.ThreadUtils$.awaitResult(ThreadUtils.scala:310)
[2026-08-12T21:13:44.204+0000] {subprocess.py:93} INFO - 	at org.apache.spark.rpc.RpcTimeout.awaitResult(RpcTimeout.scala:75)
[2026-08-12T21:13:44.342+0000] {subprocess.py:93} INFO - 	at org.apache.spark.rpc.RpcEnv.setupEndpointRefByURI(RpcEnv.scala:102)
[2026-08-12T21:13:44.351+0000] {subprocess.py:93} INFO - 	at org.apache.spark.rpc.RpcEnv.setupEndpointRef(RpcEnv.scala:110)
[2026-08-12T21:13:44.432+0000] {subprocess.py:93} INFO - 	at org.apache.spark.util.RpcUtils$.makeDriverRef(RpcUtils.scala:36)
[2026-08-12T21:13:44.500+0000] {subprocess.py:93} INFO - 	at org.apache.spark.storage.BlockManagerMasterEndpoint.driverEndpoint$lzycompute(BlockManagerMasterEndpoint.scala:124)
[2026-08-12T21:13:44.557+0000] {subprocess.py:93} INFO - 	at org.apache.spark.storage.BlockManagerMasterEndpoint.org$apache$spark$storage$BlockManagerMasterEndpoint$$driverEndpoint(BlockManagerMasterEndpoint.scala:123)
[2026-08-12T21:13:44.568+0000] {subprocess.py:93} INFO - 	at org.apache.spark.storage.BlockManagerMasterEndpoint.isExecutorAlive$lzycompute$1(BlockManagerMasterEndpoint.scala:688)
[2026-08-12T21:13:44.619+0000] {subprocess.py:93} INFO - 	at org.apache.spark.storage.BlockManagerMasterEndpoint.isExecutorAlive$1(BlockManagerMasterEndpoint.scala:687)
[2026-08-12T21:13:44.693+0000] {subprocess.py:93} INFO - 	at org.apache.spark.storage.BlockManagerMasterEndpoint.org$apache$spark$storage$BlockManagerMasterEndpoint$$register(BlockManagerMasterEndpoint.scala:725)
[2026-08-12T21:13:44.717+0000] {subprocess.py:93} INFO - 	at org.apache.spark.storage.BlockManagerMasterEndpoint$$anonfun$receiveAndReply$1.applyOrElse(BlockManagerMasterEndpoint.scala:133)
[2026-08-12T21:13:44.814+0000] {subprocess.py:93} INFO - 	at org.apache.spark.rpc.netty.Inbox.$anonfun$process$1(Inbox.scala:103)
[2026-08-12T21:13:44.942+0000] {subprocess.py:93} INFO - 	at org.apache.spark.rpc.netty.Inbox.safelyCall(Inbox.scala:213)
[2026-08-12T21:13:44.960+0000] {subprocess.py:93} INFO - 	at org.apache.spark.rpc.netty.Inbox.process(Inbox.scala:100)
[2026-08-12T21:13:45.012+0000] {subprocess.py:93} INFO - 	at org.apache.spark.rpc.netty.MessageLoop.org$apache$spark$rpc$netty$MessageLoop$$receiveLoop(MessageLoop.scala:75)
[2026-08-12T21:13:45.024+0000] {subprocess.py:93} INFO - 	at org.apache.spark.rpc.netty.MessageLoop$$anon$1.run(MessageLoop.scala:41)
[2026-08-12T21:13:45.040+0000] {subprocess.py:93} INFO - 	... 3 more
[2026-08-12T21:13:45.042+0000] {subprocess.py:93} INFO - Caused by: org.apache.spark.rpc.RpcEndpointNotFoundException: Cannot find endpoint: spark://CoarseGrainedScheduler@4099a95615c9:45169
[2026-08-12T21:13:45.064+0000] {subprocess.py:93} INFO - 	at org.apache.spark.rpc.netty.NettyRpcEnv.$anonfun$asyncSetupEndpointRefByURI$1(NettyRpcEnv.scala:148)
[2026-08-12T21:13:45.397+0000] {subprocess.py:93} INFO - 	at org.apache.spark.rpc.netty.NettyRpcEnv.$anonfun$asyncSetupEndpointRefByURI$1$adapted(NettyRpcEnv.scala:144)
[2026-08-12T21:13:45.426+0000] {subprocess.py:93} INFO - 	at scala.concurrent.Future.$anonfun$flatMap$1(Future.scala:307)
[2026-08-12T21:13:45.544+0000] {subprocess.py:93} INFO - 	at scala.concurrent.impl.Promise.$anonfun$transformWith$1(Promise.scala:41)
[2026-08-12T21:13:45.611+0000] {subprocess.py:93} INFO - 	at scala.concurrent.impl.CallbackRunnable.run(Promise.scala:64)
[2026-08-12T21:13:46.147+0000] {subprocess.py:93} INFO - 	at org.apache.spark.util.ThreadUtils$$anon$1.execute(ThreadUtils.scala:99)
[2026-08-12T21:13:46.200+0000] {subprocess.py:93} INFO - 	at scala.concurrent.impl.ExecutionContextImpl$$anon$4.execute(ExecutionContextImpl.scala:138)
[2026-08-12T21:13:46.218+0000] {subprocess.py:93} INFO - 	at scala.concurrent.impl.CallbackRunnable.executeWithValue(Promise.scala:72)
[2026-08-12T21:13:46.283+0000] {subprocess.py:93} INFO - 	at scala.concurrent.impl.Promise$DefaultPromise.$anonfun$tryComplete$1(Promise.scala:288)
[2026-08-12T21:13:46.332+0000] {subprocess.py:93} INFO - 	at scala.concurrent.impl.Promise$DefaultPromise.$anonfun$tryComplete$1$adapted(Promise.scala:288)
[2026-08-12T21:13:46.364+0000] {subprocess.py:93} INFO - 	at scala.concurrent.impl.Promise$DefaultPromise.tryComplete(Promise.scala:288)
[2026-08-12T21:13:46.396+0000] {subprocess.py:93} INFO - 	at scala.concurrent.Promise.complete(Promise.scala:53)
[2026-08-12T21:13:46.451+0000] {subprocess.py:93} INFO - 	at scala.concurrent.Promise.complete$(Promise.scala:52)
[2026-08-12T21:13:46.803+0000] {subprocess.py:93} INFO - 	at scala.concurrent.impl.Promise$DefaultPromise.complete(Promise.scala:187)
[2026-08-12T21:13:46.997+0000] {subprocess.py:93} INFO - 	at scala.concurrent.impl.Promise.$anonfun$transform$1(Promise.scala:33)
[2026-08-12T21:13:47.030+0000] {subprocess.py:93} INFO - 	at scala.concurrent.impl.CallbackRunnable.run(Promise.scala:64)
[2026-08-12T21:13:47.081+0000] {subprocess.py:93} INFO - 	at org.apache.spark.util.ThreadUtils$$anon$1.execute(ThreadUtils.scala:99)
[2026-08-12T21:13:47.232+0000] {subprocess.py:93} INFO - 	at scala.concurrent.impl.ExecutionContextImpl$$anon$4.execute(ExecutionContextImpl.scala:138)
[2026-08-12T21:13:47.357+0000] {subprocess.py:93} INFO - 	at scala.concurrent.impl.CallbackRunnable.executeWithValue(Promise.scala:72)
[2026-08-12T21:13:47.395+0000] {subprocess.py:93} INFO - 	at scala.concurrent.impl.Promise$DefaultPromise.$anonfun$tryComplete$1(Promise.scala:288)
[2026-08-12T21:13:47.651+0000] {subprocess.py:93} INFO - 	at scala.concurrent.impl.Promise$DefaultPromise.$anonfun$tryComplete$1$adapted(Promise.scala:288)
[2026-08-12T21:13:47.746+0000] {subprocess.py:93} INFO - 	at scala.concurrent.impl.Promise$DefaultPromise.tryComplete(Promise.scala:288)
[2026-08-12T21:13:47.868+0000] {subprocess.py:93} INFO - 	at scala.concurrent.Promise.complete(Promise.scala:53)
[2026-08-12T21:13:47.953+0000] {subprocess.py:93} INFO - 	at scala.concurrent.Promise.complete$(Promise.scala:52)
[2026-08-12T21:13:48.255+0000] {subprocess.py:93} INFO - 	at scala.concurrent.impl.Promise$DefaultPromise.complete(Promise.scala:187)
[2026-08-12T21:13:48.306+0000] {subprocess.py:93} INFO - 	at scala.concurrent.impl.Promise.$anonfun$transform$1(Promise.scala:33)
[2026-08-12T21:13:48.335+0000] {subprocess.py:93} INFO - 	at scala.concurrent.impl.CallbackRunnable.run(Promise.scala:64)
[2026-08-12T21:13:48.385+0000] {subprocess.py:93} INFO - 	at scala.concurrent.BatchingExecutor$Batch.processBatch$1(BatchingExecutor.scala:67)
[2026-08-12T21:13:48.458+0000] {subprocess.py:93} INFO - 	at scala.concurrent.BatchingExecutor$Batch.$anonfun$run$1(BatchingExecutor.scala:82)
[2026-08-12T21:13:48.713+0000] {subprocess.py:93} INFO - 	at scala.runtime.java8.JFunction0$mcV$sp.apply(JFunction0$mcV$sp.java:23)
[2026-08-12T21:13:49.016+0000] {subprocess.py:93} INFO - 	at scala.concurrent.BlockContext$.withBlockContext(BlockContext.scala:85)
[2026-08-12T21:13:49.058+0000] {subprocess.py:93} INFO - 	at scala.concurrent.BatchingExecutor$Batch.run(BatchingExecutor.scala:59)
[2026-08-12T21:13:49.151+0000] {subprocess.py:93} INFO - 	at scala.concurrent.Future$InternalCallbackExecutor$.unbatchedExecute(Future.scala:875)
[2026-08-12T21:13:49.220+0000] {subprocess.py:93} INFO - 	at scala.concurrent.BatchingExecutor.execute(BatchingExecutor.scala:110)
[2026-08-12T21:13:50.630+0000] {subprocess.py:93} INFO - 	at scala.concurrent.BatchingExecutor.execute$(BatchingExecutor.scala:107)
[2026-08-12T21:13:50.725+0000] {subprocess.py:93} INFO - 	at scala.concurrent.Future$InternalCallbackExecutor$.execute(Future.scala:873)
[2026-08-12T21:13:50.772+0000] {subprocess.py:93} INFO - 	at scala.concurrent.impl.CallbackRunnable.executeWithValue(Promise.scala:72)
[2026-08-12T21:13:50.792+0000] {subprocess.py:93} INFO - 	at scala.concurrent.impl.Promise$DefaultPromise.$anonfun$tryComplete$1(Promise.scala:288)
[2026-08-12T21:13:50.960+0000] {subprocess.py:93} INFO - 	at scala.concurrent.impl.Promise$DefaultPromise.$anonfun$tryComplete$1$adapted(Promise.scala:288)
[2026-08-12T21:13:51.073+0000] {subprocess.py:93} INFO - 	at scala.concurrent.impl.Promise$DefaultPromise.tryComplete(Promise.scala:288)
[2026-08-12T21:13:53.712+0000] {subprocess.py:93} INFO - 	at scala.concurrent.Promise.trySuccess(Promise.scala:94)
[2026-08-12T21:13:53.731+0000] {subprocess.py:93} INFO - 	at scala.concurrent.Promise.trySuccess$(Promise.scala:94)
[2026-08-12T21:13:53.787+0000] {subprocess.py:93} INFO - 	at scala.concurrent.impl.Promise$DefaultPromise.trySuccess(Promise.scala:187)
[2026-08-12T21:13:53.838+0000] {subprocess.py:93} INFO - 	at org.apache.spark.rpc.netty.NettyRpcEnv.onSuccess$1(NettyRpcEnv.scala:225)
[2026-08-12T21:13:53.875+0000] {subprocess.py:93} INFO - 	at org.apache.spark.rpc.netty.NettyRpcEnv.$anonfun$askAbortable$5(NettyRpcEnv.scala:239)
[2026-08-12T21:13:53.911+0000] {subprocess.py:93} INFO - 	at org.apache.spark.rpc.netty.NettyRpcEnv.$anonfun$askAbortable$5$adapted(NettyRpcEnv.scala:238)
[2026-08-12T21:13:53.922+0000] {subprocess.py:93} INFO - 	at scala.concurrent.impl.CallbackRunnable.run(Promise.scala:64)
[2026-08-12T21:13:54.002+0000] {subprocess.py:93} INFO - 	at org.apache.spark.util.ThreadUtils$$anon$1.execute(ThreadUtils.scala:99)
[2026-08-12T21:13:54.006+0000] {subprocess.py:93} INFO - 	at scala.concurrent.impl.ExecutionContextImpl$$anon$4.execute(ExecutionContextImpl.scala:138)
[2026-08-12T21:13:54.047+0000] {subprocess.py:93} INFO - 	at scala.concurrent.impl.CallbackRunnable.executeWithValue(Promise.scala:72)
[2026-08-12T21:13:54.067+0000] {subprocess.py:93} INFO - 	at scala.concurrent.impl.Promise$DefaultPromise.$anonfun$tryComplete$1(Promise.scala:288)
[2026-08-12T21:13:54.110+0000] {subprocess.py:93} INFO - 	at scala.concurrent.impl.Promise$DefaultPromise.$anonfun$tryComplete$1$adapted(Promise.scala:288)
[2026-08-12T21:13:54.153+0000] {subprocess.py:93} INFO - 	at scala.concurrent.impl.Promise$DefaultPromise.tryComplete(Promise.scala:288)
[2026-08-12T21:13:54.225+0000] {subprocess.py:93} INFO - 	at scala.concurrent.Promise.complete(Promise.scala:53)
[2026-08-12T21:13:54.239+0000] {subprocess.py:93} INFO - 	at scala.concurrent.Promise.complete$(Promise.scala:52)
[2026-08-12T21:13:54.243+0000] {subprocess.py:93} INFO - 	at scala.concurrent.impl.Promise$DefaultPromise.complete(Promise.scala:187)
[2026-08-12T21:13:54.249+0000] {subprocess.py:93} INFO - 	at scala.concurrent.Promise.success(Promise.scala:86)
[2026-08-12T21:13:54.253+0000] {subprocess.py:93} INFO - 	at scala.concurrent.Promise.success$(Promise.scala:86)
[2026-08-12T21:13:54.264+0000] {subprocess.py:93} INFO - 	at scala.concurrent.impl.Promise$DefaultPromise.success(Promise.scala:187)
[2026-08-12T21:13:54.300+0000] {subprocess.py:93} INFO - 	at org.apache.spark.rpc.netty.LocalNettyRpcCallContext.send(NettyRpcCallContext.scala:50)
[2026-08-12T21:13:54.313+0000] {subprocess.py:93} INFO - 	at org.apache.spark.rpc.netty.NettyRpcCallContext.reply(NettyRpcCallContext.scala:32)
[2026-08-12T21:13:54.327+0000] {subprocess.py:93} INFO - 	at org.apache.spark.rpc.netty.RpcEndpointVerifier$$anonfun$receiveAndReply$1.applyOrElse(RpcEndpointVerifier.scala:31)
[2026-08-12T21:13:54.355+0000] {subprocess.py:93} INFO - 	... 8 more
[2026-08-12T21:13:54.388+0000] {subprocess.py:93} INFO - 26/08/12 21:13:15 ERROR Inbox: Ignoring error
[2026-08-12T21:13:54.519+0000] {subprocess.py:93} INFO - org.apache.spark.SparkException: Exception thrown in awaitResult:
[2026-08-12T21:13:54.541+0000] {subprocess.py:93} INFO - 	at org.apache.spark.util.SparkThreadUtils$.awaitResult(SparkThreadUtils.scala:56)
[2026-08-12T21:13:54.581+0000] {subprocess.py:93} INFO - 	at org.apache.spark.util.ThreadUtils$.awaitResult(ThreadUtils.scala:310)
[2026-08-12T21:13:54.628+0000] {subprocess.py:93} INFO - 	at org.apache.spark.rpc.RpcTimeout.awaitResult(RpcTimeout.scala:75)
[2026-08-12T21:13:54.667+0000] {subprocess.py:93} INFO - 	at org.apache.spark.rpc.RpcEnv.setupEndpointRefByURI(RpcEnv.scala:102)
[2026-08-12T21:13:54.824+0000] {subprocess.py:93} INFO - 	at org.apache.spark.rpc.RpcEnv.setupEndpointRef(RpcEnv.scala:110)
[2026-08-12T21:13:54.897+0000] {subprocess.py:93} INFO - 	at org.apache.spark.util.RpcUtils$.makeDriverRef(RpcUtils.scala:36)
[2026-08-12T21:13:54.964+0000] {subprocess.py:93} INFO - 	at org.apache.spark.storage.BlockManagerMasterEndpoint.driverEndpoint$lzycompute(BlockManagerMasterEndpoint.scala:124)
[2026-08-12T21:13:55.012+0000] {subprocess.py:93} INFO - 	at org.apache.spark.storage.BlockManagerMasterEndpoint.org$apache$spark$storage$BlockManagerMasterEndpoint$$driverEndpoint(BlockManagerMasterEndpoint.scala:123)
[2026-08-12T21:13:55.054+0000] {subprocess.py:93} INFO - 	at org.apache.spark.storage.BlockManagerMasterEndpoint.isExecutorAlive$lzycompute$1(BlockManagerMasterEndpoint.scala:688)
[2026-08-12T21:13:55.066+0000] {subprocess.py:93} INFO - 	at org.apache.spark.storage.BlockManagerMasterEndpoint.isExecutorAlive$1(BlockManagerMasterEndpoint.scala:687)
[2026-08-12T21:13:55.070+0000] {subprocess.py:93} INFO - 	at org.apache.spark.storage.BlockManagerMasterEndpoint.org$apache$spark$storage$BlockManagerMasterEndpoint$$register(BlockManagerMasterEndpoint.scala:725)
[2026-08-12T21:13:55.082+0000] {subprocess.py:93} INFO - 	at org.apache.spark.storage.BlockManagerMasterEndpoint$$anonfun$receiveAndReply$1.applyOrElse(BlockManagerMasterEndpoint.scala:133)
[2026-08-12T21:13:55.086+0000] {subprocess.py:93} INFO - 	at org.apache.spark.rpc.netty.Inbox.$anonfun$process$1(Inbox.scala:103)
[2026-08-12T21:13:55.090+0000] {subprocess.py:93} INFO - 	at org.apache.spark.rpc.netty.Inbox.safelyCall(Inbox.scala:213)
[2026-08-12T21:13:55.171+0000] {subprocess.py:93} INFO - 	at org.apache.spark.rpc.netty.Inbox.process(Inbox.scala:100)
[2026-08-12T21:13:55.179+0000] {subprocess.py:93} INFO - 	at org.apache.spark.rpc.netty.MessageLoop.org$apache$spark$rpc$netty$MessageLoop$$receiveLoop(MessageLoop.scala:75)
[2026-08-12T21:13:55.194+0000] {subprocess.py:93} INFO - 	at org.apache.spark.rpc.netty.MessageLoop$$anon$1.run(MessageLoop.scala:41)
[2026-08-12T21:13:55.197+0000] {subprocess.py:93} INFO - 	at java.base/java.util.concurrent.ThreadPoolExecutor.runWorker(ThreadPoolExecutor.java:1136)
[2026-08-12T21:13:55.211+0000] {subprocess.py:93} INFO - 	at java.base/java.util.concurrent.ThreadPoolExecutor$Worker.run(ThreadPoolExecutor.java:635)
[2026-08-12T21:13:55.235+0000] {subprocess.py:93} INFO - 	at java.base/java.lang.Thread.run(Thread.java:840)
[2026-08-12T21:13:55.239+0000] {subprocess.py:93} INFO - Caused by: org.apache.spark.rpc.RpcEndpointNotFoundException: Cannot find endpoint: spark://CoarseGrainedScheduler@4099a95615c9:45169
[2026-08-12T21:13:55.253+0000] {subprocess.py:93} INFO - 	at org.apache.spark.rpc.netty.NettyRpcEnv.$anonfun$asyncSetupEndpointRefByURI$1(NettyRpcEnv.scala:148)
[2026-08-12T21:13:55.257+0000] {subprocess.py:93} INFO - 	at org.apache.spark.rpc.netty.NettyRpcEnv.$anonfun$asyncSetupEndpointRefByURI$1$adapted(NettyRpcEnv.scala:144)
[2026-08-12T21:13:55.313+0000] {subprocess.py:93} INFO - 	at scala.concurrent.Future.$anonfun$flatMap$1(Future.scala:307)
[2026-08-12T21:13:55.361+0000] {subprocess.py:93} INFO - 	at scala.concurrent.impl.Promise.$anonfun$transformWith$1(Promise.scala:41)
[2026-08-12T21:13:55.427+0000] {subprocess.py:93} INFO - 	at scala.concurrent.impl.CallbackRunnable.run(Promise.scala:64)
[2026-08-12T21:13:55.464+0000] {subprocess.py:93} INFO - 	at org.apache.spark.util.ThreadUtils$$anon$1.execute(ThreadUtils.scala:99)
[2026-08-12T21:13:55.476+0000] {subprocess.py:93} INFO - 	at scala.concurrent.impl.ExecutionContextImpl$$anon$4.execute(ExecutionContextImpl.scala:138)
[2026-08-12T21:13:55.519+0000] {subprocess.py:93} INFO - 	at scala.concurrent.impl.CallbackRunnable.executeWithValue(Promise.scala:72)
[2026-08-12T21:13:55.534+0000] {subprocess.py:93} INFO - 	at scala.concurrent.impl.Promise$DefaultPromise.$anonfun$tryComplete$1(Promise.scala:288)
[2026-08-12T21:13:55.559+0000] {subprocess.py:93} INFO - 	at scala.concurrent.impl.Promise$DefaultPromise.$anonfun$tryComplete$1$adapted(Promise.scala:288)
[2026-08-12T21:13:55.575+0000] {subprocess.py:93} INFO - 	at scala.concurrent.impl.Promise$DefaultPromise.tryComplete(Promise.scala:288)
[2026-08-12T21:13:55.578+0000] {subprocess.py:93} INFO - 	at scala.concurrent.Promise.complete(Promise.scala:53)
[2026-08-12T21:13:55.592+0000] {subprocess.py:93} INFO - 	at scala.concurrent.Promise.complete$(Promise.scala:52)
[2026-08-12T21:13:55.595+0000] {subprocess.py:93} INFO - 	at scala.concurrent.impl.Promise$DefaultPromise.complete(Promise.scala:187)
[2026-08-12T21:13:55.600+0000] {subprocess.py:93} INFO - 	at scala.concurrent.impl.Promise.$anonfun$transform$1(Promise.scala:33)
[2026-08-12T21:13:55.609+0000] {subprocess.py:93} INFO - 	at scala.concurrent.impl.CallbackRunnable.run(Promise.scala:64)
[2026-08-12T21:13:55.679+0000] {subprocess.py:93} INFO - 	at org.apache.spark.util.ThreadUtils$$anon$1.execute(ThreadUtils.scala:99)
[2026-08-12T21:13:55.742+0000] {subprocess.py:93} INFO - 	at scala.concurrent.impl.ExecutionContextImpl$$anon$4.execute(ExecutionContextImpl.scala:138)
[2026-08-12T21:13:55.758+0000] {subprocess.py:93} INFO - 	at scala.concurrent.impl.CallbackRunnable.executeWithValue(Promise.scala:72)
[2026-08-12T21:13:55.774+0000] {subprocess.py:93} INFO - 	at scala.concurrent.impl.Promise$DefaultPromise.$anonfun$tryComplete$1(Promise.scala:288)
[2026-08-12T21:13:55.811+0000] {subprocess.py:93} INFO - 	at scala.concurrent.impl.Promise$DefaultPromise.$anonfun$tryComplete$1$adapted(Promise.scala:288)
[2026-08-12T21:13:55.822+0000] {subprocess.py:93} INFO - 	at scala.concurrent.impl.Promise$DefaultPromise.tryComplete(Promise.scala:288)
[2026-08-12T21:13:55.835+0000] {subprocess.py:93} INFO - 	at scala.concurrent.Promise.complete(Promise.scala:53)
[2026-08-12T21:13:55.853+0000] {subprocess.py:93} INFO - 	at scala.concurrent.Promise.complete$(Promise.scala:52)
[2026-08-12T21:13:55.935+0000] {subprocess.py:93} INFO - 	at scala.concurrent.impl.Promise$DefaultPromise.complete(Promise.scala:187)
[2026-08-12T21:13:55.943+0000] {subprocess.py:93} INFO - 	at scala.concurrent.impl.Promise.$anonfun$transform$1(Promise.scala:33)
[2026-08-12T21:13:55.975+0000] {subprocess.py:93} INFO - 	at scala.concurrent.impl.CallbackRunnable.run(Promise.scala:64)
[2026-08-12T21:13:55.984+0000] {subprocess.py:93} INFO - 	at scala.concurrent.BatchingExecutor$Batch.processBatch$1(BatchingExecutor.scala:67)
[2026-08-12T21:13:56.000+0000] {subprocess.py:93} INFO - 	at scala.concurrent.BatchingExecutor$Batch.$anonfun$run$1(BatchingExecutor.scala:82)
[2026-08-12T21:13:56.043+0000] {subprocess.py:93} INFO - 	at scala.runtime.java8.JFunction0$mcV$sp.apply(JFunction0$mcV$sp.java:23)
[2026-08-12T21:13:56.322+0000] {subprocess.py:93} INFO - 	at scala.concurrent.BlockContext$.withBlockContext(BlockContext.scala:85)
[2026-08-12T21:13:56.386+0000] {subprocess.py:93} INFO - 	at scala.concurrent.BatchingExecutor$Batch.run(BatchingExecutor.scala:59)
[2026-08-12T21:13:56.403+0000] {subprocess.py:93} INFO - 	at scala.concurrent.Future$InternalCallbackExecutor$.unbatchedExecute(Future.scala:875)
[2026-08-12T21:13:56.466+0000] {subprocess.py:93} INFO - 	at scala.concurrent.BatchingExecutor.execute(BatchingExecutor.scala:110)
[2026-08-12T21:13:56.827+0000] {subprocess.py:93} INFO - 	at scala.concurrent.BatchingExecutor.execute$(BatchingExecutor.scala:107)
[2026-08-12T21:13:56.845+0000] {subprocess.py:93} INFO - 	at scala.concurrent.Future$InternalCallbackExecutor$.execute(Future.scala:873)
[2026-08-12T21:13:56.859+0000] {subprocess.py:93} INFO - 	at scala.concurrent.impl.CallbackRunnable.executeWithValue(Promise.scala:72)
[2026-08-12T21:13:56.875+0000] {subprocess.py:93} INFO - 	at scala.concurrent.impl.Promise$DefaultPromise.$anonfun$tryComplete$1(Promise.scala:288)
[2026-08-12T21:13:56.910+0000] {subprocess.py:93} INFO - 	at scala.concurrent.impl.Promise$DefaultPromise.$anonfun$tryComplete$1$adapted(Promise.scala:288)
[2026-08-12T21:13:56.930+0000] {subprocess.py:93} INFO - 	at scala.concurrent.impl.Promise$DefaultPromise.tryComplete(Promise.scala:288)
[2026-08-12T21:13:57.109+0000] {subprocess.py:93} INFO - 	at scala.concurrent.Promise.trySuccess(Promise.scala:94)
[2026-08-12T21:13:57.313+0000] {subprocess.py:93} INFO - 	at scala.concurrent.Promise.trySuccess$(Promise.scala:94)
[2026-08-12T21:13:57.575+0000] {subprocess.py:93} INFO - 	at scala.concurrent.impl.Promise$DefaultPromise.trySuccess(Promise.scala:187)
[2026-08-12T21:13:57.581+0000] {subprocess.py:93} INFO - 	at org.apache.spark.rpc.netty.NettyRpcEnv.onSuccess$1(NettyRpcEnv.scala:225)
[2026-08-12T21:13:57.627+0000] {subprocess.py:93} INFO - 	at org.apache.spark.rpc.netty.NettyRpcEnv.$anonfun$askAbortable$5(NettyRpcEnv.scala:239)
[2026-08-12T21:13:57.651+0000] {subprocess.py:93} INFO - 	at org.apache.spark.rpc.netty.NettyRpcEnv.$anonfun$askAbortable$5$adapted(NettyRpcEnv.scala:238)
[2026-08-12T21:13:57.671+0000] {subprocess.py:93} INFO - 	at scala.concurrent.impl.CallbackRunnable.run(Promise.scala:64)
[2026-08-12T21:13:57.697+0000] {subprocess.py:93} INFO - 	at org.apache.spark.util.ThreadUtils$$anon$1.execute(ThreadUtils.scala:99)
[2026-08-12T21:13:57.732+0000] {subprocess.py:93} INFO - 	at scala.concurrent.impl.ExecutionContextImpl$$anon$4.execute(ExecutionContextImpl.scala:138)
[2026-08-12T21:13:57.734+0000] {subprocess.py:93} INFO - 	at scala.concurrent.impl.CallbackRunnable.executeWithValue(Promise.scala:72)
[2026-08-12T21:13:57.749+0000] {subprocess.py:93} INFO - 	at scala.concurrent.impl.Promise$DefaultPromise.$anonfun$tryComplete$1(Promise.scala:288)
[2026-08-12T21:13:57.751+0000] {subprocess.py:93} INFO - 	at scala.concurrent.impl.Promise$DefaultPromise.$anonfun$tryComplete$1$adapted(Promise.scala:288)
[2026-08-12T21:13:57.781+0000] {subprocess.py:93} INFO - 	at scala.concurrent.impl.Promise$DefaultPromise.tryComplete(Promise.scala:288)
[2026-08-12T21:13:57.794+0000] {subprocess.py:93} INFO - 	at scala.concurrent.Promise.complete(Promise.scala:53)
[2026-08-12T21:13:57.796+0000] {subprocess.py:93} INFO - 	at scala.concurrent.Promise.complete$(Promise.scala:52)
[2026-08-12T21:13:57.799+0000] {subprocess.py:93} INFO - 	at scala.concurrent.impl.Promise$DefaultPromise.complete(Promise.scala:187)
[2026-08-12T21:13:57.801+0000] {subprocess.py:93} INFO - 	at scala.concurrent.Promise.success(Promise.scala:86)
[2026-08-12T21:13:57.859+0000] {subprocess.py:93} INFO - 	at scala.concurrent.Promise.success$(Promise.scala:86)
[2026-08-12T21:13:57.875+0000] {subprocess.py:93} INFO - 	at scala.concurrent.impl.Promise$DefaultPromise.success(Promise.scala:187)
[2026-08-12T21:13:57.897+0000] {subprocess.py:93} INFO - 	at org.apache.spark.rpc.netty.LocalNettyRpcCallContext.send(NettyRpcCallContext.scala:50)
[2026-08-12T21:13:57.907+0000] {subprocess.py:93} INFO - 	at org.apache.spark.rpc.netty.NettyRpcCallContext.reply(NettyRpcCallContext.scala:32)
[2026-08-12T21:13:57.915+0000] {subprocess.py:93} INFO - 	at org.apache.spark.rpc.netty.RpcEndpointVerifier$$anonfun$receiveAndReply$1.applyOrElse(RpcEndpointVerifier.scala:31)
[2026-08-12T21:13:57.933+0000] {subprocess.py:93} INFO - 	... 8 more
[2026-08-12T21:17:38.552+0000] {subprocess.py:93} INFO - 26/08/12 21:17:38 WARN NettyRpcEnv: Ignored failure: java.util.concurrent.TimeoutException: Cannot receive any reply from 4099a95615c9:45169 in 10000 milliseconds
[2026-08-12T21:17:38.684+0000] {subprocess.py:93} INFO - 26/08/12 21:17:38 WARN Executor: Issue communicating with driver in heartbeater
[2026-08-12T21:17:38.715+0000] {subprocess.py:93} INFO - org.apache.spark.rpc.RpcTimeoutException: Futures timed out after [10000 milliseconds]. This timeout is controlled by spark.executor.heartbeatInterval
[2026-08-12T21:17:38.735+0000] {subprocess.py:93} INFO - 	at org.apache.spark.rpc.RpcTimeout.org$apache$spark$rpc$RpcTimeout$$createRpcTimeoutException(RpcTimeout.scala:47)
[2026-08-12T21:17:38.890+0000] {subprocess.py:93} INFO - 	at org.apache.spark.rpc.RpcTimeout$$anonfun$addMessageIfTimeout$1.applyOrElse(RpcTimeout.scala:62)
[2026-08-12T21:17:38.941+0000] {subprocess.py:93} INFO - 	at org.apache.spark.rpc.RpcTimeout$$anonfun$addMessageIfTimeout$1.applyOrElse(RpcTimeout.scala:58)
[2026-08-12T21:17:39.114+0000] {subprocess.py:93} INFO - 	at scala.runtime.AbstractPartialFunction.apply(AbstractPartialFunction.scala:38)
[2026-08-12T21:17:39.147+0000] {subprocess.py:93} INFO - 	at org.apache.spark.rpc.RpcTimeout.awaitResult(RpcTimeout.scala:76)
[2026-08-12T21:17:39.314+0000] {subprocess.py:93} INFO - 	at org.apache.spark.rpc.RpcEndpointRef.askSync(RpcEndpointRef.scala:101)
[2026-08-12T21:17:39.608+0000] {subprocess.py:93} INFO - 	at org.apache.spark.executor.Executor.reportHeartBeat(Executor.scala:1219)
[2026-08-12T21:17:39.752+0000] {subprocess.py:93} INFO - 	at org.apache.spark.executor.Executor.$anonfun$heartbeater$1(Executor.scala:295)
[2026-08-12T21:17:39.873+0000] {subprocess.py:93} INFO - 	at scala.runtime.java8.JFunction0$mcV$sp.apply(JFunction0$mcV$sp.java:23)
[2026-08-12T21:17:40.050+0000] {subprocess.py:93} INFO - 	at org.apache.spark.util.Utils$.logUncaughtExceptions(Utils.scala:1928)
[2026-08-12T21:17:40.068+0000] {subprocess.py:93} INFO - 	at org.apache.spark.Heartbeater$$anon$1.run(Heartbeater.scala:46)
[2026-08-12T21:17:40.071+0000] {subprocess.py:93} INFO - 	at java.base/java.util.concurrent.Executors$RunnableAdapter.call(Executors.java:539)
[2026-08-12T21:17:40.248+0000] {subprocess.py:93} INFO - 	at java.base/java.util.concurrent.FutureTask.runAndReset(FutureTask.java:305)
[2026-08-12T21:17:40.487+0000] {subprocess.py:93} INFO - 	at java.base/java.util.concurrent.ScheduledThreadPoolExecutor$ScheduledFutureTask.run(ScheduledThreadPoolExecutor.java:305)
[2026-08-12T21:17:40.509+0000] {subprocess.py:93} INFO - 	at java.base/java.util.concurrent.ThreadPoolExecutor.runWorker(ThreadPoolExecutor.java:1136)
[2026-08-12T21:17:40.549+0000] {subprocess.py:93} INFO - 	at java.base/java.util.concurrent.ThreadPoolExecutor$Worker.run(ThreadPoolExecutor.java:635)
[2026-08-12T21:17:40.678+0000] {subprocess.py:93} INFO - 	at java.base/java.lang.Thread.run(Thread.java:840)
[2026-08-12T21:17:40.779+0000] {subprocess.py:93} INFO - Caused by: java.util.concurrent.TimeoutException: Futures timed out after [10000 milliseconds]
[2026-08-12T21:17:41.319+0000] {subprocess.py:93} INFO - 	at scala.concurrent.impl.Promise$DefaultPromise.ready(Promise.scala:259)
[2026-08-12T21:17:42.095+0000] {subprocess.py:93} INFO - 	at scala.concurrent.impl.Promise$DefaultPromise.result(Promise.scala:263)
[2026-08-12T21:17:42.608+0000] {subprocess.py:93} INFO - 	at org.apache.spark.util.SparkThreadUtils$.awaitResult(SparkThreadUtils.scala:48)
[2026-08-12T21:17:43.423+0000] {subprocess.py:93} INFO - 	at org.apache.spark.util.ThreadUtils$.awaitResult(ThreadUtils.scala:310)
[2026-08-12T21:17:43.427+0000] {subprocess.py:93} INFO - 	at org.apache.spark.rpc.RpcTimeout.awaitResult(RpcTimeout.scala:75)
[2026-08-12T21:17:43.433+0000] {subprocess.py:93} INFO - 	... 12 more
[2026-08-12T21:17:48.695+0000] {job.py:229} INFO - Heartbeat recovered after 203.69 seconds
[2026-08-12T21:20:36.377+0000] {subprocess.py:93} INFO - 26/08/12 21:20:36 WARN HeartbeatReceiver: Removing executor driver with no recent heartbeats: 126889 ms exceeds timeout 120000 ms
[2026-08-12T21:20:36.885+0000] {subprocess.py:93} INFO - 26/08/12 21:20:36 WARN SparkContext: Killing executors is not supported by current scheduler.
[2026-08-12T21:20:38.005+0000] {subprocess.py:93} INFO - 26/08/12 21:20:37 WARN Executor: Issue communicating with driver in heartbeater
[2026-08-12T21:20:38.080+0000] {subprocess.py:93} INFO - org.apache.spark.SparkException: Exception thrown in awaitResult:
[2026-08-12T21:20:38.236+0000] {subprocess.py:93} INFO - 	at org.apache.spark.util.SparkThreadUtils$.awaitResult(SparkThreadUtils.scala:56)
[2026-08-12T21:20:38.342+0000] {subprocess.py:93} INFO - 	at org.apache.spark.util.ThreadUtils$.awaitResult(ThreadUtils.scala:310)
[2026-08-12T21:20:38.380+0000] {subprocess.py:93} INFO - 	at org.apache.spark.rpc.RpcTimeout.awaitResult(RpcTimeout.scala:75)
[2026-08-12T21:20:38.588+0000] {subprocess.py:93} INFO - 	at org.apache.spark.rpc.RpcEndpointRef.askSync(RpcEndpointRef.scala:101)
[2026-08-12T21:20:38.647+0000] {subprocess.py:93} INFO - 	at org.apache.spark.rpc.RpcEndpointRef.askSync(RpcEndpointRef.scala:85)
[2026-08-12T21:20:38.903+0000] {subprocess.py:93} INFO - 	at org.apache.spark.storage.BlockManagerMaster.registerBlockManager(BlockManagerMaster.scala:80)
[2026-08-12T21:20:38.926+0000] {subprocess.py:93} INFO - 	at org.apache.spark.storage.BlockManager.reregister(BlockManager.scala:642)
[2026-08-12T21:20:39.034+0000] {subprocess.py:93} INFO - 	at org.apache.spark.executor.Executor.reportHeartBeat(Executor.scala:1223)
[2026-08-12T21:20:39.160+0000] {subprocess.py:93} INFO - 	at org.apache.spark.executor.Executor.$anonfun$heartbeater$1(Executor.scala:295)
[2026-08-12T21:20:39.223+0000] {subprocess.py:93} INFO - 	at scala.runtime.java8.JFunction0$mcV$sp.apply(JFunction0$mcV$sp.java:23)
[2026-08-12T21:20:39.249+0000] {subprocess.py:93} INFO - 	at org.apache.spark.util.Utils$.logUncaughtExceptions(Utils.scala:1928)
[2026-08-12T21:20:39.429+0000] {subprocess.py:93} INFO - 	at org.apache.spark.Heartbeater$$anon$1.run(Heartbeater.scala:46)
[2026-08-12T21:20:39.516+0000] {subprocess.py:93} INFO - 	at java.base/java.util.concurrent.Executors$RunnableAdapter.call(Executors.java:539)
[2026-08-12T21:20:35.582+0000] {job.py:239} ERROR - Job heartbeat failed with error
Traceback (most recent call last):
  File "/home/airflow/.local/lib/python3.12/site-packages/sqlalchemy/engine/base.py", line 3371, in _wrap_pool_connect
    return fn()
           ^^^^
  File "/home/airflow/.local/lib/python3.12/site-packages/sqlalchemy/pool/base.py", line 327, in connect
    return _ConnectionFairy._checkout(self)
           ^^^^^^^^^^^^^^^^^^^^^^^^^^^^^^^^
  File "/home/airflow/.local/lib/python3.12/site-packages/sqlalchemy/pool/base.py", line 894, in _checkout
    fairy = _ConnectionRecord.checkout(pool)
            ^^^^^^^^^^^^^^^^^^^^^^^^^^^^^^^^
  File "/home/airflow/.local/lib/python3.12/site-packages/sqlalchemy/pool/base.py", line 493, in checkout
    rec = pool._do_get()
          ^^^^^^^^^^^^^^
  File "/home/airflow/.local/lib/python3.12/site-packages/sqlalchemy/pool/impl.py", line 256, in _do_get
    return self._create_connection()
           ^^^^^^^^^^^^^^^^^^^^^^^^^
  File "/home/airflow/.local/lib/python3.12/site-packages/sqlalchemy/pool/base.py", line 273, in _create_connection
    return _ConnectionRecord(self)
           ^^^^^^^^^^^^^^^^^^^^^^^
  File "/home/airflow/.local/lib/python3.12/site-packages/sqlalchemy/pool/base.py", line 388, in __init__
    self.__connect()
  File "/home/airflow/.local/lib/python3.12/site-packages/sqlalchemy/pool/base.py", line 690, in __connect
    with util.safe_reraise():
  File "/home/airflow/.local/lib/python3.12/site-packages/sqlalchemy/util/langhelpers.py", line 70, in __exit__
    compat.raise_(
  File "/home/airflow/.local/lib/python3.12/site-packages/sqlalchemy/util/compat.py", line 211, in raise_
    raise exception
  File "/home/airflow/.local/lib/python3.12/site-packages/sqlalchemy/pool/base.py", line 686, in __connect
    self.dbapi_connection = connection = pool._invoke_creator(self)
                                         ^^^^^^^^^^^^^^^^^^^^^^^^^^
  File "/home/airflow/.local/lib/python3.12/site-packages/sqlalchemy/engine/create.py", line 574, in connect
    return dialect.connect(*cargs, **cparams)
           ^^^^^^^^^^^^^^^^^^^^^^^^^^^^^^^^^^
  File "/home/airflow/.local/lib/python3.12/site-packages/sqlalchemy/engine/default.py", line 598, in connect
    return self.dbapi.connect(*cargs, **cparams)
           ^^^^^^^^^^^^^^^^^^^^^^^^^^^^^^^^^^^^^
  File "/home/airflow/.local/lib/python3.12/site-packages/psycopg2/__init__.py", line 122, in connect
    conn = _connect(dsn, connection_factory=connection_factory, **kwasync)
           ^^^^^^^^^^^^^^^^^^^^^^^^^^^^^^^^^^^^^^^^^^^^^^^^^^^^^^^^^^^^^^^
psycopg2.OperationalError: could not translate host name "postgres" to address: Temporary failure in name resolution


The above exception was the direct cause of the following exception:

Traceback (most recent call last):
  File "/home/airflow/.local/lib/python3.12/site-packages/airflow/jobs/job.py", line 207, in heartbeat
    self._merge_from(Job._fetch_from_db(self, session))
                     ^^^^^^^^^^^^^^^^^^^^^^^^^^^^^^^^^
  File "/home/airflow/.local/lib/python3.12/site-packages/airflow/api_internal/internal_api_call.py", line 139, in wrapper
    return func(*args, **kwargs)
           ^^^^^^^^^^^^^^^^^^^^^
  File "/home/airflow/.local/lib/python3.12/site-packages/airflow/utils/session.py", line 94, in wrapper
    return func(*args, **kwargs)
           ^^^^^^^^^^^^^^^^^^^^^
  File "/home/airflow/.local/lib/python3.12/site-packages/airflow/utils/retries.py", line 93, in wrapped_function
    for attempt in run_with_db_retries(max_retries=retries, logger=logger, **retry_kwargs):
                   ^^^^^^^^^^^^^^^^^^^^^^^^^^^^^^^^^^^^^^^^^^^^^^^^^^^^^^^^^^^^^^^^^^^^^^^
  File "/home/airflow/.local/lib/python3.12/site-packages/tenacity/__init__.py", line 443, in __iter__
    do = self.iter(retry_state=retry_state)
         ^^^^^^^^^^^^^^^^^^^^^^^^^^^^^^^^^^
  File "/home/airflow/.local/lib/python3.12/site-packages/tenacity/__init__.py", line 376, in iter
    result = action(retry_state)
             ^^^^^^^^^^^^^^^^^^^
  File "/home/airflow/.local/lib/python3.12/site-packages/tenacity/__init__.py", line 418, in exc_check
    raise retry_exc.reraise()
          ^^^^^^^^^^^^^^^^^^^
  File "/home/airflow/.local/lib/python3.12/site-packages/tenacity/__init__.py", line 185, in reraise
    raise self.last_attempt.result()
          ^^^^^^^^^^^^^^^^^^^^^^^^^^
  File "/usr/local/lib/python3.12/concurrent/futures/_base.py", line 449, in result
    return self.__get_result()
           ^^^^^^^^^^^^^^^^^^^
  File "/usr/local/lib/python3.12/concurrent/futures/_base.py", line 401, in __get_result
    raise self._exception
  File "/home/airflow/.local/lib/python3.12/site-packages/airflow/utils/retries.py", line 102, in wrapped_function
    return func(*args, **kwargs)
           ^^^^^^^^^^^^^^^^^^^^^
  File "/home/airflow/.local/lib/python3.12/site-packages/airflow/jobs/job.py", line 335, in _fetch_from_db
    session.merge(job)
  File "/home/airflow/.local/lib/python3.12/site-packages/sqlalchemy/orm/session.py", line 3056, in merge
    return self._merge(
           ^^^^^^^^^^^^
  File "/home/airflow/.local/lib/python3.12/site-packages/sqlalchemy/orm/session.py", line 3136, in _merge
    merged = self.get(
             ^^^^^^^^^
  File "/home/airflow/.local/lib/python3.12/site-packages/sqlalchemy/orm/session.py", line 2853, in get
    return self._get_impl(
           ^^^^^^^^^^^^^^^
  File "/home/airflow/.local/lib/python3.12/site-packages/sqlalchemy/orm/session.py", line 2975, in _get_impl
    return db_load_fn(
           ^^^^^^^^^^^
  File "/home/airflow/.local/lib/python3.12/site-packages/sqlalchemy/orm/loading.py", line 530, in load_on_pk_identity
    session.execute(
  File "/home/airflow/.local/lib/python3.12/site-packages/sqlalchemy/orm/session.py", line 1716, in execute
    conn = self._connection_for_bind(bind)
           ^^^^^^^^^^^^^^^^^^^^^^^^^^^^^^^
  File "/home/airflow/.local/lib/python3.12/site-packages/sqlalchemy/orm/session.py", line 1555, in _connection_for_bind
    return self._transaction._connection_for_bind(
           ^^^^^^^^^^^^^^^^^^^^^^^^^^^^^^^^^^^^^^^
  File "/home/airflow/.local/lib/python3.12/site-packages/sqlalchemy/orm/session.py", line 750, in _connection_for_bind
    conn = bind.connect()
           ^^^^^^^^^^^^^^
  File "/home/airflow/.local/lib/python3.12/site-packages/sqlalchemy/future/engine.py", line 412, in connect
    return super(Engine, self).connect()
           ^^^^^^^^^^^^^^^^^^^^^^^^^^^^^
  File "/home/airflow/.local/lib/python3.12/site-packages/sqlalchemy/engine/base.py", line 3325, in connect
    return self._connection_cls(self, close_with_result=close_with_result)
           ^^^^^^^^^^^^^^^^^^^^^^^^^^^^^^^^^^^^^^^^^^^^^^^^^^^^^^^^^^^^^^^
  File "/home/airflow/.local/lib/python3.12/site-packages/sqlalchemy/engine/base.py", line 96, in __init__
    else engine.raw_connection()
         ^^^^^^^^^^^^^^^^^^^^^^^
  File "/home/airflow/.local/lib/python3.12/site-packages/sqlalchemy/engine/base.py", line 3404, in raw_connection
    return self._wrap_pool_connect(self.pool.connect, _connection)
           ^^^^^^^^^^^^^^^^^^^^^^^^^^^^^^^^^^^^^^^^^^^^^^^^^^^^^^^
  File "/home/airflow/.local/lib/python3.12/site-packages/sqlalchemy/engine/base.py", line 3374, in _wrap_pool_connect
    Connection._handle_dbapi_exception_noconnection(
  File "/home/airflow/.local/lib/python3.12/site-packages/sqlalchemy/engine/base.py", line 2208, in _handle_dbapi_exception_noconnection
    util.raise_(
  File "/home/airflow/.local/lib/python3.12/site-packages/sqlalchemy/util/compat.py", line 211, in raise_
    raise exception
  File "/home/airflow/.local/lib/python3.12/site-packages/sqlalchemy/engine/base.py", line 3371, in _wrap_pool_connect
    return fn()
           ^^^^
  File "/home/airflow/.local/lib/python3.12/site-packages/sqlalchemy/pool/base.py", line 327, in connect
    return _ConnectionFairy._checkout(self)
           ^^^^^^^^^^^^^^^^^^^^^^^^^^^^^^^^
  File "/home/airflow/.local/lib/python3.12/site-packages/sqlalchemy/pool/base.py", line 894, in _checkout
    fairy = _ConnectionRecord.checkout(pool)
            ^^^^^^^^^^^^^^^^^^^^^^^^^^^^^^^^
  File "/home/airflow/.local/lib/python3.12/site-packages/sqlalchemy/pool/base.py", line 493, in checkout
    rec = pool._do_get()
          ^^^^^^^^^^^^^^
  File "/home/airflow/.local/lib/python3.12/site-packages/sqlalchemy/pool/impl.py", line 256, in _do_get
    return self._create_connection()
           ^^^^^^^^^^^^^^^^^^^^^^^^^
  File "/home/airflow/.local/lib/python3.12/site-packages/sqlalchemy/pool/base.py", line 273, in _create_connection
    return _ConnectionRecord(self)
           ^^^^^^^^^^^^^^^^^^^^^^^
  File "/home/airflow/.local/lib/python3.12/site-packages/sqlalchemy/pool/base.py", line 388, in __init__
    self.__connect()
  File "/home/airflow/.local/lib/python3.12/site-packages/sqlalchemy/pool/base.py", line 690, in __connect
    with util.safe_reraise():
  File "/home/airflow/.local/lib/python3.12/site-packages/sqlalchemy/util/langhelpers.py", line 70, in __exit__
    compat.raise_(
  File "/home/airflow/.local/lib/python3.12/site-packages/sqlalchemy/util/compat.py", line 211, in raise_
    raise exception
  File "/home/airflow/.local/lib/python3.12/site-packages/sqlalchemy/pool/base.py", line 686, in __connect
    self.dbapi_connection = connection = pool._invoke_creator(self)
                                         ^^^^^^^^^^^^^^^^^^^^^^^^^^
  File "/home/airflow/.local/lib/python3.12/site-packages/sqlalchemy/engine/create.py", line 574, in connect
    return dialect.connect(*cargs, **cparams)
           ^^^^^^^^^^^^^^^^^^^^^^^^^^^^^^^^^^
  File "/home/airflow/.local/lib/python3.12/site-packages/sqlalchemy/engine/default.py", line 598, in connect
    return self.dbapi.connect(*cargs, **cparams)
           ^^^^^^^^^^^^^^^^^^^^^^^^^^^^^^^^^^^^^
  File "/home/airflow/.local/lib/python3.12/site-packages/psycopg2/__init__.py", line 122, in connect
    conn = _connect(dsn, connection_factory=connection_factory, **kwasync)
           ^^^^^^^^^^^^^^^^^^^^^^^^^^^^^^^^^^^^^^^^^^^^^^^^^^^^^^^^^^^^^^^
sqlalchemy.exc.OperationalError: (psycopg2.OperationalError) could not translate host name "postgres" to address: Temporary failure in name resolution

(Background on this error at: https://sqlalche.me/e/14/e3q8)
[2026-08-12T21:20:39.626+0000] {job.py:254} ERROR - Job heartbeat failed with error. Scheduler is in unhealthy state
[2026-08-12T21:20:39.538+0000] {subprocess.py:93} INFO - 	at java.base/java.util.concurrent.FutureTask.runAndReset(FutureTask.java:305)
[2026-08-12T21:20:39.751+0000] {subprocess.py:93} INFO - 	at java.base/java.util.concurrent.ScheduledThreadPoolExecutor$ScheduledFutureTask.run(ScheduledThreadPoolExecutor.java:305)
[2026-08-12T21:20:39.771+0000] {subprocess.py:93} INFO - 	at java.base/java.util.concurrent.ThreadPoolExecutor.runWorker(ThreadPoolExecutor.java:1136)
[2026-08-12T21:20:39.808+0000] {subprocess.py:93} INFO - 	at java.base/java.util.concurrent.ThreadPoolExecutor$Worker.run(ThreadPoolExecutor.java:635)
[2026-08-12T21:20:39.834+0000] {subprocess.py:93} INFO - 	at java.base/java.lang.Thread.run(Thread.java:840)
[2026-08-12T21:20:39.871+0000] {subprocess.py:93} INFO - Caused by: org.apache.spark.SparkException: Exception thrown in awaitResult:
[2026-08-12T21:20:40.063+0000] {subprocess.py:93} INFO - 	at org.apache.spark.util.SparkThreadUtils$.awaitResult(SparkThreadUtils.scala:56)
[2026-08-12T21:20:40.147+0000] {subprocess.py:93} INFO - 	at org.apache.spark.util.ThreadUtils$.awaitResult(ThreadUtils.scala:310)
[2026-08-12T21:20:40.198+0000] {subprocess.py:93} INFO - 	at org.apache.spark.rpc.RpcTimeout.awaitResult(RpcTimeout.scala:75)
[2026-08-12T21:20:40.217+0000] {subprocess.py:93} INFO - 	at org.apache.spark.rpc.RpcEnv.setupEndpointRefByURI(RpcEnv.scala:102)
[2026-08-12T21:20:40.255+0000] {subprocess.py:93} INFO - 	at org.apache.spark.rpc.RpcEnv.setupEndpointRef(RpcEnv.scala:110)
[2026-08-12T21:20:40.271+0000] {subprocess.py:93} INFO - 	at org.apache.spark.util.RpcUtils$.makeDriverRef(RpcUtils.scala:36)
[2026-08-12T21:20:40.295+0000] {subprocess.py:93} INFO - 	at org.apache.spark.storage.BlockManagerMasterEndpoint.driverEndpoint$lzycompute(BlockManagerMasterEndpoint.scala:124)
[2026-08-12T21:20:40.359+0000] {subprocess.py:93} INFO - 	at org.apache.spark.storage.BlockManagerMasterEndpoint.org$apache$spark$storage$BlockManagerMasterEndpoint$$driverEndpoint(BlockManagerMasterEndpoint.scala:123)
[2026-08-12T21:20:40.425+0000] {subprocess.py:93} INFO - 	at org.apache.spark.storage.BlockManagerMasterEndpoint.isExecutorAlive$lzycompute$1(BlockManagerMasterEndpoint.scala:688)
[2026-08-12T21:20:40.446+0000] {subprocess.py:93} INFO - 	at org.apache.spark.storage.BlockManagerMasterEndpoint.isExecutorAlive$1(BlockManagerMasterEndpoint.scala:687)
[2026-08-12T21:20:40.517+0000] {subprocess.py:93} INFO - 	at org.apache.spark.storage.BlockManagerMasterEndpoint.org$apache$spark$storage$BlockManagerMasterEndpoint$$register(BlockManagerMasterEndpoint.scala:725)
[2026-08-12T21:20:40.586+0000] {subprocess.py:93} INFO - 	at org.apache.spark.storage.BlockManagerMasterEndpoint$$anonfun$receiveAndReply$1.applyOrElse(BlockManagerMasterEndpoint.scala:133)
[2026-08-12T21:20:40.639+0000] {subprocess.py:93} INFO - 	at org.apache.spark.rpc.netty.Inbox.$anonfun$process$1(Inbox.scala:103)
[2026-08-12T21:20:40.659+0000] {subprocess.py:93} INFO - 	at org.apache.spark.rpc.netty.Inbox.safelyCall(Inbox.scala:213)
[2026-08-12T21:20:40.695+0000] {subprocess.py:93} INFO - 	at org.apache.spark.rpc.netty.Inbox.process(Inbox.scala:100)
[2026-08-12T21:20:40.739+0000] {subprocess.py:93} INFO - 	at org.apache.spark.rpc.netty.MessageLoop.org$apache$spark$rpc$netty$MessageLoop$$receiveLoop(MessageLoop.scala:75)
[2026-08-12T21:20:40.755+0000] {subprocess.py:93} INFO - 	at org.apache.spark.rpc.netty.MessageLoop$$anon$1.run(MessageLoop.scala:41)
[2026-08-12T21:20:40.781+0000] {subprocess.py:93} INFO - 	... 3 more
[2026-08-12T21:20:40.914+0000] {subprocess.py:93} INFO - Caused by: org.apache.spark.rpc.RpcEndpointNotFoundException: Cannot find endpoint: spark://CoarseGrainedScheduler@4099a95615c9:45169
[2026-08-12T21:20:40.950+0000] {subprocess.py:93} INFO - 	at org.apache.spark.rpc.netty.NettyRpcEnv.$anonfun$asyncSetupEndpointRefByURI$1(NettyRpcEnv.scala:148)
[2026-08-12T21:20:41.131+0000] {subprocess.py:93} INFO - 	at org.apache.spark.rpc.netty.NettyRpcEnv.$anonfun$asyncSetupEndpointRefByURI$1$adapted(NettyRpcEnv.scala:144)
[2026-08-12T21:20:41.187+0000] {subprocess.py:93} INFO - 	at scala.concurrent.Future.$anonfun$flatMap$1(Future.scala:307)
[2026-08-12T21:20:41.302+0000] {subprocess.py:93} INFO - 	at scala.concurrent.impl.Promise.$anonfun$transformWith$1(Promise.scala:41)
[2026-08-12T21:20:42.005+0000] {subprocess.py:93} INFO - 	at scala.concurrent.impl.CallbackRunnable.run(Promise.scala:64)
[2026-08-12T21:20:42.059+0000] {subprocess.py:93} INFO - 	at org.apache.spark.util.ThreadUtils$$anon$1.execute(ThreadUtils.scala:99)
[2026-08-12T21:20:42.167+0000] {subprocess.py:93} INFO - 	at scala.concurrent.impl.ExecutionContextImpl$$anon$4.execute(ExecutionContextImpl.scala:138)
[2026-08-12T21:20:42.259+0000] {subprocess.py:93} INFO - 	at scala.concurrent.impl.CallbackRunnable.executeWithValue(Promise.scala:72)
[2026-08-12T21:20:42.279+0000] {subprocess.py:93} INFO - 	at scala.concurrent.impl.Promise$DefaultPromise.$anonfun$tryComplete$1(Promise.scala:288)
[2026-08-12T21:20:42.318+0000] {subprocess.py:93} INFO - 	at scala.concurrent.impl.Promise$DefaultPromise.$anonfun$tryComplete$1$adapted(Promise.scala:288)
[2026-08-12T21:20:42.552+0000] {subprocess.py:93} INFO - 	at scala.concurrent.impl.Promise$DefaultPromise.tryComplete(Promise.scala:288)
[2026-08-12T21:20:42.676+0000] {subprocess.py:93} INFO - 	at scala.concurrent.Promise.complete(Promise.scala:53)
[2026-08-12T21:20:42.893+0000] {subprocess.py:93} INFO - 	at scala.concurrent.Promise.complete$(Promise.scala:52)
[2026-08-12T21:20:42.955+0000] {subprocess.py:93} INFO - 	at scala.concurrent.impl.Promise$DefaultPromise.complete(Promise.scala:187)
[2026-08-12T21:20:43.217+0000] {subprocess.py:93} INFO - 	at scala.concurrent.impl.Promise.$anonfun$transform$1(Promise.scala:33)
[2026-08-12T21:20:43.311+0000] {subprocess.py:93} INFO - 	at scala.concurrent.impl.CallbackRunnable.run(Promise.scala:64)
[2026-08-12T21:20:43.598+0000] {subprocess.py:93} INFO - 	at org.apache.spark.util.ThreadUtils$$anon$1.execute(ThreadUtils.scala:99)
[2026-08-12T21:20:43.737+0000] {subprocess.py:93} INFO - 	at scala.concurrent.impl.ExecutionContextImpl$$anon$4.execute(ExecutionContextImpl.scala:138)
[2026-08-12T21:20:43.852+0000] {subprocess.py:93} INFO - 	at scala.concurrent.impl.CallbackRunnable.executeWithValue(Promise.scala:72)
[2026-08-12T21:20:43.933+0000] {subprocess.py:93} INFO - 	at scala.concurrent.impl.Promise$DefaultPromise.$anonfun$tryComplete$1(Promise.scala:288)
[2026-08-12T21:20:43.949+0000] {subprocess.py:93} INFO - 	at scala.concurrent.impl.Promise$DefaultPromise.$anonfun$tryComplete$1$adapted(Promise.scala:288)
[2026-08-12T21:20:43.969+0000] {subprocess.py:93} INFO - 	at scala.concurrent.impl.Promise$DefaultPromise.tryComplete(Promise.scala:288)
[2026-08-12T21:20:43.998+0000] {subprocess.py:93} INFO - 	at scala.concurrent.Promise.complete(Promise.scala:53)
[2026-08-12T21:20:44.012+0000] {subprocess.py:93} INFO - 	at scala.concurrent.Promise.complete$(Promise.scala:52)
[2026-08-12T21:20:44.064+0000] {subprocess.py:93} INFO - 	at scala.concurrent.impl.Promise$DefaultPromise.complete(Promise.scala:187)
[2026-08-12T21:20:44.072+0000] {subprocess.py:93} INFO - 	at scala.concurrent.impl.Promise.$anonfun$transform$1(Promise.scala:33)
[2026-08-12T21:20:44.100+0000] {subprocess.py:93} INFO - 	at scala.concurrent.impl.CallbackRunnable.run(Promise.scala:64)
[2026-08-12T21:20:44.113+0000] {subprocess.py:93} INFO - 	at scala.concurrent.BatchingExecutor$Batch.processBatch$1(BatchingExecutor.scala:67)
[2026-08-12T21:20:44.123+0000] {subprocess.py:93} INFO - 	at scala.concurrent.BatchingExecutor$Batch.$anonfun$run$1(BatchingExecutor.scala:82)
[2026-08-12T21:20:44.155+0000] {subprocess.py:93} INFO - 	at scala.runtime.java8.JFunction0$mcV$sp.apply(JFunction0$mcV$sp.java:23)
[2026-08-12T21:20:44.165+0000] {subprocess.py:93} INFO - 	at scala.concurrent.BlockContext$.withBlockContext(BlockContext.scala:85)
[2026-08-12T21:20:44.193+0000] {subprocess.py:93} INFO - 	at scala.concurrent.BatchingExecutor$Batch.run(BatchingExecutor.scala:59)
[2026-08-12T21:20:45.303+0000] {job.py:229} INFO - Heartbeat recovered after 176.65 seconds
[2026-08-12T21:20:44.204+0000] {subprocess.py:93} INFO - 	at scala.concurrent.Future$InternalCallbackExecutor$.unbatchedExecute(Future.scala:875)
[2026-08-12T21:20:57.004+0000] {subprocess.py:93} INFO - 	at scala.concurrent.BatchingExecutor.execute(BatchingExecutor.scala:110)
[2026-08-12T21:20:57.112+0000] {subprocess.py:93} INFO - 	at scala.concurrent.BatchingExecutor.execute$(BatchingExecutor.scala:107)
[2026-08-12T21:20:57.157+0000] {subprocess.py:93} INFO - 	at scala.concurrent.Future$InternalCallbackExecutor$.execute(Future.scala:873)
[2026-08-12T21:20:57.852+0000] {subprocess.py:93} INFO - 	at scala.concurrent.impl.CallbackRunnable.executeWithValue(Promise.scala:72)
[2026-08-12T21:20:57.948+0000] {subprocess.py:93} INFO - 	at scala.concurrent.impl.Promise$DefaultPromise.$anonfun$tryComplete$1(Promise.scala:288)
[2026-08-12T21:20:58.336+0000] {subprocess.py:93} INFO - 	at scala.concurrent.impl.Promise$DefaultPromise.$anonfun$tryComplete$1$adapted(Promise.scala:288)
[2026-08-12T21:20:58.345+0000] {subprocess.py:93} INFO - 	at scala.concurrent.impl.Promise$DefaultPromise.tryComplete(Promise.scala:288)
[2026-08-12T21:20:58.446+0000] {subprocess.py:93} INFO - 	at scala.concurrent.Promise.trySuccess(Promise.scala:94)
[2026-08-12T21:20:58.484+0000] {subprocess.py:93} INFO - 	at scala.concurrent.Promise.trySuccess$(Promise.scala:94)
[2026-08-12T21:20:58.534+0000] {subprocess.py:93} INFO - 	at scala.concurrent.impl.Promise$DefaultPromise.trySuccess(Promise.scala:187)
[2026-08-12T21:20:58.550+0000] {subprocess.py:93} INFO - 	at org.apache.spark.rpc.netty.NettyRpcEnv.onSuccess$1(NettyRpcEnv.scala:225)
[2026-08-12T21:20:58.599+0000] {subprocess.py:93} INFO - 	at org.apache.spark.rpc.netty.NettyRpcEnv.$anonfun$askAbortable$5(NettyRpcEnv.scala:239)
[2026-08-12T21:20:58.619+0000] {subprocess.py:93} INFO - 	at org.apache.spark.rpc.netty.NettyRpcEnv.$anonfun$askAbortable$5$adapted(NettyRpcEnv.scala:238)
[2026-08-12T21:20:58.649+0000] {subprocess.py:93} INFO - 	at scala.concurrent.impl.CallbackRunnable.run(Promise.scala:64)
[2026-08-12T21:20:58.897+0000] {subprocess.py:93} INFO - 	at org.apache.spark.util.ThreadUtils$$anon$1.execute(ThreadUtils.scala:99)
[2026-08-12T21:20:58.921+0000] {subprocess.py:93} INFO - 	at scala.concurrent.impl.ExecutionContextImpl$$anon$4.execute(ExecutionContextImpl.scala:138)
[2026-08-12T21:20:58.946+0000] {subprocess.py:93} INFO - 	at scala.concurrent.impl.CallbackRunnable.executeWithValue(Promise.scala:72)
[2026-08-12T21:20:58.996+0000] {subprocess.py:93} INFO - 	at scala.concurrent.impl.Promise$DefaultPromise.$anonfun$tryComplete$1(Promise.scala:288)
[2026-08-12T21:20:59.091+0000] {subprocess.py:93} INFO - 	at scala.concurrent.impl.Promise$DefaultPromise.$anonfun$tryComplete$1$adapted(Promise.scala:288)
[2026-08-12T21:20:59.159+0000] {subprocess.py:93} INFO - 	at scala.concurrent.impl.Promise$DefaultPromise.tryComplete(Promise.scala:288)
[2026-08-12T21:20:59.235+0000] {subprocess.py:93} INFO - 	at scala.concurrent.Promise.complete(Promise.scala:53)
[2026-08-12T21:20:59.316+0000] {subprocess.py:93} INFO - 	at scala.concurrent.Promise.complete$(Promise.scala:52)
[2026-08-12T21:20:59.599+0000] {subprocess.py:93} INFO - 	at scala.concurrent.impl.Promise$DefaultPromise.complete(Promise.scala:187)
[2026-08-12T21:20:59.775+0000] {subprocess.py:93} INFO - 	at scala.concurrent.Promise.success(Promise.scala:86)
[2026-08-12T21:20:59.783+0000] {subprocess.py:93} INFO - 	at scala.concurrent.Promise.success$(Promise.scala:86)
[2026-08-12T21:20:59.803+0000] {subprocess.py:93} INFO - 	at scala.concurrent.impl.Promise$DefaultPromise.success(Promise.scala:187)
[2026-08-12T21:20:59.916+0000] {subprocess.py:93} INFO - 	at org.apache.spark.rpc.netty.LocalNettyRpcCallContext.send(NettyRpcCallContext.scala:50)
[2026-08-12T21:20:59.964+0000] {subprocess.py:93} INFO - 	at org.apache.spark.rpc.netty.NettyRpcCallContext.reply(NettyRpcCallContext.scala:32)
[2026-08-12T21:20:59.988+0000] {subprocess.py:93} INFO - 	at org.apache.spark.rpc.netty.RpcEndpointVerifier$$anonfun$receiveAndReply$1.applyOrElse(RpcEndpointVerifier.scala:31)
[2026-08-12T21:21:00.003+0000] {subprocess.py:93} INFO - 	... 8 more
[2026-08-12T21:21:00.071+0000] {subprocess.py:93} INFO - 26/08/12 21:20:37 ERROR Inbox: Ignoring error
[2026-08-12T21:21:00.087+0000] {subprocess.py:93} INFO - org.apache.spark.SparkException: Exception thrown in awaitResult:
[2026-08-12T21:21:00.126+0000] {subprocess.py:93} INFO - 	at org.apache.spark.util.SparkThreadUtils$.awaitResult(SparkThreadUtils.scala:56)
[2026-08-12T21:21:00.139+0000] {subprocess.py:93} INFO - 	at org.apache.spark.util.ThreadUtils$.awaitResult(ThreadUtils.scala:310)
[2026-08-12T21:21:00.145+0000] {subprocess.py:93} INFO - 	at org.apache.spark.rpc.RpcTimeout.awaitResult(RpcTimeout.scala:75)
[2026-08-12T21:21:00.221+0000] {subprocess.py:93} INFO - 	at org.apache.spark.rpc.RpcEnv.setupEndpointRefByURI(RpcEnv.scala:102)
[2026-08-12T21:21:00.243+0000] {subprocess.py:93} INFO - 	at org.apache.spark.rpc.RpcEnv.setupEndpointRef(RpcEnv.scala:110)
[2026-08-12T21:21:00.385+0000] {subprocess.py:93} INFO - 	at org.apache.spark.util.RpcUtils$.makeDriverRef(RpcUtils.scala:36)
[2026-08-12T21:21:00.419+0000] {subprocess.py:93} INFO - 	at org.apache.spark.storage.BlockManagerMasterEndpoint.driverEndpoint$lzycompute(BlockManagerMasterEndpoint.scala:124)
[2026-08-12T21:21:00.435+0000] {subprocess.py:93} INFO - 	at org.apache.spark.storage.BlockManagerMasterEndpoint.org$apache$spark$storage$BlockManagerMasterEndpoint$$driverEndpoint(BlockManagerMasterEndpoint.scala:123)
[2026-08-12T21:21:00.443+0000] {subprocess.py:93} INFO - 	at org.apache.spark.storage.BlockManagerMasterEndpoint.isExecutorAlive$lzycompute$1(BlockManagerMasterEndpoint.scala:688)
[2026-08-12T21:21:00.464+0000] {subprocess.py:93} INFO - 	at org.apache.spark.storage.BlockManagerMasterEndpoint.isExecutorAlive$1(BlockManagerMasterEndpoint.scala:687)
[2026-08-12T21:21:00.480+0000] {subprocess.py:93} INFO - 	at org.apache.spark.storage.BlockManagerMasterEndpoint.org$apache$spark$storage$BlockManagerMasterEndpoint$$register(BlockManagerMasterEndpoint.scala:725)
[2026-08-12T21:21:00.526+0000] {subprocess.py:93} INFO - 	at org.apache.spark.storage.BlockManagerMasterEndpoint$$anonfun$receiveAndReply$1.applyOrElse(BlockManagerMasterEndpoint.scala:133)
[2026-08-12T21:21:00.540+0000] {subprocess.py:93} INFO - 	at org.apache.spark.rpc.netty.Inbox.$anonfun$process$1(Inbox.scala:103)
[2026-08-12T21:21:00.674+0000] {subprocess.py:93} INFO - 	at org.apache.spark.rpc.netty.Inbox.safelyCall(Inbox.scala:213)
[2026-08-12T21:21:00.706+0000] {subprocess.py:93} INFO - 	at org.apache.spark.rpc.netty.Inbox.process(Inbox.scala:100)
[2026-08-12T21:21:00.790+0000] {subprocess.py:93} INFO - 	at org.apache.spark.rpc.netty.MessageLoop.org$apache$spark$rpc$netty$MessageLoop$$receiveLoop(MessageLoop.scala:75)
[2026-08-12T21:21:00.818+0000] {subprocess.py:93} INFO - 	at org.apache.spark.rpc.netty.MessageLoop$$anon$1.run(MessageLoop.scala:41)
[2026-08-12T21:21:00.845+0000] {subprocess.py:93} INFO - 	at java.base/java.util.concurrent.ThreadPoolExecutor.runWorker(ThreadPoolExecutor.java:1136)
[2026-08-12T21:21:00.943+0000] {subprocess.py:93} INFO - 	at java.base/java.util.concurrent.ThreadPoolExecutor$Worker.run(ThreadPoolExecutor.java:635)
[2026-08-12T21:21:01.001+0000] {subprocess.py:93} INFO - 	at java.base/java.lang.Thread.run(Thread.java:840)
[2026-08-12T21:21:01.018+0000] {subprocess.py:93} INFO - Caused by: org.apache.spark.rpc.RpcEndpointNotFoundException: Cannot find endpoint: spark://CoarseGrainedScheduler@4099a95615c9:45169
[2026-08-12T21:21:01.023+0000] {subprocess.py:93} INFO - 	at org.apache.spark.rpc.netty.NettyRpcEnv.$anonfun$asyncSetupEndpointRefByURI$1(NettyRpcEnv.scala:148)
[2026-08-12T21:21:01.174+0000] {subprocess.py:93} INFO - 	at org.apache.spark.rpc.netty.NettyRpcEnv.$anonfun$asyncSetupEndpointRefByURI$1$adapted(NettyRpcEnv.scala:144)
[2026-08-12T21:21:01.231+0000] {subprocess.py:93} INFO - 	at scala.concurrent.Future.$anonfun$flatMap$1(Future.scala:307)
[2026-08-12T21:21:01.296+0000] {subprocess.py:93} INFO - 	at scala.concurrent.impl.Promise.$anonfun$transformWith$1(Promise.scala:41)
[2026-08-12T21:21:01.314+0000] {subprocess.py:93} INFO - 	at scala.concurrent.impl.CallbackRunnable.run(Promise.scala:64)
[2026-08-12T21:21:01.362+0000] {subprocess.py:93} INFO - 	at org.apache.spark.util.ThreadUtils$$anon$1.execute(ThreadUtils.scala:99)
[2026-08-12T21:21:01.483+0000] {subprocess.py:93} INFO - 	at scala.concurrent.impl.ExecutionContextImpl$$anon$4.execute(ExecutionContextImpl.scala:138)
[2026-08-12T21:21:01.545+0000] {subprocess.py:93} INFO - 	at scala.concurrent.impl.CallbackRunnable.executeWithValue(Promise.scala:72)
[2026-08-12T21:21:01.576+0000] {subprocess.py:93} INFO - 	at scala.concurrent.impl.Promise$DefaultPromise.$anonfun$tryComplete$1(Promise.scala:288)
[2026-08-12T21:21:01.678+0000] {subprocess.py:93} INFO - 	at scala.concurrent.impl.Promise$DefaultPromise.$anonfun$tryComplete$1$adapted(Promise.scala:288)
[2026-08-12T21:21:01.696+0000] {subprocess.py:93} INFO - 	at scala.concurrent.impl.Promise$DefaultPromise.tryComplete(Promise.scala:288)
[2026-08-12T21:21:01.742+0000] {subprocess.py:93} INFO - 	at scala.concurrent.Promise.complete(Promise.scala:53)
[2026-08-12T21:21:01.775+0000] {subprocess.py:93} INFO - 	at scala.concurrent.Promise.complete$(Promise.scala:52)
[2026-08-12T21:21:01.848+0000] {subprocess.py:93} INFO - 	at scala.concurrent.impl.Promise$DefaultPromise.complete(Promise.scala:187)
[2026-08-12T21:21:02.176+0000] {subprocess.py:93} INFO - 	at scala.concurrent.impl.Promise.$anonfun$transform$1(Promise.scala:33)
[2026-08-12T21:21:02.260+0000] {subprocess.py:93} INFO - 	at scala.concurrent.impl.CallbackRunnable.run(Promise.scala:64)
[2026-08-12T21:21:02.273+0000] {subprocess.py:93} INFO - 	at org.apache.spark.util.ThreadUtils$$anon$1.execute(ThreadUtils.scala:99)
[2026-08-12T21:21:02.336+0000] {subprocess.py:93} INFO - 	at scala.concurrent.impl.ExecutionContextImpl$$anon$4.execute(ExecutionContextImpl.scala:138)
[2026-08-12T21:21:02.349+0000] {subprocess.py:93} INFO - 	at scala.concurrent.impl.CallbackRunnable.executeWithValue(Promise.scala:72)
[2026-08-12T21:21:02.380+0000] {subprocess.py:93} INFO - 	at scala.concurrent.impl.Promise$DefaultPromise.$anonfun$tryComplete$1(Promise.scala:288)
[2026-08-12T21:21:02.508+0000] {subprocess.py:93} INFO - 	at scala.concurrent.impl.Promise$DefaultPromise.$anonfun$tryComplete$1$adapted(Promise.scala:288)
[2026-08-12T21:21:02.581+0000] {subprocess.py:93} INFO - 	at scala.concurrent.impl.Promise$DefaultPromise.tryComplete(Promise.scala:288)
[2026-08-12T21:21:02.668+0000] {subprocess.py:93} INFO - 	at scala.concurrent.Promise.complete(Promise.scala:53)
[2026-08-12T21:21:02.688+0000] {subprocess.py:93} INFO - 	at scala.concurrent.Promise.complete$(Promise.scala:52)
[2026-08-12T21:21:02.704+0000] {subprocess.py:93} INFO - 	at scala.concurrent.impl.Promise$DefaultPromise.complete(Promise.scala:187)
[2026-08-12T21:21:02.751+0000] {subprocess.py:93} INFO - 	at scala.concurrent.impl.Promise.$anonfun$transform$1(Promise.scala:33)
[2026-08-12T21:21:02.755+0000] {subprocess.py:93} INFO - 	at scala.concurrent.impl.CallbackRunnable.run(Promise.scala:64)
[2026-08-12T21:21:02.808+0000] {subprocess.py:93} INFO - 	at scala.concurrent.BatchingExecutor$Batch.processBatch$1(BatchingExecutor.scala:67)
[2026-08-12T21:21:02.843+0000] {subprocess.py:93} INFO - 	at scala.concurrent.BatchingExecutor$Batch.$anonfun$run$1(BatchingExecutor.scala:82)
[2026-08-12T21:21:02.873+0000] {subprocess.py:93} INFO - 	at scala.runtime.java8.JFunction0$mcV$sp.apply(JFunction0$mcV$sp.java:23)
[2026-08-12T21:21:02.886+0000] {subprocess.py:93} INFO - 	at scala.concurrent.BlockContext$.withBlockContext(BlockContext.scala:85)
[2026-08-12T21:21:02.923+0000] {subprocess.py:93} INFO - 	at scala.concurrent.BatchingExecutor$Batch.run(BatchingExecutor.scala:59)
[2026-08-12T21:21:03.040+0000] {subprocess.py:93} INFO - 	at scala.concurrent.Future$InternalCallbackExecutor$.unbatchedExecute(Future.scala:875)
[2026-08-12T21:21:03.081+0000] {subprocess.py:93} INFO - 	at scala.concurrent.BatchingExecutor.execute(BatchingExecutor.scala:110)
[2026-08-12T21:21:03.104+0000] {subprocess.py:93} INFO - 	at scala.concurrent.BatchingExecutor.execute$(BatchingExecutor.scala:107)
[2026-08-12T21:21:03.131+0000] {subprocess.py:93} INFO - 	at scala.concurrent.Future$InternalCallbackExecutor$.execute(Future.scala:873)
[2026-08-12T21:21:03.148+0000] {subprocess.py:93} INFO - 	at scala.concurrent.impl.CallbackRunnable.executeWithValue(Promise.scala:72)
[2026-08-12T21:21:03.192+0000] {subprocess.py:93} INFO - 	at scala.concurrent.impl.Promise$DefaultPromise.$anonfun$tryComplete$1(Promise.scala:288)
[2026-08-12T21:21:03.199+0000] {subprocess.py:93} INFO - 	at scala.concurrent.impl.Promise$DefaultPromise.$anonfun$tryComplete$1$adapted(Promise.scala:288)
[2026-08-12T21:21:03.222+0000] {subprocess.py:93} INFO - 	at scala.concurrent.impl.Promise$DefaultPromise.tryComplete(Promise.scala:288)
[2026-08-12T21:21:03.282+0000] {subprocess.py:93} INFO - 	at scala.concurrent.Promise.trySuccess(Promise.scala:94)
[2026-08-12T21:21:03.314+0000] {subprocess.py:93} INFO - 	at scala.concurrent.Promise.trySuccess$(Promise.scala:94)
[2026-08-12T21:21:03.349+0000] {subprocess.py:93} INFO - 	at scala.concurrent.impl.Promise$DefaultPromise.trySuccess(Promise.scala:187)
[2026-08-12T21:21:03.421+0000] {subprocess.py:93} INFO - 	at org.apache.spark.rpc.netty.NettyRpcEnv.onSuccess$1(NettyRpcEnv.scala:225)
[2026-08-12T21:21:03.451+0000] {subprocess.py:93} INFO - 	at org.apache.spark.rpc.netty.NettyRpcEnv.$anonfun$askAbortable$5(NettyRpcEnv.scala:239)
[2026-08-12T21:21:03.486+0000] {subprocess.py:93} INFO - 	at org.apache.spark.rpc.netty.NettyRpcEnv.$anonfun$askAbortable$5$adapted(NettyRpcEnv.scala:238)
[2026-08-12T21:21:03.523+0000] {subprocess.py:93} INFO - 	at scala.concurrent.impl.CallbackRunnable.run(Promise.scala:64)
[2026-08-12T21:21:03.538+0000] {subprocess.py:93} INFO - 	at org.apache.spark.util.ThreadUtils$$anon$1.execute(ThreadUtils.scala:99)
[2026-08-12T21:21:03.548+0000] {subprocess.py:93} INFO - 	at scala.concurrent.impl.ExecutionContextImpl$$anon$4.execute(ExecutionContextImpl.scala:138)
[2026-08-12T21:21:03.563+0000] {subprocess.py:93} INFO - 	at scala.concurrent.impl.CallbackRunnable.executeWithValue(Promise.scala:72)
[2026-08-12T21:21:03.692+0000] {subprocess.py:93} INFO - 	at scala.concurrent.impl.Promise$DefaultPromise.$anonfun$tryComplete$1(Promise.scala:288)
[2026-08-12T21:21:03.709+0000] {subprocess.py:93} INFO - 	at scala.concurrent.impl.Promise$DefaultPromise.$anonfun$tryComplete$1$adapted(Promise.scala:288)
[2026-08-12T21:21:03.733+0000] {subprocess.py:93} INFO - 	at scala.concurrent.impl.Promise$DefaultPromise.tryComplete(Promise.scala:288)
[2026-08-12T21:21:03.758+0000] {subprocess.py:93} INFO - 	at scala.concurrent.Promise.complete(Promise.scala:53)
[2026-08-12T21:21:03.768+0000] {subprocess.py:93} INFO - 	at scala.concurrent.Promise.complete$(Promise.scala:52)
[2026-08-12T21:21:03.810+0000] {subprocess.py:93} INFO - 	at scala.concurrent.impl.Promise$DefaultPromise.complete(Promise.scala:187)
[2026-08-12T21:21:03.847+0000] {subprocess.py:93} INFO - 	at scala.concurrent.Promise.success(Promise.scala:86)
[2026-08-12T21:21:04.032+0000] {subprocess.py:93} INFO - 	at scala.concurrent.Promise.success$(Promise.scala:86)
[2026-08-12T21:21:04.048+0000] {subprocess.py:93} INFO - 	at scala.concurrent.impl.Promise$DefaultPromise.success(Promise.scala:187)
[2026-08-12T21:21:04.055+0000] {subprocess.py:93} INFO - 	at org.apache.spark.rpc.netty.LocalNettyRpcCallContext.send(NettyRpcCallContext.scala:50)
[2026-08-12T21:21:04.085+0000] {subprocess.py:93} INFO - 	at org.apache.spark.rpc.netty.NettyRpcCallContext.reply(NettyRpcCallContext.scala:32)
[2026-08-12T21:21:04.139+0000] {subprocess.py:93} INFO - 	at org.apache.spark.rpc.netty.RpcEndpointVerifier$$anonfun$receiveAndReply$1.applyOrElse(RpcEndpointVerifier.scala:31)
[2026-08-12T21:21:04.227+0000] {subprocess.py:93} INFO - 	... 8 more
[2026-08-12T21:21:04.273+0000] {subprocess.py:93} INFO - 26/08/12 21:20:38 ERROR Inbox: Ignoring error
[2026-08-12T21:21:04.334+0000] {subprocess.py:93} INFO - org.apache.spark.SparkException: Exception thrown in awaitResult:
[2026-08-12T21:21:04.338+0000] {subprocess.py:93} INFO - 	at org.apache.spark.util.SparkThreadUtils$.awaitResult(SparkThreadUtils.scala:56)
[2026-08-12T21:21:04.366+0000] {subprocess.py:93} INFO - 	at org.apache.spark.util.ThreadUtils$.awaitResult(ThreadUtils.scala:310)
[2026-08-12T21:21:04.427+0000] {subprocess.py:93} INFO - 	at org.apache.spark.rpc.RpcTimeout.awaitResult(RpcTimeout.scala:75)
[2026-08-12T21:21:04.449+0000] {subprocess.py:93} INFO - 	at org.apache.spark.rpc.RpcEnv.setupEndpointRefByURI(RpcEnv.scala:102)
[2026-08-12T21:21:04.506+0000] {subprocess.py:93} INFO - 	at org.apache.spark.rpc.RpcEnv.setupEndpointRef(RpcEnv.scala:110)
[2026-08-12T21:21:04.565+0000] {subprocess.py:93} INFO - 	at org.apache.spark.util.RpcUtils$.makeDriverRef(RpcUtils.scala:36)
[2026-08-12T21:21:04.621+0000] {subprocess.py:93} INFO - 	at org.apache.spark.storage.BlockManagerMasterEndpoint.driverEndpoint$lzycompute(BlockManagerMasterEndpoint.scala:124)
[2026-08-12T21:21:04.672+0000] {subprocess.py:93} INFO - 	at org.apache.spark.storage.BlockManagerMasterEndpoint.org$apache$spark$storage$BlockManagerMasterEndpoint$$driverEndpoint(BlockManagerMasterEndpoint.scala:123)
[2026-08-12T21:21:04.779+0000] {subprocess.py:93} INFO - 	at org.apache.spark.storage.BlockManagerMasterEndpoint.isExecutorAlive$lzycompute$1(BlockManagerMasterEndpoint.scala:688)
[2026-08-12T21:21:04.970+0000] {subprocess.py:93} INFO - 	at org.apache.spark.storage.BlockManagerMasterEndpoint.isExecutorAlive$1(BlockManagerMasterEndpoint.scala:687)
[2026-08-12T21:21:04.979+0000] {subprocess.py:93} INFO - 	at org.apache.spark.storage.BlockManagerMasterEndpoint.org$apache$spark$storage$BlockManagerMasterEndpoint$$register(BlockManagerMasterEndpoint.scala:725)
[2026-08-12T21:21:05.056+0000] {subprocess.py:93} INFO - 	at org.apache.spark.storage.BlockManagerMasterEndpoint$$anonfun$receiveAndReply$1.applyOrElse(BlockManagerMasterEndpoint.scala:133)
[2026-08-12T21:21:05.078+0000] {subprocess.py:93} INFO - 	at org.apache.spark.rpc.netty.Inbox.$anonfun$process$1(Inbox.scala:103)
[2026-08-12T21:21:05.215+0000] {subprocess.py:93} INFO - 	at org.apache.spark.rpc.netty.Inbox.safelyCall(Inbox.scala:213)
[2026-08-12T21:21:05.330+0000] {subprocess.py:93} INFO - 	at org.apache.spark.rpc.netty.Inbox.process(Inbox.scala:100)
[2026-08-12T21:21:05.349+0000] {subprocess.py:93} INFO - 	at org.apache.spark.rpc.netty.MessageLoop.org$apache$spark$rpc$netty$MessageLoop$$receiveLoop(MessageLoop.scala:75)
[2026-08-12T21:21:05.393+0000] {subprocess.py:93} INFO - 	at org.apache.spark.rpc.netty.MessageLoop$$anon$1.run(MessageLoop.scala:41)
[2026-08-12T21:21:05.425+0000] {subprocess.py:93} INFO - 	at java.base/java.util.concurrent.ThreadPoolExecutor.runWorker(ThreadPoolExecutor.java:1136)
[2026-08-12T21:21:05.475+0000] {subprocess.py:93} INFO - 	at java.base/java.util.concurrent.ThreadPoolExecutor$Worker.run(ThreadPoolExecutor.java:635)
[2026-08-12T21:21:05.507+0000] {subprocess.py:93} INFO - 	at java.base/java.lang.Thread.run(Thread.java:840)
[2026-08-12T21:21:05.554+0000] {subprocess.py:93} INFO - Caused by: org.apache.spark.rpc.RpcEndpointNotFoundException: Cannot find endpoint: spark://CoarseGrainedScheduler@4099a95615c9:45169
[2026-08-12T21:21:05.590+0000] {subprocess.py:93} INFO - 	at org.apache.spark.rpc.netty.NettyRpcEnv.$anonfun$asyncSetupEndpointRefByURI$1(NettyRpcEnv.scala:148)
[2026-08-12T21:21:05.596+0000] {subprocess.py:93} INFO - 	at org.apache.spark.rpc.netty.NettyRpcEnv.$anonfun$asyncSetupEndpointRefByURI$1$adapted(NettyRpcEnv.scala:144)
[2026-08-12T21:21:05.608+0000] {subprocess.py:93} INFO - 	at scala.concurrent.Future.$anonfun$flatMap$1(Future.scala:307)
[2026-08-12T21:21:05.612+0000] {subprocess.py:93} INFO - 	at scala.concurrent.impl.Promise.$anonfun$transformWith$1(Promise.scala:41)
[2026-08-12T21:21:05.626+0000] {subprocess.py:93} INFO - 	at scala.concurrent.impl.CallbackRunnable.run(Promise.scala:64)
[2026-08-12T21:21:05.676+0000] {subprocess.py:93} INFO - 	at org.apache.spark.util.ThreadUtils$$anon$1.execute(ThreadUtils.scala:99)
[2026-08-12T21:21:05.686+0000] {subprocess.py:93} INFO - 	at scala.concurrent.impl.ExecutionContextImpl$$anon$4.execute(ExecutionContextImpl.scala:138)
[2026-08-12T21:21:05.692+0000] {subprocess.py:93} INFO - 	at scala.concurrent.impl.CallbackRunnable.executeWithValue(Promise.scala:72)
[2026-08-12T21:21:05.708+0000] {subprocess.py:93} INFO - 	at scala.concurrent.impl.Promise$DefaultPromise.$anonfun$tryComplete$1(Promise.scala:288)
[2026-08-12T21:21:05.731+0000] {subprocess.py:93} INFO - 	at scala.concurrent.impl.Promise$DefaultPromise.$anonfun$tryComplete$1$adapted(Promise.scala:288)
[2026-08-12T21:21:05.747+0000] {subprocess.py:93} INFO - 	at scala.concurrent.impl.Promise$DefaultPromise.tryComplete(Promise.scala:288)
[2026-08-12T21:21:05.758+0000] {subprocess.py:93} INFO - 	at scala.concurrent.Promise.complete(Promise.scala:53)
[2026-08-12T21:21:05.774+0000] {subprocess.py:93} INFO - 	at scala.concurrent.Promise.complete$(Promise.scala:52)
[2026-08-12T21:21:05.945+0000] {subprocess.py:93} INFO - 	at scala.concurrent.impl.Promise$DefaultPromise.complete(Promise.scala:187)
[2026-08-12T21:21:05.994+0000] {subprocess.py:93} INFO - 	at scala.concurrent.impl.Promise.$anonfun$transform$1(Promise.scala:33)
[2026-08-12T21:21:06.020+0000] {subprocess.py:93} INFO - 	at scala.concurrent.impl.CallbackRunnable.run(Promise.scala:64)
[2026-08-12T21:21:06.487+0000] {subprocess.py:93} INFO - 	at org.apache.spark.util.ThreadUtils$$anon$1.execute(ThreadUtils.scala:99)
[2026-08-12T21:21:06.619+0000] {subprocess.py:93} INFO - 	at scala.concurrent.impl.ExecutionContextImpl$$anon$4.execute(ExecutionContextImpl.scala:138)
[2026-08-12T21:21:06.656+0000] {subprocess.py:93} INFO - 	at scala.concurrent.impl.CallbackRunnable.executeWithValue(Promise.scala:72)
[2026-08-12T21:21:06.706+0000] {subprocess.py:93} INFO - 	at scala.concurrent.impl.Promise$DefaultPromise.$anonfun$tryComplete$1(Promise.scala:288)
[2026-08-12T21:21:06.811+0000] {subprocess.py:93} INFO - 	at scala.concurrent.impl.Promise$DefaultPromise.$anonfun$tryComplete$1$adapted(Promise.scala:288)
[2026-08-12T21:21:06.863+0000] {subprocess.py:93} INFO - 	at scala.concurrent.impl.Promise$DefaultPromise.tryComplete(Promise.scala:288)
[2026-08-12T21:21:07.113+0000] {subprocess.py:93} INFO - 	at scala.concurrent.Promise.complete(Promise.scala:53)
[2026-08-12T21:21:07.158+0000] {subprocess.py:93} INFO - 	at scala.concurrent.Promise.complete$(Promise.scala:52)
[2026-08-12T21:21:07.173+0000] {subprocess.py:93} INFO - 	at scala.concurrent.impl.Promise$DefaultPromise.complete(Promise.scala:187)
[2026-08-12T21:21:07.219+0000] {subprocess.py:93} INFO - 	at scala.concurrent.impl.Promise.$anonfun$transform$1(Promise.scala:33)
[2026-08-12T21:21:07.282+0000] {subprocess.py:93} INFO - 	at scala.concurrent.impl.CallbackRunnable.run(Promise.scala:64)
[2026-08-12T21:21:07.294+0000] {subprocess.py:93} INFO - 	at scala.concurrent.BatchingExecutor$Batch.processBatch$1(BatchingExecutor.scala:67)
[2026-08-12T21:21:07.426+0000] {subprocess.py:93} INFO - 	at scala.concurrent.BatchingExecutor$Batch.$anonfun$run$1(BatchingExecutor.scala:82)
[2026-08-12T21:21:07.496+0000] {subprocess.py:93} INFO - 	at scala.runtime.java8.JFunction0$mcV$sp.apply(JFunction0$mcV$sp.java:23)
[2026-08-12T21:21:07.505+0000] {subprocess.py:93} INFO - 	at scala.concurrent.BlockContext$.withBlockContext(BlockContext.scala:85)
[2026-08-12T21:21:07.512+0000] {subprocess.py:93} INFO - 	at scala.concurrent.BatchingExecutor$Batch.run(BatchingExecutor.scala:59)
[2026-08-12T21:21:07.584+0000] {subprocess.py:93} INFO - 	at scala.concurrent.Future$InternalCallbackExecutor$.unbatchedExecute(Future.scala:875)
[2026-08-12T21:21:07.623+0000] {subprocess.py:93} INFO - 	at scala.concurrent.BatchingExecutor.execute(BatchingExecutor.scala:110)
[2026-08-12T21:21:07.636+0000] {subprocess.py:93} INFO - 	at scala.concurrent.BatchingExecutor.execute$(BatchingExecutor.scala:107)
[2026-08-12T21:21:07.646+0000] {subprocess.py:93} INFO - 	at scala.concurrent.Future$InternalCallbackExecutor$.execute(Future.scala:873)
[2026-08-12T21:21:07.686+0000] {subprocess.py:93} INFO - 	at scala.concurrent.impl.CallbackRunnable.executeWithValue(Promise.scala:72)
[2026-08-12T21:21:07.745+0000] {subprocess.py:93} INFO - 	at scala.concurrent.impl.Promise$DefaultPromise.$anonfun$tryComplete$1(Promise.scala:288)
[2026-08-12T21:21:07.807+0000] {subprocess.py:93} INFO - 	at scala.concurrent.impl.Promise$DefaultPromise.$anonfun$tryComplete$1$adapted(Promise.scala:288)
[2026-08-12T21:21:07.860+0000] {subprocess.py:93} INFO - 	at scala.concurrent.impl.Promise$DefaultPromise.tryComplete(Promise.scala:288)
[2026-08-12T21:21:07.919+0000] {subprocess.py:93} INFO - 	at scala.concurrent.Promise.trySuccess(Promise.scala:94)
[2026-08-12T21:21:07.979+0000] {subprocess.py:93} INFO - 	at scala.concurrent.Promise.trySuccess$(Promise.scala:94)
[2026-08-12T21:21:08.005+0000] {subprocess.py:93} INFO - 	at scala.concurrent.impl.Promise$DefaultPromise.trySuccess(Promise.scala:187)
[2026-08-12T21:21:08.035+0000] {subprocess.py:93} INFO - 	at org.apache.spark.rpc.netty.NettyRpcEnv.onSuccess$1(NettyRpcEnv.scala:225)
[2026-08-12T21:21:08.094+0000] {subprocess.py:93} INFO - 	at org.apache.spark.rpc.netty.NettyRpcEnv.$anonfun$askAbortable$5(NettyRpcEnv.scala:239)
[2026-08-12T21:21:08.451+0000] {subprocess.py:93} INFO - 	at org.apache.spark.rpc.netty.NettyRpcEnv.$anonfun$askAbortable$5$adapted(NettyRpcEnv.scala:238)
[2026-08-12T21:21:08.504+0000] {subprocess.py:93} INFO - 	at scala.concurrent.impl.CallbackRunnable.run(Promise.scala:64)
[2026-08-12T21:21:08.582+0000] {subprocess.py:93} INFO - 	at org.apache.spark.util.ThreadUtils$$anon$1.execute(ThreadUtils.scala:99)
[2026-08-12T21:21:09.054+0000] {subprocess.py:93} INFO - 	at scala.concurrent.impl.ExecutionContextImpl$$anon$4.execute(ExecutionContextImpl.scala:138)
[2026-08-12T21:21:09.058+0000] {subprocess.py:93} INFO - 	at scala.concurrent.impl.CallbackRunnable.executeWithValue(Promise.scala:72)
[2026-08-12T21:21:09.084+0000] {subprocess.py:93} INFO - 	at scala.concurrent.impl.Promise$DefaultPromise.$anonfun$tryComplete$1(Promise.scala:288)
[2026-08-12T21:21:09.167+0000] {subprocess.py:93} INFO - 	at scala.concurrent.impl.Promise$DefaultPromise.$anonfun$tryComplete$1$adapted(Promise.scala:288)
[2026-08-12T21:21:09.201+0000] {subprocess.py:93} INFO - 	at scala.concurrent.impl.Promise$DefaultPromise.tryComplete(Promise.scala:288)
[2026-08-12T21:21:09.336+0000] {subprocess.py:93} INFO - 	at scala.concurrent.Promise.complete(Promise.scala:53)
[2026-08-12T21:21:09.405+0000] {subprocess.py:93} INFO - 	at scala.concurrent.Promise.complete$(Promise.scala:52)
[2026-08-12T21:21:09.413+0000] {subprocess.py:93} INFO - 	at scala.concurrent.impl.Promise$DefaultPromise.complete(Promise.scala:187)
[2026-08-12T21:21:09.451+0000] {subprocess.py:93} INFO - 	at scala.concurrent.Promise.success(Promise.scala:86)
[2026-08-12T21:21:09.468+0000] {subprocess.py:93} INFO - 	at scala.concurrent.Promise.success$(Promise.scala:86)
[2026-08-12T21:21:09.486+0000] {subprocess.py:93} INFO - 	at scala.concurrent.impl.Promise$DefaultPromise.success(Promise.scala:187)
[2026-08-12T21:21:09.534+0000] {subprocess.py:93} INFO - 	at org.apache.spark.rpc.netty.LocalNettyRpcCallContext.send(NettyRpcCallContext.scala:50)
[2026-08-12T21:21:09.592+0000] {subprocess.py:93} INFO - 	at org.apache.spark.rpc.netty.NettyRpcCallContext.reply(NettyRpcCallContext.scala:32)
[2026-08-12T21:21:09.628+0000] {subprocess.py:93} INFO - 	at org.apache.spark.rpc.netty.RpcEndpointVerifier$$anonfun$receiveAndReply$1.applyOrElse(RpcEndpointVerifier.scala:31)
[2026-08-12T21:21:09.650+0000] {subprocess.py:93} INFO - 	... 8 more
[2026-08-12T21:21:09.704+0000] {subprocess.py:93} INFO - 26/08/12 21:20:39 WARN Executor: Issue communicating with driver in heartbeater
[2026-08-12T21:21:09.711+0000] {subprocess.py:93} INFO - org.apache.spark.SparkException: Exception thrown in awaitResult:
[2026-08-12T21:21:09.713+0000] {subprocess.py:93} INFO - 	at org.apache.spark.util.SparkThreadUtils$.awaitResult(SparkThreadUtils.scala:56)
[2026-08-12T21:21:09.716+0000] {subprocess.py:93} INFO - 	at org.apache.spark.util.ThreadUtils$.awaitResult(ThreadUtils.scala:310)
[2026-08-12T21:21:09.729+0000] {job.py:229} INFO - Heartbeat recovered after 18.17 seconds
[2026-08-12T21:21:09.744+0000] {subprocess.py:93} INFO - 	at org.apache.spark.rpc.RpcTimeout.awaitResult(RpcTimeout.scala:75)
[2026-08-12T21:21:09.843+0000] {subprocess.py:93} INFO - 	at org.apache.spark.rpc.RpcEndpointRef.askSync(RpcEndpointRef.scala:101)
[2026-08-12T21:21:09.854+0000] {subprocess.py:93} INFO - 	at org.apache.spark.rpc.RpcEndpointRef.askSync(RpcEndpointRef.scala:85)
[2026-08-12T21:21:09.858+0000] {subprocess.py:93} INFO - 	at org.apache.spark.storage.BlockManagerMaster.registerBlockManager(BlockManagerMaster.scala:80)
[2026-08-12T21:21:09.874+0000] {subprocess.py:93} INFO - 	at org.apache.spark.storage.BlockManager.reregister(BlockManager.scala:642)
[2026-08-12T21:21:09.888+0000] {subprocess.py:93} INFO - 	at org.apache.spark.executor.Executor.reportHeartBeat(Executor.scala:1223)
[2026-08-12T21:21:09.905+0000] {subprocess.py:93} INFO - 	at org.apache.spark.executor.Executor.$anonfun$heartbeater$1(Executor.scala:295)
[2026-08-12T21:21:09.919+0000] {subprocess.py:93} INFO - 	at scala.runtime.java8.JFunction0$mcV$sp.apply(JFunction0$mcV$sp.java:23)
[2026-08-12T21:21:09.945+0000] {subprocess.py:93} INFO - 	at org.apache.spark.util.Utils$.logUncaughtExceptions(Utils.scala:1928)
[2026-08-12T21:21:09.949+0000] {subprocess.py:93} INFO - 	at org.apache.spark.Heartbeater$$anon$1.run(Heartbeater.scala:46)
[2026-08-12T21:21:09.988+0000] {subprocess.py:93} INFO - 	at java.base/java.util.concurrent.Executors$RunnableAdapter.call(Executors.java:539)
[2026-08-12T21:21:10.053+0000] {subprocess.py:93} INFO - 	at java.base/java.util.concurrent.FutureTask.runAndReset(FutureTask.java:305)
[2026-08-12T21:21:10.071+0000] {subprocess.py:93} INFO - 	at java.base/java.util.concurrent.ScheduledThreadPoolExecutor$ScheduledFutureTask.run(ScheduledThreadPoolExecutor.java:305)
[2026-08-12T21:21:10.113+0000] {subprocess.py:93} INFO - 	at java.base/java.util.concurrent.ThreadPoolExecutor.runWorker(ThreadPoolExecutor.java:1136)
[2026-08-12T21:21:10.186+0000] {subprocess.py:93} INFO - 	at java.base/java.util.concurrent.ThreadPoolExecutor$Worker.run(ThreadPoolExecutor.java:635)
[2026-08-12T21:21:10.245+0000] {subprocess.py:93} INFO - 	at java.base/java.lang.Thread.run(Thread.java:840)
[2026-08-12T21:21:10.285+0000] {subprocess.py:93} INFO - Caused by: org.apache.spark.SparkException: Exception thrown in awaitResult:
[2026-08-12T21:21:10.372+0000] {subprocess.py:93} INFO - 	at org.apache.spark.util.SparkThreadUtils$.awaitResult(SparkThreadUtils.scala:56)
[2026-08-12T21:21:10.532+0000] {subprocess.py:93} INFO - 	at org.apache.spark.util.ThreadUtils$.awaitResult(ThreadUtils.scala:310)
[2026-08-12T21:21:10.560+0000] {subprocess.py:93} INFO - 	at org.apache.spark.rpc.RpcTimeout.awaitResult(RpcTimeout.scala:75)
[2026-08-12T21:21:10.653+0000] {subprocess.py:93} INFO - 	at org.apache.spark.rpc.RpcEnv.setupEndpointRefByURI(RpcEnv.scala:102)
[2026-08-12T21:21:10.708+0000] {subprocess.py:93} INFO - 	at org.apache.spark.rpc.RpcEnv.setupEndpointRef(RpcEnv.scala:110)
[2026-08-12T21:21:10.779+0000] {subprocess.py:93} INFO - 	at org.apache.spark.util.RpcUtils$.makeDriverRef(RpcUtils.scala:36)
[2026-08-12T21:21:10.817+0000] {subprocess.py:93} INFO - 	at org.apache.spark.storage.BlockManagerMasterEndpoint.driverEndpoint$lzycompute(BlockManagerMasterEndpoint.scala:124)
[2026-08-12T21:21:10.864+0000] {subprocess.py:93} INFO - 	at org.apache.spark.storage.BlockManagerMasterEndpoint.org$apache$spark$storage$BlockManagerMasterEndpoint$$driverEndpoint(BlockManagerMasterEndpoint.scala:123)
[2026-08-12T21:21:10.882+0000] {subprocess.py:93} INFO - 	at org.apache.spark.storage.BlockManagerMasterEndpoint.isExecutorAlive$lzycompute$1(BlockManagerMasterEndpoint.scala:688)
[2026-08-12T21:21:10.936+0000] {subprocess.py:93} INFO - 	at org.apache.spark.storage.BlockManagerMasterEndpoint.isExecutorAlive$1(BlockManagerMasterEndpoint.scala:687)
[2026-08-12T21:21:10.975+0000] {subprocess.py:93} INFO - 	at org.apache.spark.storage.BlockManagerMasterEndpoint.org$apache$spark$storage$BlockManagerMasterEndpoint$$register(BlockManagerMasterEndpoint.scala:725)
[2026-08-12T21:21:10.984+0000] {subprocess.py:93} INFO - 	at org.apache.spark.storage.BlockManagerMasterEndpoint$$anonfun$receiveAndReply$1.applyOrElse(BlockManagerMasterEndpoint.scala:133)
[2026-08-12T21:21:11.006+0000] {subprocess.py:93} INFO - 	at org.apache.spark.rpc.netty.Inbox.$anonfun$process$1(Inbox.scala:103)
[2026-08-12T21:21:11.035+0000] {subprocess.py:93} INFO - 	at org.apache.spark.rpc.netty.Inbox.safelyCall(Inbox.scala:213)
[2026-08-12T21:21:11.055+0000] {subprocess.py:93} INFO - 	at org.apache.spark.rpc.netty.Inbox.process(Inbox.scala:100)
[2026-08-12T21:21:11.094+0000] {subprocess.py:93} INFO - 	at org.apache.spark.rpc.netty.MessageLoop.org$apache$spark$rpc$netty$MessageLoop$$receiveLoop(MessageLoop.scala:75)
[2026-08-12T21:21:11.131+0000] {subprocess.py:93} INFO - 	at org.apache.spark.rpc.netty.MessageLoop$$anon$1.run(MessageLoop.scala:41)
[2026-08-12T21:21:11.223+0000] {subprocess.py:93} INFO - 	... 3 more
[2026-08-12T21:21:11.172+0000] {subprocess.py:93} INFO - Caused by: org.apache.spark.rpc.RpcEndpointNotFoundException: Cannot find endpoint: spark://CoarseGrainedScheduler@4099a95615c9:45169
[2026-08-12T21:21:11.191+0000] {subprocess.py:93} INFO - 	at org.apache.spark.rpc.netty.NettyRpcEnv.$anonfun$asyncSetupEndpointRefByURI$1(NettyRpcEnv.scala:148)
[2026-08-12T21:21:11.195+0000] {subprocess.py:93} INFO - 	at org.apache.spark.rpc.netty.NettyRpcEnv.$anonfun$asyncSetupEndpointRefByURI$1$adapted(NettyRpcEnv.scala:144)
[2026-08-12T21:21:11.201+0000] {subprocess.py:93} INFO - 	at scala.concurrent.Future.$anonfun$flatMap$1(Future.scala:307)
[2026-08-12T21:21:11.207+0000] {subprocess.py:93} INFO - 	at scala.concurrent.impl.Promise.$anonfun$transformWith$1(Promise.scala:41)
[2026-08-12T21:21:11.239+0000] {subprocess.py:93} INFO - 	at scala.concurrent.impl.CallbackRunnable.run(Promise.scala:64)
[2026-08-12T21:21:11.276+0000] {subprocess.py:93} INFO - 	at org.apache.spark.util.ThreadUtils$$anon$1.execute(ThreadUtils.scala:99)
[2026-08-12T21:21:11.309+0000] {subprocess.py:93} INFO - 	at scala.concurrent.impl.ExecutionContextImpl$$anon$4.execute(ExecutionContextImpl.scala:138)
[2026-08-12T21:21:11.326+0000] {subprocess.py:93} INFO - 	at scala.concurrent.impl.CallbackRunnable.executeWithValue(Promise.scala:72)
[2026-08-12T21:21:11.345+0000] {subprocess.py:93} INFO - 	at scala.concurrent.impl.Promise$DefaultPromise.$anonfun$tryComplete$1(Promise.scala:288)
[2026-08-12T21:21:11.367+0000] {subprocess.py:93} INFO - 	at scala.concurrent.impl.Promise$DefaultPromise.$anonfun$tryComplete$1$adapted(Promise.scala:288)
[2026-08-12T21:21:11.389+0000] {subprocess.py:93} INFO - 	at scala.concurrent.impl.Promise$DefaultPromise.tryComplete(Promise.scala:288)
[2026-08-12T21:21:11.408+0000] {subprocess.py:93} INFO - 	at scala.concurrent.Promise.complete(Promise.scala:53)
[2026-08-12T21:21:11.414+0000] {subprocess.py:93} INFO - 	at scala.concurrent.Promise.complete$(Promise.scala:52)
[2026-08-12T21:21:11.420+0000] {subprocess.py:93} INFO - 	at scala.concurrent.impl.Promise$DefaultPromise.complete(Promise.scala:187)
[2026-08-12T21:21:11.431+0000] {subprocess.py:93} INFO - 	at scala.concurrent.impl.Promise.$anonfun$transform$1(Promise.scala:33)
[2026-08-12T21:21:11.450+0000] {subprocess.py:93} INFO - 	at scala.concurrent.impl.CallbackRunnable.run(Promise.scala:64)
[2026-08-12T21:21:11.464+0000] {subprocess.py:93} INFO - 	at org.apache.spark.util.ThreadUtils$$anon$1.execute(ThreadUtils.scala:99)
[2026-08-12T21:21:11.470+0000] {subprocess.py:93} INFO - 	at scala.concurrent.impl.ExecutionContextImpl$$anon$4.execute(ExecutionContextImpl.scala:138)
[2026-08-12T21:21:11.488+0000] {subprocess.py:93} INFO - 	at scala.concurrent.impl.CallbackRunnable.executeWithValue(Promise.scala:72)
[2026-08-12T21:21:11.491+0000] {subprocess.py:93} INFO - 	at scala.concurrent.impl.Promise$DefaultPromise.$anonfun$tryComplete$1(Promise.scala:288)
[2026-08-12T21:21:11.541+0000] {subprocess.py:93} INFO - 	at scala.concurrent.impl.Promise$DefaultPromise.$anonfun$tryComplete$1$adapted(Promise.scala:288)
[2026-08-12T21:21:11.555+0000] {subprocess.py:93} INFO - 	at scala.concurrent.impl.Promise$DefaultPromise.tryComplete(Promise.scala:288)
[2026-08-12T21:21:11.579+0000] {subprocess.py:93} INFO - 	at scala.concurrent.Promise.complete(Promise.scala:53)
[2026-08-12T21:21:11.602+0000] {subprocess.py:93} INFO - 	at scala.concurrent.Promise.complete$(Promise.scala:52)
[2026-08-12T21:21:11.689+0000] {subprocess.py:93} INFO - 	at scala.concurrent.impl.Promise$DefaultPromise.complete(Promise.scala:187)
[2026-08-12T21:21:11.745+0000] {subprocess.py:93} INFO - 	at scala.concurrent.impl.Promise.$anonfun$transform$1(Promise.scala:33)
[2026-08-12T21:21:11.931+0000] {subprocess.py:93} INFO - 	at scala.concurrent.impl.CallbackRunnable.run(Promise.scala:64)
[2026-08-12T21:21:11.981+0000] {subprocess.py:93} INFO - 	at scala.concurrent.BatchingExecutor$Batch.processBatch$1(BatchingExecutor.scala:67)
[2026-08-12T21:21:12.033+0000] {subprocess.py:93} INFO - 	at scala.concurrent.BatchingExecutor$Batch.$anonfun$run$1(BatchingExecutor.scala:82)
[2026-08-12T21:21:12.038+0000] {subprocess.py:93} INFO - 	at scala.runtime.java8.JFunction0$mcV$sp.apply(JFunction0$mcV$sp.java:23)
[2026-08-12T21:21:12.046+0000] {subprocess.py:93} INFO - 	at scala.concurrent.BlockContext$.withBlockContext(BlockContext.scala:85)
[2026-08-12T21:21:12.063+0000] {subprocess.py:93} INFO - 	at scala.concurrent.BatchingExecutor$Batch.run(BatchingExecutor.scala:59)
[2026-08-12T21:21:12.107+0000] {subprocess.py:93} INFO - 	at scala.concurrent.Future$InternalCallbackExecutor$.unbatchedExecute(Future.scala:875)
[2026-08-12T21:21:12.163+0000] {subprocess.py:93} INFO - 	at scala.concurrent.BatchingExecutor.execute(BatchingExecutor.scala:110)
[2026-08-12T21:21:12.218+0000] {subprocess.py:93} INFO - 	at scala.concurrent.BatchingExecutor.execute$(BatchingExecutor.scala:107)
[2026-08-12T21:21:12.239+0000] {subprocess.py:93} INFO - 	at scala.concurrent.Future$InternalCallbackExecutor$.execute(Future.scala:873)
[2026-08-12T21:21:12.369+0000] {subprocess.py:93} INFO - 	at scala.concurrent.impl.CallbackRunnable.executeWithValue(Promise.scala:72)
[2026-08-12T21:21:12.433+0000] {subprocess.py:93} INFO - 	at scala.concurrent.impl.Promise$DefaultPromise.$anonfun$tryComplete$1(Promise.scala:288)
[2026-08-12T21:21:12.477+0000] {subprocess.py:93} INFO - 	at scala.concurrent.impl.Promise$DefaultPromise.$anonfun$tryComplete$1$adapted(Promise.scala:288)
[2026-08-12T21:21:12.509+0000] {subprocess.py:93} INFO - 	at scala.concurrent.impl.Promise$DefaultPromise.tryComplete(Promise.scala:288)
[2026-08-12T21:21:12.819+0000] {subprocess.py:93} INFO - 	at scala.concurrent.Promise.trySuccess(Promise.scala:94)
[2026-08-12T21:21:12.855+0000] {subprocess.py:93} INFO - 	at scala.concurrent.Promise.trySuccess$(Promise.scala:94)
[2026-08-12T21:21:12.876+0000] {subprocess.py:93} INFO - 	at scala.concurrent.impl.Promise$DefaultPromise.trySuccess(Promise.scala:187)
[2026-08-12T21:21:12.966+0000] {subprocess.py:93} INFO - 	at org.apache.spark.rpc.netty.NettyRpcEnv.onSuccess$1(NettyRpcEnv.scala:225)
[2026-08-12T21:21:13.347+0000] {subprocess.py:93} INFO - 	at org.apache.spark.rpc.netty.NettyRpcEnv.$anonfun$askAbortable$5(NettyRpcEnv.scala:239)
[2026-08-12T21:21:13.391+0000] {subprocess.py:93} INFO - 	at org.apache.spark.rpc.netty.NettyRpcEnv.$anonfun$askAbortable$5$adapted(NettyRpcEnv.scala:238)
[2026-08-12T21:21:13.454+0000] {subprocess.py:93} INFO - 	at scala.concurrent.impl.CallbackRunnable.run(Promise.scala:64)
[2026-08-12T21:21:13.459+0000] {subprocess.py:93} INFO - 	at org.apache.spark.util.ThreadUtils$$anon$1.execute(ThreadUtils.scala:99)
[2026-08-12T21:21:13.474+0000] {subprocess.py:93} INFO - 	at scala.concurrent.impl.ExecutionContextImpl$$anon$4.execute(ExecutionContextImpl.scala:138)
[2026-08-12T21:21:13.505+0000] {subprocess.py:93} INFO - 	at scala.concurrent.impl.CallbackRunnable.executeWithValue(Promise.scala:72)
[2026-08-12T21:21:13.512+0000] {subprocess.py:93} INFO - 	at scala.concurrent.impl.Promise$DefaultPromise.$anonfun$tryComplete$1(Promise.scala:288)
[2026-08-12T21:21:13.619+0000] {subprocess.py:93} INFO - 	at scala.concurrent.impl.Promise$DefaultPromise.$anonfun$tryComplete$1$adapted(Promise.scala:288)
[2026-08-12T21:21:13.826+0000] {subprocess.py:93} INFO - 	at scala.concurrent.impl.Promise$DefaultPromise.tryComplete(Promise.scala:288)
[2026-08-12T21:21:13.890+0000] {subprocess.py:93} INFO - 	at scala.concurrent.Promise.complete(Promise.scala:53)
[2026-08-12T21:21:14.039+0000] {subprocess.py:93} INFO - 	at scala.concurrent.Promise.complete$(Promise.scala:52)
[2026-08-12T21:21:14.251+0000] {subprocess.py:93} INFO - 	at scala.concurrent.impl.Promise$DefaultPromise.complete(Promise.scala:187)
[2026-08-12T21:21:14.335+0000] {subprocess.py:93} INFO - 	at scala.concurrent.Promise.success(Promise.scala:86)
[2026-08-12T21:21:14.597+0000] {subprocess.py:93} INFO - 	at scala.concurrent.Promise.success$(Promise.scala:86)
[2026-08-12T21:21:14.907+0000] {subprocess.py:93} INFO - 	at scala.concurrent.impl.Promise$DefaultPromise.success(Promise.scala:187)
[2026-08-12T21:21:14.919+0000] {subprocess.py:93} INFO - 	at org.apache.spark.rpc.netty.LocalNettyRpcCallContext.send(NettyRpcCallContext.scala:50)
[2026-08-12T21:21:14.939+0000] {subprocess.py:93} INFO - 	at org.apache.spark.rpc.netty.NettyRpcCallContext.reply(NettyRpcCallContext.scala:32)
[2026-08-12T21:21:14.951+0000] {subprocess.py:93} INFO - 	at org.apache.spark.rpc.netty.RpcEndpointVerifier$$anonfun$receiveAndReply$1.applyOrElse(RpcEndpointVerifier.scala:31)
[2026-08-12T21:21:14.976+0000] {subprocess.py:93} INFO - 	... 8 more
[2026-08-12T21:21:15.036+0000] {subprocess.py:93} INFO - 26/08/12 21:20:39 ERROR Inbox: Ignoring error
[2026-08-12T21:21:15.040+0000] {subprocess.py:93} INFO - org.apache.spark.SparkException: Exception thrown in awaitResult:
[2026-08-12T21:21:15.086+0000] {subprocess.py:93} INFO - 	at org.apache.spark.util.SparkThreadUtils$.awaitResult(SparkThreadUtils.scala:56)
[2026-08-12T21:21:15.156+0000] {subprocess.py:93} INFO - 	at org.apache.spark.util.ThreadUtils$.awaitResult(ThreadUtils.scala:310)
[2026-08-12T21:21:15.226+0000] {subprocess.py:93} INFO - 	at org.apache.spark.rpc.RpcTimeout.awaitResult(RpcTimeout.scala:75)
[2026-08-12T21:21:15.292+0000] {subprocess.py:93} INFO - 	at org.apache.spark.rpc.RpcEnv.setupEndpointRefByURI(RpcEnv.scala:102)
[2026-08-12T21:21:15.311+0000] {subprocess.py:93} INFO - 	at org.apache.spark.rpc.RpcEnv.setupEndpointRef(RpcEnv.scala:110)
[2026-08-12T21:21:15.365+0000] {subprocess.py:93} INFO - 	at org.apache.spark.util.RpcUtils$.makeDriverRef(RpcUtils.scala:36)
[2026-08-12T21:21:15.429+0000] {subprocess.py:93} INFO - 	at org.apache.spark.storage.BlockManagerMasterEndpoint.driverEndpoint$lzycompute(BlockManagerMasterEndpoint.scala:124)
[2026-08-12T21:21:15.648+0000] {subprocess.py:93} INFO - 	at org.apache.spark.storage.BlockManagerMasterEndpoint.org$apache$spark$storage$BlockManagerMasterEndpoint$$driverEndpoint(BlockManagerMasterEndpoint.scala:123)
[2026-08-12T21:21:15.667+0000] {subprocess.py:93} INFO - 	at org.apache.spark.storage.BlockManagerMasterEndpoint.isExecutorAlive$lzycompute$1(BlockManagerMasterEndpoint.scala:688)
[2026-08-12T21:21:15.679+0000] {subprocess.py:93} INFO - 	at org.apache.spark.storage.BlockManagerMasterEndpoint.isExecutorAlive$1(BlockManagerMasterEndpoint.scala:687)
[2026-08-12T21:21:15.715+0000] {subprocess.py:93} INFO - 	at org.apache.spark.storage.BlockManagerMasterEndpoint.org$apache$spark$storage$BlockManagerMasterEndpoint$$register(BlockManagerMasterEndpoint.scala:725)
[2026-08-12T21:21:15.789+0000] {subprocess.py:93} INFO - 	at org.apache.spark.storage.BlockManagerMasterEndpoint$$anonfun$receiveAndReply$1.applyOrElse(BlockManagerMasterEndpoint.scala:133)
[2026-08-12T21:21:16.110+0000] {subprocess.py:93} INFO - 	at org.apache.spark.rpc.netty.Inbox.$anonfun$process$1(Inbox.scala:103)
[2026-08-12T21:21:16.191+0000] {subprocess.py:93} INFO - 	at org.apache.spark.rpc.netty.Inbox.safelyCall(Inbox.scala:213)
[2026-08-12T21:21:16.242+0000] {subprocess.py:93} INFO - 	at org.apache.spark.rpc.netty.Inbox.process(Inbox.scala:100)
[2026-08-12T21:21:16.388+0000] {subprocess.py:93} INFO - 	at org.apache.spark.rpc.netty.MessageLoop.org$apache$spark$rpc$netty$MessageLoop$$receiveLoop(MessageLoop.scala:75)
[2026-08-12T21:21:16.422+0000] {subprocess.py:93} INFO - 	at org.apache.spark.rpc.netty.MessageLoop$$anon$1.run(MessageLoop.scala:41)
[2026-08-12T21:21:16.444+0000] {subprocess.py:93} INFO - 	at java.base/java.util.concurrent.ThreadPoolExecutor.runWorker(ThreadPoolExecutor.java:1136)
[2026-08-12T21:21:16.678+0000] {subprocess.py:93} INFO - 	at java.base/java.util.concurrent.ThreadPoolExecutor$Worker.run(ThreadPoolExecutor.java:635)
[2026-08-12T21:21:16.712+0000] {subprocess.py:93} INFO - 	at java.base/java.lang.Thread.run(Thread.java:840)
[2026-08-12T21:21:16.725+0000] {subprocess.py:93} INFO - Caused by: org.apache.spark.rpc.RpcEndpointNotFoundException: Cannot find endpoint: spark://CoarseGrainedScheduler@4099a95615c9:45169
[2026-08-12T21:21:16.760+0000] {subprocess.py:93} INFO - 	at org.apache.spark.rpc.netty.NettyRpcEnv.$anonfun$asyncSetupEndpointRefByURI$1(NettyRpcEnv.scala:148)
[2026-08-12T21:21:16.776+0000] {subprocess.py:93} INFO - 	at org.apache.spark.rpc.netty.NettyRpcEnv.$anonfun$asyncSetupEndpointRefByURI$1$adapted(NettyRpcEnv.scala:144)
[2026-08-12T21:21:16.790+0000] {subprocess.py:93} INFO - 	at scala.concurrent.Future.$anonfun$flatMap$1(Future.scala:307)
[2026-08-12T21:21:16.876+0000] {subprocess.py:93} INFO - 	at scala.concurrent.impl.Promise.$anonfun$transformWith$1(Promise.scala:41)
[2026-08-12T21:21:16.921+0000] {subprocess.py:93} INFO - 	at scala.concurrent.impl.CallbackRunnable.run(Promise.scala:64)
[2026-08-12T21:21:16.977+0000] {subprocess.py:93} INFO - 	at org.apache.spark.util.ThreadUtils$$anon$1.execute(ThreadUtils.scala:99)
[2026-08-12T21:21:17.059+0000] {subprocess.py:93} INFO - 	at scala.concurrent.impl.ExecutionContextImpl$$anon$4.execute(ExecutionContextImpl.scala:138)
[2026-08-12T21:21:17.078+0000] {subprocess.py:93} INFO - 	at scala.concurrent.impl.CallbackRunnable.executeWithValue(Promise.scala:72)
[2026-08-12T21:21:17.136+0000] {subprocess.py:93} INFO - 	at scala.concurrent.impl.Promise$DefaultPromise.dispatchOrAddCallback(Promise.scala:316)
[2026-08-12T21:21:17.155+0000] {subprocess.py:93} INFO - 	at scala.concurrent.impl.Promise$DefaultPromise.onComplete(Promise.scala:307)
[2026-08-12T21:21:17.170+0000] {subprocess.py:93} INFO - 	at scala.concurrent.impl.Promise.transformWith(Promise.scala:40)
[2026-08-12T21:21:17.186+0000] {subprocess.py:93} INFO - 	at scala.concurrent.impl.Promise.transformWith$(Promise.scala:38)
[2026-08-12T21:21:17.190+0000] {subprocess.py:93} INFO - 	at scala.concurrent.impl.Promise$DefaultPromise.transformWith(Promise.scala:187)
[2026-08-12T21:21:17.255+0000] {subprocess.py:93} INFO - 	at scala.concurrent.Future.flatMap(Future.scala:306)
[2026-08-12T21:21:17.331+0000] {subprocess.py:93} INFO - 	at scala.concurrent.Future.flatMap$(Future.scala:306)
[2026-08-12T21:21:17.335+0000] {subprocess.py:93} INFO - 	at scala.concurrent.impl.Promise$DefaultPromise.flatMap(Promise.scala:187)
[2026-08-12T21:21:17.410+0000] {subprocess.py:93} INFO - 	at org.apache.spark.rpc.netty.NettyRpcEnv.asyncSetupEndpointRefByURI(NettyRpcEnv.scala:150)
[2026-08-12T21:21:17.422+0000] {subprocess.py:93} INFO - 	... 17 more
[2026-08-12T21:21:17.459+0000] {subprocess.py:93} INFO - 26/08/12 21:20:39 WARN Executor: Issue communicating with driver in heartbeater
[2026-08-12T21:21:17.503+0000] {subprocess.py:93} INFO - org.apache.spark.SparkException: Exception thrown in awaitResult:
[2026-08-12T21:21:17.516+0000] {subprocess.py:93} INFO - 	at org.apache.spark.util.SparkThreadUtils$.awaitResult(SparkThreadUtils.scala:56)
[2026-08-12T21:21:17.528+0000] {subprocess.py:93} INFO - 	at org.apache.spark.util.ThreadUtils$.awaitResult(ThreadUtils.scala:310)
[2026-08-12T21:21:17.594+0000] {subprocess.py:93} INFO - 	at org.apache.spark.rpc.RpcTimeout.awaitResult(RpcTimeout.scala:75)
[2026-08-12T21:21:17.600+0000] {subprocess.py:93} INFO - 	at org.apache.spark.rpc.RpcEndpointRef.askSync(RpcEndpointRef.scala:101)
[2026-08-12T21:21:17.652+0000] {subprocess.py:93} INFO - 	at org.apache.spark.rpc.RpcEndpointRef.askSync(RpcEndpointRef.scala:85)
[2026-08-12T21:21:17.675+0000] {subprocess.py:93} INFO - 	at org.apache.spark.storage.BlockManagerMaster.registerBlockManager(BlockManagerMaster.scala:80)
[2026-08-12T21:21:17.693+0000] {subprocess.py:93} INFO - 	at org.apache.spark.storage.BlockManager.reregister(BlockManager.scala:642)
[2026-08-12T21:21:17.759+0000] {subprocess.py:93} INFO - 	at org.apache.spark.executor.Executor.reportHeartBeat(Executor.scala:1223)
[2026-08-12T21:21:17.871+0000] {subprocess.py:93} INFO - 	at org.apache.spark.executor.Executor.$anonfun$heartbeater$1(Executor.scala:295)
[2026-08-12T21:21:17.886+0000] {subprocess.py:93} INFO - 	at scala.runtime.java8.JFunction0$mcV$sp.apply(JFunction0$mcV$sp.java:23)
[2026-08-12T21:21:17.903+0000] {subprocess.py:93} INFO - 	at org.apache.spark.util.Utils$.logUncaughtExceptions(Utils.scala:1928)
[2026-08-12T21:21:17.949+0000] {subprocess.py:93} INFO - 	at org.apache.spark.Heartbeater$$anon$1.run(Heartbeater.scala:46)
[2026-08-12T21:21:17.986+0000] {subprocess.py:93} INFO - 	at java.base/java.util.concurrent.Executors$RunnableAdapter.call(Executors.java:539)
[2026-08-12T21:21:18.151+0000] {subprocess.py:93} INFO - 	at java.base/java.util.concurrent.FutureTask.runAndReset(FutureTask.java:305)
[2026-08-12T21:21:18.154+0000] {subprocess.py:93} INFO - 	at java.base/java.util.concurrent.ScheduledThreadPoolExecutor$ScheduledFutureTask.run(ScheduledThreadPoolExecutor.java:305)
[2026-08-12T21:21:18.157+0000] {subprocess.py:93} INFO - 	at java.base/java.util.concurrent.ThreadPoolExecutor.runWorker(ThreadPoolExecutor.java:1136)
[2026-08-12T21:21:18.186+0000] {subprocess.py:93} INFO - 	at java.base/java.util.concurrent.ThreadPoolExecutor$Worker.run(ThreadPoolExecutor.java:635)
[2026-08-12T21:21:18.191+0000] {subprocess.py:93} INFO - 	at java.base/java.lang.Thread.run(Thread.java:840)
[2026-08-12T21:21:18.212+0000] {subprocess.py:93} INFO - Caused by: org.apache.spark.SparkException: Exception thrown in awaitResult:
[2026-08-12T21:21:18.220+0000] {subprocess.py:93} INFO - 	at org.apache.spark.util.SparkThreadUtils$.awaitResult(SparkThreadUtils.scala:56)
[2026-08-12T21:21:18.526+0000] {subprocess.py:93} INFO - 	at org.apache.spark.util.ThreadUtils$.awaitResult(ThreadUtils.scala:310)
[2026-08-12T21:21:18.561+0000] {subprocess.py:93} INFO - 	at org.apache.spark.rpc.RpcTimeout.awaitResult(RpcTimeout.scala:75)
[2026-08-12T21:21:18.595+0000] {subprocess.py:93} INFO - 	at org.apache.spark.rpc.RpcEnv.setupEndpointRefByURI(RpcEnv.scala:102)
[2026-08-12T21:21:18.611+0000] {subprocess.py:93} INFO - 	at org.apache.spark.rpc.RpcEnv.setupEndpointRef(RpcEnv.scala:110)
[2026-08-12T21:21:18.643+0000] {subprocess.py:93} INFO - 	at org.apache.spark.util.RpcUtils$.makeDriverRef(RpcUtils.scala:36)
[2026-08-12T21:21:18.658+0000] {subprocess.py:93} INFO - 	at org.apache.spark.storage.BlockManagerMasterEndpoint.driverEndpoint$lzycompute(BlockManagerMasterEndpoint.scala:124)
[2026-08-12T21:21:18.678+0000] {subprocess.py:93} INFO - 	at org.apache.spark.storage.BlockManagerMasterEndpoint.org$apache$spark$storage$BlockManagerMasterEndpoint$$driverEndpoint(BlockManagerMasterEndpoint.scala:123)
[2026-08-12T21:21:18.757+0000] {subprocess.py:93} INFO - 	at org.apache.spark.storage.BlockManagerMasterEndpoint.isExecutorAlive$lzycompute$1(BlockManagerMasterEndpoint.scala:688)
[2026-08-12T21:21:18.774+0000] {subprocess.py:93} INFO - 	at org.apache.spark.storage.BlockManagerMasterEndpoint.isExecutorAlive$1(BlockManagerMasterEndpoint.scala:687)
[2026-08-12T21:21:18.808+0000] {subprocess.py:93} INFO - 	at org.apache.spark.storage.BlockManagerMasterEndpoint.org$apache$spark$storage$BlockManagerMasterEndpoint$$register(BlockManagerMasterEndpoint.scala:725)
[2026-08-12T21:21:18.823+0000] {subprocess.py:93} INFO - 	at org.apache.spark.storage.BlockManagerMasterEndpoint$$anonfun$receiveAndReply$1.applyOrElse(BlockManagerMasterEndpoint.scala:133)
[2026-08-12T21:21:18.853+0000] {subprocess.py:93} INFO - 	at org.apache.spark.rpc.netty.Inbox.$anonfun$process$1(Inbox.scala:103)
[2026-08-12T21:21:18.863+0000] {subprocess.py:93} INFO - 	at org.apache.spark.rpc.netty.Inbox.safelyCall(Inbox.scala:213)
[2026-08-12T21:21:18.875+0000] {subprocess.py:93} INFO - 	at org.apache.spark.rpc.netty.Inbox.process(Inbox.scala:100)
[2026-08-12T21:21:18.891+0000] {subprocess.py:93} INFO - 	at org.apache.spark.rpc.netty.MessageLoop.org$apache$spark$rpc$netty$MessageLoop$$receiveLoop(MessageLoop.scala:75)
[2026-08-12T21:21:18.923+0000] {subprocess.py:93} INFO - 	at org.apache.spark.rpc.netty.MessageLoop$$anon$1.run(MessageLoop.scala:41)
[2026-08-12T21:21:19.097+0000] {subprocess.py:93} INFO - 	... 3 more
[2026-08-12T21:21:19.105+0000] {subprocess.py:93} INFO - Caused by: org.apache.spark.rpc.RpcEndpointNotFoundException: Cannot find endpoint: spark://CoarseGrainedScheduler@4099a95615c9:45169
[2026-08-12T21:21:19.303+0000] {subprocess.py:93} INFO - 	at org.apache.spark.rpc.netty.NettyRpcEnv.$anonfun$asyncSetupEndpointRefByURI$1(NettyRpcEnv.scala:148)
[2026-08-12T21:21:19.340+0000] {subprocess.py:93} INFO - 	at org.apache.spark.rpc.netty.NettyRpcEnv.$anonfun$asyncSetupEndpointRefByURI$1$adapted(NettyRpcEnv.scala:144)
[2026-08-12T21:21:19.359+0000] {subprocess.py:93} INFO - 	at scala.concurrent.Future.$anonfun$flatMap$1(Future.scala:307)
[2026-08-12T21:21:19.369+0000] {subprocess.py:93} INFO - 	at scala.concurrent.impl.Promise.$anonfun$transformWith$1(Promise.scala:41)
[2026-08-12T21:21:19.441+0000] {subprocess.py:93} INFO - 	at scala.concurrent.impl.CallbackRunnable.run(Promise.scala:64)
[2026-08-12T21:21:19.460+0000] {subprocess.py:93} INFO - 	at org.apache.spark.util.ThreadUtils$$anon$1.execute(ThreadUtils.scala:99)
[2026-08-12T21:21:19.490+0000] {subprocess.py:93} INFO - 	at scala.concurrent.impl.ExecutionContextImpl$$anon$4.execute(ExecutionContextImpl.scala:138)
[2026-08-12T21:21:19.516+0000] {subprocess.py:93} INFO - 	at scala.concurrent.impl.CallbackRunnable.executeWithValue(Promise.scala:72)
[2026-08-12T21:21:19.640+0000] {subprocess.py:93} INFO - 	at scala.concurrent.impl.Promise$DefaultPromise.dispatchOrAddCallback(Promise.scala:316)
[2026-08-12T21:21:19.659+0000] {subprocess.py:93} INFO - 	at scala.concurrent.impl.Promise$DefaultPromise.onComplete(Promise.scala:307)
[2026-08-12T21:21:19.768+0000] {subprocess.py:93} INFO - 	at scala.concurrent.impl.Promise.transformWith(Promise.scala:40)
[2026-08-12T21:21:19.786+0000] {subprocess.py:93} INFO - 	at scala.concurrent.impl.Promise.transformWith$(Promise.scala:38)
[2026-08-12T21:21:19.801+0000] {subprocess.py:93} INFO - 	at scala.concurrent.impl.Promise$DefaultPromise.transformWith(Promise.scala:187)
[2026-08-12T21:21:19.817+0000] {subprocess.py:93} INFO - 	at scala.concurrent.Future.flatMap(Future.scala:306)
[2026-08-12T21:21:19.837+0000] {subprocess.py:93} INFO - 	at scala.concurrent.Future.flatMap$(Future.scala:306)
[2026-08-12T21:21:19.867+0000] {subprocess.py:93} INFO - 	at scala.concurrent.impl.Promise$DefaultPromise.flatMap(Promise.scala:187)
[2026-08-12T21:21:19.898+0000] {subprocess.py:93} INFO - 	at org.apache.spark.rpc.netty.NettyRpcEnv.asyncSetupEndpointRefByURI(NettyRpcEnv.scala:150)
[2026-08-12T21:21:19.923+0000] {subprocess.py:93} INFO - 	... 17 more
[2026-08-12T21:21:19.995+0000] {subprocess.py:93} INFO - 26/08/12 21:20:39 ERROR Inbox: Ignoring error
[2026-08-12T21:21:20.012+0000] {subprocess.py:93} INFO - org.apache.spark.SparkException: Exception thrown in awaitResult:
[2026-08-12T21:21:20.016+0000] {subprocess.py:93} INFO - 	at org.apache.spark.util.SparkThreadUtils$.awaitResult(SparkThreadUtils.scala:56)
[2026-08-12T21:21:20.138+0000] {subprocess.py:93} INFO - 	at org.apache.spark.util.ThreadUtils$.awaitResult(ThreadUtils.scala:310)
[2026-08-12T21:21:20.147+0000] {subprocess.py:93} INFO - 	at org.apache.spark.rpc.RpcTimeout.awaitResult(RpcTimeout.scala:75)
[2026-08-12T21:21:20.161+0000] {subprocess.py:93} INFO - 	at org.apache.spark.rpc.RpcEnv.setupEndpointRefByURI(RpcEnv.scala:102)
[2026-08-12T21:21:20.177+0000] {subprocess.py:93} INFO - 	at org.apache.spark.rpc.RpcEnv.setupEndpointRef(RpcEnv.scala:110)
[2026-08-12T21:21:20.181+0000] {subprocess.py:93} INFO - 	at org.apache.spark.util.RpcUtils$.makeDriverRef(RpcUtils.scala:36)
[2026-08-12T21:21:20.211+0000] {subprocess.py:93} INFO - 	at org.apache.spark.storage.BlockManagerMasterEndpoint.driverEndpoint$lzycompute(BlockManagerMasterEndpoint.scala:124)
[2026-08-12T21:21:20.225+0000] {subprocess.py:93} INFO - 	at org.apache.spark.storage.BlockManagerMasterEndpoint.org$apache$spark$storage$BlockManagerMasterEndpoint$$driverEndpoint(BlockManagerMasterEndpoint.scala:123)
[2026-08-12T21:21:20.248+0000] {subprocess.py:93} INFO - 	at org.apache.spark.storage.BlockManagerMasterEndpoint.isExecutorAlive$lzycompute$1(BlockManagerMasterEndpoint.scala:688)
[2026-08-12T21:21:20.335+0000] {subprocess.py:93} INFO - 	at org.apache.spark.storage.BlockManagerMasterEndpoint.isExecutorAlive$1(BlockManagerMasterEndpoint.scala:687)
[2026-08-12T21:21:20.352+0000] {subprocess.py:93} INFO - 	at org.apache.spark.storage.BlockManagerMasterEndpoint.org$apache$spark$storage$BlockManagerMasterEndpoint$$register(BlockManagerMasterEndpoint.scala:725)
[2026-08-12T21:21:20.375+0000] {subprocess.py:93} INFO - 	at org.apache.spark.storage.BlockManagerMasterEndpoint$$anonfun$receiveAndReply$1.applyOrElse(BlockManagerMasterEndpoint.scala:133)
[2026-08-12T21:21:20.413+0000] {subprocess.py:93} INFO - 	at org.apache.spark.rpc.netty.Inbox.$anonfun$process$1(Inbox.scala:103)
[2026-08-12T21:21:20.474+0000] {subprocess.py:93} INFO - 	at org.apache.spark.rpc.netty.Inbox.safelyCall(Inbox.scala:213)
[2026-08-12T21:21:20.494+0000] {subprocess.py:93} INFO - 	at org.apache.spark.rpc.netty.Inbox.process(Inbox.scala:100)
[2026-08-12T21:21:20.509+0000] {subprocess.py:93} INFO - 	at org.apache.spark.rpc.netty.MessageLoop.org$apache$spark$rpc$netty$MessageLoop$$receiveLoop(MessageLoop.scala:75)
[2026-08-12T21:21:20.622+0000] {subprocess.py:93} INFO - 	at org.apache.spark.rpc.netty.MessageLoop$$anon$1.run(MessageLoop.scala:41)
[2026-08-12T21:21:20.673+0000] {subprocess.py:93} INFO - 	at java.base/java.util.concurrent.ThreadPoolExecutor.runWorker(ThreadPoolExecutor.java:1136)
[2026-08-12T21:21:20.708+0000] {subprocess.py:93} INFO - 	at java.base/java.util.concurrent.ThreadPoolExecutor$Worker.run(ThreadPoolExecutor.java:635)
[2026-08-12T21:21:20.721+0000] {subprocess.py:93} INFO - 	at java.base/java.lang.Thread.run(Thread.java:840)
[2026-08-12T21:21:20.738+0000] {subprocess.py:93} INFO - Caused by: org.apache.spark.rpc.RpcEndpointNotFoundException: Cannot find endpoint: spark://CoarseGrainedScheduler@4099a95615c9:45169
[2026-08-12T21:21:20.755+0000] {subprocess.py:93} INFO - 	at org.apache.spark.rpc.netty.NettyRpcEnv.$anonfun$asyncSetupEndpointRefByURI$1(NettyRpcEnv.scala:148)
[2026-08-12T21:21:20.758+0000] {subprocess.py:93} INFO - 	at org.apache.spark.rpc.netty.NettyRpcEnv.$anonfun$asyncSetupEndpointRefByURI$1$adapted(NettyRpcEnv.scala:144)
[2026-08-12T21:21:20.932+0000] {subprocess.py:93} INFO - 	at scala.concurrent.Future.$anonfun$flatMap$1(Future.scala:307)
[2026-08-12T21:21:21.009+0000] {subprocess.py:93} INFO - 	at scala.concurrent.impl.Promise.$anonfun$transformWith$1(Promise.scala:41)
[2026-08-12T21:21:21.013+0000] {subprocess.py:93} INFO - 	at scala.concurrent.impl.CallbackRunnable.run(Promise.scala:64)
[2026-08-12T21:21:21.038+0000] {subprocess.py:93} INFO - 	at org.apache.spark.util.ThreadUtils$$anon$1.execute(ThreadUtils.scala:99)
[2026-08-12T21:21:21.047+0000] {subprocess.py:93} INFO - 	at scala.concurrent.impl.ExecutionContextImpl$$anon$4.execute(ExecutionContextImpl.scala:138)
[2026-08-12T21:21:21.064+0000] {subprocess.py:93} INFO - 	at scala.concurrent.impl.CallbackRunnable.executeWithValue(Promise.scala:72)
[2026-08-12T21:21:21.067+0000] {subprocess.py:93} INFO - 	at scala.concurrent.impl.Promise$DefaultPromise.$anonfun$tryComplete$1(Promise.scala:288)
[2026-08-12T21:21:21.070+0000] {subprocess.py:93} INFO - 	at scala.concurrent.impl.Promise$DefaultPromise.$anonfun$tryComplete$1$adapted(Promise.scala:288)
[2026-08-12T21:21:21.097+0000] {subprocess.py:93} INFO - 	at scala.concurrent.impl.Promise$DefaultPromise.tryComplete(Promise.scala:288)
[2026-08-12T21:21:21.123+0000] {subprocess.py:93} INFO - 	at scala.concurrent.Promise.complete(Promise.scala:53)
[2026-08-12T21:21:21.169+0000] {subprocess.py:93} INFO - 	at scala.concurrent.Promise.complete$(Promise.scala:52)
[2026-08-12T21:21:21.173+0000] {subprocess.py:93} INFO - 	at scala.concurrent.impl.Promise$DefaultPromise.complete(Promise.scala:187)
[2026-08-12T21:21:21.191+0000] {subprocess.py:93} INFO - 	at scala.concurrent.impl.Promise.$anonfun$transform$1(Promise.scala:33)
[2026-08-12T21:21:21.196+0000] {subprocess.py:93} INFO - 	at scala.concurrent.impl.CallbackRunnable.run(Promise.scala:64)
[2026-08-12T21:21:21.220+0000] {subprocess.py:93} INFO - 	at org.apache.spark.util.ThreadUtils$$anon$1.execute(ThreadUtils.scala:99)
[2026-08-12T21:21:21.239+0000] {subprocess.py:93} INFO - 	at scala.concurrent.impl.ExecutionContextImpl$$anon$4.execute(ExecutionContextImpl.scala:138)
[2026-08-12T21:21:21.246+0000] {subprocess.py:93} INFO - 	at scala.concurrent.impl.CallbackRunnable.executeWithValue(Promise.scala:72)
[2026-08-12T21:21:21.264+0000] {subprocess.py:93} INFO - 	at scala.concurrent.impl.Promise$DefaultPromise.$anonfun$tryComplete$1(Promise.scala:288)
[2026-08-12T21:21:21.272+0000] {subprocess.py:93} INFO - 	at scala.concurrent.impl.Promise$DefaultPromise.$anonfun$tryComplete$1$adapted(Promise.scala:288)
[2026-08-12T21:21:21.307+0000] {subprocess.py:93} INFO - 	at scala.concurrent.impl.Promise$DefaultPromise.tryComplete(Promise.scala:288)
[2026-08-12T21:21:21.322+0000] {subprocess.py:93} INFO - 	at scala.concurrent.Promise.complete(Promise.scala:53)
[2026-08-12T21:21:21.331+0000] {subprocess.py:93} INFO - 	at scala.concurrent.Promise.complete$(Promise.scala:52)
[2026-08-12T21:21:21.357+0000] {subprocess.py:93} INFO - 	at scala.concurrent.impl.Promise$DefaultPromise.complete(Promise.scala:187)
[2026-08-12T21:21:21.361+0000] {subprocess.py:93} INFO - 	at scala.concurrent.impl.Promise.$anonfun$transform$1(Promise.scala:33)
[2026-08-12T21:21:21.639+0000] {subprocess.py:93} INFO - 	at scala.concurrent.impl.CallbackRunnable.run(Promise.scala:64)
[2026-08-12T21:21:21.680+0000] {subprocess.py:93} INFO - 	at scala.concurrent.BatchingExecutor$Batch.processBatch$1(BatchingExecutor.scala:67)
[2026-08-12T21:21:21.711+0000] {subprocess.py:93} INFO - 	at scala.concurrent.BatchingExecutor$Batch.$anonfun$run$1(BatchingExecutor.scala:82)
[2026-08-12T21:21:21.835+0000] {subprocess.py:93} INFO - 	at scala.runtime.java8.JFunction0$mcV$sp.apply(JFunction0$mcV$sp.java:23)
[2026-08-12T21:21:21.855+0000] {subprocess.py:93} INFO - 	at scala.concurrent.BlockContext$.withBlockContext(BlockContext.scala:85)
[2026-08-12T21:21:21.869+0000] {subprocess.py:93} INFO - 	at scala.concurrent.BatchingExecutor$Batch.run(BatchingExecutor.scala:59)
[2026-08-12T21:21:21.933+0000] {subprocess.py:93} INFO - 	at scala.concurrent.Future$InternalCallbackExecutor$.unbatchedExecute(Future.scala:875)
[2026-08-12T21:21:21.970+0000] {subprocess.py:93} INFO - 	at scala.concurrent.BatchingExecutor.execute(BatchingExecutor.scala:110)
[2026-08-12T21:21:22.003+0000] {subprocess.py:93} INFO - 	at scala.concurrent.BatchingExecutor.execute$(BatchingExecutor.scala:107)
[2026-08-12T21:21:22.247+0000] {subprocess.py:93} INFO - 	at scala.concurrent.Future$InternalCallbackExecutor$.execute(Future.scala:873)
[2026-08-12T21:21:22.337+0000] {subprocess.py:93} INFO - 	at scala.concurrent.impl.CallbackRunnable.executeWithValue(Promise.scala:72)
[2026-08-12T21:21:22.436+0000] {subprocess.py:93} INFO - 	at scala.concurrent.impl.Promise$DefaultPromise.$anonfun$tryComplete$1(Promise.scala:288)
[2026-08-12T21:21:22.460+0000] {subprocess.py:93} INFO - 	at scala.concurrent.impl.Promise$DefaultPromise.$anonfun$tryComplete$1$adapted(Promise.scala:288)
[2026-08-12T21:21:22.488+0000] {subprocess.py:93} INFO - 	at scala.concurrent.impl.Promise$DefaultPromise.tryComplete(Promise.scala:288)
[2026-08-12T21:21:22.932+0000] {subprocess.py:93} INFO - 	at scala.concurrent.Promise.trySuccess(Promise.scala:94)
[2026-08-12T21:21:23.001+0000] {subprocess.py:93} INFO - 	at scala.concurrent.Promise.trySuccess$(Promise.scala:94)
[2026-08-12T21:21:23.019+0000] {subprocess.py:93} INFO - 	at scala.concurrent.impl.Promise$DefaultPromise.trySuccess(Promise.scala:187)
[2026-08-12T21:21:23.031+0000] {subprocess.py:93} INFO - 	at org.apache.spark.rpc.netty.NettyRpcEnv.onSuccess$1(NettyRpcEnv.scala:225)
[2026-08-12T21:21:23.036+0000] {subprocess.py:93} INFO - 	at org.apache.spark.rpc.netty.NettyRpcEnv.$anonfun$askAbortable$5(NettyRpcEnv.scala:239)
[2026-08-12T21:21:23.071+0000] {subprocess.py:93} INFO - 	at org.apache.spark.rpc.netty.NettyRpcEnv.$anonfun$askAbortable$5$adapted(NettyRpcEnv.scala:238)
[2026-08-12T21:21:23.322+0000] {subprocess.py:93} INFO - 	at scala.concurrent.impl.CallbackRunnable.run(Promise.scala:64)
[2026-08-12T21:21:23.380+0000] {subprocess.py:93} INFO - 	at org.apache.spark.util.ThreadUtils$$anon$1.execute(ThreadUtils.scala:99)
[2026-08-12T21:21:23.465+0000] {subprocess.py:93} INFO - 	at scala.concurrent.impl.ExecutionContextImpl$$anon$4.execute(ExecutionContextImpl.scala:138)
[2026-08-12T21:21:23.663+0000] {subprocess.py:93} INFO - 	at scala.concurrent.impl.CallbackRunnable.executeWithValue(Promise.scala:72)
[2026-08-12T21:21:23.826+0000] {subprocess.py:93} INFO - 	at scala.concurrent.impl.Promise$DefaultPromise.$anonfun$tryComplete$1(Promise.scala:288)
[2026-08-12T21:21:23.960+0000] {subprocess.py:93} INFO - 	at scala.concurrent.impl.Promise$DefaultPromise.$anonfun$tryComplete$1$adapted(Promise.scala:288)
[2026-08-12T21:21:23.973+0000] {subprocess.py:93} INFO - 	at scala.concurrent.impl.Promise$DefaultPromise.tryComplete(Promise.scala:288)
[2026-08-12T21:21:24.046+0000] {subprocess.py:93} INFO - 	at scala.concurrent.Promise.complete(Promise.scala:53)
[2026-08-12T21:21:24.093+0000] {subprocess.py:93} INFO - 	at scala.concurrent.Promise.complete$(Promise.scala:52)
[2026-08-12T21:21:24.110+0000] {subprocess.py:93} INFO - 	at scala.concurrent.impl.Promise$DefaultPromise.complete(Promise.scala:187)
[2026-08-12T21:21:24.154+0000] {subprocess.py:93} INFO - 	at scala.concurrent.Promise.success(Promise.scala:86)
[2026-08-12T21:21:24.306+0000] {subprocess.py:93} INFO - 	at scala.concurrent.Promise.success$(Promise.scala:86)
[2026-08-12T21:21:24.309+0000] {subprocess.py:93} INFO - 	at scala.concurrent.impl.Promise$DefaultPromise.success(Promise.scala:187)
[2026-08-12T21:21:24.329+0000] {subprocess.py:93} INFO - 	at org.apache.spark.rpc.netty.LocalNettyRpcCallContext.send(NettyRpcCallContext.scala:50)
[2026-08-12T21:21:24.405+0000] {subprocess.py:93} INFO - 	at org.apache.spark.rpc.netty.NettyRpcCallContext.reply(NettyRpcCallContext.scala:32)
[2026-08-12T21:21:24.432+0000] {subprocess.py:93} INFO - 	at org.apache.spark.rpc.netty.RpcEndpointVerifier$$anonfun$receiveAndReply$1.applyOrElse(RpcEndpointVerifier.scala:31)
[2026-08-12T21:21:24.435+0000] {subprocess.py:93} INFO - 	... 8 more
[2026-08-12T21:21:24.448+0000] {subprocess.py:93} INFO - 26/08/12 21:20:39 WARN Executor: Issue communicating with driver in heartbeater
[2026-08-12T21:21:24.455+0000] {subprocess.py:93} INFO - org.apache.spark.SparkException: Exception thrown in awaitResult:
[2026-08-12T21:21:24.467+0000] {subprocess.py:93} INFO - 	at org.apache.spark.util.SparkThreadUtils$.awaitResult(SparkThreadUtils.scala:56)
[2026-08-12T21:21:24.487+0000] {subprocess.py:93} INFO - 	at org.apache.spark.util.ThreadUtils$.awaitResult(ThreadUtils.scala:310)
[2026-08-12T21:21:24.538+0000] {subprocess.py:93} INFO - 	at org.apache.spark.rpc.RpcTimeout.awaitResult(RpcTimeout.scala:75)
[2026-08-12T21:21:24.705+0000] {subprocess.py:93} INFO - 	at org.apache.spark.rpc.RpcEndpointRef.askSync(RpcEndpointRef.scala:101)
[2026-08-12T21:21:24.741+0000] {subprocess.py:93} INFO - 	at org.apache.spark.rpc.RpcEndpointRef.askSync(RpcEndpointRef.scala:85)
[2026-08-12T21:21:24.806+0000] {subprocess.py:93} INFO - 	at org.apache.spark.storage.BlockManagerMaster.registerBlockManager(BlockManagerMaster.scala:80)
[2026-08-12T21:21:24.838+0000] {subprocess.py:93} INFO - 	at org.apache.spark.storage.BlockManager.reregister(BlockManager.scala:642)
[2026-08-12T21:21:24.843+0000] {subprocess.py:93} INFO - 	at org.apache.spark.executor.Executor.reportHeartBeat(Executor.scala:1223)
[2026-08-12T21:21:24.857+0000] {subprocess.py:93} INFO - 	at org.apache.spark.executor.Executor.$anonfun$heartbeater$1(Executor.scala:295)
[2026-08-12T21:21:25.003+0000] {subprocess.py:93} INFO - 	at scala.runtime.java8.JFunction0$mcV$sp.apply(JFunction0$mcV$sp.java:23)
[2026-08-12T21:21:25.043+0000] {subprocess.py:93} INFO - 	at org.apache.spark.util.Utils$.logUncaughtExceptions(Utils.scala:1928)
[2026-08-12T21:21:25.053+0000] {subprocess.py:93} INFO - 	at org.apache.spark.Heartbeater$$anon$1.run(Heartbeater.scala:46)
[2026-08-12T21:21:25.069+0000] {subprocess.py:93} INFO - 	at java.base/java.util.concurrent.Executors$RunnableAdapter.call(Executors.java:539)
[2026-08-12T21:21:25.095+0000] {subprocess.py:93} INFO - 	at java.base/java.util.concurrent.FutureTask.runAndReset(FutureTask.java:305)
[2026-08-12T21:21:25.117+0000] {subprocess.py:93} INFO - 	at java.base/java.util.concurrent.ScheduledThreadPoolExecutor$ScheduledFutureTask.run(ScheduledThreadPoolExecutor.java:305)
[2026-08-12T21:21:25.132+0000] {subprocess.py:93} INFO - 	at java.base/java.util.concurrent.ThreadPoolExecutor.runWorker(ThreadPoolExecutor.java:1136)
[2026-08-12T21:21:25.151+0000] {subprocess.py:93} INFO - 	at java.base/java.util.concurrent.ThreadPoolExecutor$Worker.run(ThreadPoolExecutor.java:635)
[2026-08-12T21:21:25.167+0000] {subprocess.py:93} INFO - 	at java.base/java.lang.Thread.run(Thread.java:840)
[2026-08-12T21:21:25.181+0000] {subprocess.py:93} INFO - Caused by: org.apache.spark.SparkException: Exception thrown in awaitResult:
[2026-08-12T21:21:25.203+0000] {subprocess.py:93} INFO - 	at org.apache.spark.util.SparkThreadUtils$.awaitResult(SparkThreadUtils.scala:56)
[2026-08-12T21:21:25.214+0000] {subprocess.py:93} INFO - 	at org.apache.spark.util.ThreadUtils$.awaitResult(ThreadUtils.scala:310)
[2026-08-12T21:21:25.228+0000] {subprocess.py:93} INFO - 	at org.apache.spark.rpc.RpcTimeout.awaitResult(RpcTimeout.scala:75)
[2026-08-12T21:21:25.232+0000] {subprocess.py:93} INFO - 	at org.apache.spark.rpc.RpcEnv.setupEndpointRefByURI(RpcEnv.scala:102)
[2026-08-12T21:21:25.245+0000] {subprocess.py:93} INFO - 	at org.apache.spark.rpc.RpcEnv.setupEndpointRef(RpcEnv.scala:110)
[2026-08-12T21:21:25.268+0000] {subprocess.py:93} INFO - 	at org.apache.spark.util.RpcUtils$.makeDriverRef(RpcUtils.scala:36)
[2026-08-12T21:21:25.638+0000] {subprocess.py:93} INFO - 	at org.apache.spark.storage.BlockManagerMasterEndpoint.driverEndpoint$lzycompute(BlockManagerMasterEndpoint.scala:124)
[2026-08-12T21:21:25.656+0000] {subprocess.py:93} INFO - 	at org.apache.spark.storage.BlockManagerMasterEndpoint.org$apache$spark$storage$BlockManagerMasterEndpoint$$driverEndpoint(BlockManagerMasterEndpoint.scala:123)
[2026-08-12T21:21:25.775+0000] {subprocess.py:93} INFO - 	at org.apache.spark.storage.BlockManagerMasterEndpoint.isExecutorAlive$lzycompute$1(BlockManagerMasterEndpoint.scala:688)
[2026-08-12T21:21:25.804+0000] {subprocess.py:93} INFO - 	at org.apache.spark.storage.BlockManagerMasterEndpoint.isExecutorAlive$1(BlockManagerMasterEndpoint.scala:687)
[2026-08-12T21:21:25.823+0000] {subprocess.py:93} INFO - 	at org.apache.spark.storage.BlockManagerMasterEndpoint.org$apache$spark$storage$BlockManagerMasterEndpoint$$register(BlockManagerMasterEndpoint.scala:725)
[2026-08-12T21:21:25.891+0000] {subprocess.py:93} INFO - 	at org.apache.spark.storage.BlockManagerMasterEndpoint$$anonfun$receiveAndReply$1.applyOrElse(BlockManagerMasterEndpoint.scala:133)
[2026-08-12T21:21:25.946+0000] {subprocess.py:93} INFO - 	at org.apache.spark.rpc.netty.Inbox.$anonfun$process$1(Inbox.scala:103)
[2026-08-12T21:21:25.987+0000] {subprocess.py:93} INFO - 	at org.apache.spark.rpc.netty.Inbox.safelyCall(Inbox.scala:213)
[2026-08-12T21:21:26.003+0000] {subprocess.py:93} INFO - 	at org.apache.spark.rpc.netty.Inbox.process(Inbox.scala:100)
[2026-08-12T21:21:26.019+0000] {subprocess.py:93} INFO - 	at org.apache.spark.rpc.netty.MessageLoop.org$apache$spark$rpc$netty$MessageLoop$$receiveLoop(MessageLoop.scala:75)
[2026-08-12T21:21:26.042+0000] {subprocess.py:93} INFO - 	at org.apache.spark.rpc.netty.MessageLoop$$anon$1.run(MessageLoop.scala:41)
[2026-08-12T21:21:26.061+0000] {subprocess.py:93} INFO - 	... 3 more
[2026-08-12T21:21:26.077+0000] {subprocess.py:93} INFO - Caused by: org.apache.spark.rpc.RpcEndpointNotFoundException: Cannot find endpoint: spark://CoarseGrainedScheduler@4099a95615c9:45169
[2026-08-12T21:21:26.092+0000] {subprocess.py:93} INFO - 	at org.apache.spark.rpc.netty.NettyRpcEnv.$anonfun$asyncSetupEndpointRefByURI$1(NettyRpcEnv.scala:148)
[2026-08-12T21:21:26.132+0000] {subprocess.py:93} INFO - 	at org.apache.spark.rpc.netty.NettyRpcEnv.$anonfun$asyncSetupEndpointRefByURI$1$adapted(NettyRpcEnv.scala:144)
[2026-08-12T21:21:26.162+0000] {subprocess.py:93} INFO - 	at scala.concurrent.Future.$anonfun$flatMap$1(Future.scala:307)
[2026-08-12T21:21:26.191+0000] {subprocess.py:93} INFO - 	at scala.concurrent.impl.Promise.$anonfun$transformWith$1(Promise.scala:41)
[2026-08-12T21:21:26.198+0000] {subprocess.py:93} INFO - 	at scala.concurrent.impl.CallbackRunnable.run(Promise.scala:64)
[2026-08-12T21:21:26.232+0000] {subprocess.py:93} INFO - 	at org.apache.spark.util.ThreadUtils$$anon$1.execute(ThreadUtils.scala:99)
[2026-08-12T21:21:26.428+0000] {subprocess.py:93} INFO - 	at scala.concurrent.impl.ExecutionContextImpl$$anon$4.execute(ExecutionContextImpl.scala:138)
[2026-08-12T21:21:26.475+0000] {subprocess.py:93} INFO - 	at scala.concurrent.impl.CallbackRunnable.executeWithValue(Promise.scala:72)
[2026-08-12T21:21:26.481+0000] {subprocess.py:93} INFO - 	at scala.concurrent.impl.Promise$DefaultPromise.$anonfun$tryComplete$1(Promise.scala:288)
[2026-08-12T21:21:26.519+0000] {subprocess.py:93} INFO - 	at scala.concurrent.impl.Promise$DefaultPromise.$anonfun$tryComplete$1$adapted(Promise.scala:288)
[2026-08-12T21:21:26.552+0000] {subprocess.py:93} INFO - 	at scala.concurrent.impl.Promise$DefaultPromise.tryComplete(Promise.scala:288)
[2026-08-12T21:21:26.570+0000] {subprocess.py:93} INFO - 	at scala.concurrent.Promise.complete(Promise.scala:53)
[2026-08-12T21:21:26.587+0000] {subprocess.py:93} INFO - 	at scala.concurrent.Promise.complete$(Promise.scala:52)
[2026-08-12T21:21:26.607+0000] {subprocess.py:93} INFO - 	at scala.concurrent.impl.Promise$DefaultPromise.complete(Promise.scala:187)
[2026-08-12T21:21:26.659+0000] {subprocess.py:93} INFO - 	at scala.concurrent.impl.Promise.$anonfun$transform$1(Promise.scala:33)
[2026-08-12T21:21:26.814+0000] {subprocess.py:93} INFO - 	at scala.concurrent.impl.CallbackRunnable.run(Promise.scala:64)
[2026-08-12T21:21:26.861+0000] {subprocess.py:93} INFO - 	at org.apache.spark.util.ThreadUtils$$anon$1.execute(ThreadUtils.scala:99)
[2026-08-12T21:21:26.926+0000] {subprocess.py:93} INFO - 	at scala.concurrent.impl.ExecutionContextImpl$$anon$4.execute(ExecutionContextImpl.scala:138)
[2026-08-12T21:21:27.071+0000] {subprocess.py:93} INFO - 	at scala.concurrent.impl.CallbackRunnable.executeWithValue(Promise.scala:72)
[2026-08-12T21:21:27.130+0000] {subprocess.py:93} INFO - 	at scala.concurrent.impl.Promise$DefaultPromise.$anonfun$tryComplete$1(Promise.scala:288)
[2026-08-12T21:21:27.132+0000] {subprocess.py:93} INFO - 	at scala.concurrent.impl.Promise$DefaultPromise.$anonfun$tryComplete$1$adapted(Promise.scala:288)
[2026-08-12T21:21:27.190+0000] {subprocess.py:93} INFO - 	at scala.concurrent.impl.Promise$DefaultPromise.tryComplete(Promise.scala:288)
[2026-08-12T21:21:27.251+0000] {subprocess.py:93} INFO - 	at scala.concurrent.Promise.complete(Promise.scala:53)
[2026-08-12T21:21:27.266+0000] {subprocess.py:93} INFO - 	at scala.concurrent.Promise.complete$(Promise.scala:52)
[2026-08-12T21:21:27.272+0000] {subprocess.py:93} INFO - 	at scala.concurrent.impl.Promise$DefaultPromise.complete(Promise.scala:187)
[2026-08-12T21:21:27.369+0000] {subprocess.py:93} INFO - 	at scala.concurrent.impl.Promise.$anonfun$transform$1(Promise.scala:33)
[2026-08-12T21:21:27.453+0000] {subprocess.py:93} INFO - 	at scala.concurrent.impl.CallbackRunnable.run(Promise.scala:64)
[2026-08-12T21:21:27.475+0000] {subprocess.py:93} INFO - 	at scala.concurrent.BatchingExecutor$Batch.processBatch$1(BatchingExecutor.scala:67)
[2026-08-12T21:21:27.492+0000] {subprocess.py:93} INFO - 	at scala.concurrent.BatchingExecutor$Batch.$anonfun$run$1(BatchingExecutor.scala:82)
[2026-08-12T21:21:27.505+0000] {subprocess.py:93} INFO - 	at scala.runtime.java8.JFunction0$mcV$sp.apply(JFunction0$mcV$sp.java:23)
[2026-08-12T21:21:27.528+0000] {subprocess.py:93} INFO - 	at scala.concurrent.BlockContext$.withBlockContext(BlockContext.scala:85)
[2026-08-12T21:21:27.551+0000] {subprocess.py:93} INFO - 	at scala.concurrent.BatchingExecutor$Batch.run(BatchingExecutor.scala:59)
[2026-08-12T21:21:27.562+0000] {subprocess.py:93} INFO - 	at scala.concurrent.Future$InternalCallbackExecutor$.unbatchedExecute(Future.scala:875)
[2026-08-12T21:21:27.608+0000] {subprocess.py:93} INFO - 	at scala.concurrent.BatchingExecutor.execute(BatchingExecutor.scala:110)
[2026-08-12T21:21:27.617+0000] {subprocess.py:93} INFO - 	at scala.concurrent.BatchingExecutor.execute$(BatchingExecutor.scala:107)
[2026-08-12T21:21:27.621+0000] {subprocess.py:93} INFO - 	at scala.concurrent.Future$InternalCallbackExecutor$.execute(Future.scala:873)
[2026-08-12T21:21:27.636+0000] {subprocess.py:93} INFO - 	at scala.concurrent.impl.CallbackRunnable.executeWithValue(Promise.scala:72)
[2026-08-12T21:21:27.639+0000] {subprocess.py:93} INFO - 	at scala.concurrent.impl.Promise$DefaultPromise.$anonfun$tryComplete$1(Promise.scala:288)
[2026-08-12T21:21:27.649+0000] {subprocess.py:93} INFO - 	at scala.concurrent.impl.Promise$DefaultPromise.$anonfun$tryComplete$1$adapted(Promise.scala:288)
[2026-08-12T21:21:27.667+0000] {subprocess.py:93} INFO - 	at scala.concurrent.impl.Promise$DefaultPromise.tryComplete(Promise.scala:288)
[2026-08-12T21:21:27.686+0000] {subprocess.py:93} INFO - 	at scala.concurrent.Promise.trySuccess(Promise.scala:94)
[2026-08-12T21:21:27.697+0000] {subprocess.py:93} INFO - 	at scala.concurrent.Promise.trySuccess$(Promise.scala:94)
[2026-08-12T21:21:27.702+0000] {subprocess.py:93} INFO - 	at scala.concurrent.impl.Promise$DefaultPromise.trySuccess(Promise.scala:187)
[2026-08-12T21:21:27.734+0000] {subprocess.py:93} INFO - 	at org.apache.spark.rpc.netty.NettyRpcEnv.onSuccess$1(NettyRpcEnv.scala:225)
[2026-08-12T21:21:27.752+0000] {subprocess.py:93} INFO - 	at org.apache.spark.rpc.netty.NettyRpcEnv.$anonfun$askAbortable$5(NettyRpcEnv.scala:239)
[2026-08-12T21:21:27.762+0000] {subprocess.py:93} INFO - 	at org.apache.spark.rpc.netty.NettyRpcEnv.$anonfun$askAbortable$5$adapted(NettyRpcEnv.scala:238)
[2026-08-12T21:21:27.777+0000] {subprocess.py:93} INFO - 	at scala.concurrent.impl.CallbackRunnable.run(Promise.scala:64)
[2026-08-12T21:21:27.793+0000] {subprocess.py:93} INFO - 	at org.apache.spark.util.ThreadUtils$$anon$1.execute(ThreadUtils.scala:99)
[2026-08-12T21:21:27.841+0000] {subprocess.py:93} INFO - 	at scala.concurrent.impl.ExecutionContextImpl$$anon$4.execute(ExecutionContextImpl.scala:138)
[2026-08-12T21:21:27.876+0000] {subprocess.py:93} INFO - 	at scala.concurrent.impl.CallbackRunnable.executeWithValue(Promise.scala:72)
[2026-08-12T21:21:27.894+0000] {subprocess.py:93} INFO - 	at scala.concurrent.impl.Promise$DefaultPromise.$anonfun$tryComplete$1(Promise.scala:288)
[2026-08-12T21:21:27.924+0000] {subprocess.py:93} INFO - 	at scala.concurrent.impl.Promise$DefaultPromise.$anonfun$tryComplete$1$adapted(Promise.scala:288)
[2026-08-12T21:21:27.931+0000] {subprocess.py:93} INFO - 	at scala.concurrent.impl.Promise$DefaultPromise.tryComplete(Promise.scala:288)
[2026-08-12T21:21:27.942+0000] {subprocess.py:93} INFO - 	at scala.concurrent.Promise.complete(Promise.scala:53)
[2026-08-12T21:21:27.958+0000] {subprocess.py:93} INFO - 	at scala.concurrent.Promise.complete$(Promise.scala:52)
[2026-08-12T21:21:27.967+0000] {subprocess.py:93} INFO - 	at scala.concurrent.impl.Promise$DefaultPromise.complete(Promise.scala:187)
[2026-08-12T21:21:27.978+0000] {subprocess.py:93} INFO - 	at scala.concurrent.Promise.success(Promise.scala:86)
[2026-08-12T21:21:27.990+0000] {subprocess.py:93} INFO - 	at scala.concurrent.Promise.success$(Promise.scala:86)
[2026-08-12T21:21:27.994+0000] {subprocess.py:93} INFO - 	at scala.concurrent.impl.Promise$DefaultPromise.success(Promise.scala:187)
[2026-08-12T21:21:27.998+0000] {subprocess.py:93} INFO - 	at org.apache.spark.rpc.netty.LocalNettyRpcCallContext.send(NettyRpcCallContext.scala:50)
[2026-08-12T21:21:28.000+0000] {subprocess.py:93} INFO - 	at org.apache.spark.rpc.netty.NettyRpcCallContext.reply(NettyRpcCallContext.scala:32)
[2026-08-12T21:21:28.037+0000] {subprocess.py:93} INFO - 	at org.apache.spark.rpc.netty.RpcEndpointVerifier$$anonfun$receiveAndReply$1.applyOrElse(RpcEndpointVerifier.scala:31)
[2026-08-12T21:21:28.040+0000] {subprocess.py:93} INFO - 	... 8 more
[2026-08-12T21:21:28.055+0000] {subprocess.py:93} INFO - 26/08/12 21:20:40 WARN Executor: Issue communicating with driver in heartbeater
[2026-08-12T21:21:28.063+0000] {subprocess.py:93} INFO - org.apache.spark.SparkException: Exception thrown in awaitResult:
[2026-08-12T21:21:28.094+0000] {subprocess.py:93} INFO - 	at org.apache.spark.util.SparkThreadUtils$.awaitResult(SparkThreadUtils.scala:56)
[2026-08-12T21:21:28.111+0000] {subprocess.py:93} INFO - 	at org.apache.spark.util.ThreadUtils$.awaitResult(ThreadUtils.scala:310)
[2026-08-12T21:21:28.127+0000] {subprocess.py:93} INFO - 	at org.apache.spark.rpc.RpcTimeout.awaitResult(RpcTimeout.scala:75)
[2026-08-12T21:21:28.139+0000] {subprocess.py:93} INFO - 	at org.apache.spark.rpc.RpcEndpointRef.askSync(RpcEndpointRef.scala:101)
[2026-08-12T21:21:28.142+0000] {subprocess.py:93} INFO - 	at org.apache.spark.rpc.RpcEndpointRef.askSync(RpcEndpointRef.scala:85)
[2026-08-12T21:21:28.145+0000] {subprocess.py:93} INFO - 	at org.apache.spark.storage.BlockManagerMaster.registerBlockManager(BlockManagerMaster.scala:80)
[2026-08-12T21:21:28.153+0000] {subprocess.py:93} INFO - 	at org.apache.spark.storage.BlockManager.reregister(BlockManager.scala:642)
[2026-08-12T21:21:28.162+0000] {subprocess.py:93} INFO - 	at org.apache.spark.executor.Executor.reportHeartBeat(Executor.scala:1223)
[2026-08-12T21:21:28.171+0000] {subprocess.py:93} INFO - 	at org.apache.spark.executor.Executor.$anonfun$heartbeater$1(Executor.scala:295)
[2026-08-12T21:21:28.174+0000] {subprocess.py:93} INFO - 	at scala.runtime.java8.JFunction0$mcV$sp.apply(JFunction0$mcV$sp.java:23)
[2026-08-12T21:21:28.178+0000] {subprocess.py:93} INFO - 	at org.apache.spark.util.Utils$.logUncaughtExceptions(Utils.scala:1928)
[2026-08-12T21:21:28.181+0000] {subprocess.py:93} INFO - 	at org.apache.spark.Heartbeater$$anon$1.run(Heartbeater.scala:46)
[2026-08-12T21:21:28.191+0000] {subprocess.py:93} INFO - 	at java.base/java.util.concurrent.Executors$RunnableAdapter.call(Executors.java:539)
[2026-08-12T21:21:28.194+0000] {subprocess.py:93} INFO - 	at java.base/java.util.concurrent.FutureTask.runAndReset(FutureTask.java:305)
[2026-08-12T21:21:28.210+0000] {subprocess.py:93} INFO - 	at java.base/java.util.concurrent.ScheduledThreadPoolExecutor$ScheduledFutureTask.run(ScheduledThreadPoolExecutor.java:305)
[2026-08-12T21:21:28.216+0000] {subprocess.py:93} INFO - 	at java.base/java.util.concurrent.ThreadPoolExecutor.runWorker(ThreadPoolExecutor.java:1136)
[2026-08-12T21:21:28.221+0000] {subprocess.py:93} INFO - 	at java.base/java.util.concurrent.ThreadPoolExecutor$Worker.run(ThreadPoolExecutor.java:635)
[2026-08-12T21:21:28.225+0000] {subprocess.py:93} INFO - 	at java.base/java.lang.Thread.run(Thread.java:840)
[2026-08-12T21:21:28.232+0000] {subprocess.py:93} INFO - Caused by: org.apache.spark.SparkException: Exception thrown in awaitResult:
[2026-08-12T21:21:28.236+0000] {subprocess.py:93} INFO - 	at org.apache.spark.util.SparkThreadUtils$.awaitResult(SparkThreadUtils.scala:56)
[2026-08-12T21:21:28.239+0000] {subprocess.py:93} INFO - 	at org.apache.spark.util.ThreadUtils$.awaitResult(ThreadUtils.scala:310)
[2026-08-12T21:21:28.254+0000] {subprocess.py:93} INFO - 	at org.apache.spark.rpc.RpcTimeout.awaitResult(RpcTimeout.scala:75)
[2026-08-12T21:21:28.258+0000] {subprocess.py:93} INFO - 	at org.apache.spark.rpc.RpcEnv.setupEndpointRefByURI(RpcEnv.scala:102)
[2026-08-12T21:21:28.268+0000] {subprocess.py:93} INFO - 	at org.apache.spark.rpc.RpcEnv.setupEndpointRef(RpcEnv.scala:110)
[2026-08-12T21:21:28.273+0000] {subprocess.py:93} INFO - 	at org.apache.spark.util.RpcUtils$.makeDriverRef(RpcUtils.scala:36)
[2026-08-12T21:21:28.276+0000] {subprocess.py:93} INFO - 	at org.apache.spark.storage.BlockManagerMasterEndpoint.driverEndpoint$lzycompute(BlockManagerMasterEndpoint.scala:124)
[2026-08-12T21:21:28.286+0000] {subprocess.py:93} INFO - 	at org.apache.spark.storage.BlockManagerMasterEndpoint.org$apache$spark$storage$BlockManagerMasterEndpoint$$driverEndpoint(BlockManagerMasterEndpoint.scala:123)
[2026-08-12T21:21:28.291+0000] {subprocess.py:93} INFO - 	at org.apache.spark.storage.BlockManagerMasterEndpoint.isExecutorAlive$lzycompute$1(BlockManagerMasterEndpoint.scala:688)
[2026-08-12T21:21:28.296+0000] {subprocess.py:93} INFO - 	at org.apache.spark.storage.BlockManagerMasterEndpoint.isExecutorAlive$1(BlockManagerMasterEndpoint.scala:687)
[2026-08-12T21:21:28.299+0000] {subprocess.py:93} INFO - 	at org.apache.spark.storage.BlockManagerMasterEndpoint.org$apache$spark$storage$BlockManagerMasterEndpoint$$register(BlockManagerMasterEndpoint.scala:725)
[2026-08-12T21:21:28.303+0000] {subprocess.py:93} INFO - 	at org.apache.spark.storage.BlockManagerMasterEndpoint$$anonfun$receiveAndReply$1.applyOrElse(BlockManagerMasterEndpoint.scala:133)
[2026-08-12T21:21:28.319+0000] {subprocess.py:93} INFO - 	at org.apache.spark.rpc.netty.Inbox.$anonfun$process$1(Inbox.scala:103)
[2026-08-12T21:21:28.346+0000] {subprocess.py:93} INFO - 	at org.apache.spark.rpc.netty.Inbox.safelyCall(Inbox.scala:213)
[2026-08-12T21:21:28.378+0000] {subprocess.py:93} INFO - 	at org.apache.spark.rpc.netty.Inbox.process(Inbox.scala:100)
[2026-08-12T21:21:28.382+0000] {subprocess.py:93} INFO - 	at org.apache.spark.rpc.netty.MessageLoop.org$apache$spark$rpc$netty$MessageLoop$$receiveLoop(MessageLoop.scala:75)
[2026-08-12T21:21:28.426+0000] {subprocess.py:93} INFO - 	at org.apache.spark.rpc.netty.MessageLoop$$anon$1.run(MessageLoop.scala:41)
[2026-08-12T21:21:28.443+0000] {subprocess.py:93} INFO - 	... 3 more
[2026-08-12T21:21:28.458+0000] {subprocess.py:93} INFO - Caused by: org.apache.spark.rpc.RpcEndpointNotFoundException: Cannot find endpoint: spark://CoarseGrainedScheduler@4099a95615c9:45169
[2026-08-12T21:21:28.490+0000] {subprocess.py:93} INFO - 	at org.apache.spark.rpc.netty.NettyRpcEnv.$anonfun$asyncSetupEndpointRefByURI$1(NettyRpcEnv.scala:148)
[2026-08-12T21:21:28.507+0000] {subprocess.py:93} INFO - 	at org.apache.spark.rpc.netty.NettyRpcEnv.$anonfun$asyncSetupEndpointRefByURI$1$adapted(NettyRpcEnv.scala:144)
[2026-08-12T21:21:28.511+0000] {subprocess.py:93} INFO - 	at scala.concurrent.Future.$anonfun$flatMap$1(Future.scala:307)
[2026-08-12T21:21:28.522+0000] {subprocess.py:93} INFO - 	at scala.concurrent.impl.Promise.$anonfun$transformWith$1(Promise.scala:41)
[2026-08-12T21:21:28.542+0000] {subprocess.py:93} INFO - 	at scala.concurrent.impl.CallbackRunnable.run(Promise.scala:64)
[2026-08-12T21:21:28.554+0000] {subprocess.py:93} INFO - 	at org.apache.spark.util.ThreadUtils$$anon$1.execute(ThreadUtils.scala:99)
[2026-08-12T21:21:28.559+0000] {subprocess.py:93} INFO - 	at scala.concurrent.impl.ExecutionContextImpl$$anon$4.execute(ExecutionContextImpl.scala:138)
[2026-08-12T21:21:28.563+0000] {subprocess.py:93} INFO - 	at scala.concurrent.impl.CallbackRunnable.executeWithValue(Promise.scala:72)
[2026-08-12T21:21:28.572+0000] {subprocess.py:93} INFO - 	at scala.concurrent.impl.Promise$DefaultPromise.$anonfun$tryComplete$1(Promise.scala:288)
[2026-08-12T21:21:28.592+0000] {subprocess.py:93} INFO - 	at scala.concurrent.impl.Promise$DefaultPromise.$anonfun$tryComplete$1$adapted(Promise.scala:288)
[2026-08-12T21:21:28.611+0000] {subprocess.py:93} INFO - 	at scala.concurrent.impl.Promise$DefaultPromise.tryComplete(Promise.scala:288)
[2026-08-12T21:21:28.627+0000] {subprocess.py:93} INFO - 	at scala.concurrent.Promise.complete(Promise.scala:53)
[2026-08-12T21:21:28.643+0000] {subprocess.py:93} INFO - 	at scala.concurrent.Promise.complete$(Promise.scala:52)
[2026-08-12T21:21:28.646+0000] {subprocess.py:93} INFO - 	at scala.concurrent.impl.Promise$DefaultPromise.complete(Promise.scala:187)
[2026-08-12T21:21:28.662+0000] {subprocess.py:93} INFO - 	at scala.concurrent.impl.Promise.$anonfun$transform$1(Promise.scala:33)
[2026-08-12T21:21:28.666+0000] {subprocess.py:93} INFO - 	at scala.concurrent.impl.CallbackRunnable.run(Promise.scala:64)
[2026-08-12T21:21:28.674+0000] {subprocess.py:93} INFO - 	at org.apache.spark.util.ThreadUtils$$anon$1.execute(ThreadUtils.scala:99)
[2026-08-12T21:21:28.681+0000] {subprocess.py:93} INFO - 	at scala.concurrent.impl.ExecutionContextImpl$$anon$4.execute(ExecutionContextImpl.scala:138)
[2026-08-12T21:21:28.704+0000] {subprocess.py:93} INFO - 	at scala.concurrent.impl.CallbackRunnable.executeWithValue(Promise.scala:72)
[2026-08-12T21:21:28.707+0000] {subprocess.py:93} INFO - 	at scala.concurrent.impl.Promise$DefaultPromise.$anonfun$tryComplete$1(Promise.scala:288)
[2026-08-12T21:21:28.711+0000] {subprocess.py:93} INFO - 	at scala.concurrent.impl.Promise$DefaultPromise.$anonfun$tryComplete$1$adapted(Promise.scala:288)
[2026-08-12T21:21:28.714+0000] {subprocess.py:93} INFO - 	at scala.concurrent.impl.Promise$DefaultPromise.tryComplete(Promise.scala:288)
[2026-08-12T21:21:28.726+0000] {subprocess.py:93} INFO - 	at scala.concurrent.Promise.complete(Promise.scala:53)
[2026-08-12T21:21:28.730+0000] {subprocess.py:93} INFO - 	at scala.concurrent.Promise.complete$(Promise.scala:52)
[2026-08-12T21:21:28.732+0000] {subprocess.py:93} INFO - 	at scala.concurrent.impl.Promise$DefaultPromise.complete(Promise.scala:187)
[2026-08-12T21:21:28.735+0000] {subprocess.py:93} INFO - 	at scala.concurrent.impl.Promise.$anonfun$transform$1(Promise.scala:33)
[2026-08-12T21:21:28.746+0000] {subprocess.py:93} INFO - 	at scala.concurrent.impl.CallbackRunnable.run(Promise.scala:64)
[2026-08-12T21:21:28.754+0000] {subprocess.py:93} INFO - 	at scala.concurrent.BatchingExecutor$Batch.processBatch$1(BatchingExecutor.scala:67)
[2026-08-12T21:21:28.762+0000] {subprocess.py:93} INFO - 	at scala.concurrent.BatchingExecutor$Batch.$anonfun$run$1(BatchingExecutor.scala:82)
[2026-08-12T21:21:28.765+0000] {subprocess.py:93} INFO - 	at scala.runtime.java8.JFunction0$mcV$sp.apply(JFunction0$mcV$sp.java:23)
[2026-08-12T21:21:28.769+0000] {subprocess.py:93} INFO - 	at scala.concurrent.BlockContext$.withBlockContext(BlockContext.scala:85)
[2026-08-12T21:21:28.774+0000] {subprocess.py:93} INFO - 	at scala.concurrent.BatchingExecutor$Batch.run(BatchingExecutor.scala:59)
[2026-08-12T21:21:28.778+0000] {subprocess.py:93} INFO - 	at scala.concurrent.Future$InternalCallbackExecutor$.unbatchedExecute(Future.scala:875)
[2026-08-12T21:21:28.783+0000] {subprocess.py:93} INFO - 	at scala.concurrent.BatchingExecutor.execute(BatchingExecutor.scala:110)
[2026-08-12T21:21:28.787+0000] {subprocess.py:93} INFO - 	at scala.concurrent.BatchingExecutor.execute$(BatchingExecutor.scala:107)
[2026-08-12T21:21:28.789+0000] {subprocess.py:93} INFO - 	at scala.concurrent.Future$InternalCallbackExecutor$.execute(Future.scala:873)
[2026-08-12T21:21:28.791+0000] {subprocess.py:93} INFO - 	at scala.concurrent.impl.CallbackRunnable.executeWithValue(Promise.scala:72)
[2026-08-12T21:21:28.794+0000] {subprocess.py:93} INFO - 	at scala.concurrent.impl.Promise$DefaultPromise.$anonfun$tryComplete$1(Promise.scala:288)
[2026-08-12T21:21:28.796+0000] {subprocess.py:93} INFO - 	at scala.concurrent.impl.Promise$DefaultPromise.$anonfun$tryComplete$1$adapted(Promise.scala:288)
[2026-08-12T21:21:28.799+0000] {subprocess.py:93} INFO - 	at scala.concurrent.impl.Promise$DefaultPromise.tryComplete(Promise.scala:288)
[2026-08-12T21:21:28.801+0000] {subprocess.py:93} INFO - 	at scala.concurrent.Promise.trySuccess(Promise.scala:94)
[2026-08-12T21:21:28.810+0000] {subprocess.py:93} INFO - 	at scala.concurrent.Promise.trySuccess$(Promise.scala:94)
[2026-08-12T21:21:28.815+0000] {subprocess.py:93} INFO - 	at scala.concurrent.impl.Promise$DefaultPromise.trySuccess(Promise.scala:187)
[2026-08-12T21:21:28.831+0000] {subprocess.py:93} INFO - 	at org.apache.spark.rpc.netty.NettyRpcEnv.onSuccess$1(NettyRpcEnv.scala:225)
[2026-08-12T21:21:28.834+0000] {subprocess.py:93} INFO - 	at org.apache.spark.rpc.netty.NettyRpcEnv.$anonfun$askAbortable$5(NettyRpcEnv.scala:239)
[2026-08-12T21:21:28.837+0000] {subprocess.py:93} INFO - 	at org.apache.spark.rpc.netty.NettyRpcEnv.$anonfun$askAbortable$5$adapted(NettyRpcEnv.scala:238)
[2026-08-12T21:21:28.840+0000] {subprocess.py:93} INFO - 	at scala.concurrent.impl.CallbackRunnable.run(Promise.scala:64)
[2026-08-12T21:21:28.852+0000] {subprocess.py:93} INFO - 	at org.apache.spark.util.ThreadUtils$$anon$1.execute(ThreadUtils.scala:99)
[2026-08-12T21:21:28.869+0000] {subprocess.py:93} INFO - 	at scala.concurrent.impl.ExecutionContextImpl$$anon$4.execute(ExecutionContextImpl.scala:138)
[2026-08-12T21:21:28.874+0000] {subprocess.py:93} INFO - 	at scala.concurrent.impl.CallbackRunnable.executeWithValue(Promise.scala:72)
[2026-08-12T21:21:28.876+0000] {subprocess.py:93} INFO - 	at scala.concurrent.impl.Promise$DefaultPromise.$anonfun$tryComplete$1(Promise.scala:288)
[2026-08-12T21:21:28.879+0000] {subprocess.py:93} INFO - 	at scala.concurrent.impl.Promise$DefaultPromise.$anonfun$tryComplete$1$adapted(Promise.scala:288)
[2026-08-12T21:21:28.883+0000] {subprocess.py:93} INFO - 	at scala.concurrent.impl.Promise$DefaultPromise.tryComplete(Promise.scala:288)
[2026-08-12T21:21:28.890+0000] {subprocess.py:93} INFO - 	at scala.concurrent.Promise.complete(Promise.scala:53)
[2026-08-12T21:21:28.894+0000] {subprocess.py:93} INFO - 	at scala.concurrent.Promise.complete$(Promise.scala:52)
[2026-08-12T21:21:28.897+0000] {subprocess.py:93} INFO - 	at scala.concurrent.impl.Promise$DefaultPromise.complete(Promise.scala:187)
[2026-08-12T21:21:28.900+0000] {subprocess.py:93} INFO - 	at scala.concurrent.Promise.success(Promise.scala:86)
[2026-08-12T21:21:28.905+0000] {subprocess.py:93} INFO - 	at scala.concurrent.Promise.success$(Promise.scala:86)
[2026-08-12T21:21:28.907+0000] {subprocess.py:93} INFO - 	at scala.concurrent.impl.Promise$DefaultPromise.success(Promise.scala:187)
[2026-08-12T21:21:28.910+0000] {subprocess.py:93} INFO - 	at org.apache.spark.rpc.netty.LocalNettyRpcCallContext.send(NettyRpcCallContext.scala:50)
[2026-08-12T21:21:28.912+0000] {subprocess.py:93} INFO - 	at org.apache.spark.rpc.netty.NettyRpcCallContext.reply(NettyRpcCallContext.scala:32)
[2026-08-12T21:21:28.915+0000] {subprocess.py:93} INFO - 	at org.apache.spark.rpc.netty.RpcEndpointVerifier$$anonfun$receiveAndReply$1.applyOrElse(RpcEndpointVerifier.scala:31)
[2026-08-12T21:21:28.918+0000] {subprocess.py:93} INFO - 	... 8 more
[2026-08-12T21:21:28.921+0000] {subprocess.py:93} INFO - 26/08/12 21:20:40 ERROR Inbox: Ignoring error
[2026-08-12T21:21:28.924+0000] {subprocess.py:93} INFO - org.apache.spark.SparkException: Exception thrown in awaitResult:
[2026-08-12T21:21:28.933+0000] {subprocess.py:93} INFO - 	at org.apache.spark.util.SparkThreadUtils$.awaitResult(SparkThreadUtils.scala:56)
[2026-08-12T21:21:28.936+0000] {subprocess.py:93} INFO - 	at org.apache.spark.util.ThreadUtils$.awaitResult(ThreadUtils.scala:310)
[2026-08-12T21:21:28.944+0000] {subprocess.py:93} INFO - 	at org.apache.spark.rpc.RpcTimeout.awaitResult(RpcTimeout.scala:75)
[2026-08-12T21:21:28.947+0000] {subprocess.py:93} INFO - 	at org.apache.spark.rpc.RpcEnv.setupEndpointRefByURI(RpcEnv.scala:102)
[2026-08-12T21:21:28.982+0000] {subprocess.py:93} INFO - 	at org.apache.spark.rpc.RpcEnv.setupEndpointRef(RpcEnv.scala:110)
[2026-08-12T21:21:28.997+0000] {subprocess.py:93} INFO - 	at org.apache.spark.util.RpcUtils$.makeDriverRef(RpcUtils.scala:36)
[2026-08-12T21:21:29.005+0000] {subprocess.py:93} INFO - 	at org.apache.spark.storage.BlockManagerMasterEndpoint.driverEndpoint$lzycompute(BlockManagerMasterEndpoint.scala:124)
[2026-08-12T21:21:29.011+0000] {subprocess.py:93} INFO - 	at org.apache.spark.storage.BlockManagerMasterEndpoint.org$apache$spark$storage$BlockManagerMasterEndpoint$$driverEndpoint(BlockManagerMasterEndpoint.scala:123)
[2026-08-12T21:21:29.014+0000] {subprocess.py:93} INFO - 	at org.apache.spark.storage.BlockManagerMasterEndpoint.isExecutorAlive$lzycompute$1(BlockManagerMasterEndpoint.scala:688)
[2026-08-12T21:21:29.029+0000] {subprocess.py:93} INFO - 	at org.apache.spark.storage.BlockManagerMasterEndpoint.isExecutorAlive$1(BlockManagerMasterEndpoint.scala:687)
[2026-08-12T21:21:29.044+0000] {subprocess.py:93} INFO - 	at org.apache.spark.storage.BlockManagerMasterEndpoint.org$apache$spark$storage$BlockManagerMasterEndpoint$$register(BlockManagerMasterEndpoint.scala:725)
[2026-08-12T21:21:29.053+0000] {subprocess.py:93} INFO - 	at org.apache.spark.storage.BlockManagerMasterEndpoint$$anonfun$receiveAndReply$1.applyOrElse(BlockManagerMasterEndpoint.scala:133)
[2026-08-12T21:21:29.056+0000] {subprocess.py:93} INFO - 	at org.apache.spark.rpc.netty.Inbox.$anonfun$process$1(Inbox.scala:103)
[2026-08-12T21:21:29.060+0000] {subprocess.py:93} INFO - 	at org.apache.spark.rpc.netty.Inbox.safelyCall(Inbox.scala:213)
[2026-08-12T21:21:29.070+0000] {subprocess.py:93} INFO - 	at org.apache.spark.rpc.netty.Inbox.process(Inbox.scala:100)
[2026-08-12T21:21:29.074+0000] {subprocess.py:93} INFO - 	at org.apache.spark.rpc.netty.MessageLoop.org$apache$spark$rpc$netty$MessageLoop$$receiveLoop(MessageLoop.scala:75)
[2026-08-12T21:21:29.076+0000] {subprocess.py:93} INFO - 	at org.apache.spark.rpc.netty.MessageLoop$$anon$1.run(MessageLoop.scala:41)
[2026-08-12T21:21:29.082+0000] {subprocess.py:93} INFO - 	at java.base/java.util.concurrent.ThreadPoolExecutor.runWorker(ThreadPoolExecutor.java:1136)
[2026-08-12T21:21:29.085+0000] {subprocess.py:93} INFO - 	at java.base/java.util.concurrent.ThreadPoolExecutor$Worker.run(ThreadPoolExecutor.java:635)
[2026-08-12T21:21:29.098+0000] {subprocess.py:93} INFO - 	at java.base/java.lang.Thread.run(Thread.java:840)
[2026-08-12T21:21:29.106+0000] {subprocess.py:93} INFO - Caused by: org.apache.spark.rpc.RpcEndpointNotFoundException: Cannot find endpoint: spark://CoarseGrainedScheduler@4099a95615c9:45169
[2026-08-12T21:21:29.109+0000] {subprocess.py:93} INFO - 	at org.apache.spark.rpc.netty.NettyRpcEnv.$anonfun$asyncSetupEndpointRefByURI$1(NettyRpcEnv.scala:148)
[2026-08-12T21:21:29.112+0000] {subprocess.py:93} INFO - 	at org.apache.spark.rpc.netty.NettyRpcEnv.$anonfun$asyncSetupEndpointRefByURI$1$adapted(NettyRpcEnv.scala:144)
[2026-08-12T21:21:29.115+0000] {subprocess.py:93} INFO - 	at scala.concurrent.Future.$anonfun$flatMap$1(Future.scala:307)
[2026-08-12T21:21:29.117+0000] {subprocess.py:93} INFO - 	at scala.concurrent.impl.Promise.$anonfun$transformWith$1(Promise.scala:41)
[2026-08-12T21:21:29.122+0000] {subprocess.py:93} INFO - 	at scala.concurrent.impl.CallbackRunnable.run(Promise.scala:64)
[2026-08-12T21:21:29.127+0000] {subprocess.py:93} INFO - 	at org.apache.spark.util.ThreadUtils$$anon$1.execute(ThreadUtils.scala:99)
[2026-08-12T21:21:29.131+0000] {subprocess.py:93} INFO - 	at scala.concurrent.impl.ExecutionContextImpl$$anon$4.execute(ExecutionContextImpl.scala:138)
[2026-08-12T21:21:29.133+0000] {subprocess.py:93} INFO - 	at scala.concurrent.impl.CallbackRunnable.executeWithValue(Promise.scala:72)
[2026-08-12T21:21:29.136+0000] {subprocess.py:93} INFO - 	at scala.concurrent.impl.Promise$DefaultPromise.$anonfun$tryComplete$1(Promise.scala:288)
[2026-08-12T21:21:29.139+0000] {subprocess.py:93} INFO - 	at scala.concurrent.impl.Promise$DefaultPromise.$anonfun$tryComplete$1$adapted(Promise.scala:288)
[2026-08-12T21:21:29.141+0000] {subprocess.py:93} INFO - 	at scala.concurrent.impl.Promise$DefaultPromise.tryComplete(Promise.scala:288)
[2026-08-12T21:21:29.145+0000] {subprocess.py:93} INFO - 	at scala.concurrent.Promise.complete(Promise.scala:53)
[2026-08-12T21:21:29.149+0000] {subprocess.py:93} INFO - 	at scala.concurrent.Promise.complete$(Promise.scala:52)
[2026-08-12T21:21:29.162+0000] {subprocess.py:93} INFO - 	at scala.concurrent.impl.Promise$DefaultPromise.complete(Promise.scala:187)
[2026-08-12T21:21:29.165+0000] {subprocess.py:93} INFO - 	at scala.concurrent.impl.Promise.$anonfun$transform$1(Promise.scala:33)
[2026-08-12T21:21:29.167+0000] {subprocess.py:93} INFO - 	at scala.concurrent.impl.CallbackRunnable.run(Promise.scala:64)
[2026-08-12T21:21:29.170+0000] {subprocess.py:93} INFO - 	at org.apache.spark.util.ThreadUtils$$anon$1.execute(ThreadUtils.scala:99)
[2026-08-12T21:21:29.173+0000] {subprocess.py:93} INFO - 	at scala.concurrent.impl.ExecutionContextImpl$$anon$4.execute(ExecutionContextImpl.scala:138)
[2026-08-12T21:21:29.175+0000] {subprocess.py:93} INFO - 	at scala.concurrent.impl.CallbackRunnable.executeWithValue(Promise.scala:72)
[2026-08-12T21:21:29.187+0000] {subprocess.py:93} INFO - 	at scala.concurrent.impl.Promise$DefaultPromise.$anonfun$tryComplete$1(Promise.scala:288)
[2026-08-12T21:21:29.200+0000] {subprocess.py:93} INFO - 	at scala.concurrent.impl.Promise$DefaultPromise.$anonfun$tryComplete$1$adapted(Promise.scala:288)
[2026-08-12T21:21:29.203+0000] {subprocess.py:93} INFO - 	at scala.concurrent.impl.Promise$DefaultPromise.tryComplete(Promise.scala:288)
[2026-08-12T21:21:29.211+0000] {subprocess.py:93} INFO - 	at scala.concurrent.Promise.complete(Promise.scala:53)
[2026-08-12T21:21:29.220+0000] {subprocess.py:93} INFO - 	at scala.concurrent.Promise.complete$(Promise.scala:52)
[2026-08-12T21:21:29.225+0000] {subprocess.py:93} INFO - 	at scala.concurrent.impl.Promise$DefaultPromise.complete(Promise.scala:187)
[2026-08-12T21:21:29.236+0000] {subprocess.py:93} INFO - 	at scala.concurrent.impl.Promise.$anonfun$transform$1(Promise.scala:33)
[2026-08-12T21:21:29.247+0000] {subprocess.py:93} INFO - 	at scala.concurrent.impl.CallbackRunnable.run(Promise.scala:64)
[2026-08-12T21:21:29.256+0000] {subprocess.py:93} INFO - 	at scala.concurrent.BatchingExecutor$Batch.processBatch$1(BatchingExecutor.scala:67)
[2026-08-12T21:21:29.258+0000] {subprocess.py:93} INFO - 	at scala.concurrent.BatchingExecutor$Batch.$anonfun$run$1(BatchingExecutor.scala:82)
[2026-08-12T21:21:29.261+0000] {subprocess.py:93} INFO - 	at scala.runtime.java8.JFunction0$mcV$sp.apply(JFunction0$mcV$sp.java:23)
[2026-08-12T21:21:29.265+0000] {subprocess.py:93} INFO - 	at scala.concurrent.BlockContext$.withBlockContext(BlockContext.scala:85)
[2026-08-12T21:21:29.267+0000] {subprocess.py:93} INFO - 	at scala.concurrent.BatchingExecutor$Batch.run(BatchingExecutor.scala:59)
[2026-08-12T21:21:29.269+0000] {subprocess.py:93} INFO - 	at scala.concurrent.Future$InternalCallbackExecutor$.unbatchedExecute(Future.scala:875)
[2026-08-12T21:21:29.273+0000] {subprocess.py:93} INFO - 	at scala.concurrent.BatchingExecutor.execute(BatchingExecutor.scala:110)
[2026-08-12T21:21:29.275+0000] {subprocess.py:93} INFO - 	at scala.concurrent.BatchingExecutor.execute$(BatchingExecutor.scala:107)
[2026-08-12T21:21:29.278+0000] {subprocess.py:93} INFO - 	at scala.concurrent.Future$InternalCallbackExecutor$.execute(Future.scala:873)
[2026-08-12T21:21:29.281+0000] {subprocess.py:93} INFO - 	at scala.concurrent.impl.CallbackRunnable.executeWithValue(Promise.scala:72)
[2026-08-12T21:21:29.284+0000] {subprocess.py:93} INFO - 	at scala.concurrent.impl.Promise$DefaultPromise.$anonfun$tryComplete$1(Promise.scala:288)
[2026-08-12T21:21:29.288+0000] {subprocess.py:93} INFO - 	at scala.concurrent.impl.Promise$DefaultPromise.$anonfun$tryComplete$1$adapted(Promise.scala:288)
[2026-08-12T21:21:29.296+0000] {subprocess.py:93} INFO - 	at scala.concurrent.impl.Promise$DefaultPromise.tryComplete(Promise.scala:288)
[2026-08-12T21:21:29.299+0000] {subprocess.py:93} INFO - 	at scala.concurrent.Promise.trySuccess(Promise.scala:94)
[2026-08-12T21:21:29.301+0000] {subprocess.py:93} INFO - 	at scala.concurrent.Promise.trySuccess$(Promise.scala:94)
[2026-08-12T21:21:29.305+0000] {subprocess.py:93} INFO - 	at scala.concurrent.impl.Promise$DefaultPromise.trySuccess(Promise.scala:187)
[2026-08-12T21:21:29.311+0000] {subprocess.py:93} INFO - 	at org.apache.spark.rpc.netty.NettyRpcEnv.onSuccess$1(NettyRpcEnv.scala:225)
[2026-08-12T21:21:29.315+0000] {subprocess.py:93} INFO - 	at org.apache.spark.rpc.netty.NettyRpcEnv.$anonfun$askAbortable$5(NettyRpcEnv.scala:239)
[2026-08-12T21:21:29.318+0000] {subprocess.py:93} INFO - 	at org.apache.spark.rpc.netty.NettyRpcEnv.$anonfun$askAbortable$5$adapted(NettyRpcEnv.scala:238)
[2026-08-12T21:21:29.321+0000] {subprocess.py:93} INFO - 	at scala.concurrent.impl.CallbackRunnable.run(Promise.scala:64)
[2026-08-12T21:21:29.330+0000] {subprocess.py:93} INFO - 	at org.apache.spark.util.ThreadUtils$$anon$1.execute(ThreadUtils.scala:99)
[2026-08-12T21:21:29.332+0000] {subprocess.py:93} INFO - 	at scala.concurrent.impl.ExecutionContextImpl$$anon$4.execute(ExecutionContextImpl.scala:138)
[2026-08-12T21:21:29.335+0000] {subprocess.py:93} INFO - 	at scala.concurrent.impl.CallbackRunnable.executeWithValue(Promise.scala:72)
[2026-08-12T21:21:29.338+0000] {subprocess.py:93} INFO - 	at scala.concurrent.impl.Promise$DefaultPromise.$anonfun$tryComplete$1(Promise.scala:288)
[2026-08-12T21:21:29.339+0000] {subprocess.py:93} INFO - 	at scala.concurrent.impl.Promise$DefaultPromise.$anonfun$tryComplete$1$adapted(Promise.scala:288)
[2026-08-12T21:21:29.342+0000] {subprocess.py:93} INFO - 	at scala.concurrent.impl.Promise$DefaultPromise.tryComplete(Promise.scala:288)
[2026-08-12T21:21:29.344+0000] {subprocess.py:93} INFO - 	at scala.concurrent.Promise.complete(Promise.scala:53)
[2026-08-12T21:21:29.346+0000] {subprocess.py:93} INFO - 	at scala.concurrent.Promise.complete$(Promise.scala:52)
[2026-08-12T21:21:29.352+0000] {subprocess.py:93} INFO - 	at scala.concurrent.impl.Promise$DefaultPromise.complete(Promise.scala:187)
[2026-08-12T21:21:29.354+0000] {subprocess.py:93} INFO - 	at scala.concurrent.Promise.success(Promise.scala:86)
[2026-08-12T21:21:29.357+0000] {subprocess.py:93} INFO - 	at scala.concurrent.Promise.success$(Promise.scala:86)
[2026-08-12T21:21:29.359+0000] {subprocess.py:93} INFO - 	at scala.concurrent.impl.Promise$DefaultPromise.success(Promise.scala:187)
[2026-08-12T21:21:29.362+0000] {subprocess.py:93} INFO - 	at org.apache.spark.rpc.netty.LocalNettyRpcCallContext.send(NettyRpcCallContext.scala:50)
[2026-08-12T21:21:29.365+0000] {subprocess.py:93} INFO - 	at org.apache.spark.rpc.netty.NettyRpcCallContext.reply(NettyRpcCallContext.scala:32)
[2026-08-12T21:21:29.368+0000] {subprocess.py:93} INFO - 	at org.apache.spark.rpc.netty.RpcEndpointVerifier$$anonfun$receiveAndReply$1.applyOrElse(RpcEndpointVerifier.scala:31)
[2026-08-12T21:21:29.371+0000] {subprocess.py:93} INFO - 	... 8 more
[2026-08-12T21:21:29.380+0000] {subprocess.py:93} INFO - 26/08/12 21:21:00 ERROR Inbox: Ignoring error
[2026-08-12T21:21:29.383+0000] {subprocess.py:93} INFO - org.apache.spark.SparkException: Exception thrown in awaitResult:
[2026-08-12T21:21:29.386+0000] {subprocess.py:93} INFO - 	at org.apache.spark.util.SparkThreadUtils$.awaitResult(SparkThreadUtils.scala:56)
[2026-08-12T21:21:29.395+0000] {subprocess.py:93} INFO - 	at org.apache.spark.util.ThreadUtils$.awaitResult(ThreadUtils.scala:310)
[2026-08-12T21:21:29.398+0000] {subprocess.py:93} INFO - 	at org.apache.spark.rpc.RpcTimeout.awaitResult(RpcTimeout.scala:75)
[2026-08-12T21:21:29.401+0000] {subprocess.py:93} INFO - 	at org.apache.spark.rpc.RpcEnv.setupEndpointRefByURI(RpcEnv.scala:102)
[2026-08-12T21:21:29.405+0000] {subprocess.py:93} INFO - 	at org.apache.spark.rpc.RpcEnv.setupEndpointRef(RpcEnv.scala:110)
[2026-08-12T21:21:29.418+0000] {subprocess.py:93} INFO - 	at org.apache.spark.util.RpcUtils$.makeDriverRef(RpcUtils.scala:36)
[2026-08-12T21:21:29.428+0000] {subprocess.py:93} INFO - 	at org.apache.spark.storage.BlockManagerMasterEndpoint.driverEndpoint$lzycompute(BlockManagerMasterEndpoint.scala:124)
[2026-08-12T21:21:29.434+0000] {subprocess.py:93} INFO - 	at org.apache.spark.storage.BlockManagerMasterEndpoint.org$apache$spark$storage$BlockManagerMasterEndpoint$$driverEndpoint(BlockManagerMasterEndpoint.scala:123)
[2026-08-12T21:21:29.441+0000] {subprocess.py:93} INFO - 	at org.apache.spark.storage.BlockManagerMasterEndpoint.isExecutorAlive$lzycompute$1(BlockManagerMasterEndpoint.scala:688)
[2026-08-12T21:21:29.444+0000] {subprocess.py:93} INFO - 	at org.apache.spark.storage.BlockManagerMasterEndpoint.isExecutorAlive$1(BlockManagerMasterEndpoint.scala:687)
[2026-08-12T21:21:29.447+0000] {subprocess.py:93} INFO - 	at org.apache.spark.storage.BlockManagerMasterEndpoint.org$apache$spark$storage$BlockManagerMasterEndpoint$$register(BlockManagerMasterEndpoint.scala:725)
[2026-08-12T21:21:29.449+0000] {subprocess.py:93} INFO - 	at org.apache.spark.storage.BlockManagerMasterEndpoint$$anonfun$receiveAndReply$1.applyOrElse(BlockManagerMasterEndpoint.scala:133)
[2026-08-12T21:21:29.452+0000] {subprocess.py:93} INFO - 	at org.apache.spark.rpc.netty.Inbox.$anonfun$process$1(Inbox.scala:103)
[2026-08-12T21:21:29.454+0000] {subprocess.py:93} INFO - 	at org.apache.spark.rpc.netty.Inbox.safelyCall(Inbox.scala:213)
[2026-08-12T21:21:29.460+0000] {subprocess.py:93} INFO - 	at org.apache.spark.rpc.netty.Inbox.process(Inbox.scala:100)
[2026-08-12T21:21:29.462+0000] {subprocess.py:93} INFO - 	at org.apache.spark.rpc.netty.MessageLoop.org$apache$spark$rpc$netty$MessageLoop$$receiveLoop(MessageLoop.scala:75)
[2026-08-12T21:21:29.464+0000] {subprocess.py:93} INFO - 	at org.apache.spark.rpc.netty.MessageLoop$$anon$1.run(MessageLoop.scala:41)
[2026-08-12T21:21:29.466+0000] {subprocess.py:93} INFO - 	at java.base/java.util.concurrent.ThreadPoolExecutor.runWorker(ThreadPoolExecutor.java:1136)
[2026-08-12T21:21:29.469+0000] {subprocess.py:93} INFO - 	at java.base/java.util.concurrent.ThreadPoolExecutor$Worker.run(ThreadPoolExecutor.java:635)
[2026-08-12T21:21:29.472+0000] {subprocess.py:93} INFO - 	at java.base/java.lang.Thread.run(Thread.java:840)
[2026-08-12T21:21:29.477+0000] {subprocess.py:93} INFO - Caused by: org.apache.spark.rpc.RpcEndpointNotFoundException: Cannot find endpoint: spark://CoarseGrainedScheduler@4099a95615c9:45169
[2026-08-12T21:21:29.486+0000] {subprocess.py:93} INFO - 	at org.apache.spark.rpc.netty.NettyRpcEnv.$anonfun$asyncSetupEndpointRefByURI$1(NettyRpcEnv.scala:148)
[2026-08-12T21:21:29.489+0000] {subprocess.py:93} INFO - 	at org.apache.spark.rpc.netty.NettyRpcEnv.$anonfun$asyncSetupEndpointRefByURI$1$adapted(NettyRpcEnv.scala:144)
[2026-08-12T21:21:29.492+0000] {subprocess.py:93} INFO - 	at scala.concurrent.Future.$anonfun$flatMap$1(Future.scala:307)
[2026-08-12T21:21:29.494+0000] {subprocess.py:93} INFO - 	at scala.concurrent.impl.Promise.$anonfun$transformWith$1(Promise.scala:41)
[2026-08-12T21:21:29.496+0000] {subprocess.py:93} INFO - 	at scala.concurrent.impl.CallbackRunnable.run(Promise.scala:64)
[2026-08-12T21:21:29.498+0000] {subprocess.py:93} INFO - 	at org.apache.spark.util.ThreadUtils$$anon$1.execute(ThreadUtils.scala:99)
[2026-08-12T21:21:29.501+0000] {subprocess.py:93} INFO - 	at scala.concurrent.impl.ExecutionContextImpl$$anon$4.execute(ExecutionContextImpl.scala:138)
[2026-08-12T21:21:29.504+0000] {subprocess.py:93} INFO - 	at scala.concurrent.impl.CallbackRunnable.executeWithValue(Promise.scala:72)
[2026-08-12T21:21:29.508+0000] {subprocess.py:93} INFO - 	at scala.concurrent.impl.Promise$DefaultPromise.$anonfun$tryComplete$1(Promise.scala:288)
[2026-08-12T21:21:29.511+0000] {subprocess.py:93} INFO - 	at scala.concurrent.impl.Promise$DefaultPromise.$anonfun$tryComplete$1$adapted(Promise.scala:288)
[2026-08-12T21:21:29.513+0000] {subprocess.py:93} INFO - 	at scala.concurrent.impl.Promise$DefaultPromise.tryComplete(Promise.scala:288)
[2026-08-12T21:21:29.518+0000] {subprocess.py:93} INFO - 	at scala.concurrent.Promise.complete(Promise.scala:53)
[2026-08-12T21:21:29.520+0000] {subprocess.py:93} INFO - 	at scala.concurrent.Promise.complete$(Promise.scala:52)
[2026-08-12T21:21:29.523+0000] {subprocess.py:93} INFO - 	at scala.concurrent.impl.Promise$DefaultPromise.complete(Promise.scala:187)
[2026-08-12T21:21:29.527+0000] {subprocess.py:93} INFO - 	at scala.concurrent.impl.Promise.$anonfun$transform$1(Promise.scala:33)
[2026-08-12T21:21:29.529+0000] {subprocess.py:93} INFO - 	at scala.concurrent.impl.CallbackRunnable.run(Promise.scala:64)
[2026-08-12T21:21:29.542+0000] {subprocess.py:93} INFO - 	at org.apache.spark.util.ThreadUtils$$anon$1.execute(ThreadUtils.scala:99)
[2026-08-12T21:21:29.561+0000] {subprocess.py:93} INFO - 	at scala.concurrent.impl.ExecutionContextImpl$$anon$4.execute(ExecutionContextImpl.scala:138)
[2026-08-12T21:21:29.580+0000] {subprocess.py:93} INFO - 	at scala.concurrent.impl.CallbackRunnable.executeWithValue(Promise.scala:72)
[2026-08-12T21:21:29.586+0000] {subprocess.py:93} INFO - 	at scala.concurrent.impl.Promise$DefaultPromise.$anonfun$tryComplete$1(Promise.scala:288)
[2026-08-12T21:21:29.618+0000] {subprocess.py:93} INFO - 	at scala.concurrent.impl.Promise$DefaultPromise.$anonfun$tryComplete$1$adapted(Promise.scala:288)
[2026-08-12T21:21:30.003+0000] {subprocess.py:93} INFO - 	at scala.concurrent.impl.Promise$DefaultPromise.tryComplete(Promise.scala:288)
[2026-08-12T21:21:30.048+0000] {subprocess.py:93} INFO - 	at scala.concurrent.Promise.complete(Promise.scala:53)
[2026-08-12T21:21:30.236+0000] {subprocess.py:93} INFO - 	at scala.concurrent.Promise.complete$(Promise.scala:52)
[2026-08-12T21:21:30.243+0000] {subprocess.py:93} INFO - 	at scala.concurrent.impl.Promise$DefaultPromise.complete(Promise.scala:187)
[2026-08-12T21:21:30.255+0000] {subprocess.py:93} INFO - 	at scala.concurrent.impl.Promise.$anonfun$transform$1(Promise.scala:33)
[2026-08-12T21:21:30.286+0000] {subprocess.py:93} INFO - 	at scala.concurrent.impl.CallbackRunnable.run(Promise.scala:64)
[2026-08-12T21:21:30.306+0000] {subprocess.py:93} INFO - 	at scala.concurrent.BatchingExecutor$Batch.processBatch$1(BatchingExecutor.scala:67)
[2026-08-12T21:21:30.490+0000] {subprocess.py:93} INFO - 	at scala.concurrent.BatchingExecutor$Batch.$anonfun$run$1(BatchingExecutor.scala:82)
[2026-08-12T21:21:30.503+0000] {subprocess.py:93} INFO - 	at scala.runtime.java8.JFunction0$mcV$sp.apply(JFunction0$mcV$sp.java:23)
[2026-08-12T21:21:30.518+0000] {subprocess.py:93} INFO - 	at scala.concurrent.BlockContext$.withBlockContext(BlockContext.scala:85)
[2026-08-12T21:21:30.552+0000] {subprocess.py:93} INFO - 	at scala.concurrent.BatchingExecutor$Batch.run(BatchingExecutor.scala:59)
[2026-08-12T21:21:30.557+0000] {subprocess.py:93} INFO - 	at scala.concurrent.Future$InternalCallbackExecutor$.unbatchedExecute(Future.scala:875)
[2026-08-12T21:21:30.573+0000] {subprocess.py:93} INFO - 	at scala.concurrent.BatchingExecutor.execute(BatchingExecutor.scala:110)
[2026-08-12T21:21:30.611+0000] {subprocess.py:93} INFO - 	at scala.concurrent.BatchingExecutor.execute$(BatchingExecutor.scala:107)
[2026-08-12T21:21:30.686+0000] {subprocess.py:93} INFO - 	at scala.concurrent.Future$InternalCallbackExecutor$.execute(Future.scala:873)
[2026-08-12T21:21:30.704+0000] {subprocess.py:93} INFO - 	at scala.concurrent.impl.CallbackRunnable.executeWithValue(Promise.scala:72)
[2026-08-12T21:21:30.730+0000] {subprocess.py:93} INFO - 	at scala.concurrent.impl.Promise$DefaultPromise.$anonfun$tryComplete$1(Promise.scala:288)
[2026-08-12T21:21:30.752+0000] {subprocess.py:93} INFO - 	at scala.concurrent.impl.Promise$DefaultPromise.$anonfun$tryComplete$1$adapted(Promise.scala:288)
[2026-08-12T21:21:30.767+0000] {subprocess.py:93} INFO - 	at scala.concurrent.impl.Promise$DefaultPromise.tryComplete(Promise.scala:288)
[2026-08-12T21:21:30.806+0000] {subprocess.py:93} INFO - 	at scala.concurrent.Promise.trySuccess(Promise.scala:94)
[2026-08-12T21:21:30.825+0000] {subprocess.py:93} INFO - 	at scala.concurrent.Promise.trySuccess$(Promise.scala:94)
[2026-08-12T21:21:30.836+0000] {subprocess.py:93} INFO - 	at scala.concurrent.impl.Promise$DefaultPromise.trySuccess(Promise.scala:187)
[2026-08-12T21:21:30.934+0000] {subprocess.py:93} INFO - 	at org.apache.spark.rpc.netty.NettyRpcEnv.onSuccess$1(NettyRpcEnv.scala:225)
[2026-08-12T21:21:31.007+0000] {subprocess.py:93} INFO - 	at org.apache.spark.rpc.netty.NettyRpcEnv.$anonfun$askAbortable$5(NettyRpcEnv.scala:239)
[2026-08-12T21:21:31.046+0000] {subprocess.py:93} INFO - 	at org.apache.spark.rpc.netty.NettyRpcEnv.$anonfun$askAbortable$5$adapted(NettyRpcEnv.scala:238)
[2026-08-12T21:21:31.099+0000] {subprocess.py:93} INFO - 	at scala.concurrent.impl.CallbackRunnable.run(Promise.scala:64)
[2026-08-12T21:21:31.138+0000] {subprocess.py:93} INFO - 	at org.apache.spark.util.ThreadUtils$$anon$1.execute(ThreadUtils.scala:99)
[2026-08-12T21:21:31.150+0000] {subprocess.py:93} INFO - 	at scala.concurrent.impl.ExecutionContextImpl$$anon$4.execute(ExecutionContextImpl.scala:138)
[2026-08-12T21:21:31.162+0000] {subprocess.py:93} INFO - 	at scala.concurrent.impl.CallbackRunnable.executeWithValue(Promise.scala:72)
[2026-08-12T21:21:31.207+0000] {subprocess.py:93} INFO - 	at scala.concurrent.impl.Promise$DefaultPromise.$anonfun$tryComplete$1(Promise.scala:288)
[2026-08-12T21:21:31.210+0000] {subprocess.py:93} INFO - 	at scala.concurrent.impl.Promise$DefaultPromise.$anonfun$tryComplete$1$adapted(Promise.scala:288)
[2026-08-12T21:21:31.218+0000] {subprocess.py:93} INFO - 	at scala.concurrent.impl.Promise$DefaultPromise.tryComplete(Promise.scala:288)
[2026-08-12T21:21:31.251+0000] {subprocess.py:93} INFO - 	at scala.concurrent.Promise.complete(Promise.scala:53)
[2026-08-12T21:21:31.295+0000] {subprocess.py:93} INFO - 	at scala.concurrent.Promise.complete$(Promise.scala:52)
[2026-08-12T21:21:31.298+0000] {subprocess.py:93} INFO - 	at scala.concurrent.impl.Promise$DefaultPromise.complete(Promise.scala:187)
[2026-08-12T21:21:31.308+0000] {subprocess.py:93} INFO - 	at scala.concurrent.Promise.success(Promise.scala:86)
[2026-08-12T21:21:31.325+0000] {subprocess.py:93} INFO - 	at scala.concurrent.Promise.success$(Promise.scala:86)
[2026-08-12T21:21:31.392+0000] {subprocess.py:93} INFO - 	at scala.concurrent.impl.Promise$DefaultPromise.success(Promise.scala:187)
[2026-08-12T21:21:31.423+0000] {subprocess.py:93} INFO - 	at org.apache.spark.rpc.netty.LocalNettyRpcCallContext.send(NettyRpcCallContext.scala:50)
[2026-08-12T21:21:31.456+0000] {subprocess.py:93} INFO - 	at org.apache.spark.rpc.netty.NettyRpcCallContext.reply(NettyRpcCallContext.scala:32)
[2026-08-12T21:21:31.706+0000] {subprocess.py:93} INFO - 	at org.apache.spark.rpc.netty.RpcEndpointVerifier$$anonfun$receiveAndReply$1.applyOrElse(RpcEndpointVerifier.scala:31)
[2026-08-12T21:21:31.741+0000] {subprocess.py:93} INFO - 	... 8 more
[2026-08-12T21:21:31.774+0000] {subprocess.py:93} INFO - 26/08/12 21:21:00 WARN Executor: Issue communicating with driver in heartbeater
[2026-08-12T21:21:31.808+0000] {subprocess.py:93} INFO - org.apache.spark.SparkException: Exception thrown in awaitResult:
[2026-08-12T21:21:31.855+0000] {subprocess.py:93} INFO - 	at org.apache.spark.util.SparkThreadUtils$.awaitResult(SparkThreadUtils.scala:56)
[2026-08-12T21:21:31.859+0000] {subprocess.py:93} INFO - 	at org.apache.spark.util.ThreadUtils$.awaitResult(ThreadUtils.scala:310)
[2026-08-12T21:21:31.909+0000] {subprocess.py:93} INFO - 	at org.apache.spark.rpc.RpcTimeout.awaitResult(RpcTimeout.scala:75)
[2026-08-12T21:21:31.979+0000] {subprocess.py:93} INFO - 	at org.apache.spark.rpc.RpcEndpointRef.askSync(RpcEndpointRef.scala:101)
[2026-08-12T21:21:32.009+0000] {subprocess.py:93} INFO - 	at org.apache.spark.rpc.RpcEndpointRef.askSync(RpcEndpointRef.scala:85)
[2026-08-12T21:21:32.024+0000] {subprocess.py:93} INFO - 	at org.apache.spark.storage.BlockManagerMaster.registerBlockManager(BlockManagerMaster.scala:80)
[2026-08-12T21:21:32.060+0000] {subprocess.py:93} INFO - 	at org.apache.spark.storage.BlockManager.reregister(BlockManager.scala:642)
[2026-08-12T21:21:32.103+0000] {subprocess.py:93} INFO - 	at org.apache.spark.executor.Executor.reportHeartBeat(Executor.scala:1223)
[2026-08-12T21:21:32.198+0000] {subprocess.py:93} INFO - 	at org.apache.spark.executor.Executor.$anonfun$heartbeater$1(Executor.scala:295)
[2026-08-12T21:21:32.219+0000] {subprocess.py:93} INFO - 	at scala.runtime.java8.JFunction0$mcV$sp.apply(JFunction0$mcV$sp.java:23)
[2026-08-12T21:21:32.239+0000] {subprocess.py:93} INFO - 	at org.apache.spark.util.Utils$.logUncaughtExceptions(Utils.scala:1928)
[2026-08-12T21:21:32.287+0000] {subprocess.py:93} INFO - 	at org.apache.spark.Heartbeater$$anon$1.run(Heartbeater.scala:46)
[2026-08-12T21:21:32.318+0000] {subprocess.py:93} INFO - 	at java.base/java.util.concurrent.Executors$RunnableAdapter.call(Executors.java:539)
[2026-08-12T21:21:32.330+0000] {subprocess.py:93} INFO - 	at java.base/java.util.concurrent.FutureTask.runAndReset(FutureTask.java:305)
[2026-08-12T21:21:32.338+0000] {subprocess.py:93} INFO - 	at java.base/java.util.concurrent.ScheduledThreadPoolExecutor$ScheduledFutureTask.run(ScheduledThreadPoolExecutor.java:305)
[2026-08-12T21:21:32.346+0000] {subprocess.py:93} INFO - 	at java.base/java.util.concurrent.ThreadPoolExecutor.runWorker(ThreadPoolExecutor.java:1136)
[2026-08-12T21:21:32.385+0000] {subprocess.py:93} INFO - 	at java.base/java.util.concurrent.ThreadPoolExecutor$Worker.run(ThreadPoolExecutor.java:635)
[2026-08-12T21:21:32.439+0000] {subprocess.py:93} INFO - 	at java.base/java.lang.Thread.run(Thread.java:840)
[2026-08-12T21:21:32.446+0000] {subprocess.py:93} INFO - Caused by: org.apache.spark.SparkException: Exception thrown in awaitResult:
[2026-08-12T21:21:32.519+0000] {subprocess.py:93} INFO - 	at org.apache.spark.util.SparkThreadUtils$.awaitResult(SparkThreadUtils.scala:56)
[2026-08-12T21:21:32.558+0000] {subprocess.py:93} INFO - 	at org.apache.spark.util.ThreadUtils$.awaitResult(ThreadUtils.scala:310)
[2026-08-12T21:21:32.576+0000] {subprocess.py:93} INFO - 	at org.apache.spark.rpc.RpcTimeout.awaitResult(RpcTimeout.scala:75)
[2026-08-12T21:21:32.595+0000] {subprocess.py:93} INFO - 	at org.apache.spark.rpc.RpcEnv.setupEndpointRefByURI(RpcEnv.scala:102)
[2026-08-12T21:21:32.818+0000] {subprocess.py:93} INFO - 	at org.apache.spark.rpc.RpcEnv.setupEndpointRef(RpcEnv.scala:110)
[2026-08-12T21:21:32.869+0000] {subprocess.py:93} INFO - 	at org.apache.spark.util.RpcUtils$.makeDriverRef(RpcUtils.scala:36)
[2026-08-12T21:21:33.091+0000] {subprocess.py:93} INFO - 	at org.apache.spark.storage.BlockManagerMasterEndpoint.driverEndpoint$lzycompute(BlockManagerMasterEndpoint.scala:124)
[2026-08-12T21:21:33.312+0000] {subprocess.py:93} INFO - 	at org.apache.spark.storage.BlockManagerMasterEndpoint.org$apache$spark$storage$BlockManagerMasterEndpoint$$driverEndpoint(BlockManagerMasterEndpoint.scala:123)
[2026-08-12T21:21:33.598+0000] {subprocess.py:93} INFO - 	at org.apache.spark.storage.BlockManagerMasterEndpoint.isExecutorAlive$lzycompute$1(BlockManagerMasterEndpoint.scala:688)
[2026-08-12T21:21:33.654+0000] {subprocess.py:93} INFO - 	at org.apache.spark.storage.BlockManagerMasterEndpoint.isExecutorAlive$1(BlockManagerMasterEndpoint.scala:687)
[2026-08-12T21:21:33.682+0000] {subprocess.py:93} INFO - 	at org.apache.spark.storage.BlockManagerMasterEndpoint.org$apache$spark$storage$BlockManagerMasterEndpoint$$register(BlockManagerMasterEndpoint.scala:725)
[2026-08-12T21:21:33.732+0000] {subprocess.py:93} INFO - 	at org.apache.spark.storage.BlockManagerMasterEndpoint$$anonfun$receiveAndReply$1.applyOrElse(BlockManagerMasterEndpoint.scala:133)
[2026-08-12T21:21:33.746+0000] {subprocess.py:93} INFO - 	at org.apache.spark.rpc.netty.Inbox.$anonfun$process$1(Inbox.scala:103)
[2026-08-12T21:21:33.769+0000] {subprocess.py:93} INFO - 	at org.apache.spark.rpc.netty.Inbox.safelyCall(Inbox.scala:213)
[2026-08-12T21:21:33.882+0000] {subprocess.py:93} INFO - 	at org.apache.spark.rpc.netty.Inbox.process(Inbox.scala:100)
[2026-08-12T21:21:33.899+0000] {subprocess.py:93} INFO - 	at org.apache.spark.rpc.netty.MessageLoop.org$apache$spark$rpc$netty$MessageLoop$$receiveLoop(MessageLoop.scala:75)
[2026-08-12T21:21:33.904+0000] {subprocess.py:93} INFO - 	at org.apache.spark.rpc.netty.MessageLoop$$anon$1.run(MessageLoop.scala:41)
[2026-08-12T21:21:33.923+0000] {subprocess.py:93} INFO - 	... 3 more
[2026-08-12T21:21:33.983+0000] {subprocess.py:93} INFO - Caused by: org.apache.spark.rpc.RpcEndpointNotFoundException: Cannot find endpoint: spark://CoarseGrainedScheduler@4099a95615c9:45169
[2026-08-12T21:21:34.013+0000] {subprocess.py:93} INFO - 	at org.apache.spark.rpc.netty.NettyRpcEnv.$anonfun$asyncSetupEndpointRefByURI$1(NettyRpcEnv.scala:148)
[2026-08-12T21:21:34.034+0000] {subprocess.py:93} INFO - 	at org.apache.spark.rpc.netty.NettyRpcEnv.$anonfun$asyncSetupEndpointRefByURI$1$adapted(NettyRpcEnv.scala:144)
[2026-08-12T21:21:34.071+0000] {subprocess.py:93} INFO - 	at scala.concurrent.Future.$anonfun$flatMap$1(Future.scala:307)
[2026-08-12T21:21:34.074+0000] {subprocess.py:93} INFO - 	at scala.concurrent.impl.Promise.$anonfun$transformWith$1(Promise.scala:41)
[2026-08-12T21:21:34.103+0000] {subprocess.py:93} INFO - 	at scala.concurrent.impl.CallbackRunnable.run(Promise.scala:64)
[2026-08-12T21:21:34.123+0000] {subprocess.py:93} INFO - 	at org.apache.spark.util.ThreadUtils$$anon$1.execute(ThreadUtils.scala:99)
[2026-08-12T21:21:34.144+0000] {subprocess.py:93} INFO - 	at scala.concurrent.impl.ExecutionContextImpl$$anon$4.execute(ExecutionContextImpl.scala:138)
[2026-08-12T21:21:34.152+0000] {subprocess.py:93} INFO - 	at scala.concurrent.impl.CallbackRunnable.executeWithValue(Promise.scala:72)
[2026-08-12T21:21:34.171+0000] {subprocess.py:93} INFO - 	at scala.concurrent.impl.Promise$DefaultPromise.$anonfun$tryComplete$1(Promise.scala:288)
[2026-08-12T21:21:34.195+0000] {subprocess.py:93} INFO - 	at scala.concurrent.impl.Promise$DefaultPromise.$anonfun$tryComplete$1$adapted(Promise.scala:288)
[2026-08-12T21:21:34.275+0000] {subprocess.py:93} INFO - 	at scala.concurrent.impl.Promise$DefaultPromise.tryComplete(Promise.scala:288)
[2026-08-12T21:21:34.324+0000] {subprocess.py:93} INFO - 	at scala.concurrent.Promise.complete(Promise.scala:53)
[2026-08-12T21:21:34.343+0000] {subprocess.py:93} INFO - 	at scala.concurrent.Promise.complete$(Promise.scala:52)
[2026-08-12T21:21:34.363+0000] {subprocess.py:93} INFO - 	at scala.concurrent.impl.Promise$DefaultPromise.complete(Promise.scala:187)
[2026-08-12T21:21:34.366+0000] {subprocess.py:93} INFO - 	at scala.concurrent.impl.Promise.$anonfun$transform$1(Promise.scala:33)
[2026-08-12T21:21:34.384+0000] {subprocess.py:93} INFO - 	at scala.concurrent.impl.CallbackRunnable.run(Promise.scala:64)
[2026-08-12T21:21:34.387+0000] {subprocess.py:93} INFO - 	at org.apache.spark.util.ThreadUtils$$anon$1.execute(ThreadUtils.scala:99)
[2026-08-12T21:21:34.404+0000] {subprocess.py:93} INFO - 	at scala.concurrent.impl.ExecutionContextImpl$$anon$4.execute(ExecutionContextImpl.scala:138)
[2026-08-12T21:21:34.433+0000] {subprocess.py:93} INFO - 	at scala.concurrent.impl.CallbackRunnable.executeWithValue(Promise.scala:72)
[2026-08-12T21:21:34.619+0000] {subprocess.py:93} INFO - 	at scala.concurrent.impl.Promise$DefaultPromise.$anonfun$tryComplete$1(Promise.scala:288)
[2026-08-12T21:21:34.733+0000] {subprocess.py:93} INFO - 	at scala.concurrent.impl.Promise$DefaultPromise.$anonfun$tryComplete$1$adapted(Promise.scala:288)
[2026-08-12T21:21:34.739+0000] {subprocess.py:93} INFO - 	at scala.concurrent.impl.Promise$DefaultPromise.tryComplete(Promise.scala:288)
[2026-08-12T21:21:34.802+0000] {subprocess.py:93} INFO - 	at scala.concurrent.Promise.complete(Promise.scala:53)
[2026-08-12T21:21:34.840+0000] {subprocess.py:93} INFO - 	at scala.concurrent.Promise.complete$(Promise.scala:52)
[2026-08-12T21:21:34.949+0000] {subprocess.py:93} INFO - 	at scala.concurrent.impl.Promise$DefaultPromise.complete(Promise.scala:187)
[2026-08-12T21:21:35.027+0000] {subprocess.py:93} INFO - 	at scala.concurrent.impl.Promise.$anonfun$transform$1(Promise.scala:33)
[2026-08-12T21:21:35.036+0000] {subprocess.py:93} INFO - 	at scala.concurrent.impl.CallbackRunnable.run(Promise.scala:64)
[2026-08-12T21:21:35.070+0000] {subprocess.py:93} INFO - 	at scala.concurrent.BatchingExecutor$Batch.processBatch$1(BatchingExecutor.scala:67)
[2026-08-12T21:21:35.104+0000] {subprocess.py:93} INFO - 	at scala.concurrent.BatchingExecutor$Batch.$anonfun$run$1(BatchingExecutor.scala:82)
[2026-08-12T21:21:35.108+0000] {subprocess.py:93} INFO - 	at scala.runtime.java8.JFunction0$mcV$sp.apply(JFunction0$mcV$sp.java:23)
[2026-08-12T21:21:35.124+0000] {subprocess.py:93} INFO - 	at scala.concurrent.BlockContext$.withBlockContext(BlockContext.scala:85)
[2026-08-12T21:21:35.212+0000] {subprocess.py:93} INFO - 	at scala.concurrent.BatchingExecutor$Batch.run(BatchingExecutor.scala:59)
[2026-08-12T21:21:35.223+0000] {subprocess.py:93} INFO - 	at scala.concurrent.Future$InternalCallbackExecutor$.unbatchedExecute(Future.scala:875)
[2026-08-12T21:21:35.280+0000] {subprocess.py:93} INFO - 	at scala.concurrent.BatchingExecutor.execute(BatchingExecutor.scala:110)
[2026-08-12T21:21:35.297+0000] {subprocess.py:93} INFO - 	at scala.concurrent.BatchingExecutor.execute$(BatchingExecutor.scala:107)
[2026-08-12T21:21:35.324+0000] {subprocess.py:93} INFO - 	at scala.concurrent.Future$InternalCallbackExecutor$.execute(Future.scala:873)
[2026-08-12T21:21:35.384+0000] {subprocess.py:93} INFO - 	at scala.concurrent.impl.CallbackRunnable.executeWithValue(Promise.scala:72)
[2026-08-12T21:21:35.577+0000] {subprocess.py:93} INFO - 	at scala.concurrent.impl.Promise$DefaultPromise.$anonfun$tryComplete$1(Promise.scala:288)
[2026-08-12T21:21:35.595+0000] {subprocess.py:93} INFO - 	at scala.concurrent.impl.Promise$DefaultPromise.$anonfun$tryComplete$1$adapted(Promise.scala:288)
[2026-08-12T21:21:35.640+0000] {subprocess.py:93} INFO - 	at scala.concurrent.impl.Promise$DefaultPromise.tryComplete(Promise.scala:288)
[2026-08-12T21:21:35.750+0000] {subprocess.py:93} INFO - 	at scala.concurrent.Promise.trySuccess(Promise.scala:94)
[2026-08-12T21:21:35.765+0000] {subprocess.py:93} INFO - 	at scala.concurrent.Promise.trySuccess$(Promise.scala:94)
[2026-08-12T21:21:35.835+0000] {subprocess.py:93} INFO - 	at scala.concurrent.impl.Promise$DefaultPromise.trySuccess(Promise.scala:187)
[2026-08-12T21:21:35.869+0000] {subprocess.py:93} INFO - 	at org.apache.spark.rpc.netty.NettyRpcEnv.onSuccess$1(NettyRpcEnv.scala:225)
[2026-08-12T21:21:35.997+0000] {subprocess.py:93} INFO - 	at org.apache.spark.rpc.netty.NettyRpcEnv.$anonfun$askAbortable$5(NettyRpcEnv.scala:239)
[2026-08-12T21:21:36.025+0000] {subprocess.py:93} INFO - 	at org.apache.spark.rpc.netty.NettyRpcEnv.$anonfun$askAbortable$5$adapted(NettyRpcEnv.scala:238)
[2026-08-12T21:21:36.044+0000] {subprocess.py:93} INFO - 	at scala.concurrent.impl.CallbackRunnable.run(Promise.scala:64)
[2026-08-12T21:21:36.057+0000] {subprocess.py:93} INFO - 	at org.apache.spark.util.ThreadUtils$$anon$1.execute(ThreadUtils.scala:99)
[2026-08-12T21:21:36.062+0000] {subprocess.py:93} INFO - 	at scala.concurrent.impl.ExecutionContextImpl$$anon$4.execute(ExecutionContextImpl.scala:138)
[2026-08-12T21:21:36.277+0000] {subprocess.py:93} INFO - 	at scala.concurrent.impl.CallbackRunnable.executeWithValue(Promise.scala:72)
[2026-08-12T21:21:36.646+0000] {subprocess.py:93} INFO - 	at scala.concurrent.impl.Promise$DefaultPromise.$anonfun$tryComplete$1(Promise.scala:288)
[2026-08-12T21:21:36.717+0000] {subprocess.py:93} INFO - 	at scala.concurrent.impl.Promise$DefaultPromise.$anonfun$tryComplete$1$adapted(Promise.scala:288)
[2026-08-12T21:21:36.831+0000] {subprocess.py:93} INFO - 	at scala.concurrent.impl.Promise$DefaultPromise.tryComplete(Promise.scala:288)
[2026-08-12T21:21:36.874+0000] {subprocess.py:93} INFO - 	at scala.concurrent.Promise.complete(Promise.scala:53)
[2026-08-12T21:21:37.017+0000] {subprocess.py:93} INFO - 	at scala.concurrent.Promise.complete$(Promise.scala:52)
[2026-08-12T21:21:37.104+0000] {subprocess.py:93} INFO - 	at scala.concurrent.impl.Promise$DefaultPromise.complete(Promise.scala:187)
[2026-08-12T21:21:37.280+0000] {subprocess.py:93} INFO - 	at scala.concurrent.Promise.success(Promise.scala:86)
[2026-08-12T21:21:37.310+0000] {subprocess.py:93} INFO - 	at scala.concurrent.Promise.success$(Promise.scala:86)
[2026-08-12T21:21:37.358+0000] {subprocess.py:93} INFO - 	at scala.concurrent.impl.Promise$DefaultPromise.success(Promise.scala:187)
[2026-08-12T21:21:37.374+0000] {subprocess.py:93} INFO - 	at org.apache.spark.rpc.netty.LocalNettyRpcCallContext.send(NettyRpcCallContext.scala:50)
[2026-08-12T21:21:37.561+0000] {subprocess.py:93} INFO - 	at org.apache.spark.rpc.netty.NettyRpcCallContext.reply(NettyRpcCallContext.scala:32)
[2026-08-12T21:21:37.604+0000] {subprocess.py:93} INFO - 	at org.apache.spark.rpc.netty.RpcEndpointVerifier$$anonfun$receiveAndReply$1.applyOrElse(RpcEndpointVerifier.scala:31)
[2026-08-12T21:21:37.642+0000] {subprocess.py:93} INFO - 	... 8 more
[2026-08-12T21:21:37.676+0000] {subprocess.py:93} INFO - 26/08/12 21:21:12 ERROR Inbox: Ignoring error
[2026-08-12T21:21:37.713+0000] {subprocess.py:93} INFO - org.apache.spark.SparkException: Exception thrown in awaitResult:
[2026-08-12T21:21:37.754+0000] {subprocess.py:93} INFO - 	at org.apache.spark.util.SparkThreadUtils$.awaitResult(SparkThreadUtils.scala:56)
[2026-08-12T21:21:37.891+0000] {subprocess.py:93} INFO - 	at org.apache.spark.util.ThreadUtils$.awaitResult(ThreadUtils.scala:310)
[2026-08-12T21:21:37.900+0000] {subprocess.py:93} INFO - 	at org.apache.spark.rpc.RpcTimeout.awaitResult(RpcTimeout.scala:75)
[2026-08-12T21:21:37.922+0000] {subprocess.py:93} INFO - 	at org.apache.spark.rpc.RpcEnv.setupEndpointRefByURI(RpcEnv.scala:102)
[2026-08-12T21:21:37.960+0000] {subprocess.py:93} INFO - 	at org.apache.spark.rpc.RpcEnv.setupEndpointRef(RpcEnv.scala:110)
[2026-08-12T21:21:38.004+0000] {subprocess.py:93} INFO - 	at org.apache.spark.util.RpcUtils$.makeDriverRef(RpcUtils.scala:36)
[2026-08-12T21:21:38.038+0000] {subprocess.py:93} INFO - 	at org.apache.spark.storage.BlockManagerMasterEndpoint.driverEndpoint$lzycompute(BlockManagerMasterEndpoint.scala:124)
[2026-08-12T21:21:38.041+0000] {subprocess.py:93} INFO - 	at org.apache.spark.storage.BlockManagerMasterEndpoint.org$apache$spark$storage$BlockManagerMasterEndpoint$$driverEndpoint(BlockManagerMasterEndpoint.scala:123)
[2026-08-12T21:21:38.057+0000] {subprocess.py:93} INFO - 	at org.apache.spark.storage.BlockManagerMasterEndpoint.isExecutorAlive$lzycompute$1(BlockManagerMasterEndpoint.scala:688)
[2026-08-12T21:21:38.115+0000] {subprocess.py:93} INFO - 	at org.apache.spark.storage.BlockManagerMasterEndpoint.isExecutorAlive$1(BlockManagerMasterEndpoint.scala:687)
[2026-08-12T21:21:38.131+0000] {subprocess.py:93} INFO - 	at org.apache.spark.storage.BlockManagerMasterEndpoint.org$apache$spark$storage$BlockManagerMasterEndpoint$$register(BlockManagerMasterEndpoint.scala:725)
[2026-08-12T21:21:38.146+0000] {subprocess.py:93} INFO - 	at org.apache.spark.storage.BlockManagerMasterEndpoint$$anonfun$receiveAndReply$1.applyOrElse(BlockManagerMasterEndpoint.scala:133)
[2026-08-12T21:21:38.164+0000] {subprocess.py:93} INFO - 	at org.apache.spark.rpc.netty.Inbox.$anonfun$process$1(Inbox.scala:103)
[2026-08-12T21:21:38.185+0000] {subprocess.py:93} INFO - 	at org.apache.spark.rpc.netty.Inbox.safelyCall(Inbox.scala:213)
[2026-08-12T21:21:38.197+0000] {subprocess.py:93} INFO - 	at org.apache.spark.rpc.netty.Inbox.process(Inbox.scala:100)
[2026-08-12T21:21:38.257+0000] {subprocess.py:93} INFO - 	at org.apache.spark.rpc.netty.MessageLoop.org$apache$spark$rpc$netty$MessageLoop$$receiveLoop(MessageLoop.scala:75)
[2026-08-12T21:21:38.287+0000] {subprocess.py:93} INFO - 	at org.apache.spark.rpc.netty.MessageLoop$$anon$1.run(MessageLoop.scala:41)
[2026-08-12T21:21:38.337+0000] {subprocess.py:93} INFO - 	at java.base/java.util.concurrent.ThreadPoolExecutor.runWorker(ThreadPoolExecutor.java:1136)
[2026-08-12T21:21:38.630+0000] {subprocess.py:93} INFO - 	at java.base/java.util.concurrent.ThreadPoolExecutor$Worker.run(ThreadPoolExecutor.java:635)
[2026-08-12T21:21:38.666+0000] {subprocess.py:93} INFO - 	at java.base/java.lang.Thread.run(Thread.java:840)
[2026-08-12T21:21:38.675+0000] {subprocess.py:93} INFO - Caused by: org.apache.spark.rpc.RpcEndpointNotFoundException: Cannot find endpoint: spark://CoarseGrainedScheduler@4099a95615c9:45169
[2026-08-12T21:21:38.711+0000] {subprocess.py:93} INFO - 	at org.apache.spark.rpc.netty.NettyRpcEnv.$anonfun$asyncSetupEndpointRefByURI$1(NettyRpcEnv.scala:148)
[2026-08-12T21:21:38.716+0000] {subprocess.py:93} INFO - 	at org.apache.spark.rpc.netty.NettyRpcEnv.$anonfun$asyncSetupEndpointRefByURI$1$adapted(NettyRpcEnv.scala:144)
[2026-08-12T21:21:38.731+0000] {subprocess.py:93} INFO - 	at scala.concurrent.Future.$anonfun$flatMap$1(Future.scala:307)
[2026-08-12T21:21:38.749+0000] {subprocess.py:93} INFO - 	at scala.concurrent.impl.Promise.$anonfun$transformWith$1(Promise.scala:41)
[2026-08-12T21:21:38.763+0000] {subprocess.py:93} INFO - 	at scala.concurrent.impl.CallbackRunnable.run(Promise.scala:64)
[2026-08-12T21:21:38.769+0000] {subprocess.py:93} INFO - 	at org.apache.spark.util.ThreadUtils$$anon$1.execute(ThreadUtils.scala:99)
[2026-08-12T21:21:38.787+0000] {subprocess.py:93} INFO - 	at scala.concurrent.impl.ExecutionContextImpl$$anon$4.execute(ExecutionContextImpl.scala:138)
[2026-08-12T21:21:38.790+0000] {subprocess.py:93} INFO - 	at scala.concurrent.impl.CallbackRunnable.executeWithValue(Promise.scala:72)
[2026-08-12T21:21:38.811+0000] {subprocess.py:93} INFO - 	at scala.concurrent.impl.Promise$DefaultPromise.$anonfun$tryComplete$1(Promise.scala:288)
[2026-08-12T21:21:38.852+0000] {subprocess.py:93} INFO - 	at scala.concurrent.impl.Promise$DefaultPromise.$anonfun$tryComplete$1$adapted(Promise.scala:288)
[2026-08-12T21:21:38.897+0000] {subprocess.py:93} INFO - 	at scala.concurrent.impl.Promise$DefaultPromise.tryComplete(Promise.scala:288)
[2026-08-12T21:21:38.942+0000] {subprocess.py:93} INFO - 	at scala.concurrent.Promise.complete(Promise.scala:53)
[2026-08-12T21:21:39.049+0000] {subprocess.py:93} INFO - 	at scala.concurrent.Promise.complete$(Promise.scala:52)
[2026-08-12T21:21:39.180+0000] {subprocess.py:93} INFO - 	at scala.concurrent.impl.Promise$DefaultPromise.complete(Promise.scala:187)
[2026-08-12T21:21:39.196+0000] {subprocess.py:93} INFO - 	at scala.concurrent.impl.Promise.$anonfun$transform$1(Promise.scala:33)
[2026-08-12T21:21:39.222+0000] {subprocess.py:93} INFO - 	at scala.concurrent.impl.CallbackRunnable.run(Promise.scala:64)
[2026-08-12T21:21:39.281+0000] {subprocess.py:93} INFO - 	at org.apache.spark.util.ThreadUtils$$anon$1.execute(ThreadUtils.scala:99)
[2026-08-12T21:21:39.543+0000] {subprocess.py:93} INFO - 	at scala.concurrent.impl.ExecutionContextImpl$$anon$4.execute(ExecutionContextImpl.scala:138)
[2026-08-12T21:21:39.968+0000] {subprocess.py:93} INFO - 	at scala.concurrent.impl.CallbackRunnable.executeWithValue(Promise.scala:72)
[2026-08-12T21:21:40.154+0000] {subprocess.py:93} INFO - 	at scala.concurrent.impl.Promise$DefaultPromise.$anonfun$tryComplete$1(Promise.scala:288)
[2026-08-12T21:21:40.168+0000] {subprocess.py:93} INFO - 	at scala.concurrent.impl.Promise$DefaultPromise.$anonfun$tryComplete$1$adapted(Promise.scala:288)
[2026-08-12T21:21:40.184+0000] {subprocess.py:93} INFO - 	at scala.concurrent.impl.Promise$DefaultPromise.tryComplete(Promise.scala:288)
[2026-08-12T21:21:40.200+0000] {subprocess.py:93} INFO - 	at scala.concurrent.Promise.complete(Promise.scala:53)
[2026-08-12T21:21:40.217+0000] {subprocess.py:93} INFO - 	at scala.concurrent.Promise.complete$(Promise.scala:52)
[2026-08-12T21:21:40.267+0000] {subprocess.py:93} INFO - 	at scala.concurrent.impl.Promise$DefaultPromise.complete(Promise.scala:187)
[2026-08-12T21:21:40.280+0000] {subprocess.py:93} INFO - 	at scala.concurrent.impl.Promise.$anonfun$transform$1(Promise.scala:33)
[2026-08-12T21:21:40.331+0000] {subprocess.py:93} INFO - 	at scala.concurrent.impl.CallbackRunnable.run(Promise.scala:64)
[2026-08-12T21:21:40.347+0000] {subprocess.py:93} INFO - 	at scala.concurrent.BatchingExecutor$Batch.processBatch$1(BatchingExecutor.scala:67)
[2026-08-12T21:21:40.469+0000] {subprocess.py:93} INFO - 	at scala.concurrent.BatchingExecutor$Batch.$anonfun$run$1(BatchingExecutor.scala:82)
[2026-08-12T21:21:40.595+0000] {subprocess.py:93} INFO - 	at scala.runtime.java8.JFunction0$mcV$sp.apply(JFunction0$mcV$sp.java:23)
[2026-08-12T21:21:40.743+0000] {subprocess.py:93} INFO - 	at scala.concurrent.BlockContext$.withBlockContext(BlockContext.scala:85)
[2026-08-12T21:21:41.025+0000] {subprocess.py:93} INFO - 	at scala.concurrent.BatchingExecutor$Batch.run(BatchingExecutor.scala:59)
[2026-08-12T21:21:41.051+0000] {subprocess.py:93} INFO - 	at scala.concurrent.Future$InternalCallbackExecutor$.unbatchedExecute(Future.scala:875)
[2026-08-12T21:21:41.539+0000] {subprocess.py:93} INFO - 	at scala.concurrent.BatchingExecutor.execute(BatchingExecutor.scala:110)
[2026-08-12T21:21:41.556+0000] {subprocess.py:93} INFO - 	at scala.concurrent.BatchingExecutor.execute$(BatchingExecutor.scala:107)
[2026-08-12T21:21:41.578+0000] {subprocess.py:93} INFO - 	at scala.concurrent.Future$InternalCallbackExecutor$.execute(Future.scala:873)
[2026-08-12T21:21:41.652+0000] {subprocess.py:93} INFO - 	at scala.concurrent.impl.CallbackRunnable.executeWithValue(Promise.scala:72)
[2026-08-12T21:21:41.666+0000] {subprocess.py:93} INFO - 	at scala.concurrent.impl.Promise$DefaultPromise.$anonfun$tryComplete$1(Promise.scala:288)
[2026-08-12T21:21:41.672+0000] {subprocess.py:93} INFO - 	at scala.concurrent.impl.Promise$DefaultPromise.$anonfun$tryComplete$1$adapted(Promise.scala:288)
[2026-08-12T21:21:41.679+0000] {subprocess.py:93} INFO - 	at scala.concurrent.impl.Promise$DefaultPromise.tryComplete(Promise.scala:288)
[2026-08-12T21:21:41.698+0000] {subprocess.py:93} INFO - 	at scala.concurrent.Promise.trySuccess(Promise.scala:94)
[2026-08-12T21:21:41.722+0000] {subprocess.py:93} INFO - 	at scala.concurrent.Promise.trySuccess$(Promise.scala:94)
[2026-08-12T21:21:41.738+0000] {subprocess.py:93} INFO - 	at scala.concurrent.impl.Promise$DefaultPromise.trySuccess(Promise.scala:187)
[2026-08-12T21:21:41.776+0000] {subprocess.py:93} INFO - 	at org.apache.spark.rpc.netty.NettyRpcEnv.onSuccess$1(NettyRpcEnv.scala:225)
[2026-08-12T21:21:41.911+0000] {subprocess.py:93} INFO - 	at org.apache.spark.rpc.netty.NettyRpcEnv.$anonfun$askAbortable$5(NettyRpcEnv.scala:239)
[2026-08-12T21:21:43.272+0000] {subprocess.py:93} INFO - 	at org.apache.spark.rpc.netty.NettyRpcEnv.$anonfun$askAbortable$5$adapted(NettyRpcEnv.scala:238)
[2026-08-12T21:21:43.290+0000] {subprocess.py:93} INFO - 	at scala.concurrent.impl.CallbackRunnable.run(Promise.scala:64)
[2026-08-12T21:21:43.320+0000] {subprocess.py:93} INFO - 	at org.apache.spark.util.ThreadUtils$$anon$1.execute(ThreadUtils.scala:99)
[2026-08-12T21:21:43.336+0000] {subprocess.py:93} INFO - 	at scala.concurrent.impl.ExecutionContextImpl$$anon$4.execute(ExecutionContextImpl.scala:138)
[2026-08-12T21:21:43.354+0000] {subprocess.py:93} INFO - 	at scala.concurrent.impl.CallbackRunnable.executeWithValue(Promise.scala:72)
[2026-08-12T21:21:43.428+0000] {subprocess.py:93} INFO - 	at scala.concurrent.impl.Promise$DefaultPromise.$anonfun$tryComplete$1(Promise.scala:288)
[2026-08-12T21:21:43.431+0000] {subprocess.py:93} INFO - 	at scala.concurrent.impl.Promise$DefaultPromise.$anonfun$tryComplete$1$adapted(Promise.scala:288)
[2026-08-12T21:21:43.501+0000] {subprocess.py:93} INFO - 	at scala.concurrent.impl.Promise$DefaultPromise.tryComplete(Promise.scala:288)
[2026-08-12T21:21:43.515+0000] {subprocess.py:93} INFO - 	at scala.concurrent.Promise.complete(Promise.scala:53)
[2026-08-12T21:21:43.521+0000] {subprocess.py:93} INFO - 	at scala.concurrent.Promise.complete$(Promise.scala:52)
[2026-08-12T21:21:43.524+0000] {subprocess.py:93} INFO - 	at scala.concurrent.impl.Promise$DefaultPromise.complete(Promise.scala:187)
[2026-08-12T21:21:43.554+0000] {subprocess.py:93} INFO - 	at scala.concurrent.Promise.success(Promise.scala:86)
[2026-08-12T21:21:43.585+0000] {subprocess.py:93} INFO - 	at scala.concurrent.Promise.success$(Promise.scala:86)
[2026-08-12T21:21:43.589+0000] {subprocess.py:93} INFO - 	at scala.concurrent.impl.Promise$DefaultPromise.success(Promise.scala:187)
[2026-08-12T21:21:43.594+0000] {subprocess.py:93} INFO - 	at org.apache.spark.rpc.netty.LocalNettyRpcCallContext.send(NettyRpcCallContext.scala:50)
[2026-08-12T21:21:43.600+0000] {subprocess.py:93} INFO - 	at org.apache.spark.rpc.netty.NettyRpcCallContext.reply(NettyRpcCallContext.scala:32)
[2026-08-12T21:21:43.608+0000] {subprocess.py:93} INFO - 	at org.apache.spark.rpc.netty.RpcEndpointVerifier$$anonfun$receiveAndReply$1.applyOrElse(RpcEndpointVerifier.scala:31)
[2026-08-12T21:21:43.611+0000] {subprocess.py:93} INFO - 	... 8 more
[2026-08-12T21:21:43.614+0000] {subprocess.py:93} INFO - 26/08/12 21:21:12 WARN Executor: Issue communicating with driver in heartbeater
[2026-08-12T21:21:43.621+0000] {subprocess.py:93} INFO - org.apache.spark.SparkException: Exception thrown in awaitResult:
[2026-08-12T21:21:43.628+0000] {subprocess.py:93} INFO - 	at org.apache.spark.util.SparkThreadUtils$.awaitResult(SparkThreadUtils.scala:56)
[2026-08-12T21:21:43.632+0000] {subprocess.py:93} INFO - 	at org.apache.spark.util.ThreadUtils$.awaitResult(ThreadUtils.scala:310)
[2026-08-12T21:21:43.638+0000] {subprocess.py:93} INFO - 	at org.apache.spark.rpc.RpcTimeout.awaitResult(RpcTimeout.scala:75)
[2026-08-12T21:21:43.644+0000] {subprocess.py:93} INFO - 	at org.apache.spark.rpc.RpcEndpointRef.askSync(RpcEndpointRef.scala:101)
[2026-08-12T21:21:43.647+0000] {subprocess.py:93} INFO - 	at org.apache.spark.rpc.RpcEndpointRef.askSync(RpcEndpointRef.scala:85)
[2026-08-12T21:21:43.651+0000] {subprocess.py:93} INFO - 	at org.apache.spark.storage.BlockManagerMaster.registerBlockManager(BlockManagerMaster.scala:80)
[2026-08-12T21:21:43.655+0000] {subprocess.py:93} INFO - 	at org.apache.spark.storage.BlockManager.reregister(BlockManager.scala:642)
[2026-08-12T21:21:43.660+0000] {subprocess.py:93} INFO - 	at org.apache.spark.executor.Executor.reportHeartBeat(Executor.scala:1223)
[2026-08-12T21:21:43.662+0000] {subprocess.py:93} INFO - 	at org.apache.spark.executor.Executor.$anonfun$heartbeater$1(Executor.scala:295)
[2026-08-12T21:21:43.665+0000] {subprocess.py:93} INFO - 	at scala.runtime.java8.JFunction0$mcV$sp.apply(JFunction0$mcV$sp.java:23)
[2026-08-12T21:21:43.671+0000] {subprocess.py:93} INFO - 	at org.apache.spark.util.Utils$.logUncaughtExceptions(Utils.scala:1928)
[2026-08-12T21:21:43.673+0000] {subprocess.py:93} INFO - 	at org.apache.spark.Heartbeater$$anon$1.run(Heartbeater.scala:46)
[2026-08-12T21:21:43.675+0000] {subprocess.py:93} INFO - 	at java.base/java.util.concurrent.Executors$RunnableAdapter.call(Executors.java:539)
[2026-08-12T21:21:43.678+0000] {subprocess.py:93} INFO - 	at java.base/java.util.concurrent.FutureTask.runAndReset(FutureTask.java:305)
[2026-08-12T21:21:43.680+0000] {subprocess.py:93} INFO - 	at java.base/java.util.concurrent.ScheduledThreadPoolExecutor$ScheduledFutureTask.run(ScheduledThreadPoolExecutor.java:305)
[2026-08-12T21:21:43.682+0000] {subprocess.py:93} INFO - 	at java.base/java.util.concurrent.ThreadPoolExecutor.runWorker(ThreadPoolExecutor.java:1136)
[2026-08-12T21:21:43.684+0000] {subprocess.py:93} INFO - 	at java.base/java.util.concurrent.ThreadPoolExecutor$Worker.run(ThreadPoolExecutor.java:635)
[2026-08-12T21:21:43.688+0000] {subprocess.py:93} INFO - 	at java.base/java.lang.Thread.run(Thread.java:840)
[2026-08-12T21:21:43.690+0000] {subprocess.py:93} INFO - Caused by: org.apache.spark.SparkException: Exception thrown in awaitResult:
[2026-08-12T21:21:43.693+0000] {subprocess.py:93} INFO - 	at org.apache.spark.util.SparkThreadUtils$.awaitResult(SparkThreadUtils.scala:56)
[2026-08-12T21:21:43.697+0000] {subprocess.py:93} INFO - 	at org.apache.spark.util.ThreadUtils$.awaitResult(ThreadUtils.scala:310)
[2026-08-12T21:21:43.699+0000] {subprocess.py:93} INFO - 	at org.apache.spark.rpc.RpcTimeout.awaitResult(RpcTimeout.scala:75)
[2026-08-12T21:21:43.702+0000] {subprocess.py:93} INFO - 	at org.apache.spark.rpc.RpcEnv.setupEndpointRefByURI(RpcEnv.scala:102)
[2026-08-12T21:21:43.704+0000] {subprocess.py:93} INFO - 	at org.apache.spark.rpc.RpcEnv.setupEndpointRef(RpcEnv.scala:110)
[2026-08-12T21:21:43.707+0000] {subprocess.py:93} INFO - 	at org.apache.spark.util.RpcUtils$.makeDriverRef(RpcUtils.scala:36)
[2026-08-12T21:21:43.709+0000] {subprocess.py:93} INFO - 	at org.apache.spark.storage.BlockManagerMasterEndpoint.driverEndpoint$lzycompute(BlockManagerMasterEndpoint.scala:124)
[2026-08-12T21:21:43.712+0000] {subprocess.py:93} INFO - 	at org.apache.spark.storage.BlockManagerMasterEndpoint.org$apache$spark$storage$BlockManagerMasterEndpoint$$driverEndpoint(BlockManagerMasterEndpoint.scala:123)
[2026-08-12T21:21:43.715+0000] {subprocess.py:93} INFO - 	at org.apache.spark.storage.BlockManagerMasterEndpoint.isExecutorAlive$lzycompute$1(BlockManagerMasterEndpoint.scala:688)
[2026-08-12T21:21:43.718+0000] {subprocess.py:93} INFO - 	at org.apache.spark.storage.BlockManagerMasterEndpoint.isExecutorAlive$1(BlockManagerMasterEndpoint.scala:687)
[2026-08-12T21:21:43.721+0000] {subprocess.py:93} INFO - 	at org.apache.spark.storage.BlockManagerMasterEndpoint.org$apache$spark$storage$BlockManagerMasterEndpoint$$register(BlockManagerMasterEndpoint.scala:725)
[2026-08-12T21:21:43.729+0000] {subprocess.py:93} INFO - 	at org.apache.spark.storage.BlockManagerMasterEndpoint$$anonfun$receiveAndReply$1.applyOrElse(BlockManagerMasterEndpoint.scala:133)
[2026-08-12T21:21:43.741+0000] {subprocess.py:93} INFO - 	at org.apache.spark.rpc.netty.Inbox.$anonfun$process$1(Inbox.scala:103)
[2026-08-12T21:21:43.745+0000] {subprocess.py:93} INFO - 	at org.apache.spark.rpc.netty.Inbox.safelyCall(Inbox.scala:213)
[2026-08-12T21:21:43.747+0000] {subprocess.py:93} INFO - 	at org.apache.spark.rpc.netty.Inbox.process(Inbox.scala:100)
[2026-08-12T21:21:43.750+0000] {subprocess.py:93} INFO - 	at org.apache.spark.rpc.netty.MessageLoop.org$apache$spark$rpc$netty$MessageLoop$$receiveLoop(MessageLoop.scala:75)
[2026-08-12T21:21:43.753+0000] {subprocess.py:93} INFO - 	at org.apache.spark.rpc.netty.MessageLoop$$anon$1.run(MessageLoop.scala:41)
[2026-08-12T21:21:43.755+0000] {subprocess.py:93} INFO - 	... 3 more
[2026-08-12T21:21:43.758+0000] {subprocess.py:93} INFO - Caused by: org.apache.spark.rpc.RpcEndpointNotFoundException: Cannot find endpoint: spark://CoarseGrainedScheduler@4099a95615c9:45169
[2026-08-12T21:21:43.761+0000] {subprocess.py:93} INFO - 	at org.apache.spark.rpc.netty.NettyRpcEnv.$anonfun$asyncSetupEndpointRefByURI$1(NettyRpcEnv.scala:148)
[2026-08-12T21:21:43.764+0000] {subprocess.py:93} INFO - 	at org.apache.spark.rpc.netty.NettyRpcEnv.$anonfun$asyncSetupEndpointRefByURI$1$adapted(NettyRpcEnv.scala:144)
[2026-08-12T21:21:43.766+0000] {subprocess.py:93} INFO - 	at scala.concurrent.Future.$anonfun$flatMap$1(Future.scala:307)
[2026-08-12T21:21:43.771+0000] {subprocess.py:93} INFO - 	at scala.concurrent.impl.Promise.$anonfun$transformWith$1(Promise.scala:41)
[2026-08-12T21:21:43.774+0000] {subprocess.py:93} INFO - 	at scala.concurrent.impl.CallbackRunnable.run(Promise.scala:64)
[2026-08-12T21:21:43.777+0000] {subprocess.py:93} INFO - 	at org.apache.spark.util.ThreadUtils$$anon$1.execute(ThreadUtils.scala:99)
[2026-08-12T21:21:43.779+0000] {subprocess.py:93} INFO - 	at scala.concurrent.impl.ExecutionContextImpl$$anon$4.execute(ExecutionContextImpl.scala:138)
[2026-08-12T21:21:43.781+0000] {subprocess.py:93} INFO - 	at scala.concurrent.impl.CallbackRunnable.executeWithValue(Promise.scala:72)
[2026-08-12T21:21:43.787+0000] {subprocess.py:93} INFO - 	at scala.concurrent.impl.Promise$DefaultPromise.$anonfun$tryComplete$1(Promise.scala:288)
[2026-08-12T21:21:43.790+0000] {subprocess.py:93} INFO - 	at scala.concurrent.impl.Promise$DefaultPromise.$anonfun$tryComplete$1$adapted(Promise.scala:288)
[2026-08-12T21:21:43.793+0000] {subprocess.py:93} INFO - 	at scala.concurrent.impl.Promise$DefaultPromise.tryComplete(Promise.scala:288)
[2026-08-12T21:21:43.795+0000] {subprocess.py:93} INFO - 	at scala.concurrent.Promise.complete(Promise.scala:53)
[2026-08-12T21:21:43.798+0000] {subprocess.py:93} INFO - 	at scala.concurrent.Promise.complete$(Promise.scala:52)
[2026-08-12T21:21:43.800+0000] {subprocess.py:93} INFO - 	at scala.concurrent.impl.Promise$DefaultPromise.complete(Promise.scala:187)
[2026-08-12T21:21:43.802+0000] {subprocess.py:93} INFO - 	at scala.concurrent.impl.Promise.$anonfun$transform$1(Promise.scala:33)
[2026-08-12T21:21:43.807+0000] {subprocess.py:93} INFO - 	at scala.concurrent.impl.CallbackRunnable.run(Promise.scala:64)
[2026-08-12T21:21:43.810+0000] {subprocess.py:93} INFO - 	at org.apache.spark.util.ThreadUtils$$anon$1.execute(ThreadUtils.scala:99)
[2026-08-12T21:21:43.812+0000] {subprocess.py:93} INFO - 	at scala.concurrent.impl.ExecutionContextImpl$$anon$4.execute(ExecutionContextImpl.scala:138)
[2026-08-12T21:21:43.814+0000] {subprocess.py:93} INFO - 	at scala.concurrent.impl.CallbackRunnable.executeWithValue(Promise.scala:72)
[2026-08-12T21:21:43.816+0000] {subprocess.py:93} INFO - 	at scala.concurrent.impl.Promise$DefaultPromise.$anonfun$tryComplete$1(Promise.scala:288)
[2026-08-12T21:21:43.819+0000] {subprocess.py:93} INFO - 	at scala.concurrent.impl.Promise$DefaultPromise.$anonfun$tryComplete$1$adapted(Promise.scala:288)
[2026-08-12T21:21:43.821+0000] {subprocess.py:93} INFO - 	at scala.concurrent.impl.Promise$DefaultPromise.tryComplete(Promise.scala:288)
[2026-08-12T21:21:43.823+0000] {subprocess.py:93} INFO - 	at scala.concurrent.Promise.complete(Promise.scala:53)
[2026-08-12T21:21:43.825+0000] {subprocess.py:93} INFO - 	at scala.concurrent.Promise.complete$(Promise.scala:52)
[2026-08-12T21:21:43.828+0000] {subprocess.py:93} INFO - 	at scala.concurrent.impl.Promise$DefaultPromise.complete(Promise.scala:187)
[2026-08-12T21:21:43.830+0000] {subprocess.py:93} INFO - 	at scala.concurrent.impl.Promise.$anonfun$transform$1(Promise.scala:33)
[2026-08-12T21:21:43.833+0000] {subprocess.py:93} INFO - 	at scala.concurrent.impl.CallbackRunnable.run(Promise.scala:64)
[2026-08-12T21:21:43.835+0000] {subprocess.py:93} INFO - 	at scala.concurrent.BatchingExecutor$Batch.processBatch$1(BatchingExecutor.scala:67)
[2026-08-12T21:21:43.837+0000] {subprocess.py:93} INFO - 	at scala.concurrent.BatchingExecutor$Batch.$anonfun$run$1(BatchingExecutor.scala:82)
[2026-08-12T21:21:43.840+0000] {subprocess.py:93} INFO - 	at scala.runtime.java8.JFunction0$mcV$sp.apply(JFunction0$mcV$sp.java:23)
[2026-08-12T21:21:43.849+0000] {subprocess.py:93} INFO - 	at scala.concurrent.BlockContext$.withBlockContext(BlockContext.scala:85)
[2026-08-12T21:21:43.852+0000] {subprocess.py:93} INFO - 	at scala.concurrent.BatchingExecutor$Batch.run(BatchingExecutor.scala:59)
[2026-08-12T21:21:43.855+0000] {subprocess.py:93} INFO - 	at scala.concurrent.Future$InternalCallbackExecutor$.unbatchedExecute(Future.scala:875)
[2026-08-12T21:21:43.858+0000] {subprocess.py:93} INFO - 	at scala.concurrent.BatchingExecutor.execute(BatchingExecutor.scala:110)
[2026-08-12T21:21:43.861+0000] {subprocess.py:93} INFO - 	at scala.concurrent.BatchingExecutor.execute$(BatchingExecutor.scala:107)
[2026-08-12T21:21:43.863+0000] {subprocess.py:93} INFO - 	at scala.concurrent.Future$InternalCallbackExecutor$.execute(Future.scala:873)
[2026-08-12T21:21:43.866+0000] {subprocess.py:93} INFO - 	at scala.concurrent.impl.CallbackRunnable.executeWithValue(Promise.scala:72)
[2026-08-12T21:21:43.868+0000] {subprocess.py:93} INFO - 	at scala.concurrent.impl.Promise$DefaultPromise.$anonfun$tryComplete$1(Promise.scala:288)
[2026-08-12T21:21:43.870+0000] {subprocess.py:93} INFO - 	at scala.concurrent.impl.Promise$DefaultPromise.$anonfun$tryComplete$1$adapted(Promise.scala:288)
[2026-08-12T21:21:43.872+0000] {subprocess.py:93} INFO - 	at scala.concurrent.impl.Promise$DefaultPromise.tryComplete(Promise.scala:288)
[2026-08-12T21:21:43.874+0000] {subprocess.py:93} INFO - 	at scala.concurrent.Promise.trySuccess(Promise.scala:94)
[2026-08-12T21:21:43.876+0000] {subprocess.py:93} INFO - 	at scala.concurrent.Promise.trySuccess$(Promise.scala:94)
[2026-08-12T21:21:43.879+0000] {subprocess.py:93} INFO - 	at scala.concurrent.impl.Promise$DefaultPromise.trySuccess(Promise.scala:187)
[2026-08-12T21:21:43.881+0000] {subprocess.py:93} INFO - 	at org.apache.spark.rpc.netty.NettyRpcEnv.onSuccess$1(NettyRpcEnv.scala:225)
[2026-08-12T21:21:43.884+0000] {subprocess.py:93} INFO - 	at org.apache.spark.rpc.netty.NettyRpcEnv.$anonfun$askAbortable$5(NettyRpcEnv.scala:239)
[2026-08-12T21:21:43.887+0000] {subprocess.py:93} INFO - 	at org.apache.spark.rpc.netty.NettyRpcEnv.$anonfun$askAbortable$5$adapted(NettyRpcEnv.scala:238)
[2026-08-12T21:21:43.889+0000] {subprocess.py:93} INFO - 	at scala.concurrent.impl.CallbackRunnable.run(Promise.scala:64)
[2026-08-12T21:21:43.891+0000] {subprocess.py:93} INFO - 	at org.apache.spark.util.ThreadUtils$$anon$1.execute(ThreadUtils.scala:99)
[2026-08-12T21:21:43.895+0000] {subprocess.py:93} INFO - 	at scala.concurrent.impl.ExecutionContextImpl$$anon$4.execute(ExecutionContextImpl.scala:138)
[2026-08-12T21:21:43.898+0000] {subprocess.py:93} INFO - 	at scala.concurrent.impl.CallbackRunnable.executeWithValue(Promise.scala:72)
[2026-08-12T21:21:43.900+0000] {subprocess.py:93} INFO - 	at scala.concurrent.impl.Promise$DefaultPromise.$anonfun$tryComplete$1(Promise.scala:288)
[2026-08-12T21:21:43.903+0000] {subprocess.py:93} INFO - 	at scala.concurrent.impl.Promise$DefaultPromise.$anonfun$tryComplete$1$adapted(Promise.scala:288)
[2026-08-12T21:21:43.905+0000] {subprocess.py:93} INFO - 	at scala.concurrent.impl.Promise$DefaultPromise.tryComplete(Promise.scala:288)
[2026-08-12T21:21:43.907+0000] {subprocess.py:93} INFO - 	at scala.concurrent.Promise.complete(Promise.scala:53)
[2026-08-12T21:21:43.911+0000] {subprocess.py:93} INFO - 	at scala.concurrent.Promise.complete$(Promise.scala:52)
[2026-08-12T21:21:43.914+0000] {subprocess.py:93} INFO - 	at scala.concurrent.impl.Promise$DefaultPromise.complete(Promise.scala:187)
[2026-08-12T21:21:43.916+0000] {subprocess.py:93} INFO - 	at scala.concurrent.Promise.success(Promise.scala:86)
[2026-08-12T21:21:43.919+0000] {subprocess.py:93} INFO - 	at scala.concurrent.Promise.success$(Promise.scala:86)
[2026-08-12T21:21:43.922+0000] {subprocess.py:93} INFO - 	at scala.concurrent.impl.Promise$DefaultPromise.success(Promise.scala:187)
[2026-08-12T21:21:43.924+0000] {subprocess.py:93} INFO - 	at org.apache.spark.rpc.netty.LocalNettyRpcCallContext.send(NettyRpcCallContext.scala:50)
[2026-08-12T21:21:43.926+0000] {subprocess.py:93} INFO - 	at org.apache.spark.rpc.netty.NettyRpcCallContext.reply(NettyRpcCallContext.scala:32)
[2026-08-12T21:21:43.928+0000] {subprocess.py:93} INFO - 	at org.apache.spark.rpc.netty.RpcEndpointVerifier$$anonfun$receiveAndReply$1.applyOrElse(RpcEndpointVerifier.scala:31)
[2026-08-12T21:21:43.936+0000] {subprocess.py:93} INFO - 	... 8 more
[2026-08-12T21:21:43.939+0000] {subprocess.py:93} INFO - 26/08/12 21:21:24 ERROR Inbox: Ignoring error
[2026-08-12T21:21:43.942+0000] {subprocess.py:93} INFO - org.apache.spark.SparkException: Exception thrown in awaitResult:
[2026-08-12T21:21:43.945+0000] {subprocess.py:93} INFO - 	at org.apache.spark.util.SparkThreadUtils$.awaitResult(SparkThreadUtils.scala:56)
[2026-08-12T21:21:43.948+0000] {subprocess.py:93} INFO - 	at org.apache.spark.util.ThreadUtils$.awaitResult(ThreadUtils.scala:310)
[2026-08-12T21:21:43.951+0000] {subprocess.py:93} INFO - 	at org.apache.spark.rpc.RpcTimeout.awaitResult(RpcTimeout.scala:75)
[2026-08-12T21:21:43.957+0000] {subprocess.py:93} INFO - 	at org.apache.spark.rpc.RpcEnv.setupEndpointRefByURI(RpcEnv.scala:102)
[2026-08-12T21:21:43.960+0000] {subprocess.py:93} INFO - 	at org.apache.spark.rpc.RpcEnv.setupEndpointRef(RpcEnv.scala:110)
[2026-08-12T21:21:43.963+0000] {subprocess.py:93} INFO - 	at org.apache.spark.util.RpcUtils$.makeDriverRef(RpcUtils.scala:36)
[2026-08-12T21:21:43.966+0000] {subprocess.py:93} INFO - 	at org.apache.spark.storage.BlockManagerMasterEndpoint.driverEndpoint$lzycompute(BlockManagerMasterEndpoint.scala:124)
[2026-08-12T21:21:44.025+0000] {subprocess.py:93} INFO - 	at org.apache.spark.storage.BlockManagerMasterEndpoint.org$apache$spark$storage$BlockManagerMasterEndpoint$$driverEndpoint(BlockManagerMasterEndpoint.scala:123)
[2026-08-12T21:21:44.027+0000] {subprocess.py:93} INFO - 	at org.apache.spark.storage.BlockManagerMasterEndpoint.isExecutorAlive$lzycompute$1(BlockManagerMasterEndpoint.scala:688)
[2026-08-12T21:21:44.030+0000] {subprocess.py:93} INFO - 	at org.apache.spark.storage.BlockManagerMasterEndpoint.isExecutorAlive$1(BlockManagerMasterEndpoint.scala:687)
[2026-08-12T21:21:44.032+0000] {subprocess.py:93} INFO - 	at org.apache.spark.storage.BlockManagerMasterEndpoint.org$apache$spark$storage$BlockManagerMasterEndpoint$$register(BlockManagerMasterEndpoint.scala:725)
[2026-08-12T21:21:44.034+0000] {subprocess.py:93} INFO - 	at org.apache.spark.storage.BlockManagerMasterEndpoint$$anonfun$receiveAndReply$1.applyOrElse(BlockManagerMasterEndpoint.scala:133)
[2026-08-12T21:21:44.036+0000] {subprocess.py:93} INFO - 	at org.apache.spark.rpc.netty.Inbox.$anonfun$process$1(Inbox.scala:103)
[2026-08-12T21:21:44.038+0000] {subprocess.py:93} INFO - 	at org.apache.spark.rpc.netty.Inbox.safelyCall(Inbox.scala:213)
[2026-08-12T21:21:44.040+0000] {subprocess.py:93} INFO - 	at org.apache.spark.rpc.netty.Inbox.process(Inbox.scala:100)
[2026-08-12T21:21:44.042+0000] {subprocess.py:93} INFO - 	at org.apache.spark.rpc.netty.MessageLoop.org$apache$spark$rpc$netty$MessageLoop$$receiveLoop(MessageLoop.scala:75)
[2026-08-12T21:21:44.045+0000] {subprocess.py:93} INFO - 	at org.apache.spark.rpc.netty.MessageLoop$$anon$1.run(MessageLoop.scala:41)
[2026-08-12T21:21:44.056+0000] {subprocess.py:93} INFO - 	at java.base/java.util.concurrent.ThreadPoolExecutor.runWorker(ThreadPoolExecutor.java:1136)
[2026-08-12T21:21:44.059+0000] {subprocess.py:93} INFO - 	at java.base/java.util.concurrent.ThreadPoolExecutor$Worker.run(ThreadPoolExecutor.java:635)
[2026-08-12T21:21:44.061+0000] {subprocess.py:93} INFO - 	at java.base/java.lang.Thread.run(Thread.java:840)
[2026-08-12T21:21:44.064+0000] {subprocess.py:93} INFO - Caused by: org.apache.spark.rpc.RpcEndpointNotFoundException: Cannot find endpoint: spark://CoarseGrainedScheduler@4099a95615c9:45169
[2026-08-12T21:21:44.065+0000] {subprocess.py:93} INFO - 	at org.apache.spark.rpc.netty.NettyRpcEnv.$anonfun$asyncSetupEndpointRefByURI$1(NettyRpcEnv.scala:148)
[2026-08-12T21:21:44.068+0000] {subprocess.py:93} INFO - 	at org.apache.spark.rpc.netty.NettyRpcEnv.$anonfun$asyncSetupEndpointRefByURI$1$adapted(NettyRpcEnv.scala:144)
[2026-08-12T21:21:44.070+0000] {subprocess.py:93} INFO - 	at scala.concurrent.Future.$anonfun$flatMap$1(Future.scala:307)
[2026-08-12T21:21:44.072+0000] {subprocess.py:93} INFO - 	at scala.concurrent.impl.Promise.$anonfun$transformWith$1(Promise.scala:41)
[2026-08-12T21:21:44.074+0000] {subprocess.py:93} INFO - 	at scala.concurrent.impl.CallbackRunnable.run(Promise.scala:64)
[2026-08-12T21:21:44.077+0000] {subprocess.py:93} INFO - 	at org.apache.spark.util.ThreadUtils$$anon$1.execute(ThreadUtils.scala:99)
[2026-08-12T21:21:44.080+0000] {subprocess.py:93} INFO - 	at scala.concurrent.impl.ExecutionContextImpl$$anon$4.execute(ExecutionContextImpl.scala:138)
[2026-08-12T21:21:44.086+0000] {subprocess.py:93} INFO - 	at scala.concurrent.impl.CallbackRunnable.executeWithValue(Promise.scala:72)
[2026-08-12T21:21:44.088+0000] {subprocess.py:93} INFO - 	at scala.concurrent.impl.Promise$DefaultPromise.$anonfun$tryComplete$1(Promise.scala:288)
[2026-08-12T21:21:44.091+0000] {subprocess.py:93} INFO - 	at scala.concurrent.impl.Promise$DefaultPromise.$anonfun$tryComplete$1$adapted(Promise.scala:288)
[2026-08-12T21:21:44.093+0000] {subprocess.py:93} INFO - 	at scala.concurrent.impl.Promise$DefaultPromise.tryComplete(Promise.scala:288)
[2026-08-12T21:21:44.095+0000] {subprocess.py:93} INFO - 	at scala.concurrent.Promise.complete(Promise.scala:53)
[2026-08-12T21:21:44.097+0000] {subprocess.py:93} INFO - 	at scala.concurrent.Promise.complete$(Promise.scala:52)
[2026-08-12T21:21:44.100+0000] {subprocess.py:93} INFO - 	at scala.concurrent.impl.Promise$DefaultPromise.complete(Promise.scala:187)
[2026-08-12T21:21:44.102+0000] {subprocess.py:93} INFO - 	at scala.concurrent.impl.Promise.$anonfun$transform$1(Promise.scala:33)
[2026-08-12T21:21:44.105+0000] {subprocess.py:93} INFO - 	at scala.concurrent.impl.CallbackRunnable.run(Promise.scala:64)
[2026-08-12T21:21:44.107+0000] {subprocess.py:93} INFO - 	at org.apache.spark.util.ThreadUtils$$anon$1.execute(ThreadUtils.scala:99)
[2026-08-12T21:21:44.110+0000] {subprocess.py:93} INFO - 	at scala.concurrent.impl.ExecutionContextImpl$$anon$4.execute(ExecutionContextImpl.scala:138)
[2026-08-12T21:21:44.112+0000] {subprocess.py:93} INFO - 	at scala.concurrent.impl.CallbackRunnable.executeWithValue(Promise.scala:72)
[2026-08-12T21:21:44.114+0000] {subprocess.py:93} INFO - 	at scala.concurrent.impl.Promise$DefaultPromise.$anonfun$tryComplete$1(Promise.scala:288)
[2026-08-12T21:21:44.116+0000] {subprocess.py:93} INFO - 	at scala.concurrent.impl.Promise$DefaultPromise.$anonfun$tryComplete$1$adapted(Promise.scala:288)
[2026-08-12T21:21:44.118+0000] {subprocess.py:93} INFO - 	at scala.concurrent.impl.Promise$DefaultPromise.tryComplete(Promise.scala:288)
[2026-08-12T21:21:44.121+0000] {subprocess.py:93} INFO - 	at scala.concurrent.Promise.complete(Promise.scala:53)
[2026-08-12T21:21:44.123+0000] {subprocess.py:93} INFO - 	at scala.concurrent.Promise.complete$(Promise.scala:52)
[2026-08-12T21:21:44.125+0000] {subprocess.py:93} INFO - 	at scala.concurrent.impl.Promise$DefaultPromise.complete(Promise.scala:187)
[2026-08-12T21:21:44.127+0000] {subprocess.py:93} INFO - 	at scala.concurrent.impl.Promise.$anonfun$transform$1(Promise.scala:33)
[2026-08-12T21:21:44.130+0000] {subprocess.py:93} INFO - 	at scala.concurrent.impl.CallbackRunnable.run(Promise.scala:64)
[2026-08-12T21:21:44.131+0000] {subprocess.py:93} INFO - 	at scala.concurrent.BatchingExecutor$Batch.processBatch$1(BatchingExecutor.scala:67)
[2026-08-12T21:21:44.133+0000] {subprocess.py:93} INFO - 	at scala.concurrent.BatchingExecutor$Batch.$anonfun$run$1(BatchingExecutor.scala:82)
[2026-08-12T21:21:44.136+0000] {subprocess.py:93} INFO - 	at scala.runtime.java8.JFunction0$mcV$sp.apply(JFunction0$mcV$sp.java:23)
[2026-08-12T21:21:44.138+0000] {subprocess.py:93} INFO - 	at scala.concurrent.BlockContext$.withBlockContext(BlockContext.scala:85)
[2026-08-12T21:21:44.140+0000] {subprocess.py:93} INFO - 	at scala.concurrent.BatchingExecutor$Batch.run(BatchingExecutor.scala:59)
[2026-08-12T21:21:44.141+0000] {subprocess.py:93} INFO - 	at scala.concurrent.Future$InternalCallbackExecutor$.unbatchedExecute(Future.scala:875)
[2026-08-12T21:21:44.144+0000] {subprocess.py:93} INFO - 	at scala.concurrent.BatchingExecutor.execute(BatchingExecutor.scala:110)
[2026-08-12T21:21:44.146+0000] {subprocess.py:93} INFO - 	at scala.concurrent.BatchingExecutor.execute$(BatchingExecutor.scala:107)
[2026-08-12T21:21:44.149+0000] {subprocess.py:93} INFO - 	at scala.concurrent.Future$InternalCallbackExecutor$.execute(Future.scala:873)
[2026-08-12T21:21:44.151+0000] {subprocess.py:93} INFO - 	at scala.concurrent.impl.CallbackRunnable.executeWithValue(Promise.scala:72)
[2026-08-12T21:21:44.154+0000] {subprocess.py:93} INFO - 	at scala.concurrent.impl.Promise$DefaultPromise.$anonfun$tryComplete$1(Promise.scala:288)
[2026-08-12T21:21:44.156+0000] {subprocess.py:93} INFO - 	at scala.concurrent.impl.Promise$DefaultPromise.$anonfun$tryComplete$1$adapted(Promise.scala:288)
[2026-08-12T21:21:44.158+0000] {subprocess.py:93} INFO - 	at scala.concurrent.impl.Promise$DefaultPromise.tryComplete(Promise.scala:288)
[2026-08-12T21:21:44.162+0000] {subprocess.py:93} INFO - 	at scala.concurrent.Promise.trySuccess(Promise.scala:94)
[2026-08-12T21:21:44.165+0000] {subprocess.py:93} INFO - 	at scala.concurrent.Promise.trySuccess$(Promise.scala:94)
[2026-08-12T21:21:44.167+0000] {subprocess.py:93} INFO - 	at scala.concurrent.impl.Promise$DefaultPromise.trySuccess(Promise.scala:187)
[2026-08-12T21:21:44.170+0000] {subprocess.py:93} INFO - 	at org.apache.spark.rpc.netty.NettyRpcEnv.onSuccess$1(NettyRpcEnv.scala:225)
[2026-08-12T21:21:44.172+0000] {subprocess.py:93} INFO - 	at org.apache.spark.rpc.netty.NettyRpcEnv.$anonfun$askAbortable$5(NettyRpcEnv.scala:239)
[2026-08-12T21:21:44.174+0000] {subprocess.py:93} INFO - 	at org.apache.spark.rpc.netty.NettyRpcEnv.$anonfun$askAbortable$5$adapted(NettyRpcEnv.scala:238)
[2026-08-12T21:21:44.177+0000] {subprocess.py:93} INFO - 	at scala.concurrent.impl.CallbackRunnable.run(Promise.scala:64)
[2026-08-12T21:21:44.179+0000] {subprocess.py:93} INFO - 	at org.apache.spark.util.ThreadUtils$$anon$1.execute(ThreadUtils.scala:99)
[2026-08-12T21:21:44.181+0000] {subprocess.py:93} INFO - 	at scala.concurrent.impl.ExecutionContextImpl$$anon$4.execute(ExecutionContextImpl.scala:138)
[2026-08-12T21:21:44.185+0000] {subprocess.py:93} INFO - 	at scala.concurrent.impl.CallbackRunnable.executeWithValue(Promise.scala:72)
[2026-08-12T21:21:44.187+0000] {subprocess.py:93} INFO - 	at scala.concurrent.impl.Promise$DefaultPromise.$anonfun$tryComplete$1(Promise.scala:288)
[2026-08-12T21:21:44.189+0000] {subprocess.py:93} INFO - 	at scala.concurrent.impl.Promise$DefaultPromise.$anonfun$tryComplete$1$adapted(Promise.scala:288)
[2026-08-12T21:21:44.191+0000] {subprocess.py:93} INFO - 	at scala.concurrent.impl.Promise$DefaultPromise.tryComplete(Promise.scala:288)
[2026-08-12T21:21:44.193+0000] {subprocess.py:93} INFO - 	at scala.concurrent.Promise.complete(Promise.scala:53)
[2026-08-12T21:21:44.196+0000] {subprocess.py:93} INFO - 	at scala.concurrent.Promise.complete$(Promise.scala:52)
[2026-08-12T21:21:44.198+0000] {subprocess.py:93} INFO - 	at scala.concurrent.impl.Promise$DefaultPromise.complete(Promise.scala:187)
[2026-08-12T21:21:44.200+0000] {subprocess.py:93} INFO - 	at scala.concurrent.Promise.success(Promise.scala:86)
[2026-08-12T21:21:44.203+0000] {subprocess.py:93} INFO - 	at scala.concurrent.Promise.success$(Promise.scala:86)
[2026-08-12T21:21:44.205+0000] {subprocess.py:93} INFO - 	at scala.concurrent.impl.Promise$DefaultPromise.success(Promise.scala:187)
[2026-08-12T21:21:44.207+0000] {subprocess.py:93} INFO - 	at org.apache.spark.rpc.netty.LocalNettyRpcCallContext.send(NettyRpcCallContext.scala:50)
[2026-08-12T21:21:44.209+0000] {subprocess.py:93} INFO - 	at org.apache.spark.rpc.netty.NettyRpcCallContext.reply(NettyRpcCallContext.scala:32)
[2026-08-12T21:21:44.212+0000] {subprocess.py:93} INFO - 	at org.apache.spark.rpc.netty.RpcEndpointVerifier$$anonfun$receiveAndReply$1.applyOrElse(RpcEndpointVerifier.scala:31)
[2026-08-12T21:21:44.215+0000] {subprocess.py:93} INFO - 	... 8 more
[2026-08-12T21:21:44.217+0000] {subprocess.py:93} INFO - 26/08/12 21:21:24 WARN Executor: Issue communicating with driver in heartbeater
[2026-08-12T21:21:44.228+0000] {subprocess.py:93} INFO - org.apache.spark.SparkException: Exception thrown in awaitResult:
[2026-08-12T21:21:44.230+0000] {subprocess.py:93} INFO - 	at org.apache.spark.util.SparkThreadUtils$.awaitResult(SparkThreadUtils.scala:56)
[2026-08-12T21:21:44.232+0000] {subprocess.py:93} INFO - 	at org.apache.spark.util.ThreadUtils$.awaitResult(ThreadUtils.scala:310)
[2026-08-12T21:21:44.233+0000] {subprocess.py:93} INFO - 	at org.apache.spark.rpc.RpcTimeout.awaitResult(RpcTimeout.scala:75)
[2026-08-12T21:21:44.235+0000] {subprocess.py:93} INFO - 	at org.apache.spark.rpc.RpcEndpointRef.askSync(RpcEndpointRef.scala:101)
[2026-08-12T21:21:44.236+0000] {subprocess.py:93} INFO - 	at org.apache.spark.rpc.RpcEndpointRef.askSync(RpcEndpointRef.scala:85)
[2026-08-12T21:21:44.238+0000] {subprocess.py:93} INFO - 	at org.apache.spark.storage.BlockManagerMaster.registerBlockManager(BlockManagerMaster.scala:80)
[2026-08-12T21:21:44.240+0000] {subprocess.py:93} INFO - 	at org.apache.spark.storage.BlockManager.reregister(BlockManager.scala:642)
[2026-08-12T21:21:44.242+0000] {subprocess.py:93} INFO - 	at org.apache.spark.executor.Executor.reportHeartBeat(Executor.scala:1223)
[2026-08-12T21:21:44.244+0000] {subprocess.py:93} INFO - 	at org.apache.spark.executor.Executor.$anonfun$heartbeater$1(Executor.scala:295)
[2026-08-12T21:21:44.246+0000] {subprocess.py:93} INFO - 	at scala.runtime.java8.JFunction0$mcV$sp.apply(JFunction0$mcV$sp.java:23)
[2026-08-12T21:21:44.248+0000] {subprocess.py:93} INFO - 	at org.apache.spark.util.Utils$.logUncaughtExceptions(Utils.scala:1928)
[2026-08-12T21:21:44.249+0000] {subprocess.py:93} INFO - 	at org.apache.spark.Heartbeater$$anon$1.run(Heartbeater.scala:46)
[2026-08-12T21:21:44.252+0000] {subprocess.py:93} INFO - 	at java.base/java.util.concurrent.Executors$RunnableAdapter.call(Executors.java:539)
[2026-08-12T21:21:44.255+0000] {subprocess.py:93} INFO - 	at java.base/java.util.concurrent.FutureTask.runAndReset(FutureTask.java:305)
[2026-08-12T21:21:44.257+0000] {subprocess.py:93} INFO - 	at java.base/java.util.concurrent.ScheduledThreadPoolExecutor$ScheduledFutureTask.run(ScheduledThreadPoolExecutor.java:305)
[2026-08-12T21:21:44.258+0000] {subprocess.py:93} INFO - 	at java.base/java.util.concurrent.ThreadPoolExecutor.runWorker(ThreadPoolExecutor.java:1136)
[2026-08-12T21:21:44.259+0000] {subprocess.py:93} INFO - 	at java.base/java.util.concurrent.ThreadPoolExecutor$Worker.run(ThreadPoolExecutor.java:635)
[2026-08-12T21:21:44.262+0000] {subprocess.py:93} INFO - 	at java.base/java.lang.Thread.run(Thread.java:840)
[2026-08-12T21:21:44.264+0000] {subprocess.py:93} INFO - Caused by: org.apache.spark.SparkException: Exception thrown in awaitResult:
[2026-08-12T21:21:44.266+0000] {subprocess.py:93} INFO - 	at org.apache.spark.util.SparkThreadUtils$.awaitResult(SparkThreadUtils.scala:56)
[2026-08-12T21:21:44.267+0000] {subprocess.py:93} INFO - 	at org.apache.spark.util.ThreadUtils$.awaitResult(ThreadUtils.scala:310)
[2026-08-12T21:21:44.269+0000] {subprocess.py:93} INFO - 	at org.apache.spark.rpc.RpcTimeout.awaitResult(RpcTimeout.scala:75)
[2026-08-12T21:21:44.271+0000] {subprocess.py:93} INFO - 	at org.apache.spark.rpc.RpcEnv.setupEndpointRefByURI(RpcEnv.scala:102)
[2026-08-12T21:21:44.273+0000] {subprocess.py:93} INFO - 	at org.apache.spark.rpc.RpcEnv.setupEndpointRef(RpcEnv.scala:110)
[2026-08-12T21:21:44.275+0000] {subprocess.py:93} INFO - 	at org.apache.spark.util.RpcUtils$.makeDriverRef(RpcUtils.scala:36)
[2026-08-12T21:21:44.278+0000] {subprocess.py:93} INFO - 	at org.apache.spark.storage.BlockManagerMasterEndpoint.driverEndpoint$lzycompute(BlockManagerMasterEndpoint.scala:124)
[2026-08-12T21:21:44.280+0000] {subprocess.py:93} INFO - 	at org.apache.spark.storage.BlockManagerMasterEndpoint.org$apache$spark$storage$BlockManagerMasterEndpoint$$driverEndpoint(BlockManagerMasterEndpoint.scala:123)
[2026-08-12T21:21:44.281+0000] {subprocess.py:93} INFO - 	at org.apache.spark.storage.BlockManagerMasterEndpoint.isExecutorAlive$lzycompute$1(BlockManagerMasterEndpoint.scala:688)
[2026-08-12T21:21:44.283+0000] {subprocess.py:93} INFO - 	at org.apache.spark.storage.BlockManagerMasterEndpoint.isExecutorAlive$1(BlockManagerMasterEndpoint.scala:687)
[2026-08-12T21:21:44.284+0000] {subprocess.py:93} INFO - 	at org.apache.spark.storage.BlockManagerMasterEndpoint.org$apache$spark$storage$BlockManagerMasterEndpoint$$register(BlockManagerMasterEndpoint.scala:725)
[2026-08-12T21:21:44.286+0000] {subprocess.py:93} INFO - 	at org.apache.spark.storage.BlockManagerMasterEndpoint$$anonfun$receiveAndReply$1.applyOrElse(BlockManagerMasterEndpoint.scala:133)
[2026-08-12T21:21:44.288+0000] {subprocess.py:93} INFO - 	at org.apache.spark.rpc.netty.Inbox.$anonfun$process$1(Inbox.scala:103)
[2026-08-12T21:21:44.289+0000] {subprocess.py:93} INFO - 	at org.apache.spark.rpc.netty.Inbox.safelyCall(Inbox.scala:213)
[2026-08-12T21:21:44.290+0000] {subprocess.py:93} INFO - 	at org.apache.spark.rpc.netty.Inbox.process(Inbox.scala:100)
[2026-08-12T21:21:44.292+0000] {subprocess.py:93} INFO - 	at org.apache.spark.rpc.netty.MessageLoop.org$apache$spark$rpc$netty$MessageLoop$$receiveLoop(MessageLoop.scala:75)
[2026-08-12T21:21:44.294+0000] {subprocess.py:93} INFO - 	at org.apache.spark.rpc.netty.MessageLoop$$anon$1.run(MessageLoop.scala:41)
[2026-08-12T21:21:44.296+0000] {subprocess.py:93} INFO - 	... 3 more
[2026-08-12T21:21:44.298+0000] {subprocess.py:93} INFO - Caused by: org.apache.spark.rpc.RpcEndpointNotFoundException: Cannot find endpoint: spark://CoarseGrainedScheduler@4099a95615c9:45169
[2026-08-12T21:21:44.300+0000] {subprocess.py:93} INFO - 	at org.apache.spark.rpc.netty.NettyRpcEnv.$anonfun$asyncSetupEndpointRefByURI$1(NettyRpcEnv.scala:148)
[2026-08-12T21:21:44.302+0000] {subprocess.py:93} INFO - 	at org.apache.spark.rpc.netty.NettyRpcEnv.$anonfun$asyncSetupEndpointRefByURI$1$adapted(NettyRpcEnv.scala:144)
[2026-08-12T21:21:44.303+0000] {subprocess.py:93} INFO - 	at scala.concurrent.Future.$anonfun$flatMap$1(Future.scala:307)
[2026-08-12T21:21:44.305+0000] {subprocess.py:93} INFO - 	at scala.concurrent.impl.Promise.$anonfun$transformWith$1(Promise.scala:41)
[2026-08-12T21:21:44.306+0000] {subprocess.py:93} INFO - 	at scala.concurrent.impl.CallbackRunnable.run(Promise.scala:64)
[2026-08-12T21:21:44.308+0000] {subprocess.py:93} INFO - 	at org.apache.spark.util.ThreadUtils$$anon$1.execute(ThreadUtils.scala:99)
[2026-08-12T21:21:44.309+0000] {subprocess.py:93} INFO - 	at scala.concurrent.impl.ExecutionContextImpl$$anon$4.execute(ExecutionContextImpl.scala:138)
[2026-08-12T21:21:44.311+0000] {subprocess.py:93} INFO - 	at scala.concurrent.impl.CallbackRunnable.executeWithValue(Promise.scala:72)
[2026-08-12T21:21:44.313+0000] {subprocess.py:93} INFO - 	at scala.concurrent.impl.Promise$DefaultPromise.$anonfun$tryComplete$1(Promise.scala:288)
[2026-08-12T21:21:44.315+0000] {subprocess.py:93} INFO - 	at scala.concurrent.impl.Promise$DefaultPromise.$anonfun$tryComplete$1$adapted(Promise.scala:288)
[2026-08-12T21:21:44.316+0000] {subprocess.py:93} INFO - 	at scala.concurrent.impl.Promise$DefaultPromise.tryComplete(Promise.scala:288)
[2026-08-12T21:21:44.318+0000] {subprocess.py:93} INFO - 	at scala.concurrent.Promise.complete(Promise.scala:53)
[2026-08-12T21:21:44.320+0000] {subprocess.py:93} INFO - 	at scala.concurrent.Promise.complete$(Promise.scala:52)
[2026-08-12T21:21:44.322+0000] {subprocess.py:93} INFO - 	at scala.concurrent.impl.Promise$DefaultPromise.complete(Promise.scala:187)
[2026-08-12T21:21:44.323+0000] {subprocess.py:93} INFO - 	at scala.concurrent.impl.Promise.$anonfun$transform$1(Promise.scala:33)
[2026-08-12T21:21:44.327+0000] {subprocess.py:93} INFO - 	at scala.concurrent.impl.CallbackRunnable.run(Promise.scala:64)
[2026-08-12T21:21:44.330+0000] {subprocess.py:93} INFO - 	at org.apache.spark.util.ThreadUtils$$anon$1.execute(ThreadUtils.scala:99)
[2026-08-12T21:21:44.332+0000] {subprocess.py:93} INFO - 	at scala.concurrent.impl.ExecutionContextImpl$$anon$4.execute(ExecutionContextImpl.scala:138)
[2026-08-12T21:21:44.335+0000] {subprocess.py:93} INFO - 	at scala.concurrent.impl.CallbackRunnable.executeWithValue(Promise.scala:72)
[2026-08-12T21:21:44.337+0000] {subprocess.py:93} INFO - 	at scala.concurrent.impl.Promise$DefaultPromise.$anonfun$tryComplete$1(Promise.scala:288)
[2026-08-12T21:21:44.339+0000] {subprocess.py:93} INFO - 	at scala.concurrent.impl.Promise$DefaultPromise.$anonfun$tryComplete$1$adapted(Promise.scala:288)
[2026-08-12T21:21:44.343+0000] {subprocess.py:93} INFO - 	at scala.concurrent.impl.Promise$DefaultPromise.tryComplete(Promise.scala:288)
[2026-08-12T21:21:44.346+0000] {subprocess.py:93} INFO - 	at scala.concurrent.Promise.complete(Promise.scala:53)
[2026-08-12T21:21:44.348+0000] {subprocess.py:93} INFO - 	at scala.concurrent.Promise.complete$(Promise.scala:52)
[2026-08-12T21:21:44.350+0000] {subprocess.py:93} INFO - 	at scala.concurrent.impl.Promise$DefaultPromise.complete(Promise.scala:187)
[2026-08-12T21:21:44.353+0000] {subprocess.py:93} INFO - 	at scala.concurrent.impl.Promise.$anonfun$transform$1(Promise.scala:33)
[2026-08-12T21:21:44.355+0000] {subprocess.py:93} INFO - 	at scala.concurrent.impl.CallbackRunnable.run(Promise.scala:64)
[2026-08-12T21:21:44.356+0000] {subprocess.py:93} INFO - 	at scala.concurrent.BatchingExecutor$Batch.processBatch$1(BatchingExecutor.scala:67)
[2026-08-12T21:21:44.358+0000] {subprocess.py:93} INFO - 	at scala.concurrent.BatchingExecutor$Batch.$anonfun$run$1(BatchingExecutor.scala:82)
[2026-08-12T21:21:44.361+0000] {subprocess.py:93} INFO - 	at scala.runtime.java8.JFunction0$mcV$sp.apply(JFunction0$mcV$sp.java:23)
[2026-08-12T21:21:44.363+0000] {subprocess.py:93} INFO - 	at scala.concurrent.BlockContext$.withBlockContext(BlockContext.scala:85)
[2026-08-12T21:21:44.365+0000] {subprocess.py:93} INFO - 	at scala.concurrent.BatchingExecutor$Batch.run(BatchingExecutor.scala:59)
[2026-08-12T21:21:44.367+0000] {subprocess.py:93} INFO - 	at scala.concurrent.Future$InternalCallbackExecutor$.unbatchedExecute(Future.scala:875)
[2026-08-12T21:21:44.369+0000] {subprocess.py:93} INFO - 	at scala.concurrent.BatchingExecutor.execute(BatchingExecutor.scala:110)
[2026-08-12T21:21:44.372+0000] {subprocess.py:93} INFO - 	at scala.concurrent.BatchingExecutor.execute$(BatchingExecutor.scala:107)
[2026-08-12T21:21:44.373+0000] {subprocess.py:93} INFO - 	at scala.concurrent.Future$InternalCallbackExecutor$.execute(Future.scala:873)
[2026-08-12T21:21:44.375+0000] {subprocess.py:93} INFO - 	at scala.concurrent.impl.CallbackRunnable.executeWithValue(Promise.scala:72)
[2026-08-12T21:21:44.377+0000] {subprocess.py:93} INFO - 	at scala.concurrent.impl.Promise$DefaultPromise.$anonfun$tryComplete$1(Promise.scala:288)
[2026-08-12T21:21:44.379+0000] {subprocess.py:93} INFO - 	at scala.concurrent.impl.Promise$DefaultPromise.$anonfun$tryComplete$1$adapted(Promise.scala:288)
[2026-08-12T21:21:44.381+0000] {subprocess.py:93} INFO - 	at scala.concurrent.impl.Promise$DefaultPromise.tryComplete(Promise.scala:288)
[2026-08-12T21:21:44.382+0000] {subprocess.py:93} INFO - 	at scala.concurrent.Promise.trySuccess(Promise.scala:94)
[2026-08-12T21:21:44.384+0000] {subprocess.py:93} INFO - 	at scala.concurrent.Promise.trySuccess$(Promise.scala:94)
[2026-08-12T21:21:44.387+0000] {subprocess.py:93} INFO - 	at scala.concurrent.impl.Promise$DefaultPromise.trySuccess(Promise.scala:187)
[2026-08-12T21:21:44.390+0000] {subprocess.py:93} INFO - 	at org.apache.spark.rpc.netty.NettyRpcEnv.onSuccess$1(NettyRpcEnv.scala:225)
[2026-08-12T21:21:44.392+0000] {subprocess.py:93} INFO - 	at org.apache.spark.rpc.netty.NettyRpcEnv.$anonfun$askAbortable$5(NettyRpcEnv.scala:239)
[2026-08-12T21:21:44.394+0000] {subprocess.py:93} INFO - 	at org.apache.spark.rpc.netty.NettyRpcEnv.$anonfun$askAbortable$5$adapted(NettyRpcEnv.scala:238)
[2026-08-12T21:21:44.397+0000] {subprocess.py:93} INFO - 	at scala.concurrent.impl.CallbackRunnable.run(Promise.scala:64)
[2026-08-12T21:21:44.399+0000] {subprocess.py:93} INFO - 	at org.apache.spark.util.ThreadUtils$$anon$1.execute(ThreadUtils.scala:99)
[2026-08-12T21:21:44.401+0000] {subprocess.py:93} INFO - 	at scala.concurrent.impl.ExecutionContextImpl$$anon$4.execute(ExecutionContextImpl.scala:138)
[2026-08-12T21:21:44.403+0000] {subprocess.py:93} INFO - 	at scala.concurrent.impl.CallbackRunnable.executeWithValue(Promise.scala:72)
[2026-08-12T21:21:44.405+0000] {subprocess.py:93} INFO - 	at scala.concurrent.impl.Promise$DefaultPromise.$anonfun$tryComplete$1(Promise.scala:288)
[2026-08-12T21:21:44.407+0000] {subprocess.py:93} INFO - 	at scala.concurrent.impl.Promise$DefaultPromise.$anonfun$tryComplete$1$adapted(Promise.scala:288)
[2026-08-12T21:21:44.408+0000] {subprocess.py:93} INFO - 	at scala.concurrent.impl.Promise$DefaultPromise.tryComplete(Promise.scala:288)
[2026-08-12T21:21:44.409+0000] {subprocess.py:93} INFO - 	at scala.concurrent.Promise.complete(Promise.scala:53)
[2026-08-12T21:21:44.411+0000] {subprocess.py:93} INFO - 	at scala.concurrent.Promise.complete$(Promise.scala:52)
[2026-08-12T21:21:44.412+0000] {subprocess.py:93} INFO - 	at scala.concurrent.impl.Promise$DefaultPromise.complete(Promise.scala:187)
[2026-08-12T21:21:44.414+0000] {subprocess.py:93} INFO - 	at scala.concurrent.Promise.success(Promise.scala:86)
[2026-08-12T21:21:44.415+0000] {subprocess.py:93} INFO - 	at scala.concurrent.Promise.success$(Promise.scala:86)
[2026-08-12T21:21:44.417+0000] {subprocess.py:93} INFO - 	at scala.concurrent.impl.Promise$DefaultPromise.success(Promise.scala:187)
[2026-08-12T21:21:44.419+0000] {subprocess.py:93} INFO - 	at org.apache.spark.rpc.netty.LocalNettyRpcCallContext.send(NettyRpcCallContext.scala:50)
[2026-08-12T21:21:44.422+0000] {subprocess.py:93} INFO - 	at org.apache.spark.rpc.netty.NettyRpcCallContext.reply(NettyRpcCallContext.scala:32)
[2026-08-12T21:21:44.423+0000] {subprocess.py:93} INFO - 	at org.apache.spark.rpc.netty.RpcEndpointVerifier$$anonfun$receiveAndReply$1.applyOrElse(RpcEndpointVerifier.scala:31)
[2026-08-12T21:21:44.425+0000] {subprocess.py:93} INFO - 	... 8 more
[2026-08-12T21:21:44.426+0000] {subprocess.py:93} INFO - 26/08/12 21:21:28 ERROR Inbox: Ignoring error
[2026-08-12T21:21:44.428+0000] {subprocess.py:93} INFO - org.apache.spark.SparkException: Exception thrown in awaitResult:
[2026-08-12T21:21:44.431+0000] {subprocess.py:93} INFO - 	at org.apache.spark.util.SparkThreadUtils$.awaitResult(SparkThreadUtils.scala:56)
[2026-08-12T21:21:44.456+0000] {subprocess.py:93} INFO - 	at org.apache.spark.util.ThreadUtils$.awaitResult(ThreadUtils.scala:310)
[2026-08-12T21:21:44.459+0000] {subprocess.py:93} INFO - 	at org.apache.spark.rpc.RpcTimeout.awaitResult(RpcTimeout.scala:75)
[2026-08-12T21:21:44.462+0000] {subprocess.py:93} INFO - 	at org.apache.spark.rpc.RpcEnv.setupEndpointRefByURI(RpcEnv.scala:102)
[2026-08-12T21:21:44.464+0000] {subprocess.py:93} INFO - 	at org.apache.spark.rpc.RpcEnv.setupEndpointRef(RpcEnv.scala:110)
[2026-08-12T21:21:44.467+0000] {subprocess.py:93} INFO - 	at org.apache.spark.util.RpcUtils$.makeDriverRef(RpcUtils.scala:36)
[2026-08-12T21:21:44.470+0000] {subprocess.py:93} INFO - 	at org.apache.spark.storage.BlockManagerMasterEndpoint.driverEndpoint$lzycompute(BlockManagerMasterEndpoint.scala:124)
[2026-08-12T21:21:44.472+0000] {subprocess.py:93} INFO - 	at org.apache.spark.storage.BlockManagerMasterEndpoint.org$apache$spark$storage$BlockManagerMasterEndpoint$$driverEndpoint(BlockManagerMasterEndpoint.scala:123)
[2026-08-12T21:21:44.474+0000] {subprocess.py:93} INFO - 	at org.apache.spark.storage.BlockManagerMasterEndpoint.isExecutorAlive$lzycompute$1(BlockManagerMasterEndpoint.scala:688)
[2026-08-12T21:21:44.477+0000] {subprocess.py:93} INFO - 	at org.apache.spark.storage.BlockManagerMasterEndpoint.isExecutorAlive$1(BlockManagerMasterEndpoint.scala:687)
[2026-08-12T21:21:44.480+0000] {subprocess.py:93} INFO - 	at org.apache.spark.storage.BlockManagerMasterEndpoint.org$apache$spark$storage$BlockManagerMasterEndpoint$$register(BlockManagerMasterEndpoint.scala:725)
[2026-08-12T21:21:44.482+0000] {subprocess.py:93} INFO - 	at org.apache.spark.storage.BlockManagerMasterEndpoint$$anonfun$receiveAndReply$1.applyOrElse(BlockManagerMasterEndpoint.scala:133)
[2026-08-12T21:21:44.484+0000] {subprocess.py:93} INFO - 	at org.apache.spark.rpc.netty.Inbox.$anonfun$process$1(Inbox.scala:103)
[2026-08-12T21:21:44.488+0000] {subprocess.py:93} INFO - 	at org.apache.spark.rpc.netty.Inbox.safelyCall(Inbox.scala:213)
[2026-08-12T21:21:44.489+0000] {subprocess.py:93} INFO - 	at org.apache.spark.rpc.netty.Inbox.process(Inbox.scala:100)
[2026-08-12T21:21:44.491+0000] {subprocess.py:93} INFO - 	at org.apache.spark.rpc.netty.MessageLoop.org$apache$spark$rpc$netty$MessageLoop$$receiveLoop(MessageLoop.scala:75)
[2026-08-12T21:21:44.495+0000] {subprocess.py:93} INFO - 	at org.apache.spark.rpc.netty.MessageLoop$$anon$1.run(MessageLoop.scala:41)
[2026-08-12T21:21:44.498+0000] {subprocess.py:93} INFO - 	at java.base/java.util.concurrent.ThreadPoolExecutor.runWorker(ThreadPoolExecutor.java:1136)
[2026-08-12T21:21:44.506+0000] {subprocess.py:93} INFO - 	at java.base/java.util.concurrent.ThreadPoolExecutor$Worker.run(ThreadPoolExecutor.java:635)
[2026-08-12T21:21:44.509+0000] {subprocess.py:93} INFO - 	at java.base/java.lang.Thread.run(Thread.java:840)
[2026-08-12T21:21:44.511+0000] {subprocess.py:93} INFO - Caused by: org.apache.spark.rpc.RpcEndpointNotFoundException: Cannot find endpoint: spark://CoarseGrainedScheduler@4099a95615c9:45169
[2026-08-12T21:21:44.513+0000] {subprocess.py:93} INFO - 	at org.apache.spark.rpc.netty.NettyRpcEnv.$anonfun$asyncSetupEndpointRefByURI$1(NettyRpcEnv.scala:148)
[2026-08-12T21:21:44.516+0000] {subprocess.py:93} INFO - 	at org.apache.spark.rpc.netty.NettyRpcEnv.$anonfun$asyncSetupEndpointRefByURI$1$adapted(NettyRpcEnv.scala:144)
[2026-08-12T21:21:44.521+0000] {subprocess.py:93} INFO - 	at scala.concurrent.Future.$anonfun$flatMap$1(Future.scala:307)
[2026-08-12T21:21:44.523+0000] {subprocess.py:93} INFO - 	at scala.concurrent.impl.Promise.$anonfun$transformWith$1(Promise.scala:41)
[2026-08-12T21:21:44.527+0000] {subprocess.py:93} INFO - 	at scala.concurrent.impl.CallbackRunnable.run(Promise.scala:64)
[2026-08-12T21:21:44.530+0000] {subprocess.py:93} INFO - 	at org.apache.spark.util.ThreadUtils$$anon$1.execute(ThreadUtils.scala:99)
[2026-08-12T21:21:44.532+0000] {subprocess.py:93} INFO - 	at scala.concurrent.impl.ExecutionContextImpl$$anon$4.execute(ExecutionContextImpl.scala:138)
[2026-08-12T21:21:44.537+0000] {subprocess.py:93} INFO - 	at scala.concurrent.impl.CallbackRunnable.executeWithValue(Promise.scala:72)
[2026-08-12T21:21:44.539+0000] {subprocess.py:93} INFO - 	at scala.concurrent.impl.Promise$DefaultPromise.$anonfun$tryComplete$1(Promise.scala:288)
[2026-08-12T21:21:44.541+0000] {subprocess.py:93} INFO - 	at scala.concurrent.impl.Promise$DefaultPromise.$anonfun$tryComplete$1$adapted(Promise.scala:288)
[2026-08-12T21:21:44.545+0000] {subprocess.py:93} INFO - 	at scala.concurrent.impl.Promise$DefaultPromise.tryComplete(Promise.scala:288)
[2026-08-12T21:21:44.550+0000] {subprocess.py:93} INFO - 	at scala.concurrent.Promise.complete(Promise.scala:53)
[2026-08-12T21:21:44.555+0000] {subprocess.py:93} INFO - 	at scala.concurrent.Promise.complete$(Promise.scala:52)
[2026-08-12T21:21:44.558+0000] {subprocess.py:93} INFO - 	at scala.concurrent.impl.Promise$DefaultPromise.complete(Promise.scala:187)
[2026-08-12T21:21:44.562+0000] {subprocess.py:93} INFO - 	at scala.concurrent.impl.Promise.$anonfun$transform$1(Promise.scala:33)
[2026-08-12T21:21:44.566+0000] {subprocess.py:93} INFO - 	at scala.concurrent.impl.CallbackRunnable.run(Promise.scala:64)
[2026-08-12T21:21:44.569+0000] {subprocess.py:93} INFO - 	at org.apache.spark.util.ThreadUtils$$anon$1.execute(ThreadUtils.scala:99)
[2026-08-12T21:21:44.571+0000] {subprocess.py:93} INFO - 	at scala.concurrent.impl.ExecutionContextImpl$$anon$4.execute(ExecutionContextImpl.scala:138)
[2026-08-12T21:21:44.574+0000] {subprocess.py:93} INFO - 	at scala.concurrent.impl.CallbackRunnable.executeWithValue(Promise.scala:72)
[2026-08-12T21:21:44.576+0000] {subprocess.py:93} INFO - 	at scala.concurrent.impl.Promise$DefaultPromise.$anonfun$tryComplete$1(Promise.scala:288)
[2026-08-12T21:21:44.580+0000] {subprocess.py:93} INFO - 	at scala.concurrent.impl.Promise$DefaultPromise.$anonfun$tryComplete$1$adapted(Promise.scala:288)
[2026-08-12T21:21:44.583+0000] {subprocess.py:93} INFO - 	at scala.concurrent.impl.Promise$DefaultPromise.tryComplete(Promise.scala:288)
[2026-08-12T21:21:44.586+0000] {subprocess.py:93} INFO - 	at scala.concurrent.Promise.complete(Promise.scala:53)
[2026-08-12T21:21:44.591+0000] {subprocess.py:93} INFO - 	at scala.concurrent.Promise.complete$(Promise.scala:52)
[2026-08-12T21:21:44.598+0000] {subprocess.py:93} INFO - 	at scala.concurrent.impl.Promise$DefaultPromise.complete(Promise.scala:187)
[2026-08-12T21:21:44.601+0000] {subprocess.py:93} INFO - 	at scala.concurrent.impl.Promise.$anonfun$transform$1(Promise.scala:33)
[2026-08-12T21:21:44.604+0000] {subprocess.py:93} INFO - 	at scala.concurrent.impl.CallbackRunnable.run(Promise.scala:64)
[2026-08-12T21:21:44.606+0000] {subprocess.py:93} INFO - 	at scala.concurrent.BatchingExecutor$Batch.processBatch$1(BatchingExecutor.scala:67)
[2026-08-12T21:21:44.608+0000] {subprocess.py:93} INFO - 	at scala.concurrent.BatchingExecutor$Batch.$anonfun$run$1(BatchingExecutor.scala:82)
[2026-08-12T21:21:44.610+0000] {subprocess.py:93} INFO - 	at scala.runtime.java8.JFunction0$mcV$sp.apply(JFunction0$mcV$sp.java:23)
[2026-08-12T21:21:44.613+0000] {subprocess.py:93} INFO - 	at scala.concurrent.BlockContext$.withBlockContext(BlockContext.scala:85)
[2026-08-12T21:21:44.616+0000] {subprocess.py:93} INFO - 	at scala.concurrent.BatchingExecutor$Batch.run(BatchingExecutor.scala:59)
[2026-08-12T21:21:44.619+0000] {subprocess.py:93} INFO - 	at scala.concurrent.Future$InternalCallbackExecutor$.unbatchedExecute(Future.scala:875)
[2026-08-12T21:21:44.627+0000] {subprocess.py:93} INFO - 	at scala.concurrent.BatchingExecutor.execute(BatchingExecutor.scala:110)
[2026-08-12T21:21:44.630+0000] {subprocess.py:93} INFO - 	at scala.concurrent.BatchingExecutor.execute$(BatchingExecutor.scala:107)
[2026-08-12T21:21:44.633+0000] {subprocess.py:93} INFO - 	at scala.concurrent.Future$InternalCallbackExecutor$.execute(Future.scala:873)
[2026-08-12T21:21:44.637+0000] {subprocess.py:93} INFO - 	at scala.concurrent.impl.CallbackRunnable.executeWithValue(Promise.scala:72)
[2026-08-12T21:21:44.645+0000] {subprocess.py:93} INFO - 	at scala.concurrent.impl.Promise$DefaultPromise.$anonfun$tryComplete$1(Promise.scala:288)
[2026-08-12T21:21:44.647+0000] {subprocess.py:93} INFO - 	at scala.concurrent.impl.Promise$DefaultPromise.$anonfun$tryComplete$1$adapted(Promise.scala:288)
[2026-08-12T21:21:44.650+0000] {subprocess.py:93} INFO - 	at scala.concurrent.impl.Promise$DefaultPromise.tryComplete(Promise.scala:288)
[2026-08-12T21:21:44.655+0000] {subprocess.py:93} INFO - 	at scala.concurrent.Promise.trySuccess(Promise.scala:94)
[2026-08-12T21:21:44.658+0000] {subprocess.py:93} INFO - 	at scala.concurrent.Promise.trySuccess$(Promise.scala:94)
[2026-08-12T21:21:44.661+0000] {subprocess.py:93} INFO - 	at scala.concurrent.impl.Promise$DefaultPromise.trySuccess(Promise.scala:187)
[2026-08-12T21:21:44.663+0000] {subprocess.py:93} INFO - 	at org.apache.spark.rpc.netty.NettyRpcEnv.onSuccess$1(NettyRpcEnv.scala:225)
[2026-08-12T21:21:44.665+0000] {subprocess.py:93} INFO - 	at org.apache.spark.rpc.netty.NettyRpcEnv.$anonfun$askAbortable$5(NettyRpcEnv.scala:239)
[2026-08-12T21:21:44.669+0000] {subprocess.py:93} INFO - 	at org.apache.spark.rpc.netty.NettyRpcEnv.$anonfun$askAbortable$5$adapted(NettyRpcEnv.scala:238)
[2026-08-12T21:21:44.672+0000] {subprocess.py:93} INFO - 	at scala.concurrent.impl.CallbackRunnable.run(Promise.scala:64)
[2026-08-12T21:21:44.674+0000] {subprocess.py:93} INFO - 	at org.apache.spark.util.ThreadUtils$$anon$1.execute(ThreadUtils.scala:99)
[2026-08-12T21:21:44.678+0000] {subprocess.py:93} INFO - 	at scala.concurrent.impl.ExecutionContextImpl$$anon$4.execute(ExecutionContextImpl.scala:138)
[2026-08-12T21:21:44.682+0000] {subprocess.py:93} INFO - 	at scala.concurrent.impl.CallbackRunnable.executeWithValue(Promise.scala:72)
[2026-08-12T21:21:44.684+0000] {subprocess.py:93} INFO - 	at scala.concurrent.impl.Promise$DefaultPromise.$anonfun$tryComplete$1(Promise.scala:288)
[2026-08-12T21:21:44.686+0000] {subprocess.py:93} INFO - 	at scala.concurrent.impl.Promise$DefaultPromise.$anonfun$tryComplete$1$adapted(Promise.scala:288)
[2026-08-12T21:21:44.689+0000] {subprocess.py:93} INFO - 	at scala.concurrent.impl.Promise$DefaultPromise.tryComplete(Promise.scala:288)
[2026-08-12T21:21:44.691+0000] {subprocess.py:93} INFO - 	at scala.concurrent.Promise.complete(Promise.scala:53)
[2026-08-12T21:21:44.693+0000] {subprocess.py:93} INFO - 	at scala.concurrent.Promise.complete$(Promise.scala:52)
[2026-08-12T21:21:44.695+0000] {subprocess.py:93} INFO - 	at scala.concurrent.impl.Promise$DefaultPromise.complete(Promise.scala:187)
[2026-08-12T21:21:44.698+0000] {subprocess.py:93} INFO - 	at scala.concurrent.Promise.success(Promise.scala:86)
[2026-08-12T21:21:44.701+0000] {subprocess.py:93} INFO - 	at scala.concurrent.Promise.success$(Promise.scala:86)
[2026-08-12T21:21:44.704+0000] {subprocess.py:93} INFO - 	at scala.concurrent.impl.Promise$DefaultPromise.success(Promise.scala:187)
[2026-08-12T21:21:44.707+0000] {subprocess.py:93} INFO - 	at org.apache.spark.rpc.netty.LocalNettyRpcCallContext.send(NettyRpcCallContext.scala:50)
[2026-08-12T21:21:44.709+0000] {subprocess.py:93} INFO - 	at org.apache.spark.rpc.netty.NettyRpcCallContext.reply(NettyRpcCallContext.scala:32)
[2026-08-12T21:21:44.711+0000] {subprocess.py:93} INFO - 	at org.apache.spark.rpc.netty.RpcEndpointVerifier$$anonfun$receiveAndReply$1.applyOrElse(RpcEndpointVerifier.scala:31)
[2026-08-12T21:21:44.715+0000] {subprocess.py:93} INFO - 	... 8 more
[2026-08-12T21:21:44.717+0000] {subprocess.py:93} INFO - 26/08/12 21:21:28 WARN Executor: Issue communicating with driver in heartbeater
[2026-08-12T21:21:44.720+0000] {subprocess.py:93} INFO - org.apache.spark.SparkException: Exception thrown in awaitResult:
[2026-08-12T21:21:44.723+0000] {subprocess.py:93} INFO - 	at org.apache.spark.util.SparkThreadUtils$.awaitResult(SparkThreadUtils.scala:56)
[2026-08-12T21:21:44.727+0000] {subprocess.py:93} INFO - 	at org.apache.spark.util.ThreadUtils$.awaitResult(ThreadUtils.scala:310)
[2026-08-12T21:21:44.731+0000] {subprocess.py:93} INFO - 	at org.apache.spark.rpc.RpcTimeout.awaitResult(RpcTimeout.scala:75)
[2026-08-12T21:21:44.734+0000] {subprocess.py:93} INFO - 	at org.apache.spark.rpc.RpcEndpointRef.askSync(RpcEndpointRef.scala:101)
[2026-08-12T21:21:44.738+0000] {subprocess.py:93} INFO - 	at org.apache.spark.rpc.RpcEndpointRef.askSync(RpcEndpointRef.scala:85)
[2026-08-12T21:21:44.739+0000] {subprocess.py:93} INFO - 	at org.apache.spark.storage.BlockManagerMaster.registerBlockManager(BlockManagerMaster.scala:80)
[2026-08-12T21:21:44.741+0000] {subprocess.py:93} INFO - 	at org.apache.spark.storage.BlockManager.reregister(BlockManager.scala:642)
[2026-08-12T21:21:44.744+0000] {subprocess.py:93} INFO - 	at org.apache.spark.executor.Executor.reportHeartBeat(Executor.scala:1223)
[2026-08-12T21:21:44.748+0000] {subprocess.py:93} INFO - 	at org.apache.spark.executor.Executor.$anonfun$heartbeater$1(Executor.scala:295)
[2026-08-12T21:21:44.750+0000] {subprocess.py:93} INFO - 	at scala.runtime.java8.JFunction0$mcV$sp.apply(JFunction0$mcV$sp.java:23)
[2026-08-12T21:21:44.752+0000] {subprocess.py:93} INFO - 	at org.apache.spark.util.Utils$.logUncaughtExceptions(Utils.scala:1928)
[2026-08-12T21:21:44.754+0000] {subprocess.py:93} INFO - 	at org.apache.spark.Heartbeater$$anon$1.run(Heartbeater.scala:46)
[2026-08-12T21:21:44.768+0000] {subprocess.py:93} INFO - 	at java.base/java.util.concurrent.Executors$RunnableAdapter.call(Executors.java:539)
[2026-08-12T21:21:44.773+0000] {subprocess.py:93} INFO - 	at java.base/java.util.concurrent.FutureTask.runAndReset(FutureTask.java:305)
[2026-08-12T21:21:44.775+0000] {subprocess.py:93} INFO - 	at java.base/java.util.concurrent.ScheduledThreadPoolExecutor$ScheduledFutureTask.run(ScheduledThreadPoolExecutor.java:305)
[2026-08-12T21:21:44.778+0000] {subprocess.py:93} INFO - 	at java.base/java.util.concurrent.ThreadPoolExecutor.runWorker(ThreadPoolExecutor.java:1136)
[2026-08-12T21:21:44.780+0000] {subprocess.py:93} INFO - 	at java.base/java.util.concurrent.ThreadPoolExecutor$Worker.run(ThreadPoolExecutor.java:635)
[2026-08-12T21:21:44.782+0000] {subprocess.py:93} INFO - 	at java.base/java.lang.Thread.run(Thread.java:840)
[2026-08-12T21:21:44.785+0000] {subprocess.py:93} INFO - Caused by: org.apache.spark.SparkException: Exception thrown in awaitResult:
[2026-08-12T21:21:44.786+0000] {subprocess.py:93} INFO - 	at org.apache.spark.util.SparkThreadUtils$.awaitResult(SparkThreadUtils.scala:56)
[2026-08-12T21:21:44.788+0000] {subprocess.py:93} INFO - 	at org.apache.spark.util.ThreadUtils$.awaitResult(ThreadUtils.scala:310)
[2026-08-12T21:21:44.790+0000] {subprocess.py:93} INFO - 	at org.apache.spark.rpc.RpcTimeout.awaitResult(RpcTimeout.scala:75)
[2026-08-12T21:21:44.794+0000] {subprocess.py:93} INFO - 	at org.apache.spark.rpc.RpcEnv.setupEndpointRefByURI(RpcEnv.scala:102)
[2026-08-12T21:21:44.796+0000] {subprocess.py:93} INFO - 	at org.apache.spark.rpc.RpcEnv.setupEndpointRef(RpcEnv.scala:110)
[2026-08-12T21:21:44.798+0000] {subprocess.py:93} INFO - 	at org.apache.spark.util.RpcUtils$.makeDriverRef(RpcUtils.scala:36)
[2026-08-12T21:21:44.801+0000] {subprocess.py:93} INFO - 	at org.apache.spark.storage.BlockManagerMasterEndpoint.driverEndpoint$lzycompute(BlockManagerMasterEndpoint.scala:124)
[2026-08-12T21:21:44.804+0000] {subprocess.py:93} INFO - 	at org.apache.spark.storage.BlockManagerMasterEndpoint.org$apache$spark$storage$BlockManagerMasterEndpoint$$driverEndpoint(BlockManagerMasterEndpoint.scala:123)
[2026-08-12T21:21:44.806+0000] {subprocess.py:93} INFO - 	at org.apache.spark.storage.BlockManagerMasterEndpoint.isExecutorAlive$lzycompute$1(BlockManagerMasterEndpoint.scala:688)
[2026-08-12T21:21:44.808+0000] {subprocess.py:93} INFO - 	at org.apache.spark.storage.BlockManagerMasterEndpoint.isExecutorAlive$1(BlockManagerMasterEndpoint.scala:687)
[2026-08-12T21:21:44.811+0000] {subprocess.py:93} INFO - 	at org.apache.spark.storage.BlockManagerMasterEndpoint.org$apache$spark$storage$BlockManagerMasterEndpoint$$register(BlockManagerMasterEndpoint.scala:725)
[2026-08-12T21:21:44.813+0000] {subprocess.py:93} INFO - 	at org.apache.spark.storage.BlockManagerMasterEndpoint$$anonfun$receiveAndReply$1.applyOrElse(BlockManagerMasterEndpoint.scala:133)
[2026-08-12T21:21:44.816+0000] {subprocess.py:93} INFO - 	at org.apache.spark.rpc.netty.Inbox.$anonfun$process$1(Inbox.scala:103)
[2026-08-12T21:21:44.821+0000] {subprocess.py:93} INFO - 	at org.apache.spark.rpc.netty.Inbox.safelyCall(Inbox.scala:213)
[2026-08-12T21:21:44.824+0000] {subprocess.py:93} INFO - 	at org.apache.spark.rpc.netty.Inbox.process(Inbox.scala:100)
[2026-08-12T21:21:44.825+0000] {subprocess.py:93} INFO - 	at org.apache.spark.rpc.netty.MessageLoop.org$apache$spark$rpc$netty$MessageLoop$$receiveLoop(MessageLoop.scala:75)
[2026-08-12T21:21:44.828+0000] {subprocess.py:93} INFO - 	at org.apache.spark.rpc.netty.MessageLoop$$anon$1.run(MessageLoop.scala:41)
[2026-08-12T21:21:44.830+0000] {subprocess.py:93} INFO - 	... 3 more
[2026-08-12T21:21:44.836+0000] {subprocess.py:93} INFO - Caused by: org.apache.spark.rpc.RpcEndpointNotFoundException: Cannot find endpoint: spark://CoarseGrainedScheduler@4099a95615c9:45169
[2026-08-12T21:21:44.842+0000] {subprocess.py:93} INFO - 	at org.apache.spark.rpc.netty.NettyRpcEnv.$anonfun$asyncSetupEndpointRefByURI$1(NettyRpcEnv.scala:148)
[2026-08-12T21:21:44.854+0000] {subprocess.py:93} INFO - 	at org.apache.spark.rpc.netty.NettyRpcEnv.$anonfun$asyncSetupEndpointRefByURI$1$adapted(NettyRpcEnv.scala:144)
[2026-08-12T21:21:44.858+0000] {subprocess.py:93} INFO - 	at scala.concurrent.Future.$anonfun$flatMap$1(Future.scala:307)
[2026-08-12T21:21:44.862+0000] {subprocess.py:93} INFO - 	at scala.concurrent.impl.Promise.$anonfun$transformWith$1(Promise.scala:41)
[2026-08-12T21:21:44.865+0000] {subprocess.py:93} INFO - 	at scala.concurrent.impl.CallbackRunnable.run(Promise.scala:64)
[2026-08-12T21:21:44.877+0000] {subprocess.py:93} INFO - 	at org.apache.spark.util.ThreadUtils$$anon$1.execute(ThreadUtils.scala:99)
[2026-08-12T21:21:44.881+0000] {subprocess.py:93} INFO - 	at scala.concurrent.impl.ExecutionContextImpl$$anon$4.execute(ExecutionContextImpl.scala:138)
[2026-08-12T21:21:44.886+0000] {subprocess.py:93} INFO - 	at scala.concurrent.impl.CallbackRunnable.executeWithValue(Promise.scala:72)
[2026-08-12T21:21:44.889+0000] {subprocess.py:93} INFO - 	at scala.concurrent.impl.Promise$DefaultPromise.$anonfun$tryComplete$1(Promise.scala:288)
[2026-08-12T21:21:44.916+0000] {subprocess.py:93} INFO - 	at scala.concurrent.impl.Promise$DefaultPromise.$anonfun$tryComplete$1$adapted(Promise.scala:288)
[2026-08-12T21:21:44.926+0000] {subprocess.py:93} INFO - 	at scala.concurrent.impl.Promise$DefaultPromise.tryComplete(Promise.scala:288)
[2026-08-12T21:21:44.942+0000] {subprocess.py:93} INFO - 	at scala.concurrent.Promise.complete(Promise.scala:53)
[2026-08-12T21:21:44.949+0000] {subprocess.py:93} INFO - 	at scala.concurrent.Promise.complete$(Promise.scala:52)
[2026-08-12T21:21:44.960+0000] {subprocess.py:93} INFO - 	at scala.concurrent.impl.Promise$DefaultPromise.complete(Promise.scala:187)
[2026-08-12T21:21:44.970+0000] {subprocess.py:93} INFO - 	at scala.concurrent.impl.Promise.$anonfun$transform$1(Promise.scala:33)
[2026-08-12T21:21:44.973+0000] {subprocess.py:93} INFO - 	at scala.concurrent.impl.CallbackRunnable.run(Promise.scala:64)
[2026-08-12T21:21:44.977+0000] {subprocess.py:93} INFO - 	at org.apache.spark.util.ThreadUtils$$anon$1.execute(ThreadUtils.scala:99)
[2026-08-12T21:21:44.983+0000] {subprocess.py:93} INFO - 	at scala.concurrent.impl.ExecutionContextImpl$$anon$4.execute(ExecutionContextImpl.scala:138)
[2026-08-12T21:21:44.992+0000] {subprocess.py:93} INFO - 	at scala.concurrent.impl.CallbackRunnable.executeWithValue(Promise.scala:72)
[2026-08-12T21:21:44.997+0000] {subprocess.py:93} INFO - 	at scala.concurrent.impl.Promise$DefaultPromise.$anonfun$tryComplete$1(Promise.scala:288)
[2026-08-12T21:21:45.000+0000] {subprocess.py:93} INFO - 	at scala.concurrent.impl.Promise$DefaultPromise.$anonfun$tryComplete$1$adapted(Promise.scala:288)
[2026-08-12T21:21:45.006+0000] {subprocess.py:93} INFO - 	at scala.concurrent.impl.Promise$DefaultPromise.tryComplete(Promise.scala:288)
[2026-08-12T21:21:45.008+0000] {subprocess.py:93} INFO - 	at scala.concurrent.Promise.complete(Promise.scala:53)
[2026-08-12T21:21:45.012+0000] {subprocess.py:93} INFO - 	at scala.concurrent.Promise.complete$(Promise.scala:52)
[2026-08-12T21:21:45.015+0000] {subprocess.py:93} INFO - 	at scala.concurrent.impl.Promise$DefaultPromise.complete(Promise.scala:187)
[2026-08-12T21:21:45.018+0000] {subprocess.py:93} INFO - 	at scala.concurrent.impl.Promise.$anonfun$transform$1(Promise.scala:33)
[2026-08-12T21:21:45.026+0000] {subprocess.py:93} INFO - 	at scala.concurrent.impl.CallbackRunnable.run(Promise.scala:64)
[2026-08-12T21:21:45.029+0000] {subprocess.py:93} INFO - 	at scala.concurrent.BatchingExecutor$Batch.processBatch$1(BatchingExecutor.scala:67)
[2026-08-12T21:21:45.032+0000] {subprocess.py:93} INFO - 	at scala.concurrent.BatchingExecutor$Batch.$anonfun$run$1(BatchingExecutor.scala:82)
[2026-08-12T21:21:45.037+0000] {subprocess.py:93} INFO - 	at scala.runtime.java8.JFunction0$mcV$sp.apply(JFunction0$mcV$sp.java:23)
[2026-08-12T21:21:45.039+0000] {subprocess.py:93} INFO - 	at scala.concurrent.BlockContext$.withBlockContext(BlockContext.scala:85)
[2026-08-12T21:21:45.042+0000] {subprocess.py:93} INFO - 	at scala.concurrent.BatchingExecutor$Batch.run(BatchingExecutor.scala:59)
[2026-08-12T21:21:45.045+0000] {subprocess.py:93} INFO - 	at scala.concurrent.Future$InternalCallbackExecutor$.unbatchedExecute(Future.scala:875)
[2026-08-12T21:21:45.048+0000] {subprocess.py:93} INFO - 	at scala.concurrent.BatchingExecutor.execute(BatchingExecutor.scala:110)
[2026-08-12T21:21:45.054+0000] {subprocess.py:93} INFO - 	at scala.concurrent.BatchingExecutor.execute$(BatchingExecutor.scala:107)
[2026-08-12T21:21:45.056+0000] {subprocess.py:93} INFO - 	at scala.concurrent.Future$InternalCallbackExecutor$.execute(Future.scala:873)
[2026-08-12T21:21:45.061+0000] {subprocess.py:93} INFO - 	at scala.concurrent.impl.CallbackRunnable.executeWithValue(Promise.scala:72)
[2026-08-12T21:21:45.066+0000] {subprocess.py:93} INFO - 	at scala.concurrent.impl.Promise$DefaultPromise.$anonfun$tryComplete$1(Promise.scala:288)
[2026-08-12T21:21:45.070+0000] {subprocess.py:93} INFO - 	at scala.concurrent.impl.Promise$DefaultPromise.$anonfun$tryComplete$1$adapted(Promise.scala:288)
[2026-08-12T21:21:45.076+0000] {subprocess.py:93} INFO - 	at scala.concurrent.impl.Promise$DefaultPromise.tryComplete(Promise.scala:288)
[2026-08-12T21:21:45.082+0000] {subprocess.py:93} INFO - 	at scala.concurrent.Promise.trySuccess(Promise.scala:94)
[2026-08-12T21:21:45.086+0000] {subprocess.py:93} INFO - 	at scala.concurrent.Promise.trySuccess$(Promise.scala:94)
[2026-08-12T21:21:45.088+0000] {subprocess.py:93} INFO - 	at scala.concurrent.impl.Promise$DefaultPromise.trySuccess(Promise.scala:187)
[2026-08-12T21:21:45.095+0000] {subprocess.py:93} INFO - 	at org.apache.spark.rpc.netty.NettyRpcEnv.onSuccess$1(NettyRpcEnv.scala:225)
[2026-08-12T21:21:45.101+0000] {subprocess.py:93} INFO - 	at org.apache.spark.rpc.netty.NettyRpcEnv.$anonfun$askAbortable$5(NettyRpcEnv.scala:239)
[2026-08-12T21:21:45.107+0000] {subprocess.py:93} INFO - 	at org.apache.spark.rpc.netty.NettyRpcEnv.$anonfun$askAbortable$5$adapted(NettyRpcEnv.scala:238)
[2026-08-12T21:21:45.124+0000] {subprocess.py:93} INFO - 	at scala.concurrent.impl.CallbackRunnable.run(Promise.scala:64)
[2026-08-12T21:21:45.129+0000] {subprocess.py:93} INFO - 	at org.apache.spark.util.ThreadUtils$$anon$1.execute(ThreadUtils.scala:99)
[2026-08-12T21:21:45.133+0000] {subprocess.py:93} INFO - 	at scala.concurrent.impl.ExecutionContextImpl$$anon$4.execute(ExecutionContextImpl.scala:138)
[2026-08-12T21:21:45.135+0000] {subprocess.py:93} INFO - 	at scala.concurrent.impl.CallbackRunnable.executeWithValue(Promise.scala:72)
[2026-08-12T21:21:45.138+0000] {subprocess.py:93} INFO - 	at scala.concurrent.impl.Promise$DefaultPromise.$anonfun$tryComplete$1(Promise.scala:288)
[2026-08-12T21:21:45.140+0000] {subprocess.py:93} INFO - 	at scala.concurrent.impl.Promise$DefaultPromise.$anonfun$tryComplete$1$adapted(Promise.scala:288)
[2026-08-12T21:21:45.143+0000] {subprocess.py:93} INFO - 	at scala.concurrent.impl.Promise$DefaultPromise.tryComplete(Promise.scala:288)
[2026-08-12T21:21:45.146+0000] {subprocess.py:93} INFO - 	at scala.concurrent.Promise.complete(Promise.scala:53)
[2026-08-12T21:21:45.154+0000] {subprocess.py:93} INFO - 	at scala.concurrent.Promise.complete$(Promise.scala:52)
[2026-08-12T21:21:45.160+0000] {subprocess.py:93} INFO - 	at scala.concurrent.impl.Promise$DefaultPromise.complete(Promise.scala:187)
[2026-08-12T21:21:45.163+0000] {subprocess.py:93} INFO - 	at scala.concurrent.Promise.success(Promise.scala:86)
[2026-08-12T21:21:45.166+0000] {subprocess.py:93} INFO - 	at scala.concurrent.Promise.success$(Promise.scala:86)
[2026-08-12T21:21:45.171+0000] {subprocess.py:93} INFO - 	at scala.concurrent.impl.Promise$DefaultPromise.success(Promise.scala:187)
[2026-08-12T21:21:45.173+0000] {subprocess.py:93} INFO - 	at org.apache.spark.rpc.netty.LocalNettyRpcCallContext.send(NettyRpcCallContext.scala:50)
[2026-08-12T21:21:45.175+0000] {subprocess.py:93} INFO - 	at org.apache.spark.rpc.netty.NettyRpcCallContext.reply(NettyRpcCallContext.scala:32)
[2026-08-12T21:21:45.178+0000] {subprocess.py:93} INFO - 	at org.apache.spark.rpc.netty.RpcEndpointVerifier$$anonfun$receiveAndReply$1.applyOrElse(RpcEndpointVerifier.scala:31)
[2026-08-12T21:21:45.180+0000] {subprocess.py:93} INFO - 	... 8 more
[2026-08-12T21:21:45.186+0000] {subprocess.py:93} INFO - 26/08/12 21:21:30 ERROR Inbox: Ignoring error
[2026-08-12T21:21:45.189+0000] {subprocess.py:93} INFO - org.apache.spark.SparkException: Exception thrown in awaitResult:
[2026-08-12T21:21:45.192+0000] {subprocess.py:93} INFO - 	at org.apache.spark.util.SparkThreadUtils$.awaitResult(SparkThreadUtils.scala:56)
[2026-08-12T21:21:45.194+0000] {subprocess.py:93} INFO - 	at org.apache.spark.util.ThreadUtils$.awaitResult(ThreadUtils.scala:310)
[2026-08-12T21:21:45.197+0000] {subprocess.py:93} INFO - 	at org.apache.spark.rpc.RpcTimeout.awaitResult(RpcTimeout.scala:75)
[2026-08-12T21:21:45.198+0000] {subprocess.py:93} INFO - 	at org.apache.spark.rpc.RpcEnv.setupEndpointRefByURI(RpcEnv.scala:102)
[2026-08-12T21:21:45.201+0000] {subprocess.py:93} INFO - 	at org.apache.spark.rpc.RpcEnv.setupEndpointRef(RpcEnv.scala:110)
[2026-08-12T21:21:45.202+0000] {subprocess.py:93} INFO - 	at org.apache.spark.util.RpcUtils$.makeDriverRef(RpcUtils.scala:36)
[2026-08-12T21:21:45.207+0000] {subprocess.py:93} INFO - 	at org.apache.spark.storage.BlockManagerMasterEndpoint.driverEndpoint$lzycompute(BlockManagerMasterEndpoint.scala:124)
[2026-08-12T21:21:45.211+0000] {subprocess.py:93} INFO - 	at org.apache.spark.storage.BlockManagerMasterEndpoint.org$apache$spark$storage$BlockManagerMasterEndpoint$$driverEndpoint(BlockManagerMasterEndpoint.scala:123)
[2026-08-12T21:21:45.213+0000] {subprocess.py:93} INFO - 	at org.apache.spark.storage.BlockManagerMasterEndpoint.isExecutorAlive$lzycompute$1(BlockManagerMasterEndpoint.scala:688)
[2026-08-12T21:21:45.215+0000] {subprocess.py:93} INFO - 	at org.apache.spark.storage.BlockManagerMasterEndpoint.isExecutorAlive$1(BlockManagerMasterEndpoint.scala:687)
[2026-08-12T21:21:45.218+0000] {subprocess.py:93} INFO - 	at org.apache.spark.storage.BlockManagerMasterEndpoint.org$apache$spark$storage$BlockManagerMasterEndpoint$$register(BlockManagerMasterEndpoint.scala:725)
[2026-08-12T21:21:45.221+0000] {subprocess.py:93} INFO - 	at org.apache.spark.storage.BlockManagerMasterEndpoint$$anonfun$receiveAndReply$1.applyOrElse(BlockManagerMasterEndpoint.scala:133)
[2026-08-12T21:21:45.223+0000] {subprocess.py:93} INFO - 	at org.apache.spark.rpc.netty.Inbox.$anonfun$process$1(Inbox.scala:103)
[2026-08-12T21:21:45.232+0000] {subprocess.py:93} INFO - 	at org.apache.spark.rpc.netty.Inbox.safelyCall(Inbox.scala:213)
[2026-08-12T21:21:45.235+0000] {subprocess.py:93} INFO - 	at org.apache.spark.rpc.netty.Inbox.process(Inbox.scala:100)
[2026-08-12T21:21:45.238+0000] {subprocess.py:93} INFO - 	at org.apache.spark.rpc.netty.MessageLoop.org$apache$spark$rpc$netty$MessageLoop$$receiveLoop(MessageLoop.scala:75)
[2026-08-12T21:21:45.241+0000] {subprocess.py:93} INFO - 	at org.apache.spark.rpc.netty.MessageLoop$$anon$1.run(MessageLoop.scala:41)
[2026-08-12T21:21:45.243+0000] {subprocess.py:93} INFO - 	at java.base/java.util.concurrent.ThreadPoolExecutor.runWorker(ThreadPoolExecutor.java:1136)
[2026-08-12T21:21:45.250+0000] {subprocess.py:93} INFO - 	at java.base/java.util.concurrent.ThreadPoolExecutor$Worker.run(ThreadPoolExecutor.java:635)
[2026-08-12T21:21:45.253+0000] {subprocess.py:93} INFO - 	at java.base/java.lang.Thread.run(Thread.java:840)
[2026-08-12T21:21:45.256+0000] {subprocess.py:93} INFO - Caused by: org.apache.spark.rpc.RpcEndpointNotFoundException: Cannot find endpoint: spark://CoarseGrainedScheduler@4099a95615c9:45169
[2026-08-12T21:21:45.259+0000] {subprocess.py:93} INFO - 	at org.apache.spark.rpc.netty.NettyRpcEnv.$anonfun$asyncSetupEndpointRefByURI$1(NettyRpcEnv.scala:148)
[2026-08-12T21:21:45.264+0000] {subprocess.py:93} INFO - 	at org.apache.spark.rpc.netty.NettyRpcEnv.$anonfun$asyncSetupEndpointRefByURI$1$adapted(NettyRpcEnv.scala:144)
[2026-08-12T21:21:45.273+0000] {subprocess.py:93} INFO - 	at scala.concurrent.Future.$anonfun$flatMap$1(Future.scala:307)
[2026-08-12T21:21:45.275+0000] {subprocess.py:93} INFO - 	at scala.concurrent.impl.Promise.$anonfun$transformWith$1(Promise.scala:41)
[2026-08-12T21:21:45.278+0000] {subprocess.py:93} INFO - 	at scala.concurrent.impl.CallbackRunnable.run(Promise.scala:64)
[2026-08-12T21:21:45.281+0000] {subprocess.py:93} INFO - 	at org.apache.spark.util.ThreadUtils$$anon$1.execute(ThreadUtils.scala:99)
[2026-08-12T21:21:45.283+0000] {subprocess.py:93} INFO - 	at scala.concurrent.impl.ExecutionContextImpl$$anon$4.execute(ExecutionContextImpl.scala:138)
[2026-08-12T21:21:45.286+0000] {subprocess.py:93} INFO - 	at scala.concurrent.impl.CallbackRunnable.executeWithValue(Promise.scala:72)
[2026-08-12T21:21:45.289+0000] {subprocess.py:93} INFO - 	at scala.concurrent.impl.Promise$DefaultPromise.$anonfun$tryComplete$1(Promise.scala:288)
[2026-08-12T21:21:45.292+0000] {subprocess.py:93} INFO - 	at scala.concurrent.impl.Promise$DefaultPromise.$anonfun$tryComplete$1$adapted(Promise.scala:288)
[2026-08-12T21:21:45.295+0000] {subprocess.py:93} INFO - 	at scala.concurrent.impl.Promise$DefaultPromise.tryComplete(Promise.scala:288)
[2026-08-12T21:21:45.298+0000] {subprocess.py:93} INFO - 	at scala.concurrent.Promise.complete(Promise.scala:53)
[2026-08-12T21:21:45.301+0000] {subprocess.py:93} INFO - 	at scala.concurrent.Promise.complete$(Promise.scala:52)
[2026-08-12T21:21:45.304+0000] {subprocess.py:93} INFO - 	at scala.concurrent.impl.Promise$DefaultPromise.complete(Promise.scala:187)
[2026-08-12T21:21:45.306+0000] {subprocess.py:93} INFO - 	at scala.concurrent.impl.Promise.$anonfun$transform$1(Promise.scala:33)
[2026-08-12T21:21:45.308+0000] {subprocess.py:93} INFO - 	at scala.concurrent.impl.CallbackRunnable.run(Promise.scala:64)
[2026-08-12T21:21:45.311+0000] {subprocess.py:93} INFO - 	at org.apache.spark.util.ThreadUtils$$anon$1.execute(ThreadUtils.scala:99)
[2026-08-12T21:21:45.314+0000] {subprocess.py:93} INFO - 	at scala.concurrent.impl.ExecutionContextImpl$$anon$4.execute(ExecutionContextImpl.scala:138)
[2026-08-12T21:21:45.316+0000] {subprocess.py:93} INFO - 	at scala.concurrent.impl.CallbackRunnable.executeWithValue(Promise.scala:72)
[2026-08-12T21:21:45.319+0000] {subprocess.py:93} INFO - 	at scala.concurrent.impl.Promise$DefaultPromise.$anonfun$tryComplete$1(Promise.scala:288)
[2026-08-12T21:21:45.323+0000] {subprocess.py:93} INFO - 	at scala.concurrent.impl.Promise$DefaultPromise.$anonfun$tryComplete$1$adapted(Promise.scala:288)
[2026-08-12T21:21:45.325+0000] {subprocess.py:93} INFO - 	at scala.concurrent.impl.Promise$DefaultPromise.tryComplete(Promise.scala:288)
[2026-08-12T21:21:45.327+0000] {subprocess.py:93} INFO - 	at scala.concurrent.Promise.complete(Promise.scala:53)
[2026-08-12T21:21:45.330+0000] {subprocess.py:93} INFO - 	at scala.concurrent.Promise.complete$(Promise.scala:52)
[2026-08-12T21:21:45.333+0000] {subprocess.py:93} INFO - 	at scala.concurrent.impl.Promise$DefaultPromise.complete(Promise.scala:187)
[2026-08-12T21:21:45.335+0000] {subprocess.py:93} INFO - 	at scala.concurrent.impl.Promise.$anonfun$transform$1(Promise.scala:33)
[2026-08-12T21:21:45.337+0000] {subprocess.py:93} INFO - 	at scala.concurrent.impl.CallbackRunnable.run(Promise.scala:64)
[2026-08-12T21:21:45.339+0000] {subprocess.py:93} INFO - 	at scala.concurrent.BatchingExecutor$Batch.processBatch$1(BatchingExecutor.scala:67)
[2026-08-12T21:21:45.340+0000] {subprocess.py:93} INFO - 	at scala.concurrent.BatchingExecutor$Batch.$anonfun$run$1(BatchingExecutor.scala:82)
[2026-08-12T21:21:45.343+0000] {subprocess.py:93} INFO - 	at scala.runtime.java8.JFunction0$mcV$sp.apply(JFunction0$mcV$sp.java:23)
[2026-08-12T21:21:45.346+0000] {subprocess.py:93} INFO - 	at scala.concurrent.BlockContext$.withBlockContext(BlockContext.scala:85)
[2026-08-12T21:21:45.349+0000] {subprocess.py:93} INFO - 	at scala.concurrent.BatchingExecutor$Batch.run(BatchingExecutor.scala:59)
[2026-08-12T21:21:45.351+0000] {subprocess.py:93} INFO - 	at scala.concurrent.Future$InternalCallbackExecutor$.unbatchedExecute(Future.scala:875)
[2026-08-12T21:21:45.352+0000] {subprocess.py:93} INFO - 	at scala.concurrent.BatchingExecutor.execute(BatchingExecutor.scala:110)
[2026-08-12T21:21:45.355+0000] {subprocess.py:93} INFO - 	at scala.concurrent.BatchingExecutor.execute$(BatchingExecutor.scala:107)
[2026-08-12T21:21:45.358+0000] {subprocess.py:93} INFO - 	at scala.concurrent.Future$InternalCallbackExecutor$.execute(Future.scala:873)
[2026-08-12T21:21:45.360+0000] {subprocess.py:93} INFO - 	at scala.concurrent.impl.CallbackRunnable.executeWithValue(Promise.scala:72)
[2026-08-12T21:21:45.362+0000] {subprocess.py:93} INFO - 	at scala.concurrent.impl.Promise$DefaultPromise.$anonfun$tryComplete$1(Promise.scala:288)
[2026-08-12T21:21:45.364+0000] {subprocess.py:93} INFO - 	at scala.concurrent.impl.Promise$DefaultPromise.$anonfun$tryComplete$1$adapted(Promise.scala:288)
[2026-08-12T21:21:45.366+0000] {subprocess.py:93} INFO - 	at scala.concurrent.impl.Promise$DefaultPromise.tryComplete(Promise.scala:288)
[2026-08-12T21:21:45.368+0000] {subprocess.py:93} INFO - 	at scala.concurrent.Promise.trySuccess(Promise.scala:94)
[2026-08-12T21:21:45.370+0000] {subprocess.py:93} INFO - 	at scala.concurrent.Promise.trySuccess$(Promise.scala:94)
[2026-08-12T21:21:45.372+0000] {subprocess.py:93} INFO - 	at scala.concurrent.impl.Promise$DefaultPromise.trySuccess(Promise.scala:187)
[2026-08-12T21:21:45.374+0000] {subprocess.py:93} INFO - 	at org.apache.spark.rpc.netty.NettyRpcEnv.onSuccess$1(NettyRpcEnv.scala:225)
[2026-08-12T21:21:45.376+0000] {subprocess.py:93} INFO - 	at org.apache.spark.rpc.netty.NettyRpcEnv.$anonfun$askAbortable$5(NettyRpcEnv.scala:239)
[2026-08-12T21:21:45.379+0000] {subprocess.py:93} INFO - 	at org.apache.spark.rpc.netty.NettyRpcEnv.$anonfun$askAbortable$5$adapted(NettyRpcEnv.scala:238)
[2026-08-12T21:21:45.381+0000] {subprocess.py:93} INFO - 	at scala.concurrent.impl.CallbackRunnable.run(Promise.scala:64)
[2026-08-12T21:21:45.383+0000] {subprocess.py:93} INFO - 	at org.apache.spark.util.ThreadUtils$$anon$1.execute(ThreadUtils.scala:99)
[2026-08-12T21:21:45.386+0000] {subprocess.py:93} INFO - 	at scala.concurrent.impl.ExecutionContextImpl$$anon$4.execute(ExecutionContextImpl.scala:138)
[2026-08-12T21:21:45.389+0000] {subprocess.py:93} INFO - 	at scala.concurrent.impl.CallbackRunnable.executeWithValue(Promise.scala:72)
[2026-08-12T21:21:45.391+0000] {subprocess.py:93} INFO - 	at scala.concurrent.impl.Promise$DefaultPromise.$anonfun$tryComplete$1(Promise.scala:288)
[2026-08-12T21:21:45.393+0000] {subprocess.py:93} INFO - 	at scala.concurrent.impl.Promise$DefaultPromise.$anonfun$tryComplete$1$adapted(Promise.scala:288)
[2026-08-12T21:21:45.396+0000] {subprocess.py:93} INFO - 	at scala.concurrent.impl.Promise$DefaultPromise.tryComplete(Promise.scala:288)
[2026-08-12T21:21:45.398+0000] {subprocess.py:93} INFO - 	at scala.concurrent.Promise.complete(Promise.scala:53)
[2026-08-12T21:21:45.401+0000] {subprocess.py:93} INFO - 	at scala.concurrent.Promise.complete$(Promise.scala:52)
[2026-08-12T21:21:45.403+0000] {subprocess.py:93} INFO - 	at scala.concurrent.impl.Promise$DefaultPromise.complete(Promise.scala:187)
[2026-08-12T21:21:45.406+0000] {subprocess.py:93} INFO - 	at scala.concurrent.Promise.success(Promise.scala:86)
[2026-08-12T21:21:45.408+0000] {subprocess.py:93} INFO - 	at scala.concurrent.Promise.success$(Promise.scala:86)
[2026-08-12T21:21:45.411+0000] {subprocess.py:93} INFO - 	at scala.concurrent.impl.Promise$DefaultPromise.success(Promise.scala:187)
[2026-08-12T21:21:45.413+0000] {subprocess.py:93} INFO - 	at org.apache.spark.rpc.netty.LocalNettyRpcCallContext.send(NettyRpcCallContext.scala:50)
[2026-08-12T21:21:45.416+0000] {subprocess.py:93} INFO - 	at org.apache.spark.rpc.netty.NettyRpcCallContext.reply(NettyRpcCallContext.scala:32)
[2026-08-12T21:21:45.418+0000] {subprocess.py:93} INFO - 	at org.apache.spark.rpc.netty.RpcEndpointVerifier$$anonfun$receiveAndReply$1.applyOrElse(RpcEndpointVerifier.scala:31)
[2026-08-12T21:21:45.420+0000] {subprocess.py:93} INFO - 	... 8 more
[2026-08-12T21:21:45.423+0000] {subprocess.py:93} INFO - 26/08/12 21:21:30 WARN Executor: Issue communicating with driver in heartbeater
[2026-08-12T21:21:45.424+0000] {subprocess.py:93} INFO - org.apache.spark.SparkException: Exception thrown in awaitResult:
[2026-08-12T21:21:45.426+0000] {subprocess.py:93} INFO - 	at org.apache.spark.util.SparkThreadUtils$.awaitResult(SparkThreadUtils.scala:56)
[2026-08-12T21:21:45.429+0000] {subprocess.py:93} INFO - 	at org.apache.spark.util.ThreadUtils$.awaitResult(ThreadUtils.scala:310)
[2026-08-12T21:21:45.432+0000] {subprocess.py:93} INFO - 	at org.apache.spark.rpc.RpcTimeout.awaitResult(RpcTimeout.scala:75)
[2026-08-12T21:21:45.434+0000] {subprocess.py:93} INFO - 	at org.apache.spark.rpc.RpcEndpointRef.askSync(RpcEndpointRef.scala:101)
[2026-08-12T21:21:45.436+0000] {subprocess.py:93} INFO - 	at org.apache.spark.rpc.RpcEndpointRef.askSync(RpcEndpointRef.scala:85)
[2026-08-12T21:21:45.438+0000] {subprocess.py:93} INFO - 	at org.apache.spark.storage.BlockManagerMaster.registerBlockManager(BlockManagerMaster.scala:80)
[2026-08-12T21:21:45.441+0000] {subprocess.py:93} INFO - 	at org.apache.spark.storage.BlockManager.reregister(BlockManager.scala:642)
[2026-08-12T21:21:45.443+0000] {subprocess.py:93} INFO - 	at org.apache.spark.executor.Executor.reportHeartBeat(Executor.scala:1223)
[2026-08-12T21:21:45.448+0000] {subprocess.py:93} INFO - 	at org.apache.spark.executor.Executor.$anonfun$heartbeater$1(Executor.scala:295)
[2026-08-12T21:21:45.452+0000] {subprocess.py:93} INFO - 	at scala.runtime.java8.JFunction0$mcV$sp.apply(JFunction0$mcV$sp.java:23)
[2026-08-12T21:21:45.454+0000] {subprocess.py:93} INFO - 	at org.apache.spark.util.Utils$.logUncaughtExceptions(Utils.scala:1928)
[2026-08-12T21:21:45.456+0000] {subprocess.py:93} INFO - 	at org.apache.spark.Heartbeater$$anon$1.run(Heartbeater.scala:46)
[2026-08-12T21:21:45.458+0000] {subprocess.py:93} INFO - 	at java.base/java.util.concurrent.Executors$RunnableAdapter.call(Executors.java:539)
[2026-08-12T21:21:45.461+0000] {subprocess.py:93} INFO - 	at java.base/java.util.concurrent.FutureTask.runAndReset(FutureTask.java:305)
[2026-08-12T21:21:45.463+0000] {subprocess.py:93} INFO - 	at java.base/java.util.concurrent.ScheduledThreadPoolExecutor$ScheduledFutureTask.run(ScheduledThreadPoolExecutor.java:305)
[2026-08-12T21:21:45.466+0000] {subprocess.py:93} INFO - 	at java.base/java.util.concurrent.ThreadPoolExecutor.runWorker(ThreadPoolExecutor.java:1136)
[2026-08-12T21:21:45.468+0000] {subprocess.py:93} INFO - 	at java.base/java.util.concurrent.ThreadPoolExecutor$Worker.run(ThreadPoolExecutor.java:635)
[2026-08-12T21:21:45.471+0000] {subprocess.py:93} INFO - 	at java.base/java.lang.Thread.run(Thread.java:840)
[2026-08-12T21:21:45.473+0000] {subprocess.py:93} INFO - Caused by: org.apache.spark.SparkException: Exception thrown in awaitResult:
[2026-08-12T21:21:45.475+0000] {subprocess.py:93} INFO - 	at org.apache.spark.util.SparkThreadUtils$.awaitResult(SparkThreadUtils.scala:56)
[2026-08-12T21:21:45.478+0000] {subprocess.py:93} INFO - 	at org.apache.spark.util.ThreadUtils$.awaitResult(ThreadUtils.scala:310)
[2026-08-12T21:21:45.481+0000] {subprocess.py:93} INFO - 	at org.apache.spark.rpc.RpcTimeout.awaitResult(RpcTimeout.scala:75)
[2026-08-12T21:21:45.483+0000] {subprocess.py:93} INFO - 	at org.apache.spark.rpc.RpcEnv.setupEndpointRefByURI(RpcEnv.scala:102)
[2026-08-12T21:21:45.486+0000] {subprocess.py:93} INFO - 	at org.apache.spark.rpc.RpcEnv.setupEndpointRef(RpcEnv.scala:110)
[2026-08-12T21:21:45.488+0000] {subprocess.py:93} INFO - 	at org.apache.spark.util.RpcUtils$.makeDriverRef(RpcUtils.scala:36)
[2026-08-12T21:21:45.490+0000] {subprocess.py:93} INFO - 	at org.apache.spark.storage.BlockManagerMasterEndpoint.driverEndpoint$lzycompute(BlockManagerMasterEndpoint.scala:124)
[2026-08-12T21:21:45.492+0000] {subprocess.py:93} INFO - 	at org.apache.spark.storage.BlockManagerMasterEndpoint.org$apache$spark$storage$BlockManagerMasterEndpoint$$driverEndpoint(BlockManagerMasterEndpoint.scala:123)
[2026-08-12T21:21:45.494+0000] {subprocess.py:93} INFO - 	at org.apache.spark.storage.BlockManagerMasterEndpoint.isExecutorAlive$lzycompute$1(BlockManagerMasterEndpoint.scala:688)
[2026-08-12T21:21:45.495+0000] {subprocess.py:93} INFO - 	at org.apache.spark.storage.BlockManagerMasterEndpoint.isExecutorAlive$1(BlockManagerMasterEndpoint.scala:687)
[2026-08-12T21:21:45.497+0000] {subprocess.py:93} INFO - 	at org.apache.spark.storage.BlockManagerMasterEndpoint.org$apache$spark$storage$BlockManagerMasterEndpoint$$register(BlockManagerMasterEndpoint.scala:725)
[2026-08-12T21:21:45.499+0000] {subprocess.py:93} INFO - 	at org.apache.spark.storage.BlockManagerMasterEndpoint$$anonfun$receiveAndReply$1.applyOrElse(BlockManagerMasterEndpoint.scala:133)
[2026-08-12T21:21:45.501+0000] {subprocess.py:93} INFO - 	at org.apache.spark.rpc.netty.Inbox.$anonfun$process$1(Inbox.scala:103)
[2026-08-12T21:21:45.503+0000] {subprocess.py:93} INFO - 	at org.apache.spark.rpc.netty.Inbox.safelyCall(Inbox.scala:213)
[2026-08-12T21:21:45.504+0000] {subprocess.py:93} INFO - 	at org.apache.spark.rpc.netty.Inbox.process(Inbox.scala:100)
[2026-08-12T21:21:45.506+0000] {subprocess.py:93} INFO - 	at org.apache.spark.rpc.netty.MessageLoop.org$apache$spark$rpc$netty$MessageLoop$$receiveLoop(MessageLoop.scala:75)
[2026-08-12T21:21:45.508+0000] {subprocess.py:93} INFO - 	at org.apache.spark.rpc.netty.MessageLoop$$anon$1.run(MessageLoop.scala:41)
[2026-08-12T21:21:45.510+0000] {subprocess.py:93} INFO - 	... 3 more
[2026-08-12T21:21:45.513+0000] {subprocess.py:93} INFO - Caused by: org.apache.spark.rpc.RpcEndpointNotFoundException: Cannot find endpoint: spark://CoarseGrainedScheduler@4099a95615c9:45169
[2026-08-12T21:21:45.515+0000] {subprocess.py:93} INFO - 	at org.apache.spark.rpc.netty.NettyRpcEnv.$anonfun$asyncSetupEndpointRefByURI$1(NettyRpcEnv.scala:148)
[2026-08-12T21:21:45.517+0000] {subprocess.py:93} INFO - 	at org.apache.spark.rpc.netty.NettyRpcEnv.$anonfun$asyncSetupEndpointRefByURI$1$adapted(NettyRpcEnv.scala:144)
[2026-08-12T21:21:45.519+0000] {subprocess.py:93} INFO - 	at scala.concurrent.Future.$anonfun$flatMap$1(Future.scala:307)
[2026-08-12T21:21:45.557+0000] {subprocess.py:93} INFO - 	at scala.concurrent.impl.Promise.$anonfun$transformWith$1(Promise.scala:41)
[2026-08-12T21:21:45.561+0000] {subprocess.py:93} INFO - 	at scala.concurrent.impl.CallbackRunnable.run(Promise.scala:64)
[2026-08-12T21:21:45.564+0000] {subprocess.py:93} INFO - 	at org.apache.spark.util.ThreadUtils$$anon$1.execute(ThreadUtils.scala:99)
[2026-08-12T21:21:45.567+0000] {subprocess.py:93} INFO - 	at scala.concurrent.impl.ExecutionContextImpl$$anon$4.execute(ExecutionContextImpl.scala:138)
[2026-08-12T21:21:45.570+0000] {subprocess.py:93} INFO - 	at scala.concurrent.impl.CallbackRunnable.executeWithValue(Promise.scala:72)
[2026-08-12T21:21:45.573+0000] {subprocess.py:93} INFO - 	at scala.concurrent.impl.Promise$DefaultPromise.$anonfun$tryComplete$1(Promise.scala:288)
[2026-08-12T21:21:45.576+0000] {subprocess.py:93} INFO - 	at scala.concurrent.impl.Promise$DefaultPromise.$anonfun$tryComplete$1$adapted(Promise.scala:288)
[2026-08-12T21:21:45.578+0000] {subprocess.py:93} INFO - 	at scala.concurrent.impl.Promise$DefaultPromise.tryComplete(Promise.scala:288)
[2026-08-12T21:21:45.581+0000] {subprocess.py:93} INFO - 	at scala.concurrent.Promise.complete(Promise.scala:53)
[2026-08-12T21:21:45.584+0000] {subprocess.py:93} INFO - 	at scala.concurrent.Promise.complete$(Promise.scala:52)
[2026-08-12T21:21:45.586+0000] {subprocess.py:93} INFO - 	at scala.concurrent.impl.Promise$DefaultPromise.complete(Promise.scala:187)
[2026-08-12T21:21:45.589+0000] {subprocess.py:93} INFO - 	at scala.concurrent.impl.Promise.$anonfun$transform$1(Promise.scala:33)
[2026-08-12T21:21:45.592+0000] {subprocess.py:93} INFO - 	at scala.concurrent.impl.CallbackRunnable.run(Promise.scala:64)
[2026-08-12T21:21:45.594+0000] {subprocess.py:93} INFO - 	at org.apache.spark.util.ThreadUtils$$anon$1.execute(ThreadUtils.scala:99)
[2026-08-12T21:21:45.597+0000] {subprocess.py:93} INFO - 	at scala.concurrent.impl.ExecutionContextImpl$$anon$4.execute(ExecutionContextImpl.scala:138)
[2026-08-12T21:21:45.601+0000] {subprocess.py:93} INFO - 	at scala.concurrent.impl.CallbackRunnable.executeWithValue(Promise.scala:72)
[2026-08-12T21:21:45.603+0000] {subprocess.py:93} INFO - 	at scala.concurrent.impl.Promise$DefaultPromise.$anonfun$tryComplete$1(Promise.scala:288)
[2026-08-12T21:21:45.606+0000] {subprocess.py:93} INFO - 	at scala.concurrent.impl.Promise$DefaultPromise.$anonfun$tryComplete$1$adapted(Promise.scala:288)
[2026-08-12T21:21:45.610+0000] {subprocess.py:93} INFO - 	at scala.concurrent.impl.Promise$DefaultPromise.tryComplete(Promise.scala:288)
[2026-08-12T21:21:45.612+0000] {subprocess.py:93} INFO - 	at scala.concurrent.Promise.complete(Promise.scala:53)
[2026-08-12T21:21:45.615+0000] {subprocess.py:93} INFO - 	at scala.concurrent.Promise.complete$(Promise.scala:52)
[2026-08-12T21:21:45.618+0000] {subprocess.py:93} INFO - 	at scala.concurrent.impl.Promise$DefaultPromise.complete(Promise.scala:187)
[2026-08-12T21:21:45.620+0000] {subprocess.py:93} INFO - 	at scala.concurrent.impl.Promise.$anonfun$transform$1(Promise.scala:33)
[2026-08-12T21:21:45.621+0000] {subprocess.py:93} INFO - 	at scala.concurrent.impl.CallbackRunnable.run(Promise.scala:64)
[2026-08-12T21:21:45.623+0000] {subprocess.py:93} INFO - 	at scala.concurrent.BatchingExecutor$Batch.processBatch$1(BatchingExecutor.scala:67)
[2026-08-12T21:21:45.626+0000] {subprocess.py:93} INFO - 	at scala.concurrent.BatchingExecutor$Batch.$anonfun$run$1(BatchingExecutor.scala:82)
[2026-08-12T21:21:45.628+0000] {subprocess.py:93} INFO - 	at scala.runtime.java8.JFunction0$mcV$sp.apply(JFunction0$mcV$sp.java:23)
[2026-08-12T21:21:45.630+0000] {subprocess.py:93} INFO - 	at scala.concurrent.BlockContext$.withBlockContext(BlockContext.scala:85)
[2026-08-12T21:21:45.634+0000] {subprocess.py:93} INFO - 	at scala.concurrent.BatchingExecutor$Batch.run(BatchingExecutor.scala:59)
[2026-08-12T21:21:45.636+0000] {subprocess.py:93} INFO - 	at scala.concurrent.Future$InternalCallbackExecutor$.unbatchedExecute(Future.scala:875)
[2026-08-12T21:21:45.638+0000] {subprocess.py:93} INFO - 	at scala.concurrent.BatchingExecutor.execute(BatchingExecutor.scala:110)
[2026-08-12T21:21:45.641+0000] {subprocess.py:93} INFO - 	at scala.concurrent.BatchingExecutor.execute$(BatchingExecutor.scala:107)
[2026-08-12T21:21:45.643+0000] {subprocess.py:93} INFO - 	at scala.concurrent.Future$InternalCallbackExecutor$.execute(Future.scala:873)
[2026-08-12T21:21:45.648+0000] {subprocess.py:93} INFO - 	at scala.concurrent.impl.CallbackRunnable.executeWithValue(Promise.scala:72)
[2026-08-12T21:21:45.651+0000] {subprocess.py:93} INFO - 	at scala.concurrent.impl.Promise$DefaultPromise.$anonfun$tryComplete$1(Promise.scala:288)
[2026-08-12T21:21:45.654+0000] {subprocess.py:93} INFO - 	at scala.concurrent.impl.Promise$DefaultPromise.$anonfun$tryComplete$1$adapted(Promise.scala:288)
[2026-08-12T21:21:45.658+0000] {subprocess.py:93} INFO - 	at scala.concurrent.impl.Promise$DefaultPromise.tryComplete(Promise.scala:288)
[2026-08-12T21:21:45.660+0000] {subprocess.py:93} INFO - 	at scala.concurrent.Promise.trySuccess(Promise.scala:94)
[2026-08-12T21:21:45.663+0000] {subprocess.py:93} INFO - 	at scala.concurrent.Promise.trySuccess$(Promise.scala:94)
[2026-08-12T21:21:45.666+0000] {subprocess.py:93} INFO - 	at scala.concurrent.impl.Promise$DefaultPromise.trySuccess(Promise.scala:187)
[2026-08-12T21:21:45.668+0000] {subprocess.py:93} INFO - 	at org.apache.spark.rpc.netty.NettyRpcEnv.onSuccess$1(NettyRpcEnv.scala:225)
[2026-08-12T21:21:45.670+0000] {subprocess.py:93} INFO - 	at org.apache.spark.rpc.netty.NettyRpcEnv.$anonfun$askAbortable$5(NettyRpcEnv.scala:239)
[2026-08-12T21:21:45.675+0000] {subprocess.py:93} INFO - 	at org.apache.spark.rpc.netty.NettyRpcEnv.$anonfun$askAbortable$5$adapted(NettyRpcEnv.scala:238)
[2026-08-12T21:21:45.677+0000] {subprocess.py:93} INFO - 	at scala.concurrent.impl.CallbackRunnable.run(Promise.scala:64)
[2026-08-12T21:21:45.679+0000] {subprocess.py:93} INFO - 	at org.apache.spark.util.ThreadUtils$$anon$1.execute(ThreadUtils.scala:99)
[2026-08-12T21:21:45.683+0000] {subprocess.py:93} INFO - 	at scala.concurrent.impl.ExecutionContextImpl$$anon$4.execute(ExecutionContextImpl.scala:138)
[2026-08-12T21:21:45.687+0000] {subprocess.py:93} INFO - 	at scala.concurrent.impl.CallbackRunnable.executeWithValue(Promise.scala:72)
[2026-08-12T21:21:45.690+0000] {subprocess.py:93} INFO - 	at scala.concurrent.impl.Promise$DefaultPromise.$anonfun$tryComplete$1(Promise.scala:288)
[2026-08-12T21:21:45.694+0000] {subprocess.py:93} INFO - 	at scala.concurrent.impl.Promise$DefaultPromise.$anonfun$tryComplete$1$adapted(Promise.scala:288)
[2026-08-12T21:21:45.696+0000] {subprocess.py:93} INFO - 	at scala.concurrent.impl.Promise$DefaultPromise.tryComplete(Promise.scala:288)
[2026-08-12T21:21:45.699+0000] {subprocess.py:93} INFO - 	at scala.concurrent.Promise.complete(Promise.scala:53)
[2026-08-12T21:21:45.701+0000] {subprocess.py:93} INFO - 	at scala.concurrent.Promise.complete$(Promise.scala:52)
[2026-08-12T21:21:45.703+0000] {subprocess.py:93} INFO - 	at scala.concurrent.impl.Promise$DefaultPromise.complete(Promise.scala:187)
[2026-08-12T21:21:45.706+0000] {subprocess.py:93} INFO - 	at scala.concurrent.Promise.success(Promise.scala:86)
[2026-08-12T21:21:45.708+0000] {subprocess.py:93} INFO - 	at scala.concurrent.Promise.success$(Promise.scala:86)
[2026-08-12T21:21:45.711+0000] {subprocess.py:93} INFO - 	at scala.concurrent.impl.Promise$DefaultPromise.success(Promise.scala:187)
[2026-08-12T21:21:45.714+0000] {subprocess.py:93} INFO - 	at org.apache.spark.rpc.netty.LocalNettyRpcCallContext.send(NettyRpcCallContext.scala:50)
[2026-08-12T21:21:45.716+0000] {subprocess.py:93} INFO - 	at org.apache.spark.rpc.netty.NettyRpcCallContext.reply(NettyRpcCallContext.scala:32)
[2026-08-12T21:21:45.719+0000] {subprocess.py:93} INFO - 	at org.apache.spark.rpc.netty.RpcEndpointVerifier$$anonfun$receiveAndReply$1.applyOrElse(RpcEndpointVerifier.scala:31)
[2026-08-12T21:21:45.720+0000] {subprocess.py:93} INFO - 	... 8 more
[2026-08-12T21:21:45.723+0000] {subprocess.py:93} INFO - 26/08/12 21:21:38 ERROR Inbox: Ignoring error
[2026-08-12T21:21:45.725+0000] {subprocess.py:93} INFO - org.apache.spark.SparkException: Exception thrown in awaitResult:
[2026-08-12T21:21:45.727+0000] {subprocess.py:93} INFO - 	at org.apache.spark.util.SparkThreadUtils$.awaitResult(SparkThreadUtils.scala:56)
[2026-08-12T21:21:45.731+0000] {subprocess.py:93} INFO - 	at org.apache.spark.util.ThreadUtils$.awaitResult(ThreadUtils.scala:310)
[2026-08-12T21:21:45.734+0000] {subprocess.py:93} INFO - 	at org.apache.spark.rpc.RpcTimeout.awaitResult(RpcTimeout.scala:75)
[2026-08-12T21:21:45.737+0000] {subprocess.py:93} INFO - 	at org.apache.spark.rpc.RpcEnv.setupEndpointRefByURI(RpcEnv.scala:102)
[2026-08-12T21:21:45.740+0000] {subprocess.py:93} INFO - 	at org.apache.spark.rpc.RpcEnv.setupEndpointRef(RpcEnv.scala:110)
[2026-08-12T21:21:45.742+0000] {subprocess.py:93} INFO - 	at org.apache.spark.util.RpcUtils$.makeDriverRef(RpcUtils.scala:36)
[2026-08-12T21:21:45.744+0000] {subprocess.py:93} INFO - 	at org.apache.spark.storage.BlockManagerMasterEndpoint.driverEndpoint$lzycompute(BlockManagerMasterEndpoint.scala:124)
[2026-08-12T21:21:45.746+0000] {subprocess.py:93} INFO - 	at org.apache.spark.storage.BlockManagerMasterEndpoint.org$apache$spark$storage$BlockManagerMasterEndpoint$$driverEndpoint(BlockManagerMasterEndpoint.scala:123)
[2026-08-12T21:21:45.749+0000] {subprocess.py:93} INFO - 	at org.apache.spark.storage.BlockManagerMasterEndpoint.isExecutorAlive$lzycompute$1(BlockManagerMasterEndpoint.scala:688)
[2026-08-12T21:21:45.751+0000] {subprocess.py:93} INFO - 	at org.apache.spark.storage.BlockManagerMasterEndpoint.isExecutorAlive$1(BlockManagerMasterEndpoint.scala:687)
[2026-08-12T21:21:45.753+0000] {subprocess.py:93} INFO - 	at org.apache.spark.storage.BlockManagerMasterEndpoint.org$apache$spark$storage$BlockManagerMasterEndpoint$$register(BlockManagerMasterEndpoint.scala:725)
[2026-08-12T21:21:45.755+0000] {subprocess.py:93} INFO - 	at org.apache.spark.storage.BlockManagerMasterEndpoint$$anonfun$receiveAndReply$1.applyOrElse(BlockManagerMasterEndpoint.scala:133)
[2026-08-12T21:21:45.757+0000] {subprocess.py:93} INFO - 	at org.apache.spark.rpc.netty.Inbox.$anonfun$process$1(Inbox.scala:103)
[2026-08-12T21:21:45.793+0000] {subprocess.py:93} INFO - 	at org.apache.spark.rpc.netty.Inbox.safelyCall(Inbox.scala:213)
[2026-08-12T21:21:45.795+0000] {subprocess.py:93} INFO - 	at org.apache.spark.rpc.netty.Inbox.process(Inbox.scala:100)
[2026-08-12T21:21:45.797+0000] {subprocess.py:93} INFO - 	at org.apache.spark.rpc.netty.MessageLoop.org$apache$spark$rpc$netty$MessageLoop$$receiveLoop(MessageLoop.scala:75)
[2026-08-12T21:21:45.799+0000] {subprocess.py:93} INFO - 	at org.apache.spark.rpc.netty.MessageLoop$$anon$1.run(MessageLoop.scala:41)
[2026-08-12T21:21:45.802+0000] {subprocess.py:93} INFO - 	at java.base/java.util.concurrent.ThreadPoolExecutor.runWorker(ThreadPoolExecutor.java:1136)
[2026-08-12T21:21:45.804+0000] {subprocess.py:93} INFO - 	at java.base/java.util.concurrent.ThreadPoolExecutor$Worker.run(ThreadPoolExecutor.java:635)
[2026-08-12T21:21:45.806+0000] {subprocess.py:93} INFO - 	at java.base/java.lang.Thread.run(Thread.java:840)
[2026-08-12T21:21:45.809+0000] {subprocess.py:93} INFO - Caused by: org.apache.spark.rpc.RpcEndpointNotFoundException: Cannot find endpoint: spark://CoarseGrainedScheduler@4099a95615c9:45169
[2026-08-12T21:21:45.812+0000] {subprocess.py:93} INFO - 	at org.apache.spark.rpc.netty.NettyRpcEnv.$anonfun$asyncSetupEndpointRefByURI$1(NettyRpcEnv.scala:148)
[2026-08-12T21:21:45.815+0000] {subprocess.py:93} INFO - 	at org.apache.spark.rpc.netty.NettyRpcEnv.$anonfun$asyncSetupEndpointRefByURI$1$adapted(NettyRpcEnv.scala:144)
[2026-08-12T21:21:45.818+0000] {subprocess.py:93} INFO - 	at scala.concurrent.Future.$anonfun$flatMap$1(Future.scala:307)
[2026-08-12T21:21:45.820+0000] {subprocess.py:93} INFO - 	at scala.concurrent.impl.Promise.$anonfun$transformWith$1(Promise.scala:41)
[2026-08-12T21:21:45.828+0000] {subprocess.py:93} INFO - 	at scala.concurrent.impl.CallbackRunnable.run(Promise.scala:64)
[2026-08-12T21:21:45.831+0000] {subprocess.py:93} INFO - 	at org.apache.spark.util.ThreadUtils$$anon$1.execute(ThreadUtils.scala:99)
[2026-08-12T21:21:45.834+0000] {subprocess.py:93} INFO - 	at scala.concurrent.impl.ExecutionContextImpl$$anon$4.execute(ExecutionContextImpl.scala:138)
[2026-08-12T21:21:45.837+0000] {subprocess.py:93} INFO - 	at scala.concurrent.impl.CallbackRunnable.executeWithValue(Promise.scala:72)
[2026-08-12T21:21:45.841+0000] {subprocess.py:93} INFO - 	at scala.concurrent.impl.Promise$DefaultPromise.$anonfun$tryComplete$1(Promise.scala:288)
[2026-08-12T21:21:45.843+0000] {subprocess.py:93} INFO - 	at scala.concurrent.impl.Promise$DefaultPromise.$anonfun$tryComplete$1$adapted(Promise.scala:288)
[2026-08-12T21:21:45.846+0000] {subprocess.py:93} INFO - 	at scala.concurrent.impl.Promise$DefaultPromise.tryComplete(Promise.scala:288)
[2026-08-12T21:21:45.848+0000] {subprocess.py:93} INFO - 	at scala.concurrent.Promise.complete(Promise.scala:53)
[2026-08-12T21:21:45.850+0000] {subprocess.py:93} INFO - 	at scala.concurrent.Promise.complete$(Promise.scala:52)
[2026-08-12T21:21:45.854+0000] {subprocess.py:93} INFO - 	at scala.concurrent.impl.Promise$DefaultPromise.complete(Promise.scala:187)
[2026-08-12T21:21:45.857+0000] {subprocess.py:93} INFO - 	at scala.concurrent.impl.Promise.$anonfun$transform$1(Promise.scala:33)
[2026-08-12T21:21:45.860+0000] {subprocess.py:93} INFO - 	at scala.concurrent.impl.CallbackRunnable.run(Promise.scala:64)
[2026-08-12T21:21:45.864+0000] {subprocess.py:93} INFO - 	at org.apache.spark.util.ThreadUtils$$anon$1.execute(ThreadUtils.scala:99)
[2026-08-12T21:21:45.866+0000] {subprocess.py:93} INFO - 	at scala.concurrent.impl.ExecutionContextImpl$$anon$4.execute(ExecutionContextImpl.scala:138)
[2026-08-12T21:21:45.868+0000] {subprocess.py:93} INFO - 	at scala.concurrent.impl.CallbackRunnable.executeWithValue(Promise.scala:72)
[2026-08-12T21:21:45.871+0000] {subprocess.py:93} INFO - 	at scala.concurrent.impl.Promise$DefaultPromise.$anonfun$tryComplete$1(Promise.scala:288)
[2026-08-12T21:21:45.874+0000] {subprocess.py:93} INFO - 	at scala.concurrent.impl.Promise$DefaultPromise.$anonfun$tryComplete$1$adapted(Promise.scala:288)
[2026-08-12T21:21:45.877+0000] {subprocess.py:93} INFO - 	at scala.concurrent.impl.Promise$DefaultPromise.tryComplete(Promise.scala:288)
[2026-08-12T21:21:45.881+0000] {subprocess.py:93} INFO - 	at scala.concurrent.Promise.complete(Promise.scala:53)
[2026-08-12T21:21:45.884+0000] {subprocess.py:93} INFO - 	at scala.concurrent.Promise.complete$(Promise.scala:52)
[2026-08-12T21:21:45.886+0000] {subprocess.py:93} INFO - 	at scala.concurrent.impl.Promise$DefaultPromise.complete(Promise.scala:187)
[2026-08-12T21:21:45.889+0000] {subprocess.py:93} INFO - 	at scala.concurrent.impl.Promise.$anonfun$transform$1(Promise.scala:33)
[2026-08-12T21:21:45.891+0000] {subprocess.py:93} INFO - 	at scala.concurrent.impl.CallbackRunnable.run(Promise.scala:64)
[2026-08-12T21:21:45.895+0000] {subprocess.py:93} INFO - 	at scala.concurrent.BatchingExecutor$Batch.processBatch$1(BatchingExecutor.scala:67)
[2026-08-12T21:21:45.898+0000] {subprocess.py:93} INFO - 	at scala.concurrent.BatchingExecutor$Batch.$anonfun$run$1(BatchingExecutor.scala:82)
[2026-08-12T21:21:45.904+0000] {subprocess.py:93} INFO - 	at scala.runtime.java8.JFunction0$mcV$sp.apply(JFunction0$mcV$sp.java:23)
[2026-08-12T21:21:45.907+0000] {subprocess.py:93} INFO - 	at scala.concurrent.BlockContext$.withBlockContext(BlockContext.scala:85)
[2026-08-12T21:21:45.909+0000] {subprocess.py:93} INFO - 	at scala.concurrent.BatchingExecutor$Batch.run(BatchingExecutor.scala:59)
[2026-08-12T21:21:45.912+0000] {subprocess.py:93} INFO - 	at scala.concurrent.Future$InternalCallbackExecutor$.unbatchedExecute(Future.scala:875)
[2026-08-12T21:21:45.914+0000] {subprocess.py:93} INFO - 	at scala.concurrent.BatchingExecutor.execute(BatchingExecutor.scala:110)
[2026-08-12T21:21:45.916+0000] {subprocess.py:93} INFO - 	at scala.concurrent.BatchingExecutor.execute$(BatchingExecutor.scala:107)
[2026-08-12T21:21:45.918+0000] {subprocess.py:93} INFO - 	at scala.concurrent.Future$InternalCallbackExecutor$.execute(Future.scala:873)
[2026-08-12T21:21:45.922+0000] {subprocess.py:93} INFO - 	at scala.concurrent.impl.CallbackRunnable.executeWithValue(Promise.scala:72)
[2026-08-12T21:21:45.925+0000] {subprocess.py:93} INFO - 	at scala.concurrent.impl.Promise$DefaultPromise.$anonfun$tryComplete$1(Promise.scala:288)
[2026-08-12T21:21:45.927+0000] {subprocess.py:93} INFO - 	at scala.concurrent.impl.Promise$DefaultPromise.$anonfun$tryComplete$1$adapted(Promise.scala:288)
[2026-08-12T21:21:45.929+0000] {subprocess.py:93} INFO - 	at scala.concurrent.impl.Promise$DefaultPromise.tryComplete(Promise.scala:288)
[2026-08-12T21:21:45.931+0000] {subprocess.py:93} INFO - 	at scala.concurrent.Promise.trySuccess(Promise.scala:94)
[2026-08-12T21:21:45.934+0000] {subprocess.py:93} INFO - 	at scala.concurrent.Promise.trySuccess$(Promise.scala:94)
[2026-08-12T21:21:45.936+0000] {subprocess.py:93} INFO - 	at scala.concurrent.impl.Promise$DefaultPromise.trySuccess(Promise.scala:187)
[2026-08-12T21:21:45.938+0000] {subprocess.py:93} INFO - 	at org.apache.spark.rpc.netty.NettyRpcEnv.onSuccess$1(NettyRpcEnv.scala:225)
[2026-08-12T21:21:45.940+0000] {subprocess.py:93} INFO - 	at org.apache.spark.rpc.netty.NettyRpcEnv.$anonfun$askAbortable$5(NettyRpcEnv.scala:239)
[2026-08-12T21:21:45.943+0000] {subprocess.py:93} INFO - 	at org.apache.spark.rpc.netty.NettyRpcEnv.$anonfun$askAbortable$5$adapted(NettyRpcEnv.scala:238)
[2026-08-12T21:21:45.945+0000] {subprocess.py:93} INFO - 	at scala.concurrent.impl.CallbackRunnable.run(Promise.scala:64)
[2026-08-12T21:21:45.947+0000] {subprocess.py:93} INFO - 	at org.apache.spark.util.ThreadUtils$$anon$1.execute(ThreadUtils.scala:99)
[2026-08-12T21:21:45.949+0000] {subprocess.py:93} INFO - 	at scala.concurrent.impl.ExecutionContextImpl$$anon$4.execute(ExecutionContextImpl.scala:138)
[2026-08-12T21:21:45.951+0000] {subprocess.py:93} INFO - 	at scala.concurrent.impl.CallbackRunnable.executeWithValue(Promise.scala:72)
[2026-08-12T21:21:45.953+0000] {subprocess.py:93} INFO - 	at scala.concurrent.impl.Promise$DefaultPromise.$anonfun$tryComplete$1(Promise.scala:288)
[2026-08-12T21:21:45.955+0000] {subprocess.py:93} INFO - 	at scala.concurrent.impl.Promise$DefaultPromise.$anonfun$tryComplete$1$adapted(Promise.scala:288)
[2026-08-12T21:21:45.961+0000] {subprocess.py:93} INFO - 	at scala.concurrent.impl.Promise$DefaultPromise.tryComplete(Promise.scala:288)
[2026-08-12T21:21:45.963+0000] {subprocess.py:93} INFO - 	at scala.concurrent.Promise.complete(Promise.scala:53)
[2026-08-12T21:21:45.964+0000] {subprocess.py:93} INFO - 	at scala.concurrent.Promise.complete$(Promise.scala:52)
[2026-08-12T21:21:45.966+0000] {subprocess.py:93} INFO - 	at scala.concurrent.impl.Promise$DefaultPromise.complete(Promise.scala:187)
[2026-08-12T21:21:45.968+0000] {subprocess.py:93} INFO - 	at scala.concurrent.Promise.success(Promise.scala:86)
[2026-08-12T21:21:45.970+0000] {subprocess.py:93} INFO - 	at scala.concurrent.Promise.success$(Promise.scala:86)
[2026-08-12T21:21:45.971+0000] {subprocess.py:93} INFO - 	at scala.concurrent.impl.Promise$DefaultPromise.success(Promise.scala:187)
[2026-08-12T21:21:45.973+0000] {subprocess.py:93} INFO - 	at org.apache.spark.rpc.netty.LocalNettyRpcCallContext.send(NettyRpcCallContext.scala:50)
[2026-08-12T21:21:45.981+0000] {subprocess.py:93} INFO - 	at org.apache.spark.rpc.netty.NettyRpcCallContext.reply(NettyRpcCallContext.scala:32)
[2026-08-12T21:21:45.984+0000] {subprocess.py:93} INFO - 	at org.apache.spark.rpc.netty.RpcEndpointVerifier$$anonfun$receiveAndReply$1.applyOrElse(RpcEndpointVerifier.scala:31)
[2026-08-12T21:21:45.988+0000] {subprocess.py:93} INFO - 	... 8 more
[2026-08-12T21:21:45.992+0000] {subprocess.py:93} INFO - 26/08/12 21:21:38 WARN Executor: Issue communicating with driver in heartbeater
[2026-08-12T21:21:45.998+0000] {subprocess.py:93} INFO - org.apache.spark.SparkException: Exception thrown in awaitResult:
[2026-08-12T21:21:46.002+0000] {subprocess.py:93} INFO - 	at org.apache.spark.util.SparkThreadUtils$.awaitResult(SparkThreadUtils.scala:56)
[2026-08-12T21:21:46.005+0000] {subprocess.py:93} INFO - 	at org.apache.spark.util.ThreadUtils$.awaitResult(ThreadUtils.scala:310)
[2026-08-12T21:21:46.009+0000] {subprocess.py:93} INFO - 	at org.apache.spark.rpc.RpcTimeout.awaitResult(RpcTimeout.scala:75)
[2026-08-12T21:21:46.012+0000] {subprocess.py:93} INFO - 	at org.apache.spark.rpc.RpcEndpointRef.askSync(RpcEndpointRef.scala:101)
[2026-08-12T21:21:46.018+0000] {subprocess.py:93} INFO - 	at org.apache.spark.rpc.RpcEndpointRef.askSync(RpcEndpointRef.scala:85)
[2026-08-12T21:21:46.021+0000] {subprocess.py:93} INFO - 	at org.apache.spark.storage.BlockManagerMaster.registerBlockManager(BlockManagerMaster.scala:80)
[2026-08-12T21:21:46.024+0000] {subprocess.py:93} INFO - 	at org.apache.spark.storage.BlockManager.reregister(BlockManager.scala:642)
[2026-08-12T21:21:46.033+0000] {subprocess.py:93} INFO - 	at org.apache.spark.executor.Executor.reportHeartBeat(Executor.scala:1223)
[2026-08-12T21:21:46.035+0000] {subprocess.py:93} INFO - 	at org.apache.spark.executor.Executor.$anonfun$heartbeater$1(Executor.scala:295)
[2026-08-12T21:21:46.037+0000] {subprocess.py:93} INFO - 	at scala.runtime.java8.JFunction0$mcV$sp.apply(JFunction0$mcV$sp.java:23)
[2026-08-12T21:21:46.041+0000] {subprocess.py:93} INFO - 	at org.apache.spark.util.Utils$.logUncaughtExceptions(Utils.scala:1928)
[2026-08-12T21:21:46.045+0000] {subprocess.py:93} INFO - 	at org.apache.spark.Heartbeater$$anon$1.run(Heartbeater.scala:46)
[2026-08-12T21:21:46.047+0000] {subprocess.py:93} INFO - 	at java.base/java.util.concurrent.Executors$RunnableAdapter.call(Executors.java:539)
[2026-08-12T21:21:46.049+0000] {subprocess.py:93} INFO - 	at java.base/java.util.concurrent.FutureTask.runAndReset(FutureTask.java:305)
[2026-08-12T21:21:46.052+0000] {subprocess.py:93} INFO - 	at java.base/java.util.concurrent.ScheduledThreadPoolExecutor$ScheduledFutureTask.run(ScheduledThreadPoolExecutor.java:305)
[2026-08-12T21:21:46.055+0000] {subprocess.py:93} INFO - 	at java.base/java.util.concurrent.ThreadPoolExecutor.runWorker(ThreadPoolExecutor.java:1136)
[2026-08-12T21:21:46.058+0000] {subprocess.py:93} INFO - 	at java.base/java.util.concurrent.ThreadPoolExecutor$Worker.run(ThreadPoolExecutor.java:635)
[2026-08-12T21:21:46.061+0000] {subprocess.py:93} INFO - 	at java.base/java.lang.Thread.run(Thread.java:840)
[2026-08-12T21:21:46.063+0000] {subprocess.py:93} INFO - Caused by: org.apache.spark.SparkException: Exception thrown in awaitResult:
[2026-08-12T21:21:46.066+0000] {subprocess.py:93} INFO - 	at org.apache.spark.util.SparkThreadUtils$.awaitResult(SparkThreadUtils.scala:56)
[2026-08-12T21:21:46.068+0000] {subprocess.py:93} INFO - 	at org.apache.spark.util.ThreadUtils$.awaitResult(ThreadUtils.scala:310)
[2026-08-12T21:21:46.071+0000] {subprocess.py:93} INFO - 	at org.apache.spark.rpc.RpcTimeout.awaitResult(RpcTimeout.scala:75)
[2026-08-12T21:21:46.073+0000] {subprocess.py:93} INFO - 	at org.apache.spark.rpc.RpcEnv.setupEndpointRefByURI(RpcEnv.scala:102)
[2026-08-12T21:21:46.076+0000] {subprocess.py:93} INFO - 	at org.apache.spark.rpc.RpcEnv.setupEndpointRef(RpcEnv.scala:110)
[2026-08-12T21:21:46.078+0000] {subprocess.py:93} INFO - 	at org.apache.spark.util.RpcUtils$.makeDriverRef(RpcUtils.scala:36)
[2026-08-12T21:21:46.081+0000] {subprocess.py:93} INFO - 	at org.apache.spark.storage.BlockManagerMasterEndpoint.driverEndpoint$lzycompute(BlockManagerMasterEndpoint.scala:124)
[2026-08-12T21:21:46.084+0000] {subprocess.py:93} INFO - 	at org.apache.spark.storage.BlockManagerMasterEndpoint.org$apache$spark$storage$BlockManagerMasterEndpoint$$driverEndpoint(BlockManagerMasterEndpoint.scala:123)
[2026-08-12T21:21:46.086+0000] {subprocess.py:93} INFO - 	at org.apache.spark.storage.BlockManagerMasterEndpoint.isExecutorAlive$lzycompute$1(BlockManagerMasterEndpoint.scala:688)
[2026-08-12T21:21:46.088+0000] {subprocess.py:93} INFO - 	at org.apache.spark.storage.BlockManagerMasterEndpoint.isExecutorAlive$1(BlockManagerMasterEndpoint.scala:687)
[2026-08-12T21:21:46.090+0000] {subprocess.py:93} INFO - 	at org.apache.spark.storage.BlockManagerMasterEndpoint.org$apache$spark$storage$BlockManagerMasterEndpoint$$register(BlockManagerMasterEndpoint.scala:725)
[2026-08-12T21:21:46.096+0000] {subprocess.py:93} INFO - 	at org.apache.spark.storage.BlockManagerMasterEndpoint$$anonfun$receiveAndReply$1.applyOrElse(BlockManagerMasterEndpoint.scala:133)
[2026-08-12T21:21:46.110+0000] {subprocess.py:93} INFO - 	at org.apache.spark.rpc.netty.Inbox.$anonfun$process$1(Inbox.scala:103)
[2026-08-12T21:21:46.115+0000] {subprocess.py:93} INFO - 	at org.apache.spark.rpc.netty.Inbox.safelyCall(Inbox.scala:213)
[2026-08-12T21:21:46.118+0000] {subprocess.py:93} INFO - 	at org.apache.spark.rpc.netty.Inbox.process(Inbox.scala:100)
[2026-08-12T21:21:46.121+0000] {subprocess.py:93} INFO - 	at org.apache.spark.rpc.netty.MessageLoop.org$apache$spark$rpc$netty$MessageLoop$$receiveLoop(MessageLoop.scala:75)
[2026-08-12T21:21:46.126+0000] {subprocess.py:93} INFO - 	at org.apache.spark.rpc.netty.MessageLoop$$anon$1.run(MessageLoop.scala:41)
[2026-08-12T21:21:46.136+0000] {subprocess.py:93} INFO - 	... 3 more
[2026-08-12T21:21:46.143+0000] {subprocess.py:93} INFO - Caused by: org.apache.spark.rpc.RpcEndpointNotFoundException: Cannot find endpoint: spark://CoarseGrainedScheduler@4099a95615c9:45169
[2026-08-12T21:21:46.145+0000] {subprocess.py:93} INFO - 	at org.apache.spark.rpc.netty.NettyRpcEnv.$anonfun$asyncSetupEndpointRefByURI$1(NettyRpcEnv.scala:148)
[2026-08-12T21:21:46.150+0000] {subprocess.py:93} INFO - 	at org.apache.spark.rpc.netty.NettyRpcEnv.$anonfun$asyncSetupEndpointRefByURI$1$adapted(NettyRpcEnv.scala:144)
[2026-08-12T21:21:46.152+0000] {subprocess.py:93} INFO - 	at scala.concurrent.Future.$anonfun$flatMap$1(Future.scala:307)
[2026-08-12T21:21:46.156+0000] {subprocess.py:93} INFO - 	at scala.concurrent.impl.Promise.$anonfun$transformWith$1(Promise.scala:41)
[2026-08-12T21:21:46.163+0000] {subprocess.py:93} INFO - 	at scala.concurrent.impl.CallbackRunnable.run(Promise.scala:64)
[2026-08-12T21:21:46.166+0000] {subprocess.py:93} INFO - 	at org.apache.spark.util.ThreadUtils$$anon$1.execute(ThreadUtils.scala:99)
[2026-08-12T21:21:46.168+0000] {subprocess.py:93} INFO - 	at scala.concurrent.impl.ExecutionContextImpl$$anon$4.execute(ExecutionContextImpl.scala:138)
[2026-08-12T21:21:46.172+0000] {subprocess.py:93} INFO - 	at scala.concurrent.impl.CallbackRunnable.executeWithValue(Promise.scala:72)
[2026-08-12T21:21:46.175+0000] {subprocess.py:93} INFO - 	at scala.concurrent.impl.Promise$DefaultPromise.$anonfun$tryComplete$1(Promise.scala:288)
[2026-08-12T21:21:46.180+0000] {subprocess.py:93} INFO - 	at scala.concurrent.impl.Promise$DefaultPromise.$anonfun$tryComplete$1$adapted(Promise.scala:288)
[2026-08-12T21:21:46.182+0000] {subprocess.py:93} INFO - 	at scala.concurrent.impl.Promise$DefaultPromise.tryComplete(Promise.scala:288)
[2026-08-12T21:21:46.185+0000] {subprocess.py:93} INFO - 	at scala.concurrent.Promise.complete(Promise.scala:53)
[2026-08-12T21:21:46.188+0000] {subprocess.py:93} INFO - 	at scala.concurrent.Promise.complete$(Promise.scala:52)
[2026-08-12T21:21:46.190+0000] {subprocess.py:93} INFO - 	at scala.concurrent.impl.Promise$DefaultPromise.complete(Promise.scala:187)
[2026-08-12T21:21:46.193+0000] {subprocess.py:93} INFO - 	at scala.concurrent.impl.Promise.$anonfun$transform$1(Promise.scala:33)
[2026-08-12T21:21:46.195+0000] {subprocess.py:93} INFO - 	at scala.concurrent.impl.CallbackRunnable.run(Promise.scala:64)
[2026-08-12T21:21:46.198+0000] {subprocess.py:93} INFO - 	at org.apache.spark.util.ThreadUtils$$anon$1.execute(ThreadUtils.scala:99)
[2026-08-12T21:21:46.202+0000] {subprocess.py:93} INFO - 	at scala.concurrent.impl.ExecutionContextImpl$$anon$4.execute(ExecutionContextImpl.scala:138)
[2026-08-12T21:21:46.208+0000] {subprocess.py:93} INFO - 	at scala.concurrent.impl.CallbackRunnable.executeWithValue(Promise.scala:72)
[2026-08-12T21:21:46.213+0000] {subprocess.py:93} INFO - 	at scala.concurrent.impl.Promise$DefaultPromise.$anonfun$tryComplete$1(Promise.scala:288)
[2026-08-12T21:21:46.223+0000] {subprocess.py:93} INFO - 	at scala.concurrent.impl.Promise$DefaultPromise.$anonfun$tryComplete$1$adapted(Promise.scala:288)
[2026-08-12T21:21:46.227+0000] {subprocess.py:93} INFO - 	at scala.concurrent.impl.Promise$DefaultPromise.tryComplete(Promise.scala:288)
[2026-08-12T21:21:46.230+0000] {subprocess.py:93} INFO - 	at scala.concurrent.Promise.complete(Promise.scala:53)
[2026-08-12T21:21:46.232+0000] {subprocess.py:93} INFO - 	at scala.concurrent.Promise.complete$(Promise.scala:52)
[2026-08-12T21:21:46.236+0000] {subprocess.py:93} INFO - 	at scala.concurrent.impl.Promise$DefaultPromise.complete(Promise.scala:187)
[2026-08-12T21:21:46.239+0000] {subprocess.py:93} INFO - 	at scala.concurrent.impl.Promise.$anonfun$transform$1(Promise.scala:33)
[2026-08-12T21:21:46.244+0000] {subprocess.py:93} INFO - 	at scala.concurrent.impl.CallbackRunnable.run(Promise.scala:64)
[2026-08-12T21:21:46.248+0000] {subprocess.py:93} INFO - 	at scala.concurrent.BatchingExecutor$Batch.processBatch$1(BatchingExecutor.scala:67)
[2026-08-12T21:21:46.253+0000] {subprocess.py:93} INFO - 	at scala.concurrent.BatchingExecutor$Batch.$anonfun$run$1(BatchingExecutor.scala:82)
[2026-08-12T21:21:46.259+0000] {subprocess.py:93} INFO - 	at scala.runtime.java8.JFunction0$mcV$sp.apply(JFunction0$mcV$sp.java:23)
[2026-08-12T21:21:46.263+0000] {subprocess.py:93} INFO - 	at scala.concurrent.BlockContext$.withBlockContext(BlockContext.scala:85)
[2026-08-12T21:21:46.267+0000] {subprocess.py:93} INFO - 	at scala.concurrent.BatchingExecutor$Batch.run(BatchingExecutor.scala:59)
[2026-08-12T21:21:46.279+0000] {subprocess.py:93} INFO - 	at scala.concurrent.Future$InternalCallbackExecutor$.unbatchedExecute(Future.scala:875)
[2026-08-12T21:21:46.287+0000] {subprocess.py:93} INFO - 	at scala.concurrent.BatchingExecutor.execute(BatchingExecutor.scala:110)
[2026-08-12T21:21:46.291+0000] {subprocess.py:93} INFO - 	at scala.concurrent.BatchingExecutor.execute$(BatchingExecutor.scala:107)
[2026-08-12T21:21:46.300+0000] {subprocess.py:93} INFO - 	at scala.concurrent.Future$InternalCallbackExecutor$.execute(Future.scala:873)
[2026-08-12T21:21:46.306+0000] {subprocess.py:93} INFO - 	at scala.concurrent.impl.CallbackRunnable.executeWithValue(Promise.scala:72)
[2026-08-12T21:21:46.311+0000] {subprocess.py:93} INFO - 	at scala.concurrent.impl.Promise$DefaultPromise.$anonfun$tryComplete$1(Promise.scala:288)
[2026-08-12T21:21:46.314+0000] {subprocess.py:93} INFO - 	at scala.concurrent.impl.Promise$DefaultPromise.$anonfun$tryComplete$1$adapted(Promise.scala:288)
[2026-08-12T21:21:46.317+0000] {subprocess.py:93} INFO - 	at scala.concurrent.impl.Promise$DefaultPromise.tryComplete(Promise.scala:288)
[2026-08-12T21:21:46.325+0000] {subprocess.py:93} INFO - 	at scala.concurrent.Promise.trySuccess(Promise.scala:94)
[2026-08-12T21:21:46.330+0000] {subprocess.py:93} INFO - 	at scala.concurrent.Promise.trySuccess$(Promise.scala:94)
[2026-08-12T21:21:46.334+0000] {subprocess.py:93} INFO - 	at scala.concurrent.impl.Promise$DefaultPromise.trySuccess(Promise.scala:187)
[2026-08-12T21:21:46.354+0000] {subprocess.py:93} INFO - 	at org.apache.spark.rpc.netty.NettyRpcEnv.onSuccess$1(NettyRpcEnv.scala:225)
[2026-08-12T21:21:46.358+0000] {subprocess.py:93} INFO - 	at org.apache.spark.rpc.netty.NettyRpcEnv.$anonfun$askAbortable$5(NettyRpcEnv.scala:239)
[2026-08-12T21:21:46.361+0000] {subprocess.py:93} INFO - 	at org.apache.spark.rpc.netty.NettyRpcEnv.$anonfun$askAbortable$5$adapted(NettyRpcEnv.scala:238)
[2026-08-12T21:21:46.366+0000] {subprocess.py:93} INFO - 	at scala.concurrent.impl.CallbackRunnable.run(Promise.scala:64)
[2026-08-12T21:21:46.371+0000] {subprocess.py:93} INFO - 	at org.apache.spark.util.ThreadUtils$$anon$1.execute(ThreadUtils.scala:99)
[2026-08-12T21:21:46.375+0000] {subprocess.py:93} INFO - 	at scala.concurrent.impl.ExecutionContextImpl$$anon$4.execute(ExecutionContextImpl.scala:138)
[2026-08-12T21:21:46.379+0000] {subprocess.py:93} INFO - 	at scala.concurrent.impl.CallbackRunnable.executeWithValue(Promise.scala:72)
[2026-08-12T21:21:46.383+0000] {subprocess.py:93} INFO - 	at scala.concurrent.impl.Promise$DefaultPromise.$anonfun$tryComplete$1(Promise.scala:288)
[2026-08-12T21:21:46.387+0000] {subprocess.py:93} INFO - 	at scala.concurrent.impl.Promise$DefaultPromise.$anonfun$tryComplete$1$adapted(Promise.scala:288)
[2026-08-12T21:21:46.390+0000] {subprocess.py:93} INFO - 	at scala.concurrent.impl.Promise$DefaultPromise.tryComplete(Promise.scala:288)
[2026-08-12T21:21:46.393+0000] {subprocess.py:93} INFO - 	at scala.concurrent.Promise.complete(Promise.scala:53)
[2026-08-12T21:21:46.396+0000] {subprocess.py:93} INFO - 	at scala.concurrent.Promise.complete$(Promise.scala:52)
[2026-08-12T21:21:46.405+0000] {subprocess.py:93} INFO - 	at scala.concurrent.impl.Promise$DefaultPromise.complete(Promise.scala:187)
[2026-08-12T21:21:46.415+0000] {subprocess.py:93} INFO - 	at scala.concurrent.Promise.success(Promise.scala:86)
[2026-08-12T21:21:46.418+0000] {subprocess.py:93} INFO - 	at scala.concurrent.Promise.success$(Promise.scala:86)
[2026-08-12T21:21:46.421+0000] {subprocess.py:93} INFO - 	at scala.concurrent.impl.Promise$DefaultPromise.success(Promise.scala:187)
[2026-08-12T21:21:46.423+0000] {subprocess.py:93} INFO - 	at org.apache.spark.rpc.netty.LocalNettyRpcCallContext.send(NettyRpcCallContext.scala:50)
[2026-08-12T21:21:46.430+0000] {subprocess.py:93} INFO - 	at org.apache.spark.rpc.netty.NettyRpcCallContext.reply(NettyRpcCallContext.scala:32)
[2026-08-12T21:21:46.436+0000] {subprocess.py:93} INFO - 	at org.apache.spark.rpc.netty.RpcEndpointVerifier$$anonfun$receiveAndReply$1.applyOrElse(RpcEndpointVerifier.scala:31)
[2026-08-12T21:21:46.439+0000] {subprocess.py:93} INFO - 	... 8 more
[2026-08-12T21:21:46.444+0000] {subprocess.py:93} INFO - 26/08/12 21:21:44 ERROR Inbox: Ignoring error
[2026-08-12T21:21:46.451+0000] {subprocess.py:93} INFO - org.apache.spark.SparkException: Exception thrown in awaitResult:
[2026-08-12T21:21:46.455+0000] {subprocess.py:93} INFO - 	at org.apache.spark.util.SparkThreadUtils$.awaitResult(SparkThreadUtils.scala:56)
[2026-08-12T21:21:46.458+0000] {subprocess.py:93} INFO - 	at org.apache.spark.util.ThreadUtils$.awaitResult(ThreadUtils.scala:310)
[2026-08-12T21:21:46.461+0000] {subprocess.py:93} INFO - 	at org.apache.spark.rpc.RpcTimeout.awaitResult(RpcTimeout.scala:75)
[2026-08-12T21:21:46.464+0000] {subprocess.py:93} INFO - 	at org.apache.spark.rpc.RpcEnv.setupEndpointRefByURI(RpcEnv.scala:102)
[2026-08-12T21:21:46.467+0000] {subprocess.py:93} INFO - 	at org.apache.spark.rpc.RpcEnv.setupEndpointRef(RpcEnv.scala:110)
[2026-08-12T21:21:46.470+0000] {subprocess.py:93} INFO - 	at org.apache.spark.util.RpcUtils$.makeDriverRef(RpcUtils.scala:36)
[2026-08-12T21:21:46.473+0000] {subprocess.py:93} INFO - 	at org.apache.spark.storage.BlockManagerMasterEndpoint.driverEndpoint$lzycompute(BlockManagerMasterEndpoint.scala:124)
[2026-08-12T21:21:46.478+0000] {subprocess.py:93} INFO - 	at org.apache.spark.storage.BlockManagerMasterEndpoint.org$apache$spark$storage$BlockManagerMasterEndpoint$$driverEndpoint(BlockManagerMasterEndpoint.scala:123)
[2026-08-12T21:21:46.481+0000] {subprocess.py:93} INFO - 	at org.apache.spark.storage.BlockManagerMasterEndpoint.isExecutorAlive$lzycompute$1(BlockManagerMasterEndpoint.scala:688)
[2026-08-12T21:21:46.516+0000] {subprocess.py:93} INFO - 	at org.apache.spark.storage.BlockManagerMasterEndpoint.isExecutorAlive$1(BlockManagerMasterEndpoint.scala:687)
[2026-08-12T21:21:46.519+0000] {subprocess.py:93} INFO - 	at org.apache.spark.storage.BlockManagerMasterEndpoint.org$apache$spark$storage$BlockManagerMasterEndpoint$$register(BlockManagerMasterEndpoint.scala:725)
[2026-08-12T21:21:46.522+0000] {subprocess.py:93} INFO - 	at org.apache.spark.storage.BlockManagerMasterEndpoint$$anonfun$receiveAndReply$1.applyOrElse(BlockManagerMasterEndpoint.scala:133)
[2026-08-12T21:21:46.525+0000] {subprocess.py:93} INFO - 	at org.apache.spark.rpc.netty.Inbox.$anonfun$process$1(Inbox.scala:103)
[2026-08-12T21:21:46.528+0000] {subprocess.py:93} INFO - 	at org.apache.spark.rpc.netty.Inbox.safelyCall(Inbox.scala:213)
[2026-08-12T21:21:46.531+0000] {subprocess.py:93} INFO - 	at org.apache.spark.rpc.netty.Inbox.process(Inbox.scala:100)
[2026-08-12T21:21:46.539+0000] {subprocess.py:93} INFO - 	at org.apache.spark.rpc.netty.MessageLoop.org$apache$spark$rpc$netty$MessageLoop$$receiveLoop(MessageLoop.scala:75)
[2026-08-12T21:21:46.553+0000] {subprocess.py:93} INFO - 	at org.apache.spark.rpc.netty.MessageLoop$$anon$1.run(MessageLoop.scala:41)
[2026-08-12T21:21:46.555+0000] {subprocess.py:93} INFO - 	at java.base/java.util.concurrent.ThreadPoolExecutor.runWorker(ThreadPoolExecutor.java:1136)
[2026-08-12T21:21:46.558+0000] {subprocess.py:93} INFO - 	at java.base/java.util.concurrent.ThreadPoolExecutor$Worker.run(ThreadPoolExecutor.java:635)
[2026-08-12T21:21:46.561+0000] {subprocess.py:93} INFO - 	at java.base/java.lang.Thread.run(Thread.java:840)
[2026-08-12T21:21:46.563+0000] {subprocess.py:93} INFO - Caused by: org.apache.spark.rpc.RpcEndpointNotFoundException: Cannot find endpoint: spark://CoarseGrainedScheduler@4099a95615c9:45169
[2026-08-12T21:21:46.568+0000] {subprocess.py:93} INFO - 	at org.apache.spark.rpc.netty.NettyRpcEnv.$anonfun$asyncSetupEndpointRefByURI$1(NettyRpcEnv.scala:148)
[2026-08-12T21:21:46.572+0000] {subprocess.py:93} INFO - 	at org.apache.spark.rpc.netty.NettyRpcEnv.$anonfun$asyncSetupEndpointRefByURI$1$adapted(NettyRpcEnv.scala:144)
[2026-08-12T21:21:46.575+0000] {subprocess.py:93} INFO - 	at scala.concurrent.Future.$anonfun$flatMap$1(Future.scala:307)
[2026-08-12T21:21:46.578+0000] {subprocess.py:93} INFO - 	at scala.concurrent.impl.Promise.$anonfun$transformWith$1(Promise.scala:41)
[2026-08-12T21:21:46.581+0000] {subprocess.py:93} INFO - 	at scala.concurrent.impl.CallbackRunnable.run(Promise.scala:64)
[2026-08-12T21:21:46.583+0000] {subprocess.py:93} INFO - 	at org.apache.spark.util.ThreadUtils$$anon$1.execute(ThreadUtils.scala:99)
[2026-08-12T21:21:46.586+0000] {subprocess.py:93} INFO - 	at scala.concurrent.impl.ExecutionContextImpl$$anon$4.execute(ExecutionContextImpl.scala:138)
[2026-08-12T21:21:46.588+0000] {subprocess.py:93} INFO - 	at scala.concurrent.impl.CallbackRunnable.executeWithValue(Promise.scala:72)
[2026-08-12T21:21:46.593+0000] {subprocess.py:93} INFO - 	at scala.concurrent.impl.Promise$DefaultPromise.$anonfun$tryComplete$1(Promise.scala:288)
[2026-08-12T21:21:46.597+0000] {subprocess.py:93} INFO - 	at scala.concurrent.impl.Promise$DefaultPromise.$anonfun$tryComplete$1$adapted(Promise.scala:288)
[2026-08-12T21:21:46.599+0000] {subprocess.py:93} INFO - 	at scala.concurrent.impl.Promise$DefaultPromise.tryComplete(Promise.scala:288)
[2026-08-12T21:21:46.627+0000] {subprocess.py:93} INFO - 	at scala.concurrent.Promise.complete(Promise.scala:53)
[2026-08-12T21:21:46.630+0000] {subprocess.py:93} INFO - 	at scala.concurrent.Promise.complete$(Promise.scala:52)
[2026-08-12T21:21:46.633+0000] {subprocess.py:93} INFO - 	at scala.concurrent.impl.Promise$DefaultPromise.complete(Promise.scala:187)
[2026-08-12T21:21:46.636+0000] {subprocess.py:93} INFO - 	at scala.concurrent.impl.Promise.$anonfun$transform$1(Promise.scala:33)
[2026-08-12T21:21:46.639+0000] {subprocess.py:93} INFO - 	at scala.concurrent.impl.CallbackRunnable.run(Promise.scala:64)
[2026-08-12T21:21:46.653+0000] {subprocess.py:93} INFO - 	at org.apache.spark.util.ThreadUtils$$anon$1.execute(ThreadUtils.scala:99)
[2026-08-12T21:21:46.655+0000] {subprocess.py:93} INFO - 	at scala.concurrent.impl.ExecutionContextImpl$$anon$4.execute(ExecutionContextImpl.scala:138)
[2026-08-12T21:21:46.658+0000] {subprocess.py:93} INFO - 	at scala.concurrent.impl.CallbackRunnable.executeWithValue(Promise.scala:72)
[2026-08-12T21:21:46.661+0000] {subprocess.py:93} INFO - 	at scala.concurrent.impl.Promise$DefaultPromise.$anonfun$tryComplete$1(Promise.scala:288)
[2026-08-12T21:21:46.663+0000] {subprocess.py:93} INFO - 	at scala.concurrent.impl.Promise$DefaultPromise.$anonfun$tryComplete$1$adapted(Promise.scala:288)
[2026-08-12T21:21:46.667+0000] {subprocess.py:93} INFO - 	at scala.concurrent.impl.Promise$DefaultPromise.tryComplete(Promise.scala:288)
[2026-08-12T21:21:46.670+0000] {subprocess.py:93} INFO - 	at scala.concurrent.Promise.complete(Promise.scala:53)
[2026-08-12T21:21:46.673+0000] {subprocess.py:93} INFO - 	at scala.concurrent.Promise.complete$(Promise.scala:52)
[2026-08-12T21:21:46.679+0000] {subprocess.py:93} INFO - 	at scala.concurrent.impl.Promise$DefaultPromise.complete(Promise.scala:187)
[2026-08-12T21:21:46.682+0000] {subprocess.py:93} INFO - 	at scala.concurrent.impl.Promise.$anonfun$transform$1(Promise.scala:33)
[2026-08-12T21:21:46.685+0000] {subprocess.py:93} INFO - 	at scala.concurrent.impl.CallbackRunnable.run(Promise.scala:64)
[2026-08-12T21:21:46.688+0000] {subprocess.py:93} INFO - 	at scala.concurrent.BatchingExecutor$Batch.processBatch$1(BatchingExecutor.scala:67)
[2026-08-12T21:21:46.690+0000] {subprocess.py:93} INFO - 	at scala.concurrent.BatchingExecutor$Batch.$anonfun$run$1(BatchingExecutor.scala:82)
[2026-08-12T21:21:46.693+0000] {subprocess.py:93} INFO - 	at scala.runtime.java8.JFunction0$mcV$sp.apply(JFunction0$mcV$sp.java:23)
[2026-08-12T21:21:46.696+0000] {subprocess.py:93} INFO - 	at scala.concurrent.BlockContext$.withBlockContext(BlockContext.scala:85)
[2026-08-12T21:21:46.698+0000] {subprocess.py:93} INFO - 	at scala.concurrent.BatchingExecutor$Batch.run(BatchingExecutor.scala:59)
[2026-08-12T21:21:46.701+0000] {subprocess.py:93} INFO - 	at scala.concurrent.Future$InternalCallbackExecutor$.unbatchedExecute(Future.scala:875)
[2026-08-12T21:21:46.703+0000] {subprocess.py:93} INFO - 	at scala.concurrent.BatchingExecutor.execute(BatchingExecutor.scala:110)
[2026-08-12T21:21:46.706+0000] {subprocess.py:93} INFO - 	at scala.concurrent.BatchingExecutor.execute$(BatchingExecutor.scala:107)
[2026-08-12T21:21:46.708+0000] {subprocess.py:93} INFO - 	at scala.concurrent.Future$InternalCallbackExecutor$.execute(Future.scala:873)
[2026-08-12T21:21:46.711+0000] {subprocess.py:93} INFO - 	at scala.concurrent.impl.CallbackRunnable.executeWithValue(Promise.scala:72)
[2026-08-12T21:21:46.716+0000] {subprocess.py:93} INFO - 	at scala.concurrent.impl.Promise$DefaultPromise.$anonfun$tryComplete$1(Promise.scala:288)
[2026-08-12T21:21:46.719+0000] {subprocess.py:93} INFO - 	at scala.concurrent.impl.Promise$DefaultPromise.$anonfun$tryComplete$1$adapted(Promise.scala:288)
[2026-08-12T21:21:46.721+0000] {subprocess.py:93} INFO - 	at scala.concurrent.impl.Promise$DefaultPromise.tryComplete(Promise.scala:288)
[2026-08-12T21:21:46.723+0000] {subprocess.py:93} INFO - 	at scala.concurrent.Promise.trySuccess(Promise.scala:94)
[2026-08-12T21:21:46.725+0000] {subprocess.py:93} INFO - 	at scala.concurrent.Promise.trySuccess$(Promise.scala:94)
[2026-08-12T21:21:46.727+0000] {subprocess.py:93} INFO - 	at scala.concurrent.impl.Promise$DefaultPromise.trySuccess(Promise.scala:187)
[2026-08-12T21:21:46.730+0000] {subprocess.py:93} INFO - 	at org.apache.spark.rpc.netty.NettyRpcEnv.onSuccess$1(NettyRpcEnv.scala:225)
[2026-08-12T21:21:46.733+0000] {subprocess.py:93} INFO - 	at org.apache.spark.rpc.netty.NettyRpcEnv.$anonfun$askAbortable$5(NettyRpcEnv.scala:239)
[2026-08-12T21:21:46.736+0000] {subprocess.py:93} INFO - 	at org.apache.spark.rpc.netty.NettyRpcEnv.$anonfun$askAbortable$5$adapted(NettyRpcEnv.scala:238)
[2026-08-12T21:21:46.738+0000] {subprocess.py:93} INFO - 	at scala.concurrent.impl.CallbackRunnable.run(Promise.scala:64)
[2026-08-12T21:21:46.739+0000] {subprocess.py:93} INFO - 	at org.apache.spark.util.ThreadUtils$$anon$1.execute(ThreadUtils.scala:99)
[2026-08-12T21:21:46.741+0000] {subprocess.py:93} INFO - 	at scala.concurrent.impl.ExecutionContextImpl$$anon$4.execute(ExecutionContextImpl.scala:138)
[2026-08-12T21:21:46.744+0000] {subprocess.py:93} INFO - 	at scala.concurrent.impl.CallbackRunnable.executeWithValue(Promise.scala:72)
[2026-08-12T21:21:46.746+0000] {subprocess.py:93} INFO - 	at scala.concurrent.impl.Promise$DefaultPromise.$anonfun$tryComplete$1(Promise.scala:288)
[2026-08-12T21:21:46.750+0000] {subprocess.py:93} INFO - 	at scala.concurrent.impl.Promise$DefaultPromise.$anonfun$tryComplete$1$adapted(Promise.scala:288)
[2026-08-12T21:21:46.766+0000] {subprocess.py:93} INFO - 	at scala.concurrent.impl.Promise$DefaultPromise.tryComplete(Promise.scala:288)
[2026-08-12T21:21:46.772+0000] {subprocess.py:93} INFO - 	at scala.concurrent.Promise.complete(Promise.scala:53)
[2026-08-12T21:21:46.776+0000] {subprocess.py:93} INFO - 	at scala.concurrent.Promise.complete$(Promise.scala:52)
[2026-08-12T21:21:46.780+0000] {subprocess.py:93} INFO - 	at scala.concurrent.impl.Promise$DefaultPromise.complete(Promise.scala:187)
[2026-08-12T21:21:46.783+0000] {subprocess.py:93} INFO - 	at scala.concurrent.Promise.success(Promise.scala:86)
[2026-08-12T21:21:46.787+0000] {subprocess.py:93} INFO - 	at scala.concurrent.Promise.success$(Promise.scala:86)
[2026-08-12T21:21:46.789+0000] {subprocess.py:93} INFO - 	at scala.concurrent.impl.Promise$DefaultPromise.success(Promise.scala:187)
[2026-08-12T21:21:46.791+0000] {subprocess.py:93} INFO - 	at org.apache.spark.rpc.netty.LocalNettyRpcCallContext.send(NettyRpcCallContext.scala:50)
[2026-08-12T21:21:46.793+0000] {subprocess.py:93} INFO - 	at org.apache.spark.rpc.netty.NettyRpcCallContext.reply(NettyRpcCallContext.scala:32)
[2026-08-12T21:21:46.795+0000] {subprocess.py:93} INFO - 	at org.apache.spark.rpc.netty.RpcEndpointVerifier$$anonfun$receiveAndReply$1.applyOrElse(RpcEndpointVerifier.scala:31)
[2026-08-12T21:21:46.798+0000] {subprocess.py:93} INFO - 	... 8 more
[2026-08-12T21:21:46.799+0000] {subprocess.py:93} INFO - 26/08/12 21:21:44 WARN Executor: Issue communicating with driver in heartbeater
[2026-08-12T21:21:46.801+0000] {subprocess.py:93} INFO - org.apache.spark.SparkException: Exception thrown in awaitResult:
[2026-08-12T21:21:46.804+0000] {subprocess.py:93} INFO - 	at org.apache.spark.util.SparkThreadUtils$.awaitResult(SparkThreadUtils.scala:56)
[2026-08-12T21:21:46.806+0000] {subprocess.py:93} INFO - 	at org.apache.spark.util.ThreadUtils$.awaitResult(ThreadUtils.scala:310)
[2026-08-12T21:21:46.808+0000] {subprocess.py:93} INFO - 	at org.apache.spark.rpc.RpcTimeout.awaitResult(RpcTimeout.scala:75)
[2026-08-12T21:21:46.810+0000] {subprocess.py:93} INFO - 	at org.apache.spark.rpc.RpcEndpointRef.askSync(RpcEndpointRef.scala:101)
[2026-08-12T21:21:46.812+0000] {subprocess.py:93} INFO - 	at org.apache.spark.rpc.RpcEndpointRef.askSync(RpcEndpointRef.scala:85)
[2026-08-12T21:21:46.814+0000] {subprocess.py:93} INFO - 	at org.apache.spark.storage.BlockManagerMaster.registerBlockManager(BlockManagerMaster.scala:80)
[2026-08-12T21:21:46.816+0000] {subprocess.py:93} INFO - 	at org.apache.spark.storage.BlockManager.reregister(BlockManager.scala:642)
[2026-08-12T21:21:46.819+0000] {subprocess.py:93} INFO - 	at org.apache.spark.executor.Executor.reportHeartBeat(Executor.scala:1223)
[2026-08-12T21:21:46.821+0000] {subprocess.py:93} INFO - 	at org.apache.spark.executor.Executor.$anonfun$heartbeater$1(Executor.scala:295)
[2026-08-12T21:21:46.823+0000] {subprocess.py:93} INFO - 	at scala.runtime.java8.JFunction0$mcV$sp.apply(JFunction0$mcV$sp.java:23)
[2026-08-12T21:21:46.825+0000] {subprocess.py:93} INFO - 	at org.apache.spark.util.Utils$.logUncaughtExceptions(Utils.scala:1928)
[2026-08-12T21:21:46.827+0000] {subprocess.py:93} INFO - 	at org.apache.spark.Heartbeater$$anon$1.run(Heartbeater.scala:46)
[2026-08-12T21:21:46.829+0000] {subprocess.py:93} INFO - 	at java.base/java.util.concurrent.Executors$RunnableAdapter.call(Executors.java:539)
[2026-08-12T21:21:46.831+0000] {subprocess.py:93} INFO - 	at java.base/java.util.concurrent.FutureTask.runAndReset(FutureTask.java:305)
[2026-08-12T21:21:46.833+0000] {subprocess.py:93} INFO - 	at java.base/java.util.concurrent.ScheduledThreadPoolExecutor$ScheduledFutureTask.run(ScheduledThreadPoolExecutor.java:305)
[2026-08-12T21:21:46.835+0000] {subprocess.py:93} INFO - 	at java.base/java.util.concurrent.ThreadPoolExecutor.runWorker(ThreadPoolExecutor.java:1136)
[2026-08-12T21:21:46.838+0000] {subprocess.py:93} INFO - 	at java.base/java.util.concurrent.ThreadPoolExecutor$Worker.run(ThreadPoolExecutor.java:635)
[2026-08-12T21:21:47.377+0000] {subprocess.py:93} INFO - 	at java.base/java.lang.Thread.run(Thread.java:840)
[2026-08-12T21:21:47.380+0000] {subprocess.py:93} INFO - Caused by: org.apache.spark.SparkException: Exception thrown in awaitResult:
[2026-08-12T21:21:47.383+0000] {subprocess.py:93} INFO - 	at org.apache.spark.util.SparkThreadUtils$.awaitResult(SparkThreadUtils.scala:56)
[2026-08-12T21:21:47.390+0000] {subprocess.py:93} INFO - 	at org.apache.spark.util.ThreadUtils$.awaitResult(ThreadUtils.scala:310)
[2026-08-12T21:21:47.392+0000] {subprocess.py:93} INFO - 	at org.apache.spark.rpc.RpcTimeout.awaitResult(RpcTimeout.scala:75)
[2026-08-12T21:21:47.395+0000] {subprocess.py:93} INFO - 	at org.apache.spark.rpc.RpcEnv.setupEndpointRefByURI(RpcEnv.scala:102)
[2026-08-12T21:21:47.397+0000] {subprocess.py:93} INFO - 	at org.apache.spark.rpc.RpcEnv.setupEndpointRef(RpcEnv.scala:110)
[2026-08-12T21:21:47.402+0000] {subprocess.py:93} INFO - 	at org.apache.spark.util.RpcUtils$.makeDriverRef(RpcUtils.scala:36)
[2026-08-12T21:21:47.411+0000] {subprocess.py:93} INFO - 	at org.apache.spark.storage.BlockManagerMasterEndpoint.driverEndpoint$lzycompute(BlockManagerMasterEndpoint.scala:124)
[2026-08-12T21:21:47.413+0000] {subprocess.py:93} INFO - 	at org.apache.spark.storage.BlockManagerMasterEndpoint.org$apache$spark$storage$BlockManagerMasterEndpoint$$driverEndpoint(BlockManagerMasterEndpoint.scala:123)
[2026-08-12T21:21:47.417+0000] {subprocess.py:93} INFO - 	at org.apache.spark.storage.BlockManagerMasterEndpoint.isExecutorAlive$lzycompute$1(BlockManagerMasterEndpoint.scala:688)
[2026-08-12T21:21:47.426+0000] {subprocess.py:93} INFO - 	at org.apache.spark.storage.BlockManagerMasterEndpoint.isExecutorAlive$1(BlockManagerMasterEndpoint.scala:687)
[2026-08-12T21:21:47.429+0000] {subprocess.py:93} INFO - 	at org.apache.spark.storage.BlockManagerMasterEndpoint.org$apache$spark$storage$BlockManagerMasterEndpoint$$register(BlockManagerMasterEndpoint.scala:725)
[2026-08-12T21:21:47.432+0000] {subprocess.py:93} INFO - 	at org.apache.spark.storage.BlockManagerMasterEndpoint$$anonfun$receiveAndReply$1.applyOrElse(BlockManagerMasterEndpoint.scala:133)
[2026-08-12T21:21:47.435+0000] {subprocess.py:93} INFO - 	at org.apache.spark.rpc.netty.Inbox.$anonfun$process$1(Inbox.scala:103)
[2026-08-12T21:21:47.440+0000] {subprocess.py:93} INFO - 	at org.apache.spark.rpc.netty.Inbox.safelyCall(Inbox.scala:213)
[2026-08-12T21:21:47.443+0000] {subprocess.py:93} INFO - 	at org.apache.spark.rpc.netty.Inbox.process(Inbox.scala:100)
[2026-08-12T21:21:47.446+0000] {subprocess.py:93} INFO - 	at org.apache.spark.rpc.netty.MessageLoop.org$apache$spark$rpc$netty$MessageLoop$$receiveLoop(MessageLoop.scala:75)
[2026-08-12T21:21:47.448+0000] {subprocess.py:93} INFO - 	at org.apache.spark.rpc.netty.MessageLoop$$anon$1.run(MessageLoop.scala:41)
[2026-08-12T21:21:47.451+0000] {subprocess.py:93} INFO - 	... 3 more
[2026-08-12T21:21:47.454+0000] {subprocess.py:93} INFO - Caused by: org.apache.spark.rpc.RpcEndpointNotFoundException: Cannot find endpoint: spark://CoarseGrainedScheduler@4099a95615c9:45169
[2026-08-12T21:21:47.456+0000] {subprocess.py:93} INFO - 	at org.apache.spark.rpc.netty.NettyRpcEnv.$anonfun$asyncSetupEndpointRefByURI$1(NettyRpcEnv.scala:148)
[2026-08-12T21:21:47.458+0000] {subprocess.py:93} INFO - 	at org.apache.spark.rpc.netty.NettyRpcEnv.$anonfun$asyncSetupEndpointRefByURI$1$adapted(NettyRpcEnv.scala:144)
[2026-08-12T21:21:47.460+0000] {subprocess.py:93} INFO - 	at scala.concurrent.Future.$anonfun$flatMap$1(Future.scala:307)
[2026-08-12T21:21:47.464+0000] {subprocess.py:93} INFO - 	at scala.concurrent.impl.Promise.$anonfun$transformWith$1(Promise.scala:41)
[2026-08-12T21:21:47.468+0000] {subprocess.py:93} INFO - 	at scala.concurrent.impl.CallbackRunnable.run(Promise.scala:64)
[2026-08-12T21:21:47.471+0000] {subprocess.py:93} INFO - 	at org.apache.spark.util.ThreadUtils$$anon$1.execute(ThreadUtils.scala:99)
[2026-08-12T21:21:47.473+0000] {subprocess.py:93} INFO - 	at scala.concurrent.impl.ExecutionContextImpl$$anon$4.execute(ExecutionContextImpl.scala:138)
[2026-08-12T21:21:47.476+0000] {subprocess.py:93} INFO - 	at scala.concurrent.impl.CallbackRunnable.executeWithValue(Promise.scala:72)
[2026-08-12T21:21:47.478+0000] {subprocess.py:93} INFO - 	at scala.concurrent.impl.Promise$DefaultPromise.$anonfun$tryComplete$1(Promise.scala:288)
[2026-08-12T21:21:47.480+0000] {subprocess.py:93} INFO - 	at scala.concurrent.impl.Promise$DefaultPromise.$anonfun$tryComplete$1$adapted(Promise.scala:288)
[2026-08-12T21:21:47.483+0000] {subprocess.py:93} INFO - 	at scala.concurrent.impl.Promise$DefaultPromise.tryComplete(Promise.scala:288)
[2026-08-12T21:21:47.485+0000] {subprocess.py:93} INFO - 	at scala.concurrent.Promise.complete(Promise.scala:53)
[2026-08-12T21:21:47.487+0000] {subprocess.py:93} INFO - 	at scala.concurrent.Promise.complete$(Promise.scala:52)
[2026-08-12T21:21:47.489+0000] {subprocess.py:93} INFO - 	at scala.concurrent.impl.Promise$DefaultPromise.complete(Promise.scala:187)
[2026-08-12T21:21:47.491+0000] {subprocess.py:93} INFO - 	at scala.concurrent.impl.Promise.$anonfun$transform$1(Promise.scala:33)
[2026-08-12T21:21:47.494+0000] {subprocess.py:93} INFO - 	at scala.concurrent.impl.CallbackRunnable.run(Promise.scala:64)
[2026-08-12T21:21:47.495+0000] {subprocess.py:93} INFO - 	at org.apache.spark.util.ThreadUtils$$anon$1.execute(ThreadUtils.scala:99)
[2026-08-12T21:21:47.497+0000] {subprocess.py:93} INFO - 	at scala.concurrent.impl.ExecutionContextImpl$$anon$4.execute(ExecutionContextImpl.scala:138)
[2026-08-12T21:21:47.499+0000] {subprocess.py:93} INFO - 	at scala.concurrent.impl.CallbackRunnable.executeWithValue(Promise.scala:72)
[2026-08-12T21:21:47.501+0000] {subprocess.py:93} INFO - 	at scala.concurrent.impl.Promise$DefaultPromise.$anonfun$tryComplete$1(Promise.scala:288)
[2026-08-12T21:21:47.503+0000] {subprocess.py:93} INFO - 	at scala.concurrent.impl.Promise$DefaultPromise.$anonfun$tryComplete$1$adapted(Promise.scala:288)
[2026-08-12T21:21:47.505+0000] {subprocess.py:93} INFO - 	at scala.concurrent.impl.Promise$DefaultPromise.tryComplete(Promise.scala:288)
[2026-08-12T21:21:47.508+0000] {subprocess.py:93} INFO - 	at scala.concurrent.Promise.complete(Promise.scala:53)
[2026-08-12T21:21:47.510+0000] {subprocess.py:93} INFO - 	at scala.concurrent.Promise.complete$(Promise.scala:52)
[2026-08-12T21:21:47.512+0000] {subprocess.py:93} INFO - 	at scala.concurrent.impl.Promise$DefaultPromise.complete(Promise.scala:187)
[2026-08-12T21:21:47.514+0000] {subprocess.py:93} INFO - 	at scala.concurrent.impl.Promise.$anonfun$transform$1(Promise.scala:33)
[2026-08-12T21:21:47.516+0000] {subprocess.py:93} INFO - 	at scala.concurrent.impl.CallbackRunnable.run(Promise.scala:64)
[2026-08-12T21:21:47.518+0000] {subprocess.py:93} INFO - 	at scala.concurrent.BatchingExecutor$Batch.processBatch$1(BatchingExecutor.scala:67)
[2026-08-12T21:21:47.519+0000] {subprocess.py:93} INFO - 	at scala.concurrent.BatchingExecutor$Batch.$anonfun$run$1(BatchingExecutor.scala:82)
[2026-08-12T21:21:47.521+0000] {subprocess.py:93} INFO - 	at scala.runtime.java8.JFunction0$mcV$sp.apply(JFunction0$mcV$sp.java:23)
[2026-08-12T21:21:47.523+0000] {subprocess.py:93} INFO - 	at scala.concurrent.BlockContext$.withBlockContext(BlockContext.scala:85)
[2026-08-12T21:21:47.525+0000] {subprocess.py:93} INFO - 	at scala.concurrent.BatchingExecutor$Batch.run(BatchingExecutor.scala:59)
[2026-08-12T21:21:47.528+0000] {subprocess.py:93} INFO - 	at scala.concurrent.Future$InternalCallbackExecutor$.unbatchedExecute(Future.scala:875)
[2026-08-12T21:21:47.530+0000] {subprocess.py:93} INFO - 	at scala.concurrent.BatchingExecutor.execute(BatchingExecutor.scala:110)
[2026-08-12T21:21:47.532+0000] {subprocess.py:93} INFO - 	at scala.concurrent.BatchingExecutor.execute$(BatchingExecutor.scala:107)
[2026-08-12T21:21:47.534+0000] {subprocess.py:93} INFO - 	at scala.concurrent.Future$InternalCallbackExecutor$.execute(Future.scala:873)
[2026-08-12T21:21:47.539+0000] {subprocess.py:93} INFO - 	at scala.concurrent.impl.CallbackRunnable.executeWithValue(Promise.scala:72)
[2026-08-12T21:21:47.552+0000] {subprocess.py:93} INFO - 	at scala.concurrent.impl.Promise$DefaultPromise.$anonfun$tryComplete$1(Promise.scala:288)
[2026-08-12T21:21:47.556+0000] {subprocess.py:93} INFO - 	at scala.concurrent.impl.Promise$DefaultPromise.$anonfun$tryComplete$1$adapted(Promise.scala:288)
[2026-08-12T21:21:47.560+0000] {subprocess.py:93} INFO - 	at scala.concurrent.impl.Promise$DefaultPromise.tryComplete(Promise.scala:288)
[2026-08-12T21:21:47.563+0000] {subprocess.py:93} INFO - 	at scala.concurrent.Promise.trySuccess(Promise.scala:94)
[2026-08-12T21:21:47.566+0000] {subprocess.py:93} INFO - 	at scala.concurrent.Promise.trySuccess$(Promise.scala:94)
[2026-08-12T21:21:47.569+0000] {subprocess.py:93} INFO - 	at scala.concurrent.impl.Promise$DefaultPromise.trySuccess(Promise.scala:187)
[2026-08-12T21:21:47.570+0000] {subprocess.py:93} INFO - 	at org.apache.spark.rpc.netty.NettyRpcEnv.onSuccess$1(NettyRpcEnv.scala:225)
[2026-08-12T21:21:47.573+0000] {subprocess.py:93} INFO - 	at org.apache.spark.rpc.netty.NettyRpcEnv.$anonfun$askAbortable$5(NettyRpcEnv.scala:239)
[2026-08-12T21:21:47.575+0000] {subprocess.py:93} INFO - 	at org.apache.spark.rpc.netty.NettyRpcEnv.$anonfun$askAbortable$5$adapted(NettyRpcEnv.scala:238)
[2026-08-12T21:21:47.579+0000] {subprocess.py:93} INFO - 	at scala.concurrent.impl.CallbackRunnable.run(Promise.scala:64)
[2026-08-12T21:21:47.582+0000] {subprocess.py:93} INFO - 	at org.apache.spark.util.ThreadUtils$$anon$1.execute(ThreadUtils.scala:99)
[2026-08-12T21:21:47.585+0000] {subprocess.py:93} INFO - 	at scala.concurrent.impl.ExecutionContextImpl$$anon$4.execute(ExecutionContextImpl.scala:138)
[2026-08-12T21:21:47.587+0000] {subprocess.py:93} INFO - 	at scala.concurrent.impl.CallbackRunnable.executeWithValue(Promise.scala:72)
[2026-08-12T21:21:47.590+0000] {subprocess.py:93} INFO - 	at scala.concurrent.impl.Promise$DefaultPromise.$anonfun$tryComplete$1(Promise.scala:288)
[2026-08-12T21:21:47.592+0000] {subprocess.py:93} INFO - 	at scala.concurrent.impl.Promise$DefaultPromise.$anonfun$tryComplete$1$adapted(Promise.scala:288)
[2026-08-12T21:21:47.594+0000] {subprocess.py:93} INFO - 	at scala.concurrent.impl.Promise$DefaultPromise.tryComplete(Promise.scala:288)
[2026-08-12T21:21:47.597+0000] {subprocess.py:93} INFO - 	at scala.concurrent.Promise.complete(Promise.scala:53)
[2026-08-12T21:21:47.600+0000] {subprocess.py:93} INFO - 	at scala.concurrent.Promise.complete$(Promise.scala:52)
[2026-08-12T21:21:47.602+0000] {subprocess.py:93} INFO - 	at scala.concurrent.impl.Promise$DefaultPromise.complete(Promise.scala:187)
[2026-08-12T21:21:47.604+0000] {subprocess.py:93} INFO - 	at scala.concurrent.Promise.success(Promise.scala:86)
[2026-08-12T21:21:47.607+0000] {subprocess.py:93} INFO - 	at scala.concurrent.Promise.success$(Promise.scala:86)
[2026-08-12T21:21:47.609+0000] {subprocess.py:93} INFO - 	at scala.concurrent.impl.Promise$DefaultPromise.success(Promise.scala:187)
[2026-08-12T21:21:47.612+0000] {subprocess.py:93} INFO - 	at org.apache.spark.rpc.netty.LocalNettyRpcCallContext.send(NettyRpcCallContext.scala:50)
[2026-08-12T21:21:47.614+0000] {subprocess.py:93} INFO - 	at org.apache.spark.rpc.netty.NettyRpcCallContext.reply(NettyRpcCallContext.scala:32)
[2026-08-12T21:21:47.617+0000] {subprocess.py:93} INFO - 	at org.apache.spark.rpc.netty.RpcEndpointVerifier$$anonfun$receiveAndReply$1.applyOrElse(RpcEndpointVerifier.scala:31)
[2026-08-12T21:21:47.619+0000] {subprocess.py:93} INFO - 	... 8 more
[2026-08-12T21:21:48.207+0000] {subprocess.py:93} INFO - 26/08/12 21:21:48 ERROR Inbox: Ignoring error
[2026-08-12T21:21:48.241+0000] {subprocess.py:93} INFO - org.apache.spark.SparkException: Exception thrown in awaitResult:
[2026-08-12T21:21:48.347+0000] {subprocess.py:93} INFO - 	at org.apache.spark.util.SparkThreadUtils$.awaitResult(SparkThreadUtils.scala:56)
[2026-08-12T21:21:48.361+0000] {subprocess.py:93} INFO - 	at org.apache.spark.util.ThreadUtils$.awaitResult(ThreadUtils.scala:310)
[2026-08-12T21:21:48.391+0000] {subprocess.py:93} INFO - 	at org.apache.spark.rpc.RpcTimeout.awaitResult(RpcTimeout.scala:75)
[2026-08-12T21:21:48.429+0000] {subprocess.py:93} INFO - 	at org.apache.spark.rpc.RpcEnv.setupEndpointRefByURI(RpcEnv.scala:102)
[2026-08-12T21:21:48.444+0000] {subprocess.py:93} INFO - 	at org.apache.spark.rpc.RpcEnv.setupEndpointRef(RpcEnv.scala:110)
[2026-08-12T21:21:48.459+0000] {subprocess.py:93} INFO - 	at org.apache.spark.util.RpcUtils$.makeDriverRef(RpcUtils.scala:36)
[2026-08-12T21:21:48.462+0000] {subprocess.py:93} INFO - 	at org.apache.spark.storage.BlockManagerMasterEndpoint.driverEndpoint$lzycompute(BlockManagerMasterEndpoint.scala:124)
[2026-08-12T21:21:48.465+0000] {subprocess.py:93} INFO - 	at org.apache.spark.storage.BlockManagerMasterEndpoint.org$apache$spark$storage$BlockManagerMasterEndpoint$$driverEndpoint(BlockManagerMasterEndpoint.scala:123)
[2026-08-12T21:21:48.482+0000] {subprocess.py:93} INFO - 	at org.apache.spark.storage.BlockManagerMasterEndpoint.isExecutorAlive$lzycompute$1(BlockManagerMasterEndpoint.scala:688)
[2026-08-12T21:21:48.509+0000] {subprocess.py:93} INFO - 	at org.apache.spark.storage.BlockManagerMasterEndpoint.isExecutorAlive$1(BlockManagerMasterEndpoint.scala:687)
[2026-08-12T21:21:48.566+0000] {subprocess.py:93} INFO - 	at org.apache.spark.storage.BlockManagerMasterEndpoint.org$apache$spark$storage$BlockManagerMasterEndpoint$$register(BlockManagerMasterEndpoint.scala:725)
[2026-08-12T21:21:48.619+0000] {subprocess.py:93} INFO - 	at org.apache.spark.storage.BlockManagerMasterEndpoint$$anonfun$receiveAndReply$1.applyOrElse(BlockManagerMasterEndpoint.scala:133)
[2026-08-12T21:21:48.674+0000] {subprocess.py:93} INFO - 	at org.apache.spark.rpc.netty.Inbox.$anonfun$process$1(Inbox.scala:103)
[2026-08-12T21:21:48.714+0000] {subprocess.py:93} INFO - 	at org.apache.spark.rpc.netty.Inbox.safelyCall(Inbox.scala:213)
[2026-08-12T21:21:48.802+0000] {subprocess.py:93} INFO - 	at org.apache.spark.rpc.netty.Inbox.process(Inbox.scala:100)
[2026-08-12T21:21:48.839+0000] {subprocess.py:93} INFO - 	at org.apache.spark.rpc.netty.MessageLoop.org$apache$spark$rpc$netty$MessageLoop$$receiveLoop(MessageLoop.scala:75)
[2026-08-12T21:21:48.848+0000] {subprocess.py:93} INFO - 	at org.apache.spark.rpc.netty.MessageLoop$$anon$1.run(MessageLoop.scala:41)
[2026-08-12T21:21:48.851+0000] {subprocess.py:93} INFO - 	at java.base/java.util.concurrent.ThreadPoolExecutor.runWorker(ThreadPoolExecutor.java:1136)
[2026-08-12T21:21:48.879+0000] {subprocess.py:93} INFO - 	at java.base/java.util.concurrent.ThreadPoolExecutor$Worker.run(ThreadPoolExecutor.java:635)
[2026-08-12T21:21:48.883+0000] {subprocess.py:93} INFO - 	at java.base/java.lang.Thread.run(Thread.java:840)
[2026-08-12T21:21:48.897+0000] {subprocess.py:93} INFO - Caused by: org.apache.spark.rpc.RpcEndpointNotFoundException: Cannot find endpoint: spark://CoarseGrainedScheduler@4099a95615c9:45169
[2026-08-12T21:21:48.906+0000] {subprocess.py:93} INFO - 	at org.apache.spark.rpc.netty.NettyRpcEnv.$anonfun$asyncSetupEndpointRefByURI$1(NettyRpcEnv.scala:148)
[2026-08-12T21:21:48.916+0000] {subprocess.py:93} INFO - 	at org.apache.spark.rpc.netty.NettyRpcEnv.$anonfun$asyncSetupEndpointRefByURI$1$adapted(NettyRpcEnv.scala:144)
[2026-08-12T21:21:48.920+0000] {subprocess.py:93} INFO - 	at scala.concurrent.Future.$anonfun$flatMap$1(Future.scala:307)
[2026-08-12T21:21:48.928+0000] {subprocess.py:93} INFO - 	at scala.concurrent.impl.Promise.$anonfun$transformWith$1(Promise.scala:41)
[2026-08-12T21:21:48.941+0000] {subprocess.py:93} INFO - 	at scala.concurrent.impl.CallbackRunnable.run(Promise.scala:64)
[2026-08-12T21:21:48.946+0000] {subprocess.py:93} INFO - 	at org.apache.spark.util.ThreadUtils$$anon$1.execute(ThreadUtils.scala:99)
[2026-08-12T21:21:48.952+0000] {subprocess.py:93} INFO - 	at scala.concurrent.impl.ExecutionContextImpl$$anon$4.execute(ExecutionContextImpl.scala:138)
[2026-08-12T21:21:49.003+0000] {subprocess.py:93} INFO - 	at scala.concurrent.impl.CallbackRunnable.executeWithValue(Promise.scala:72)
[2026-08-12T21:21:49.036+0000] {subprocess.py:93} INFO - 	at scala.concurrent.impl.Promise$DefaultPromise.$anonfun$tryComplete$1(Promise.scala:288)
[2026-08-12T21:21:49.099+0000] {subprocess.py:93} INFO - 	at scala.concurrent.impl.Promise$DefaultPromise.$anonfun$tryComplete$1$adapted(Promise.scala:288)
[2026-08-12T21:21:49.125+0000] {subprocess.py:93} INFO - 	at scala.concurrent.impl.Promise$DefaultPromise.tryComplete(Promise.scala:288)
[2026-08-12T21:21:49.134+0000] {subprocess.py:93} INFO - 	at scala.concurrent.Promise.complete(Promise.scala:53)
[2026-08-12T21:21:49.148+0000] {subprocess.py:93} INFO - 	at scala.concurrent.Promise.complete$(Promise.scala:52)
[2026-08-12T21:21:49.156+0000] {subprocess.py:93} INFO - 	at scala.concurrent.impl.Promise$DefaultPromise.complete(Promise.scala:187)
[2026-08-12T21:21:49.170+0000] {subprocess.py:93} INFO - 	at scala.concurrent.impl.Promise.$anonfun$transform$1(Promise.scala:33)
[2026-08-12T21:21:49.176+0000] {subprocess.py:93} INFO - 	at scala.concurrent.impl.CallbackRunnable.run(Promise.scala:64)
[2026-08-12T21:21:49.180+0000] {subprocess.py:93} INFO - 	at org.apache.spark.util.ThreadUtils$$anon$1.execute(ThreadUtils.scala:99)
[2026-08-12T21:21:49.194+0000] {subprocess.py:93} INFO - 	at scala.concurrent.impl.ExecutionContextImpl$$anon$4.execute(ExecutionContextImpl.scala:138)
[2026-08-12T21:21:49.206+0000] {subprocess.py:93} INFO - 	at scala.concurrent.impl.CallbackRunnable.executeWithValue(Promise.scala:72)
[2026-08-12T21:21:49.238+0000] {subprocess.py:93} INFO - 	at scala.concurrent.impl.Promise$DefaultPromise.$anonfun$tryComplete$1(Promise.scala:288)
[2026-08-12T21:21:49.264+0000] {subprocess.py:93} INFO - 	at scala.concurrent.impl.Promise$DefaultPromise.$anonfun$tryComplete$1$adapted(Promise.scala:288)
[2026-08-12T21:21:49.273+0000] {subprocess.py:93} INFO - 	at scala.concurrent.impl.Promise$DefaultPromise.tryComplete(Promise.scala:288)
[2026-08-12T21:21:49.278+0000] {subprocess.py:93} INFO - 	at scala.concurrent.Promise.complete(Promise.scala:53)
[2026-08-12T21:21:49.287+0000] {subprocess.py:93} INFO - 	at scala.concurrent.Promise.complete$(Promise.scala:52)
[2026-08-12T21:21:49.305+0000] {subprocess.py:93} INFO - 	at scala.concurrent.impl.Promise$DefaultPromise.complete(Promise.scala:187)
[2026-08-12T21:21:49.321+0000] {subprocess.py:93} INFO - 	at scala.concurrent.impl.Promise.$anonfun$transform$1(Promise.scala:33)
[2026-08-12T21:21:49.330+0000] {subprocess.py:93} INFO - 	at scala.concurrent.impl.CallbackRunnable.run(Promise.scala:64)
[2026-08-12T21:21:49.356+0000] {subprocess.py:93} INFO - 	at scala.concurrent.BatchingExecutor$Batch.processBatch$1(BatchingExecutor.scala:67)
[2026-08-12T21:21:49.384+0000] {subprocess.py:93} INFO - 	at scala.concurrent.BatchingExecutor$Batch.$anonfun$run$1(BatchingExecutor.scala:82)
[2026-08-12T21:21:49.536+0000] {subprocess.py:93} INFO - 	at scala.runtime.java8.JFunction0$mcV$sp.apply(JFunction0$mcV$sp.java:23)
[2026-08-12T21:21:49.561+0000] {subprocess.py:93} INFO - 	at scala.concurrent.BlockContext$.withBlockContext(BlockContext.scala:85)
[2026-08-12T21:21:49.577+0000] {subprocess.py:93} INFO - 	at scala.concurrent.BatchingExecutor$Batch.run(BatchingExecutor.scala:59)
[2026-08-12T21:21:49.582+0000] {subprocess.py:93} INFO - 	at scala.concurrent.Future$InternalCallbackExecutor$.unbatchedExecute(Future.scala:875)
[2026-08-12T21:21:49.598+0000] {subprocess.py:93} INFO - 	at scala.concurrent.BatchingExecutor.execute(BatchingExecutor.scala:110)
[2026-08-12T21:21:49.613+0000] {subprocess.py:93} INFO - 	at scala.concurrent.BatchingExecutor.execute$(BatchingExecutor.scala:107)
[2026-08-12T21:21:49.631+0000] {subprocess.py:93} INFO - 	at scala.concurrent.Future$InternalCallbackExecutor$.execute(Future.scala:873)
[2026-08-12T21:21:49.692+0000] {subprocess.py:93} INFO - 	at scala.concurrent.impl.CallbackRunnable.executeWithValue(Promise.scala:72)
[2026-08-12T21:21:49.768+0000] {subprocess.py:93} INFO - 	at scala.concurrent.impl.Promise$DefaultPromise.$anonfun$tryComplete$1(Promise.scala:288)
[2026-08-12T21:21:49.803+0000] {subprocess.py:93} INFO - 	at scala.concurrent.impl.Promise$DefaultPromise.$anonfun$tryComplete$1$adapted(Promise.scala:288)
[2026-08-12T21:21:49.854+0000] {subprocess.py:93} INFO - 	at scala.concurrent.impl.Promise$DefaultPromise.tryComplete(Promise.scala:288)
[2026-08-12T21:21:50.008+0000] {subprocess.py:93} INFO - 	at scala.concurrent.Promise.trySuccess(Promise.scala:94)
[2026-08-12T21:21:50.025+0000] {subprocess.py:93} INFO - 	at scala.concurrent.Promise.trySuccess$(Promise.scala:94)
[2026-08-12T21:21:50.078+0000] {subprocess.py:93} INFO - 	at scala.concurrent.impl.Promise$DefaultPromise.trySuccess(Promise.scala:187)
[2026-08-12T21:21:50.086+0000] {subprocess.py:93} INFO - 	at org.apache.spark.rpc.netty.NettyRpcEnv.onSuccess$1(NettyRpcEnv.scala:225)
[2026-08-12T21:21:50.115+0000] {subprocess.py:93} INFO - 	at org.apache.spark.rpc.netty.NettyRpcEnv.$anonfun$askAbortable$5(NettyRpcEnv.scala:239)
[2026-08-12T21:21:50.121+0000] {subprocess.py:93} INFO - 	at org.apache.spark.rpc.netty.NettyRpcEnv.$anonfun$askAbortable$5$adapted(NettyRpcEnv.scala:238)
[2026-08-12T21:21:50.128+0000] {subprocess.py:93} INFO - 	at scala.concurrent.impl.CallbackRunnable.run(Promise.scala:64)
[2026-08-12T21:21:50.149+0000] {subprocess.py:93} INFO - 	at org.apache.spark.util.ThreadUtils$$anon$1.execute(ThreadUtils.scala:99)
[2026-08-12T21:21:50.162+0000] {subprocess.py:93} INFO - 	at scala.concurrent.impl.ExecutionContextImpl$$anon$4.execute(ExecutionContextImpl.scala:138)
[2026-08-12T21:21:50.171+0000] {subprocess.py:93} INFO - 	at scala.concurrent.impl.CallbackRunnable.executeWithValue(Promise.scala:72)
[2026-08-12T21:21:50.176+0000] {subprocess.py:93} INFO - 	at scala.concurrent.impl.Promise$DefaultPromise.$anonfun$tryComplete$1(Promise.scala:288)
[2026-08-12T21:21:50.196+0000] {subprocess.py:93} INFO - 	at scala.concurrent.impl.Promise$DefaultPromise.$anonfun$tryComplete$1$adapted(Promise.scala:288)
[2026-08-12T21:21:50.209+0000] {subprocess.py:93} INFO - 	at scala.concurrent.impl.Promise$DefaultPromise.tryComplete(Promise.scala:288)
[2026-08-12T21:21:50.215+0000] {subprocess.py:93} INFO - 	at scala.concurrent.Promise.complete(Promise.scala:53)
[2026-08-12T21:21:50.230+0000] {subprocess.py:93} INFO - 	at scala.concurrent.Promise.complete$(Promise.scala:52)
[2026-08-12T21:21:50.246+0000] {subprocess.py:93} INFO - 	at scala.concurrent.impl.Promise$DefaultPromise.complete(Promise.scala:187)
[2026-08-12T21:21:50.385+0000] {subprocess.py:93} INFO - 	at scala.concurrent.Promise.success(Promise.scala:86)
[2026-08-12T21:21:50.405+0000] {subprocess.py:93} INFO - 	at scala.concurrent.Promise.success$(Promise.scala:86)
[2026-08-12T21:21:50.426+0000] {subprocess.py:93} INFO - 	at scala.concurrent.impl.Promise$DefaultPromise.success(Promise.scala:187)
[2026-08-12T21:21:50.468+0000] {subprocess.py:93} INFO - 	at org.apache.spark.rpc.netty.LocalNettyRpcCallContext.send(NettyRpcCallContext.scala:50)
[2026-08-12T21:21:50.482+0000] {subprocess.py:93} INFO - 	at org.apache.spark.rpc.netty.NettyRpcCallContext.reply(NettyRpcCallContext.scala:32)
[2026-08-12T21:21:50.485+0000] {subprocess.py:93} INFO - 	at org.apache.spark.rpc.netty.RpcEndpointVerifier$$anonfun$receiveAndReply$1.applyOrElse(RpcEndpointVerifier.scala:31)
[2026-08-12T21:21:50.493+0000] {subprocess.py:93} INFO - 	... 8 more
[2026-08-12T21:21:50.504+0000] {subprocess.py:93} INFO - 26/08/12 21:21:48 WARN Executor: Issue communicating with driver in heartbeater
[2026-08-12T21:21:50.509+0000] {subprocess.py:93} INFO - org.apache.spark.SparkException: Exception thrown in awaitResult:
[2026-08-12T21:21:50.523+0000] {subprocess.py:93} INFO - 	at org.apache.spark.util.SparkThreadUtils$.awaitResult(SparkThreadUtils.scala:56)
[2026-08-12T21:21:50.534+0000] {subprocess.py:93} INFO - 	at org.apache.spark.util.ThreadUtils$.awaitResult(ThreadUtils.scala:310)
[2026-08-12T21:21:50.541+0000] {subprocess.py:93} INFO - 	at org.apache.spark.rpc.RpcTimeout.awaitResult(RpcTimeout.scala:75)
[2026-08-12T21:21:50.548+0000] {subprocess.py:93} INFO - 	at org.apache.spark.rpc.RpcEndpointRef.askSync(RpcEndpointRef.scala:101)
[2026-08-12T21:21:50.568+0000] {subprocess.py:93} INFO - 	at org.apache.spark.rpc.RpcEndpointRef.askSync(RpcEndpointRef.scala:85)
[2026-08-12T21:21:50.598+0000] {subprocess.py:93} INFO - 	at org.apache.spark.storage.BlockManagerMaster.registerBlockManager(BlockManagerMaster.scala:80)
[2026-08-12T21:21:50.620+0000] {subprocess.py:93} INFO - 	at org.apache.spark.storage.BlockManager.reregister(BlockManager.scala:642)
[2026-08-12T21:21:50.633+0000] {subprocess.py:93} INFO - 	at org.apache.spark.executor.Executor.reportHeartBeat(Executor.scala:1223)
[2026-08-12T21:21:50.651+0000] {subprocess.py:93} INFO - 	at org.apache.spark.executor.Executor.$anonfun$heartbeater$1(Executor.scala:295)
[2026-08-12T21:21:50.654+0000] {subprocess.py:93} INFO - 	at scala.runtime.java8.JFunction0$mcV$sp.apply(JFunction0$mcV$sp.java:23)
[2026-08-12T21:21:50.728+0000] {subprocess.py:93} INFO - 	at org.apache.spark.util.Utils$.logUncaughtExceptions(Utils.scala:1928)
[2026-08-12T21:21:50.732+0000] {subprocess.py:93} INFO - 	at org.apache.spark.Heartbeater$$anon$1.run(Heartbeater.scala:46)
[2026-08-12T21:21:50.770+0000] {subprocess.py:93} INFO - 	at java.base/java.util.concurrent.Executors$RunnableAdapter.call(Executors.java:539)
[2026-08-12T21:21:50.783+0000] {subprocess.py:93} INFO - 	at java.base/java.util.concurrent.FutureTask.runAndReset(FutureTask.java:305)
[2026-08-12T21:21:50.802+0000] {subprocess.py:93} INFO - 	at java.base/java.util.concurrent.ScheduledThreadPoolExecutor$ScheduledFutureTask.run(ScheduledThreadPoolExecutor.java:305)
[2026-08-12T21:21:50.823+0000] {subprocess.py:93} INFO - 	at java.base/java.util.concurrent.ThreadPoolExecutor.runWorker(ThreadPoolExecutor.java:1136)
[2026-08-12T21:21:50.825+0000] {subprocess.py:93} INFO - 	at java.base/java.util.concurrent.ThreadPoolExecutor$Worker.run(ThreadPoolExecutor.java:635)
[2026-08-12T21:21:50.843+0000] {subprocess.py:93} INFO - 	at java.base/java.lang.Thread.run(Thread.java:840)
[2026-08-12T21:21:50.846+0000] {subprocess.py:93} INFO - Caused by: org.apache.spark.SparkException: Exception thrown in awaitResult:
[2026-08-12T21:21:50.850+0000] {subprocess.py:93} INFO - 	at org.apache.spark.util.SparkThreadUtils$.awaitResult(SparkThreadUtils.scala:56)
[2026-08-12T21:21:50.872+0000] {subprocess.py:93} INFO - 	at org.apache.spark.util.ThreadUtils$.awaitResult(ThreadUtils.scala:310)
[2026-08-12T21:21:50.883+0000] {subprocess.py:93} INFO - 	at org.apache.spark.rpc.RpcTimeout.awaitResult(RpcTimeout.scala:75)
[2026-08-12T21:21:50.890+0000] {subprocess.py:93} INFO - 	at org.apache.spark.rpc.RpcEnv.setupEndpointRefByURI(RpcEnv.scala:102)
[2026-08-12T21:21:50.917+0000] {subprocess.py:93} INFO - 	at org.apache.spark.rpc.RpcEnv.setupEndpointRef(RpcEnv.scala:110)
[2026-08-12T21:21:50.954+0000] {subprocess.py:93} INFO - 	at org.apache.spark.util.RpcUtils$.makeDriverRef(RpcUtils.scala:36)
[2026-08-12T21:21:50.964+0000] {subprocess.py:93} INFO - 	at org.apache.spark.storage.BlockManagerMasterEndpoint.driverEndpoint$lzycompute(BlockManagerMasterEndpoint.scala:124)
[2026-08-12T21:21:50.976+0000] {subprocess.py:93} INFO - 	at org.apache.spark.storage.BlockManagerMasterEndpoint.org$apache$spark$storage$BlockManagerMasterEndpoint$$driverEndpoint(BlockManagerMasterEndpoint.scala:123)
[2026-08-12T21:21:50.978+0000] {subprocess.py:93} INFO - 	at org.apache.spark.storage.BlockManagerMasterEndpoint.isExecutorAlive$lzycompute$1(BlockManagerMasterEndpoint.scala:688)
[2026-08-12T21:21:50.995+0000] {subprocess.py:93} INFO - 	at org.apache.spark.storage.BlockManagerMasterEndpoint.isExecutorAlive$1(BlockManagerMasterEndpoint.scala:687)
[2026-08-12T21:21:51.005+0000] {subprocess.py:93} INFO - 	at org.apache.spark.storage.BlockManagerMasterEndpoint.org$apache$spark$storage$BlockManagerMasterEndpoint$$register(BlockManagerMasterEndpoint.scala:725)
[2026-08-12T21:21:51.048+0000] {subprocess.py:93} INFO - 	at org.apache.spark.storage.BlockManagerMasterEndpoint$$anonfun$receiveAndReply$1.applyOrElse(BlockManagerMasterEndpoint.scala:133)
[2026-08-12T21:21:51.160+0000] {subprocess.py:93} INFO - 	at org.apache.spark.rpc.netty.Inbox.$anonfun$process$1(Inbox.scala:103)
[2026-08-12T21:21:51.169+0000] {subprocess.py:93} INFO - 	at org.apache.spark.rpc.netty.Inbox.safelyCall(Inbox.scala:213)
[2026-08-12T21:21:51.201+0000] {subprocess.py:93} INFO - 	at org.apache.spark.rpc.netty.Inbox.process(Inbox.scala:100)
[2026-08-12T21:21:51.212+0000] {subprocess.py:93} INFO - 	at org.apache.spark.rpc.netty.MessageLoop.org$apache$spark$rpc$netty$MessageLoop$$receiveLoop(MessageLoop.scala:75)
[2026-08-12T21:21:51.249+0000] {subprocess.py:93} INFO - 	at org.apache.spark.rpc.netty.MessageLoop$$anon$1.run(MessageLoop.scala:41)
[2026-08-12T21:21:51.266+0000] {subprocess.py:93} INFO - 	... 3 more
[2026-08-12T21:21:51.460+0000] {subprocess.py:93} INFO - Caused by: org.apache.spark.rpc.RpcEndpointNotFoundException: Cannot find endpoint: spark://CoarseGrainedScheduler@4099a95615c9:45169
[2026-08-12T21:21:51.511+0000] {subprocess.py:93} INFO - 	at org.apache.spark.rpc.netty.NettyRpcEnv.$anonfun$asyncSetupEndpointRefByURI$1(NettyRpcEnv.scala:148)
[2026-08-12T21:21:51.538+0000] {subprocess.py:93} INFO - 	at org.apache.spark.rpc.netty.NettyRpcEnv.$anonfun$asyncSetupEndpointRefByURI$1$adapted(NettyRpcEnv.scala:144)
[2026-08-12T21:21:51.554+0000] {subprocess.py:93} INFO - 	at scala.concurrent.Future.$anonfun$flatMap$1(Future.scala:307)
[2026-08-12T21:21:51.583+0000] {subprocess.py:93} INFO - 	at scala.concurrent.impl.Promise.$anonfun$transformWith$1(Promise.scala:41)
[2026-08-12T21:21:51.644+0000] {subprocess.py:93} INFO - 	at scala.concurrent.impl.CallbackRunnable.run(Promise.scala:64)
[2026-08-12T21:21:51.669+0000] {subprocess.py:93} INFO - 	at org.apache.spark.util.ThreadUtils$$anon$1.execute(ThreadUtils.scala:99)
[2026-08-12T21:21:51.699+0000] {subprocess.py:93} INFO - 	at scala.concurrent.impl.ExecutionContextImpl$$anon$4.execute(ExecutionContextImpl.scala:138)
[2026-08-12T21:21:51.726+0000] {subprocess.py:93} INFO - 	at scala.concurrent.impl.CallbackRunnable.executeWithValue(Promise.scala:72)
[2026-08-12T21:21:51.751+0000] {subprocess.py:93} INFO - 	at scala.concurrent.impl.Promise$DefaultPromise.$anonfun$tryComplete$1(Promise.scala:288)
[2026-08-12T21:21:51.815+0000] {subprocess.py:93} INFO - 	at scala.concurrent.impl.Promise$DefaultPromise.$anonfun$tryComplete$1$adapted(Promise.scala:288)
[2026-08-12T21:21:51.830+0000] {subprocess.py:93} INFO - 	at scala.concurrent.impl.Promise$DefaultPromise.tryComplete(Promise.scala:288)
[2026-08-12T21:21:51.834+0000] {subprocess.py:93} INFO - 	at scala.concurrent.Promise.complete(Promise.scala:53)
[2026-08-12T21:21:51.857+0000] {subprocess.py:93} INFO - 	at scala.concurrent.Promise.complete$(Promise.scala:52)
[2026-08-12T21:21:51.881+0000] {subprocess.py:93} INFO - 	at scala.concurrent.impl.Promise$DefaultPromise.complete(Promise.scala:187)
[2026-08-12T21:21:51.888+0000] {subprocess.py:93} INFO - 	at scala.concurrent.impl.Promise.$anonfun$transform$1(Promise.scala:33)
[2026-08-12T21:21:51.909+0000] {subprocess.py:93} INFO - 	at scala.concurrent.impl.CallbackRunnable.run(Promise.scala:64)
[2026-08-12T21:21:51.981+0000] {subprocess.py:93} INFO - 	at org.apache.spark.util.ThreadUtils$$anon$1.execute(ThreadUtils.scala:99)
[2026-08-12T21:21:52.070+0000] {subprocess.py:93} INFO - 	at scala.concurrent.impl.ExecutionContextImpl$$anon$4.execute(ExecutionContextImpl.scala:138)
[2026-08-12T21:21:52.095+0000] {subprocess.py:93} INFO - 	at scala.concurrent.impl.CallbackRunnable.executeWithValue(Promise.scala:72)
[2026-08-12T21:21:52.115+0000] {subprocess.py:93} INFO - 	at scala.concurrent.impl.Promise$DefaultPromise.$anonfun$tryComplete$1(Promise.scala:288)
[2026-08-12T21:21:52.161+0000] {subprocess.py:93} INFO - 	at scala.concurrent.impl.Promise$DefaultPromise.$anonfun$tryComplete$1$adapted(Promise.scala:288)
[2026-08-12T21:21:52.167+0000] {subprocess.py:93} INFO - 	at scala.concurrent.impl.Promise$DefaultPromise.tryComplete(Promise.scala:288)
[2026-08-12T21:21:52.267+0000] {subprocess.py:93} INFO - 	at scala.concurrent.Promise.complete(Promise.scala:53)
[2026-08-12T21:21:52.294+0000] {subprocess.py:93} INFO - 	at scala.concurrent.Promise.complete$(Promise.scala:52)
[2026-08-12T21:21:52.332+0000] {subprocess.py:93} INFO - 	at scala.concurrent.impl.Promise$DefaultPromise.complete(Promise.scala:187)
[2026-08-12T21:21:52.617+0000] {subprocess.py:93} INFO - 	at scala.concurrent.impl.Promise.$anonfun$transform$1(Promise.scala:33)
[2026-08-12T21:21:52.747+0000] {subprocess.py:93} INFO - 	at scala.concurrent.impl.CallbackRunnable.run(Promise.scala:64)
[2026-08-12T21:21:52.950+0000] {subprocess.py:93} INFO - 	at scala.concurrent.BatchingExecutor$Batch.processBatch$1(BatchingExecutor.scala:67)
[2026-08-12T21:21:53.022+0000] {subprocess.py:93} INFO - 	at scala.concurrent.BatchingExecutor$Batch.$anonfun$run$1(BatchingExecutor.scala:82)
[2026-08-12T21:21:53.263+0000] {subprocess.py:93} INFO - 	at scala.runtime.java8.JFunction0$mcV$sp.apply(JFunction0$mcV$sp.java:23)
[2026-08-12T21:21:53.307+0000] {subprocess.py:93} INFO - 	at scala.concurrent.BlockContext$.withBlockContext(BlockContext.scala:85)
[2026-08-12T21:21:53.346+0000] {subprocess.py:93} INFO - 	at scala.concurrent.BatchingExecutor$Batch.run(BatchingExecutor.scala:59)
[2026-08-12T21:21:53.357+0000] {subprocess.py:93} INFO - 	at scala.concurrent.Future$InternalCallbackExecutor$.unbatchedExecute(Future.scala:875)
[2026-08-12T21:21:53.396+0000] {subprocess.py:93} INFO - 	at scala.concurrent.BatchingExecutor.execute(BatchingExecutor.scala:110)
[2026-08-12T21:21:53.464+0000] {subprocess.py:93} INFO - 	at scala.concurrent.BatchingExecutor.execute$(BatchingExecutor.scala:107)
[2026-08-12T21:21:53.528+0000] {subprocess.py:93} INFO - 	at scala.concurrent.Future$InternalCallbackExecutor$.execute(Future.scala:873)
[2026-08-12T21:21:53.670+0000] {subprocess.py:93} INFO - 	at scala.concurrent.impl.CallbackRunnable.executeWithValue(Promise.scala:72)
[2026-08-12T21:21:53.594+0000] {job.py:229} INFO - Heartbeat recovered after 12.70 seconds
[2026-08-12T21:21:53.680+0000] {subprocess.py:93} INFO - 	at scala.concurrent.impl.Promise$DefaultPromise.$anonfun$tryComplete$1(Promise.scala:288)
[2026-08-12T21:21:53.707+0000] {subprocess.py:93} INFO - 	at scala.concurrent.impl.Promise$DefaultPromise.$anonfun$tryComplete$1$adapted(Promise.scala:288)
[2026-08-12T21:21:53.711+0000] {subprocess.py:93} INFO - 	at scala.concurrent.impl.Promise$DefaultPromise.tryComplete(Promise.scala:288)
[2026-08-12T21:21:53.780+0000] {subprocess.py:93} INFO - 	at scala.concurrent.Promise.trySuccess(Promise.scala:94)
[2026-08-12T21:21:53.821+0000] {subprocess.py:93} INFO - 	at scala.concurrent.Promise.trySuccess$(Promise.scala:94)
[2026-08-12T21:21:53.841+0000] {subprocess.py:93} INFO - 	at scala.concurrent.impl.Promise$DefaultPromise.trySuccess(Promise.scala:187)
[2026-08-12T21:21:53.861+0000] {subprocess.py:93} INFO - 	at org.apache.spark.rpc.netty.NettyRpcEnv.onSuccess$1(NettyRpcEnv.scala:225)
[2026-08-12T21:21:53.966+0000] {subprocess.py:93} INFO - 	at org.apache.spark.rpc.netty.NettyRpcEnv.$anonfun$askAbortable$5(NettyRpcEnv.scala:239)
[2026-08-12T21:21:53.989+0000] {subprocess.py:93} INFO - 	at org.apache.spark.rpc.netty.NettyRpcEnv.$anonfun$askAbortable$5$adapted(NettyRpcEnv.scala:238)
[2026-08-12T21:21:54.011+0000] {subprocess.py:93} INFO - 	at scala.concurrent.impl.CallbackRunnable.run(Promise.scala:64)
[2026-08-12T21:21:54.041+0000] {subprocess.py:93} INFO - 	at org.apache.spark.util.ThreadUtils$$anon$1.execute(ThreadUtils.scala:99)
[2026-08-12T21:21:54.069+0000] {subprocess.py:93} INFO - 	at scala.concurrent.impl.ExecutionContextImpl$$anon$4.execute(ExecutionContextImpl.scala:138)
[2026-08-12T21:21:54.173+0000] {subprocess.py:93} INFO - 	at scala.concurrent.impl.CallbackRunnable.executeWithValue(Promise.scala:72)
[2026-08-12T21:21:54.200+0000] {subprocess.py:93} INFO - 	at scala.concurrent.impl.Promise$DefaultPromise.$anonfun$tryComplete$1(Promise.scala:288)
[2026-08-12T21:21:54.331+0000] {subprocess.py:93} INFO - 	at scala.concurrent.impl.Promise$DefaultPromise.$anonfun$tryComplete$1$adapted(Promise.scala:288)
[2026-08-12T21:21:54.347+0000] {subprocess.py:93} INFO - 	at scala.concurrent.impl.Promise$DefaultPromise.tryComplete(Promise.scala:288)
[2026-08-12T21:21:54.353+0000] {subprocess.py:93} INFO - 	at scala.concurrent.Promise.complete(Promise.scala:53)
[2026-08-12T21:21:54.362+0000] {subprocess.py:93} INFO - 	at scala.concurrent.Promise.complete$(Promise.scala:52)
[2026-08-12T21:21:54.424+0000] {subprocess.py:93} INFO - 	at scala.concurrent.impl.Promise$DefaultPromise.complete(Promise.scala:187)
[2026-08-12T21:21:54.445+0000] {subprocess.py:93} INFO - 	at scala.concurrent.Promise.success(Promise.scala:86)
[2026-08-12T21:21:54.486+0000] {subprocess.py:93} INFO - 	at scala.concurrent.Promise.success$(Promise.scala:86)
[2026-08-12T21:21:54.506+0000] {subprocess.py:93} INFO - 	at scala.concurrent.impl.Promise$DefaultPromise.success(Promise.scala:187)
[2026-08-12T21:21:54.524+0000] {subprocess.py:93} INFO - 	at org.apache.spark.rpc.netty.LocalNettyRpcCallContext.send(NettyRpcCallContext.scala:50)
[2026-08-12T21:21:54.542+0000] {subprocess.py:93} INFO - 	at org.apache.spark.rpc.netty.NettyRpcCallContext.reply(NettyRpcCallContext.scala:32)
[2026-08-12T21:21:54.559+0000] {subprocess.py:93} INFO - 	at org.apache.spark.rpc.netty.RpcEndpointVerifier$$anonfun$receiveAndReply$1.applyOrElse(RpcEndpointVerifier.scala:31)
[2026-08-12T21:21:54.604+0000] {subprocess.py:93} INFO - 	... 8 more
[2026-08-12T21:21:54.621+0000] {subprocess.py:93} INFO - 26/08/12 21:21:48 ERROR Inbox: Ignoring error
[2026-08-12T21:21:54.636+0000] {subprocess.py:93} INFO - org.apache.spark.SparkException: Exception thrown in awaitResult:
[2026-08-12T21:21:54.727+0000] {subprocess.py:93} INFO - 	at org.apache.spark.util.SparkThreadUtils$.awaitResult(SparkThreadUtils.scala:56)
[2026-08-12T21:21:54.735+0000] {subprocess.py:93} INFO - 	at org.apache.spark.util.ThreadUtils$.awaitResult(ThreadUtils.scala:310)
[2026-08-12T21:21:54.747+0000] {subprocess.py:93} INFO - 	at org.apache.spark.rpc.RpcTimeout.awaitResult(RpcTimeout.scala:75)
[2026-08-12T21:21:54.761+0000] {subprocess.py:93} INFO - 	at org.apache.spark.rpc.RpcEnv.setupEndpointRefByURI(RpcEnv.scala:102)
[2026-08-12T21:21:54.765+0000] {subprocess.py:93} INFO - 	at org.apache.spark.rpc.RpcEnv.setupEndpointRef(RpcEnv.scala:110)
[2026-08-12T21:21:54.780+0000] {subprocess.py:93} INFO - 	at org.apache.spark.util.RpcUtils$.makeDriverRef(RpcUtils.scala:36)
[2026-08-12T21:21:54.790+0000] {subprocess.py:93} INFO - 	at org.apache.spark.storage.BlockManagerMasterEndpoint.driverEndpoint$lzycompute(BlockManagerMasterEndpoint.scala:124)
[2026-08-12T21:21:54.794+0000] {subprocess.py:93} INFO - 	at org.apache.spark.storage.BlockManagerMasterEndpoint.org$apache$spark$storage$BlockManagerMasterEndpoint$$driverEndpoint(BlockManagerMasterEndpoint.scala:123)
[2026-08-12T21:21:54.806+0000] {subprocess.py:93} INFO - 	at org.apache.spark.storage.BlockManagerMasterEndpoint.isExecutorAlive$lzycompute$1(BlockManagerMasterEndpoint.scala:688)
[2026-08-12T21:21:54.817+0000] {subprocess.py:93} INFO - 	at org.apache.spark.storage.BlockManagerMasterEndpoint.isExecutorAlive$1(BlockManagerMasterEndpoint.scala:687)
[2026-08-12T21:21:54.826+0000] {subprocess.py:93} INFO - 	at org.apache.spark.storage.BlockManagerMasterEndpoint.org$apache$spark$storage$BlockManagerMasterEndpoint$$register(BlockManagerMasterEndpoint.scala:725)
[2026-08-12T21:21:54.900+0000] {subprocess.py:93} INFO - 	at org.apache.spark.storage.BlockManagerMasterEndpoint$$anonfun$receiveAndReply$1.applyOrElse(BlockManagerMasterEndpoint.scala:133)
[2026-08-12T21:21:54.920+0000] {subprocess.py:93} INFO - 	at org.apache.spark.rpc.netty.Inbox.$anonfun$process$1(Inbox.scala:103)
[2026-08-12T21:21:54.923+0000] {subprocess.py:93} INFO - 	at org.apache.spark.rpc.netty.Inbox.safelyCall(Inbox.scala:213)
[2026-08-12T21:21:54.935+0000] {subprocess.py:93} INFO - 	at org.apache.spark.rpc.netty.Inbox.process(Inbox.scala:100)
[2026-08-12T21:21:54.959+0000] {subprocess.py:93} INFO - 	at org.apache.spark.rpc.netty.MessageLoop.org$apache$spark$rpc$netty$MessageLoop$$receiveLoop(MessageLoop.scala:75)
[2026-08-12T21:21:54.986+0000] {subprocess.py:93} INFO - 	at org.apache.spark.rpc.netty.MessageLoop$$anon$1.run(MessageLoop.scala:41)
[2026-08-12T21:21:54.989+0000] {subprocess.py:93} INFO - 	at java.base/java.util.concurrent.ThreadPoolExecutor.runWorker(ThreadPoolExecutor.java:1136)
[2026-08-12T21:21:55.006+0000] {subprocess.py:93} INFO - 	at java.base/java.util.concurrent.ThreadPoolExecutor$Worker.run(ThreadPoolExecutor.java:635)
[2026-08-12T21:21:55.050+0000] {subprocess.py:93} INFO - 	at java.base/java.lang.Thread.run(Thread.java:840)
[2026-08-12T21:21:55.064+0000] {subprocess.py:93} INFO - Caused by: org.apache.spark.rpc.RpcEndpointNotFoundException: Cannot find endpoint: spark://CoarseGrainedScheduler@4099a95615c9:45169
[2026-08-12T21:21:55.101+0000] {subprocess.py:93} INFO - 	at org.apache.spark.rpc.netty.NettyRpcEnv.$anonfun$asyncSetupEndpointRefByURI$1(NettyRpcEnv.scala:148)
[2026-08-12T21:21:55.119+0000] {subprocess.py:93} INFO - 	at org.apache.spark.rpc.netty.NettyRpcEnv.$anonfun$asyncSetupEndpointRefByURI$1$adapted(NettyRpcEnv.scala:144)
[2026-08-12T21:21:55.176+0000] {subprocess.py:93} INFO - 	at scala.concurrent.Future.$anonfun$flatMap$1(Future.scala:307)
[2026-08-12T21:21:55.191+0000] {subprocess.py:93} INFO - 	at scala.concurrent.impl.Promise.$anonfun$transformWith$1(Promise.scala:41)
[2026-08-12T21:21:55.249+0000] {subprocess.py:93} INFO - 	at scala.concurrent.impl.CallbackRunnable.run(Promise.scala:64)
[2026-08-12T21:21:55.264+0000] {subprocess.py:93} INFO - 	at org.apache.spark.util.ThreadUtils$$anon$1.execute(ThreadUtils.scala:99)
[2026-08-12T21:21:55.305+0000] {subprocess.py:93} INFO - 	at scala.concurrent.impl.ExecutionContextImpl$$anon$4.execute(ExecutionContextImpl.scala:138)
[2026-08-12T21:21:55.324+0000] {subprocess.py:93} INFO - 	at scala.concurrent.impl.CallbackRunnable.executeWithValue(Promise.scala:72)
[2026-08-12T21:21:55.341+0000] {subprocess.py:93} INFO - 	at scala.concurrent.impl.Promise$DefaultPromise.$anonfun$tryComplete$1(Promise.scala:288)
[2026-08-12T21:21:55.350+0000] {subprocess.py:93} INFO - 	at scala.concurrent.impl.Promise$DefaultPromise.$anonfun$tryComplete$1$adapted(Promise.scala:288)
[2026-08-12T21:21:55.387+0000] {subprocess.py:93} INFO - 	at scala.concurrent.impl.Promise$DefaultPromise.tryComplete(Promise.scala:288)
[2026-08-12T21:21:55.448+0000] {subprocess.py:93} INFO - 	at scala.concurrent.Promise.complete(Promise.scala:53)
[2026-08-12T21:21:55.482+0000] {subprocess.py:93} INFO - 	at scala.concurrent.Promise.complete$(Promise.scala:52)
[2026-08-12T21:21:55.487+0000] {subprocess.py:93} INFO - 	at scala.concurrent.impl.Promise$DefaultPromise.complete(Promise.scala:187)
[2026-08-12T21:21:55.523+0000] {subprocess.py:93} INFO - 	at scala.concurrent.impl.Promise.$anonfun$transform$1(Promise.scala:33)
[2026-08-12T21:21:55.538+0000] {subprocess.py:93} INFO - 	at scala.concurrent.impl.CallbackRunnable.run(Promise.scala:64)
[2026-08-12T21:21:55.592+0000] {subprocess.py:93} INFO - 	at org.apache.spark.util.ThreadUtils$$anon$1.execute(ThreadUtils.scala:99)
[2026-08-12T21:21:55.612+0000] {subprocess.py:93} INFO - 	at scala.concurrent.impl.ExecutionContextImpl$$anon$4.execute(ExecutionContextImpl.scala:138)
[2026-08-12T21:21:55.618+0000] {subprocess.py:93} INFO - 	at scala.concurrent.impl.CallbackRunnable.executeWithValue(Promise.scala:72)
[2026-08-12T21:21:55.631+0000] {subprocess.py:93} INFO - 	at scala.concurrent.impl.Promise$DefaultPromise.$anonfun$tryComplete$1(Promise.scala:288)
[2026-08-12T21:21:55.634+0000] {subprocess.py:93} INFO - 	at scala.concurrent.impl.Promise$DefaultPromise.$anonfun$tryComplete$1$adapted(Promise.scala:288)
[2026-08-12T21:21:55.644+0000] {subprocess.py:93} INFO - 	at scala.concurrent.impl.Promise$DefaultPromise.tryComplete(Promise.scala:288)
[2026-08-12T21:21:55.649+0000] {subprocess.py:93} INFO - 	at scala.concurrent.Promise.complete(Promise.scala:53)
[2026-08-12T21:21:55.679+0000] {subprocess.py:93} INFO - 	at scala.concurrent.Promise.complete$(Promise.scala:52)
[2026-08-12T21:21:55.687+0000] {subprocess.py:93} INFO - 	at scala.concurrent.impl.Promise$DefaultPromise.complete(Promise.scala:187)
[2026-08-12T21:21:55.720+0000] {subprocess.py:93} INFO - 	at scala.concurrent.impl.Promise.$anonfun$transform$1(Promise.scala:33)
[2026-08-12T21:21:55.730+0000] {subprocess.py:93} INFO - 	at scala.concurrent.impl.CallbackRunnable.run(Promise.scala:64)
[2026-08-12T21:21:55.762+0000] {subprocess.py:93} INFO - 	at scala.concurrent.BatchingExecutor$Batch.processBatch$1(BatchingExecutor.scala:67)
[2026-08-12T21:21:55.826+0000] {subprocess.py:93} INFO - 	at scala.concurrent.BatchingExecutor$Batch.$anonfun$run$1(BatchingExecutor.scala:82)
[2026-08-12T21:21:56.173+0000] {subprocess.py:93} INFO - 	at scala.runtime.java8.JFunction0$mcV$sp.apply(JFunction0$mcV$sp.java:23)
[2026-08-12T21:21:56.306+0000] {subprocess.py:93} INFO - 	at scala.concurrent.BlockContext$.withBlockContext(BlockContext.scala:85)
[2026-08-12T21:21:56.378+0000] {subprocess.py:93} INFO - 	at scala.concurrent.BatchingExecutor$Batch.run(BatchingExecutor.scala:59)
[2026-08-12T21:21:56.388+0000] {subprocess.py:93} INFO - 	at scala.concurrent.Future$InternalCallbackExecutor$.unbatchedExecute(Future.scala:875)
[2026-08-12T21:21:56.405+0000] {subprocess.py:93} INFO - 	at scala.concurrent.BatchingExecutor.execute(BatchingExecutor.scala:110)
[2026-08-12T21:21:56.434+0000] {subprocess.py:93} INFO - 	at scala.concurrent.BatchingExecutor.execute$(BatchingExecutor.scala:107)
[2026-08-12T21:21:56.475+0000] {subprocess.py:93} INFO - 	at scala.concurrent.Future$InternalCallbackExecutor$.execute(Future.scala:873)
[2026-08-12T21:21:56.530+0000] {subprocess.py:93} INFO - 	at scala.concurrent.impl.CallbackRunnable.executeWithValue(Promise.scala:72)
[2026-08-12T21:21:56.634+0000] {subprocess.py:93} INFO - 	at scala.concurrent.impl.Promise$DefaultPromise.$anonfun$tryComplete$1(Promise.scala:288)
[2026-08-12T21:21:56.876+0000] {subprocess.py:93} INFO - 	at scala.concurrent.impl.Promise$DefaultPromise.$anonfun$tryComplete$1$adapted(Promise.scala:288)
[2026-08-12T21:21:56.959+0000] {subprocess.py:93} INFO - 	at scala.concurrent.impl.Promise$DefaultPromise.tryComplete(Promise.scala:288)
[2026-08-12T21:21:57.040+0000] {subprocess.py:93} INFO - 	at scala.concurrent.Promise.trySuccess(Promise.scala:94)
[2026-08-12T21:21:57.151+0000] {subprocess.py:93} INFO - 	at scala.concurrent.Promise.trySuccess$(Promise.scala:94)
[2026-08-12T21:21:57.202+0000] {subprocess.py:93} INFO - 	at scala.concurrent.impl.Promise$DefaultPromise.trySuccess(Promise.scala:187)
[2026-08-12T21:21:57.233+0000] {subprocess.py:93} INFO - 	at org.apache.spark.rpc.netty.NettyRpcEnv.onSuccess$1(NettyRpcEnv.scala:225)
[2026-08-12T21:21:57.314+0000] {subprocess.py:93} INFO - 	at org.apache.spark.rpc.netty.NettyRpcEnv.$anonfun$askAbortable$5(NettyRpcEnv.scala:239)
[2026-08-12T21:21:57.321+0000] {subprocess.py:93} INFO - 	at org.apache.spark.rpc.netty.NettyRpcEnv.$anonfun$askAbortable$5$adapted(NettyRpcEnv.scala:238)
[2026-08-12T21:21:57.334+0000] {subprocess.py:93} INFO - 	at scala.concurrent.impl.CallbackRunnable.run(Promise.scala:64)
[2026-08-12T21:21:57.358+0000] {subprocess.py:93} INFO - 	at org.apache.spark.util.ThreadUtils$$anon$1.execute(ThreadUtils.scala:99)
[2026-08-12T21:21:57.381+0000] {subprocess.py:93} INFO - 	at scala.concurrent.impl.ExecutionContextImpl$$anon$4.execute(ExecutionContextImpl.scala:138)
[2026-08-12T21:21:57.414+0000] {subprocess.py:93} INFO - 	at scala.concurrent.impl.CallbackRunnable.executeWithValue(Promise.scala:72)
[2026-08-12T21:21:57.434+0000] {subprocess.py:93} INFO - 	at scala.concurrent.impl.Promise$DefaultPromise.$anonfun$tryComplete$1(Promise.scala:288)
[2026-08-12T21:21:57.467+0000] {subprocess.py:93} INFO - 	at scala.concurrent.impl.Promise$DefaultPromise.$anonfun$tryComplete$1$adapted(Promise.scala:288)
[2026-08-12T21:21:57.483+0000] {subprocess.py:93} INFO - 	at scala.concurrent.impl.Promise$DefaultPromise.tryComplete(Promise.scala:288)
[2026-08-12T21:21:57.502+0000] {subprocess.py:93} INFO - 	at scala.concurrent.Promise.complete(Promise.scala:53)
[2026-08-12T21:21:57.534+0000] {subprocess.py:93} INFO - 	at scala.concurrent.Promise.complete$(Promise.scala:52)
[2026-08-12T21:21:57.547+0000] {subprocess.py:93} INFO - 	at scala.concurrent.impl.Promise$DefaultPromise.complete(Promise.scala:187)
[2026-08-12T21:21:57.556+0000] {subprocess.py:93} INFO - 	at scala.concurrent.Promise.success(Promise.scala:86)
[2026-08-12T21:21:57.588+0000] {subprocess.py:93} INFO - 	at scala.concurrent.Promise.success$(Promise.scala:86)
[2026-08-12T21:21:57.600+0000] {subprocess.py:93} INFO - 	at scala.concurrent.impl.Promise$DefaultPromise.success(Promise.scala:187)
[2026-08-12T21:21:57.644+0000] {subprocess.py:93} INFO - 	at org.apache.spark.rpc.netty.LocalNettyRpcCallContext.send(NettyRpcCallContext.scala:50)
[2026-08-12T21:21:57.693+0000] {subprocess.py:93} INFO - 	at org.apache.spark.rpc.netty.NettyRpcCallContext.reply(NettyRpcCallContext.scala:32)
[2026-08-12T21:21:57.769+0000] {subprocess.py:93} INFO - 	at org.apache.spark.rpc.netty.RpcEndpointVerifier$$anonfun$receiveAndReply$1.applyOrElse(RpcEndpointVerifier.scala:31)
[2026-08-12T21:21:57.782+0000] {subprocess.py:93} INFO - 	... 8 more
[2026-08-12T21:21:57.796+0000] {subprocess.py:93} INFO - 26/08/12 21:21:48 WARN Executor: Issue communicating with driver in heartbeater
[2026-08-12T21:21:57.828+0000] {subprocess.py:93} INFO - org.apache.spark.SparkException: Exception thrown in awaitResult:
[2026-08-12T21:21:57.855+0000] {subprocess.py:93} INFO - 	at org.apache.spark.util.SparkThreadUtils$.awaitResult(SparkThreadUtils.scala:56)
[2026-08-12T21:21:57.863+0000] {subprocess.py:93} INFO - 	at org.apache.spark.util.ThreadUtils$.awaitResult(ThreadUtils.scala:310)
[2026-08-12T21:21:57.917+0000] {subprocess.py:93} INFO - 	at org.apache.spark.rpc.RpcTimeout.awaitResult(RpcTimeout.scala:75)
[2026-08-12T21:21:58.002+0000] {subprocess.py:93} INFO - 	at org.apache.spark.rpc.RpcEndpointRef.askSync(RpcEndpointRef.scala:101)
[2026-08-12T21:21:58.063+0000] {subprocess.py:93} INFO - 	at org.apache.spark.rpc.RpcEndpointRef.askSync(RpcEndpointRef.scala:85)
[2026-08-12T21:21:58.142+0000] {subprocess.py:93} INFO - 	at org.apache.spark.storage.BlockManagerMaster.registerBlockManager(BlockManagerMaster.scala:80)
[2026-08-12T21:21:58.204+0000] {subprocess.py:93} INFO - 	at org.apache.spark.storage.BlockManager.reregister(BlockManager.scala:642)
[2026-08-12T21:21:58.256+0000] {subprocess.py:93} INFO - 	at org.apache.spark.executor.Executor.reportHeartBeat(Executor.scala:1223)
[2026-08-12T21:21:58.415+0000] {subprocess.py:93} INFO - 	at org.apache.spark.executor.Executor.$anonfun$heartbeater$1(Executor.scala:295)
[2026-08-12T21:21:58.484+0000] {subprocess.py:93} INFO - 	at scala.runtime.java8.JFunction0$mcV$sp.apply(JFunction0$mcV$sp.java:23)
[2026-08-12T21:21:58.504+0000] {subprocess.py:93} INFO - 	at org.apache.spark.util.Utils$.logUncaughtExceptions(Utils.scala:1928)
[2026-08-12T21:21:58.531+0000] {subprocess.py:93} INFO - 	at org.apache.spark.Heartbeater$$anon$1.run(Heartbeater.scala:46)
[2026-08-12T21:21:58.544+0000] {subprocess.py:93} INFO - 	at java.base/java.util.concurrent.Executors$RunnableAdapter.call(Executors.java:539)
[2026-08-12T21:21:58.555+0000] {subprocess.py:93} INFO - 	at java.base/java.util.concurrent.FutureTask.runAndReset(FutureTask.java:305)
[2026-08-12T21:21:58.580+0000] {subprocess.py:93} INFO - 	at java.base/java.util.concurrent.ScheduledThreadPoolExecutor$ScheduledFutureTask.run(ScheduledThreadPoolExecutor.java:305)
[2026-08-12T21:21:58.661+0000] {subprocess.py:93} INFO - 	at java.base/java.util.concurrent.ThreadPoolExecutor.runWorker(ThreadPoolExecutor.java:1136)
[2026-08-12T21:21:58.673+0000] {subprocess.py:93} INFO - 	at java.base/java.util.concurrent.ThreadPoolExecutor$Worker.run(ThreadPoolExecutor.java:635)
[2026-08-12T21:21:58.675+0000] {subprocess.py:93} INFO - 	at java.base/java.lang.Thread.run(Thread.java:840)
[2026-08-12T21:21:58.680+0000] {subprocess.py:93} INFO - Caused by: org.apache.spark.SparkException: Exception thrown in awaitResult:
[2026-08-12T21:21:58.684+0000] {subprocess.py:93} INFO - 	at org.apache.spark.util.SparkThreadUtils$.awaitResult(SparkThreadUtils.scala:56)
[2026-08-12T21:21:58.699+0000] {subprocess.py:93} INFO - 	at org.apache.spark.util.ThreadUtils$.awaitResult(ThreadUtils.scala:310)
[2026-08-12T21:21:58.713+0000] {subprocess.py:93} INFO - 	at org.apache.spark.rpc.RpcTimeout.awaitResult(RpcTimeout.scala:75)
[2026-08-12T21:21:58.733+0000] {subprocess.py:93} INFO - 	at org.apache.spark.rpc.RpcEnv.setupEndpointRefByURI(RpcEnv.scala:102)
[2026-08-12T21:21:58.797+0000] {subprocess.py:93} INFO - 	at org.apache.spark.rpc.RpcEnv.setupEndpointRef(RpcEnv.scala:110)
[2026-08-12T21:21:58.944+0000] {subprocess.py:93} INFO - 	at org.apache.spark.util.RpcUtils$.makeDriverRef(RpcUtils.scala:36)
[2026-08-12T21:21:59.087+0000] {subprocess.py:93} INFO - 	at org.apache.spark.storage.BlockManagerMasterEndpoint.driverEndpoint$lzycompute(BlockManagerMasterEndpoint.scala:124)
[2026-08-12T21:21:59.128+0000] {subprocess.py:93} INFO - 	at org.apache.spark.storage.BlockManagerMasterEndpoint.org$apache$spark$storage$BlockManagerMasterEndpoint$$driverEndpoint(BlockManagerMasterEndpoint.scala:123)
[2026-08-12T21:21:59.134+0000] {subprocess.py:93} INFO - 	at org.apache.spark.storage.BlockManagerMasterEndpoint.isExecutorAlive$lzycompute$1(BlockManagerMasterEndpoint.scala:688)
[2026-08-12T21:21:59.165+0000] {subprocess.py:93} INFO - 	at org.apache.spark.storage.BlockManagerMasterEndpoint.isExecutorAlive$1(BlockManagerMasterEndpoint.scala:687)
[2026-08-12T21:21:59.244+0000] {subprocess.py:93} INFO - 	at org.apache.spark.storage.BlockManagerMasterEndpoint.org$apache$spark$storage$BlockManagerMasterEndpoint$$register(BlockManagerMasterEndpoint.scala:725)
[2026-08-12T21:21:59.280+0000] {subprocess.py:93} INFO - 	at org.apache.spark.storage.BlockManagerMasterEndpoint$$anonfun$receiveAndReply$1.applyOrElse(BlockManagerMasterEndpoint.scala:133)
[2026-08-12T21:21:59.418+0000] {subprocess.py:93} INFO - 	at org.apache.spark.rpc.netty.Inbox.$anonfun$process$1(Inbox.scala:103)
[2026-08-12T21:21:59.659+0000] {subprocess.py:93} INFO - 	at org.apache.spark.rpc.netty.Inbox.safelyCall(Inbox.scala:213)
[2026-08-12T21:21:59.692+0000] {subprocess.py:93} INFO - 	at org.apache.spark.rpc.netty.Inbox.process(Inbox.scala:100)
[2026-08-12T21:21:59.735+0000] {subprocess.py:93} INFO - 	at org.apache.spark.rpc.netty.MessageLoop.org$apache$spark$rpc$netty$MessageLoop$$receiveLoop(MessageLoop.scala:75)
[2026-08-12T21:21:59.828+0000] {subprocess.py:93} INFO - 	at org.apache.spark.rpc.netty.MessageLoop$$anon$1.run(MessageLoop.scala:41)
[2026-08-12T21:21:59.861+0000] {subprocess.py:93} INFO - 	... 3 more
[2026-08-12T21:21:59.924+0000] {subprocess.py:93} INFO - Caused by: org.apache.spark.rpc.RpcEndpointNotFoundException: Cannot find endpoint: spark://CoarseGrainedScheduler@4099a95615c9:45169
[2026-08-12T21:21:59.928+0000] {subprocess.py:93} INFO - 	at org.apache.spark.rpc.netty.NettyRpcEnv.$anonfun$asyncSetupEndpointRefByURI$1(NettyRpcEnv.scala:148)
[2026-08-12T21:21:59.940+0000] {subprocess.py:93} INFO - 	at org.apache.spark.rpc.netty.NettyRpcEnv.$anonfun$asyncSetupEndpointRefByURI$1$adapted(NettyRpcEnv.scala:144)
[2026-08-12T21:22:00.058+0000] {subprocess.py:93} INFO - 	at scala.concurrent.Future.$anonfun$flatMap$1(Future.scala:307)
[2026-08-12T21:22:00.608+0000] {subprocess.py:93} INFO - 	at scala.concurrent.impl.Promise.$anonfun$transformWith$1(Promise.scala:41)
[2026-08-12T21:22:00.617+0000] {subprocess.py:93} INFO - 	at scala.concurrent.impl.CallbackRunnable.run(Promise.scala:64)
[2026-08-12T21:22:00.646+0000] {subprocess.py:93} INFO - 	at org.apache.spark.util.ThreadUtils$$anon$1.execute(ThreadUtils.scala:99)
[2026-08-12T21:22:00.662+0000] {subprocess.py:93} INFO - 	at scala.concurrent.impl.ExecutionContextImpl$$anon$4.execute(ExecutionContextImpl.scala:138)
[2026-08-12T21:22:00.688+0000] {subprocess.py:93} INFO - 	at scala.concurrent.impl.CallbackRunnable.executeWithValue(Promise.scala:72)
[2026-08-12T21:22:00.698+0000] {subprocess.py:93} INFO - 	at scala.concurrent.impl.Promise$DefaultPromise.$anonfun$tryComplete$1(Promise.scala:288)
[2026-08-12T21:22:00.717+0000] {subprocess.py:93} INFO - 	at scala.concurrent.impl.Promise$DefaultPromise.$anonfun$tryComplete$1$adapted(Promise.scala:288)
[2026-08-12T21:22:00.719+0000] {subprocess.py:93} INFO - 	at scala.concurrent.impl.Promise$DefaultPromise.tryComplete(Promise.scala:288)
[2026-08-12T21:22:00.730+0000] {subprocess.py:93} INFO - 	at scala.concurrent.Promise.complete(Promise.scala:53)
[2026-08-12T21:22:00.733+0000] {subprocess.py:93} INFO - 	at scala.concurrent.Promise.complete$(Promise.scala:52)
[2026-08-12T21:22:00.736+0000] {subprocess.py:93} INFO - 	at scala.concurrent.impl.Promise$DefaultPromise.complete(Promise.scala:187)
[2026-08-12T21:22:00.738+0000] {subprocess.py:93} INFO - 	at scala.concurrent.impl.Promise.$anonfun$transform$1(Promise.scala:33)
[2026-08-12T21:22:00.743+0000] {subprocess.py:93} INFO - 	at scala.concurrent.impl.CallbackRunnable.run(Promise.scala:64)
[2026-08-12T21:22:00.750+0000] {subprocess.py:93} INFO - 	at org.apache.spark.util.ThreadUtils$$anon$1.execute(ThreadUtils.scala:99)
[2026-08-12T21:22:00.766+0000] {subprocess.py:93} INFO - 	at scala.concurrent.impl.ExecutionContextImpl$$anon$4.execute(ExecutionContextImpl.scala:138)
[2026-08-12T21:22:00.770+0000] {subprocess.py:93} INFO - 	at scala.concurrent.impl.CallbackRunnable.executeWithValue(Promise.scala:72)
[2026-08-12T21:22:00.773+0000] {subprocess.py:93} INFO - 	at scala.concurrent.impl.Promise$DefaultPromise.$anonfun$tryComplete$1(Promise.scala:288)
[2026-08-12T21:22:00.786+0000] {subprocess.py:93} INFO - 	at scala.concurrent.impl.Promise$DefaultPromise.$anonfun$tryComplete$1$adapted(Promise.scala:288)
[2026-08-12T21:22:00.806+0000] {subprocess.py:93} INFO - 	at scala.concurrent.impl.Promise$DefaultPromise.tryComplete(Promise.scala:288)
[2026-08-12T21:22:00.815+0000] {subprocess.py:93} INFO - 	at scala.concurrent.Promise.complete(Promise.scala:53)
[2026-08-12T21:22:00.892+0000] {subprocess.py:93} INFO - 	at scala.concurrent.Promise.complete$(Promise.scala:52)
[2026-08-12T21:22:00.976+0000] {subprocess.py:93} INFO - 	at scala.concurrent.impl.Promise$DefaultPromise.complete(Promise.scala:187)
[2026-08-12T21:22:01.384+0000] {subprocess.py:93} INFO - 	at scala.concurrent.impl.Promise.$anonfun$transform$1(Promise.scala:33)
[2026-08-12T21:22:01.397+0000] {subprocess.py:93} INFO - 	at scala.concurrent.impl.CallbackRunnable.run(Promise.scala:64)
[2026-08-12T21:22:01.421+0000] {subprocess.py:93} INFO - 	at scala.concurrent.BatchingExecutor$Batch.processBatch$1(BatchingExecutor.scala:67)
[2026-08-12T21:22:01.454+0000] {subprocess.py:93} INFO - 	at scala.concurrent.BatchingExecutor$Batch.$anonfun$run$1(BatchingExecutor.scala:82)
[2026-08-12T21:22:01.507+0000] {subprocess.py:93} INFO - 	at scala.runtime.java8.JFunction0$mcV$sp.apply(JFunction0$mcV$sp.java:23)
[2026-08-12T21:22:01.537+0000] {subprocess.py:93} INFO - 	at scala.concurrent.BlockContext$.withBlockContext(BlockContext.scala:85)
[2026-08-12T21:22:01.569+0000] {subprocess.py:93} INFO - 	at scala.concurrent.BatchingExecutor$Batch.run(BatchingExecutor.scala:59)
[2026-08-12T21:22:01.681+0000] {subprocess.py:93} INFO - 	at scala.concurrent.Future$InternalCallbackExecutor$.unbatchedExecute(Future.scala:875)
[2026-08-12T21:22:01.696+0000] {subprocess.py:93} INFO - 	at scala.concurrent.BatchingExecutor.execute(BatchingExecutor.scala:110)
[2026-08-12T21:22:01.729+0000] {subprocess.py:93} INFO - 	at scala.concurrent.BatchingExecutor.execute$(BatchingExecutor.scala:107)
[2026-08-12T21:22:01.759+0000] {subprocess.py:93} INFO - 	at scala.concurrent.Future$InternalCallbackExecutor$.execute(Future.scala:873)
[2026-08-12T21:22:01.773+0000] {subprocess.py:93} INFO - 	at scala.concurrent.impl.CallbackRunnable.executeWithValue(Promise.scala:72)
[2026-08-12T21:22:01.789+0000] {subprocess.py:93} INFO - 	at scala.concurrent.impl.Promise$DefaultPromise.$anonfun$tryComplete$1(Promise.scala:288)
[2026-08-12T21:22:01.896+0000] {subprocess.py:93} INFO - 	at scala.concurrent.impl.Promise$DefaultPromise.$anonfun$tryComplete$1$adapted(Promise.scala:288)
[2026-08-12T21:22:01.913+0000] {subprocess.py:93} INFO - 	at scala.concurrent.impl.Promise$DefaultPromise.tryComplete(Promise.scala:288)
[2026-08-12T21:22:01.921+0000] {subprocess.py:93} INFO - 	at scala.concurrent.Promise.trySuccess(Promise.scala:94)
[2026-08-12T21:22:01.924+0000] {subprocess.py:93} INFO - 	at scala.concurrent.Promise.trySuccess$(Promise.scala:94)
[2026-08-12T21:22:01.945+0000] {subprocess.py:93} INFO - 	at scala.concurrent.impl.Promise$DefaultPromise.trySuccess(Promise.scala:187)
[2026-08-12T21:22:01.984+0000] {subprocess.py:93} INFO - 	at org.apache.spark.rpc.netty.NettyRpcEnv.onSuccess$1(NettyRpcEnv.scala:225)
[2026-08-12T21:22:02.008+0000] {subprocess.py:93} INFO - 	at org.apache.spark.rpc.netty.NettyRpcEnv.$anonfun$askAbortable$5(NettyRpcEnv.scala:239)
[2026-08-12T21:22:02.102+0000] {subprocess.py:93} INFO - 	at org.apache.spark.rpc.netty.NettyRpcEnv.$anonfun$askAbortable$5$adapted(NettyRpcEnv.scala:238)
[2026-08-12T21:22:02.173+0000] {subprocess.py:93} INFO - 	at scala.concurrent.impl.CallbackRunnable.run(Promise.scala:64)
[2026-08-12T21:22:02.307+0000] {subprocess.py:93} INFO - 	at org.apache.spark.util.ThreadUtils$$anon$1.execute(ThreadUtils.scala:99)
[2026-08-12T21:22:02.335+0000] {subprocess.py:93} INFO - 	at scala.concurrent.impl.ExecutionContextImpl$$anon$4.execute(ExecutionContextImpl.scala:138)
[2026-08-12T21:22:02.345+0000] {subprocess.py:93} INFO - 	at scala.concurrent.impl.CallbackRunnable.executeWithValue(Promise.scala:72)
[2026-08-12T21:22:02.543+0000] {subprocess.py:93} INFO - 	at scala.concurrent.impl.Promise$DefaultPromise.$anonfun$tryComplete$1(Promise.scala:288)
[2026-08-12T21:22:02.685+0000] {subprocess.py:93} INFO - 	at scala.concurrent.impl.Promise$DefaultPromise.$anonfun$tryComplete$1$adapted(Promise.scala:288)
[2026-08-12T21:22:02.774+0000] {subprocess.py:93} INFO - 	at scala.concurrent.impl.Promise$DefaultPromise.tryComplete(Promise.scala:288)
[2026-08-12T21:22:02.799+0000] {subprocess.py:93} INFO - 	at scala.concurrent.Promise.complete(Promise.scala:53)
[2026-08-12T21:22:02.844+0000] {subprocess.py:93} INFO - 	at scala.concurrent.Promise.complete$(Promise.scala:52)
[2026-08-12T21:22:02.909+0000] {subprocess.py:93} INFO - 	at scala.concurrent.impl.Promise$DefaultPromise.complete(Promise.scala:187)
[2026-08-12T21:22:02.946+0000] {subprocess.py:93} INFO - 	at scala.concurrent.Promise.success(Promise.scala:86)
[2026-08-12T21:22:02.976+0000] {subprocess.py:93} INFO - 	at scala.concurrent.Promise.success$(Promise.scala:86)
[2026-08-12T21:22:02.995+0000] {subprocess.py:93} INFO - 	at scala.concurrent.impl.Promise$DefaultPromise.success(Promise.scala:187)
[2026-08-12T21:22:03.101+0000] {subprocess.py:93} INFO - 	at org.apache.spark.rpc.netty.LocalNettyRpcCallContext.send(NettyRpcCallContext.scala:50)
[2026-08-12T21:22:03.168+0000] {subprocess.py:93} INFO - 	at org.apache.spark.rpc.netty.NettyRpcCallContext.reply(NettyRpcCallContext.scala:32)
[2026-08-12T21:22:03.189+0000] {subprocess.py:93} INFO - 	at org.apache.spark.rpc.netty.RpcEndpointVerifier$$anonfun$receiveAndReply$1.applyOrElse(RpcEndpointVerifier.scala:31)
[2026-08-12T21:22:03.216+0000] {subprocess.py:93} INFO - 	... 8 more
[2026-08-12T21:22:03.231+0000] {subprocess.py:93} INFO - 26/08/12 21:21:48 ERROR Inbox: Ignoring error
[2026-08-12T21:22:03.280+0000] {subprocess.py:93} INFO - org.apache.spark.SparkException: Exception thrown in awaitResult:
[2026-08-12T21:22:03.329+0000] {subprocess.py:93} INFO - 	at org.apache.spark.util.SparkThreadUtils$.awaitResult(SparkThreadUtils.scala:56)
[2026-08-12T21:22:03.354+0000] {subprocess.py:93} INFO - 	at org.apache.spark.util.ThreadUtils$.awaitResult(ThreadUtils.scala:310)
[2026-08-12T21:22:03.423+0000] {subprocess.py:93} INFO - 	at org.apache.spark.rpc.RpcTimeout.awaitResult(RpcTimeout.scala:75)
[2026-08-12T21:22:03.439+0000] {subprocess.py:93} INFO - 	at org.apache.spark.rpc.RpcEnv.setupEndpointRefByURI(RpcEnv.scala:102)
[2026-08-12T21:22:03.454+0000] {subprocess.py:93} INFO - 	at org.apache.spark.rpc.RpcEnv.setupEndpointRef(RpcEnv.scala:110)
[2026-08-12T21:22:03.499+0000] {subprocess.py:93} INFO - 	at org.apache.spark.util.RpcUtils$.makeDriverRef(RpcUtils.scala:36)
[2026-08-12T21:22:03.503+0000] {subprocess.py:93} INFO - 	at org.apache.spark.storage.BlockManagerMasterEndpoint.driverEndpoint$lzycompute(BlockManagerMasterEndpoint.scala:124)
[2026-08-12T21:22:03.557+0000] {subprocess.py:93} INFO - 	at org.apache.spark.storage.BlockManagerMasterEndpoint.org$apache$spark$storage$BlockManagerMasterEndpoint$$driverEndpoint(BlockManagerMasterEndpoint.scala:123)
[2026-08-12T21:22:03.664+0000] {subprocess.py:93} INFO - 	at org.apache.spark.storage.BlockManagerMasterEndpoint.isExecutorAlive$lzycompute$1(BlockManagerMasterEndpoint.scala:688)
[2026-08-12T21:22:03.712+0000] {subprocess.py:93} INFO - 	at org.apache.spark.storage.BlockManagerMasterEndpoint.isExecutorAlive$1(BlockManagerMasterEndpoint.scala:687)
[2026-08-12T21:22:03.737+0000] {subprocess.py:93} INFO - 	at org.apache.spark.storage.BlockManagerMasterEndpoint.org$apache$spark$storage$BlockManagerMasterEndpoint$$register(BlockManagerMasterEndpoint.scala:725)
[2026-08-12T21:22:03.751+0000] {subprocess.py:93} INFO - 	at org.apache.spark.storage.BlockManagerMasterEndpoint$$anonfun$receiveAndReply$1.applyOrElse(BlockManagerMasterEndpoint.scala:133)
[2026-08-12T21:22:03.766+0000] {subprocess.py:93} INFO - 	at org.apache.spark.rpc.netty.Inbox.$anonfun$process$1(Inbox.scala:103)
[2026-08-12T21:22:03.769+0000] {subprocess.py:93} INFO - 	at org.apache.spark.rpc.netty.Inbox.safelyCall(Inbox.scala:213)
[2026-08-12T21:22:03.812+0000] {subprocess.py:93} INFO - 	at org.apache.spark.rpc.netty.Inbox.process(Inbox.scala:100)
[2026-08-12T21:22:03.832+0000] {subprocess.py:93} INFO - 	at org.apache.spark.rpc.netty.MessageLoop.org$apache$spark$rpc$netty$MessageLoop$$receiveLoop(MessageLoop.scala:75)
[2026-08-12T21:22:03.865+0000] {subprocess.py:93} INFO - 	at org.apache.spark.rpc.netty.MessageLoop$$anon$1.run(MessageLoop.scala:41)
[2026-08-12T21:22:03.884+0000] {subprocess.py:93} INFO - 	at java.base/java.util.concurrent.ThreadPoolExecutor.runWorker(ThreadPoolExecutor.java:1136)
[2026-08-12T21:22:03.903+0000] {subprocess.py:93} INFO - 	at java.base/java.util.concurrent.ThreadPoolExecutor$Worker.run(ThreadPoolExecutor.java:635)
[2026-08-12T21:22:03.916+0000] {subprocess.py:93} INFO - 	at java.base/java.lang.Thread.run(Thread.java:840)
[2026-08-12T21:22:03.944+0000] {subprocess.py:93} INFO - Caused by: org.apache.spark.rpc.RpcEndpointNotFoundException: Cannot find endpoint: spark://CoarseGrainedScheduler@4099a95615c9:45169
[2026-08-12T21:22:03.960+0000] {subprocess.py:93} INFO - 	at org.apache.spark.rpc.netty.NettyRpcEnv.$anonfun$asyncSetupEndpointRefByURI$1(NettyRpcEnv.scala:148)
[2026-08-12T21:22:03.978+0000] {subprocess.py:93} INFO - 	at org.apache.spark.rpc.netty.NettyRpcEnv.$anonfun$asyncSetupEndpointRefByURI$1$adapted(NettyRpcEnv.scala:144)
[2026-08-12T21:22:03.985+0000] {subprocess.py:93} INFO - 	at scala.concurrent.Future.$anonfun$flatMap$1(Future.scala:307)
[2026-08-12T21:22:04.004+0000] {subprocess.py:93} INFO - 	at scala.concurrent.impl.Promise.$anonfun$transformWith$1(Promise.scala:41)
[2026-08-12T21:22:04.016+0000] {subprocess.py:93} INFO - 	at scala.concurrent.impl.CallbackRunnable.run(Promise.scala:64)
[2026-08-12T21:22:04.041+0000] {subprocess.py:93} INFO - 	at org.apache.spark.util.ThreadUtils$$anon$1.execute(ThreadUtils.scala:99)
[2026-08-12T21:22:04.048+0000] {subprocess.py:93} INFO - 	at scala.concurrent.impl.ExecutionContextImpl$$anon$4.execute(ExecutionContextImpl.scala:138)
[2026-08-12T21:22:04.090+0000] {subprocess.py:93} INFO - 	at scala.concurrent.impl.CallbackRunnable.executeWithValue(Promise.scala:72)
[2026-08-12T21:22:04.476+0000] {subprocess.py:93} INFO - 	at scala.concurrent.impl.Promise$DefaultPromise.$anonfun$tryComplete$1(Promise.scala:288)
[2026-08-12T21:22:04.576+0000] {subprocess.py:93} INFO - 	at scala.concurrent.impl.Promise$DefaultPromise.$anonfun$tryComplete$1$adapted(Promise.scala:288)
[2026-08-12T21:22:05.055+0000] {subprocess.py:93} INFO - 	at scala.concurrent.impl.Promise$DefaultPromise.tryComplete(Promise.scala:288)
[2026-08-12T21:22:05.176+0000] {subprocess.py:93} INFO - 	at scala.concurrent.Promise.complete(Promise.scala:53)
[2026-08-12T21:22:05.294+0000] {subprocess.py:93} INFO - 	at scala.concurrent.Promise.complete$(Promise.scala:52)
[2026-08-12T21:22:05.306+0000] {subprocess.py:93} INFO - 	at scala.concurrent.impl.Promise$DefaultPromise.complete(Promise.scala:187)
[2026-08-12T21:22:05.327+0000] {subprocess.py:93} INFO - 	at scala.concurrent.impl.Promise.$anonfun$transform$1(Promise.scala:33)
[2026-08-12T21:22:05.405+0000] {subprocess.py:93} INFO - 	at scala.concurrent.impl.CallbackRunnable.run(Promise.scala:64)
[2026-08-12T21:22:05.424+0000] {subprocess.py:93} INFO - 	at org.apache.spark.util.ThreadUtils$$anon$1.execute(ThreadUtils.scala:99)
[2026-08-12T21:22:05.454+0000] {subprocess.py:93} INFO - 	at scala.concurrent.impl.ExecutionContextImpl$$anon$4.execute(ExecutionContextImpl.scala:138)
[2026-08-12T21:22:05.466+0000] {subprocess.py:93} INFO - 	at scala.concurrent.impl.CallbackRunnable.executeWithValue(Promise.scala:72)
[2026-08-12T21:22:05.670+0000] {subprocess.py:93} INFO - 	at scala.concurrent.impl.Promise$DefaultPromise.$anonfun$tryComplete$1(Promise.scala:288)
[2026-08-12T21:22:05.720+0000] {subprocess.py:93} INFO - 	at scala.concurrent.impl.Promise$DefaultPromise.$anonfun$tryComplete$1$adapted(Promise.scala:288)
[2026-08-12T21:22:05.793+0000] {subprocess.py:93} INFO - 	at scala.concurrent.impl.Promise$DefaultPromise.tryComplete(Promise.scala:288)
[2026-08-12T21:22:06.241+0000] {subprocess.py:93} INFO - 	at scala.concurrent.Promise.complete(Promise.scala:53)
[2026-08-12T21:22:06.285+0000] {subprocess.py:93} INFO - 	at scala.concurrent.Promise.complete$(Promise.scala:52)
[2026-08-12T21:22:06.320+0000] {subprocess.py:93} INFO - 	at scala.concurrent.impl.Promise$DefaultPromise.complete(Promise.scala:187)
[2026-08-12T21:22:06.341+0000] {subprocess.py:93} INFO - 	at scala.concurrent.impl.Promise.$anonfun$transform$1(Promise.scala:33)
[2026-08-12T21:22:06.365+0000] {subprocess.py:93} INFO - 	at scala.concurrent.impl.CallbackRunnable.run(Promise.scala:64)
[2026-08-12T21:22:06.508+0000] {subprocess.py:93} INFO - 	at scala.concurrent.BatchingExecutor$Batch.processBatch$1(BatchingExecutor.scala:67)
[2026-08-12T21:22:06.680+0000] {subprocess.py:93} INFO - 	at scala.concurrent.BatchingExecutor$Batch.$anonfun$run$1(BatchingExecutor.scala:82)
[2026-08-12T21:22:06.723+0000] {subprocess.py:93} INFO - 	at scala.runtime.java8.JFunction0$mcV$sp.apply(JFunction0$mcV$sp.java:23)
[2026-08-12T21:22:06.828+0000] {subprocess.py:93} INFO - 	at scala.concurrent.BlockContext$.withBlockContext(BlockContext.scala:85)
[2026-08-12T21:22:06.869+0000] {subprocess.py:93} INFO - 	at scala.concurrent.BatchingExecutor$Batch.run(BatchingExecutor.scala:59)
[2026-08-12T21:22:06.922+0000] {subprocess.py:93} INFO - 	at scala.concurrent.Future$InternalCallbackExecutor$.unbatchedExecute(Future.scala:875)
[2026-08-12T21:22:06.934+0000] {subprocess.py:93} INFO - 	at scala.concurrent.BatchingExecutor.execute(BatchingExecutor.scala:110)
[2026-08-12T21:22:06.968+0000] {subprocess.py:93} INFO - 	at scala.concurrent.BatchingExecutor.execute$(BatchingExecutor.scala:107)
[2026-08-12T21:22:06.997+0000] {subprocess.py:93} INFO - 	at scala.concurrent.Future$InternalCallbackExecutor$.execute(Future.scala:873)
[2026-08-12T21:22:07.036+0000] {subprocess.py:93} INFO - 	at scala.concurrent.impl.CallbackRunnable.executeWithValue(Promise.scala:72)
[2026-08-12T21:22:07.053+0000] {subprocess.py:93} INFO - 	at scala.concurrent.impl.Promise$DefaultPromise.$anonfun$tryComplete$1(Promise.scala:288)
[2026-08-12T21:22:07.055+0000] {subprocess.py:93} INFO - 	at scala.concurrent.impl.Promise$DefaultPromise.$anonfun$tryComplete$1$adapted(Promise.scala:288)
[2026-08-12T21:22:07.081+0000] {subprocess.py:93} INFO - 	at scala.concurrent.impl.Promise$DefaultPromise.tryComplete(Promise.scala:288)
[2026-08-12T21:22:07.097+0000] {subprocess.py:93} INFO - 	at scala.concurrent.Promise.trySuccess(Promise.scala:94)
[2026-08-12T21:22:07.146+0000] {subprocess.py:93} INFO - 	at scala.concurrent.Promise.trySuccess$(Promise.scala:94)
[2026-08-12T21:22:07.154+0000] {subprocess.py:93} INFO - 	at scala.concurrent.impl.Promise$DefaultPromise.trySuccess(Promise.scala:187)
[2026-08-12T21:22:07.158+0000] {subprocess.py:93} INFO - 	at org.apache.spark.rpc.netty.NettyRpcEnv.onSuccess$1(NettyRpcEnv.scala:225)
[2026-08-12T21:22:07.239+0000] {subprocess.py:93} INFO - 	at org.apache.spark.rpc.netty.NettyRpcEnv.$anonfun$askAbortable$5(NettyRpcEnv.scala:239)
[2026-08-12T21:22:07.259+0000] {subprocess.py:93} INFO - 	at org.apache.spark.rpc.netty.NettyRpcEnv.$anonfun$askAbortable$5$adapted(NettyRpcEnv.scala:238)
[2026-08-12T21:22:07.287+0000] {subprocess.py:93} INFO - 	at scala.concurrent.impl.CallbackRunnable.run(Promise.scala:64)
[2026-08-12T21:22:07.306+0000] {subprocess.py:93} INFO - 	at org.apache.spark.util.ThreadUtils$$anon$1.execute(ThreadUtils.scala:99)
[2026-08-12T21:22:07.369+0000] {subprocess.py:93} INFO - 	at scala.concurrent.impl.ExecutionContextImpl$$anon$4.execute(ExecutionContextImpl.scala:138)
[2026-08-12T21:22:07.408+0000] {subprocess.py:93} INFO - 	at scala.concurrent.impl.CallbackRunnable.executeWithValue(Promise.scala:72)
[2026-08-12T21:22:07.415+0000] {subprocess.py:93} INFO - 	at scala.concurrent.impl.Promise$DefaultPromise.$anonfun$tryComplete$1(Promise.scala:288)
[2026-08-12T21:22:07.436+0000] {subprocess.py:93} INFO - 	at scala.concurrent.impl.Promise$DefaultPromise.$anonfun$tryComplete$1$adapted(Promise.scala:288)
[2026-08-12T21:22:07.460+0000] {subprocess.py:93} INFO - 	at scala.concurrent.impl.Promise$DefaultPromise.tryComplete(Promise.scala:288)
[2026-08-12T21:22:07.463+0000] {subprocess.py:93} INFO - 	at scala.concurrent.Promise.complete(Promise.scala:53)
[2026-08-12T21:22:07.500+0000] {subprocess.py:93} INFO - 	at scala.concurrent.Promise.complete$(Promise.scala:52)
[2026-08-12T21:22:07.515+0000] {subprocess.py:93} INFO - 	at scala.concurrent.impl.Promise$DefaultPromise.complete(Promise.scala:187)
[2026-08-12T21:22:07.564+0000] {subprocess.py:93} INFO - 	at scala.concurrent.Promise.success(Promise.scala:86)
[2026-08-12T21:22:07.659+0000] {subprocess.py:93} INFO - 	at scala.concurrent.Promise.success$(Promise.scala:86)
[2026-08-12T21:22:07.801+0000] {subprocess.py:93} INFO - 	at scala.concurrent.impl.Promise$DefaultPromise.success(Promise.scala:187)
[2026-08-12T21:22:07.860+0000] {subprocess.py:93} INFO - 	at org.apache.spark.rpc.netty.LocalNettyRpcCallContext.send(NettyRpcCallContext.scala:50)
[2026-08-12T21:22:07.895+0000] {subprocess.py:93} INFO - 	at org.apache.spark.rpc.netty.NettyRpcCallContext.reply(NettyRpcCallContext.scala:32)
[2026-08-12T21:22:07.897+0000] {subprocess.py:93} INFO - 	at org.apache.spark.rpc.netty.RpcEndpointVerifier$$anonfun$receiveAndReply$1.applyOrElse(RpcEndpointVerifier.scala:31)
[2026-08-12T21:22:07.930+0000] {subprocess.py:93} INFO - 	... 8 more
[2026-08-12T21:22:07.955+0000] {subprocess.py:93} INFO - 26/08/12 21:21:48 WARN Executor: Issue communicating with driver in heartbeater
[2026-08-12T21:22:08.089+0000] {subprocess.py:93} INFO - org.apache.spark.SparkException: Exception thrown in awaitResult:
[2026-08-12T21:22:08.114+0000] {subprocess.py:93} INFO - 	at org.apache.spark.util.SparkThreadUtils$.awaitResult(SparkThreadUtils.scala:56)
[2026-08-12T21:22:08.153+0000] {subprocess.py:93} INFO - 	at org.apache.spark.util.ThreadUtils$.awaitResult(ThreadUtils.scala:310)
[2026-08-12T21:22:08.164+0000] {subprocess.py:93} INFO - 	at org.apache.spark.rpc.RpcTimeout.awaitResult(RpcTimeout.scala:75)
[2026-08-12T21:22:08.201+0000] {subprocess.py:93} INFO - 	at org.apache.spark.rpc.RpcEndpointRef.askSync(RpcEndpointRef.scala:101)
[2026-08-12T21:22:08.251+0000] {subprocess.py:93} INFO - 	at org.apache.spark.rpc.RpcEndpointRef.askSync(RpcEndpointRef.scala:85)
[2026-08-12T21:22:08.299+0000] {subprocess.py:93} INFO - 	at org.apache.spark.storage.BlockManagerMaster.registerBlockManager(BlockManagerMaster.scala:80)
[2026-08-12T21:22:08.381+0000] {subprocess.py:93} INFO - 	at org.apache.spark.storage.BlockManager.reregister(BlockManager.scala:642)
[2026-08-12T21:22:08.457+0000] {subprocess.py:93} INFO - 	at org.apache.spark.executor.Executor.reportHeartBeat(Executor.scala:1223)
[2026-08-12T21:22:08.494+0000] {subprocess.py:93} INFO - 	at org.apache.spark.executor.Executor.$anonfun$heartbeater$1(Executor.scala:295)
[2026-08-12T21:22:08.503+0000] {subprocess.py:93} INFO - 	at scala.runtime.java8.JFunction0$mcV$sp.apply(JFunction0$mcV$sp.java:23)
[2026-08-12T21:22:08.550+0000] {subprocess.py:93} INFO - 	at org.apache.spark.util.Utils$.logUncaughtExceptions(Utils.scala:1928)
[2026-08-12T21:22:08.604+0000] {subprocess.py:93} INFO - 	at org.apache.spark.Heartbeater$$anon$1.run(Heartbeater.scala:46)
[2026-08-12T21:22:08.629+0000] {subprocess.py:93} INFO - 	at java.base/java.util.concurrent.Executors$RunnableAdapter.call(Executors.java:539)
[2026-08-12T21:22:08.682+0000] {subprocess.py:93} INFO - 	at java.base/java.util.concurrent.FutureTask.runAndReset(FutureTask.java:305)
[2026-08-12T21:22:08.720+0000] {subprocess.py:93} INFO - 	at java.base/java.util.concurrent.ScheduledThreadPoolExecutor$ScheduledFutureTask.run(ScheduledThreadPoolExecutor.java:305)
[2026-08-12T21:22:08.728+0000] {subprocess.py:93} INFO - 	at java.base/java.util.concurrent.ThreadPoolExecutor.runWorker(ThreadPoolExecutor.java:1136)
[2026-08-12T21:22:08.757+0000] {subprocess.py:93} INFO - 	at java.base/java.util.concurrent.ThreadPoolExecutor$Worker.run(ThreadPoolExecutor.java:635)
[2026-08-12T21:22:08.768+0000] {subprocess.py:93} INFO - 	at java.base/java.lang.Thread.run(Thread.java:840)
[2026-08-12T21:22:08.778+0000] {subprocess.py:93} INFO - Caused by: org.apache.spark.SparkException: Exception thrown in awaitResult:
[2026-08-12T21:22:08.788+0000] {subprocess.py:93} INFO - 	at org.apache.spark.util.SparkThreadUtils$.awaitResult(SparkThreadUtils.scala:56)
[2026-08-12T21:22:08.803+0000] {subprocess.py:93} INFO - 	at org.apache.spark.util.ThreadUtils$.awaitResult(ThreadUtils.scala:310)
[2026-08-12T21:22:08.808+0000] {subprocess.py:93} INFO - 	at org.apache.spark.rpc.RpcTimeout.awaitResult(RpcTimeout.scala:75)
[2026-08-12T21:22:08.848+0000] {subprocess.py:93} INFO - 	at org.apache.spark.rpc.RpcEnv.setupEndpointRefByURI(RpcEnv.scala:102)
[2026-08-12T21:22:08.856+0000] {subprocess.py:93} INFO - 	at org.apache.spark.rpc.RpcEnv.setupEndpointRef(RpcEnv.scala:110)
[2026-08-12T21:22:08.980+0000] {subprocess.py:93} INFO - 	at org.apache.spark.util.RpcUtils$.makeDriverRef(RpcUtils.scala:36)
[2026-08-12T21:22:09.021+0000] {subprocess.py:93} INFO - 	at org.apache.spark.storage.BlockManagerMasterEndpoint.driverEndpoint$lzycompute(BlockManagerMasterEndpoint.scala:124)
[2026-08-12T21:22:09.036+0000] {subprocess.py:93} INFO - 	at org.apache.spark.storage.BlockManagerMasterEndpoint.org$apache$spark$storage$BlockManagerMasterEndpoint$$driverEndpoint(BlockManagerMasterEndpoint.scala:123)
[2026-08-12T21:22:09.205+0000] {subprocess.py:93} INFO - 	at org.apache.spark.storage.BlockManagerMasterEndpoint.isExecutorAlive$lzycompute$1(BlockManagerMasterEndpoint.scala:688)
[2026-08-12T21:22:09.227+0000] {subprocess.py:93} INFO - 	at org.apache.spark.storage.BlockManagerMasterEndpoint.isExecutorAlive$1(BlockManagerMasterEndpoint.scala:687)
[2026-08-12T21:22:09.239+0000] {subprocess.py:93} INFO - 	at org.apache.spark.storage.BlockManagerMasterEndpoint.org$apache$spark$storage$BlockManagerMasterEndpoint$$register(BlockManagerMasterEndpoint.scala:725)
[2026-08-12T21:22:09.325+0000] {subprocess.py:93} INFO - 	at org.apache.spark.storage.BlockManagerMasterEndpoint$$anonfun$receiveAndReply$1.applyOrElse(BlockManagerMasterEndpoint.scala:133)
[2026-08-12T21:22:09.432+0000] {subprocess.py:93} INFO - 	at org.apache.spark.rpc.netty.Inbox.$anonfun$process$1(Inbox.scala:103)
[2026-08-12T21:22:09.445+0000] {subprocess.py:93} INFO - 	at org.apache.spark.rpc.netty.Inbox.safelyCall(Inbox.scala:213)
[2026-08-12T21:22:09.637+0000] {subprocess.py:93} INFO - 	at org.apache.spark.rpc.netty.Inbox.process(Inbox.scala:100)
[2026-08-12T21:22:09.673+0000] {subprocess.py:93} INFO - 	at org.apache.spark.rpc.netty.MessageLoop.org$apache$spark$rpc$netty$MessageLoop$$receiveLoop(MessageLoop.scala:75)
[2026-08-12T21:22:09.684+0000] {subprocess.py:93} INFO - 	at org.apache.spark.rpc.netty.MessageLoop$$anon$1.run(MessageLoop.scala:41)
[2026-08-12T21:22:09.742+0000] {subprocess.py:93} INFO - 	... 3 more
[2026-08-12T21:22:09.759+0000] {subprocess.py:93} INFO - Caused by: org.apache.spark.rpc.RpcEndpointNotFoundException: Cannot find endpoint: spark://CoarseGrainedScheduler@4099a95615c9:45169
[2026-08-12T21:22:09.828+0000] {subprocess.py:93} INFO - 	at org.apache.spark.rpc.netty.NettyRpcEnv.$anonfun$asyncSetupEndpointRefByURI$1(NettyRpcEnv.scala:148)
[2026-08-12T21:22:09.847+0000] {subprocess.py:93} INFO - 	at org.apache.spark.rpc.netty.NettyRpcEnv.$anonfun$asyncSetupEndpointRefByURI$1$adapted(NettyRpcEnv.scala:144)
[2026-08-12T21:22:09.855+0000] {subprocess.py:93} INFO - 	at scala.concurrent.Future.$anonfun$flatMap$1(Future.scala:307)
[2026-08-12T21:22:09.878+0000] {subprocess.py:93} INFO - 	at scala.concurrent.impl.Promise.$anonfun$transformWith$1(Promise.scala:41)
[2026-08-12T21:22:09.932+0000] {subprocess.py:93} INFO - 	at scala.concurrent.impl.CallbackRunnable.run(Promise.scala:64)
[2026-08-12T21:22:10.000+0000] {subprocess.py:93} INFO - 	at org.apache.spark.util.ThreadUtils$$anon$1.execute(ThreadUtils.scala:99)
[2026-08-12T21:22:10.044+0000] {subprocess.py:93} INFO - 	at scala.concurrent.impl.ExecutionContextImpl$$anon$4.execute(ExecutionContextImpl.scala:138)
[2026-08-12T21:22:10.203+0000] {subprocess.py:93} INFO - 	at scala.concurrent.impl.CallbackRunnable.executeWithValue(Promise.scala:72)
[2026-08-12T21:22:10.627+0000] {subprocess.py:93} INFO - 	at scala.concurrent.impl.Promise$DefaultPromise.$anonfun$tryComplete$1(Promise.scala:288)
[2026-08-12T21:22:10.631+0000] {subprocess.py:93} INFO - 	at scala.concurrent.impl.Promise$DefaultPromise.$anonfun$tryComplete$1$adapted(Promise.scala:288)
[2026-08-12T21:22:10.642+0000] {subprocess.py:93} INFO - 	at scala.concurrent.impl.Promise$DefaultPromise.tryComplete(Promise.scala:288)
[2026-08-12T21:22:10.654+0000] {subprocess.py:93} INFO - 	at scala.concurrent.Promise.complete(Promise.scala:53)
[2026-08-12T21:22:10.658+0000] {subprocess.py:93} INFO - 	at scala.concurrent.Promise.complete$(Promise.scala:52)
[2026-08-12T21:22:10.745+0000] {subprocess.py:93} INFO - 	at scala.concurrent.impl.Promise$DefaultPromise.complete(Promise.scala:187)
[2026-08-12T21:22:10.759+0000] {subprocess.py:93} INFO - 	at scala.concurrent.impl.Promise.$anonfun$transform$1(Promise.scala:33)
[2026-08-12T21:22:10.860+0000] {subprocess.py:93} INFO - 	at scala.concurrent.impl.CallbackRunnable.run(Promise.scala:64)
[2026-08-12T21:22:10.911+0000] {subprocess.py:93} INFO - 	at org.apache.spark.util.ThreadUtils$$anon$1.execute(ThreadUtils.scala:99)
[2026-08-12T21:22:10.928+0000] {subprocess.py:93} INFO - 	at scala.concurrent.impl.ExecutionContextImpl$$anon$4.execute(ExecutionContextImpl.scala:138)
[2026-08-12T21:22:10.937+0000] {subprocess.py:93} INFO - 	at scala.concurrent.impl.CallbackRunnable.executeWithValue(Promise.scala:72)
[2026-08-12T21:22:10.961+0000] {subprocess.py:93} INFO - 	at scala.concurrent.impl.Promise$DefaultPromise.$anonfun$tryComplete$1(Promise.scala:288)
[2026-08-12T21:22:11.021+0000] {subprocess.py:93} INFO - 	at scala.concurrent.impl.Promise$DefaultPromise.$anonfun$tryComplete$1$adapted(Promise.scala:288)
[2026-08-12T21:22:11.039+0000] {subprocess.py:93} INFO - 	at scala.concurrent.impl.Promise$DefaultPromise.tryComplete(Promise.scala:288)
[2026-08-12T21:22:11.080+0000] {subprocess.py:93} INFO - 	at scala.concurrent.Promise.complete(Promise.scala:53)
[2026-08-12T21:22:11.265+0000] {subprocess.py:93} INFO - 	at scala.concurrent.Promise.complete$(Promise.scala:52)
[2026-08-12T21:22:11.393+0000] {subprocess.py:93} INFO - 	at scala.concurrent.impl.Promise$DefaultPromise.complete(Promise.scala:187)
[2026-08-12T21:22:11.423+0000] {subprocess.py:93} INFO - 	at scala.concurrent.impl.Promise.$anonfun$transform$1(Promise.scala:33)
[2026-08-12T21:22:11.446+0000] {subprocess.py:93} INFO - 	at scala.concurrent.impl.CallbackRunnable.run(Promise.scala:64)
[2026-08-12T21:22:11.479+0000] {subprocess.py:93} INFO - 	at scala.concurrent.BatchingExecutor$Batch.processBatch$1(BatchingExecutor.scala:67)
[2026-08-12T21:22:11.582+0000] {subprocess.py:93} INFO - 	at scala.concurrent.BatchingExecutor$Batch.$anonfun$run$1(BatchingExecutor.scala:82)
[2026-08-12T21:22:11.624+0000] {subprocess.py:93} INFO - 	at scala.runtime.java8.JFunction0$mcV$sp.apply(JFunction0$mcV$sp.java:23)
[2026-08-12T21:22:11.660+0000] {subprocess.py:93} INFO - 	at scala.concurrent.BlockContext$.withBlockContext(BlockContext.scala:85)
[2026-08-12T21:22:11.680+0000] {subprocess.py:93} INFO - 	at scala.concurrent.BatchingExecutor$Batch.run(BatchingExecutor.scala:59)
[2026-08-12T21:22:11.714+0000] {subprocess.py:93} INFO - 	at scala.concurrent.Future$InternalCallbackExecutor$.unbatchedExecute(Future.scala:875)
[2026-08-12T21:22:11.728+0000] {subprocess.py:93} INFO - 	at scala.concurrent.BatchingExecutor.execute(BatchingExecutor.scala:110)
[2026-08-12T21:22:11.768+0000] {subprocess.py:93} INFO - 	at scala.concurrent.BatchingExecutor.execute$(BatchingExecutor.scala:107)
[2026-08-12T21:22:11.835+0000] {subprocess.py:93} INFO - 	at scala.concurrent.Future$InternalCallbackExecutor$.execute(Future.scala:873)
[2026-08-12T21:22:11.918+0000] {subprocess.py:93} INFO - 	at scala.concurrent.impl.CallbackRunnable.executeWithValue(Promise.scala:72)
[2026-08-12T21:22:12.145+0000] {subprocess.py:93} INFO - 	at scala.concurrent.impl.Promise$DefaultPromise.$anonfun$tryComplete$1(Promise.scala:288)
[2026-08-12T21:22:12.200+0000] {subprocess.py:93} INFO - 	at scala.concurrent.impl.Promise$DefaultPromise.$anonfun$tryComplete$1$adapted(Promise.scala:288)
[2026-08-12T21:22:12.221+0000] {subprocess.py:93} INFO - 	at scala.concurrent.impl.Promise$DefaultPromise.tryComplete(Promise.scala:288)
[2026-08-12T21:22:12.295+0000] {subprocess.py:93} INFO - 	at scala.concurrent.Promise.trySuccess(Promise.scala:94)
[2026-08-12T21:22:12.408+0000] {subprocess.py:93} INFO - 	at scala.concurrent.Promise.trySuccess$(Promise.scala:94)
[2026-08-12T21:22:12.460+0000] {subprocess.py:93} INFO - 	at scala.concurrent.impl.Promise$DefaultPromise.trySuccess(Promise.scala:187)
[2026-08-12T21:22:12.524+0000] {subprocess.py:93} INFO - 	at org.apache.spark.rpc.netty.NettyRpcEnv.onSuccess$1(NettyRpcEnv.scala:225)
[2026-08-12T21:22:12.542+0000] {subprocess.py:93} INFO - 	at org.apache.spark.rpc.netty.NettyRpcEnv.$anonfun$askAbortable$5(NettyRpcEnv.scala:239)
[2026-08-12T21:22:12.548+0000] {subprocess.py:93} INFO - 	at org.apache.spark.rpc.netty.NettyRpcEnv.$anonfun$askAbortable$5$adapted(NettyRpcEnv.scala:238)
[2026-08-12T21:22:12.572+0000] {subprocess.py:93} INFO - 	at scala.concurrent.impl.CallbackRunnable.run(Promise.scala:64)
[2026-08-12T21:22:12.594+0000] {subprocess.py:93} INFO - 	at org.apache.spark.util.ThreadUtils$$anon$1.execute(ThreadUtils.scala:99)
[2026-08-12T21:22:12.700+0000] {subprocess.py:93} INFO - 	at scala.concurrent.impl.ExecutionContextImpl$$anon$4.execute(ExecutionContextImpl.scala:138)
[2026-08-12T21:22:12.760+0000] {subprocess.py:93} INFO - 	at scala.concurrent.impl.CallbackRunnable.executeWithValue(Promise.scala:72)
[2026-08-12T21:22:12.774+0000] {subprocess.py:93} INFO - 	at scala.concurrent.impl.Promise$DefaultPromise.$anonfun$tryComplete$1(Promise.scala:288)
[2026-08-12T21:22:12.785+0000] {subprocess.py:93} INFO - 	at scala.concurrent.impl.Promise$DefaultPromise.$anonfun$tryComplete$1$adapted(Promise.scala:288)
[2026-08-12T21:22:12.808+0000] {subprocess.py:93} INFO - 	at scala.concurrent.impl.Promise$DefaultPromise.tryComplete(Promise.scala:288)
[2026-08-12T21:22:12.887+0000] {subprocess.py:93} INFO - 	at scala.concurrent.Promise.complete(Promise.scala:53)
[2026-08-12T21:22:12.895+0000] {subprocess.py:93} INFO - 	at scala.concurrent.Promise.complete$(Promise.scala:52)
[2026-08-12T21:22:12.936+0000] {subprocess.py:93} INFO - 	at scala.concurrent.impl.Promise$DefaultPromise.complete(Promise.scala:187)
[2026-08-12T21:22:12.961+0000] {subprocess.py:93} INFO - 	at scala.concurrent.Promise.success(Promise.scala:86)
[2026-08-12T21:22:12.998+0000] {subprocess.py:93} INFO - 	at scala.concurrent.Promise.success$(Promise.scala:86)
[2026-08-12T21:22:13.025+0000] {subprocess.py:93} INFO - 	at scala.concurrent.impl.Promise$DefaultPromise.success(Promise.scala:187)
[2026-08-12T21:22:13.040+0000] {subprocess.py:93} INFO - 	at org.apache.spark.rpc.netty.LocalNettyRpcCallContext.send(NettyRpcCallContext.scala:50)
[2026-08-12T21:22:13.064+0000] {subprocess.py:93} INFO - 	at org.apache.spark.rpc.netty.NettyRpcCallContext.reply(NettyRpcCallContext.scala:32)
[2026-08-12T21:22:13.079+0000] {subprocess.py:93} INFO - 	at org.apache.spark.rpc.netty.RpcEndpointVerifier$$anonfun$receiveAndReply$1.applyOrElse(RpcEndpointVerifier.scala:31)
[2026-08-12T21:22:13.093+0000] {subprocess.py:93} INFO - 	... 8 more
[2026-08-12T21:22:13.144+0000] {subprocess.py:93} INFO - 26/08/12 21:21:48 ERROR Inbox: Ignoring error
[2026-08-12T21:22:13.185+0000] {subprocess.py:93} INFO - org.apache.spark.SparkException: Exception thrown in awaitResult:
[2026-08-12T21:22:13.222+0000] {subprocess.py:93} INFO - 	at org.apache.spark.util.SparkThreadUtils$.awaitResult(SparkThreadUtils.scala:56)
[2026-08-12T21:22:13.288+0000] {subprocess.py:93} INFO - 	at org.apache.spark.util.ThreadUtils$.awaitResult(ThreadUtils.scala:310)
[2026-08-12T21:22:13.294+0000] {subprocess.py:93} INFO - 	at org.apache.spark.rpc.RpcTimeout.awaitResult(RpcTimeout.scala:75)
[2026-08-12T21:22:13.305+0000] {subprocess.py:93} INFO - 	at org.apache.spark.rpc.RpcEnv.setupEndpointRefByURI(RpcEnv.scala:102)
[2026-08-12T21:22:13.348+0000] {subprocess.py:93} INFO - 	at org.apache.spark.rpc.RpcEnv.setupEndpointRef(RpcEnv.scala:110)
[2026-08-12T21:22:13.351+0000] {subprocess.py:93} INFO - 	at org.apache.spark.util.RpcUtils$.makeDriverRef(RpcUtils.scala:36)
[2026-08-12T21:22:13.354+0000] {subprocess.py:93} INFO - 	at org.apache.spark.storage.BlockManagerMasterEndpoint.driverEndpoint$lzycompute(BlockManagerMasterEndpoint.scala:124)
[2026-08-12T21:22:13.368+0000] {subprocess.py:93} INFO - 	at org.apache.spark.storage.BlockManagerMasterEndpoint.org$apache$spark$storage$BlockManagerMasterEndpoint$$driverEndpoint(BlockManagerMasterEndpoint.scala:123)
[2026-08-12T21:22:13.371+0000] {subprocess.py:93} INFO - 	at org.apache.spark.storage.BlockManagerMasterEndpoint.isExecutorAlive$lzycompute$1(BlockManagerMasterEndpoint.scala:688)
[2026-08-12T21:22:13.382+0000] {subprocess.py:93} INFO - 	at org.apache.spark.storage.BlockManagerMasterEndpoint.isExecutorAlive$1(BlockManagerMasterEndpoint.scala:687)
[2026-08-12T21:22:13.384+0000] {subprocess.py:93} INFO - 	at org.apache.spark.storage.BlockManagerMasterEndpoint.org$apache$spark$storage$BlockManagerMasterEndpoint$$register(BlockManagerMasterEndpoint.scala:725)
[2026-08-12T21:22:13.389+0000] {subprocess.py:93} INFO - 	at org.apache.spark.storage.BlockManagerMasterEndpoint$$anonfun$receiveAndReply$1.applyOrElse(BlockManagerMasterEndpoint.scala:133)
[2026-08-12T21:22:13.399+0000] {subprocess.py:93} INFO - 	at org.apache.spark.rpc.netty.Inbox.$anonfun$process$1(Inbox.scala:103)
[2026-08-12T21:22:13.406+0000] {subprocess.py:93} INFO - 	at org.apache.spark.rpc.netty.Inbox.safelyCall(Inbox.scala:213)
[2026-08-12T21:22:13.420+0000] {subprocess.py:93} INFO - 	at org.apache.spark.rpc.netty.Inbox.process(Inbox.scala:100)
[2026-08-12T21:22:13.423+0000] {subprocess.py:93} INFO - 	at org.apache.spark.rpc.netty.MessageLoop.org$apache$spark$rpc$netty$MessageLoop$$receiveLoop(MessageLoop.scala:75)
[2026-08-12T21:22:13.432+0000] {subprocess.py:93} INFO - 	at org.apache.spark.rpc.netty.MessageLoop$$anon$1.run(MessageLoop.scala:41)
[2026-08-12T21:22:13.440+0000] {subprocess.py:93} INFO - 	at java.base/java.util.concurrent.ThreadPoolExecutor.runWorker(ThreadPoolExecutor.java:1136)
[2026-08-12T21:22:13.452+0000] {subprocess.py:93} INFO - 	at java.base/java.util.concurrent.ThreadPoolExecutor$Worker.run(ThreadPoolExecutor.java:635)
[2026-08-12T21:22:13.464+0000] {subprocess.py:93} INFO - 	at java.base/java.lang.Thread.run(Thread.java:840)
[2026-08-12T21:22:13.486+0000] {subprocess.py:93} INFO - Caused by: org.apache.spark.rpc.RpcEndpointNotFoundException: Cannot find endpoint: spark://CoarseGrainedScheduler@4099a95615c9:45169
[2026-08-12T21:22:13.491+0000] {subprocess.py:93} INFO - 	at org.apache.spark.rpc.netty.NettyRpcEnv.$anonfun$asyncSetupEndpointRefByURI$1(NettyRpcEnv.scala:148)
[2026-08-12T21:22:13.494+0000] {subprocess.py:93} INFO - 	at org.apache.spark.rpc.netty.NettyRpcEnv.$anonfun$asyncSetupEndpointRefByURI$1$adapted(NettyRpcEnv.scala:144)
[2026-08-12T21:22:13.498+0000] {subprocess.py:93} INFO - 	at scala.concurrent.Future.$anonfun$flatMap$1(Future.scala:307)
[2026-08-12T21:22:13.518+0000] {subprocess.py:93} INFO - 	at scala.concurrent.impl.Promise.$anonfun$transformWith$1(Promise.scala:41)
[2026-08-12T21:22:13.624+0000] {subprocess.py:93} INFO - 	at scala.concurrent.impl.CallbackRunnable.run(Promise.scala:64)
[2026-08-12T21:22:13.634+0000] {subprocess.py:93} INFO - 	at org.apache.spark.util.ThreadUtils$$anon$1.execute(ThreadUtils.scala:99)
[2026-08-12T21:22:13.692+0000] {subprocess.py:93} INFO - 	at scala.concurrent.impl.ExecutionContextImpl$$anon$4.execute(ExecutionContextImpl.scala:138)
[2026-08-12T21:22:13.717+0000] {subprocess.py:93} INFO - 	at scala.concurrent.impl.CallbackRunnable.executeWithValue(Promise.scala:72)
[2026-08-12T21:22:13.754+0000] {subprocess.py:93} INFO - 	at scala.concurrent.impl.Promise$DefaultPromise.$anonfun$tryComplete$1(Promise.scala:288)
[2026-08-12T21:22:13.801+0000] {subprocess.py:93} INFO - 	at scala.concurrent.impl.Promise$DefaultPromise.$anonfun$tryComplete$1$adapted(Promise.scala:288)
[2026-08-12T21:22:13.819+0000] {subprocess.py:93} INFO - 	at scala.concurrent.impl.Promise$DefaultPromise.tryComplete(Promise.scala:288)
[2026-08-12T21:22:13.846+0000] {subprocess.py:93} INFO - 	at scala.concurrent.Promise.complete(Promise.scala:53)
[2026-08-12T21:22:13.870+0000] {subprocess.py:93} INFO - 	at scala.concurrent.Promise.complete$(Promise.scala:52)
[2026-08-12T21:22:13.899+0000] {subprocess.py:93} INFO - 	at scala.concurrent.impl.Promise$DefaultPromise.complete(Promise.scala:187)
[2026-08-12T21:22:13.918+0000] {subprocess.py:93} INFO - 	at scala.concurrent.impl.Promise.$anonfun$transform$1(Promise.scala:33)
[2026-08-12T21:22:13.987+0000] {subprocess.py:93} INFO - 	at scala.concurrent.impl.CallbackRunnable.run(Promise.scala:64)
[2026-08-12T21:22:14.024+0000] {subprocess.py:93} INFO - 	at org.apache.spark.util.ThreadUtils$$anon$1.execute(ThreadUtils.scala:99)
[2026-08-12T21:22:14.054+0000] {subprocess.py:93} INFO - 	at scala.concurrent.impl.ExecutionContextImpl$$anon$4.execute(ExecutionContextImpl.scala:138)
[2026-08-12T21:22:14.072+0000] {subprocess.py:93} INFO - 	at scala.concurrent.impl.CallbackRunnable.executeWithValue(Promise.scala:72)
[2026-08-12T21:22:14.074+0000] {subprocess.py:93} INFO - 	at scala.concurrent.impl.Promise$DefaultPromise.$anonfun$tryComplete$1(Promise.scala:288)
[2026-08-12T21:22:14.076+0000] {subprocess.py:93} INFO - 	at scala.concurrent.impl.Promise$DefaultPromise.$anonfun$tryComplete$1$adapted(Promise.scala:288)
[2026-08-12T21:22:14.078+0000] {subprocess.py:93} INFO - 	at scala.concurrent.impl.Promise$DefaultPromise.tryComplete(Promise.scala:288)
[2026-08-12T21:22:14.093+0000] {subprocess.py:93} INFO - 	at scala.concurrent.Promise.complete(Promise.scala:53)
[2026-08-12T21:22:14.096+0000] {subprocess.py:93} INFO - 	at scala.concurrent.Promise.complete$(Promise.scala:52)
[2026-08-12T21:22:14.103+0000] {subprocess.py:93} INFO - 	at scala.concurrent.impl.Promise$DefaultPromise.complete(Promise.scala:187)
[2026-08-12T21:22:14.106+0000] {subprocess.py:93} INFO - 	at scala.concurrent.impl.Promise.$anonfun$transform$1(Promise.scala:33)
[2026-08-12T21:22:14.120+0000] {subprocess.py:93} INFO - 	at scala.concurrent.impl.CallbackRunnable.run(Promise.scala:64)
[2026-08-12T21:22:14.148+0000] {subprocess.py:93} INFO - 	at scala.concurrent.BatchingExecutor$Batch.processBatch$1(BatchingExecutor.scala:67)
[2026-08-12T21:22:14.150+0000] {subprocess.py:93} INFO - 	at scala.concurrent.BatchingExecutor$Batch.$anonfun$run$1(BatchingExecutor.scala:82)
[2026-08-12T21:22:14.160+0000] {subprocess.py:93} INFO - 	at scala.runtime.java8.JFunction0$mcV$sp.apply(JFunction0$mcV$sp.java:23)
[2026-08-12T21:22:14.169+0000] {subprocess.py:93} INFO - 	at scala.concurrent.BlockContext$.withBlockContext(BlockContext.scala:85)
[2026-08-12T21:22:14.171+0000] {subprocess.py:93} INFO - 	at scala.concurrent.BatchingExecutor$Batch.run(BatchingExecutor.scala:59)
[2026-08-12T21:22:14.240+0000] {subprocess.py:93} INFO - 	at scala.concurrent.Future$InternalCallbackExecutor$.unbatchedExecute(Future.scala:875)
[2026-08-12T21:22:14.260+0000] {subprocess.py:93} INFO - 	at scala.concurrent.BatchingExecutor.execute(BatchingExecutor.scala:110)
[2026-08-12T21:22:14.268+0000] {subprocess.py:93} INFO - 	at scala.concurrent.BatchingExecutor.execute$(BatchingExecutor.scala:107)
[2026-08-12T21:22:14.292+0000] {subprocess.py:93} INFO - 	at scala.concurrent.Future$InternalCallbackExecutor$.execute(Future.scala:873)
[2026-08-12T21:22:14.301+0000] {subprocess.py:93} INFO - 	at scala.concurrent.impl.CallbackRunnable.executeWithValue(Promise.scala:72)
[2026-08-12T21:22:14.316+0000] {subprocess.py:93} INFO - 	at scala.concurrent.impl.Promise$DefaultPromise.$anonfun$tryComplete$1(Promise.scala:288)
[2026-08-12T21:22:14.334+0000] {subprocess.py:93} INFO - 	at scala.concurrent.impl.Promise$DefaultPromise.$anonfun$tryComplete$1$adapted(Promise.scala:288)
[2026-08-12T21:22:14.389+0000] {subprocess.py:93} INFO - 	at scala.concurrent.impl.Promise$DefaultPromise.tryComplete(Promise.scala:288)
[2026-08-12T21:22:14.404+0000] {subprocess.py:93} INFO - 	at scala.concurrent.Promise.trySuccess(Promise.scala:94)
[2026-08-12T21:22:14.410+0000] {subprocess.py:93} INFO - 	at scala.concurrent.Promise.trySuccess$(Promise.scala:94)
[2026-08-12T21:22:14.432+0000] {subprocess.py:93} INFO - 	at scala.concurrent.impl.Promise$DefaultPromise.trySuccess(Promise.scala:187)
[2026-08-12T21:22:14.467+0000] {subprocess.py:93} INFO - 	at org.apache.spark.rpc.netty.NettyRpcEnv.onSuccess$1(NettyRpcEnv.scala:225)
[2026-08-12T21:22:14.474+0000] {subprocess.py:93} INFO - 	at org.apache.spark.rpc.netty.NettyRpcEnv.$anonfun$askAbortable$5(NettyRpcEnv.scala:239)
[2026-08-12T21:22:14.496+0000] {subprocess.py:93} INFO - 	at org.apache.spark.rpc.netty.NettyRpcEnv.$anonfun$askAbortable$5$adapted(NettyRpcEnv.scala:238)
[2026-08-12T21:22:14.513+0000] {subprocess.py:93} INFO - 	at scala.concurrent.impl.CallbackRunnable.run(Promise.scala:64)
[2026-08-12T21:22:14.520+0000] {subprocess.py:93} INFO - 	at org.apache.spark.util.ThreadUtils$$anon$1.execute(ThreadUtils.scala:99)
[2026-08-12T21:22:14.532+0000] {subprocess.py:93} INFO - 	at scala.concurrent.impl.ExecutionContextImpl$$anon$4.execute(ExecutionContextImpl.scala:138)
[2026-08-12T21:22:14.537+0000] {subprocess.py:93} INFO - 	at scala.concurrent.impl.CallbackRunnable.executeWithValue(Promise.scala:72)
[2026-08-12T21:22:14.542+0000] {subprocess.py:93} INFO - 	at scala.concurrent.impl.Promise$DefaultPromise.$anonfun$tryComplete$1(Promise.scala:288)
[2026-08-12T21:22:14.547+0000] {subprocess.py:93} INFO - 	at scala.concurrent.impl.Promise$DefaultPromise.$anonfun$tryComplete$1$adapted(Promise.scala:288)
[2026-08-12T21:22:14.554+0000] {subprocess.py:93} INFO - 	at scala.concurrent.impl.Promise$DefaultPromise.tryComplete(Promise.scala:288)
[2026-08-12T21:22:14.562+0000] {subprocess.py:93} INFO - 	at scala.concurrent.Promise.complete(Promise.scala:53)
[2026-08-12T21:22:14.583+0000] {subprocess.py:93} INFO - 	at scala.concurrent.Promise.complete$(Promise.scala:52)
[2026-08-12T21:22:14.593+0000] {subprocess.py:93} INFO - 	at scala.concurrent.impl.Promise$DefaultPromise.complete(Promise.scala:187)
[2026-08-12T21:22:14.622+0000] {subprocess.py:93} INFO - 	at scala.concurrent.Promise.success(Promise.scala:86)
[2026-08-12T21:22:14.646+0000] {subprocess.py:93} INFO - 	at scala.concurrent.Promise.success$(Promise.scala:86)
[2026-08-12T21:22:14.652+0000] {subprocess.py:93} INFO - 	at scala.concurrent.impl.Promise$DefaultPromise.success(Promise.scala:187)
[2026-08-12T21:22:14.658+0000] {subprocess.py:93} INFO - 	at org.apache.spark.rpc.netty.LocalNettyRpcCallContext.send(NettyRpcCallContext.scala:50)
[2026-08-12T21:22:14.705+0000] {subprocess.py:93} INFO - 	at org.apache.spark.rpc.netty.NettyRpcCallContext.reply(NettyRpcCallContext.scala:32)
[2026-08-12T21:22:14.748+0000] {subprocess.py:93} INFO - 	at org.apache.spark.rpc.netty.RpcEndpointVerifier$$anonfun$receiveAndReply$1.applyOrElse(RpcEndpointVerifier.scala:31)
[2026-08-12T21:22:14.774+0000] {subprocess.py:93} INFO - 	... 8 more
[2026-08-12T21:22:14.811+0000] {subprocess.py:93} INFO - 26/08/12 21:21:48 WARN Executor: Issue communicating with driver in heartbeater
[2026-08-12T21:22:14.848+0000] {subprocess.py:93} INFO - org.apache.spark.SparkException: Exception thrown in awaitResult:
[2026-08-12T21:22:14.855+0000] {subprocess.py:93} INFO - 	at org.apache.spark.util.SparkThreadUtils$.awaitResult(SparkThreadUtils.scala:56)
[2026-08-12T21:22:14.874+0000] {subprocess.py:93} INFO - 	at org.apache.spark.util.ThreadUtils$.awaitResult(ThreadUtils.scala:310)
[2026-08-12T21:22:14.897+0000] {subprocess.py:93} INFO - 	at org.apache.spark.rpc.RpcTimeout.awaitResult(RpcTimeout.scala:75)
[2026-08-12T21:22:14.900+0000] {subprocess.py:93} INFO - 	at org.apache.spark.rpc.RpcEndpointRef.askSync(RpcEndpointRef.scala:101)
[2026-08-12T21:22:14.905+0000] {subprocess.py:93} INFO - 	at org.apache.spark.rpc.RpcEndpointRef.askSync(RpcEndpointRef.scala:85)
[2026-08-12T21:22:14.927+0000] {subprocess.py:93} INFO - 	at org.apache.spark.storage.BlockManagerMaster.registerBlockManager(BlockManagerMaster.scala:80)
[2026-08-12T21:22:14.931+0000] {subprocess.py:93} INFO - 	at org.apache.spark.storage.BlockManager.reregister(BlockManager.scala:642)
[2026-08-12T21:22:14.942+0000] {subprocess.py:93} INFO - 	at org.apache.spark.executor.Executor.reportHeartBeat(Executor.scala:1223)
[2026-08-12T21:22:14.948+0000] {subprocess.py:93} INFO - 	at org.apache.spark.executor.Executor.$anonfun$heartbeater$1(Executor.scala:295)
[2026-08-12T21:22:14.950+0000] {subprocess.py:93} INFO - 	at scala.runtime.java8.JFunction0$mcV$sp.apply(JFunction0$mcV$sp.java:23)
[2026-08-12T21:22:14.960+0000] {subprocess.py:93} INFO - 	at org.apache.spark.util.Utils$.logUncaughtExceptions(Utils.scala:1928)
[2026-08-12T21:22:14.965+0000] {subprocess.py:93} INFO - 	at org.apache.spark.Heartbeater$$anon$1.run(Heartbeater.scala:46)
[2026-08-12T21:22:14.978+0000] {subprocess.py:93} INFO - 	at java.base/java.util.concurrent.Executors$RunnableAdapter.call(Executors.java:539)
[2026-08-12T21:22:14.992+0000] {subprocess.py:93} INFO - 	at java.base/java.util.concurrent.FutureTask.runAndReset(FutureTask.java:305)
[2026-08-12T21:22:14.994+0000] {subprocess.py:93} INFO - 	at java.base/java.util.concurrent.ScheduledThreadPoolExecutor$ScheduledFutureTask.run(ScheduledThreadPoolExecutor.java:305)
[2026-08-12T21:22:15.002+0000] {subprocess.py:93} INFO - 	at java.base/java.util.concurrent.ThreadPoolExecutor.runWorker(ThreadPoolExecutor.java:1136)
[2026-08-12T21:22:15.012+0000] {subprocess.py:93} INFO - 	at java.base/java.util.concurrent.ThreadPoolExecutor$Worker.run(ThreadPoolExecutor.java:635)
[2026-08-12T21:22:15.025+0000] {subprocess.py:93} INFO - 	at java.base/java.lang.Thread.run(Thread.java:840)
[2026-08-12T21:22:15.040+0000] {subprocess.py:93} INFO - Caused by: org.apache.spark.SparkException: Exception thrown in awaitResult:
[2026-08-12T21:22:15.060+0000] {subprocess.py:93} INFO - 	at org.apache.spark.util.SparkThreadUtils$.awaitResult(SparkThreadUtils.scala:56)
[2026-08-12T21:22:15.077+0000] {subprocess.py:93} INFO - 	at org.apache.spark.util.ThreadUtils$.awaitResult(ThreadUtils.scala:310)
[2026-08-12T21:22:15.094+0000] {subprocess.py:93} INFO - 	at org.apache.spark.rpc.RpcTimeout.awaitResult(RpcTimeout.scala:75)
[2026-08-12T21:22:15.178+0000] {subprocess.py:93} INFO - 	at org.apache.spark.rpc.RpcEnv.setupEndpointRefByURI(RpcEnv.scala:102)
[2026-08-12T21:22:15.187+0000] {subprocess.py:93} INFO - 	at org.apache.spark.rpc.RpcEnv.setupEndpointRef(RpcEnv.scala:110)
[2026-08-12T21:22:15.192+0000] {subprocess.py:93} INFO - 	at org.apache.spark.util.RpcUtils$.makeDriverRef(RpcUtils.scala:36)
[2026-08-12T21:22:15.195+0000] {subprocess.py:93} INFO - 	at org.apache.spark.storage.BlockManagerMasterEndpoint.driverEndpoint$lzycompute(BlockManagerMasterEndpoint.scala:124)
[2026-08-12T21:22:15.249+0000] {subprocess.py:93} INFO - 	at org.apache.spark.storage.BlockManagerMasterEndpoint.org$apache$spark$storage$BlockManagerMasterEndpoint$$driverEndpoint(BlockManagerMasterEndpoint.scala:123)
[2026-08-12T21:22:15.255+0000] {subprocess.py:93} INFO - 	at org.apache.spark.storage.BlockManagerMasterEndpoint.isExecutorAlive$lzycompute$1(BlockManagerMasterEndpoint.scala:688)
[2026-08-12T21:22:15.280+0000] {subprocess.py:93} INFO - 	at org.apache.spark.storage.BlockManagerMasterEndpoint.isExecutorAlive$1(BlockManagerMasterEndpoint.scala:687)
[2026-08-12T21:22:15.341+0000] {subprocess.py:93} INFO - 	at org.apache.spark.storage.BlockManagerMasterEndpoint.org$apache$spark$storage$BlockManagerMasterEndpoint$$register(BlockManagerMasterEndpoint.scala:725)
[2026-08-12T21:22:15.350+0000] {subprocess.py:93} INFO - 	at org.apache.spark.storage.BlockManagerMasterEndpoint$$anonfun$receiveAndReply$1.applyOrElse(BlockManagerMasterEndpoint.scala:133)
[2026-08-12T21:22:15.364+0000] {subprocess.py:93} INFO - 	at org.apache.spark.rpc.netty.Inbox.$anonfun$process$1(Inbox.scala:103)
[2026-08-12T21:22:15.383+0000] {subprocess.py:93} INFO - 	at org.apache.spark.rpc.netty.Inbox.safelyCall(Inbox.scala:213)
[2026-08-12T21:22:15.404+0000] {subprocess.py:93} INFO - 	at org.apache.spark.rpc.netty.Inbox.process(Inbox.scala:100)
[2026-08-12T21:22:15.497+0000] {subprocess.py:93} INFO - 	at org.apache.spark.rpc.netty.MessageLoop.org$apache$spark$rpc$netty$MessageLoop$$receiveLoop(MessageLoop.scala:75)
[2026-08-12T21:22:15.522+0000] {subprocess.py:93} INFO - 	at org.apache.spark.rpc.netty.MessageLoop$$anon$1.run(MessageLoop.scala:41)
[2026-08-12T21:22:15.537+0000] {subprocess.py:93} INFO - 	... 3 more
[2026-08-12T21:22:15.558+0000] {subprocess.py:93} INFO - Caused by: org.apache.spark.rpc.RpcEndpointNotFoundException: Cannot find endpoint: spark://CoarseGrainedScheduler@4099a95615c9:45169
[2026-08-12T21:22:15.576+0000] {subprocess.py:93} INFO - 	at org.apache.spark.rpc.netty.NettyRpcEnv.$anonfun$asyncSetupEndpointRefByURI$1(NettyRpcEnv.scala:148)
[2026-08-12T21:22:15.610+0000] {subprocess.py:93} INFO - 	at org.apache.spark.rpc.netty.NettyRpcEnv.$anonfun$asyncSetupEndpointRefByURI$1$adapted(NettyRpcEnv.scala:144)
[2026-08-12T21:22:15.627+0000] {subprocess.py:93} INFO - 	at scala.concurrent.Future.$anonfun$flatMap$1(Future.scala:307)
[2026-08-12T21:22:15.634+0000] {subprocess.py:93} INFO - 	at scala.concurrent.impl.Promise.$anonfun$transformWith$1(Promise.scala:41)
[2026-08-12T21:22:15.658+0000] {subprocess.py:93} INFO - 	at scala.concurrent.impl.CallbackRunnable.run(Promise.scala:64)
[2026-08-12T21:22:15.668+0000] {subprocess.py:93} INFO - 	at org.apache.spark.util.ThreadUtils$$anon$1.execute(ThreadUtils.scala:99)
[2026-08-12T21:22:15.696+0000] {subprocess.py:93} INFO - 	at scala.concurrent.impl.ExecutionContextImpl$$anon$4.execute(ExecutionContextImpl.scala:138)
[2026-08-12T21:22:15.701+0000] {subprocess.py:93} INFO - 	at scala.concurrent.impl.CallbackRunnable.executeWithValue(Promise.scala:72)
[2026-08-12T21:22:15.730+0000] {subprocess.py:93} INFO - 	at scala.concurrent.impl.Promise$DefaultPromise.$anonfun$tryComplete$1(Promise.scala:288)
[2026-08-12T21:22:15.733+0000] {subprocess.py:93} INFO - 	at scala.concurrent.impl.Promise$DefaultPromise.$anonfun$tryComplete$1$adapted(Promise.scala:288)
[2026-08-12T21:22:15.737+0000] {subprocess.py:93} INFO - 	at scala.concurrent.impl.Promise$DefaultPromise.tryComplete(Promise.scala:288)
[2026-08-12T21:22:15.752+0000] {subprocess.py:93} INFO - 	at scala.concurrent.Promise.complete(Promise.scala:53)
[2026-08-12T21:22:15.759+0000] {subprocess.py:93} INFO - 	at scala.concurrent.Promise.complete$(Promise.scala:52)
[2026-08-12T21:22:15.776+0000] {subprocess.py:93} INFO - 	at scala.concurrent.impl.Promise$DefaultPromise.complete(Promise.scala:187)
[2026-08-12T21:22:15.789+0000] {subprocess.py:93} INFO - 	at scala.concurrent.impl.Promise.$anonfun$transform$1(Promise.scala:33)
[2026-08-12T21:22:15.793+0000] {subprocess.py:93} INFO - 	at scala.concurrent.impl.CallbackRunnable.run(Promise.scala:64)
[2026-08-12T21:22:15.799+0000] {subprocess.py:93} INFO - 	at org.apache.spark.util.ThreadUtils$$anon$1.execute(ThreadUtils.scala:99)
[2026-08-12T21:22:15.809+0000] {subprocess.py:93} INFO - 	at scala.concurrent.impl.ExecutionContextImpl$$anon$4.execute(ExecutionContextImpl.scala:138)
[2026-08-12T21:22:15.814+0000] {subprocess.py:93} INFO - 	at scala.concurrent.impl.CallbackRunnable.executeWithValue(Promise.scala:72)
[2026-08-12T21:22:15.820+0000] {subprocess.py:93} INFO - 	at scala.concurrent.impl.Promise$DefaultPromise.$anonfun$tryComplete$1(Promise.scala:288)
[2026-08-12T21:22:15.837+0000] {subprocess.py:93} INFO - 	at scala.concurrent.impl.Promise$DefaultPromise.$anonfun$tryComplete$1$adapted(Promise.scala:288)
[2026-08-12T21:22:15.843+0000] {subprocess.py:93} INFO - 	at scala.concurrent.impl.Promise$DefaultPromise.tryComplete(Promise.scala:288)
[2026-08-12T21:22:15.853+0000] {subprocess.py:93} INFO - 	at scala.concurrent.Promise.complete(Promise.scala:53)
[2026-08-12T21:22:15.868+0000] {subprocess.py:93} INFO - 	at scala.concurrent.Promise.complete$(Promise.scala:52)
[2026-08-12T21:22:15.874+0000] {subprocess.py:93} INFO - 	at scala.concurrent.impl.Promise$DefaultPromise.complete(Promise.scala:187)
[2026-08-12T21:22:15.883+0000] {subprocess.py:93} INFO - 	at scala.concurrent.impl.Promise.$anonfun$transform$1(Promise.scala:33)
[2026-08-12T21:22:15.888+0000] {subprocess.py:93} INFO - 	at scala.concurrent.impl.CallbackRunnable.run(Promise.scala:64)
[2026-08-12T21:22:15.917+0000] {subprocess.py:93} INFO - 	at scala.concurrent.BatchingExecutor$Batch.processBatch$1(BatchingExecutor.scala:67)
[2026-08-12T21:22:15.946+0000] {subprocess.py:93} INFO - 	at scala.concurrent.BatchingExecutor$Batch.$anonfun$run$1(BatchingExecutor.scala:82)
[2026-08-12T21:22:15.960+0000] {subprocess.py:93} INFO - 	at scala.runtime.java8.JFunction0$mcV$sp.apply(JFunction0$mcV$sp.java:23)
[2026-08-12T21:22:15.971+0000] {subprocess.py:93} INFO - 	at scala.concurrent.BlockContext$.withBlockContext(BlockContext.scala:85)
[2026-08-12T21:22:15.978+0000] {subprocess.py:93} INFO - 	at scala.concurrent.BatchingExecutor$Batch.run(BatchingExecutor.scala:59)
[2026-08-12T21:22:15.982+0000] {subprocess.py:93} INFO - 	at scala.concurrent.Future$InternalCallbackExecutor$.unbatchedExecute(Future.scala:875)
[2026-08-12T21:22:15.993+0000] {subprocess.py:93} INFO - 	at scala.concurrent.BatchingExecutor.execute(BatchingExecutor.scala:110)
[2026-08-12T21:22:15.996+0000] {subprocess.py:93} INFO - 	at scala.concurrent.BatchingExecutor.execute$(BatchingExecutor.scala:107)
[2026-08-12T21:22:16.017+0000] {subprocess.py:93} INFO - 	at scala.concurrent.Future$InternalCallbackExecutor$.execute(Future.scala:873)
[2026-08-12T21:22:16.034+0000] {subprocess.py:93} INFO - 	at scala.concurrent.impl.CallbackRunnable.executeWithValue(Promise.scala:72)
[2026-08-12T21:22:16.048+0000] {subprocess.py:93} INFO - 	at scala.concurrent.impl.Promise$DefaultPromise.$anonfun$tryComplete$1(Promise.scala:288)
[2026-08-12T21:22:16.051+0000] {subprocess.py:93} INFO - 	at scala.concurrent.impl.Promise$DefaultPromise.$anonfun$tryComplete$1$adapted(Promise.scala:288)
[2026-08-12T21:22:16.058+0000] {subprocess.py:93} INFO - 	at scala.concurrent.impl.Promise$DefaultPromise.tryComplete(Promise.scala:288)
[2026-08-12T21:22:16.077+0000] {subprocess.py:93} INFO - 	at scala.concurrent.Promise.trySuccess(Promise.scala:94)
[2026-08-12T21:22:16.096+0000] {subprocess.py:93} INFO - 	at scala.concurrent.Promise.trySuccess$(Promise.scala:94)
[2026-08-12T21:22:16.105+0000] {subprocess.py:93} INFO - 	at scala.concurrent.impl.Promise$DefaultPromise.trySuccess(Promise.scala:187)
[2026-08-12T21:22:16.112+0000] {subprocess.py:93} INFO - 	at org.apache.spark.rpc.netty.NettyRpcEnv.onSuccess$1(NettyRpcEnv.scala:225)
[2026-08-12T21:22:16.118+0000] {subprocess.py:93} INFO - 	at org.apache.spark.rpc.netty.NettyRpcEnv.$anonfun$askAbortable$5(NettyRpcEnv.scala:239)
[2026-08-12T21:22:16.145+0000] {subprocess.py:93} INFO - 	at org.apache.spark.rpc.netty.NettyRpcEnv.$anonfun$askAbortable$5$adapted(NettyRpcEnv.scala:238)
[2026-08-12T21:22:16.153+0000] {subprocess.py:93} INFO - 	at scala.concurrent.impl.CallbackRunnable.run(Promise.scala:64)
[2026-08-12T21:22:16.179+0000] {subprocess.py:93} INFO - 	at org.apache.spark.util.ThreadUtils$$anon$1.execute(ThreadUtils.scala:99)
[2026-08-12T21:22:16.183+0000] {subprocess.py:93} INFO - 	at scala.concurrent.impl.ExecutionContextImpl$$anon$4.execute(ExecutionContextImpl.scala:138)
[2026-08-12T21:22:16.196+0000] {subprocess.py:93} INFO - 	at scala.concurrent.impl.CallbackRunnable.executeWithValue(Promise.scala:72)
[2026-08-12T21:22:16.199+0000] {subprocess.py:93} INFO - 	at scala.concurrent.impl.Promise$DefaultPromise.$anonfun$tryComplete$1(Promise.scala:288)
[2026-08-12T21:22:16.204+0000] {subprocess.py:93} INFO - 	at scala.concurrent.impl.Promise$DefaultPromise.$anonfun$tryComplete$1$adapted(Promise.scala:288)
[2026-08-12T21:22:16.212+0000] {subprocess.py:93} INFO - 	at scala.concurrent.impl.Promise$DefaultPromise.tryComplete(Promise.scala:288)
[2026-08-12T21:22:16.223+0000] {subprocess.py:93} INFO - 	at scala.concurrent.Promise.complete(Promise.scala:53)
[2026-08-12T21:22:16.251+0000] {subprocess.py:93} INFO - 	at scala.concurrent.Promise.complete$(Promise.scala:52)
[2026-08-12T21:22:16.266+0000] {subprocess.py:93} INFO - 	at scala.concurrent.impl.Promise$DefaultPromise.complete(Promise.scala:187)
[2026-08-12T21:22:16.274+0000] {subprocess.py:93} INFO - 	at scala.concurrent.Promise.success(Promise.scala:86)
[2026-08-12T21:22:16.296+0000] {subprocess.py:93} INFO - 	at scala.concurrent.Promise.success$(Promise.scala:86)
[2026-08-12T21:22:16.318+0000] {subprocess.py:93} INFO - 	at scala.concurrent.impl.Promise$DefaultPromise.success(Promise.scala:187)
[2026-08-12T21:22:16.364+0000] {subprocess.py:93} INFO - 	at org.apache.spark.rpc.netty.LocalNettyRpcCallContext.send(NettyRpcCallContext.scala:50)
[2026-08-12T21:22:16.378+0000] {subprocess.py:93} INFO - 	at org.apache.spark.rpc.netty.NettyRpcCallContext.reply(NettyRpcCallContext.scala:32)
[2026-08-12T21:22:16.396+0000] {subprocess.py:93} INFO - 	at org.apache.spark.rpc.netty.RpcEndpointVerifier$$anonfun$receiveAndReply$1.applyOrElse(RpcEndpointVerifier.scala:31)
[2026-08-12T21:22:16.443+0000] {subprocess.py:93} INFO - 	... 8 more
[2026-08-12T21:22:16.473+0000] {subprocess.py:93} INFO - 26/08/12 21:21:49 ERROR Inbox: Ignoring error
[2026-08-12T21:22:16.518+0000] {subprocess.py:93} INFO - org.apache.spark.SparkException: Exception thrown in awaitResult:
[2026-08-12T21:22:16.541+0000] {subprocess.py:93} INFO - 	at org.apache.spark.util.SparkThreadUtils$.awaitResult(SparkThreadUtils.scala:56)
[2026-08-12T21:22:16.685+0000] {subprocess.py:93} INFO - 	at org.apache.spark.util.ThreadUtils$.awaitResult(ThreadUtils.scala:310)
[2026-08-12T21:22:16.704+0000] {subprocess.py:93} INFO - 	at org.apache.spark.rpc.RpcTimeout.awaitResult(RpcTimeout.scala:75)
[2026-08-12T21:22:16.720+0000] {subprocess.py:93} INFO - 	at org.apache.spark.rpc.RpcEnv.setupEndpointRefByURI(RpcEnv.scala:102)
[2026-08-12T21:22:16.739+0000] {subprocess.py:93} INFO - 	at org.apache.spark.rpc.RpcEnv.setupEndpointRef(RpcEnv.scala:110)
[2026-08-12T21:22:16.785+0000] {subprocess.py:93} INFO - 	at org.apache.spark.util.RpcUtils$.makeDriverRef(RpcUtils.scala:36)
[2026-08-12T21:22:16.875+0000] {subprocess.py:93} INFO - 	at org.apache.spark.storage.BlockManagerMasterEndpoint.driverEndpoint$lzycompute(BlockManagerMasterEndpoint.scala:124)
[2026-08-12T21:22:16.889+0000] {subprocess.py:93} INFO - 	at org.apache.spark.storage.BlockManagerMasterEndpoint.org$apache$spark$storage$BlockManagerMasterEndpoint$$driverEndpoint(BlockManagerMasterEndpoint.scala:123)
[2026-08-12T21:22:16.925+0000] {subprocess.py:93} INFO - 	at org.apache.spark.storage.BlockManagerMasterEndpoint.isExecutorAlive$lzycompute$1(BlockManagerMasterEndpoint.scala:688)
[2026-08-12T21:22:17.032+0000] {subprocess.py:93} INFO - 	at org.apache.spark.storage.BlockManagerMasterEndpoint.isExecutorAlive$1(BlockManagerMasterEndpoint.scala:687)
[2026-08-12T21:22:17.058+0000] {subprocess.py:93} INFO - 	at org.apache.spark.storage.BlockManagerMasterEndpoint.org$apache$spark$storage$BlockManagerMasterEndpoint$$register(BlockManagerMasterEndpoint.scala:725)
[2026-08-12T21:22:17.120+0000] {subprocess.py:93} INFO - 	at org.apache.spark.storage.BlockManagerMasterEndpoint$$anonfun$receiveAndReply$1.applyOrElse(BlockManagerMasterEndpoint.scala:133)
[2026-08-12T21:22:17.123+0000] {subprocess.py:93} INFO - 	at org.apache.spark.rpc.netty.Inbox.$anonfun$process$1(Inbox.scala:103)
[2026-08-12T21:22:17.259+0000] {subprocess.py:93} INFO - 	at org.apache.spark.rpc.netty.Inbox.safelyCall(Inbox.scala:213)
[2026-08-12T21:22:17.282+0000] {subprocess.py:93} INFO - 	at org.apache.spark.rpc.netty.Inbox.process(Inbox.scala:100)
[2026-08-12T21:22:17.321+0000] {subprocess.py:93} INFO - 	at org.apache.spark.rpc.netty.MessageLoop.org$apache$spark$rpc$netty$MessageLoop$$receiveLoop(MessageLoop.scala:75)
[2026-08-12T21:22:17.340+0000] {subprocess.py:93} INFO - 	at org.apache.spark.rpc.netty.MessageLoop$$anon$1.run(MessageLoop.scala:41)
[2026-08-12T21:22:17.373+0000] {subprocess.py:93} INFO - 	at java.base/java.util.concurrent.ThreadPoolExecutor.runWorker(ThreadPoolExecutor.java:1136)
[2026-08-12T21:22:17.381+0000] {subprocess.py:93} INFO - 	at java.base/java.util.concurrent.ThreadPoolExecutor$Worker.run(ThreadPoolExecutor.java:635)
[2026-08-12T21:22:17.405+0000] {subprocess.py:93} INFO - 	at java.base/java.lang.Thread.run(Thread.java:840)
[2026-08-12T21:22:17.448+0000] {subprocess.py:93} INFO - Caused by: org.apache.spark.rpc.RpcEndpointNotFoundException: Cannot find endpoint: spark://CoarseGrainedScheduler@4099a95615c9:45169
[2026-08-12T21:22:17.464+0000] {subprocess.py:93} INFO - 	at org.apache.spark.rpc.netty.NettyRpcEnv.$anonfun$asyncSetupEndpointRefByURI$1(NettyRpcEnv.scala:148)
[2026-08-12T21:22:17.486+0000] {subprocess.py:93} INFO - 	at org.apache.spark.rpc.netty.NettyRpcEnv.$anonfun$asyncSetupEndpointRefByURI$1$adapted(NettyRpcEnv.scala:144)
[2026-08-12T21:22:17.555+0000] {subprocess.py:93} INFO - 	at scala.concurrent.Future.$anonfun$flatMap$1(Future.scala:307)
[2026-08-12T21:22:17.566+0000] {subprocess.py:93} INFO - 	at scala.concurrent.impl.Promise.$anonfun$transformWith$1(Promise.scala:41)
[2026-08-12T21:22:17.584+0000] {subprocess.py:93} INFO - 	at scala.concurrent.impl.CallbackRunnable.run(Promise.scala:64)
[2026-08-12T21:22:17.600+0000] {subprocess.py:93} INFO - 	at org.apache.spark.util.ThreadUtils$$anon$1.execute(ThreadUtils.scala:99)
[2026-08-12T21:22:17.605+0000] {subprocess.py:93} INFO - 	at scala.concurrent.impl.ExecutionContextImpl$$anon$4.execute(ExecutionContextImpl.scala:138)
[2026-08-12T21:22:17.618+0000] {subprocess.py:93} INFO - 	at scala.concurrent.impl.CallbackRunnable.executeWithValue(Promise.scala:72)
[2026-08-12T21:22:17.649+0000] {subprocess.py:93} INFO - 	at scala.concurrent.impl.Promise$DefaultPromise.$anonfun$tryComplete$1(Promise.scala:288)
[2026-08-12T21:22:17.677+0000] {subprocess.py:93} INFO - 	at scala.concurrent.impl.Promise$DefaultPromise.$anonfun$tryComplete$1$adapted(Promise.scala:288)
[2026-08-12T21:22:17.748+0000] {subprocess.py:93} INFO - 	at scala.concurrent.impl.Promise$DefaultPromise.tryComplete(Promise.scala:288)
[2026-08-12T21:22:17.771+0000] {subprocess.py:93} INFO - 	at scala.concurrent.Promise.complete(Promise.scala:53)
[2026-08-12T21:22:17.847+0000] {subprocess.py:93} INFO - 	at scala.concurrent.Promise.complete$(Promise.scala:52)
[2026-08-12T21:22:17.879+0000] {subprocess.py:93} INFO - 	at scala.concurrent.impl.Promise$DefaultPromise.complete(Promise.scala:187)
[2026-08-12T21:22:17.899+0000] {subprocess.py:93} INFO - 	at scala.concurrent.impl.Promise.$anonfun$transform$1(Promise.scala:33)
[2026-08-12T21:22:17.910+0000] {subprocess.py:93} INFO - 	at scala.concurrent.impl.CallbackRunnable.run(Promise.scala:64)
[2026-08-12T21:22:17.920+0000] {subprocess.py:93} INFO - 	at org.apache.spark.util.ThreadUtils$$anon$1.execute(ThreadUtils.scala:99)
[2026-08-12T21:22:17.957+0000] {subprocess.py:93} INFO - 	at scala.concurrent.impl.ExecutionContextImpl$$anon$4.execute(ExecutionContextImpl.scala:138)
[2026-08-12T21:22:17.987+0000] {subprocess.py:93} INFO - 	at scala.concurrent.impl.CallbackRunnable.executeWithValue(Promise.scala:72)
[2026-08-12T21:22:17.992+0000] {subprocess.py:93} INFO - 	at scala.concurrent.impl.Promise$DefaultPromise.$anonfun$tryComplete$1(Promise.scala:288)
[2026-08-12T21:22:18.040+0000] {subprocess.py:93} INFO - 	at scala.concurrent.impl.Promise$DefaultPromise.$anonfun$tryComplete$1$adapted(Promise.scala:288)
[2026-08-12T21:22:18.068+0000] {subprocess.py:93} INFO - 	at scala.concurrent.impl.Promise$DefaultPromise.tryComplete(Promise.scala:288)
[2026-08-12T21:22:18.089+0000] {subprocess.py:93} INFO - 	at scala.concurrent.Promise.complete(Promise.scala:53)
[2026-08-12T21:22:18.099+0000] {subprocess.py:93} INFO - 	at scala.concurrent.Promise.complete$(Promise.scala:52)
[2026-08-12T21:22:18.103+0000] {subprocess.py:93} INFO - 	at scala.concurrent.impl.Promise$DefaultPromise.complete(Promise.scala:187)
[2026-08-12T21:22:18.144+0000] {subprocess.py:93} INFO - 	at scala.concurrent.impl.Promise.$anonfun$transform$1(Promise.scala:33)
[2026-08-12T21:22:18.205+0000] {subprocess.py:93} INFO - 	at scala.concurrent.impl.CallbackRunnable.run(Promise.scala:64)
[2026-08-12T21:22:18.240+0000] {subprocess.py:93} INFO - 	at scala.concurrent.BatchingExecutor$Batch.processBatch$1(BatchingExecutor.scala:67)
[2026-08-12T21:22:18.288+0000] {subprocess.py:93} INFO - 	at scala.concurrent.BatchingExecutor$Batch.$anonfun$run$1(BatchingExecutor.scala:82)
[2026-08-12T21:22:18.313+0000] {subprocess.py:93} INFO - 	at scala.runtime.java8.JFunction0$mcV$sp.apply(JFunction0$mcV$sp.java:23)
[2026-08-12T21:22:18.324+0000] {subprocess.py:93} INFO - 	at scala.concurrent.BlockContext$.withBlockContext(BlockContext.scala:85)
[2026-08-12T21:22:18.331+0000] {subprocess.py:93} INFO - 	at scala.concurrent.BatchingExecutor$Batch.run(BatchingExecutor.scala:59)
[2026-08-12T21:22:18.378+0000] {subprocess.py:93} INFO - 	at scala.concurrent.Future$InternalCallbackExecutor$.unbatchedExecute(Future.scala:875)
[2026-08-12T21:22:18.580+0000] {subprocess.py:93} INFO - 	at scala.concurrent.BatchingExecutor.execute(BatchingExecutor.scala:110)
[2026-08-12T21:22:18.598+0000] {subprocess.py:93} INFO - 	at scala.concurrent.BatchingExecutor.execute$(BatchingExecutor.scala:107)
[2026-08-12T21:22:18.608+0000] {subprocess.py:93} INFO - 	at scala.concurrent.Future$InternalCallbackExecutor$.execute(Future.scala:873)
[2026-08-12T21:22:18.642+0000] {subprocess.py:93} INFO - 	at scala.concurrent.impl.CallbackRunnable.executeWithValue(Promise.scala:72)
[2026-08-12T21:22:18.726+0000] {subprocess.py:93} INFO - 	at scala.concurrent.impl.Promise$DefaultPromise.$anonfun$tryComplete$1(Promise.scala:288)
[2026-08-12T21:22:18.751+0000] {subprocess.py:93} INFO - 	at scala.concurrent.impl.Promise$DefaultPromise.$anonfun$tryComplete$1$adapted(Promise.scala:288)
[2026-08-12T21:22:18.760+0000] {subprocess.py:93} INFO - 	at scala.concurrent.impl.Promise$DefaultPromise.tryComplete(Promise.scala:288)
[2026-08-12T21:22:18.769+0000] {subprocess.py:93} INFO - 	at scala.concurrent.Promise.trySuccess(Promise.scala:94)
[2026-08-12T21:22:18.798+0000] {subprocess.py:93} INFO - 	at scala.concurrent.Promise.trySuccess$(Promise.scala:94)
[2026-08-12T21:22:18.828+0000] {subprocess.py:93} INFO - 	at scala.concurrent.impl.Promise$DefaultPromise.trySuccess(Promise.scala:187)
[2026-08-12T21:22:18.847+0000] {subprocess.py:93} INFO - 	at org.apache.spark.rpc.netty.NettyRpcEnv.onSuccess$1(NettyRpcEnv.scala:225)
[2026-08-12T21:22:18.888+0000] {subprocess.py:93} INFO - 	at org.apache.spark.rpc.netty.NettyRpcEnv.$anonfun$askAbortable$5(NettyRpcEnv.scala:239)
[2026-08-12T21:22:18.906+0000] {subprocess.py:93} INFO - 	at org.apache.spark.rpc.netty.NettyRpcEnv.$anonfun$askAbortable$5$adapted(NettyRpcEnv.scala:238)
[2026-08-12T21:22:18.924+0000] {subprocess.py:93} INFO - 	at scala.concurrent.impl.CallbackRunnable.run(Promise.scala:64)
[2026-08-12T21:22:18.931+0000] {subprocess.py:93} INFO - 	at org.apache.spark.util.ThreadUtils$$anon$1.execute(ThreadUtils.scala:99)
[2026-08-12T21:22:18.998+0000] {subprocess.py:93} INFO - 	at scala.concurrent.impl.ExecutionContextImpl$$anon$4.execute(ExecutionContextImpl.scala:138)
[2026-08-12T21:22:19.030+0000] {subprocess.py:93} INFO - 	at scala.concurrent.impl.CallbackRunnable.executeWithValue(Promise.scala:72)
[2026-08-12T21:22:19.116+0000] {subprocess.py:93} INFO - 	at scala.concurrent.impl.Promise$DefaultPromise.$anonfun$tryComplete$1(Promise.scala:288)
[2026-08-12T21:22:19.240+0000] {subprocess.py:93} INFO - 	at scala.concurrent.impl.Promise$DefaultPromise.$anonfun$tryComplete$1$adapted(Promise.scala:288)
[2026-08-12T21:22:19.264+0000] {subprocess.py:93} INFO - 	at scala.concurrent.impl.Promise$DefaultPromise.tryComplete(Promise.scala:288)
[2026-08-12T21:22:19.308+0000] {subprocess.py:93} INFO - 	at scala.concurrent.Promise.complete(Promise.scala:53)
[2026-08-12T21:22:19.320+0000] {subprocess.py:93} INFO - 	at scala.concurrent.Promise.complete$(Promise.scala:52)
[2026-08-12T21:22:19.323+0000] {subprocess.py:93} INFO - 	at scala.concurrent.impl.Promise$DefaultPromise.complete(Promise.scala:187)
[2026-08-12T21:22:19.346+0000] {subprocess.py:93} INFO - 	at scala.concurrent.Promise.success(Promise.scala:86)
[2026-08-12T21:22:19.386+0000] {subprocess.py:93} INFO - 	at scala.concurrent.Promise.success$(Promise.scala:86)
[2026-08-12T21:22:19.416+0000] {subprocess.py:93} INFO - 	at scala.concurrent.impl.Promise$DefaultPromise.success(Promise.scala:187)
[2026-08-12T21:22:19.501+0000] {subprocess.py:93} INFO - 	at org.apache.spark.rpc.netty.LocalNettyRpcCallContext.send(NettyRpcCallContext.scala:50)
[2026-08-12T21:22:19.531+0000] {subprocess.py:93} INFO - 	at org.apache.spark.rpc.netty.NettyRpcCallContext.reply(NettyRpcCallContext.scala:32)
[2026-08-12T21:22:19.549+0000] {subprocess.py:93} INFO - 	at org.apache.spark.rpc.netty.RpcEndpointVerifier$$anonfun$receiveAndReply$1.applyOrElse(RpcEndpointVerifier.scala:31)
[2026-08-12T21:22:19.557+0000] {subprocess.py:93} INFO - 	... 8 more
[2026-08-12T21:22:19.571+0000] {subprocess.py:93} INFO - 26/08/12 21:21:49 WARN Executor: Issue communicating with driver in heartbeater
[2026-08-12T21:22:19.592+0000] {subprocess.py:93} INFO - org.apache.spark.SparkException: Exception thrown in awaitResult:
[2026-08-12T21:22:19.597+0000] {subprocess.py:93} INFO - 	at org.apache.spark.util.SparkThreadUtils$.awaitResult(SparkThreadUtils.scala:56)
[2026-08-12T21:22:19.603+0000] {subprocess.py:93} INFO - 	at org.apache.spark.util.ThreadUtils$.awaitResult(ThreadUtils.scala:310)
[2026-08-12T21:22:19.621+0000] {subprocess.py:93} INFO - 	at org.apache.spark.rpc.RpcTimeout.awaitResult(RpcTimeout.scala:75)
[2026-08-12T21:22:19.627+0000] {subprocess.py:93} INFO - 	at org.apache.spark.rpc.RpcEndpointRef.askSync(RpcEndpointRef.scala:101)
[2026-08-12T21:22:19.670+0000] {subprocess.py:93} INFO - 	at org.apache.spark.rpc.RpcEndpointRef.askSync(RpcEndpointRef.scala:85)
[2026-08-12T21:22:19.674+0000] {subprocess.py:93} INFO - 	at org.apache.spark.storage.BlockManagerMaster.registerBlockManager(BlockManagerMaster.scala:80)
[2026-08-12T21:22:19.677+0000] {subprocess.py:93} INFO - 	at org.apache.spark.storage.BlockManager.reregister(BlockManager.scala:642)
[2026-08-12T21:22:19.691+0000] {subprocess.py:93} INFO - 	at org.apache.spark.executor.Executor.reportHeartBeat(Executor.scala:1223)
[2026-08-12T21:22:19.699+0000] {subprocess.py:93} INFO - 	at org.apache.spark.executor.Executor.$anonfun$heartbeater$1(Executor.scala:295)
[2026-08-12T21:22:19.731+0000] {subprocess.py:93} INFO - 	at scala.runtime.java8.JFunction0$mcV$sp.apply(JFunction0$mcV$sp.java:23)
[2026-08-12T21:22:19.743+0000] {subprocess.py:93} INFO - 	at org.apache.spark.util.Utils$.logUncaughtExceptions(Utils.scala:1928)
[2026-08-12T21:22:19.749+0000] {subprocess.py:93} INFO - 	at org.apache.spark.Heartbeater$$anon$1.run(Heartbeater.scala:46)
[2026-08-12T21:22:19.755+0000] {subprocess.py:93} INFO - 	at java.base/java.util.concurrent.Executors$RunnableAdapter.call(Executors.java:539)
[2026-08-12T21:22:19.769+0000] {subprocess.py:93} INFO - 	at java.base/java.util.concurrent.FutureTask.runAndReset(FutureTask.java:305)
[2026-08-12T21:22:19.776+0000] {subprocess.py:93} INFO - 	at java.base/java.util.concurrent.ScheduledThreadPoolExecutor$ScheduledFutureTask.run(ScheduledThreadPoolExecutor.java:305)
[2026-08-12T21:22:19.787+0000] {subprocess.py:93} INFO - 	at java.base/java.util.concurrent.ThreadPoolExecutor.runWorker(ThreadPoolExecutor.java:1136)
[2026-08-12T21:22:19.803+0000] {subprocess.py:93} INFO - 	at java.base/java.util.concurrent.ThreadPoolExecutor$Worker.run(ThreadPoolExecutor.java:635)
[2026-08-12T21:22:19.823+0000] {subprocess.py:93} INFO - 	at java.base/java.lang.Thread.run(Thread.java:840)
[2026-08-12T21:22:19.839+0000] {subprocess.py:93} INFO - Caused by: org.apache.spark.SparkException: Exception thrown in awaitResult:
[2026-08-12T21:22:19.845+0000] {subprocess.py:93} INFO - 	at org.apache.spark.util.SparkThreadUtils$.awaitResult(SparkThreadUtils.scala:56)
[2026-08-12T21:22:19.869+0000] {subprocess.py:93} INFO - 	at org.apache.spark.util.ThreadUtils$.awaitResult(ThreadUtils.scala:310)
[2026-08-12T21:22:20.019+0000] {subprocess.py:93} INFO - 	at org.apache.spark.rpc.RpcTimeout.awaitResult(RpcTimeout.scala:75)
[2026-08-12T21:22:20.035+0000] {subprocess.py:93} INFO - 	at org.apache.spark.rpc.RpcEnv.setupEndpointRefByURI(RpcEnv.scala:102)
[2026-08-12T21:22:20.071+0000] {subprocess.py:93} INFO - 	at org.apache.spark.rpc.RpcEnv.setupEndpointRef(RpcEnv.scala:110)
[2026-08-12T21:22:20.168+0000] {subprocess.py:93} INFO - 	at org.apache.spark.util.RpcUtils$.makeDriverRef(RpcUtils.scala:36)
[2026-08-12T21:22:20.376+0000] {subprocess.py:93} INFO - 	at org.apache.spark.storage.BlockManagerMasterEndpoint.driverEndpoint$lzycompute(BlockManagerMasterEndpoint.scala:124)
[2026-08-12T21:22:20.379+0000] {subprocess.py:93} INFO - 	at org.apache.spark.storage.BlockManagerMasterEndpoint.org$apache$spark$storage$BlockManagerMasterEndpoint$$driverEndpoint(BlockManagerMasterEndpoint.scala:123)
[2026-08-12T21:22:20.417+0000] {subprocess.py:93} INFO - 	at org.apache.spark.storage.BlockManagerMasterEndpoint.isExecutorAlive$lzycompute$1(BlockManagerMasterEndpoint.scala:688)
[2026-08-12T21:22:20.433+0000] {subprocess.py:93} INFO - 	at org.apache.spark.storage.BlockManagerMasterEndpoint.isExecutorAlive$1(BlockManagerMasterEndpoint.scala:687)
[2026-08-12T21:22:20.450+0000] {subprocess.py:93} INFO - 	at org.apache.spark.storage.BlockManagerMasterEndpoint.org$apache$spark$storage$BlockManagerMasterEndpoint$$register(BlockManagerMasterEndpoint.scala:725)
[2026-08-12T21:22:20.469+0000] {subprocess.py:93} INFO - 	at org.apache.spark.storage.BlockManagerMasterEndpoint$$anonfun$receiveAndReply$1.applyOrElse(BlockManagerMasterEndpoint.scala:133)
[2026-08-12T21:22:20.504+0000] {subprocess.py:93} INFO - 	at org.apache.spark.rpc.netty.Inbox.$anonfun$process$1(Inbox.scala:103)
[2026-08-12T21:22:20.521+0000] {subprocess.py:93} INFO - 	at org.apache.spark.rpc.netty.Inbox.safelyCall(Inbox.scala:213)
[2026-08-12T21:22:20.539+0000] {subprocess.py:93} INFO - 	at org.apache.spark.rpc.netty.Inbox.process(Inbox.scala:100)
[2026-08-12T21:22:20.567+0000] {subprocess.py:93} INFO - 	at org.apache.spark.rpc.netty.MessageLoop.org$apache$spark$rpc$netty$MessageLoop$$receiveLoop(MessageLoop.scala:75)
[2026-08-12T21:22:20.581+0000] {subprocess.py:93} INFO - 	at org.apache.spark.rpc.netty.MessageLoop$$anon$1.run(MessageLoop.scala:41)
[2026-08-12T21:22:20.615+0000] {subprocess.py:93} INFO - 	... 3 more
[2026-08-12T21:22:20.637+0000] {subprocess.py:93} INFO - Caused by: org.apache.spark.rpc.RpcEndpointNotFoundException: Cannot find endpoint: spark://CoarseGrainedScheduler@4099a95615c9:45169
[2026-08-12T21:22:20.698+0000] {subprocess.py:93} INFO - 	at org.apache.spark.rpc.netty.NettyRpcEnv.$anonfun$asyncSetupEndpointRefByURI$1(NettyRpcEnv.scala:148)
[2026-08-12T21:22:20.730+0000] {subprocess.py:93} INFO - 	at org.apache.spark.rpc.netty.NettyRpcEnv.$anonfun$asyncSetupEndpointRefByURI$1$adapted(NettyRpcEnv.scala:144)
[2026-08-12T21:22:20.772+0000] {subprocess.py:93} INFO - 	at scala.concurrent.Future.$anonfun$flatMap$1(Future.scala:307)
[2026-08-12T21:22:20.804+0000] {subprocess.py:93} INFO - 	at scala.concurrent.impl.Promise.$anonfun$transformWith$1(Promise.scala:41)
[2026-08-12T21:22:20.822+0000] {subprocess.py:93} INFO - 	at scala.concurrent.impl.CallbackRunnable.run(Promise.scala:64)
[2026-08-12T21:22:20.860+0000] {subprocess.py:93} INFO - 	at org.apache.spark.util.ThreadUtils$$anon$1.execute(ThreadUtils.scala:99)
[2026-08-12T21:22:20.898+0000] {subprocess.py:93} INFO - 	at scala.concurrent.impl.ExecutionContextImpl$$anon$4.execute(ExecutionContextImpl.scala:138)
[2026-08-12T21:22:20.916+0000] {subprocess.py:93} INFO - 	at scala.concurrent.impl.CallbackRunnable.executeWithValue(Promise.scala:72)
[2026-08-12T21:22:20.949+0000] {subprocess.py:93} INFO - 	at scala.concurrent.impl.Promise$DefaultPromise.$anonfun$tryComplete$1(Promise.scala:288)
[2026-08-12T21:22:20.964+0000] {subprocess.py:93} INFO - 	at scala.concurrent.impl.Promise$DefaultPromise.$anonfun$tryComplete$1$adapted(Promise.scala:288)
[2026-08-12T21:22:20.984+0000] {subprocess.py:93} INFO - 	at scala.concurrent.impl.Promise$DefaultPromise.tryComplete(Promise.scala:288)
[2026-08-12T21:22:20.992+0000] {subprocess.py:93} INFO - 	at scala.concurrent.Promise.complete(Promise.scala:53)
[2026-08-12T21:22:21.052+0000] {subprocess.py:93} INFO - 	at scala.concurrent.Promise.complete$(Promise.scala:52)
[2026-08-12T21:22:21.085+0000] {subprocess.py:93} INFO - 	at scala.concurrent.impl.Promise$DefaultPromise.complete(Promise.scala:187)
[2026-08-12T21:22:21.125+0000] {subprocess.py:93} INFO - 	at scala.concurrent.impl.Promise.$anonfun$transform$1(Promise.scala:33)
[2026-08-12T21:22:21.140+0000] {subprocess.py:93} INFO - 	at scala.concurrent.impl.CallbackRunnable.run(Promise.scala:64)
[2026-08-12T21:22:21.152+0000] {subprocess.py:93} INFO - 	at org.apache.spark.util.ThreadUtils$$anon$1.execute(ThreadUtils.scala:99)
[2026-08-12T21:22:21.195+0000] {subprocess.py:93} INFO - 	at scala.concurrent.impl.ExecutionContextImpl$$anon$4.execute(ExecutionContextImpl.scala:138)
[2026-08-12T21:22:21.209+0000] {subprocess.py:93} INFO - 	at scala.concurrent.impl.CallbackRunnable.executeWithValue(Promise.scala:72)
[2026-08-12T21:22:21.241+0000] {subprocess.py:93} INFO - 	at scala.concurrent.impl.Promise$DefaultPromise.$anonfun$tryComplete$1(Promise.scala:288)
[2026-08-12T21:22:21.257+0000] {subprocess.py:93} INFO - 	at scala.concurrent.impl.Promise$DefaultPromise.$anonfun$tryComplete$1$adapted(Promise.scala:288)
[2026-08-12T21:22:21.350+0000] {subprocess.py:93} INFO - 	at scala.concurrent.impl.Promise$DefaultPromise.tryComplete(Promise.scala:288)
[2026-08-12T21:22:21.373+0000] {subprocess.py:93} INFO - 	at scala.concurrent.Promise.complete(Promise.scala:53)
[2026-08-12T21:22:21.400+0000] {subprocess.py:93} INFO - 	at scala.concurrent.Promise.complete$(Promise.scala:52)
[2026-08-12T21:22:21.673+0000] {subprocess.py:93} INFO - 	at scala.concurrent.impl.Promise$DefaultPromise.complete(Promise.scala:187)
[2026-08-12T21:22:21.703+0000] {subprocess.py:93} INFO - 	at scala.concurrent.impl.Promise.$anonfun$transform$1(Promise.scala:33)
[2026-08-12T21:22:21.726+0000] {subprocess.py:93} INFO - 	at scala.concurrent.impl.CallbackRunnable.run(Promise.scala:64)
[2026-08-12T21:22:21.756+0000] {subprocess.py:93} INFO - 	at scala.concurrent.BatchingExecutor$Batch.processBatch$1(BatchingExecutor.scala:67)
[2026-08-12T21:22:21.773+0000] {subprocess.py:93} INFO - 	at scala.concurrent.BatchingExecutor$Batch.$anonfun$run$1(BatchingExecutor.scala:82)
[2026-08-12T21:22:21.796+0000] {subprocess.py:93} INFO - 	at scala.runtime.java8.JFunction0$mcV$sp.apply(JFunction0$mcV$sp.java:23)
[2026-08-12T21:22:21.809+0000] {subprocess.py:93} INFO - 	at scala.concurrent.BlockContext$.withBlockContext(BlockContext.scala:85)
[2026-08-12T21:22:21.815+0000] {subprocess.py:93} INFO - 	at scala.concurrent.BatchingExecutor$Batch.run(BatchingExecutor.scala:59)
[2026-08-12T21:22:21.841+0000] {subprocess.py:93} INFO - 	at scala.concurrent.Future$InternalCallbackExecutor$.unbatchedExecute(Future.scala:875)
[2026-08-12T21:22:21.849+0000] {subprocess.py:93} INFO - 	at scala.concurrent.BatchingExecutor.execute(BatchingExecutor.scala:110)
[2026-08-12T21:22:21.866+0000] {subprocess.py:93} INFO - 	at scala.concurrent.BatchingExecutor.execute$(BatchingExecutor.scala:107)
[2026-08-12T21:22:21.896+0000] {subprocess.py:93} INFO - 	at scala.concurrent.Future$InternalCallbackExecutor$.execute(Future.scala:873)
[2026-08-12T21:22:21.960+0000] {subprocess.py:93} INFO - 	at scala.concurrent.impl.CallbackRunnable.executeWithValue(Promise.scala:72)
[2026-08-12T21:22:21.968+0000] {subprocess.py:93} INFO - 	at scala.concurrent.impl.Promise$DefaultPromise.$anonfun$tryComplete$1(Promise.scala:288)
[2026-08-12T21:22:21.980+0000] {subprocess.py:93} INFO - 	at scala.concurrent.impl.Promise$DefaultPromise.$anonfun$tryComplete$1$adapted(Promise.scala:288)
[2026-08-12T21:22:22.002+0000] {subprocess.py:93} INFO - 	at scala.concurrent.impl.Promise$DefaultPromise.tryComplete(Promise.scala:288)
[2026-08-12T21:22:22.024+0000] {subprocess.py:93} INFO - 	at scala.concurrent.Promise.trySuccess(Promise.scala:94)
[2026-08-12T21:22:22.070+0000] {subprocess.py:93} INFO - 	at scala.concurrent.Promise.trySuccess$(Promise.scala:94)
[2026-08-12T21:22:22.088+0000] {subprocess.py:93} INFO - 	at scala.concurrent.impl.Promise$DefaultPromise.trySuccess(Promise.scala:187)
[2026-08-12T21:22:22.122+0000] {subprocess.py:93} INFO - 	at org.apache.spark.rpc.netty.NettyRpcEnv.onSuccess$1(NettyRpcEnv.scala:225)
[2026-08-12T21:22:22.149+0000] {subprocess.py:93} INFO - 	at org.apache.spark.rpc.netty.NettyRpcEnv.$anonfun$askAbortable$5(NettyRpcEnv.scala:239)
[2026-08-12T21:22:22.163+0000] {subprocess.py:93} INFO - 	at org.apache.spark.rpc.netty.NettyRpcEnv.$anonfun$askAbortable$5$adapted(NettyRpcEnv.scala:238)
[2026-08-12T21:22:22.165+0000] {subprocess.py:93} INFO - 	at scala.concurrent.impl.CallbackRunnable.run(Promise.scala:64)
[2026-08-12T21:22:22.184+0000] {subprocess.py:93} INFO - 	at org.apache.spark.util.ThreadUtils$$anon$1.execute(ThreadUtils.scala:99)
[2026-08-12T21:22:22.205+0000] {subprocess.py:93} INFO - 	at scala.concurrent.impl.ExecutionContextImpl$$anon$4.execute(ExecutionContextImpl.scala:138)
[2026-08-12T21:22:22.220+0000] {subprocess.py:93} INFO - 	at scala.concurrent.impl.CallbackRunnable.executeWithValue(Promise.scala:72)
[2026-08-12T21:22:22.232+0000] {subprocess.py:93} INFO - 	at scala.concurrent.impl.Promise$DefaultPromise.$anonfun$tryComplete$1(Promise.scala:288)
[2026-08-12T21:22:22.259+0000] {subprocess.py:93} INFO - 	at scala.concurrent.impl.Promise$DefaultPromise.$anonfun$tryComplete$1$adapted(Promise.scala:288)
[2026-08-12T21:22:22.315+0000] {subprocess.py:93} INFO - 	at scala.concurrent.impl.Promise$DefaultPromise.tryComplete(Promise.scala:288)
[2026-08-12T21:22:22.394+0000] {subprocess.py:93} INFO - 	at scala.concurrent.Promise.complete(Promise.scala:53)
[2026-08-12T21:22:22.408+0000] {subprocess.py:93} INFO - 	at scala.concurrent.Promise.complete$(Promise.scala:52)
[2026-08-12T21:22:22.423+0000] {subprocess.py:93} INFO - 	at scala.concurrent.impl.Promise$DefaultPromise.complete(Promise.scala:187)
[2026-08-12T21:22:22.438+0000] {subprocess.py:93} INFO - 	at scala.concurrent.Promise.success(Promise.scala:86)
[2026-08-12T21:22:22.479+0000] {subprocess.py:93} INFO - 	at scala.concurrent.Promise.success$(Promise.scala:86)
[2026-08-12T21:22:22.492+0000] {subprocess.py:93} INFO - 	at scala.concurrent.impl.Promise$DefaultPromise.success(Promise.scala:187)
[2026-08-12T21:22:22.531+0000] {subprocess.py:93} INFO - 	at org.apache.spark.rpc.netty.LocalNettyRpcCallContext.send(NettyRpcCallContext.scala:50)
[2026-08-12T21:22:22.635+0000] {subprocess.py:93} INFO - 	at org.apache.spark.rpc.netty.NettyRpcCallContext.reply(NettyRpcCallContext.scala:32)
[2026-08-12T21:22:22.682+0000] {subprocess.py:93} INFO - 	at org.apache.spark.rpc.netty.RpcEndpointVerifier$$anonfun$receiveAndReply$1.applyOrElse(RpcEndpointVerifier.scala:31)
[2026-08-12T21:22:22.750+0000] {subprocess.py:93} INFO - 	... 8 more
[2026-08-12T21:22:22.769+0000] {subprocess.py:93} INFO - 26/08/12 21:21:55 ERROR Inbox: Ignoring error
[2026-08-12T21:22:22.786+0000] {subprocess.py:93} INFO - org.apache.spark.SparkException: Exception thrown in awaitResult:
[2026-08-12T21:22:22.796+0000] {subprocess.py:93} INFO - 	at org.apache.spark.util.SparkThreadUtils$.awaitResult(SparkThreadUtils.scala:56)
[2026-08-12T21:22:22.840+0000] {subprocess.py:93} INFO - 	at org.apache.spark.util.ThreadUtils$.awaitResult(ThreadUtils.scala:310)
[2026-08-12T21:22:22.984+0000] {subprocess.py:93} INFO - 	at org.apache.spark.rpc.RpcTimeout.awaitResult(RpcTimeout.scala:75)
[2026-08-12T21:22:23.025+0000] {subprocess.py:93} INFO - 	at org.apache.spark.rpc.RpcEnv.setupEndpointRefByURI(RpcEnv.scala:102)
[2026-08-12T21:22:23.065+0000] {subprocess.py:93} INFO - 	at org.apache.spark.rpc.RpcEnv.setupEndpointRef(RpcEnv.scala:110)
[2026-08-12T21:22:23.081+0000] {subprocess.py:93} INFO - 	at org.apache.spark.util.RpcUtils$.makeDriverRef(RpcUtils.scala:36)
[2026-08-12T21:22:23.113+0000] {subprocess.py:93} INFO - 	at org.apache.spark.storage.BlockManagerMasterEndpoint.driverEndpoint$lzycompute(BlockManagerMasterEndpoint.scala:124)
[2026-08-12T21:22:23.130+0000] {subprocess.py:93} INFO - 	at org.apache.spark.storage.BlockManagerMasterEndpoint.org$apache$spark$storage$BlockManagerMasterEndpoint$$driverEndpoint(BlockManagerMasterEndpoint.scala:123)
[2026-08-12T21:22:23.147+0000] {subprocess.py:93} INFO - 	at org.apache.spark.storage.BlockManagerMasterEndpoint.isExecutorAlive$lzycompute$1(BlockManagerMasterEndpoint.scala:688)
[2026-08-12T21:22:23.177+0000] {subprocess.py:93} INFO - 	at org.apache.spark.storage.BlockManagerMasterEndpoint.isExecutorAlive$1(BlockManagerMasterEndpoint.scala:687)
[2026-08-12T21:22:23.268+0000] {subprocess.py:93} INFO - 	at org.apache.spark.storage.BlockManagerMasterEndpoint.org$apache$spark$storage$BlockManagerMasterEndpoint$$register(BlockManagerMasterEndpoint.scala:725)
[2026-08-12T21:22:23.507+0000] {subprocess.py:93} INFO - 	at org.apache.spark.storage.BlockManagerMasterEndpoint$$anonfun$receiveAndReply$1.applyOrElse(BlockManagerMasterEndpoint.scala:133)
[2026-08-12T21:22:23.552+0000] {subprocess.py:93} INFO - 	at org.apache.spark.rpc.netty.Inbox.$anonfun$process$1(Inbox.scala:103)
[2026-08-12T21:22:23.620+0000] {subprocess.py:93} INFO - 	at org.apache.spark.rpc.netty.Inbox.safelyCall(Inbox.scala:213)
[2026-08-12T21:22:23.672+0000] {subprocess.py:93} INFO - 	at org.apache.spark.rpc.netty.Inbox.process(Inbox.scala:100)
[2026-08-12T21:22:23.680+0000] {subprocess.py:93} INFO - 	at org.apache.spark.rpc.netty.MessageLoop.org$apache$spark$rpc$netty$MessageLoop$$receiveLoop(MessageLoop.scala:75)
[2026-08-12T21:22:23.774+0000] {subprocess.py:93} INFO - 	at org.apache.spark.rpc.netty.MessageLoop$$anon$1.run(MessageLoop.scala:41)
[2026-08-12T21:22:23.823+0000] {subprocess.py:93} INFO - 	at java.base/java.util.concurrent.ThreadPoolExecutor.runWorker(ThreadPoolExecutor.java:1136)
[2026-08-12T21:22:23.875+0000] {subprocess.py:93} INFO - 	at java.base/java.util.concurrent.ThreadPoolExecutor$Worker.run(ThreadPoolExecutor.java:635)
[2026-08-12T21:22:24.048+0000] {subprocess.py:93} INFO - 	at java.base/java.lang.Thread.run(Thread.java:840)
[2026-08-12T21:22:24.082+0000] {subprocess.py:93} INFO - Caused by: org.apache.spark.rpc.RpcEndpointNotFoundException: Cannot find endpoint: spark://CoarseGrainedScheduler@4099a95615c9:45169
[2026-08-12T21:22:24.113+0000] {subprocess.py:93} INFO - 	at org.apache.spark.rpc.netty.NettyRpcEnv.$anonfun$asyncSetupEndpointRefByURI$1(NettyRpcEnv.scala:148)
[2026-08-12T21:22:24.195+0000] {subprocess.py:93} INFO - 	at org.apache.spark.rpc.netty.NettyRpcEnv.$anonfun$asyncSetupEndpointRefByURI$1$adapted(NettyRpcEnv.scala:144)
[2026-08-12T21:22:24.210+0000] {subprocess.py:93} INFO - 	at scala.concurrent.Future.$anonfun$flatMap$1(Future.scala:307)
[2026-08-12T21:22:24.219+0000] {subprocess.py:93} INFO - 	at scala.concurrent.impl.Promise.$anonfun$transformWith$1(Promise.scala:41)
[2026-08-12T21:22:24.348+0000] {subprocess.py:93} INFO - 	at scala.concurrent.impl.CallbackRunnable.run(Promise.scala:64)
[2026-08-12T21:22:24.772+0000] {subprocess.py:93} INFO - 	at org.apache.spark.util.ThreadUtils$$anon$1.execute(ThreadUtils.scala:99)
[2026-08-12T21:22:24.810+0000] {subprocess.py:93} INFO - 	at scala.concurrent.impl.ExecutionContextImpl$$anon$4.execute(ExecutionContextImpl.scala:138)
[2026-08-12T21:22:25.003+0000] {subprocess.py:93} INFO - 	at scala.concurrent.impl.CallbackRunnable.executeWithValue(Promise.scala:72)
[2026-08-12T21:22:25.028+0000] {subprocess.py:93} INFO - 	at scala.concurrent.impl.Promise$DefaultPromise.$anonfun$tryComplete$1(Promise.scala:288)
[2026-08-12T21:22:25.061+0000] {subprocess.py:93} INFO - 	at scala.concurrent.impl.Promise$DefaultPromise.$anonfun$tryComplete$1$adapted(Promise.scala:288)
[2026-08-12T21:22:25.109+0000] {subprocess.py:93} INFO - 	at scala.concurrent.impl.Promise$DefaultPromise.tryComplete(Promise.scala:288)
[2026-08-12T21:22:25.263+0000] {subprocess.py:93} INFO - 	at scala.concurrent.Promise.complete(Promise.scala:53)
[2026-08-12T21:22:25.507+0000] {subprocess.py:93} INFO - 	at scala.concurrent.Promise.complete$(Promise.scala:52)
[2026-08-12T21:22:25.533+0000] {subprocess.py:93} INFO - 	at scala.concurrent.impl.Promise$DefaultPromise.complete(Promise.scala:187)
[2026-08-12T21:22:25.579+0000] {subprocess.py:93} INFO - 	at scala.concurrent.impl.Promise.$anonfun$transform$1(Promise.scala:33)
[2026-08-12T21:22:25.596+0000] {subprocess.py:93} INFO - 	at scala.concurrent.impl.CallbackRunnable.run(Promise.scala:64)
[2026-08-12T21:22:25.613+0000] {subprocess.py:93} INFO - 	at org.apache.spark.util.ThreadUtils$$anon$1.execute(ThreadUtils.scala:99)
[2026-08-12T21:22:25.650+0000] {subprocess.py:93} INFO - 	at scala.concurrent.impl.ExecutionContextImpl$$anon$4.execute(ExecutionContextImpl.scala:138)
[2026-08-12T21:22:25.689+0000] {subprocess.py:93} INFO - 	at scala.concurrent.impl.CallbackRunnable.executeWithValue(Promise.scala:72)
[2026-08-12T21:22:25.732+0000] {subprocess.py:93} INFO - 	at scala.concurrent.impl.Promise$DefaultPromise.$anonfun$tryComplete$1(Promise.scala:288)
[2026-08-12T21:22:25.763+0000] {subprocess.py:93} INFO - 	at scala.concurrent.impl.Promise$DefaultPromise.$anonfun$tryComplete$1$adapted(Promise.scala:288)
[2026-08-12T21:22:25.783+0000] {subprocess.py:93} INFO - 	at scala.concurrent.impl.Promise$DefaultPromise.tryComplete(Promise.scala:288)
[2026-08-12T21:22:25.820+0000] {subprocess.py:93} INFO - 	at scala.concurrent.Promise.complete(Promise.scala:53)
[2026-08-12T21:22:25.845+0000] {subprocess.py:93} INFO - 	at scala.concurrent.Promise.complete$(Promise.scala:52)
[2026-08-12T21:22:25.860+0000] {subprocess.py:93} INFO - 	at scala.concurrent.impl.Promise$DefaultPromise.complete(Promise.scala:187)
[2026-08-12T21:22:25.876+0000] {subprocess.py:93} INFO - 	at scala.concurrent.impl.Promise.$anonfun$transform$1(Promise.scala:33)
[2026-08-12T21:22:25.894+0000] {subprocess.py:93} INFO - 	at scala.concurrent.impl.CallbackRunnable.run(Promise.scala:64)
[2026-08-12T21:22:25.917+0000] {subprocess.py:93} INFO - 	at scala.concurrent.BatchingExecutor$Batch.processBatch$1(BatchingExecutor.scala:67)
[2026-08-12T21:22:25.938+0000] {subprocess.py:93} INFO - 	at scala.concurrent.BatchingExecutor$Batch.$anonfun$run$1(BatchingExecutor.scala:82)
[2026-08-12T21:22:25.958+0000] {subprocess.py:93} INFO - 	at scala.runtime.java8.JFunction0$mcV$sp.apply(JFunction0$mcV$sp.java:23)
[2026-08-12T21:22:26.048+0000] {subprocess.py:93} INFO - 	at scala.concurrent.BlockContext$.withBlockContext(BlockContext.scala:85)
[2026-08-12T21:22:26.224+0000] {subprocess.py:93} INFO - 	at scala.concurrent.BatchingExecutor$Batch.run(BatchingExecutor.scala:59)
[2026-08-12T21:22:26.281+0000] {subprocess.py:93} INFO - 	at scala.concurrent.Future$InternalCallbackExecutor$.unbatchedExecute(Future.scala:875)
[2026-08-12T21:22:26.287+0000] {subprocess.py:93} INFO - 	at scala.concurrent.BatchingExecutor.execute(BatchingExecutor.scala:110)
[2026-08-12T21:22:26.330+0000] {subprocess.py:93} INFO - 	at scala.concurrent.BatchingExecutor.execute$(BatchingExecutor.scala:107)
[2026-08-12T21:22:26.368+0000] {subprocess.py:93} INFO - 	at scala.concurrent.Future$InternalCallbackExecutor$.execute(Future.scala:873)
[2026-08-12T21:22:26.438+0000] {subprocess.py:93} INFO - 	at scala.concurrent.impl.CallbackRunnable.executeWithValue(Promise.scala:72)
[2026-08-12T21:22:26.525+0000] {subprocess.py:93} INFO - 	at scala.concurrent.impl.Promise$DefaultPromise.$anonfun$tryComplete$1(Promise.scala:288)
[2026-08-12T21:22:26.562+0000] {subprocess.py:93} INFO - 	at scala.concurrent.impl.Promise$DefaultPromise.$anonfun$tryComplete$1$adapted(Promise.scala:288)
[2026-08-12T21:22:26.624+0000] {subprocess.py:93} INFO - 	at scala.concurrent.impl.Promise$DefaultPromise.tryComplete(Promise.scala:288)
[2026-08-12T21:22:26.654+0000] {subprocess.py:93} INFO - 	at scala.concurrent.Promise.trySuccess(Promise.scala:94)
[2026-08-12T21:22:26.758+0000] {subprocess.py:93} INFO - 	at scala.concurrent.Promise.trySuccess$(Promise.scala:94)
[2026-08-12T21:22:26.800+0000] {subprocess.py:93} INFO - 	at scala.concurrent.impl.Promise$DefaultPromise.trySuccess(Promise.scala:187)
[2026-08-12T21:22:26.894+0000] {subprocess.py:93} INFO - 	at org.apache.spark.rpc.netty.NettyRpcEnv.onSuccess$1(NettyRpcEnv.scala:225)
[2026-08-12T21:22:26.905+0000] {subprocess.py:93} INFO - 	at org.apache.spark.rpc.netty.NettyRpcEnv.$anonfun$askAbortable$5(NettyRpcEnv.scala:239)
[2026-08-12T21:22:26.953+0000] {subprocess.py:93} INFO - 	at org.apache.spark.rpc.netty.NettyRpcEnv.$anonfun$askAbortable$5$adapted(NettyRpcEnv.scala:238)
[2026-08-12T21:22:27.004+0000] {subprocess.py:93} INFO - 	at scala.concurrent.impl.CallbackRunnable.run(Promise.scala:64)
[2026-08-12T21:22:27.041+0000] {subprocess.py:93} INFO - 	at org.apache.spark.util.ThreadUtils$$anon$1.execute(ThreadUtils.scala:99)
[2026-08-12T21:22:27.051+0000] {subprocess.py:93} INFO - 	at scala.concurrent.impl.ExecutionContextImpl$$anon$4.execute(ExecutionContextImpl.scala:138)
[2026-08-12T21:22:27.097+0000] {subprocess.py:93} INFO - 	at scala.concurrent.impl.CallbackRunnable.executeWithValue(Promise.scala:72)
[2026-08-12T21:22:27.148+0000] {subprocess.py:93} INFO - 	at scala.concurrent.impl.Promise$DefaultPromise.$anonfun$tryComplete$1(Promise.scala:288)
[2026-08-12T21:22:27.318+0000] {subprocess.py:93} INFO - 	at scala.concurrent.impl.Promise$DefaultPromise.$anonfun$tryComplete$1$adapted(Promise.scala:288)
[2026-08-12T21:22:27.388+0000] {subprocess.py:93} INFO - 	at scala.concurrent.impl.Promise$DefaultPromise.tryComplete(Promise.scala:288)
[2026-08-12T21:22:27.427+0000] {subprocess.py:93} INFO - 	at scala.concurrent.Promise.complete(Promise.scala:53)
[2026-08-12T21:22:27.495+0000] {subprocess.py:93} INFO - 	at scala.concurrent.Promise.complete$(Promise.scala:52)
[2026-08-12T21:22:27.505+0000] {subprocess.py:93} INFO - 	at scala.concurrent.impl.Promise$DefaultPromise.complete(Promise.scala:187)
[2026-08-12T21:22:27.668+0000] {subprocess.py:93} INFO - 	at scala.concurrent.Promise.success(Promise.scala:86)
[2026-08-12T21:22:27.792+0000] {subprocess.py:93} INFO - 	at scala.concurrent.Promise.success$(Promise.scala:86)
[2026-08-12T21:22:27.892+0000] {subprocess.py:93} INFO - 	at scala.concurrent.impl.Promise$DefaultPromise.success(Promise.scala:187)
[2026-08-12T21:22:28.069+0000] {subprocess.py:93} INFO - 	at org.apache.spark.rpc.netty.LocalNettyRpcCallContext.send(NettyRpcCallContext.scala:50)
[2026-08-12T21:22:28.079+0000] {subprocess.py:93} INFO - 	at org.apache.spark.rpc.netty.NettyRpcCallContext.reply(NettyRpcCallContext.scala:32)
[2026-08-12T21:22:28.098+0000] {subprocess.py:93} INFO - 	at org.apache.spark.rpc.netty.RpcEndpointVerifier$$anonfun$receiveAndReply$1.applyOrElse(RpcEndpointVerifier.scala:31)
[2026-08-12T21:22:28.113+0000] {subprocess.py:93} INFO - 	... 8 more
[2026-08-12T21:22:28.119+0000] {subprocess.py:93} INFO - 26/08/12 21:21:55 WARN Executor: Issue communicating with driver in heartbeater
[2026-08-12T21:22:28.131+0000] {subprocess.py:93} INFO - org.apache.spark.SparkException: Exception thrown in awaitResult:
[2026-08-12T21:22:28.180+0000] {subprocess.py:93} INFO - 	at org.apache.spark.util.SparkThreadUtils$.awaitResult(SparkThreadUtils.scala:56)
[2026-08-12T21:22:28.255+0000] {subprocess.py:93} INFO - 	at org.apache.spark.util.ThreadUtils$.awaitResult(ThreadUtils.scala:310)
[2026-08-12T21:22:28.259+0000] {subprocess.py:93} INFO - 	at org.apache.spark.rpc.RpcTimeout.awaitResult(RpcTimeout.scala:75)
[2026-08-12T21:22:28.278+0000] {subprocess.py:93} INFO - 	at org.apache.spark.rpc.RpcEndpointRef.askSync(RpcEndpointRef.scala:101)
[2026-08-12T21:22:28.346+0000] {subprocess.py:93} INFO - 	at org.apache.spark.rpc.RpcEndpointRef.askSync(RpcEndpointRef.scala:85)
[2026-08-12T21:22:28.379+0000] {subprocess.py:93} INFO - 	at org.apache.spark.storage.BlockManagerMaster.registerBlockManager(BlockManagerMaster.scala:80)
[2026-08-12T21:22:28.563+0000] {subprocess.py:93} INFO - 	at org.apache.spark.storage.BlockManager.reregister(BlockManager.scala:642)
[2026-08-12T21:22:28.589+0000] {subprocess.py:93} INFO - 	at org.apache.spark.executor.Executor.reportHeartBeat(Executor.scala:1223)
[2026-08-12T21:22:28.641+0000] {subprocess.py:93} INFO - 	at org.apache.spark.executor.Executor.$anonfun$heartbeater$1(Executor.scala:295)
[2026-08-12T21:22:28.697+0000] {subprocess.py:93} INFO - 	at scala.runtime.java8.JFunction0$mcV$sp.apply(JFunction0$mcV$sp.java:23)
[2026-08-12T21:22:28.702+0000] {subprocess.py:93} INFO - 	at org.apache.spark.util.Utils$.logUncaughtExceptions(Utils.scala:1928)
[2026-08-12T21:22:28.766+0000] {subprocess.py:93} INFO - 	at org.apache.spark.Heartbeater$$anon$1.run(Heartbeater.scala:46)
[2026-08-12T21:22:28.822+0000] {subprocess.py:93} INFO - 	at java.base/java.util.concurrent.Executors$RunnableAdapter.call(Executors.java:539)
[2026-08-12T21:22:28.828+0000] {subprocess.py:93} INFO - 	at java.base/java.util.concurrent.FutureTask.runAndReset(FutureTask.java:305)
[2026-08-12T21:22:28.839+0000] {subprocess.py:93} INFO - 	at java.base/java.util.concurrent.ScheduledThreadPoolExecutor$ScheduledFutureTask.run(ScheduledThreadPoolExecutor.java:305)
[2026-08-12T21:22:29.001+0000] {subprocess.py:93} INFO - 	at java.base/java.util.concurrent.ThreadPoolExecutor.runWorker(ThreadPoolExecutor.java:1136)
[2026-08-12T21:22:29.034+0000] {subprocess.py:93} INFO - 	at java.base/java.util.concurrent.ThreadPoolExecutor$Worker.run(ThreadPoolExecutor.java:635)
[2026-08-12T21:22:29.080+0000] {subprocess.py:93} INFO - 	at java.base/java.lang.Thread.run(Thread.java:840)
[2026-08-12T21:22:29.091+0000] {subprocess.py:93} INFO - Caused by: org.apache.spark.SparkException: Exception thrown in awaitResult:
[2026-08-12T21:22:29.154+0000] {subprocess.py:93} INFO - 	at org.apache.spark.util.SparkThreadUtils$.awaitResult(SparkThreadUtils.scala:56)
[2026-08-12T21:22:29.182+0000] {subprocess.py:93} INFO - 	at org.apache.spark.util.ThreadUtils$.awaitResult(ThreadUtils.scala:310)
[2026-08-12T21:22:29.199+0000] {subprocess.py:93} INFO - 	at org.apache.spark.rpc.RpcTimeout.awaitResult(RpcTimeout.scala:75)
[2026-08-12T21:22:29.221+0000] {subprocess.py:93} INFO - 	at org.apache.spark.rpc.RpcEnv.setupEndpointRefByURI(RpcEnv.scala:102)
[2026-08-12T21:22:29.228+0000] {subprocess.py:93} INFO - 	at org.apache.spark.rpc.RpcEnv.setupEndpointRef(RpcEnv.scala:110)
[2026-08-12T21:22:29.230+0000] {subprocess.py:93} INFO - 	at org.apache.spark.util.RpcUtils$.makeDriverRef(RpcUtils.scala:36)
[2026-08-12T21:22:29.242+0000] {subprocess.py:93} INFO - 	at org.apache.spark.storage.BlockManagerMasterEndpoint.driverEndpoint$lzycompute(BlockManagerMasterEndpoint.scala:124)
[2026-08-12T21:22:29.247+0000] {subprocess.py:93} INFO - 	at org.apache.spark.storage.BlockManagerMasterEndpoint.org$apache$spark$storage$BlockManagerMasterEndpoint$$driverEndpoint(BlockManagerMasterEndpoint.scala:123)
[2026-08-12T21:22:29.250+0000] {subprocess.py:93} INFO - 	at org.apache.spark.storage.BlockManagerMasterEndpoint.isExecutorAlive$lzycompute$1(BlockManagerMasterEndpoint.scala:688)
[2026-08-12T21:22:29.254+0000] {subprocess.py:93} INFO - 	at org.apache.spark.storage.BlockManagerMasterEndpoint.isExecutorAlive$1(BlockManagerMasterEndpoint.scala:687)
[2026-08-12T21:22:29.258+0000] {subprocess.py:93} INFO - 	at org.apache.spark.storage.BlockManagerMasterEndpoint.org$apache$spark$storage$BlockManagerMasterEndpoint$$register(BlockManagerMasterEndpoint.scala:725)
[2026-08-12T21:22:29.266+0000] {subprocess.py:93} INFO - 	at org.apache.spark.storage.BlockManagerMasterEndpoint$$anonfun$receiveAndReply$1.applyOrElse(BlockManagerMasterEndpoint.scala:133)
[2026-08-12T21:22:29.292+0000] {subprocess.py:93} INFO - 	at org.apache.spark.rpc.netty.Inbox.$anonfun$process$1(Inbox.scala:103)
[2026-08-12T21:22:29.296+0000] {subprocess.py:93} INFO - 	at org.apache.spark.rpc.netty.Inbox.safelyCall(Inbox.scala:213)
[2026-08-12T21:22:29.302+0000] {subprocess.py:93} INFO - 	at org.apache.spark.rpc.netty.Inbox.process(Inbox.scala:100)
[2026-08-12T21:22:29.308+0000] {subprocess.py:93} INFO - 	at org.apache.spark.rpc.netty.MessageLoop.org$apache$spark$rpc$netty$MessageLoop$$receiveLoop(MessageLoop.scala:75)
[2026-08-12T21:22:29.318+0000] {subprocess.py:93} INFO - 	at org.apache.spark.rpc.netty.MessageLoop$$anon$1.run(MessageLoop.scala:41)
[2026-08-12T21:22:29.324+0000] {subprocess.py:93} INFO - 	... 3 more
[2026-08-12T21:22:29.332+0000] {subprocess.py:93} INFO - Caused by: org.apache.spark.rpc.RpcEndpointNotFoundException: Cannot find endpoint: spark://CoarseGrainedScheduler@4099a95615c9:45169
[2026-08-12T21:22:29.346+0000] {subprocess.py:93} INFO - 	at org.apache.spark.rpc.netty.NettyRpcEnv.$anonfun$asyncSetupEndpointRefByURI$1(NettyRpcEnv.scala:148)
[2026-08-12T21:22:29.372+0000] {subprocess.py:93} INFO - 	at org.apache.spark.rpc.netty.NettyRpcEnv.$anonfun$asyncSetupEndpointRefByURI$1$adapted(NettyRpcEnv.scala:144)
[2026-08-12T21:22:29.385+0000] {subprocess.py:93} INFO - 	at scala.concurrent.Future.$anonfun$flatMap$1(Future.scala:307)
[2026-08-12T21:22:29.407+0000] {subprocess.py:93} INFO - 	at scala.concurrent.impl.Promise.$anonfun$transformWith$1(Promise.scala:41)
[2026-08-12T21:22:29.432+0000] {subprocess.py:93} INFO - 	at scala.concurrent.impl.CallbackRunnable.run(Promise.scala:64)
[2026-08-12T21:22:29.550+0000] {subprocess.py:93} INFO - 	at org.apache.spark.util.ThreadUtils$$anon$1.execute(ThreadUtils.scala:99)
[2026-08-12T21:22:29.640+0000] {subprocess.py:93} INFO - 	at scala.concurrent.impl.ExecutionContextImpl$$anon$4.execute(ExecutionContextImpl.scala:138)
[2026-08-12T21:22:29.647+0000] {subprocess.py:93} INFO - 	at scala.concurrent.impl.CallbackRunnable.executeWithValue(Promise.scala:72)
[2026-08-12T21:22:29.702+0000] {subprocess.py:93} INFO - 	at scala.concurrent.impl.Promise$DefaultPromise.$anonfun$tryComplete$1(Promise.scala:288)
[2026-08-12T21:22:29.731+0000] {subprocess.py:93} INFO - 	at scala.concurrent.impl.Promise$DefaultPromise.$anonfun$tryComplete$1$adapted(Promise.scala:288)
[2026-08-12T21:22:29.803+0000] {subprocess.py:93} INFO - 	at scala.concurrent.impl.Promise$DefaultPromise.tryComplete(Promise.scala:288)
[2026-08-12T21:22:29.820+0000] {subprocess.py:93} INFO - 	at scala.concurrent.Promise.complete(Promise.scala:53)
[2026-08-12T21:22:29.834+0000] {subprocess.py:93} INFO - 	at scala.concurrent.Promise.complete$(Promise.scala:52)
[2026-08-12T21:22:29.875+0000] {subprocess.py:93} INFO - 	at scala.concurrent.impl.Promise$DefaultPromise.complete(Promise.scala:187)
[2026-08-12T21:22:29.894+0000] {subprocess.py:93} INFO - 	at scala.concurrent.impl.Promise.$anonfun$transform$1(Promise.scala:33)
[2026-08-12T21:22:29.907+0000] {subprocess.py:93} INFO - 	at scala.concurrent.impl.CallbackRunnable.run(Promise.scala:64)
[2026-08-12T21:22:29.932+0000] {subprocess.py:93} INFO - 	at org.apache.spark.util.ThreadUtils$$anon$1.execute(ThreadUtils.scala:99)
[2026-08-12T21:22:29.942+0000] {subprocess.py:93} INFO - 	at scala.concurrent.impl.ExecutionContextImpl$$anon$4.execute(ExecutionContextImpl.scala:138)
[2026-08-12T21:22:29.959+0000] {subprocess.py:93} INFO - 	at scala.concurrent.impl.CallbackRunnable.executeWithValue(Promise.scala:72)
[2026-08-12T21:22:29.975+0000] {subprocess.py:93} INFO - 	at scala.concurrent.impl.Promise$DefaultPromise.$anonfun$tryComplete$1(Promise.scala:288)
[2026-08-12T21:22:30.023+0000] {subprocess.py:93} INFO - 	at scala.concurrent.impl.Promise$DefaultPromise.$anonfun$tryComplete$1$adapted(Promise.scala:288)
[2026-08-12T21:22:30.036+0000] {subprocess.py:93} INFO - 	at scala.concurrent.impl.Promise$DefaultPromise.tryComplete(Promise.scala:288)
[2026-08-12T21:22:30.052+0000] {subprocess.py:93} INFO - 	at scala.concurrent.Promise.complete(Promise.scala:53)
[2026-08-12T21:22:30.067+0000] {subprocess.py:93} INFO - 	at scala.concurrent.Promise.complete$(Promise.scala:52)
[2026-08-12T21:22:30.092+0000] {subprocess.py:93} INFO - 	at scala.concurrent.impl.Promise$DefaultPromise.complete(Promise.scala:187)
[2026-08-12T21:22:30.097+0000] {subprocess.py:93} INFO - 	at scala.concurrent.impl.Promise.$anonfun$transform$1(Promise.scala:33)
[2026-08-12T21:22:30.143+0000] {subprocess.py:93} INFO - 	at scala.concurrent.impl.CallbackRunnable.run(Promise.scala:64)
[2026-08-12T21:22:30.158+0000] {subprocess.py:93} INFO - 	at scala.concurrent.BatchingExecutor$Batch.processBatch$1(BatchingExecutor.scala:67)
[2026-08-12T21:22:30.184+0000] {subprocess.py:93} INFO - 	at scala.concurrent.BatchingExecutor$Batch.$anonfun$run$1(BatchingExecutor.scala:82)
[2026-08-12T21:22:30.228+0000] {subprocess.py:93} INFO - 	at scala.runtime.java8.JFunction0$mcV$sp.apply(JFunction0$mcV$sp.java:23)
[2026-08-12T21:22:30.245+0000] {subprocess.py:93} INFO - 	at scala.concurrent.BlockContext$.withBlockContext(BlockContext.scala:85)
[2026-08-12T21:22:30.250+0000] {subprocess.py:93} INFO - 	at scala.concurrent.BatchingExecutor$Batch.run(BatchingExecutor.scala:59)
[2026-08-12T21:22:30.287+0000] {subprocess.py:93} INFO - 	at scala.concurrent.Future$InternalCallbackExecutor$.unbatchedExecute(Future.scala:875)
[2026-08-12T21:22:30.346+0000] {subprocess.py:93} INFO - 	at scala.concurrent.BatchingExecutor.execute(BatchingExecutor.scala:110)
[2026-08-12T21:22:30.368+0000] {subprocess.py:93} INFO - 	at scala.concurrent.BatchingExecutor.execute$(BatchingExecutor.scala:107)
[2026-08-12T21:22:30.389+0000] {subprocess.py:93} INFO - 	at scala.concurrent.Future$InternalCallbackExecutor$.execute(Future.scala:873)
[2026-08-12T21:22:30.424+0000] {subprocess.py:93} INFO - 	at scala.concurrent.impl.CallbackRunnable.executeWithValue(Promise.scala:72)
[2026-08-12T21:22:30.446+0000] {subprocess.py:93} INFO - 	at scala.concurrent.impl.Promise$DefaultPromise.$anonfun$tryComplete$1(Promise.scala:288)
[2026-08-12T21:22:30.500+0000] {subprocess.py:93} INFO - 	at scala.concurrent.impl.Promise$DefaultPromise.$anonfun$tryComplete$1$adapted(Promise.scala:288)
[2026-08-12T21:22:30.560+0000] {subprocess.py:93} INFO - 	at scala.concurrent.impl.Promise$DefaultPromise.tryComplete(Promise.scala:288)
[2026-08-12T21:22:30.593+0000] {subprocess.py:93} INFO - 	at scala.concurrent.Promise.trySuccess(Promise.scala:94)
[2026-08-12T21:22:30.606+0000] {subprocess.py:93} INFO - 	at scala.concurrent.Promise.trySuccess$(Promise.scala:94)
[2026-08-12T21:22:30.612+0000] {subprocess.py:93} INFO - 	at scala.concurrent.impl.Promise$DefaultPromise.trySuccess(Promise.scala:187)
[2026-08-12T21:22:30.624+0000] {subprocess.py:93} INFO - 	at org.apache.spark.rpc.netty.NettyRpcEnv.onSuccess$1(NettyRpcEnv.scala:225)
[2026-08-12T21:22:30.646+0000] {subprocess.py:93} INFO - 	at org.apache.spark.rpc.netty.NettyRpcEnv.$anonfun$askAbortable$5(NettyRpcEnv.scala:239)
[2026-08-12T21:22:30.653+0000] {subprocess.py:93} INFO - 	at org.apache.spark.rpc.netty.NettyRpcEnv.$anonfun$askAbortable$5$adapted(NettyRpcEnv.scala:238)
[2026-08-12T21:22:30.659+0000] {subprocess.py:93} INFO - 	at scala.concurrent.impl.CallbackRunnable.run(Promise.scala:64)
[2026-08-12T21:22:30.698+0000] {subprocess.py:93} INFO - 	at org.apache.spark.util.ThreadUtils$$anon$1.execute(ThreadUtils.scala:99)
[2026-08-12T21:22:30.706+0000] {subprocess.py:93} INFO - 	at scala.concurrent.impl.ExecutionContextImpl$$anon$4.execute(ExecutionContextImpl.scala:138)
[2026-08-12T21:22:30.721+0000] {subprocess.py:93} INFO - 	at scala.concurrent.impl.CallbackRunnable.executeWithValue(Promise.scala:72)
[2026-08-12T21:22:30.740+0000] {subprocess.py:93} INFO - 	at scala.concurrent.impl.Promise$DefaultPromise.$anonfun$tryComplete$1(Promise.scala:288)
[2026-08-12T21:22:30.751+0000] {subprocess.py:93} INFO - 	at scala.concurrent.impl.Promise$DefaultPromise.$anonfun$tryComplete$1$adapted(Promise.scala:288)
[2026-08-12T21:22:30.760+0000] {subprocess.py:93} INFO - 	at scala.concurrent.impl.Promise$DefaultPromise.tryComplete(Promise.scala:288)
[2026-08-12T21:22:30.823+0000] {subprocess.py:93} INFO - 	at scala.concurrent.Promise.complete(Promise.scala:53)
[2026-08-12T21:22:30.860+0000] {subprocess.py:93} INFO - 	at scala.concurrent.Promise.complete$(Promise.scala:52)
[2026-08-12T21:22:30.922+0000] {subprocess.py:93} INFO - 	at scala.concurrent.impl.Promise$DefaultPromise.complete(Promise.scala:187)
[2026-08-12T21:22:30.958+0000] {subprocess.py:93} INFO - 	at scala.concurrent.Promise.success(Promise.scala:86)
[2026-08-12T21:22:30.985+0000] {subprocess.py:93} INFO - 	at scala.concurrent.Promise.success$(Promise.scala:86)
[2026-08-12T21:22:30.988+0000] {subprocess.py:93} INFO - 	at scala.concurrent.impl.Promise$DefaultPromise.success(Promise.scala:187)
[2026-08-12T21:22:31.009+0000] {subprocess.py:93} INFO - 	at org.apache.spark.rpc.netty.LocalNettyRpcCallContext.send(NettyRpcCallContext.scala:50)
[2026-08-12T21:22:31.049+0000] {subprocess.py:93} INFO - 	at org.apache.spark.rpc.netty.NettyRpcCallContext.reply(NettyRpcCallContext.scala:32)
[2026-08-12T21:22:31.077+0000] {subprocess.py:93} INFO - 	at org.apache.spark.rpc.netty.RpcEndpointVerifier$$anonfun$receiveAndReply$1.applyOrElse(RpcEndpointVerifier.scala:31)
[2026-08-12T21:22:31.082+0000] {subprocess.py:93} INFO - 	... 8 more
[2026-08-12T21:22:31.128+0000] {subprocess.py:93} INFO - 26/08/12 21:22:03 ERROR Inbox: Ignoring error
[2026-08-12T21:22:31.320+0000] {subprocess.py:93} INFO - org.apache.spark.SparkException: Exception thrown in awaitResult:
[2026-08-12T21:22:31.396+0000] {subprocess.py:93} INFO - 	at org.apache.spark.util.SparkThreadUtils$.awaitResult(SparkThreadUtils.scala:56)
[2026-08-12T21:22:31.429+0000] {subprocess.py:93} INFO - 	at org.apache.spark.util.ThreadUtils$.awaitResult(ThreadUtils.scala:310)
[2026-08-12T21:22:31.572+0000] {subprocess.py:93} INFO - 	at org.apache.spark.rpc.RpcTimeout.awaitResult(RpcTimeout.scala:75)
[2026-08-12T21:22:31.590+0000] {subprocess.py:93} INFO - 	at org.apache.spark.rpc.RpcEnv.setupEndpointRefByURI(RpcEnv.scala:102)
[2026-08-12T21:22:31.610+0000] {subprocess.py:93} INFO - 	at org.apache.spark.rpc.RpcEnv.setupEndpointRef(RpcEnv.scala:110)
[2026-08-12T21:22:31.622+0000] {subprocess.py:93} INFO - 	at org.apache.spark.util.RpcUtils$.makeDriverRef(RpcUtils.scala:36)
[2026-08-12T21:22:31.652+0000] {subprocess.py:93} INFO - 	at org.apache.spark.storage.BlockManagerMasterEndpoint.driverEndpoint$lzycompute(BlockManagerMasterEndpoint.scala:124)
[2026-08-12T21:22:31.668+0000] {subprocess.py:93} INFO - 	at org.apache.spark.storage.BlockManagerMasterEndpoint.org$apache$spark$storage$BlockManagerMasterEndpoint$$driverEndpoint(BlockManagerMasterEndpoint.scala:123)
[2026-08-12T21:22:31.760+0000] {subprocess.py:93} INFO - 	at org.apache.spark.storage.BlockManagerMasterEndpoint.isExecutorAlive$lzycompute$1(BlockManagerMasterEndpoint.scala:688)
[2026-08-12T21:22:31.796+0000] {subprocess.py:93} INFO - 	at org.apache.spark.storage.BlockManagerMasterEndpoint.isExecutorAlive$1(BlockManagerMasterEndpoint.scala:687)
[2026-08-12T21:22:31.816+0000] {subprocess.py:93} INFO - 	at org.apache.spark.storage.BlockManagerMasterEndpoint.org$apache$spark$storage$BlockManagerMasterEndpoint$$register(BlockManagerMasterEndpoint.scala:725)
[2026-08-12T21:22:31.832+0000] {subprocess.py:93} INFO - 	at org.apache.spark.storage.BlockManagerMasterEndpoint$$anonfun$receiveAndReply$1.applyOrElse(BlockManagerMasterEndpoint.scala:133)
[2026-08-12T21:22:31.864+0000] {subprocess.py:93} INFO - 	at org.apache.spark.rpc.netty.Inbox.$anonfun$process$1(Inbox.scala:103)
[2026-08-12T21:22:31.879+0000] {subprocess.py:93} INFO - 	at org.apache.spark.rpc.netty.Inbox.safelyCall(Inbox.scala:213)
[2026-08-12T21:22:31.882+0000] {subprocess.py:93} INFO - 	at org.apache.spark.rpc.netty.Inbox.process(Inbox.scala:100)
[2026-08-12T21:22:31.897+0000] {subprocess.py:93} INFO - 	at org.apache.spark.rpc.netty.MessageLoop.org$apache$spark$rpc$netty$MessageLoop$$receiveLoop(MessageLoop.scala:75)
[2026-08-12T21:22:31.913+0000] {subprocess.py:93} INFO - 	at org.apache.spark.rpc.netty.MessageLoop$$anon$1.run(MessageLoop.scala:41)
[2026-08-12T21:22:31.923+0000] {subprocess.py:93} INFO - 	at java.base/java.util.concurrent.ThreadPoolExecutor.runWorker(ThreadPoolExecutor.java:1136)
[2026-08-12T21:22:31.939+0000] {subprocess.py:93} INFO - 	at java.base/java.util.concurrent.ThreadPoolExecutor$Worker.run(ThreadPoolExecutor.java:635)
[2026-08-12T21:22:31.962+0000] {subprocess.py:93} INFO - 	at java.base/java.lang.Thread.run(Thread.java:840)
[2026-08-12T21:22:31.966+0000] {subprocess.py:93} INFO - Caused by: org.apache.spark.rpc.RpcEndpointNotFoundException: Cannot find endpoint: spark://CoarseGrainedScheduler@4099a95615c9:45169
[2026-08-12T21:22:31.988+0000] {subprocess.py:93} INFO - 	at org.apache.spark.rpc.netty.NettyRpcEnv.$anonfun$asyncSetupEndpointRefByURI$1(NettyRpcEnv.scala:148)
[2026-08-12T21:22:31.995+0000] {subprocess.py:93} INFO - 	at org.apache.spark.rpc.netty.NettyRpcEnv.$anonfun$asyncSetupEndpointRefByURI$1$adapted(NettyRpcEnv.scala:144)
[2026-08-12T21:22:31.999+0000] {subprocess.py:93} INFO - 	at scala.concurrent.Future.$anonfun$flatMap$1(Future.scala:307)
[2026-08-12T21:22:32.043+0000] {subprocess.py:93} INFO - 	at scala.concurrent.impl.Promise.$anonfun$transformWith$1(Promise.scala:41)
[2026-08-12T21:22:32.059+0000] {subprocess.py:93} INFO - 	at scala.concurrent.impl.CallbackRunnable.run(Promise.scala:64)
[2026-08-12T21:22:32.066+0000] {subprocess.py:93} INFO - 	at org.apache.spark.util.ThreadUtils$$anon$1.execute(ThreadUtils.scala:99)
[2026-08-12T21:22:32.116+0000] {subprocess.py:93} INFO - 	at scala.concurrent.impl.ExecutionContextImpl$$anon$4.execute(ExecutionContextImpl.scala:138)
[2026-08-12T21:22:32.147+0000] {subprocess.py:93} INFO - 	at scala.concurrent.impl.CallbackRunnable.executeWithValue(Promise.scala:72)
[2026-08-12T21:22:32.160+0000] {subprocess.py:93} INFO - 	at scala.concurrent.impl.Promise$DefaultPromise.$anonfun$tryComplete$1(Promise.scala:288)
[2026-08-12T21:22:32.185+0000] {subprocess.py:93} INFO - 	at scala.concurrent.impl.Promise$DefaultPromise.$anonfun$tryComplete$1$adapted(Promise.scala:288)
[2026-08-12T21:22:32.250+0000] {subprocess.py:93} INFO - 	at scala.concurrent.impl.Promise$DefaultPromise.tryComplete(Promise.scala:288)
[2026-08-12T21:22:32.288+0000] {subprocess.py:93} INFO - 	at scala.concurrent.Promise.complete(Promise.scala:53)
[2026-08-12T21:22:32.298+0000] {subprocess.py:93} INFO - 	at scala.concurrent.Promise.complete$(Promise.scala:52)
[2026-08-12T21:22:32.315+0000] {subprocess.py:93} INFO - 	at scala.concurrent.impl.Promise$DefaultPromise.complete(Promise.scala:187)
[2026-08-12T21:22:32.368+0000] {subprocess.py:93} INFO - 	at scala.concurrent.impl.Promise.$anonfun$transform$1(Promise.scala:33)
[2026-08-12T21:22:32.394+0000] {subprocess.py:93} INFO - 	at scala.concurrent.impl.CallbackRunnable.run(Promise.scala:64)
[2026-08-12T21:22:32.423+0000] {subprocess.py:93} INFO - 	at org.apache.spark.util.ThreadUtils$$anon$1.execute(ThreadUtils.scala:99)
[2026-08-12T21:22:32.455+0000] {subprocess.py:93} INFO - 	at scala.concurrent.impl.ExecutionContextImpl$$anon$4.execute(ExecutionContextImpl.scala:138)
[2026-08-12T21:22:32.472+0000] {subprocess.py:93} INFO - 	at scala.concurrent.impl.CallbackRunnable.executeWithValue(Promise.scala:72)
[2026-08-12T21:22:32.475+0000] {subprocess.py:93} INFO - 	at scala.concurrent.impl.Promise$DefaultPromise.$anonfun$tryComplete$1(Promise.scala:288)
[2026-08-12T21:22:32.492+0000] {subprocess.py:93} INFO - 	at scala.concurrent.impl.Promise$DefaultPromise.$anonfun$tryComplete$1$adapted(Promise.scala:288)
[2026-08-12T21:22:32.495+0000] {subprocess.py:93} INFO - 	at scala.concurrent.impl.Promise$DefaultPromise.tryComplete(Promise.scala:288)
[2026-08-12T21:22:32.533+0000] {subprocess.py:93} INFO - 	at scala.concurrent.Promise.complete(Promise.scala:53)
[2026-08-12T21:22:32.571+0000] {subprocess.py:93} INFO - 	at scala.concurrent.Promise.complete$(Promise.scala:52)
[2026-08-12T21:22:32.575+0000] {subprocess.py:93} INFO - 	at scala.concurrent.impl.Promise$DefaultPromise.complete(Promise.scala:187)
[2026-08-12T21:22:32.664+0000] {subprocess.py:93} INFO - 	at scala.concurrent.impl.Promise.$anonfun$transform$1(Promise.scala:33)
[2026-08-12T21:22:32.804+0000] {subprocess.py:93} INFO - 	at scala.concurrent.impl.CallbackRunnable.run(Promise.scala:64)
[2026-08-12T21:22:32.810+0000] {subprocess.py:93} INFO - 	at scala.concurrent.BatchingExecutor$Batch.processBatch$1(BatchingExecutor.scala:67)
[2026-08-12T21:22:32.844+0000] {subprocess.py:93} INFO - 	at scala.concurrent.BatchingExecutor$Batch.$anonfun$run$1(BatchingExecutor.scala:82)
[2026-08-12T21:22:32.858+0000] {subprocess.py:93} INFO - 	at scala.runtime.java8.JFunction0$mcV$sp.apply(JFunction0$mcV$sp.java:23)
[2026-08-12T21:22:32.988+0000] {subprocess.py:93} INFO - 	at scala.concurrent.BlockContext$.withBlockContext(BlockContext.scala:85)
[2026-08-12T21:22:33.055+0000] {subprocess.py:93} INFO - 	at scala.concurrent.BatchingExecutor$Batch.run(BatchingExecutor.scala:59)
[2026-08-12T21:22:33.180+0000] {subprocess.py:93} INFO - 	at scala.concurrent.Future$InternalCallbackExecutor$.unbatchedExecute(Future.scala:875)
[2026-08-12T21:22:33.256+0000] {subprocess.py:93} INFO - 	at scala.concurrent.BatchingExecutor.execute(BatchingExecutor.scala:110)
[2026-08-12T21:22:33.277+0000] {subprocess.py:93} INFO - 	at scala.concurrent.BatchingExecutor.execute$(BatchingExecutor.scala:107)
[2026-08-12T21:22:33.306+0000] {subprocess.py:93} INFO - 	at scala.concurrent.Future$InternalCallbackExecutor$.execute(Future.scala:873)
[2026-08-12T21:22:33.355+0000] {subprocess.py:93} INFO - 	at scala.concurrent.impl.CallbackRunnable.executeWithValue(Promise.scala:72)
[2026-08-12T21:22:33.368+0000] {subprocess.py:93} INFO - 	at scala.concurrent.impl.Promise$DefaultPromise.$anonfun$tryComplete$1(Promise.scala:288)
[2026-08-12T21:22:33.384+0000] {subprocess.py:93} INFO - 	at scala.concurrent.impl.Promise$DefaultPromise.$anonfun$tryComplete$1$adapted(Promise.scala:288)
[2026-08-12T21:22:33.400+0000] {subprocess.py:93} INFO - 	at scala.concurrent.impl.Promise$DefaultPromise.tryComplete(Promise.scala:288)
[2026-08-12T21:22:33.411+0000] {subprocess.py:93} INFO - 	at scala.concurrent.Promise.trySuccess(Promise.scala:94)
[2026-08-12T21:22:33.445+0000] {subprocess.py:93} INFO - 	at scala.concurrent.Promise.trySuccess$(Promise.scala:94)
[2026-08-12T21:22:33.449+0000] {subprocess.py:93} INFO - 	at scala.concurrent.impl.Promise$DefaultPromise.trySuccess(Promise.scala:187)
[2026-08-12T21:22:33.485+0000] {subprocess.py:93} INFO - 	at org.apache.spark.rpc.netty.NettyRpcEnv.onSuccess$1(NettyRpcEnv.scala:225)
[2026-08-12T21:22:33.530+0000] {subprocess.py:93} INFO - 	at org.apache.spark.rpc.netty.NettyRpcEnv.$anonfun$askAbortable$5(NettyRpcEnv.scala:239)
[2026-08-12T21:22:33.568+0000] {subprocess.py:93} INFO - 	at org.apache.spark.rpc.netty.NettyRpcEnv.$anonfun$askAbortable$5$adapted(NettyRpcEnv.scala:238)
[2026-08-12T21:22:33.592+0000] {subprocess.py:93} INFO - 	at scala.concurrent.impl.CallbackRunnable.run(Promise.scala:64)
[2026-08-12T21:22:33.613+0000] {subprocess.py:93} INFO - 	at org.apache.spark.util.ThreadUtils$$anon$1.execute(ThreadUtils.scala:99)
[2026-08-12T21:22:33.622+0000] {subprocess.py:93} INFO - 	at scala.concurrent.impl.ExecutionContextImpl$$anon$4.execute(ExecutionContextImpl.scala:138)
[2026-08-12T21:22:33.732+0000] {subprocess.py:93} INFO - 	at scala.concurrent.impl.CallbackRunnable.executeWithValue(Promise.scala:72)
[2026-08-12T21:22:33.848+0000] {subprocess.py:93} INFO - 	at scala.concurrent.impl.Promise$DefaultPromise.$anonfun$tryComplete$1(Promise.scala:288)
[2026-08-12T21:22:33.869+0000] {subprocess.py:93} INFO - 	at scala.concurrent.impl.Promise$DefaultPromise.$anonfun$tryComplete$1$adapted(Promise.scala:288)
[2026-08-12T21:22:33.956+0000] {subprocess.py:93} INFO - 	at scala.concurrent.impl.Promise$DefaultPromise.tryComplete(Promise.scala:288)
[2026-08-12T21:22:33.965+0000] {subprocess.py:93} INFO - 	at scala.concurrent.Promise.complete(Promise.scala:53)
[2026-08-12T21:22:33.993+0000] {subprocess.py:93} INFO - 	at scala.concurrent.Promise.complete$(Promise.scala:52)
[2026-08-12T21:22:34.000+0000] {subprocess.py:93} INFO - 	at scala.concurrent.impl.Promise$DefaultPromise.complete(Promise.scala:187)
[2026-08-12T21:22:34.024+0000] {subprocess.py:93} INFO - 	at scala.concurrent.Promise.success(Promise.scala:86)
[2026-08-12T21:22:34.040+0000] {subprocess.py:93} INFO - 	at scala.concurrent.Promise.success$(Promise.scala:86)
[2026-08-12T21:22:34.057+0000] {subprocess.py:93} INFO - 	at scala.concurrent.impl.Promise$DefaultPromise.success(Promise.scala:187)
[2026-08-12T21:22:34.111+0000] {subprocess.py:93} INFO - 	at org.apache.spark.rpc.netty.LocalNettyRpcCallContext.send(NettyRpcCallContext.scala:50)
[2026-08-12T21:22:34.312+0000] {subprocess.py:93} INFO - 	at org.apache.spark.rpc.netty.NettyRpcCallContext.reply(NettyRpcCallContext.scala:32)
[2026-08-12T21:22:34.886+0000] {subprocess.py:93} INFO - 	at org.apache.spark.rpc.netty.RpcEndpointVerifier$$anonfun$receiveAndReply$1.applyOrElse(RpcEndpointVerifier.scala:31)
[2026-08-12T21:22:35.470+0000] {subprocess.py:93} INFO - 	... 8 more
[2026-08-12T21:22:35.947+0000] {subprocess.py:93} INFO - 26/08/12 21:22:04 WARN Executor: Issue communicating with driver in heartbeater
[2026-08-12T21:22:36.942+0000] {subprocess.py:93} INFO - org.apache.spark.SparkException: Exception thrown in awaitResult:
[2026-08-12T21:22:38.504+0000] {subprocess.py:93} INFO - 	at org.apache.spark.util.SparkThreadUtils$.awaitResult(SparkThreadUtils.scala:56)
[2026-08-12T21:22:40.861+0000] {subprocess.py:93} INFO - 	at org.apache.spark.util.ThreadUtils$.awaitResult(ThreadUtils.scala:310)
[2026-08-12T21:22:45.176+0000] {subprocess.py:93} INFO - 	at org.apache.spark.rpc.RpcTimeout.awaitResult(RpcTimeout.scala:75)
[2026-08-12T21:22:55.413+0000] {subprocess.py:93} INFO - 	at org.apache.spark.rpc.RpcEndpointRef.askSync(RpcEndpointRef.scala:101)
[2026-08-12T21:23:09.273+0000] {subprocess.py:93} INFO - 	at org.apache.spark.rpc.RpcEndpointRef.askSync(RpcEndpointRef.scala:85)
[2026-08-12T21:23:25.615+0000] {subprocess.py:93} INFO - 	at org.apache.spark.storage.BlockManagerMaster.registerBlockManager(BlockManagerMaster.scala:80)
[2026-08-12T21:23:29.063+0000] {subprocess.py:93} INFO - 	at org.apache.spark.storage.BlockManager.reregister(BlockManager.scala:642)
[2026-08-12T21:23:29.175+0000] {subprocess.py:93} INFO - 	at org.apache.spark.executor.Executor.reportHeartBeat(Executor.scala:1223)
[2026-08-12T21:23:29.229+0000] {subprocess.py:93} INFO - 	at org.apache.spark.executor.Executor.$anonfun$heartbeater$1(Executor.scala:295)
[2026-08-12T21:23:29.246+0000] {subprocess.py:93} INFO - 	at scala.runtime.java8.JFunction0$mcV$sp.apply(JFunction0$mcV$sp.java:23)
[2026-08-12T21:23:29.254+0000] {subprocess.py:93} INFO - 	at org.apache.spark.util.Utils$.logUncaughtExceptions(Utils.scala:1928)
[2026-08-12T21:23:29.282+0000] {subprocess.py:93} INFO - 	at org.apache.spark.Heartbeater$$anon$1.run(Heartbeater.scala:46)
[2026-08-12T21:23:29.300+0000] {subprocess.py:93} INFO - 	at java.base/java.util.concurrent.Executors$RunnableAdapter.call(Executors.java:539)
[2026-08-12T21:23:29.321+0000] {subprocess.py:93} INFO - 	at java.base/java.util.concurrent.FutureTask.runAndReset(FutureTask.java:305)
[2026-08-12T21:23:29.342+0000] {subprocess.py:93} INFO - 	at java.base/java.util.concurrent.ScheduledThreadPoolExecutor$ScheduledFutureTask.run(ScheduledThreadPoolExecutor.java:305)
[2026-08-12T21:23:29.358+0000] {subprocess.py:93} INFO - 	at java.base/java.util.concurrent.ThreadPoolExecutor.runWorker(ThreadPoolExecutor.java:1136)
[2026-08-12T21:23:29.435+0000] {subprocess.py:93} INFO - 	at java.base/java.util.concurrent.ThreadPoolExecutor$Worker.run(ThreadPoolExecutor.java:635)
[2026-08-12T21:23:29.452+0000] {subprocess.py:93} INFO - 	at java.base/java.lang.Thread.run(Thread.java:840)
[2026-08-12T21:23:29.470+0000] {subprocess.py:93} INFO - Caused by: org.apache.spark.SparkException: Exception thrown in awaitResult:
[2026-08-12T21:23:29.479+0000] {subprocess.py:93} INFO - 	at org.apache.spark.util.SparkThreadUtils$.awaitResult(SparkThreadUtils.scala:56)
[2026-08-12T21:23:29.513+0000] {subprocess.py:93} INFO - 	at org.apache.spark.util.ThreadUtils$.awaitResult(ThreadUtils.scala:310)
[2026-08-12T21:23:29.582+0000] {subprocess.py:93} INFO - 	at org.apache.spark.rpc.RpcTimeout.awaitResult(RpcTimeout.scala:75)
[2026-08-12T21:23:29.608+0000] {subprocess.py:93} INFO - 	at org.apache.spark.rpc.RpcEnv.setupEndpointRefByURI(RpcEnv.scala:102)
[2026-08-12T21:23:29.788+0000] {subprocess.py:93} INFO - 	at org.apache.spark.rpc.RpcEnv.setupEndpointRef(RpcEnv.scala:110)
[2026-08-12T21:23:29.840+0000] {subprocess.py:93} INFO - 	at org.apache.spark.util.RpcUtils$.makeDriverRef(RpcUtils.scala:36)
[2026-08-12T21:23:29.864+0000] {subprocess.py:93} INFO - 	at org.apache.spark.storage.BlockManagerMasterEndpoint.driverEndpoint$lzycompute(BlockManagerMasterEndpoint.scala:124)
[2026-08-12T21:23:29.985+0000] {subprocess.py:93} INFO - 	at org.apache.spark.storage.BlockManagerMasterEndpoint.org$apache$spark$storage$BlockManagerMasterEndpoint$$driverEndpoint(BlockManagerMasterEndpoint.scala:123)
[2026-08-12T21:23:29.998+0000] {subprocess.py:93} INFO - 	at org.apache.spark.storage.BlockManagerMasterEndpoint.isExecutorAlive$lzycompute$1(BlockManagerMasterEndpoint.scala:688)
[2026-08-12T21:23:30.008+0000] {subprocess.py:93} INFO - 	at org.apache.spark.storage.BlockManagerMasterEndpoint.isExecutorAlive$1(BlockManagerMasterEndpoint.scala:687)
[2026-08-12T21:23:30.025+0000] {subprocess.py:93} INFO - 	at org.apache.spark.storage.BlockManagerMasterEndpoint.org$apache$spark$storage$BlockManagerMasterEndpoint$$register(BlockManagerMasterEndpoint.scala:725)
[2026-08-12T21:23:30.059+0000] {subprocess.py:93} INFO - 	at org.apache.spark.storage.BlockManagerMasterEndpoint$$anonfun$receiveAndReply$1.applyOrElse(BlockManagerMasterEndpoint.scala:133)
[2026-08-12T21:23:30.078+0000] {subprocess.py:93} INFO - 	at org.apache.spark.rpc.netty.Inbox.$anonfun$process$1(Inbox.scala:103)
[2026-08-12T21:23:30.087+0000] {subprocess.py:93} INFO - 	at org.apache.spark.rpc.netty.Inbox.safelyCall(Inbox.scala:213)
[2026-08-12T21:23:30.092+0000] {subprocess.py:93} INFO - 	at org.apache.spark.rpc.netty.Inbox.process(Inbox.scala:100)
[2026-08-12T21:23:30.098+0000] {subprocess.py:93} INFO - 	at org.apache.spark.rpc.netty.MessageLoop.org$apache$spark$rpc$netty$MessageLoop$$receiveLoop(MessageLoop.scala:75)
[2026-08-12T21:23:30.105+0000] {subprocess.py:93} INFO - 	at org.apache.spark.rpc.netty.MessageLoop$$anon$1.run(MessageLoop.scala:41)
[2026-08-12T21:23:30.115+0000] {subprocess.py:93} INFO - 	... 3 more
[2026-08-12T21:23:30.141+0000] {subprocess.py:93} INFO - Caused by: org.apache.spark.rpc.RpcEndpointNotFoundException: Cannot find endpoint: spark://CoarseGrainedScheduler@4099a95615c9:45169
[2026-08-12T21:23:30.176+0000] {subprocess.py:93} INFO - 	at org.apache.spark.rpc.netty.NettyRpcEnv.$anonfun$asyncSetupEndpointRefByURI$1(NettyRpcEnv.scala:148)
[2026-08-12T21:23:30.238+0000] {subprocess.py:93} INFO - 	at org.apache.spark.rpc.netty.NettyRpcEnv.$anonfun$asyncSetupEndpointRefByURI$1$adapted(NettyRpcEnv.scala:144)
[2026-08-12T21:23:30.275+0000] {subprocess.py:93} INFO - 	at scala.concurrent.Future.$anonfun$flatMap$1(Future.scala:307)
[2026-08-12T21:23:28.935+0000] {job.py:239} ERROR - Job heartbeat failed with error
Traceback (most recent call last):
  File "/home/airflow/.local/lib/python3.12/site-packages/sqlalchemy/engine/base.py", line 3371, in _wrap_pool_connect
    return fn()
           ^^^^
  File "/home/airflow/.local/lib/python3.12/site-packages/sqlalchemy/pool/base.py", line 327, in connect
    return _ConnectionFairy._checkout(self)
           ^^^^^^^^^^^^^^^^^^^^^^^^^^^^^^^^
  File "/home/airflow/.local/lib/python3.12/site-packages/sqlalchemy/pool/base.py", line 894, in _checkout
    fairy = _ConnectionRecord.checkout(pool)
            ^^^^^^^^^^^^^^^^^^^^^^^^^^^^^^^^
  File "/home/airflow/.local/lib/python3.12/site-packages/sqlalchemy/pool/base.py", line 493, in checkout
    rec = pool._do_get()
          ^^^^^^^^^^^^^^
  File "/home/airflow/.local/lib/python3.12/site-packages/sqlalchemy/pool/impl.py", line 256, in _do_get
    return self._create_connection()
           ^^^^^^^^^^^^^^^^^^^^^^^^^
  File "/home/airflow/.local/lib/python3.12/site-packages/sqlalchemy/pool/base.py", line 273, in _create_connection
    return _ConnectionRecord(self)
           ^^^^^^^^^^^^^^^^^^^^^^^
  File "/home/airflow/.local/lib/python3.12/site-packages/sqlalchemy/pool/base.py", line 388, in __init__
    self.__connect()
  File "/home/airflow/.local/lib/python3.12/site-packages/sqlalchemy/pool/base.py", line 690, in __connect
    with util.safe_reraise():
  File "/home/airflow/.local/lib/python3.12/site-packages/sqlalchemy/util/langhelpers.py", line 70, in __exit__
    compat.raise_(
  File "/home/airflow/.local/lib/python3.12/site-packages/sqlalchemy/util/compat.py", line 211, in raise_
    raise exception
  File "/home/airflow/.local/lib/python3.12/site-packages/sqlalchemy/pool/base.py", line 686, in __connect
    self.dbapi_connection = connection = pool._invoke_creator(self)
                                         ^^^^^^^^^^^^^^^^^^^^^^^^^^
  File "/home/airflow/.local/lib/python3.12/site-packages/sqlalchemy/engine/create.py", line 574, in connect
    return dialect.connect(*cargs, **cparams)
           ^^^^^^^^^^^^^^^^^^^^^^^^^^^^^^^^^^
  File "/home/airflow/.local/lib/python3.12/site-packages/sqlalchemy/engine/default.py", line 598, in connect
    return self.dbapi.connect(*cargs, **cparams)
           ^^^^^^^^^^^^^^^^^^^^^^^^^^^^^^^^^^^^^
  File "/home/airflow/.local/lib/python3.12/site-packages/psycopg2/__init__.py", line 122, in connect
    conn = _connect(dsn, connection_factory=connection_factory, **kwasync)
           ^^^^^^^^^^^^^^^^^^^^^^^^^^^^^^^^^^^^^^^^^^^^^^^^^^^^^^^^^^^^^^^
psycopg2.OperationalError: could not translate host name "postgres" to address: Temporary failure in name resolution


The above exception was the direct cause of the following exception:

Traceback (most recent call last):
  File "/home/airflow/.local/lib/python3.12/site-packages/airflow/jobs/job.py", line 207, in heartbeat
    self._merge_from(Job._fetch_from_db(self, session))
                     ^^^^^^^^^^^^^^^^^^^^^^^^^^^^^^^^^
  File "/home/airflow/.local/lib/python3.12/site-packages/airflow/api_internal/internal_api_call.py", line 139, in wrapper
    return func(*args, **kwargs)
           ^^^^^^^^^^^^^^^^^^^^^
  File "/home/airflow/.local/lib/python3.12/site-packages/airflow/utils/session.py", line 94, in wrapper
    return func(*args, **kwargs)
           ^^^^^^^^^^^^^^^^^^^^^
  File "/home/airflow/.local/lib/python3.12/site-packages/airflow/utils/retries.py", line 93, in wrapped_function
    for attempt in run_with_db_retries(max_retries=retries, logger=logger, **retry_kwargs):
                   ^^^^^^^^^^^^^^^^^^^^^^^^^^^^^^^^^^^^^^^^^^^^^^^^^^^^^^^^^^^^^^^^^^^^^^^
  File "/home/airflow/.local/lib/python3.12/site-packages/tenacity/__init__.py", line 443, in __iter__
    do = self.iter(retry_state=retry_state)
         ^^^^^^^^^^^^^^^^^^^^^^^^^^^^^^^^^^
  File "/home/airflow/.local/lib/python3.12/site-packages/tenacity/__init__.py", line 376, in iter
    result = action(retry_state)
             ^^^^^^^^^^^^^^^^^^^
  File "/home/airflow/.local/lib/python3.12/site-packages/tenacity/__init__.py", line 418, in exc_check
    raise retry_exc.reraise()
          ^^^^^^^^^^^^^^^^^^^
  File "/home/airflow/.local/lib/python3.12/site-packages/tenacity/__init__.py", line 185, in reraise
    raise self.last_attempt.result()
          ^^^^^^^^^^^^^^^^^^^^^^^^^^
  File "/usr/local/lib/python3.12/concurrent/futures/_base.py", line 449, in result
    return self.__get_result()
           ^^^^^^^^^^^^^^^^^^^
  File "/usr/local/lib/python3.12/concurrent/futures/_base.py", line 401, in __get_result
    raise self._exception
  File "/home/airflow/.local/lib/python3.12/site-packages/airflow/utils/retries.py", line 102, in wrapped_function
    return func(*args, **kwargs)
           ^^^^^^^^^^^^^^^^^^^^^
  File "/home/airflow/.local/lib/python3.12/site-packages/airflow/jobs/job.py", line 335, in _fetch_from_db
    session.merge(job)
  File "/home/airflow/.local/lib/python3.12/site-packages/sqlalchemy/orm/session.py", line 3056, in merge
    return self._merge(
           ^^^^^^^^^^^^
  File "/home/airflow/.local/lib/python3.12/site-packages/sqlalchemy/orm/session.py", line 3136, in _merge
    merged = self.get(
             ^^^^^^^^^
  File "/home/airflow/.local/lib/python3.12/site-packages/sqlalchemy/orm/session.py", line 2853, in get
    return self._get_impl(
           ^^^^^^^^^^^^^^^
  File "/home/airflow/.local/lib/python3.12/site-packages/sqlalchemy/orm/session.py", line 2975, in _get_impl
    return db_load_fn(
           ^^^^^^^^^^^
  File "/home/airflow/.local/lib/python3.12/site-packages/sqlalchemy/orm/loading.py", line 530, in load_on_pk_identity
    session.execute(
  File "/home/airflow/.local/lib/python3.12/site-packages/sqlalchemy/orm/session.py", line 1716, in execute
    conn = self._connection_for_bind(bind)
           ^^^^^^^^^^^^^^^^^^^^^^^^^^^^^^^
  File "/home/airflow/.local/lib/python3.12/site-packages/sqlalchemy/orm/session.py", line 1555, in _connection_for_bind
    return self._transaction._connection_for_bind(
           ^^^^^^^^^^^^^^^^^^^^^^^^^^^^^^^^^^^^^^^
  File "/home/airflow/.local/lib/python3.12/site-packages/sqlalchemy/orm/session.py", line 750, in _connection_for_bind
    conn = bind.connect()
           ^^^^^^^^^^^^^^
  File "/home/airflow/.local/lib/python3.12/site-packages/sqlalchemy/future/engine.py", line 412, in connect
    return super(Engine, self).connect()
           ^^^^^^^^^^^^^^^^^^^^^^^^^^^^^
  File "/home/airflow/.local/lib/python3.12/site-packages/sqlalchemy/engine/base.py", line 3325, in connect
    return self._connection_cls(self, close_with_result=close_with_result)
           ^^^^^^^^^^^^^^^^^^^^^^^^^^^^^^^^^^^^^^^^^^^^^^^^^^^^^^^^^^^^^^^
  File "/home/airflow/.local/lib/python3.12/site-packages/sqlalchemy/engine/base.py", line 96, in __init__
    else engine.raw_connection()
         ^^^^^^^^^^^^^^^^^^^^^^^
  File "/home/airflow/.local/lib/python3.12/site-packages/sqlalchemy/engine/base.py", line 3404, in raw_connection
    return self._wrap_pool_connect(self.pool.connect, _connection)
           ^^^^^^^^^^^^^^^^^^^^^^^^^^^^^^^^^^^^^^^^^^^^^^^^^^^^^^^
  File "/home/airflow/.local/lib/python3.12/site-packages/sqlalchemy/engine/base.py", line 3374, in _wrap_pool_connect
    Connection._handle_dbapi_exception_noconnection(
  File "/home/airflow/.local/lib/python3.12/site-packages/sqlalchemy/engine/base.py", line 2208, in _handle_dbapi_exception_noconnection
    util.raise_(
  File "/home/airflow/.local/lib/python3.12/site-packages/sqlalchemy/util/compat.py", line 211, in raise_
    raise exception
  File "/home/airflow/.local/lib/python3.12/site-packages/sqlalchemy/engine/base.py", line 3371, in _wrap_pool_connect
    return fn()
           ^^^^
  File "/home/airflow/.local/lib/python3.12/site-packages/sqlalchemy/pool/base.py", line 327, in connect
    return _ConnectionFairy._checkout(self)
           ^^^^^^^^^^^^^^^^^^^^^^^^^^^^^^^^
  File "/home/airflow/.local/lib/python3.12/site-packages/sqlalchemy/pool/base.py", line 894, in _checkout
    fairy = _ConnectionRecord.checkout(pool)
            ^^^^^^^^^^^^^^^^^^^^^^^^^^^^^^^^
  File "/home/airflow/.local/lib/python3.12/site-packages/sqlalchemy/pool/base.py", line 493, in checkout
    rec = pool._do_get()
          ^^^^^^^^^^^^^^
  File "/home/airflow/.local/lib/python3.12/site-packages/sqlalchemy/pool/impl.py", line 256, in _do_get
    return self._create_connection()
           ^^^^^^^^^^^^^^^^^^^^^^^^^
  File "/home/airflow/.local/lib/python3.12/site-packages/sqlalchemy/pool/base.py", line 273, in _create_connection
    return _ConnectionRecord(self)
           ^^^^^^^^^^^^^^^^^^^^^^^
  File "/home/airflow/.local/lib/python3.12/site-packages/sqlalchemy/pool/base.py", line 388, in __init__
    self.__connect()
  File "/home/airflow/.local/lib/python3.12/site-packages/sqlalchemy/pool/base.py", line 690, in __connect
    with util.safe_reraise():
  File "/home/airflow/.local/lib/python3.12/site-packages/sqlalchemy/util/langhelpers.py", line 70, in __exit__
    compat.raise_(
  File "/home/airflow/.local/lib/python3.12/site-packages/sqlalchemy/util/compat.py", line 211, in raise_
    raise exception
  File "/home/airflow/.local/lib/python3.12/site-packages/sqlalchemy/pool/base.py", line 686, in __connect
    self.dbapi_connection = connection = pool._invoke_creator(self)
                                         ^^^^^^^^^^^^^^^^^^^^^^^^^^
  File "/home/airflow/.local/lib/python3.12/site-packages/sqlalchemy/engine/create.py", line 574, in connect
    return dialect.connect(*cargs, **cparams)
           ^^^^^^^^^^^^^^^^^^^^^^^^^^^^^^^^^^
  File "/home/airflow/.local/lib/python3.12/site-packages/sqlalchemy/engine/default.py", line 598, in connect
    return self.dbapi.connect(*cargs, **cparams)
           ^^^^^^^^^^^^^^^^^^^^^^^^^^^^^^^^^^^^^
  File "/home/airflow/.local/lib/python3.12/site-packages/psycopg2/__init__.py", line 122, in connect
    conn = _connect(dsn, connection_factory=connection_factory, **kwasync)
           ^^^^^^^^^^^^^^^^^^^^^^^^^^^^^^^^^^^^^^^^^^^^^^^^^^^^^^^^^^^^^^^
sqlalchemy.exc.OperationalError: (psycopg2.OperationalError) could not translate host name "postgres" to address: Temporary failure in name resolution

(Background on this error at: https://sqlalche.me/e/14/e3q8)
[2026-08-12T21:23:30.280+0000] {job.py:254} ERROR - Job heartbeat failed with error. Scheduler is in unhealthy state
[2026-08-12T21:23:30.293+0000] {subprocess.py:93} INFO - 	at scala.concurrent.impl.Promise.$anonfun$transformWith$1(Promise.scala:41)
[2026-08-12T21:23:30.328+0000] {subprocess.py:93} INFO - 	at scala.concurrent.impl.CallbackRunnable.run(Promise.scala:64)
[2026-08-12T21:23:30.376+0000] {subprocess.py:93} INFO - 	at org.apache.spark.util.ThreadUtils$$anon$1.execute(ThreadUtils.scala:99)
[2026-08-12T21:23:30.408+0000] {subprocess.py:93} INFO - 	at scala.concurrent.impl.ExecutionContextImpl$$anon$4.execute(ExecutionContextImpl.scala:138)
[2026-08-12T21:23:30.441+0000] {subprocess.py:93} INFO - 	at scala.concurrent.impl.CallbackRunnable.executeWithValue(Promise.scala:72)
[2026-08-12T21:23:30.488+0000] {subprocess.py:93} INFO - 	at scala.concurrent.impl.Promise$DefaultPromise.$anonfun$tryComplete$1(Promise.scala:288)
[2026-08-12T21:23:30.547+0000] {subprocess.py:93} INFO - 	at scala.concurrent.impl.Promise$DefaultPromise.$anonfun$tryComplete$1$adapted(Promise.scala:288)
[2026-08-12T21:23:30.578+0000] {subprocess.py:93} INFO - 	at scala.concurrent.impl.Promise$DefaultPromise.tryComplete(Promise.scala:288)
[2026-08-12T21:23:30.657+0000] {subprocess.py:93} INFO - 	at scala.concurrent.Promise.complete(Promise.scala:53)
[2026-08-12T21:23:30.703+0000] {subprocess.py:93} INFO - 	at scala.concurrent.Promise.complete$(Promise.scala:52)
[2026-08-12T21:23:30.718+0000] {subprocess.py:93} INFO - 	at scala.concurrent.impl.Promise$DefaultPromise.complete(Promise.scala:187)
[2026-08-12T21:23:30.736+0000] {subprocess.py:93} INFO - 	at scala.concurrent.impl.Promise.$anonfun$transform$1(Promise.scala:33)
[2026-08-12T21:23:30.763+0000] {subprocess.py:93} INFO - 	at scala.concurrent.impl.CallbackRunnable.run(Promise.scala:64)
[2026-08-12T21:23:30.781+0000] {subprocess.py:93} INFO - 	at org.apache.spark.util.ThreadUtils$$anon$1.execute(ThreadUtils.scala:99)
[2026-08-12T21:23:30.844+0000] {subprocess.py:93} INFO - 	at scala.concurrent.impl.ExecutionContextImpl$$anon$4.execute(ExecutionContextImpl.scala:138)
[2026-08-12T21:23:30.924+0000] {subprocess.py:93} INFO - 	at scala.concurrent.impl.CallbackRunnable.executeWithValue(Promise.scala:72)
[2026-08-12T21:23:30.964+0000] {subprocess.py:93} INFO - 	at scala.concurrent.impl.Promise$DefaultPromise.$anonfun$tryComplete$1(Promise.scala:288)
[2026-08-12T21:23:30.991+0000] {subprocess.py:93} INFO - 	at scala.concurrent.impl.Promise$DefaultPromise.$anonfun$tryComplete$1$adapted(Promise.scala:288)
[2026-08-12T21:23:31.058+0000] {subprocess.py:93} INFO - 	at scala.concurrent.impl.Promise$DefaultPromise.tryComplete(Promise.scala:288)
[2026-08-12T21:23:31.135+0000] {subprocess.py:93} INFO - 	at scala.concurrent.Promise.complete(Promise.scala:53)
[2026-08-12T21:23:31.143+0000] {subprocess.py:93} INFO - 	at scala.concurrent.Promise.complete$(Promise.scala:52)
[2026-08-12T21:23:31.186+0000] {subprocess.py:93} INFO - 	at scala.concurrent.impl.Promise$DefaultPromise.complete(Promise.scala:187)
[2026-08-12T21:23:31.208+0000] {subprocess.py:93} INFO - 	at scala.concurrent.impl.Promise.$anonfun$transform$1(Promise.scala:33)
[2026-08-12T21:23:31.238+0000] {subprocess.py:93} INFO - 	at scala.concurrent.impl.CallbackRunnable.run(Promise.scala:64)
[2026-08-12T21:23:31.284+0000] {subprocess.py:93} INFO - 	at scala.concurrent.BatchingExecutor$Batch.processBatch$1(BatchingExecutor.scala:67)
[2026-08-12T21:23:31.307+0000] {subprocess.py:93} INFO - 	at scala.concurrent.BatchingExecutor$Batch.$anonfun$run$1(BatchingExecutor.scala:82)
[2026-08-12T21:23:31.496+0000] {subprocess.py:93} INFO - 	at scala.runtime.java8.JFunction0$mcV$sp.apply(JFunction0$mcV$sp.java:23)
[2026-08-12T21:23:31.574+0000] {subprocess.py:93} INFO - 	at scala.concurrent.BlockContext$.withBlockContext(BlockContext.scala:85)
[2026-08-12T21:23:31.587+0000] {subprocess.py:93} INFO - 	at scala.concurrent.BatchingExecutor$Batch.run(BatchingExecutor.scala:59)
[2026-08-12T21:23:31.688+0000] {subprocess.py:93} INFO - 	at scala.concurrent.Future$InternalCallbackExecutor$.unbatchedExecute(Future.scala:875)
[2026-08-12T21:23:31.718+0000] {subprocess.py:93} INFO - 	at scala.concurrent.BatchingExecutor.execute(BatchingExecutor.scala:110)
[2026-08-12T21:23:31.782+0000] {subprocess.py:93} INFO - 	at scala.concurrent.BatchingExecutor.execute$(BatchingExecutor.scala:107)
[2026-08-12T21:23:31.826+0000] {subprocess.py:93} INFO - 	at scala.concurrent.Future$InternalCallbackExecutor$.execute(Future.scala:873)
[2026-08-12T21:23:31.858+0000] {subprocess.py:93} INFO - 	at scala.concurrent.impl.CallbackRunnable.executeWithValue(Promise.scala:72)
[2026-08-12T21:23:31.939+0000] {subprocess.py:93} INFO - 	at scala.concurrent.impl.Promise$DefaultPromise.$anonfun$tryComplete$1(Promise.scala:288)
[2026-08-12T21:23:31.971+0000] {subprocess.py:93} INFO - 	at scala.concurrent.impl.Promise$DefaultPromise.$anonfun$tryComplete$1$adapted(Promise.scala:288)
[2026-08-12T21:23:32.092+0000] {subprocess.py:93} INFO - 	at scala.concurrent.impl.Promise$DefaultPromise.tryComplete(Promise.scala:288)
[2026-08-12T21:23:32.120+0000] {subprocess.py:93} INFO - 	at scala.concurrent.Promise.trySuccess(Promise.scala:94)
[2026-08-12T21:23:32.132+0000] {subprocess.py:93} INFO - 	at scala.concurrent.Promise.trySuccess$(Promise.scala:94)
[2026-08-12T21:23:32.142+0000] {subprocess.py:93} INFO - 	at scala.concurrent.impl.Promise$DefaultPromise.trySuccess(Promise.scala:187)
[2026-08-12T21:23:32.148+0000] {subprocess.py:93} INFO - 	at org.apache.spark.rpc.netty.NettyRpcEnv.onSuccess$1(NettyRpcEnv.scala:225)
[2026-08-12T21:23:32.161+0000] {subprocess.py:93} INFO - 	at org.apache.spark.rpc.netty.NettyRpcEnv.$anonfun$askAbortable$5(NettyRpcEnv.scala:239)
[2026-08-12T21:23:32.166+0000] {subprocess.py:93} INFO - 	at org.apache.spark.rpc.netty.NettyRpcEnv.$anonfun$askAbortable$5$adapted(NettyRpcEnv.scala:238)
[2026-08-12T21:23:32.327+0000] {subprocess.py:93} INFO - 	at scala.concurrent.impl.CallbackRunnable.run(Promise.scala:64)
[2026-08-12T21:23:32.356+0000] {subprocess.py:93} INFO - 	at org.apache.spark.util.ThreadUtils$$anon$1.execute(ThreadUtils.scala:99)
[2026-08-12T21:23:32.381+0000] {subprocess.py:93} INFO - 	at scala.concurrent.impl.ExecutionContextImpl$$anon$4.execute(ExecutionContextImpl.scala:138)
[2026-08-12T21:23:32.397+0000] {subprocess.py:93} INFO - 	at scala.concurrent.impl.CallbackRunnable.executeWithValue(Promise.scala:72)
[2026-08-12T21:23:32.437+0000] {subprocess.py:93} INFO - 	at scala.concurrent.impl.Promise$DefaultPromise.$anonfun$tryComplete$1(Promise.scala:288)
[2026-08-12T21:23:32.452+0000] {subprocess.py:93} INFO - 	at scala.concurrent.impl.Promise$DefaultPromise.$anonfun$tryComplete$1$adapted(Promise.scala:288)
[2026-08-12T21:23:32.481+0000] {subprocess.py:93} INFO - 	at scala.concurrent.impl.Promise$DefaultPromise.tryComplete(Promise.scala:288)
[2026-08-12T21:23:32.598+0000] {subprocess.py:93} INFO - 	at scala.concurrent.Promise.complete(Promise.scala:53)
[2026-08-12T21:23:32.656+0000] {subprocess.py:93} INFO - 	at scala.concurrent.Promise.complete$(Promise.scala:52)
[2026-08-12T21:23:32.688+0000] {subprocess.py:93} INFO - 	at scala.concurrent.impl.Promise$DefaultPromise.complete(Promise.scala:187)
[2026-08-12T21:23:32.737+0000] {subprocess.py:93} INFO - 	at scala.concurrent.Promise.success(Promise.scala:86)
[2026-08-12T21:23:32.877+0000] {subprocess.py:93} INFO - 	at scala.concurrent.Promise.success$(Promise.scala:86)
[2026-08-12T21:23:32.997+0000] {subprocess.py:93} INFO - 	at scala.concurrent.impl.Promise$DefaultPromise.success(Promise.scala:187)
[2026-08-12T21:23:33.014+0000] {subprocess.py:93} INFO - 	at org.apache.spark.rpc.netty.LocalNettyRpcCallContext.send(NettyRpcCallContext.scala:50)
[2026-08-12T21:23:33.035+0000] {subprocess.py:93} INFO - 	at org.apache.spark.rpc.netty.NettyRpcCallContext.reply(NettyRpcCallContext.scala:32)
[2026-08-12T21:23:33.051+0000] {subprocess.py:93} INFO - 	at org.apache.spark.rpc.netty.RpcEndpointVerifier$$anonfun$receiveAndReply$1.applyOrElse(RpcEndpointVerifier.scala:31)
[2026-08-12T21:23:33.055+0000] {subprocess.py:93} INFO - 	... 8 more
[2026-08-12T21:23:33.070+0000] {subprocess.py:93} INFO - 26/08/12 21:22:12 ERROR Inbox: Ignoring error
[2026-08-12T21:23:33.081+0000] {subprocess.py:93} INFO - org.apache.spark.SparkException: Exception thrown in awaitResult:
[2026-08-12T21:23:33.086+0000] {subprocess.py:93} INFO - 	at org.apache.spark.util.SparkThreadUtils$.awaitResult(SparkThreadUtils.scala:56)
[2026-08-12T21:23:33.128+0000] {subprocess.py:93} INFO - 	at org.apache.spark.util.ThreadUtils$.awaitResult(ThreadUtils.scala:310)
[2026-08-12T21:23:33.232+0000] {subprocess.py:93} INFO - 	at org.apache.spark.rpc.RpcTimeout.awaitResult(RpcTimeout.scala:75)
[2026-08-12T21:23:33.264+0000] {subprocess.py:93} INFO - 	at org.apache.spark.rpc.RpcEnv.setupEndpointRefByURI(RpcEnv.scala:102)
[2026-08-12T21:23:33.348+0000] {subprocess.py:93} INFO - 	at org.apache.spark.rpc.RpcEnv.setupEndpointRef(RpcEnv.scala:110)
[2026-08-12T21:23:33.439+0000] {subprocess.py:93} INFO - 	at org.apache.spark.util.RpcUtils$.makeDriverRef(RpcUtils.scala:36)
[2026-08-12T21:23:33.503+0000] {subprocess.py:93} INFO - 	at org.apache.spark.storage.BlockManagerMasterEndpoint.driverEndpoint$lzycompute(BlockManagerMasterEndpoint.scala:124)
[2026-08-12T21:23:33.559+0000] {subprocess.py:93} INFO - 	at org.apache.spark.storage.BlockManagerMasterEndpoint.org$apache$spark$storage$BlockManagerMasterEndpoint$$driverEndpoint(BlockManagerMasterEndpoint.scala:123)
[2026-08-12T21:23:33.580+0000] {subprocess.py:93} INFO - 	at org.apache.spark.storage.BlockManagerMasterEndpoint.isExecutorAlive$lzycompute$1(BlockManagerMasterEndpoint.scala:688)
[2026-08-12T21:23:33.587+0000] {subprocess.py:93} INFO - 	at org.apache.spark.storage.BlockManagerMasterEndpoint.isExecutorAlive$1(BlockManagerMasterEndpoint.scala:687)
[2026-08-12T21:23:33.658+0000] {subprocess.py:93} INFO - 	at org.apache.spark.storage.BlockManagerMasterEndpoint.org$apache$spark$storage$BlockManagerMasterEndpoint$$register(BlockManagerMasterEndpoint.scala:725)
[2026-08-12T21:23:33.694+0000] {subprocess.py:93} INFO - 	at org.apache.spark.storage.BlockManagerMasterEndpoint$$anonfun$receiveAndReply$1.applyOrElse(BlockManagerMasterEndpoint.scala:133)
[2026-08-12T21:23:33.734+0000] {subprocess.py:93} INFO - 	at org.apache.spark.rpc.netty.Inbox.$anonfun$process$1(Inbox.scala:103)
[2026-08-12T21:23:33.744+0000] {subprocess.py:93} INFO - 	at org.apache.spark.rpc.netty.Inbox.safelyCall(Inbox.scala:213)
[2026-08-12T21:23:33.760+0000] {subprocess.py:93} INFO - 	at org.apache.spark.rpc.netty.Inbox.process(Inbox.scala:100)
[2026-08-12T21:23:33.774+0000] {subprocess.py:93} INFO - 	at org.apache.spark.rpc.netty.MessageLoop.org$apache$spark$rpc$netty$MessageLoop$$receiveLoop(MessageLoop.scala:75)
[2026-08-12T21:23:33.790+0000] {subprocess.py:93} INFO - 	at org.apache.spark.rpc.netty.MessageLoop$$anon$1.run(MessageLoop.scala:41)
[2026-08-12T21:23:33.796+0000] {subprocess.py:93} INFO - 	at java.base/java.util.concurrent.ThreadPoolExecutor.runWorker(ThreadPoolExecutor.java:1136)
[2026-08-12T21:23:33.817+0000] {subprocess.py:93} INFO - 	at java.base/java.util.concurrent.ThreadPoolExecutor$Worker.run(ThreadPoolExecutor.java:635)
[2026-08-12T21:23:33.830+0000] {subprocess.py:93} INFO - 	at java.base/java.lang.Thread.run(Thread.java:840)
[2026-08-12T21:23:33.837+0000] {subprocess.py:93} INFO - Caused by: org.apache.spark.rpc.RpcEndpointNotFoundException: Cannot find endpoint: spark://CoarseGrainedScheduler@4099a95615c9:45169
[2026-08-12T21:23:33.844+0000] {subprocess.py:93} INFO - 	at org.apache.spark.rpc.netty.NettyRpcEnv.$anonfun$asyncSetupEndpointRefByURI$1(NettyRpcEnv.scala:148)
[2026-08-12T21:23:33.857+0000] {subprocess.py:93} INFO - 	at org.apache.spark.rpc.netty.NettyRpcEnv.$anonfun$asyncSetupEndpointRefByURI$1$adapted(NettyRpcEnv.scala:144)
[2026-08-12T21:23:33.869+0000] {subprocess.py:93} INFO - 	at scala.concurrent.Future.$anonfun$flatMap$1(Future.scala:307)
[2026-08-12T21:23:33.881+0000] {subprocess.py:93} INFO - 	at scala.concurrent.impl.Promise.$anonfun$transformWith$1(Promise.scala:41)
[2026-08-12T21:23:33.888+0000] {subprocess.py:93} INFO - 	at scala.concurrent.impl.CallbackRunnable.run(Promise.scala:64)
[2026-08-12T21:23:33.894+0000] {subprocess.py:93} INFO - 	at org.apache.spark.util.ThreadUtils$$anon$1.execute(ThreadUtils.scala:99)
[2026-08-12T21:23:33.916+0000] {subprocess.py:93} INFO - 	at scala.concurrent.impl.ExecutionContextImpl$$anon$4.execute(ExecutionContextImpl.scala:138)
[2026-08-12T21:23:33.964+0000] {subprocess.py:93} INFO - 	at scala.concurrent.impl.CallbackRunnable.executeWithValue(Promise.scala:72)
[2026-08-12T21:23:33.987+0000] {subprocess.py:93} INFO - 	at scala.concurrent.impl.Promise$DefaultPromise.$anonfun$tryComplete$1(Promise.scala:288)
[2026-08-12T21:23:34.004+0000] {subprocess.py:93} INFO - 	at scala.concurrent.impl.Promise$DefaultPromise.$anonfun$tryComplete$1$adapted(Promise.scala:288)
[2026-08-12T21:23:34.054+0000] {subprocess.py:93} INFO - 	at scala.concurrent.impl.Promise$DefaultPromise.tryComplete(Promise.scala:288)
[2026-08-12T21:23:34.096+0000] {subprocess.py:93} INFO - 	at scala.concurrent.Promise.complete(Promise.scala:53)
[2026-08-12T21:23:34.101+0000] {subprocess.py:93} INFO - 	at scala.concurrent.Promise.complete$(Promise.scala:52)
[2026-08-12T21:23:34.115+0000] {subprocess.py:93} INFO - 	at scala.concurrent.impl.Promise$DefaultPromise.complete(Promise.scala:187)
[2026-08-12T21:23:34.124+0000] {subprocess.py:93} INFO - 	at scala.concurrent.impl.Promise.$anonfun$transform$1(Promise.scala:33)
[2026-08-12T21:23:34.145+0000] {subprocess.py:93} INFO - 	at scala.concurrent.impl.CallbackRunnable.run(Promise.scala:64)
[2026-08-12T21:23:34.184+0000] {subprocess.py:93} INFO - 	at org.apache.spark.util.ThreadUtils$$anon$1.execute(ThreadUtils.scala:99)
[2026-08-12T21:23:34.207+0000] {subprocess.py:93} INFO - 	at scala.concurrent.impl.ExecutionContextImpl$$anon$4.execute(ExecutionContextImpl.scala:138)
[2026-08-12T21:23:34.235+0000] {subprocess.py:93} INFO - 	at scala.concurrent.impl.CallbackRunnable.executeWithValue(Promise.scala:72)
[2026-08-12T21:23:34.262+0000] {subprocess.py:93} INFO - 	at scala.concurrent.impl.Promise$DefaultPromise.$anonfun$tryComplete$1(Promise.scala:288)
[2026-08-12T21:23:34.357+0000] {subprocess.py:93} INFO - 	at scala.concurrent.impl.Promise$DefaultPromise.$anonfun$tryComplete$1$adapted(Promise.scala:288)
[2026-08-12T21:23:34.380+0000] {subprocess.py:93} INFO - 	at scala.concurrent.impl.Promise$DefaultPromise.tryComplete(Promise.scala:288)
[2026-08-12T21:23:34.407+0000] {subprocess.py:93} INFO - 	at scala.concurrent.Promise.complete(Promise.scala:53)
[2026-08-12T21:23:34.433+0000] {subprocess.py:93} INFO - 	at scala.concurrent.Promise.complete$(Promise.scala:52)
[2026-08-12T21:23:34.437+0000] {subprocess.py:93} INFO - 	at scala.concurrent.impl.Promise$DefaultPromise.complete(Promise.scala:187)
[2026-08-12T21:23:34.458+0000] {subprocess.py:93} INFO - 	at scala.concurrent.impl.Promise.$anonfun$transform$1(Promise.scala:33)
[2026-08-12T21:23:34.586+0000] {subprocess.py:93} INFO - 	at scala.concurrent.impl.CallbackRunnable.run(Promise.scala:64)
[2026-08-12T21:23:34.650+0000] {subprocess.py:93} INFO - 	at scala.concurrent.BatchingExecutor$Batch.processBatch$1(BatchingExecutor.scala:67)
[2026-08-12T21:23:34.694+0000] {subprocess.py:93} INFO - 	at scala.concurrent.BatchingExecutor$Batch.$anonfun$run$1(BatchingExecutor.scala:82)
[2026-08-12T21:23:34.774+0000] {subprocess.py:93} INFO - 	at scala.runtime.java8.JFunction0$mcV$sp.apply(JFunction0$mcV$sp.java:23)
[2026-08-12T21:23:34.842+0000] {subprocess.py:93} INFO - 	at scala.concurrent.BlockContext$.withBlockContext(BlockContext.scala:85)
[2026-08-12T21:23:34.880+0000] {subprocess.py:93} INFO - 	at scala.concurrent.BatchingExecutor$Batch.run(BatchingExecutor.scala:59)
[2026-08-12T21:23:34.922+0000] {subprocess.py:93} INFO - 	at scala.concurrent.Future$InternalCallbackExecutor$.unbatchedExecute(Future.scala:875)
[2026-08-12T21:23:34.937+0000] {subprocess.py:93} INFO - 	at scala.concurrent.BatchingExecutor.execute(BatchingExecutor.scala:110)
[2026-08-12T21:23:34.949+0000] {subprocess.py:93} INFO - 	at scala.concurrent.BatchingExecutor.execute$(BatchingExecutor.scala:107)
[2026-08-12T21:23:34.962+0000] {subprocess.py:93} INFO - 	at scala.concurrent.Future$InternalCallbackExecutor$.execute(Future.scala:873)
[2026-08-12T21:23:34.998+0000] {subprocess.py:93} INFO - 	at scala.concurrent.impl.CallbackRunnable.executeWithValue(Promise.scala:72)
[2026-08-12T21:23:35.054+0000] {subprocess.py:93} INFO - 	at scala.concurrent.impl.Promise$DefaultPromise.$anonfun$tryComplete$1(Promise.scala:288)
[2026-08-12T21:23:35.064+0000] {subprocess.py:93} INFO - 	at scala.concurrent.impl.Promise$DefaultPromise.$anonfun$tryComplete$1$adapted(Promise.scala:288)
[2026-08-12T21:23:35.181+0000] {subprocess.py:93} INFO - 	at scala.concurrent.impl.Promise$DefaultPromise.tryComplete(Promise.scala:288)
[2026-08-12T21:23:35.185+0000] {subprocess.py:93} INFO - 	at scala.concurrent.Promise.trySuccess(Promise.scala:94)
[2026-08-12T21:23:35.191+0000] {subprocess.py:93} INFO - 	at scala.concurrent.Promise.trySuccess$(Promise.scala:94)
[2026-08-12T21:23:35.195+0000] {subprocess.py:93} INFO - 	at scala.concurrent.impl.Promise$DefaultPromise.trySuccess(Promise.scala:187)
[2026-08-12T21:23:35.204+0000] {subprocess.py:93} INFO - 	at org.apache.spark.rpc.netty.NettyRpcEnv.onSuccess$1(NettyRpcEnv.scala:225)
[2026-08-12T21:23:35.208+0000] {subprocess.py:93} INFO - 	at org.apache.spark.rpc.netty.NettyRpcEnv.$anonfun$askAbortable$5(NettyRpcEnv.scala:239)
[2026-08-12T21:23:35.210+0000] {subprocess.py:93} INFO - 	at org.apache.spark.rpc.netty.NettyRpcEnv.$anonfun$askAbortable$5$adapted(NettyRpcEnv.scala:238)
[2026-08-12T21:23:35.217+0000] {subprocess.py:93} INFO - 	at scala.concurrent.impl.CallbackRunnable.run(Promise.scala:64)
[2026-08-12T21:23:35.221+0000] {subprocess.py:93} INFO - 	at org.apache.spark.util.ThreadUtils$$anon$1.execute(ThreadUtils.scala:99)
[2026-08-12T21:23:35.226+0000] {subprocess.py:93} INFO - 	at scala.concurrent.impl.ExecutionContextImpl$$anon$4.execute(ExecutionContextImpl.scala:138)
[2026-08-12T21:23:35.236+0000] {subprocess.py:93} INFO - 	at scala.concurrent.impl.CallbackRunnable.executeWithValue(Promise.scala:72)
[2026-08-12T21:23:35.242+0000] {subprocess.py:93} INFO - 	at scala.concurrent.impl.Promise$DefaultPromise.$anonfun$tryComplete$1(Promise.scala:288)
[2026-08-12T21:23:35.246+0000] {subprocess.py:93} INFO - 	at scala.concurrent.impl.Promise$DefaultPromise.$anonfun$tryComplete$1$adapted(Promise.scala:288)
[2026-08-12T21:23:35.257+0000] {subprocess.py:93} INFO - 	at scala.concurrent.impl.Promise$DefaultPromise.tryComplete(Promise.scala:288)
[2026-08-12T21:23:35.262+0000] {subprocess.py:93} INFO - 	at scala.concurrent.Promise.complete(Promise.scala:53)
[2026-08-12T21:23:35.266+0000] {subprocess.py:93} INFO - 	at scala.concurrent.Promise.complete$(Promise.scala:52)
[2026-08-12T21:23:35.276+0000] {subprocess.py:93} INFO - 	at scala.concurrent.impl.Promise$DefaultPromise.complete(Promise.scala:187)
[2026-08-12T21:23:35.299+0000] {subprocess.py:93} INFO - 	at scala.concurrent.Promise.success(Promise.scala:86)
[2026-08-12T21:23:35.324+0000] {subprocess.py:93} INFO - 	at scala.concurrent.Promise.success$(Promise.scala:86)
[2026-08-12T21:23:35.369+0000] {subprocess.py:93} INFO - 	at scala.concurrent.impl.Promise$DefaultPromise.success(Promise.scala:187)
[2026-08-12T21:23:35.373+0000] {subprocess.py:93} INFO - 	at org.apache.spark.rpc.netty.LocalNettyRpcCallContext.send(NettyRpcCallContext.scala:50)
[2026-08-12T21:23:35.398+0000] {subprocess.py:93} INFO - 	at org.apache.spark.rpc.netty.NettyRpcCallContext.reply(NettyRpcCallContext.scala:32)
[2026-08-12T21:23:35.411+0000] {subprocess.py:93} INFO - 	at org.apache.spark.rpc.netty.RpcEndpointVerifier$$anonfun$receiveAndReply$1.applyOrElse(RpcEndpointVerifier.scala:31)
[2026-08-12T21:23:35.468+0000] {subprocess.py:93} INFO - 	... 8 more
[2026-08-12T21:23:35.669+0000] {subprocess.py:93} INFO - 26/08/12 21:22:12 WARN Executor: Issue communicating with driver in heartbeater
[2026-08-12T21:23:35.684+0000] {subprocess.py:93} INFO - org.apache.spark.SparkException: Exception thrown in awaitResult:
[2026-08-12T21:23:35.721+0000] {subprocess.py:93} INFO - 	at org.apache.spark.util.SparkThreadUtils$.awaitResult(SparkThreadUtils.scala:56)
[2026-08-12T21:23:35.826+0000] {subprocess.py:93} INFO - 	at org.apache.spark.util.ThreadUtils$.awaitResult(ThreadUtils.scala:310)
[2026-08-12T21:23:35.919+0000] {subprocess.py:93} INFO - 	at org.apache.spark.rpc.RpcTimeout.awaitResult(RpcTimeout.scala:75)
[2026-08-12T21:23:35.997+0000] {subprocess.py:93} INFO - 	at org.apache.spark.rpc.RpcEndpointRef.askSync(RpcEndpointRef.scala:101)
[2026-08-12T21:23:36.025+0000] {subprocess.py:93} INFO - 	at org.apache.spark.rpc.RpcEndpointRef.askSync(RpcEndpointRef.scala:85)
[2026-08-12T21:23:36.128+0000] {subprocess.py:93} INFO - 	at org.apache.spark.storage.BlockManagerMaster.registerBlockManager(BlockManagerMaster.scala:80)
[2026-08-12T21:23:36.144+0000] {subprocess.py:93} INFO - 	at org.apache.spark.storage.BlockManager.reregister(BlockManager.scala:642)
[2026-08-12T21:23:36.195+0000] {subprocess.py:93} INFO - 	at org.apache.spark.executor.Executor.reportHeartBeat(Executor.scala:1223)
[2026-08-12T21:23:36.209+0000] {subprocess.py:93} INFO - 	at org.apache.spark.executor.Executor.$anonfun$heartbeater$1(Executor.scala:295)
[2026-08-12T21:23:36.235+0000] {subprocess.py:93} INFO - 	at scala.runtime.java8.JFunction0$mcV$sp.apply(JFunction0$mcV$sp.java:23)
[2026-08-12T21:23:36.429+0000] {job.py:229} INFO - Heartbeat recovered after 72.41 seconds
[2026-08-12T21:23:36.504+0000] {subprocess.py:93} INFO - 	at org.apache.spark.util.Utils$.logUncaughtExceptions(Utils.scala:1928)
[2026-08-12T21:23:36.637+0000] {subprocess.py:93} INFO - 	at org.apache.spark.Heartbeater$$anon$1.run(Heartbeater.scala:46)
[2026-08-12T21:23:36.680+0000] {subprocess.py:93} INFO - 	at java.base/java.util.concurrent.Executors$RunnableAdapter.call(Executors.java:539)
[2026-08-12T21:23:36.819+0000] {subprocess.py:93} INFO - 	at java.base/java.util.concurrent.FutureTask.runAndReset(FutureTask.java:305)
[2026-08-12T21:23:36.834+0000] {subprocess.py:93} INFO - 	at java.base/java.util.concurrent.ScheduledThreadPoolExecutor$ScheduledFutureTask.run(ScheduledThreadPoolExecutor.java:305)
[2026-08-12T21:23:36.898+0000] {subprocess.py:93} INFO - 	at java.base/java.util.concurrent.ThreadPoolExecutor.runWorker(ThreadPoolExecutor.java:1136)
[2026-08-12T21:23:36.912+0000] {subprocess.py:93} INFO - 	at java.base/java.util.concurrent.ThreadPoolExecutor$Worker.run(ThreadPoolExecutor.java:635)
[2026-08-12T21:23:36.918+0000] {subprocess.py:93} INFO - 	at java.base/java.lang.Thread.run(Thread.java:840)
[2026-08-12T21:23:36.921+0000] {subprocess.py:93} INFO - Caused by: org.apache.spark.SparkException: Exception thrown in awaitResult:
[2026-08-12T21:23:36.924+0000] {subprocess.py:93} INFO - 	at org.apache.spark.util.SparkThreadUtils$.awaitResult(SparkThreadUtils.scala:56)
[2026-08-12T21:23:36.970+0000] {subprocess.py:93} INFO - 	at org.apache.spark.util.ThreadUtils$.awaitResult(ThreadUtils.scala:310)
[2026-08-12T21:23:37.044+0000] {subprocess.py:93} INFO - 	at org.apache.spark.rpc.RpcTimeout.awaitResult(RpcTimeout.scala:75)
[2026-08-12T21:23:37.116+0000] {subprocess.py:93} INFO - 	at org.apache.spark.rpc.RpcEnv.setupEndpointRefByURI(RpcEnv.scala:102)
[2026-08-12T21:23:37.133+0000] {subprocess.py:93} INFO - 	at org.apache.spark.rpc.RpcEnv.setupEndpointRef(RpcEnv.scala:110)
[2026-08-12T21:23:37.151+0000] {subprocess.py:93} INFO - 	at org.apache.spark.util.RpcUtils$.makeDriverRef(RpcUtils.scala:36)
[2026-08-12T21:23:37.213+0000] {subprocess.py:93} INFO - 	at org.apache.spark.storage.BlockManagerMasterEndpoint.driverEndpoint$lzycompute(BlockManagerMasterEndpoint.scala:124)
[2026-08-12T21:23:37.253+0000] {subprocess.py:93} INFO - 	at org.apache.spark.storage.BlockManagerMasterEndpoint.org$apache$spark$storage$BlockManagerMasterEndpoint$$driverEndpoint(BlockManagerMasterEndpoint.scala:123)
[2026-08-12T21:23:37.291+0000] {subprocess.py:93} INFO - 	at org.apache.spark.storage.BlockManagerMasterEndpoint.isExecutorAlive$lzycompute$1(BlockManagerMasterEndpoint.scala:688)
[2026-08-12T21:23:37.301+0000] {subprocess.py:93} INFO - 	at org.apache.spark.storage.BlockManagerMasterEndpoint.isExecutorAlive$1(BlockManagerMasterEndpoint.scala:687)
[2026-08-12T21:23:37.317+0000] {subprocess.py:93} INFO - 	at org.apache.spark.storage.BlockManagerMasterEndpoint.org$apache$spark$storage$BlockManagerMasterEndpoint$$register(BlockManagerMasterEndpoint.scala:725)
[2026-08-12T21:23:37.323+0000] {subprocess.py:93} INFO - 	at org.apache.spark.storage.BlockManagerMasterEndpoint$$anonfun$receiveAndReply$1.applyOrElse(BlockManagerMasterEndpoint.scala:133)
[2026-08-12T21:23:37.328+0000] {subprocess.py:93} INFO - 	at org.apache.spark.rpc.netty.Inbox.$anonfun$process$1(Inbox.scala:103)
[2026-08-12T21:23:37.344+0000] {subprocess.py:93} INFO - 	at org.apache.spark.rpc.netty.Inbox.safelyCall(Inbox.scala:213)
[2026-08-12T21:23:37.373+0000] {subprocess.py:93} INFO - 	at org.apache.spark.rpc.netty.Inbox.process(Inbox.scala:100)
[2026-08-12T21:23:37.455+0000] {subprocess.py:93} INFO - 	at org.apache.spark.rpc.netty.MessageLoop.org$apache$spark$rpc$netty$MessageLoop$$receiveLoop(MessageLoop.scala:75)
[2026-08-12T21:23:37.494+0000] {subprocess.py:93} INFO - 	at org.apache.spark.rpc.netty.MessageLoop$$anon$1.run(MessageLoop.scala:41)
[2026-08-12T21:23:37.512+0000] {subprocess.py:93} INFO - 	... 3 more
[2026-08-12T21:23:37.555+0000] {subprocess.py:93} INFO - Caused by: org.apache.spark.rpc.RpcEndpointNotFoundException: Cannot find endpoint: spark://CoarseGrainedScheduler@4099a95615c9:45169
[2026-08-12T21:23:37.571+0000] {subprocess.py:93} INFO - 	at org.apache.spark.rpc.netty.NettyRpcEnv.$anonfun$asyncSetupEndpointRefByURI$1(NettyRpcEnv.scala:148)
[2026-08-12T21:23:37.574+0000] {subprocess.py:93} INFO - 	at org.apache.spark.rpc.netty.NettyRpcEnv.$anonfun$asyncSetupEndpointRefByURI$1$adapted(NettyRpcEnv.scala:144)
[2026-08-12T21:23:37.577+0000] {subprocess.py:93} INFO - 	at scala.concurrent.Future.$anonfun$flatMap$1(Future.scala:307)
[2026-08-12T21:23:37.596+0000] {subprocess.py:93} INFO - 	at scala.concurrent.impl.Promise.$anonfun$transformWith$1(Promise.scala:41)
[2026-08-12T21:23:37.601+0000] {subprocess.py:93} INFO - 	at scala.concurrent.impl.CallbackRunnable.run(Promise.scala:64)
[2026-08-12T21:23:37.612+0000] {subprocess.py:93} INFO - 	at org.apache.spark.util.ThreadUtils$$anon$1.execute(ThreadUtils.scala:99)
[2026-08-12T21:23:37.622+0000] {subprocess.py:93} INFO - 	at scala.concurrent.impl.ExecutionContextImpl$$anon$4.execute(ExecutionContextImpl.scala:138)
[2026-08-12T21:23:37.648+0000] {subprocess.py:93} INFO - 	at scala.concurrent.impl.CallbackRunnable.executeWithValue(Promise.scala:72)
[2026-08-12T21:23:37.713+0000] {subprocess.py:93} INFO - 	at scala.concurrent.impl.Promise$DefaultPromise.$anonfun$tryComplete$1(Promise.scala:288)
[2026-08-12T21:23:37.729+0000] {subprocess.py:93} INFO - 	at scala.concurrent.impl.Promise$DefaultPromise.$anonfun$tryComplete$1$adapted(Promise.scala:288)
[2026-08-12T21:23:37.742+0000] {subprocess.py:93} INFO - 	at scala.concurrent.impl.Promise$DefaultPromise.tryComplete(Promise.scala:288)
[2026-08-12T21:23:37.747+0000] {subprocess.py:93} INFO - 	at scala.concurrent.Promise.complete(Promise.scala:53)
[2026-08-12T21:23:37.750+0000] {subprocess.py:93} INFO - 	at scala.concurrent.Promise.complete$(Promise.scala:52)
[2026-08-12T21:23:37.757+0000] {subprocess.py:93} INFO - 	at scala.concurrent.impl.Promise$DefaultPromise.complete(Promise.scala:187)
[2026-08-12T21:23:37.762+0000] {subprocess.py:93} INFO - 	at scala.concurrent.impl.Promise.$anonfun$transform$1(Promise.scala:33)
[2026-08-12T21:23:37.770+0000] {subprocess.py:93} INFO - 	at scala.concurrent.impl.CallbackRunnable.run(Promise.scala:64)
[2026-08-12T21:23:37.774+0000] {subprocess.py:93} INFO - 	at org.apache.spark.util.ThreadUtils$$anon$1.execute(ThreadUtils.scala:99)
[2026-08-12T21:23:37.791+0000] {subprocess.py:93} INFO - 	at scala.concurrent.impl.ExecutionContextImpl$$anon$4.execute(ExecutionContextImpl.scala:138)
[2026-08-12T21:23:37.810+0000] {subprocess.py:93} INFO - 	at scala.concurrent.impl.CallbackRunnable.executeWithValue(Promise.scala:72)
[2026-08-12T21:23:37.833+0000] {subprocess.py:93} INFO - 	at scala.concurrent.impl.Promise$DefaultPromise.$anonfun$tryComplete$1(Promise.scala:288)
[2026-08-12T21:23:37.884+0000] {subprocess.py:93} INFO - 	at scala.concurrent.impl.Promise$DefaultPromise.$anonfun$tryComplete$1$adapted(Promise.scala:288)
[2026-08-12T21:23:37.896+0000] {subprocess.py:93} INFO - 	at scala.concurrent.impl.Promise$DefaultPromise.tryComplete(Promise.scala:288)
[2026-08-12T21:23:37.911+0000] {subprocess.py:93} INFO - 	at scala.concurrent.Promise.complete(Promise.scala:53)
[2026-08-12T21:23:37.926+0000] {subprocess.py:93} INFO - 	at scala.concurrent.Promise.complete$(Promise.scala:52)
[2026-08-12T21:23:37.955+0000] {subprocess.py:93} INFO - 	at scala.concurrent.impl.Promise$DefaultPromise.complete(Promise.scala:187)
[2026-08-12T21:23:37.963+0000] {subprocess.py:93} INFO - 	at scala.concurrent.impl.Promise.$anonfun$transform$1(Promise.scala:33)
[2026-08-12T21:23:37.968+0000] {subprocess.py:93} INFO - 	at scala.concurrent.impl.CallbackRunnable.run(Promise.scala:64)
[2026-08-12T21:23:37.982+0000] {subprocess.py:93} INFO - 	at scala.concurrent.BatchingExecutor$Batch.processBatch$1(BatchingExecutor.scala:67)
[2026-08-12T21:23:37.987+0000] {subprocess.py:93} INFO - 	at scala.concurrent.BatchingExecutor$Batch.$anonfun$run$1(BatchingExecutor.scala:82)
[2026-08-12T21:23:37.999+0000] {subprocess.py:93} INFO - 	at scala.runtime.java8.JFunction0$mcV$sp.apply(JFunction0$mcV$sp.java:23)
[2026-08-12T21:23:38.017+0000] {subprocess.py:93} INFO - 	at scala.concurrent.BlockContext$.withBlockContext(BlockContext.scala:85)
[2026-08-12T21:23:38.027+0000] {subprocess.py:93} INFO - 	at scala.concurrent.BatchingExecutor$Batch.run(BatchingExecutor.scala:59)
[2026-08-12T21:23:38.044+0000] {subprocess.py:93} INFO - 	at scala.concurrent.Future$InternalCallbackExecutor$.unbatchedExecute(Future.scala:875)
[2026-08-12T21:23:38.093+0000] {subprocess.py:93} INFO - 	at scala.concurrent.BatchingExecutor.execute(BatchingExecutor.scala:110)
[2026-08-12T21:23:38.112+0000] {subprocess.py:93} INFO - 	at scala.concurrent.BatchingExecutor.execute$(BatchingExecutor.scala:107)
[2026-08-12T21:23:38.122+0000] {subprocess.py:93} INFO - 	at scala.concurrent.Future$InternalCallbackExecutor$.execute(Future.scala:873)
[2026-08-12T21:23:38.133+0000] {subprocess.py:93} INFO - 	at scala.concurrent.impl.CallbackRunnable.executeWithValue(Promise.scala:72)
[2026-08-12T21:23:38.150+0000] {subprocess.py:93} INFO - 	at scala.concurrent.impl.Promise$DefaultPromise.$anonfun$tryComplete$1(Promise.scala:288)
[2026-08-12T21:23:38.177+0000] {subprocess.py:93} INFO - 	at scala.concurrent.impl.Promise$DefaultPromise.$anonfun$tryComplete$1$adapted(Promise.scala:288)
[2026-08-12T21:23:38.189+0000] {subprocess.py:93} INFO - 	at scala.concurrent.impl.Promise$DefaultPromise.tryComplete(Promise.scala:288)
[2026-08-12T21:23:38.216+0000] {subprocess.py:93} INFO - 	at scala.concurrent.Promise.trySuccess(Promise.scala:94)
[2026-08-12T21:23:38.241+0000] {subprocess.py:93} INFO - 	at scala.concurrent.Promise.trySuccess$(Promise.scala:94)
[2026-08-12T21:23:38.247+0000] {subprocess.py:93} INFO - 	at scala.concurrent.impl.Promise$DefaultPromise.trySuccess(Promise.scala:187)
[2026-08-12T21:23:38.251+0000] {subprocess.py:93} INFO - 	at org.apache.spark.rpc.netty.NettyRpcEnv.onSuccess$1(NettyRpcEnv.scala:225)
[2026-08-12T21:23:38.268+0000] {subprocess.py:93} INFO - 	at org.apache.spark.rpc.netty.NettyRpcEnv.$anonfun$askAbortable$5(NettyRpcEnv.scala:239)
[2026-08-12T21:23:38.276+0000] {subprocess.py:93} INFO - 	at org.apache.spark.rpc.netty.NettyRpcEnv.$anonfun$askAbortable$5$adapted(NettyRpcEnv.scala:238)
[2026-08-12T21:23:38.282+0000] {subprocess.py:93} INFO - 	at scala.concurrent.impl.CallbackRunnable.run(Promise.scala:64)
[2026-08-12T21:23:38.315+0000] {subprocess.py:93} INFO - 	at org.apache.spark.util.ThreadUtils$$anon$1.execute(ThreadUtils.scala:99)
[2026-08-12T21:23:38.336+0000] {subprocess.py:93} INFO - 	at scala.concurrent.impl.ExecutionContextImpl$$anon$4.execute(ExecutionContextImpl.scala:138)
[2026-08-12T21:23:38.355+0000] {subprocess.py:93} INFO - 	at scala.concurrent.impl.CallbackRunnable.executeWithValue(Promise.scala:72)
[2026-08-12T21:23:38.373+0000] {subprocess.py:93} INFO - 	at scala.concurrent.impl.Promise$DefaultPromise.$anonfun$tryComplete$1(Promise.scala:288)
[2026-08-12T21:23:38.398+0000] {subprocess.py:93} INFO - 	at scala.concurrent.impl.Promise$DefaultPromise.$anonfun$tryComplete$1$adapted(Promise.scala:288)
[2026-08-12T21:23:38.427+0000] {subprocess.py:93} INFO - 	at scala.concurrent.impl.Promise$DefaultPromise.tryComplete(Promise.scala:288)
[2026-08-12T21:23:38.451+0000] {subprocess.py:93} INFO - 	at scala.concurrent.Promise.complete(Promise.scala:53)
[2026-08-12T21:23:38.466+0000] {subprocess.py:93} INFO - 	at scala.concurrent.Promise.complete$(Promise.scala:52)
[2026-08-12T21:23:38.469+0000] {subprocess.py:93} INFO - 	at scala.concurrent.impl.Promise$DefaultPromise.complete(Promise.scala:187)
[2026-08-12T21:23:38.488+0000] {subprocess.py:93} INFO - 	at scala.concurrent.Promise.success(Promise.scala:86)
[2026-08-12T21:23:38.548+0000] {subprocess.py:93} INFO - 	at scala.concurrent.Promise.success$(Promise.scala:86)
[2026-08-12T21:23:38.560+0000] {subprocess.py:93} INFO - 	at scala.concurrent.impl.Promise$DefaultPromise.success(Promise.scala:187)
[2026-08-12T21:23:38.581+0000] {subprocess.py:93} INFO - 	at org.apache.spark.rpc.netty.LocalNettyRpcCallContext.send(NettyRpcCallContext.scala:50)
[2026-08-12T21:23:38.602+0000] {subprocess.py:93} INFO - 	at org.apache.spark.rpc.netty.NettyRpcCallContext.reply(NettyRpcCallContext.scala:32)
[2026-08-12T21:23:38.630+0000] {subprocess.py:93} INFO - 	at org.apache.spark.rpc.netty.RpcEndpointVerifier$$anonfun$receiveAndReply$1.applyOrElse(RpcEndpointVerifier.scala:31)
[2026-08-12T21:23:38.639+0000] {subprocess.py:93} INFO - 	... 8 more
[2026-08-12T21:23:38.650+0000] {subprocess.py:93} INFO - 26/08/12 21:22:16 WARN Executor: Issue communicating with driver in heartbeater
[2026-08-12T21:23:38.657+0000] {subprocess.py:93} INFO - org.apache.spark.SparkException: Exception thrown in awaitResult:
[2026-08-12T21:23:38.666+0000] {subprocess.py:93} INFO - 	at org.apache.spark.util.SparkThreadUtils$.awaitResult(SparkThreadUtils.scala:56)
[2026-08-12T21:23:38.676+0000] {subprocess.py:93} INFO - 	at org.apache.spark.util.ThreadUtils$.awaitResult(ThreadUtils.scala:310)
[2026-08-12T21:23:38.680+0000] {subprocess.py:93} INFO - 	at org.apache.spark.rpc.RpcTimeout.awaitResult(RpcTimeout.scala:75)
[2026-08-12T21:23:38.719+0000] {subprocess.py:93} INFO - 	at org.apache.spark.rpc.RpcEndpointRef.askSync(RpcEndpointRef.scala:101)
[2026-08-12T21:23:38.764+0000] {subprocess.py:93} INFO - 	at org.apache.spark.rpc.RpcEndpointRef.askSync(RpcEndpointRef.scala:85)
[2026-08-12T21:23:38.772+0000] {subprocess.py:93} INFO - 	at org.apache.spark.storage.BlockManagerMaster.registerBlockManager(BlockManagerMaster.scala:80)
[2026-08-12T21:23:38.783+0000] {subprocess.py:93} INFO - 	at org.apache.spark.storage.BlockManager.reregister(BlockManager.scala:642)
[2026-08-12T21:23:38.797+0000] {subprocess.py:93} INFO - 	at org.apache.spark.executor.Executor.reportHeartBeat(Executor.scala:1223)
[2026-08-12T21:23:38.809+0000] {subprocess.py:93} INFO - 	at org.apache.spark.executor.Executor.$anonfun$heartbeater$1(Executor.scala:295)
[2026-08-12T21:23:38.821+0000] {subprocess.py:93} INFO - 	at scala.runtime.java8.JFunction0$mcV$sp.apply(JFunction0$mcV$sp.java:23)
[2026-08-12T21:23:38.839+0000] {subprocess.py:93} INFO - 	at org.apache.spark.util.Utils$.logUncaughtExceptions(Utils.scala:1928)
[2026-08-12T21:23:38.846+0000] {subprocess.py:93} INFO - 	at org.apache.spark.Heartbeater$$anon$1.run(Heartbeater.scala:46)
[2026-08-12T21:23:38.853+0000] {subprocess.py:93} INFO - 	at java.base/java.util.concurrent.Executors$RunnableAdapter.call(Executors.java:539)
[2026-08-12T21:23:38.878+0000] {subprocess.py:93} INFO - 	at java.base/java.util.concurrent.FutureTask.runAndReset(FutureTask.java:305)
[2026-08-12T21:23:38.941+0000] {subprocess.py:93} INFO - 	at java.base/java.util.concurrent.ScheduledThreadPoolExecutor$ScheduledFutureTask.run(ScheduledThreadPoolExecutor.java:305)
[2026-08-12T21:23:38.947+0000] {subprocess.py:93} INFO - 	at java.base/java.util.concurrent.ThreadPoolExecutor.runWorker(ThreadPoolExecutor.java:1136)
[2026-08-12T21:23:38.976+0000] {subprocess.py:93} INFO - 	at java.base/java.util.concurrent.ThreadPoolExecutor$Worker.run(ThreadPoolExecutor.java:635)
[2026-08-12T21:23:38.980+0000] {subprocess.py:93} INFO - 	at java.base/java.lang.Thread.run(Thread.java:840)
[2026-08-12T21:23:38.984+0000] {subprocess.py:93} INFO - Caused by: org.apache.spark.SparkException: Exception thrown in awaitResult:
[2026-08-12T21:23:39.014+0000] {subprocess.py:93} INFO - 	at org.apache.spark.util.SparkThreadUtils$.awaitResult(SparkThreadUtils.scala:56)
[2026-08-12T21:23:39.020+0000] {subprocess.py:93} INFO - 	at org.apache.spark.util.ThreadUtils$.awaitResult(ThreadUtils.scala:310)
[2026-08-12T21:23:39.026+0000] {subprocess.py:93} INFO - 	at org.apache.spark.rpc.RpcTimeout.awaitResult(RpcTimeout.scala:75)
[2026-08-12T21:23:39.041+0000] {subprocess.py:93} INFO - 	at org.apache.spark.rpc.RpcEnv.setupEndpointRefByURI(RpcEnv.scala:102)
[2026-08-12T21:23:39.073+0000] {subprocess.py:93} INFO - 	at org.apache.spark.rpc.RpcEnv.setupEndpointRef(RpcEnv.scala:110)
[2026-08-12T21:23:39.091+0000] {subprocess.py:93} INFO - 	at org.apache.spark.util.RpcUtils$.makeDriverRef(RpcUtils.scala:36)
[2026-08-12T21:23:39.114+0000] {subprocess.py:93} INFO - 	at org.apache.spark.storage.BlockManagerMasterEndpoint.driverEndpoint$lzycompute(BlockManagerMasterEndpoint.scala:124)
[2026-08-12T21:23:39.140+0000] {subprocess.py:93} INFO - 	at org.apache.spark.storage.BlockManagerMasterEndpoint.org$apache$spark$storage$BlockManagerMasterEndpoint$$driverEndpoint(BlockManagerMasterEndpoint.scala:123)
[2026-08-12T21:23:39.152+0000] {subprocess.py:93} INFO - 	at org.apache.spark.storage.BlockManagerMasterEndpoint.isExecutorAlive$lzycompute$1(BlockManagerMasterEndpoint.scala:688)
[2026-08-12T21:23:39.163+0000] {subprocess.py:93} INFO - 	at org.apache.spark.storage.BlockManagerMasterEndpoint.isExecutorAlive$1(BlockManagerMasterEndpoint.scala:687)
[2026-08-12T21:23:39.195+0000] {subprocess.py:93} INFO - 	at org.apache.spark.storage.BlockManagerMasterEndpoint.org$apache$spark$storage$BlockManagerMasterEndpoint$$register(BlockManagerMasterEndpoint.scala:725)
[2026-08-12T21:23:39.235+0000] {subprocess.py:93} INFO - 	at org.apache.spark.storage.BlockManagerMasterEndpoint$$anonfun$receiveAndReply$1.applyOrElse(BlockManagerMasterEndpoint.scala:133)
[2026-08-12T21:23:39.267+0000] {subprocess.py:93} INFO - 	at org.apache.spark.rpc.netty.Inbox.$anonfun$process$1(Inbox.scala:103)
[2026-08-12T21:23:39.285+0000] {subprocess.py:93} INFO - 	at org.apache.spark.rpc.netty.Inbox.safelyCall(Inbox.scala:213)
[2026-08-12T21:23:39.306+0000] {subprocess.py:93} INFO - 	at org.apache.spark.rpc.netty.Inbox.process(Inbox.scala:100)
[2026-08-12T21:23:39.402+0000] {subprocess.py:93} INFO - 	at org.apache.spark.rpc.netty.MessageLoop.org$apache$spark$rpc$netty$MessageLoop$$receiveLoop(MessageLoop.scala:75)
[2026-08-12T21:23:39.442+0000] {subprocess.py:93} INFO - 	at org.apache.spark.rpc.netty.MessageLoop$$anon$1.run(MessageLoop.scala:41)
[2026-08-12T21:23:39.452+0000] {subprocess.py:93} INFO - 	... 3 more
[2026-08-12T21:23:39.465+0000] {subprocess.py:93} INFO - Caused by: org.apache.spark.rpc.RpcEndpointNotFoundException: Cannot find endpoint: spark://CoarseGrainedScheduler@4099a95615c9:45169
[2026-08-12T21:23:39.504+0000] {subprocess.py:93} INFO - 	at org.apache.spark.rpc.netty.NettyRpcEnv.$anonfun$asyncSetupEndpointRefByURI$1(NettyRpcEnv.scala:148)
[2026-08-12T21:23:39.509+0000] {subprocess.py:93} INFO - 	at org.apache.spark.rpc.netty.NettyRpcEnv.$anonfun$asyncSetupEndpointRefByURI$1$adapted(NettyRpcEnv.scala:144)
[2026-08-12T21:23:39.517+0000] {subprocess.py:93} INFO - 	at scala.concurrent.Future.$anonfun$flatMap$1(Future.scala:307)
[2026-08-12T21:23:39.544+0000] {subprocess.py:93} INFO - 	at scala.concurrent.impl.Promise.$anonfun$transformWith$1(Promise.scala:41)
[2026-08-12T21:23:39.553+0000] {subprocess.py:93} INFO - 	at scala.concurrent.impl.CallbackRunnable.run(Promise.scala:64)
[2026-08-12T21:23:39.588+0000] {subprocess.py:93} INFO - 	at org.apache.spark.util.ThreadUtils$$anon$1.execute(ThreadUtils.scala:99)
[2026-08-12T21:23:39.623+0000] {subprocess.py:93} INFO - 	at scala.concurrent.impl.ExecutionContextImpl$$anon$4.execute(ExecutionContextImpl.scala:138)
[2026-08-12T21:23:39.651+0000] {subprocess.py:93} INFO - 	at scala.concurrent.impl.CallbackRunnable.executeWithValue(Promise.scala:72)
[2026-08-12T21:23:39.654+0000] {subprocess.py:93} INFO - 	at scala.concurrent.impl.Promise$DefaultPromise.$anonfun$tryComplete$1(Promise.scala:288)
[2026-08-12T21:23:39.670+0000] {subprocess.py:93} INFO - 	at scala.concurrent.impl.Promise$DefaultPromise.$anonfun$tryComplete$1$adapted(Promise.scala:288)
[2026-08-12T21:23:39.677+0000] {subprocess.py:93} INFO - 	at scala.concurrent.impl.Promise$DefaultPromise.tryComplete(Promise.scala:288)
[2026-08-12T21:23:39.690+0000] {subprocess.py:93} INFO - 	at scala.concurrent.Promise.complete(Promise.scala:53)
[2026-08-12T21:23:39.707+0000] {subprocess.py:93} INFO - 	at scala.concurrent.Promise.complete$(Promise.scala:52)
[2026-08-12T21:23:39.710+0000] {subprocess.py:93} INFO - 	at scala.concurrent.impl.Promise$DefaultPromise.complete(Promise.scala:187)
[2026-08-12T21:23:39.727+0000] {subprocess.py:93} INFO - 	at scala.concurrent.impl.Promise.$anonfun$transform$1(Promise.scala:33)
[2026-08-12T21:23:39.750+0000] {subprocess.py:93} INFO - 	at scala.concurrent.impl.CallbackRunnable.run(Promise.scala:64)
[2026-08-12T21:23:39.767+0000] {subprocess.py:93} INFO - 	at org.apache.spark.util.ThreadUtils$$anon$1.execute(ThreadUtils.scala:99)
[2026-08-12T21:23:39.774+0000] {subprocess.py:93} INFO - 	at scala.concurrent.impl.ExecutionContextImpl$$anon$4.execute(ExecutionContextImpl.scala:138)
[2026-08-12T21:23:39.777+0000] {subprocess.py:93} INFO - 	at scala.concurrent.impl.CallbackRunnable.executeWithValue(Promise.scala:72)
[2026-08-12T21:23:39.798+0000] {subprocess.py:93} INFO - 	at scala.concurrent.impl.Promise$DefaultPromise.$anonfun$tryComplete$1(Promise.scala:288)
[2026-08-12T21:23:39.810+0000] {subprocess.py:93} INFO - 	at scala.concurrent.impl.Promise$DefaultPromise.$anonfun$tryComplete$1$adapted(Promise.scala:288)
[2026-08-12T21:23:39.826+0000] {subprocess.py:93} INFO - 	at scala.concurrent.impl.Promise$DefaultPromise.tryComplete(Promise.scala:288)
[2026-08-12T21:23:39.842+0000] {subprocess.py:93} INFO - 	at scala.concurrent.Promise.complete(Promise.scala:53)
[2026-08-12T21:23:39.850+0000] {subprocess.py:93} INFO - 	at scala.concurrent.Promise.complete$(Promise.scala:52)
[2026-08-12T21:23:39.859+0000] {subprocess.py:93} INFO - 	at scala.concurrent.impl.Promise$DefaultPromise.complete(Promise.scala:187)
[2026-08-12T21:23:39.866+0000] {subprocess.py:93} INFO - 	at scala.concurrent.impl.Promise.$anonfun$transform$1(Promise.scala:33)
[2026-08-12T21:23:39.890+0000] {subprocess.py:93} INFO - 	at scala.concurrent.impl.CallbackRunnable.run(Promise.scala:64)
[2026-08-12T21:23:39.892+0000] {subprocess.py:93} INFO - 	at scala.concurrent.BatchingExecutor$Batch.processBatch$1(BatchingExecutor.scala:67)
[2026-08-12T21:23:39.910+0000] {subprocess.py:93} INFO - 	at scala.concurrent.BatchingExecutor$Batch.$anonfun$run$1(BatchingExecutor.scala:82)
[2026-08-12T21:23:39.927+0000] {subprocess.py:93} INFO - 	at scala.runtime.java8.JFunction0$mcV$sp.apply(JFunction0$mcV$sp.java:23)
[2026-08-12T21:23:39.950+0000] {subprocess.py:93} INFO - 	at scala.concurrent.BlockContext$.withBlockContext(BlockContext.scala:85)
[2026-08-12T21:23:39.955+0000] {subprocess.py:93} INFO - 	at scala.concurrent.BatchingExecutor$Batch.run(BatchingExecutor.scala:59)
[2026-08-12T21:23:39.963+0000] {subprocess.py:93} INFO - 	at scala.concurrent.Future$InternalCallbackExecutor$.unbatchedExecute(Future.scala:875)
[2026-08-12T21:23:39.978+0000] {subprocess.py:93} INFO - 	at scala.concurrent.BatchingExecutor.execute(BatchingExecutor.scala:110)
[2026-08-12T21:23:39.990+0000] {subprocess.py:93} INFO - 	at scala.concurrent.BatchingExecutor.execute$(BatchingExecutor.scala:107)
[2026-08-12T21:23:40.006+0000] {subprocess.py:93} INFO - 	at scala.concurrent.Future$InternalCallbackExecutor$.execute(Future.scala:873)
[2026-08-12T21:23:40.030+0000] {subprocess.py:93} INFO - 	at scala.concurrent.impl.CallbackRunnable.executeWithValue(Promise.scala:72)
[2026-08-12T21:23:40.043+0000] {subprocess.py:93} INFO - 	at scala.concurrent.impl.Promise$DefaultPromise.$anonfun$tryComplete$1(Promise.scala:288)
[2026-08-12T21:23:40.058+0000] {subprocess.py:93} INFO - 	at scala.concurrent.impl.Promise$DefaultPromise.$anonfun$tryComplete$1$adapted(Promise.scala:288)
[2026-08-12T21:23:40.062+0000] {subprocess.py:93} INFO - 	at scala.concurrent.impl.Promise$DefaultPromise.tryComplete(Promise.scala:288)
[2026-08-12T21:23:40.102+0000] {subprocess.py:93} INFO - 	at scala.concurrent.Promise.trySuccess(Promise.scala:94)
[2026-08-12T21:23:40.112+0000] {subprocess.py:93} INFO - 	at scala.concurrent.Promise.trySuccess$(Promise.scala:94)
[2026-08-12T21:23:40.122+0000] {subprocess.py:93} INFO - 	at scala.concurrent.impl.Promise$DefaultPromise.trySuccess(Promise.scala:187)
[2026-08-12T21:23:40.130+0000] {subprocess.py:93} INFO - 	at org.apache.spark.rpc.netty.NettyRpcEnv.onSuccess$1(NettyRpcEnv.scala:225)
[2026-08-12T21:23:40.142+0000] {subprocess.py:93} INFO - 	at org.apache.spark.rpc.netty.NettyRpcEnv.$anonfun$askAbortable$5(NettyRpcEnv.scala:239)
[2026-08-12T21:23:40.161+0000] {subprocess.py:93} INFO - 	at org.apache.spark.rpc.netty.NettyRpcEnv.$anonfun$askAbortable$5$adapted(NettyRpcEnv.scala:238)
[2026-08-12T21:23:40.192+0000] {subprocess.py:93} INFO - 	at scala.concurrent.impl.CallbackRunnable.run(Promise.scala:64)
[2026-08-12T21:23:40.212+0000] {subprocess.py:93} INFO - 	at org.apache.spark.util.ThreadUtils$$anon$1.execute(ThreadUtils.scala:99)
[2026-08-12T21:23:40.234+0000] {subprocess.py:93} INFO - 	at scala.concurrent.impl.ExecutionContextImpl$$anon$4.execute(ExecutionContextImpl.scala:138)
[2026-08-12T21:23:40.246+0000] {subprocess.py:93} INFO - 	at scala.concurrent.impl.CallbackRunnable.executeWithValue(Promise.scala:72)
[2026-08-12T21:23:40.263+0000] {subprocess.py:93} INFO - 	at scala.concurrent.impl.Promise$DefaultPromise.$anonfun$tryComplete$1(Promise.scala:288)
[2026-08-12T21:23:40.280+0000] {subprocess.py:93} INFO - 	at scala.concurrent.impl.Promise$DefaultPromise.$anonfun$tryComplete$1$adapted(Promise.scala:288)
[2026-08-12T21:23:40.293+0000] {subprocess.py:93} INFO - 	at scala.concurrent.impl.Promise$DefaultPromise.tryComplete(Promise.scala:288)
[2026-08-12T21:23:40.318+0000] {subprocess.py:93} INFO - 	at scala.concurrent.Promise.complete(Promise.scala:53)
[2026-08-12T21:23:40.331+0000] {subprocess.py:93} INFO - 	at scala.concurrent.Promise.complete$(Promise.scala:52)
[2026-08-12T21:23:40.333+0000] {subprocess.py:93} INFO - 	at scala.concurrent.impl.Promise$DefaultPromise.complete(Promise.scala:187)
[2026-08-12T21:23:40.339+0000] {subprocess.py:93} INFO - 	at scala.concurrent.Promise.success(Promise.scala:86)
[2026-08-12T21:23:40.343+0000] {subprocess.py:93} INFO - 	at scala.concurrent.Promise.success$(Promise.scala:86)
[2026-08-12T21:23:40.356+0000] {subprocess.py:93} INFO - 	at scala.concurrent.impl.Promise$DefaultPromise.success(Promise.scala:187)
[2026-08-12T21:23:40.366+0000] {subprocess.py:93} INFO - 	at org.apache.spark.rpc.netty.LocalNettyRpcCallContext.send(NettyRpcCallContext.scala:50)
[2026-08-12T21:23:40.370+0000] {subprocess.py:93} INFO - 	at org.apache.spark.rpc.netty.NettyRpcCallContext.reply(NettyRpcCallContext.scala:32)
[2026-08-12T21:23:40.382+0000] {subprocess.py:93} INFO - 	at org.apache.spark.rpc.netty.RpcEndpointVerifier$$anonfun$receiveAndReply$1.applyOrElse(RpcEndpointVerifier.scala:31)
[2026-08-12T21:23:40.385+0000] {subprocess.py:93} INFO - 	... 8 more
[2026-08-12T21:23:40.398+0000] {subprocess.py:93} INFO - 26/08/12 21:22:16 ERROR Inbox: Ignoring error
[2026-08-12T21:23:40.406+0000] {subprocess.py:93} INFO - org.apache.spark.SparkException: Exception thrown in awaitResult:
[2026-08-12T21:23:40.417+0000] {subprocess.py:93} INFO - 	at org.apache.spark.util.SparkThreadUtils$.awaitResult(SparkThreadUtils.scala:56)
[2026-08-12T21:23:40.421+0000] {subprocess.py:93} INFO - 	at org.apache.spark.util.ThreadUtils$.awaitResult(ThreadUtils.scala:310)
[2026-08-12T21:23:40.430+0000] {subprocess.py:93} INFO - 	at org.apache.spark.rpc.RpcTimeout.awaitResult(RpcTimeout.scala:75)
[2026-08-12T21:23:40.442+0000] {subprocess.py:93} INFO - 	at org.apache.spark.rpc.RpcEnv.setupEndpointRefByURI(RpcEnv.scala:102)
[2026-08-12T21:23:40.454+0000] {subprocess.py:93} INFO - 	at org.apache.spark.rpc.RpcEnv.setupEndpointRef(RpcEnv.scala:110)
[2026-08-12T21:23:40.463+0000] {subprocess.py:93} INFO - 	at org.apache.spark.util.RpcUtils$.makeDriverRef(RpcUtils.scala:36)
[2026-08-12T21:23:40.474+0000] {subprocess.py:93} INFO - 	at org.apache.spark.storage.BlockManagerMasterEndpoint.driverEndpoint$lzycompute(BlockManagerMasterEndpoint.scala:124)
[2026-08-12T21:23:40.502+0000] {subprocess.py:93} INFO - 	at org.apache.spark.storage.BlockManagerMasterEndpoint.org$apache$spark$storage$BlockManagerMasterEndpoint$$driverEndpoint(BlockManagerMasterEndpoint.scala:123)
[2026-08-12T21:23:40.521+0000] {subprocess.py:93} INFO - 	at org.apache.spark.storage.BlockManagerMasterEndpoint.isExecutorAlive$lzycompute$1(BlockManagerMasterEndpoint.scala:688)
[2026-08-12T21:23:40.548+0000] {subprocess.py:93} INFO - 	at org.apache.spark.storage.BlockManagerMasterEndpoint.isExecutorAlive$1(BlockManagerMasterEndpoint.scala:687)
[2026-08-12T21:23:40.570+0000] {subprocess.py:93} INFO - 	at org.apache.spark.storage.BlockManagerMasterEndpoint.org$apache$spark$storage$BlockManagerMasterEndpoint$$register(BlockManagerMasterEndpoint.scala:725)
[2026-08-12T21:23:40.581+0000] {subprocess.py:93} INFO - 	at org.apache.spark.storage.BlockManagerMasterEndpoint$$anonfun$receiveAndReply$1.applyOrElse(BlockManagerMasterEndpoint.scala:133)
[2026-08-12T21:23:40.587+0000] {subprocess.py:93} INFO - 	at org.apache.spark.rpc.netty.Inbox.$anonfun$process$1(Inbox.scala:103)
[2026-08-12T21:23:40.606+0000] {subprocess.py:93} INFO - 	at org.apache.spark.rpc.netty.Inbox.safelyCall(Inbox.scala:213)
[2026-08-12T21:23:40.626+0000] {subprocess.py:93} INFO - 	at org.apache.spark.rpc.netty.Inbox.process(Inbox.scala:100)
[2026-08-12T21:23:40.657+0000] {subprocess.py:93} INFO - 	at org.apache.spark.rpc.netty.MessageLoop.org$apache$spark$rpc$netty$MessageLoop$$receiveLoop(MessageLoop.scala:75)
[2026-08-12T21:23:40.675+0000] {subprocess.py:93} INFO - 	at org.apache.spark.rpc.netty.MessageLoop$$anon$1.run(MessageLoop.scala:41)
[2026-08-12T21:23:40.687+0000] {subprocess.py:93} INFO - 	at java.base/java.util.concurrent.ThreadPoolExecutor.runWorker(ThreadPoolExecutor.java:1136)
[2026-08-12T21:23:40.717+0000] {subprocess.py:93} INFO - 	at java.base/java.util.concurrent.ThreadPoolExecutor$Worker.run(ThreadPoolExecutor.java:635)
[2026-08-12T21:23:40.734+0000] {subprocess.py:93} INFO - 	at java.base/java.lang.Thread.run(Thread.java:840)
[2026-08-12T21:23:40.818+0000] {subprocess.py:93} INFO - Caused by: org.apache.spark.rpc.RpcEndpointNotFoundException: Cannot find endpoint: spark://CoarseGrainedScheduler@4099a95615c9:45169
[2026-08-12T21:23:40.880+0000] {subprocess.py:93} INFO - 	at org.apache.spark.rpc.netty.NettyRpcEnv.$anonfun$asyncSetupEndpointRefByURI$1(NettyRpcEnv.scala:148)
[2026-08-12T21:23:40.922+0000] {subprocess.py:93} INFO - 	at org.apache.spark.rpc.netty.NettyRpcEnv.$anonfun$asyncSetupEndpointRefByURI$1$adapted(NettyRpcEnv.scala:144)
[2026-08-12T21:23:40.970+0000] {subprocess.py:93} INFO - 	at scala.concurrent.Future.$anonfun$flatMap$1(Future.scala:307)
[2026-08-12T21:23:40.990+0000] {subprocess.py:93} INFO - 	at scala.concurrent.impl.Promise.$anonfun$transformWith$1(Promise.scala:41)
[2026-08-12T21:23:41.038+0000] {subprocess.py:93} INFO - 	at scala.concurrent.impl.CallbackRunnable.run(Promise.scala:64)
[2026-08-12T21:23:41.042+0000] {subprocess.py:93} INFO - 	at org.apache.spark.util.ThreadUtils$$anon$1.execute(ThreadUtils.scala:99)
[2026-08-12T21:23:41.072+0000] {subprocess.py:93} INFO - 	at scala.concurrent.impl.ExecutionContextImpl$$anon$4.execute(ExecutionContextImpl.scala:138)
[2026-08-12T21:23:41.094+0000] {subprocess.py:93} INFO - 	at scala.concurrent.impl.CallbackRunnable.executeWithValue(Promise.scala:72)
[2026-08-12T21:23:41.130+0000] {subprocess.py:93} INFO - 	at scala.concurrent.impl.Promise$DefaultPromise.$anonfun$tryComplete$1(Promise.scala:288)
[2026-08-12T21:23:41.138+0000] {subprocess.py:93} INFO - 	at scala.concurrent.impl.Promise$DefaultPromise.$anonfun$tryComplete$1$adapted(Promise.scala:288)
[2026-08-12T21:23:41.155+0000] {subprocess.py:93} INFO - 	at scala.concurrent.impl.Promise$DefaultPromise.tryComplete(Promise.scala:288)
[2026-08-12T21:23:41.194+0000] {subprocess.py:93} INFO - 	at scala.concurrent.Promise.complete(Promise.scala:53)
[2026-08-12T21:23:41.223+0000] {subprocess.py:93} INFO - 	at scala.concurrent.Promise.complete$(Promise.scala:52)
[2026-08-12T21:23:41.242+0000] {subprocess.py:93} INFO - 	at scala.concurrent.impl.Promise$DefaultPromise.complete(Promise.scala:187)
[2026-08-12T21:23:41.257+0000] {subprocess.py:93} INFO - 	at scala.concurrent.impl.Promise.$anonfun$transform$1(Promise.scala:33)
[2026-08-12T21:23:41.264+0000] {subprocess.py:93} INFO - 	at scala.concurrent.impl.CallbackRunnable.run(Promise.scala:64)
[2026-08-12T21:23:41.340+0000] {subprocess.py:93} INFO - 	at org.apache.spark.util.ThreadUtils$$anon$1.execute(ThreadUtils.scala:99)
[2026-08-12T21:23:41.356+0000] {subprocess.py:93} INFO - 	at scala.concurrent.impl.ExecutionContextImpl$$anon$4.execute(ExecutionContextImpl.scala:138)
[2026-08-12T21:23:41.373+0000] {subprocess.py:93} INFO - 	at scala.concurrent.impl.CallbackRunnable.executeWithValue(Promise.scala:72)
[2026-08-12T21:23:41.382+0000] {subprocess.py:93} INFO - 	at scala.concurrent.impl.Promise$DefaultPromise.$anonfun$tryComplete$1(Promise.scala:288)
[2026-08-12T21:23:41.387+0000] {subprocess.py:93} INFO - 	at scala.concurrent.impl.Promise$DefaultPromise.$anonfun$tryComplete$1$adapted(Promise.scala:288)
[2026-08-12T21:23:41.434+0000] {subprocess.py:93} INFO - 	at scala.concurrent.impl.Promise$DefaultPromise.tryComplete(Promise.scala:288)
[2026-08-12T21:23:41.450+0000] {subprocess.py:93} INFO - 	at scala.concurrent.Promise.complete(Promise.scala:53)
[2026-08-12T21:23:41.459+0000] {subprocess.py:93} INFO - 	at scala.concurrent.Promise.complete$(Promise.scala:52)
[2026-08-12T21:23:41.489+0000] {subprocess.py:93} INFO - 	at scala.concurrent.impl.Promise$DefaultPromise.complete(Promise.scala:187)
[2026-08-12T21:23:41.500+0000] {subprocess.py:93} INFO - 	at scala.concurrent.impl.Promise.$anonfun$transform$1(Promise.scala:33)
[2026-08-12T21:23:41.529+0000] {subprocess.py:93} INFO - 	at scala.concurrent.impl.CallbackRunnable.run(Promise.scala:64)
[2026-08-12T21:23:41.538+0000] {subprocess.py:93} INFO - 	at scala.concurrent.BatchingExecutor$Batch.processBatch$1(BatchingExecutor.scala:67)
[2026-08-12T21:23:41.544+0000] {subprocess.py:93} INFO - 	at scala.concurrent.BatchingExecutor$Batch.$anonfun$run$1(BatchingExecutor.scala:82)
[2026-08-12T21:23:41.563+0000] {subprocess.py:93} INFO - 	at scala.runtime.java8.JFunction0$mcV$sp.apply(JFunction0$mcV$sp.java:23)
[2026-08-12T21:23:41.582+0000] {subprocess.py:93} INFO - 	at scala.concurrent.BlockContext$.withBlockContext(BlockContext.scala:85)
[2026-08-12T21:23:41.590+0000] {subprocess.py:93} INFO - 	at scala.concurrent.BatchingExecutor$Batch.run(BatchingExecutor.scala:59)
[2026-08-12T21:23:41.611+0000] {subprocess.py:93} INFO - 	at scala.concurrent.Future$InternalCallbackExecutor$.unbatchedExecute(Future.scala:875)
[2026-08-12T21:23:41.616+0000] {subprocess.py:93} INFO - 	at scala.concurrent.BatchingExecutor.execute(BatchingExecutor.scala:110)
[2026-08-12T21:23:41.636+0000] {subprocess.py:93} INFO - 	at scala.concurrent.BatchingExecutor.execute$(BatchingExecutor.scala:107)
[2026-08-12T21:23:41.654+0000] {subprocess.py:93} INFO - 	at scala.concurrent.Future$InternalCallbackExecutor$.execute(Future.scala:873)
[2026-08-12T21:23:41.670+0000] {subprocess.py:93} INFO - 	at scala.concurrent.impl.CallbackRunnable.executeWithValue(Promise.scala:72)
[2026-08-12T21:23:41.724+0000] {subprocess.py:93} INFO - 	at scala.concurrent.impl.Promise$DefaultPromise.$anonfun$tryComplete$1(Promise.scala:288)
[2026-08-12T21:23:41.747+0000] {subprocess.py:93} INFO - 	at scala.concurrent.impl.Promise$DefaultPromise.$anonfun$tryComplete$1$adapted(Promise.scala:288)
[2026-08-12T21:23:41.782+0000] {subprocess.py:93} INFO - 	at scala.concurrent.impl.Promise$DefaultPromise.tryComplete(Promise.scala:288)
[2026-08-12T21:23:41.792+0000] {subprocess.py:93} INFO - 	at scala.concurrent.Promise.trySuccess(Promise.scala:94)
[2026-08-12T21:23:41.854+0000] {subprocess.py:93} INFO - 	at scala.concurrent.Promise.trySuccess$(Promise.scala:94)
[2026-08-12T21:23:41.994+0000] {subprocess.py:93} INFO - 	at scala.concurrent.impl.Promise$DefaultPromise.trySuccess(Promise.scala:187)
[2026-08-12T21:23:42.064+0000] {subprocess.py:93} INFO - 	at org.apache.spark.rpc.netty.NettyRpcEnv.onSuccess$1(NettyRpcEnv.scala:225)
[2026-08-12T21:23:42.086+0000] {subprocess.py:93} INFO - 	at org.apache.spark.rpc.netty.NettyRpcEnv.$anonfun$askAbortable$5(NettyRpcEnv.scala:239)
[2026-08-12T21:23:42.102+0000] {subprocess.py:93} INFO - 	at org.apache.spark.rpc.netty.NettyRpcEnv.$anonfun$askAbortable$5$adapted(NettyRpcEnv.scala:238)
[2026-08-12T21:23:42.135+0000] {subprocess.py:93} INFO - 	at scala.concurrent.impl.CallbackRunnable.run(Promise.scala:64)
[2026-08-12T21:23:42.163+0000] {subprocess.py:93} INFO - 	at org.apache.spark.util.ThreadUtils$$anon$1.execute(ThreadUtils.scala:99)
[2026-08-12T21:23:42.254+0000] {subprocess.py:93} INFO - 	at scala.concurrent.impl.ExecutionContextImpl$$anon$4.execute(ExecutionContextImpl.scala:138)
[2026-08-12T21:23:42.306+0000] {subprocess.py:93} INFO - 	at scala.concurrent.impl.CallbackRunnable.executeWithValue(Promise.scala:72)
[2026-08-12T21:23:42.404+0000] {subprocess.py:93} INFO - 	at scala.concurrent.impl.Promise$DefaultPromise.$anonfun$tryComplete$1(Promise.scala:288)
[2026-08-12T21:23:42.550+0000] {subprocess.py:93} INFO - 	at scala.concurrent.impl.Promise$DefaultPromise.$anonfun$tryComplete$1$adapted(Promise.scala:288)
[2026-08-12T21:23:42.565+0000] {subprocess.py:93} INFO - 	at scala.concurrent.impl.Promise$DefaultPromise.tryComplete(Promise.scala:288)
[2026-08-12T21:23:42.600+0000] {subprocess.py:93} INFO - 	at scala.concurrent.Promise.complete(Promise.scala:53)
[2026-08-12T21:23:42.627+0000] {subprocess.py:93} INFO - 	at scala.concurrent.Promise.complete$(Promise.scala:52)
[2026-08-12T21:23:42.640+0000] {subprocess.py:93} INFO - 	at scala.concurrent.impl.Promise$DefaultPromise.complete(Promise.scala:187)
[2026-08-12T21:23:42.660+0000] {subprocess.py:93} INFO - 	at scala.concurrent.Promise.success(Promise.scala:86)
[2026-08-12T21:23:42.666+0000] {subprocess.py:93} INFO - 	at scala.concurrent.Promise.success$(Promise.scala:86)
[2026-08-12T21:23:42.695+0000] {subprocess.py:93} INFO - 	at scala.concurrent.impl.Promise$DefaultPromise.success(Promise.scala:187)
[2026-08-12T21:23:42.715+0000] {subprocess.py:93} INFO - 	at org.apache.spark.rpc.netty.LocalNettyRpcCallContext.send(NettyRpcCallContext.scala:50)
[2026-08-12T21:23:42.809+0000] {subprocess.py:93} INFO - 	at org.apache.spark.rpc.netty.NettyRpcCallContext.reply(NettyRpcCallContext.scala:32)
[2026-08-12T21:23:42.827+0000] {subprocess.py:93} INFO - 	at org.apache.spark.rpc.netty.RpcEndpointVerifier$$anonfun$receiveAndReply$1.applyOrElse(RpcEndpointVerifier.scala:31)
[2026-08-12T21:23:42.835+0000] {subprocess.py:93} INFO - 	... 8 more
[2026-08-12T21:23:42.847+0000] {subprocess.py:93} INFO - 26/08/12 21:22:23 ERROR Inbox: Ignoring error
[2026-08-12T21:23:42.893+0000] {subprocess.py:93} INFO - org.apache.spark.SparkException: Exception thrown in awaitResult:
[2026-08-12T21:23:42.931+0000] {subprocess.py:93} INFO - 	at org.apache.spark.util.SparkThreadUtils$.awaitResult(SparkThreadUtils.scala:56)
[2026-08-12T21:23:42.950+0000] {subprocess.py:93} INFO - 	at org.apache.spark.util.ThreadUtils$.awaitResult(ThreadUtils.scala:310)
[2026-08-12T21:23:42.959+0000] {subprocess.py:93} INFO - 	at org.apache.spark.rpc.RpcTimeout.awaitResult(RpcTimeout.scala:75)
[2026-08-12T21:23:43.027+0000] {subprocess.py:93} INFO - 	at org.apache.spark.rpc.RpcEnv.setupEndpointRefByURI(RpcEnv.scala:102)
[2026-08-12T21:23:43.059+0000] {subprocess.py:93} INFO - 	at org.apache.spark.rpc.RpcEnv.setupEndpointRef(RpcEnv.scala:110)
[2026-08-12T21:23:43.065+0000] {subprocess.py:93} INFO - 	at org.apache.spark.util.RpcUtils$.makeDriverRef(RpcUtils.scala:36)
[2026-08-12T21:23:43.087+0000] {subprocess.py:93} INFO - 	at org.apache.spark.storage.BlockManagerMasterEndpoint.driverEndpoint$lzycompute(BlockManagerMasterEndpoint.scala:124)
[2026-08-12T21:23:43.095+0000] {subprocess.py:93} INFO - 	at org.apache.spark.storage.BlockManagerMasterEndpoint.org$apache$spark$storage$BlockManagerMasterEndpoint$$driverEndpoint(BlockManagerMasterEndpoint.scala:123)
[2026-08-12T21:23:43.108+0000] {subprocess.py:93} INFO - 	at org.apache.spark.storage.BlockManagerMasterEndpoint.isExecutorAlive$lzycompute$1(BlockManagerMasterEndpoint.scala:688)
[2026-08-12T21:23:43.119+0000] {subprocess.py:93} INFO - 	at org.apache.spark.storage.BlockManagerMasterEndpoint.isExecutorAlive$1(BlockManagerMasterEndpoint.scala:687)
[2026-08-12T21:23:43.138+0000] {subprocess.py:93} INFO - 	at org.apache.spark.storage.BlockManagerMasterEndpoint.org$apache$spark$storage$BlockManagerMasterEndpoint$$register(BlockManagerMasterEndpoint.scala:725)
[2026-08-12T21:23:43.144+0000] {subprocess.py:93} INFO - 	at org.apache.spark.storage.BlockManagerMasterEndpoint$$anonfun$receiveAndReply$1.applyOrElse(BlockManagerMasterEndpoint.scala:133)
[2026-08-12T21:23:43.151+0000] {subprocess.py:93} INFO - 	at org.apache.spark.rpc.netty.Inbox.$anonfun$process$1(Inbox.scala:103)
[2026-08-12T21:23:43.179+0000] {subprocess.py:93} INFO - 	at org.apache.spark.rpc.netty.Inbox.safelyCall(Inbox.scala:213)
[2026-08-12T21:23:43.185+0000] {subprocess.py:93} INFO - 	at org.apache.spark.rpc.netty.Inbox.process(Inbox.scala:100)
[2026-08-12T21:23:43.264+0000] {subprocess.py:93} INFO - 	at org.apache.spark.rpc.netty.MessageLoop.org$apache$spark$rpc$netty$MessageLoop$$receiveLoop(MessageLoop.scala:75)
[2026-08-12T21:23:43.286+0000] {subprocess.py:93} INFO - 	at org.apache.spark.rpc.netty.MessageLoop$$anon$1.run(MessageLoop.scala:41)
[2026-08-12T21:23:43.330+0000] {subprocess.py:93} INFO - 	at java.base/java.util.concurrent.ThreadPoolExecutor.runWorker(ThreadPoolExecutor.java:1136)
[2026-08-12T21:23:43.348+0000] {subprocess.py:93} INFO - 	at java.base/java.util.concurrent.ThreadPoolExecutor$Worker.run(ThreadPoolExecutor.java:635)
[2026-08-12T21:23:43.365+0000] {subprocess.py:93} INFO - 	at java.base/java.lang.Thread.run(Thread.java:840)
[2026-08-12T21:23:43.380+0000] {subprocess.py:93} INFO - Caused by: org.apache.spark.rpc.RpcEndpointNotFoundException: Cannot find endpoint: spark://CoarseGrainedScheduler@4099a95615c9:45169
[2026-08-12T21:23:43.393+0000] {subprocess.py:93} INFO - 	at org.apache.spark.rpc.netty.NettyRpcEnv.$anonfun$asyncSetupEndpointRefByURI$1(NettyRpcEnv.scala:148)
[2026-08-12T21:23:43.411+0000] {subprocess.py:93} INFO - 	at org.apache.spark.rpc.netty.NettyRpcEnv.$anonfun$asyncSetupEndpointRefByURI$1$adapted(NettyRpcEnv.scala:144)
[2026-08-12T21:23:43.413+0000] {subprocess.py:93} INFO - 	at scala.concurrent.Future.$anonfun$flatMap$1(Future.scala:307)
[2026-08-12T21:23:43.426+0000] {subprocess.py:93} INFO - 	at scala.concurrent.impl.Promise.$anonfun$transformWith$1(Promise.scala:41)
[2026-08-12T21:23:43.429+0000] {subprocess.py:93} INFO - 	at scala.concurrent.impl.CallbackRunnable.run(Promise.scala:64)
[2026-08-12T21:23:43.433+0000] {subprocess.py:93} INFO - 	at org.apache.spark.util.ThreadUtils$$anon$1.execute(ThreadUtils.scala:99)
[2026-08-12T21:23:43.443+0000] {subprocess.py:93} INFO - 	at scala.concurrent.impl.ExecutionContextImpl$$anon$4.execute(ExecutionContextImpl.scala:138)
[2026-08-12T21:23:43.461+0000] {subprocess.py:93} INFO - 	at scala.concurrent.impl.CallbackRunnable.executeWithValue(Promise.scala:72)
[2026-08-12T21:23:43.465+0000] {subprocess.py:93} INFO - 	at scala.concurrent.impl.Promise$DefaultPromise.$anonfun$tryComplete$1(Promise.scala:288)
[2026-08-12T21:23:43.481+0000] {subprocess.py:93} INFO - 	at scala.concurrent.impl.Promise$DefaultPromise.$anonfun$tryComplete$1$adapted(Promise.scala:288)
[2026-08-12T21:23:43.485+0000] {subprocess.py:93} INFO - 	at scala.concurrent.impl.Promise$DefaultPromise.tryComplete(Promise.scala:288)
[2026-08-12T21:23:43.489+0000] {subprocess.py:93} INFO - 	at scala.concurrent.Promise.complete(Promise.scala:53)
[2026-08-12T21:23:43.498+0000] {subprocess.py:93} INFO - 	at scala.concurrent.Promise.complete$(Promise.scala:52)
[2026-08-12T21:23:43.510+0000] {subprocess.py:93} INFO - 	at scala.concurrent.impl.Promise$DefaultPromise.complete(Promise.scala:187)
[2026-08-12T21:23:43.521+0000] {subprocess.py:93} INFO - 	at scala.concurrent.impl.Promise.$anonfun$transform$1(Promise.scala:33)
[2026-08-12T21:23:43.523+0000] {subprocess.py:93} INFO - 	at scala.concurrent.impl.CallbackRunnable.run(Promise.scala:64)
[2026-08-12T21:23:43.531+0000] {subprocess.py:93} INFO - 	at org.apache.spark.util.ThreadUtils$$anon$1.execute(ThreadUtils.scala:99)
[2026-08-12T21:23:43.550+0000] {subprocess.py:93} INFO - 	at scala.concurrent.impl.ExecutionContextImpl$$anon$4.execute(ExecutionContextImpl.scala:138)
[2026-08-12T21:23:43.566+0000] {subprocess.py:93} INFO - 	at scala.concurrent.impl.CallbackRunnable.executeWithValue(Promise.scala:72)
[2026-08-12T21:23:43.621+0000] {subprocess.py:93} INFO - 	at scala.concurrent.impl.Promise$DefaultPromise.$anonfun$tryComplete$1(Promise.scala:288)
[2026-08-12T21:23:43.630+0000] {subprocess.py:93} INFO - 	at scala.concurrent.impl.Promise$DefaultPromise.$anonfun$tryComplete$1$adapted(Promise.scala:288)
[2026-08-12T21:23:43.647+0000] {subprocess.py:93} INFO - 	at scala.concurrent.impl.Promise$DefaultPromise.tryComplete(Promise.scala:288)
[2026-08-12T21:23:43.666+0000] {subprocess.py:93} INFO - 	at scala.concurrent.Promise.complete(Promise.scala:53)
[2026-08-12T21:23:43.674+0000] {subprocess.py:93} INFO - 	at scala.concurrent.Promise.complete$(Promise.scala:52)
[2026-08-12T21:23:43.681+0000] {subprocess.py:93} INFO - 	at scala.concurrent.impl.Promise$DefaultPromise.complete(Promise.scala:187)
[2026-08-12T21:23:43.684+0000] {subprocess.py:93} INFO - 	at scala.concurrent.impl.Promise.$anonfun$transform$1(Promise.scala:33)
[2026-08-12T21:23:43.722+0000] {subprocess.py:93} INFO - 	at scala.concurrent.impl.CallbackRunnable.run(Promise.scala:64)
[2026-08-12T21:23:43.740+0000] {subprocess.py:93} INFO - 	at scala.concurrent.BatchingExecutor$Batch.processBatch$1(BatchingExecutor.scala:67)
[2026-08-12T21:23:43.742+0000] {subprocess.py:93} INFO - 	at scala.concurrent.BatchingExecutor$Batch.$anonfun$run$1(BatchingExecutor.scala:82)
[2026-08-12T21:23:43.792+0000] {subprocess.py:93} INFO - 	at scala.runtime.java8.JFunction0$mcV$sp.apply(JFunction0$mcV$sp.java:23)
[2026-08-12T21:23:43.807+0000] {subprocess.py:93} INFO - 	at scala.concurrent.BlockContext$.withBlockContext(BlockContext.scala:85)
[2026-08-12T21:23:43.845+0000] {subprocess.py:93} INFO - 	at scala.concurrent.BatchingExecutor$Batch.run(BatchingExecutor.scala:59)
[2026-08-12T21:23:43.854+0000] {subprocess.py:93} INFO - 	at scala.concurrent.Future$InternalCallbackExecutor$.unbatchedExecute(Future.scala:875)
[2026-08-12T21:23:43.866+0000] {subprocess.py:93} INFO - 	at scala.concurrent.BatchingExecutor.execute(BatchingExecutor.scala:110)
[2026-08-12T21:23:43.890+0000] {subprocess.py:93} INFO - 	at scala.concurrent.BatchingExecutor.execute$(BatchingExecutor.scala:107)
[2026-08-12T21:23:43.910+0000] {subprocess.py:93} INFO - 	at scala.concurrent.Future$InternalCallbackExecutor$.execute(Future.scala:873)
[2026-08-12T21:23:43.981+0000] {subprocess.py:93} INFO - 	at scala.concurrent.impl.CallbackRunnable.executeWithValue(Promise.scala:72)
[2026-08-12T21:23:43.998+0000] {subprocess.py:93} INFO - 	at scala.concurrent.impl.Promise$DefaultPromise.$anonfun$tryComplete$1(Promise.scala:288)
[2026-08-12T21:23:44.068+0000] {subprocess.py:93} INFO - 	at scala.concurrent.impl.Promise$DefaultPromise.$anonfun$tryComplete$1$adapted(Promise.scala:288)
[2026-08-12T21:23:44.085+0000] {subprocess.py:93} INFO - 	at scala.concurrent.impl.Promise$DefaultPromise.tryComplete(Promise.scala:288)
[2026-08-12T21:23:44.100+0000] {subprocess.py:93} INFO - 	at scala.concurrent.Promise.trySuccess(Promise.scala:94)
[2026-08-12T21:23:44.134+0000] {subprocess.py:93} INFO - 	at scala.concurrent.Promise.trySuccess$(Promise.scala:94)
[2026-08-12T21:23:44.168+0000] {subprocess.py:93} INFO - 	at scala.concurrent.impl.Promise$DefaultPromise.trySuccess(Promise.scala:187)
[2026-08-12T21:23:44.174+0000] {subprocess.py:93} INFO - 	at org.apache.spark.rpc.netty.NettyRpcEnv.onSuccess$1(NettyRpcEnv.scala:225)
[2026-08-12T21:23:44.203+0000] {subprocess.py:93} INFO - 	at org.apache.spark.rpc.netty.NettyRpcEnv.$anonfun$askAbortable$5(NettyRpcEnv.scala:239)
[2026-08-12T21:23:44.288+0000] {subprocess.py:93} INFO - 	at org.apache.spark.rpc.netty.NettyRpcEnv.$anonfun$askAbortable$5$adapted(NettyRpcEnv.scala:238)
[2026-08-12T21:23:44.337+0000] {subprocess.py:93} INFO - 	at scala.concurrent.impl.CallbackRunnable.run(Promise.scala:64)
[2026-08-12T21:23:44.367+0000] {subprocess.py:93} INFO - 	at org.apache.spark.util.ThreadUtils$$anon$1.execute(ThreadUtils.scala:99)
[2026-08-12T21:23:44.386+0000] {subprocess.py:93} INFO - 	at scala.concurrent.impl.ExecutionContextImpl$$anon$4.execute(ExecutionContextImpl.scala:138)
[2026-08-12T21:23:44.514+0000] {subprocess.py:93} INFO - 	at scala.concurrent.impl.CallbackRunnable.executeWithValue(Promise.scala:72)
[2026-08-12T21:23:44.535+0000] {subprocess.py:93} INFO - 	at scala.concurrent.impl.Promise$DefaultPromise.$anonfun$tryComplete$1(Promise.scala:288)
[2026-08-12T21:23:44.550+0000] {subprocess.py:93} INFO - 	at scala.concurrent.impl.Promise$DefaultPromise.$anonfun$tryComplete$1$adapted(Promise.scala:288)
[2026-08-12T21:23:44.568+0000] {subprocess.py:93} INFO - 	at scala.concurrent.impl.Promise$DefaultPromise.tryComplete(Promise.scala:288)
[2026-08-12T21:23:44.587+0000] {subprocess.py:93} INFO - 	at scala.concurrent.Promise.complete(Promise.scala:53)
[2026-08-12T21:23:44.594+0000] {subprocess.py:93} INFO - 	at scala.concurrent.Promise.complete$(Promise.scala:52)
[2026-08-12T21:23:44.627+0000] {subprocess.py:93} INFO - 	at scala.concurrent.impl.Promise$DefaultPromise.complete(Promise.scala:187)
[2026-08-12T21:23:44.638+0000] {subprocess.py:93} INFO - 	at scala.concurrent.Promise.success(Promise.scala:86)
[2026-08-12T21:23:44.642+0000] {subprocess.py:93} INFO - 	at scala.concurrent.Promise.success$(Promise.scala:86)
[2026-08-12T21:23:44.650+0000] {subprocess.py:93} INFO - 	at scala.concurrent.impl.Promise$DefaultPromise.success(Promise.scala:187)
[2026-08-12T21:23:44.656+0000] {subprocess.py:93} INFO - 	at org.apache.spark.rpc.netty.LocalNettyRpcCallContext.send(NettyRpcCallContext.scala:50)
[2026-08-12T21:23:44.666+0000] {subprocess.py:93} INFO - 	at org.apache.spark.rpc.netty.NettyRpcCallContext.reply(NettyRpcCallContext.scala:32)
[2026-08-12T21:23:44.671+0000] {subprocess.py:93} INFO - 	at org.apache.spark.rpc.netty.RpcEndpointVerifier$$anonfun$receiveAndReply$1.applyOrElse(RpcEndpointVerifier.scala:31)
[2026-08-12T21:23:44.683+0000] {subprocess.py:93} INFO - 	... 8 more
[2026-08-12T21:23:44.686+0000] {subprocess.py:93} INFO - 26/08/12 21:22:23 WARN Executor: Issue communicating with driver in heartbeater
[2026-08-12T21:23:44.689+0000] {subprocess.py:93} INFO - org.apache.spark.SparkException: Exception thrown in awaitResult:
[2026-08-12T21:23:44.701+0000] {subprocess.py:93} INFO - 	at org.apache.spark.util.SparkThreadUtils$.awaitResult(SparkThreadUtils.scala:56)
[2026-08-12T21:23:44.707+0000] {subprocess.py:93} INFO - 	at org.apache.spark.util.ThreadUtils$.awaitResult(ThreadUtils.scala:310)
[2026-08-12T21:23:44.717+0000] {subprocess.py:93} INFO - 	at org.apache.spark.rpc.RpcTimeout.awaitResult(RpcTimeout.scala:75)
[2026-08-12T21:23:44.720+0000] {subprocess.py:93} INFO - 	at org.apache.spark.rpc.RpcEndpointRef.askSync(RpcEndpointRef.scala:101)
[2026-08-12T21:23:44.728+0000] {subprocess.py:93} INFO - 	at org.apache.spark.rpc.RpcEndpointRef.askSync(RpcEndpointRef.scala:85)
[2026-08-12T21:23:44.742+0000] {subprocess.py:93} INFO - 	at org.apache.spark.storage.BlockManagerMaster.registerBlockManager(BlockManagerMaster.scala:80)
[2026-08-12T21:23:44.746+0000] {subprocess.py:93} INFO - 	at org.apache.spark.storage.BlockManager.reregister(BlockManager.scala:642)
[2026-08-12T21:23:44.749+0000] {subprocess.py:93} INFO - 	at org.apache.spark.executor.Executor.reportHeartBeat(Executor.scala:1223)
[2026-08-12T21:23:44.759+0000] {subprocess.py:93} INFO - 	at org.apache.spark.executor.Executor.$anonfun$heartbeater$1(Executor.scala:295)
[2026-08-12T21:23:44.794+0000] {subprocess.py:93} INFO - 	at scala.runtime.java8.JFunction0$mcV$sp.apply(JFunction0$mcV$sp.java:23)
[2026-08-12T21:23:44.830+0000] {subprocess.py:93} INFO - 	at org.apache.spark.util.Utils$.logUncaughtExceptions(Utils.scala:1928)
[2026-08-12T21:23:44.838+0000] {subprocess.py:93} INFO - 	at org.apache.spark.Heartbeater$$anon$1.run(Heartbeater.scala:46)
[2026-08-12T21:23:44.865+0000] {subprocess.py:93} INFO - 	at java.base/java.util.concurrent.Executors$RunnableAdapter.call(Executors.java:539)
[2026-08-12T21:23:44.884+0000] {subprocess.py:93} INFO - 	at java.base/java.util.concurrent.FutureTask.runAndReset(FutureTask.java:305)
[2026-08-12T21:23:44.902+0000] {subprocess.py:93} INFO - 	at java.base/java.util.concurrent.ScheduledThreadPoolExecutor$ScheduledFutureTask.run(ScheduledThreadPoolExecutor.java:305)
[2026-08-12T21:23:44.907+0000] {subprocess.py:93} INFO - 	at java.base/java.util.concurrent.ThreadPoolExecutor.runWorker(ThreadPoolExecutor.java:1136)
[2026-08-12T21:23:44.928+0000] {subprocess.py:93} INFO - 	at java.base/java.util.concurrent.ThreadPoolExecutor$Worker.run(ThreadPoolExecutor.java:635)
[2026-08-12T21:23:44.938+0000] {subprocess.py:93} INFO - 	at java.base/java.lang.Thread.run(Thread.java:840)
[2026-08-12T21:23:44.944+0000] {subprocess.py:93} INFO - Caused by: org.apache.spark.SparkException: Exception thrown in awaitResult:
[2026-08-12T21:23:44.947+0000] {subprocess.py:93} INFO - 	at org.apache.spark.util.SparkThreadUtils$.awaitResult(SparkThreadUtils.scala:56)
[2026-08-12T21:23:44.949+0000] {subprocess.py:93} INFO - 	at org.apache.spark.util.ThreadUtils$.awaitResult(ThreadUtils.scala:310)
[2026-08-12T21:23:44.962+0000] {subprocess.py:93} INFO - 	at org.apache.spark.rpc.RpcTimeout.awaitResult(RpcTimeout.scala:75)
[2026-08-12T21:23:44.974+0000] {subprocess.py:93} INFO - 	at org.apache.spark.rpc.RpcEnv.setupEndpointRefByURI(RpcEnv.scala:102)
[2026-08-12T21:23:44.980+0000] {subprocess.py:93} INFO - 	at org.apache.spark.rpc.RpcEnv.setupEndpointRef(RpcEnv.scala:110)
[2026-08-12T21:23:44.993+0000] {subprocess.py:93} INFO - 	at org.apache.spark.util.RpcUtils$.makeDriverRef(RpcUtils.scala:36)
[2026-08-12T21:23:44.997+0000] {subprocess.py:93} INFO - 	at org.apache.spark.storage.BlockManagerMasterEndpoint.driverEndpoint$lzycompute(BlockManagerMasterEndpoint.scala:124)
[2026-08-12T21:23:45.012+0000] {subprocess.py:93} INFO - 	at org.apache.spark.storage.BlockManagerMasterEndpoint.org$apache$spark$storage$BlockManagerMasterEndpoint$$driverEndpoint(BlockManagerMasterEndpoint.scala:123)
[2026-08-12T21:23:45.066+0000] {subprocess.py:93} INFO - 	at org.apache.spark.storage.BlockManagerMasterEndpoint.isExecutorAlive$lzycompute$1(BlockManagerMasterEndpoint.scala:688)
[2026-08-12T21:23:45.079+0000] {subprocess.py:93} INFO - 	at org.apache.spark.storage.BlockManagerMasterEndpoint.isExecutorAlive$1(BlockManagerMasterEndpoint.scala:687)
[2026-08-12T21:23:45.100+0000] {subprocess.py:93} INFO - 	at org.apache.spark.storage.BlockManagerMasterEndpoint.org$apache$spark$storage$BlockManagerMasterEndpoint$$register(BlockManagerMasterEndpoint.scala:725)
[2026-08-12T21:23:45.145+0000] {subprocess.py:93} INFO - 	at org.apache.spark.storage.BlockManagerMasterEndpoint$$anonfun$receiveAndReply$1.applyOrElse(BlockManagerMasterEndpoint.scala:133)
[2026-08-12T21:23:45.172+0000] {subprocess.py:93} INFO - 	at org.apache.spark.rpc.netty.Inbox.$anonfun$process$1(Inbox.scala:103)
[2026-08-12T21:23:45.178+0000] {subprocess.py:93} INFO - 	at org.apache.spark.rpc.netty.Inbox.safelyCall(Inbox.scala:213)
[2026-08-12T21:23:45.190+0000] {subprocess.py:93} INFO - 	at org.apache.spark.rpc.netty.Inbox.process(Inbox.scala:100)
[2026-08-12T21:23:45.206+0000] {subprocess.py:93} INFO - 	at org.apache.spark.rpc.netty.MessageLoop.org$apache$spark$rpc$netty$MessageLoop$$receiveLoop(MessageLoop.scala:75)
[2026-08-12T21:23:45.214+0000] {subprocess.py:93} INFO - 	at org.apache.spark.rpc.netty.MessageLoop$$anon$1.run(MessageLoop.scala:41)
[2026-08-12T21:23:45.231+0000] {subprocess.py:93} INFO - 	... 3 more
[2026-08-12T21:23:45.247+0000] {subprocess.py:93} INFO - Caused by: org.apache.spark.rpc.RpcEndpointNotFoundException: Cannot find endpoint: spark://CoarseGrainedScheduler@4099a95615c9:45169
[2026-08-12T21:23:45.254+0000] {subprocess.py:93} INFO - 	at org.apache.spark.rpc.netty.NettyRpcEnv.$anonfun$asyncSetupEndpointRefByURI$1(NettyRpcEnv.scala:148)
[2026-08-12T21:23:45.258+0000] {subprocess.py:93} INFO - 	at org.apache.spark.rpc.netty.NettyRpcEnv.$anonfun$asyncSetupEndpointRefByURI$1$adapted(NettyRpcEnv.scala:144)
[2026-08-12T21:23:45.274+0000] {subprocess.py:93} INFO - 	at scala.concurrent.Future.$anonfun$flatMap$1(Future.scala:307)
[2026-08-12T21:23:45.308+0000] {subprocess.py:93} INFO - 	at scala.concurrent.impl.Promise.$anonfun$transformWith$1(Promise.scala:41)
[2026-08-12T21:23:45.328+0000] {subprocess.py:93} INFO - 	at scala.concurrent.impl.CallbackRunnable.run(Promise.scala:64)
[2026-08-12T21:23:45.348+0000] {subprocess.py:93} INFO - 	at org.apache.spark.util.ThreadUtils$$anon$1.execute(ThreadUtils.scala:99)
[2026-08-12T21:23:45.357+0000] {subprocess.py:93} INFO - 	at scala.concurrent.impl.ExecutionContextImpl$$anon$4.execute(ExecutionContextImpl.scala:138)
[2026-08-12T21:23:45.420+0000] {subprocess.py:93} INFO - 	at scala.concurrent.impl.CallbackRunnable.executeWithValue(Promise.scala:72)
[2026-08-12T21:23:45.473+0000] {subprocess.py:93} INFO - 	at scala.concurrent.impl.Promise$DefaultPromise.$anonfun$tryComplete$1(Promise.scala:288)
[2026-08-12T21:23:45.510+0000] {subprocess.py:93} INFO - 	at scala.concurrent.impl.Promise$DefaultPromise.$anonfun$tryComplete$1$adapted(Promise.scala:288)
[2026-08-12T21:23:45.531+0000] {subprocess.py:93} INFO - 	at scala.concurrent.impl.Promise$DefaultPromise.tryComplete(Promise.scala:288)
[2026-08-12T21:23:45.575+0000] {subprocess.py:93} INFO - 	at scala.concurrent.Promise.complete(Promise.scala:53)
[2026-08-12T21:23:45.602+0000] {subprocess.py:93} INFO - 	at scala.concurrent.Promise.complete$(Promise.scala:52)
[2026-08-12T21:23:45.636+0000] {subprocess.py:93} INFO - 	at scala.concurrent.impl.Promise$DefaultPromise.complete(Promise.scala:187)
[2026-08-12T21:23:45.656+0000] {subprocess.py:93} INFO - 	at scala.concurrent.impl.Promise.$anonfun$transform$1(Promise.scala:33)
[2026-08-12T21:23:45.709+0000] {subprocess.py:93} INFO - 	at scala.concurrent.impl.CallbackRunnable.run(Promise.scala:64)
[2026-08-12T21:23:45.724+0000] {subprocess.py:93} INFO - 	at org.apache.spark.util.ThreadUtils$$anon$1.execute(ThreadUtils.scala:99)
[2026-08-12T21:23:45.766+0000] {subprocess.py:93} INFO - 	at scala.concurrent.impl.ExecutionContextImpl$$anon$4.execute(ExecutionContextImpl.scala:138)
[2026-08-12T21:23:45.798+0000] {subprocess.py:93} INFO - 	at scala.concurrent.impl.CallbackRunnable.executeWithValue(Promise.scala:72)
[2026-08-12T21:23:45.814+0000] {subprocess.py:93} INFO - 	at scala.concurrent.impl.Promise$DefaultPromise.$anonfun$tryComplete$1(Promise.scala:288)
[2026-08-12T21:23:45.822+0000] {subprocess.py:93} INFO - 	at scala.concurrent.impl.Promise$DefaultPromise.$anonfun$tryComplete$1$adapted(Promise.scala:288)
[2026-08-12T21:23:45.841+0000] {subprocess.py:93} INFO - 	at scala.concurrent.impl.Promise$DefaultPromise.tryComplete(Promise.scala:288)
[2026-08-12T21:23:45.870+0000] {subprocess.py:93} INFO - 	at scala.concurrent.Promise.complete(Promise.scala:53)
[2026-08-12T21:23:45.935+0000] {subprocess.py:93} INFO - 	at scala.concurrent.Promise.complete$(Promise.scala:52)
[2026-08-12T21:23:45.966+0000] {subprocess.py:93} INFO - 	at scala.concurrent.impl.Promise$DefaultPromise.complete(Promise.scala:187)
[2026-08-12T21:23:45.981+0000] {subprocess.py:93} INFO - 	at scala.concurrent.impl.Promise.$anonfun$transform$1(Promise.scala:33)
[2026-08-12T21:23:46.005+0000] {subprocess.py:93} INFO - 	at scala.concurrent.impl.CallbackRunnable.run(Promise.scala:64)
[2026-08-12T21:23:46.026+0000] {subprocess.py:93} INFO - 	at scala.concurrent.BatchingExecutor$Batch.processBatch$1(BatchingExecutor.scala:67)
[2026-08-12T21:23:46.048+0000] {subprocess.py:93} INFO - 	at scala.concurrent.BatchingExecutor$Batch.$anonfun$run$1(BatchingExecutor.scala:82)
[2026-08-12T21:23:46.078+0000] {subprocess.py:93} INFO - 	at scala.runtime.java8.JFunction0$mcV$sp.apply(JFunction0$mcV$sp.java:23)
[2026-08-12T21:23:46.102+0000] {subprocess.py:93} INFO - 	at scala.concurrent.BlockContext$.withBlockContext(BlockContext.scala:85)
[2026-08-12T21:23:46.145+0000] {subprocess.py:93} INFO - 	at scala.concurrent.BatchingExecutor$Batch.run(BatchingExecutor.scala:59)
[2026-08-12T21:23:46.158+0000] {subprocess.py:93} INFO - 	at scala.concurrent.Future$InternalCallbackExecutor$.unbatchedExecute(Future.scala:875)
[2026-08-12T21:23:46.180+0000] {subprocess.py:93} INFO - 	at scala.concurrent.BatchingExecutor.execute(BatchingExecutor.scala:110)
[2026-08-12T21:23:46.268+0000] {subprocess.py:93} INFO - 	at scala.concurrent.BatchingExecutor.execute$(BatchingExecutor.scala:107)
[2026-08-12T21:23:46.292+0000] {subprocess.py:93} INFO - 	at scala.concurrent.Future$InternalCallbackExecutor$.execute(Future.scala:873)
[2026-08-12T21:23:46.308+0000] {subprocess.py:93} INFO - 	at scala.concurrent.impl.CallbackRunnable.executeWithValue(Promise.scala:72)
[2026-08-12T21:23:46.323+0000] {subprocess.py:93} INFO - 	at scala.concurrent.impl.Promise$DefaultPromise.$anonfun$tryComplete$1(Promise.scala:288)
[2026-08-12T21:23:46.339+0000] {subprocess.py:93} INFO - 	at scala.concurrent.impl.Promise$DefaultPromise.$anonfun$tryComplete$1$adapted(Promise.scala:288)
[2026-08-12T21:23:46.353+0000] {subprocess.py:93} INFO - 	at scala.concurrent.impl.Promise$DefaultPromise.tryComplete(Promise.scala:288)
[2026-08-12T21:23:46.493+0000] {subprocess.py:93} INFO - 	at scala.concurrent.Promise.trySuccess(Promise.scala:94)
[2026-08-12T21:23:46.545+0000] {subprocess.py:93} INFO - 	at scala.concurrent.Promise.trySuccess$(Promise.scala:94)
[2026-08-12T21:23:46.630+0000] {subprocess.py:93} INFO - 	at scala.concurrent.impl.Promise$DefaultPromise.trySuccess(Promise.scala:187)
[2026-08-12T21:23:46.651+0000] {subprocess.py:93} INFO - 	at org.apache.spark.rpc.netty.NettyRpcEnv.onSuccess$1(NettyRpcEnv.scala:225)
[2026-08-12T21:23:46.680+0000] {subprocess.py:93} INFO - 	at org.apache.spark.rpc.netty.NettyRpcEnv.$anonfun$askAbortable$5(NettyRpcEnv.scala:239)
[2026-08-12T21:23:46.755+0000] {subprocess.py:93} INFO - 	at org.apache.spark.rpc.netty.NettyRpcEnv.$anonfun$askAbortable$5$adapted(NettyRpcEnv.scala:238)
[2026-08-12T21:23:46.791+0000] {subprocess.py:93} INFO - 	at scala.concurrent.impl.CallbackRunnable.run(Promise.scala:64)
[2026-08-12T21:23:46.902+0000] {subprocess.py:93} INFO - 	at org.apache.spark.util.ThreadUtils$$anon$1.execute(ThreadUtils.scala:99)
[2026-08-12T21:23:46.948+0000] {subprocess.py:93} INFO - 	at scala.concurrent.impl.ExecutionContextImpl$$anon$4.execute(ExecutionContextImpl.scala:138)
[2026-08-12T21:23:46.986+0000] {subprocess.py:93} INFO - 	at scala.concurrent.impl.CallbackRunnable.executeWithValue(Promise.scala:72)
[2026-08-12T21:23:46.996+0000] {subprocess.py:93} INFO - 	at scala.concurrent.impl.Promise$DefaultPromise.$anonfun$tryComplete$1(Promise.scala:288)
[2026-08-12T21:23:47.023+0000] {subprocess.py:93} INFO - 	at scala.concurrent.impl.Promise$DefaultPromise.$anonfun$tryComplete$1$adapted(Promise.scala:288)
[2026-08-12T21:23:47.026+0000] {subprocess.py:93} INFO - 	at scala.concurrent.impl.Promise$DefaultPromise.tryComplete(Promise.scala:288)
[2026-08-12T21:23:47.238+0000] {subprocess.py:93} INFO - 	at scala.concurrent.Promise.complete(Promise.scala:53)
[2026-08-12T21:23:47.262+0000] {subprocess.py:93} INFO - 	at scala.concurrent.Promise.complete$(Promise.scala:52)
[2026-08-12T21:23:47.450+0000] {subprocess.py:93} INFO - 	at scala.concurrent.impl.Promise$DefaultPromise.complete(Promise.scala:187)
[2026-08-12T21:23:47.456+0000] {subprocess.py:93} INFO - 	at scala.concurrent.Promise.success(Promise.scala:86)
[2026-08-12T21:23:47.483+0000] {subprocess.py:93} INFO - 	at scala.concurrent.Promise.success$(Promise.scala:86)
[2026-08-12T21:23:47.536+0000] {subprocess.py:93} INFO - 	at scala.concurrent.impl.Promise$DefaultPromise.success(Promise.scala:187)
[2026-08-12T21:23:47.612+0000] {subprocess.py:93} INFO - 	at org.apache.spark.rpc.netty.LocalNettyRpcCallContext.send(NettyRpcCallContext.scala:50)
[2026-08-12T21:23:47.639+0000] {subprocess.py:93} INFO - 	at org.apache.spark.rpc.netty.NettyRpcCallContext.reply(NettyRpcCallContext.scala:32)
[2026-08-12T21:23:47.695+0000] {subprocess.py:93} INFO - 	at org.apache.spark.rpc.netty.RpcEndpointVerifier$$anonfun$receiveAndReply$1.applyOrElse(RpcEndpointVerifier.scala:31)
[2026-08-12T21:23:47.737+0000] {subprocess.py:93} INFO - 	... 8 more
[2026-08-12T21:23:47.793+0000] {subprocess.py:93} INFO - 26/08/12 21:22:44 ERROR Inbox: Ignoring error
[2026-08-12T21:23:47.809+0000] {subprocess.py:93} INFO - org.apache.spark.SparkException: Exception thrown in awaitResult:
[2026-08-12T21:23:47.851+0000] {subprocess.py:93} INFO - 	at org.apache.spark.util.SparkThreadUtils$.awaitResult(SparkThreadUtils.scala:56)
[2026-08-12T21:23:47.865+0000] {subprocess.py:93} INFO - 	at org.apache.spark.util.ThreadUtils$.awaitResult(ThreadUtils.scala:310)
[2026-08-12T21:23:47.877+0000] {subprocess.py:93} INFO - 	at org.apache.spark.rpc.RpcTimeout.awaitResult(RpcTimeout.scala:75)
[2026-08-12T21:23:47.896+0000] {subprocess.py:93} INFO - 	at org.apache.spark.rpc.RpcEnv.setupEndpointRefByURI(RpcEnv.scala:102)
[2026-08-12T21:23:47.972+0000] {subprocess.py:93} INFO - 	at org.apache.spark.rpc.RpcEnv.setupEndpointRef(RpcEnv.scala:110)
[2026-08-12T21:23:48.083+0000] {subprocess.py:93} INFO - 	at org.apache.spark.util.RpcUtils$.makeDriverRef(RpcUtils.scala:36)
[2026-08-12T21:23:48.087+0000] {subprocess.py:93} INFO - 	at org.apache.spark.storage.BlockManagerMasterEndpoint.driverEndpoint$lzycompute(BlockManagerMasterEndpoint.scala:124)
[2026-08-12T21:23:48.091+0000] {subprocess.py:93} INFO - 	at org.apache.spark.storage.BlockManagerMasterEndpoint.org$apache$spark$storage$BlockManagerMasterEndpoint$$driverEndpoint(BlockManagerMasterEndpoint.scala:123)
[2026-08-12T21:23:48.106+0000] {subprocess.py:93} INFO - 	at org.apache.spark.storage.BlockManagerMasterEndpoint.isExecutorAlive$lzycompute$1(BlockManagerMasterEndpoint.scala:688)
[2026-08-12T21:23:48.121+0000] {subprocess.py:93} INFO - 	at org.apache.spark.storage.BlockManagerMasterEndpoint.isExecutorAlive$1(BlockManagerMasterEndpoint.scala:687)
[2026-08-12T21:23:48.125+0000] {subprocess.py:93} INFO - 	at org.apache.spark.storage.BlockManagerMasterEndpoint.org$apache$spark$storage$BlockManagerMasterEndpoint$$register(BlockManagerMasterEndpoint.scala:725)
[2026-08-12T21:23:48.131+0000] {subprocess.py:93} INFO - 	at org.apache.spark.storage.BlockManagerMasterEndpoint$$anonfun$receiveAndReply$1.applyOrElse(BlockManagerMasterEndpoint.scala:133)
[2026-08-12T21:23:48.144+0000] {subprocess.py:93} INFO - 	at org.apache.spark.rpc.netty.Inbox.$anonfun$process$1(Inbox.scala:103)
[2026-08-12T21:23:48.148+0000] {subprocess.py:93} INFO - 	at org.apache.spark.rpc.netty.Inbox.safelyCall(Inbox.scala:213)
[2026-08-12T21:23:48.160+0000] {subprocess.py:93} INFO - 	at org.apache.spark.rpc.netty.Inbox.process(Inbox.scala:100)
[2026-08-12T21:23:48.178+0000] {subprocess.py:93} INFO - 	at org.apache.spark.rpc.netty.MessageLoop.org$apache$spark$rpc$netty$MessageLoop$$receiveLoop(MessageLoop.scala:75)
[2026-08-12T21:23:48.209+0000] {subprocess.py:93} INFO - 	at org.apache.spark.rpc.netty.MessageLoop$$anon$1.run(MessageLoop.scala:41)
[2026-08-12T21:23:48.245+0000] {subprocess.py:93} INFO - 	at java.base/java.util.concurrent.ThreadPoolExecutor.runWorker(ThreadPoolExecutor.java:1136)
[2026-08-12T21:23:48.303+0000] {subprocess.py:93} INFO - 	at java.base/java.util.concurrent.ThreadPoolExecutor$Worker.run(ThreadPoolExecutor.java:635)
[2026-08-12T21:23:48.312+0000] {subprocess.py:93} INFO - 	at java.base/java.lang.Thread.run(Thread.java:840)
[2026-08-12T21:23:48.322+0000] {subprocess.py:93} INFO - Caused by: org.apache.spark.rpc.RpcEndpointNotFoundException: Cannot find endpoint: spark://CoarseGrainedScheduler@4099a95615c9:45169
[2026-08-12T21:23:48.352+0000] {subprocess.py:93} INFO - 	at org.apache.spark.rpc.netty.NettyRpcEnv.$anonfun$asyncSetupEndpointRefByURI$1(NettyRpcEnv.scala:148)
[2026-08-12T21:23:48.374+0000] {subprocess.py:93} INFO - 	at org.apache.spark.rpc.netty.NettyRpcEnv.$anonfun$asyncSetupEndpointRefByURI$1$adapted(NettyRpcEnv.scala:144)
[2026-08-12T21:23:48.380+0000] {subprocess.py:93} INFO - 	at scala.concurrent.Future.$anonfun$flatMap$1(Future.scala:307)
[2026-08-12T21:23:48.444+0000] {subprocess.py:93} INFO - 	at scala.concurrent.impl.Promise.$anonfun$transformWith$1(Promise.scala:41)
[2026-08-12T21:23:48.476+0000] {subprocess.py:93} INFO - 	at scala.concurrent.impl.CallbackRunnable.run(Promise.scala:64)
[2026-08-12T21:23:48.514+0000] {subprocess.py:93} INFO - 	at org.apache.spark.util.ThreadUtils$$anon$1.execute(ThreadUtils.scala:99)
[2026-08-12T21:23:48.569+0000] {subprocess.py:93} INFO - 	at scala.concurrent.impl.ExecutionContextImpl$$anon$4.execute(ExecutionContextImpl.scala:138)
[2026-08-12T21:23:48.576+0000] {subprocess.py:93} INFO - 	at scala.concurrent.impl.CallbackRunnable.executeWithValue(Promise.scala:72)
[2026-08-12T21:23:48.597+0000] {subprocess.py:93} INFO - 	at scala.concurrent.impl.Promise$DefaultPromise.$anonfun$tryComplete$1(Promise.scala:288)
[2026-08-12T21:23:48.641+0000] {subprocess.py:93} INFO - 	at scala.concurrent.impl.Promise$DefaultPromise.$anonfun$tryComplete$1$adapted(Promise.scala:288)
[2026-08-12T21:23:48.677+0000] {subprocess.py:93} INFO - 	at scala.concurrent.impl.Promise$DefaultPromise.tryComplete(Promise.scala:288)
[2026-08-12T21:23:48.691+0000] {subprocess.py:93} INFO - 	at scala.concurrent.Promise.complete(Promise.scala:53)
[2026-08-12T21:23:48.774+0000] {subprocess.py:93} INFO - 	at scala.concurrent.Promise.complete$(Promise.scala:52)
[2026-08-12T21:23:48.798+0000] {subprocess.py:93} INFO - 	at scala.concurrent.impl.Promise$DefaultPromise.complete(Promise.scala:187)
[2026-08-12T21:23:48.803+0000] {subprocess.py:93} INFO - 	at scala.concurrent.impl.Promise.$anonfun$transform$1(Promise.scala:33)
[2026-08-12T21:23:48.885+0000] {subprocess.py:93} INFO - 	at scala.concurrent.impl.CallbackRunnable.run(Promise.scala:64)
[2026-08-12T21:23:48.911+0000] {subprocess.py:93} INFO - 	at org.apache.spark.util.ThreadUtils$$anon$1.execute(ThreadUtils.scala:99)
[2026-08-12T21:23:48.927+0000] {subprocess.py:93} INFO - 	at scala.concurrent.impl.ExecutionContextImpl$$anon$4.execute(ExecutionContextImpl.scala:138)
[2026-08-12T21:23:48.936+0000] {subprocess.py:93} INFO - 	at scala.concurrent.impl.CallbackRunnable.executeWithValue(Promise.scala:72)
[2026-08-12T21:23:49.077+0000] {subprocess.py:93} INFO - 	at scala.concurrent.impl.Promise$DefaultPromise.$anonfun$tryComplete$1(Promise.scala:288)
[2026-08-12T21:23:49.160+0000] {subprocess.py:93} INFO - 	at scala.concurrent.impl.Promise$DefaultPromise.$anonfun$tryComplete$1$adapted(Promise.scala:288)
[2026-08-12T21:23:49.176+0000] {subprocess.py:93} INFO - 	at scala.concurrent.impl.Promise$DefaultPromise.tryComplete(Promise.scala:288)
[2026-08-12T21:23:49.183+0000] {subprocess.py:93} INFO - 	at scala.concurrent.Promise.complete(Promise.scala:53)
[2026-08-12T21:23:49.220+0000] {subprocess.py:93} INFO - 	at scala.concurrent.Promise.complete$(Promise.scala:52)
[2026-08-12T21:23:49.232+0000] {subprocess.py:93} INFO - 	at scala.concurrent.impl.Promise$DefaultPromise.complete(Promise.scala:187)
[2026-08-12T21:23:49.274+0000] {subprocess.py:93} INFO - 	at scala.concurrent.impl.Promise.$anonfun$transform$1(Promise.scala:33)
[2026-08-12T21:23:49.298+0000] {subprocess.py:93} INFO - 	at scala.concurrent.impl.CallbackRunnable.run(Promise.scala:64)
[2026-08-12T21:23:49.326+0000] {subprocess.py:93} INFO - 	at scala.concurrent.BatchingExecutor$Batch.processBatch$1(BatchingExecutor.scala:67)
[2026-08-12T21:23:49.392+0000] {subprocess.py:93} INFO - 	at scala.concurrent.BatchingExecutor$Batch.$anonfun$run$1(BatchingExecutor.scala:82)
[2026-08-12T21:23:49.455+0000] {subprocess.py:93} INFO - 	at scala.runtime.java8.JFunction0$mcV$sp.apply(JFunction0$mcV$sp.java:23)
[2026-08-12T21:23:49.515+0000] {subprocess.py:93} INFO - 	at scala.concurrent.BlockContext$.withBlockContext(BlockContext.scala:85)
[2026-08-12T21:23:49.543+0000] {subprocess.py:93} INFO - 	at scala.concurrent.BatchingExecutor$Batch.run(BatchingExecutor.scala:59)
[2026-08-12T21:23:49.572+0000] {subprocess.py:93} INFO - 	at scala.concurrent.Future$InternalCallbackExecutor$.unbatchedExecute(Future.scala:875)
[2026-08-12T21:23:49.583+0000] {subprocess.py:93} INFO - 	at scala.concurrent.BatchingExecutor.execute(BatchingExecutor.scala:110)
[2026-08-12T21:23:49.638+0000] {subprocess.py:93} INFO - 	at scala.concurrent.BatchingExecutor.execute$(BatchingExecutor.scala:107)
[2026-08-12T21:23:49.649+0000] {subprocess.py:93} INFO - 	at scala.concurrent.Future$InternalCallbackExecutor$.execute(Future.scala:873)
[2026-08-12T21:23:49.670+0000] {subprocess.py:93} INFO - 	at scala.concurrent.impl.CallbackRunnable.executeWithValue(Promise.scala:72)
[2026-08-12T21:23:49.681+0000] {subprocess.py:93} INFO - 	at scala.concurrent.impl.Promise$DefaultPromise.$anonfun$tryComplete$1(Promise.scala:288)
[2026-08-12T21:23:49.693+0000] {subprocess.py:93} INFO - 	at scala.concurrent.impl.Promise$DefaultPromise.$anonfun$tryComplete$1$adapted(Promise.scala:288)
[2026-08-12T21:23:49.702+0000] {subprocess.py:93} INFO - 	at scala.concurrent.impl.Promise$DefaultPromise.tryComplete(Promise.scala:288)
[2026-08-12T21:23:49.719+0000] {subprocess.py:93} INFO - 	at scala.concurrent.Promise.trySuccess(Promise.scala:94)
[2026-08-12T21:23:49.730+0000] {subprocess.py:93} INFO - 	at scala.concurrent.Promise.trySuccess$(Promise.scala:94)
[2026-08-12T21:23:49.733+0000] {subprocess.py:93} INFO - 	at scala.concurrent.impl.Promise$DefaultPromise.trySuccess(Promise.scala:187)
[2026-08-12T21:23:49.749+0000] {subprocess.py:93} INFO - 	at org.apache.spark.rpc.netty.NettyRpcEnv.onSuccess$1(NettyRpcEnv.scala:225)
[2026-08-12T21:23:49.764+0000] {subprocess.py:93} INFO - 	at org.apache.spark.rpc.netty.NettyRpcEnv.$anonfun$askAbortable$5(NettyRpcEnv.scala:239)
[2026-08-12T21:23:49.772+0000] {subprocess.py:93} INFO - 	at org.apache.spark.rpc.netty.NettyRpcEnv.$anonfun$askAbortable$5$adapted(NettyRpcEnv.scala:238)
[2026-08-12T21:23:49.801+0000] {subprocess.py:93} INFO - 	at scala.concurrent.impl.CallbackRunnable.run(Promise.scala:64)
[2026-08-12T21:23:49.820+0000] {subprocess.py:93} INFO - 	at org.apache.spark.util.ThreadUtils$$anon$1.execute(ThreadUtils.scala:99)
[2026-08-12T21:23:49.847+0000] {subprocess.py:93} INFO - 	at scala.concurrent.impl.ExecutionContextImpl$$anon$4.execute(ExecutionContextImpl.scala:138)
[2026-08-12T21:23:49.864+0000] {subprocess.py:93} INFO - 	at scala.concurrent.impl.CallbackRunnable.executeWithValue(Promise.scala:72)
[2026-08-12T21:23:49.893+0000] {subprocess.py:93} INFO - 	at scala.concurrent.impl.Promise$DefaultPromise.$anonfun$tryComplete$1(Promise.scala:288)
[2026-08-12T21:23:49.930+0000] {subprocess.py:93} INFO - 	at scala.concurrent.impl.Promise$DefaultPromise.$anonfun$tryComplete$1$adapted(Promise.scala:288)
[2026-08-12T21:23:49.938+0000] {subprocess.py:93} INFO - 	at scala.concurrent.impl.Promise$DefaultPromise.tryComplete(Promise.scala:288)
[2026-08-12T21:23:49.950+0000] {subprocess.py:93} INFO - 	at scala.concurrent.Promise.complete(Promise.scala:53)
[2026-08-12T21:23:49.964+0000] {subprocess.py:93} INFO - 	at scala.concurrent.Promise.complete$(Promise.scala:52)
[2026-08-12T21:23:49.982+0000] {subprocess.py:93} INFO - 	at scala.concurrent.impl.Promise$DefaultPromise.complete(Promise.scala:187)
[2026-08-12T21:23:50.014+0000] {subprocess.py:93} INFO - 	at scala.concurrent.Promise.success(Promise.scala:86)
[2026-08-12T21:23:50.025+0000] {subprocess.py:93} INFO - 	at scala.concurrent.Promise.success$(Promise.scala:86)
[2026-08-12T21:23:50.047+0000] {subprocess.py:93} INFO - 	at scala.concurrent.impl.Promise$DefaultPromise.success(Promise.scala:187)
[2026-08-12T21:23:50.075+0000] {subprocess.py:93} INFO - 	at org.apache.spark.rpc.netty.LocalNettyRpcCallContext.send(NettyRpcCallContext.scala:50)
[2026-08-12T21:23:50.080+0000] {subprocess.py:93} INFO - 	at org.apache.spark.rpc.netty.NettyRpcCallContext.reply(NettyRpcCallContext.scala:32)
[2026-08-12T21:23:50.099+0000] {subprocess.py:93} INFO - 	at org.apache.spark.rpc.netty.RpcEndpointVerifier$$anonfun$receiveAndReply$1.applyOrElse(RpcEndpointVerifier.scala:31)
[2026-08-12T21:23:50.117+0000] {subprocess.py:93} INFO - 	... 8 more
[2026-08-12T21:23:50.131+0000] {subprocess.py:93} INFO - 26/08/12 21:22:44 WARN Executor: Issue communicating with driver in heartbeater
[2026-08-12T21:23:50.146+0000] {subprocess.py:93} INFO - org.apache.spark.SparkException: Exception thrown in awaitResult:
[2026-08-12T21:23:50.157+0000] {subprocess.py:93} INFO - 	at org.apache.spark.util.SparkThreadUtils$.awaitResult(SparkThreadUtils.scala:56)
[2026-08-12T21:23:50.164+0000] {subprocess.py:93} INFO - 	at org.apache.spark.util.ThreadUtils$.awaitResult(ThreadUtils.scala:310)
[2026-08-12T21:23:50.189+0000] {subprocess.py:93} INFO - 	at org.apache.spark.rpc.RpcTimeout.awaitResult(RpcTimeout.scala:75)
[2026-08-12T21:23:50.210+0000] {subprocess.py:93} INFO - 	at org.apache.spark.rpc.RpcEndpointRef.askSync(RpcEndpointRef.scala:101)
[2026-08-12T21:23:50.246+0000] {subprocess.py:93} INFO - 	at org.apache.spark.rpc.RpcEndpointRef.askSync(RpcEndpointRef.scala:85)
[2026-08-12T21:23:50.258+0000] {subprocess.py:93} INFO - 	at org.apache.spark.storage.BlockManagerMaster.registerBlockManager(BlockManagerMaster.scala:80)
[2026-08-12T21:23:50.277+0000] {subprocess.py:93} INFO - 	at org.apache.spark.storage.BlockManager.reregister(BlockManager.scala:642)
[2026-08-12T21:23:50.285+0000] {subprocess.py:93} INFO - 	at org.apache.spark.executor.Executor.reportHeartBeat(Executor.scala:1223)
[2026-08-12T21:23:50.307+0000] {subprocess.py:93} INFO - 	at org.apache.spark.executor.Executor.$anonfun$heartbeater$1(Executor.scala:295)
[2026-08-12T21:23:50.331+0000] {subprocess.py:93} INFO - 	at scala.runtime.java8.JFunction0$mcV$sp.apply(JFunction0$mcV$sp.java:23)
[2026-08-12T21:23:50.343+0000] {subprocess.py:93} INFO - 	at org.apache.spark.util.Utils$.logUncaughtExceptions(Utils.scala:1928)
[2026-08-12T21:23:50.412+0000] {subprocess.py:93} INFO - 	at org.apache.spark.Heartbeater$$anon$1.run(Heartbeater.scala:46)
[2026-08-12T21:23:50.434+0000] {subprocess.py:93} INFO - 	at java.base/java.util.concurrent.Executors$RunnableAdapter.call(Executors.java:539)
[2026-08-12T21:23:50.464+0000] {subprocess.py:93} INFO - 	at java.base/java.util.concurrent.FutureTask.runAndReset(FutureTask.java:305)
[2026-08-12T21:23:50.470+0000] {subprocess.py:93} INFO - 	at java.base/java.util.concurrent.ScheduledThreadPoolExecutor$ScheduledFutureTask.run(ScheduledThreadPoolExecutor.java:305)
[2026-08-12T21:23:50.490+0000] {subprocess.py:93} INFO - 	at java.base/java.util.concurrent.ThreadPoolExecutor.runWorker(ThreadPoolExecutor.java:1136)
[2026-08-12T21:23:50.533+0000] {subprocess.py:93} INFO - 	at java.base/java.util.concurrent.ThreadPoolExecutor$Worker.run(ThreadPoolExecutor.java:635)
[2026-08-12T21:23:50.574+0000] {subprocess.py:93} INFO - 	at java.base/java.lang.Thread.run(Thread.java:840)
[2026-08-12T21:23:50.586+0000] {subprocess.py:93} INFO - Caused by: org.apache.spark.SparkException: Exception thrown in awaitResult:
[2026-08-12T21:23:50.607+0000] {subprocess.py:93} INFO - 	at org.apache.spark.util.SparkThreadUtils$.awaitResult(SparkThreadUtils.scala:56)
[2026-08-12T21:23:50.663+0000] {subprocess.py:93} INFO - 	at org.apache.spark.util.ThreadUtils$.awaitResult(ThreadUtils.scala:310)
[2026-08-12T21:23:50.684+0000] {subprocess.py:93} INFO - 	at org.apache.spark.rpc.RpcTimeout.awaitResult(RpcTimeout.scala:75)
[2026-08-12T21:23:50.705+0000] {subprocess.py:93} INFO - 	at org.apache.spark.rpc.RpcEnv.setupEndpointRefByURI(RpcEnv.scala:102)
[2026-08-12T21:23:50.768+0000] {subprocess.py:93} INFO - 	at org.apache.spark.rpc.RpcEnv.setupEndpointRef(RpcEnv.scala:110)
[2026-08-12T21:23:50.778+0000] {subprocess.py:93} INFO - 	at org.apache.spark.util.RpcUtils$.makeDriverRef(RpcUtils.scala:36)
[2026-08-12T21:23:50.789+0000] {subprocess.py:93} INFO - 	at org.apache.spark.storage.BlockManagerMasterEndpoint.driverEndpoint$lzycompute(BlockManagerMasterEndpoint.scala:124)
[2026-08-12T21:23:50.795+0000] {subprocess.py:93} INFO - 	at org.apache.spark.storage.BlockManagerMasterEndpoint.org$apache$spark$storage$BlockManagerMasterEndpoint$$driverEndpoint(BlockManagerMasterEndpoint.scala:123)
[2026-08-12T21:23:50.810+0000] {subprocess.py:93} INFO - 	at org.apache.spark.storage.BlockManagerMasterEndpoint.isExecutorAlive$lzycompute$1(BlockManagerMasterEndpoint.scala:688)
[2026-08-12T21:23:50.819+0000] {subprocess.py:93} INFO - 	at org.apache.spark.storage.BlockManagerMasterEndpoint.isExecutorAlive$1(BlockManagerMasterEndpoint.scala:687)
[2026-08-12T21:23:50.829+0000] {subprocess.py:93} INFO - 	at org.apache.spark.storage.BlockManagerMasterEndpoint.org$apache$spark$storage$BlockManagerMasterEndpoint$$register(BlockManagerMasterEndpoint.scala:725)
[2026-08-12T21:23:50.845+0000] {subprocess.py:93} INFO - 	at org.apache.spark.storage.BlockManagerMasterEndpoint$$anonfun$receiveAndReply$1.applyOrElse(BlockManagerMasterEndpoint.scala:133)
[2026-08-12T21:23:50.862+0000] {subprocess.py:93} INFO - 	at org.apache.spark.rpc.netty.Inbox.$anonfun$process$1(Inbox.scala:103)
[2026-08-12T21:23:50.882+0000] {subprocess.py:93} INFO - 	at org.apache.spark.rpc.netty.Inbox.safelyCall(Inbox.scala:213)
[2026-08-12T21:23:50.902+0000] {subprocess.py:93} INFO - 	at org.apache.spark.rpc.netty.Inbox.process(Inbox.scala:100)
[2026-08-12T21:23:50.909+0000] {subprocess.py:93} INFO - 	at org.apache.spark.rpc.netty.MessageLoop.org$apache$spark$rpc$netty$MessageLoop$$receiveLoop(MessageLoop.scala:75)
[2026-08-12T21:23:50.911+0000] {subprocess.py:93} INFO - 	at org.apache.spark.rpc.netty.MessageLoop$$anon$1.run(MessageLoop.scala:41)
[2026-08-12T21:23:50.921+0000] {subprocess.py:93} INFO - 	... 3 more
[2026-08-12T21:23:50.924+0000] {subprocess.py:93} INFO - Caused by: org.apache.spark.rpc.RpcEndpointNotFoundException: Cannot find endpoint: spark://CoarseGrainedScheduler@4099a95615c9:45169
[2026-08-12T21:23:50.959+0000] {subprocess.py:93} INFO - 	at org.apache.spark.rpc.netty.NettyRpcEnv.$anonfun$asyncSetupEndpointRefByURI$1(NettyRpcEnv.scala:148)
[2026-08-12T21:23:50.993+0000] {subprocess.py:93} INFO - 	at org.apache.spark.rpc.netty.NettyRpcEnv.$anonfun$asyncSetupEndpointRefByURI$1$adapted(NettyRpcEnv.scala:144)
[2026-08-12T21:23:51.019+0000] {subprocess.py:93} INFO - 	at scala.concurrent.Future.$anonfun$flatMap$1(Future.scala:307)
[2026-08-12T21:23:51.033+0000] {subprocess.py:93} INFO - 	at scala.concurrent.impl.Promise.$anonfun$transformWith$1(Promise.scala:41)
[2026-08-12T21:23:51.044+0000] {subprocess.py:93} INFO - 	at scala.concurrent.impl.CallbackRunnable.run(Promise.scala:64)
[2026-08-12T21:23:51.052+0000] {subprocess.py:93} INFO - 	at org.apache.spark.util.ThreadUtils$$anon$1.execute(ThreadUtils.scala:99)
[2026-08-12T21:23:51.077+0000] {subprocess.py:93} INFO - 	at scala.concurrent.impl.ExecutionContextImpl$$anon$4.execute(ExecutionContextImpl.scala:138)
[2026-08-12T21:23:51.096+0000] {subprocess.py:93} INFO - 	at scala.concurrent.impl.CallbackRunnable.executeWithValue(Promise.scala:72)
[2026-08-12T21:23:51.151+0000] {subprocess.py:93} INFO - 	at scala.concurrent.impl.Promise$DefaultPromise.$anonfun$tryComplete$1(Promise.scala:288)
[2026-08-12T21:23:51.160+0000] {subprocess.py:93} INFO - 	at scala.concurrent.impl.Promise$DefaultPromise.$anonfun$tryComplete$1$adapted(Promise.scala:288)
[2026-08-12T21:23:51.178+0000] {subprocess.py:93} INFO - 	at scala.concurrent.impl.Promise$DefaultPromise.tryComplete(Promise.scala:288)
[2026-08-12T21:23:51.187+0000] {subprocess.py:93} INFO - 	at scala.concurrent.Promise.complete(Promise.scala:53)
[2026-08-12T21:23:51.206+0000] {subprocess.py:93} INFO - 	at scala.concurrent.Promise.complete$(Promise.scala:52)
[2026-08-12T21:23:51.219+0000] {subprocess.py:93} INFO - 	at scala.concurrent.impl.Promise$DefaultPromise.complete(Promise.scala:187)
[2026-08-12T21:23:51.221+0000] {subprocess.py:93} INFO - 	at scala.concurrent.impl.Promise.$anonfun$transform$1(Promise.scala:33)
[2026-08-12T21:23:51.229+0000] {subprocess.py:93} INFO - 	at scala.concurrent.impl.CallbackRunnable.run(Promise.scala:64)
[2026-08-12T21:23:51.242+0000] {subprocess.py:93} INFO - 	at org.apache.spark.util.ThreadUtils$$anon$1.execute(ThreadUtils.scala:99)
[2026-08-12T21:23:51.249+0000] {subprocess.py:93} INFO - 	at scala.concurrent.impl.ExecutionContextImpl$$anon$4.execute(ExecutionContextImpl.scala:138)
[2026-08-12T21:23:51.263+0000] {subprocess.py:93} INFO - 	at scala.concurrent.impl.CallbackRunnable.executeWithValue(Promise.scala:72)
[2026-08-12T21:23:51.282+0000] {subprocess.py:93} INFO - 	at scala.concurrent.impl.Promise$DefaultPromise.$anonfun$tryComplete$1(Promise.scala:288)
[2026-08-12T21:23:51.286+0000] {subprocess.py:93} INFO - 	at scala.concurrent.impl.Promise$DefaultPromise.$anonfun$tryComplete$1$adapted(Promise.scala:288)
[2026-08-12T21:23:51.293+0000] {subprocess.py:93} INFO - 	at scala.concurrent.impl.Promise$DefaultPromise.tryComplete(Promise.scala:288)
[2026-08-12T21:23:51.337+0000] {subprocess.py:93} INFO - 	at scala.concurrent.Promise.complete(Promise.scala:53)
[2026-08-12T21:23:51.350+0000] {subprocess.py:93} INFO - 	at scala.concurrent.Promise.complete$(Promise.scala:52)
[2026-08-12T21:23:51.403+0000] {subprocess.py:93} INFO - 	at scala.concurrent.impl.Promise$DefaultPromise.complete(Promise.scala:187)
[2026-08-12T21:23:51.413+0000] {subprocess.py:93} INFO - 	at scala.concurrent.impl.Promise.$anonfun$transform$1(Promise.scala:33)
[2026-08-12T21:23:51.418+0000] {subprocess.py:93} INFO - 	at scala.concurrent.impl.CallbackRunnable.run(Promise.scala:64)
[2026-08-12T21:23:51.431+0000] {subprocess.py:93} INFO - 	at scala.concurrent.BatchingExecutor$Batch.processBatch$1(BatchingExecutor.scala:67)
[2026-08-12T21:23:51.452+0000] {subprocess.py:93} INFO - 	at scala.concurrent.BatchingExecutor$Batch.$anonfun$run$1(BatchingExecutor.scala:82)
[2026-08-12T21:23:51.509+0000] {subprocess.py:93} INFO - 	at scala.runtime.java8.JFunction0$mcV$sp.apply(JFunction0$mcV$sp.java:23)
[2026-08-12T21:23:51.547+0000] {subprocess.py:93} INFO - 	at scala.concurrent.BlockContext$.withBlockContext(BlockContext.scala:85)
[2026-08-12T21:23:51.600+0000] {subprocess.py:93} INFO - 	at scala.concurrent.BatchingExecutor$Batch.run(BatchingExecutor.scala:59)
[2026-08-12T21:23:51.636+0000] {subprocess.py:93} INFO - 	at scala.concurrent.Future$InternalCallbackExecutor$.unbatchedExecute(Future.scala:875)
[2026-08-12T21:23:51.639+0000] {subprocess.py:93} INFO - 	at scala.concurrent.BatchingExecutor.execute(BatchingExecutor.scala:110)
[2026-08-12T21:23:51.689+0000] {subprocess.py:93} INFO - 	at scala.concurrent.BatchingExecutor.execute$(BatchingExecutor.scala:107)
[2026-08-12T21:23:51.712+0000] {subprocess.py:93} INFO - 	at scala.concurrent.Future$InternalCallbackExecutor$.execute(Future.scala:873)
[2026-08-12T21:23:51.747+0000] {subprocess.py:93} INFO - 	at scala.concurrent.impl.CallbackRunnable.executeWithValue(Promise.scala:72)
[2026-08-12T21:23:51.750+0000] {subprocess.py:93} INFO - 	at scala.concurrent.impl.Promise$DefaultPromise.$anonfun$tryComplete$1(Promise.scala:288)
[2026-08-12T21:23:51.754+0000] {subprocess.py:93} INFO - 	at scala.concurrent.impl.Promise$DefaultPromise.$anonfun$tryComplete$1$adapted(Promise.scala:288)
[2026-08-12T21:23:51.775+0000] {subprocess.py:93} INFO - 	at scala.concurrent.impl.Promise$DefaultPromise.tryComplete(Promise.scala:288)
[2026-08-12T21:23:51.795+0000] {subprocess.py:93} INFO - 	at scala.concurrent.Promise.trySuccess(Promise.scala:94)
[2026-08-12T21:23:51.822+0000] {subprocess.py:93} INFO - 	at scala.concurrent.Promise.trySuccess$(Promise.scala:94)
[2026-08-12T21:23:51.858+0000] {subprocess.py:93} INFO - 	at scala.concurrent.impl.Promise$DefaultPromise.trySuccess(Promise.scala:187)
[2026-08-12T21:23:51.870+0000] {subprocess.py:93} INFO - 	at org.apache.spark.rpc.netty.NettyRpcEnv.onSuccess$1(NettyRpcEnv.scala:225)
[2026-08-12T21:23:51.897+0000] {subprocess.py:93} INFO - 	at org.apache.spark.rpc.netty.NettyRpcEnv.$anonfun$askAbortable$5(NettyRpcEnv.scala:239)
[2026-08-12T21:23:51.905+0000] {subprocess.py:93} INFO - 	at org.apache.spark.rpc.netty.NettyRpcEnv.$anonfun$askAbortable$5$adapted(NettyRpcEnv.scala:238)
[2026-08-12T21:23:51.930+0000] {subprocess.py:93} INFO - 	at scala.concurrent.impl.CallbackRunnable.run(Promise.scala:64)
[2026-08-12T21:23:52.029+0000] {subprocess.py:93} INFO - 	at org.apache.spark.util.ThreadUtils$$anon$1.execute(ThreadUtils.scala:99)
[2026-08-12T21:23:52.114+0000] {subprocess.py:93} INFO - 	at scala.concurrent.impl.ExecutionContextImpl$$anon$4.execute(ExecutionContextImpl.scala:138)
[2026-08-12T21:23:52.119+0000] {subprocess.py:93} INFO - 	at scala.concurrent.impl.CallbackRunnable.executeWithValue(Promise.scala:72)
[2026-08-12T21:23:52.121+0000] {subprocess.py:93} INFO - 	at scala.concurrent.impl.Promise$DefaultPromise.$anonfun$tryComplete$1(Promise.scala:288)
[2026-08-12T21:23:52.161+0000] {subprocess.py:93} INFO - 	at scala.concurrent.impl.Promise$DefaultPromise.$anonfun$tryComplete$1$adapted(Promise.scala:288)
[2026-08-12T21:23:52.183+0000] {subprocess.py:93} INFO - 	at scala.concurrent.impl.Promise$DefaultPromise.tryComplete(Promise.scala:288)
[2026-08-12T21:23:52.231+0000] {subprocess.py:93} INFO - 	at scala.concurrent.Promise.complete(Promise.scala:53)
[2026-08-12T21:23:52.263+0000] {subprocess.py:93} INFO - 	at scala.concurrent.Promise.complete$(Promise.scala:52)
[2026-08-12T21:23:52.278+0000] {subprocess.py:93} INFO - 	at scala.concurrent.impl.Promise$DefaultPromise.complete(Promise.scala:187)
[2026-08-12T21:23:52.386+0000] {subprocess.py:93} INFO - 	at scala.concurrent.Promise.success(Promise.scala:86)
[2026-08-12T21:23:52.542+0000] {subprocess.py:93} INFO - 	at scala.concurrent.Promise.success$(Promise.scala:86)
[2026-08-12T21:23:52.561+0000] {subprocess.py:93} INFO - 	at scala.concurrent.impl.Promise$DefaultPromise.success(Promise.scala:187)
[2026-08-12T21:23:52.565+0000] {subprocess.py:93} INFO - 	at org.apache.spark.rpc.netty.LocalNettyRpcCallContext.send(NettyRpcCallContext.scala:50)
[2026-08-12T21:23:52.572+0000] {subprocess.py:93} INFO - 	at org.apache.spark.rpc.netty.NettyRpcCallContext.reply(NettyRpcCallContext.scala:32)
[2026-08-12T21:23:52.586+0000] {subprocess.py:93} INFO - 	at org.apache.spark.rpc.netty.RpcEndpointVerifier$$anonfun$receiveAndReply$1.applyOrElse(RpcEndpointVerifier.scala:31)
[2026-08-12T21:23:52.599+0000] {subprocess.py:93} INFO - 	... 8 more
[2026-08-12T21:23:52.615+0000] {subprocess.py:93} INFO - 26/08/12 21:23:35 ERROR Inbox: Ignoring error
[2026-08-12T21:23:52.638+0000] {subprocess.py:93} INFO - org.apache.spark.SparkException: Exception thrown in awaitResult:
[2026-08-12T21:23:52.649+0000] {subprocess.py:93} INFO - 	at org.apache.spark.util.SparkThreadUtils$.awaitResult(SparkThreadUtils.scala:56)
[2026-08-12T21:23:52.654+0000] {subprocess.py:93} INFO - 	at org.apache.spark.util.ThreadUtils$.awaitResult(ThreadUtils.scala:310)
[2026-08-12T21:23:52.672+0000] {subprocess.py:93} INFO - 	at org.apache.spark.rpc.RpcTimeout.awaitResult(RpcTimeout.scala:75)
[2026-08-12T21:23:52.691+0000] {subprocess.py:93} INFO - 	at org.apache.spark.rpc.RpcEnv.setupEndpointRefByURI(RpcEnv.scala:102)
[2026-08-12T21:23:52.819+0000] {subprocess.py:93} INFO - 	at org.apache.spark.rpc.RpcEnv.setupEndpointRef(RpcEnv.scala:110)
[2026-08-12T21:23:52.844+0000] {subprocess.py:93} INFO - 	at org.apache.spark.util.RpcUtils$.makeDriverRef(RpcUtils.scala:36)
[2026-08-12T21:23:52.857+0000] {subprocess.py:93} INFO - 	at org.apache.spark.storage.BlockManagerMasterEndpoint.driverEndpoint$lzycompute(BlockManagerMasterEndpoint.scala:124)
[2026-08-12T21:23:52.877+0000] {subprocess.py:93} INFO - 	at org.apache.spark.storage.BlockManagerMasterEndpoint.org$apache$spark$storage$BlockManagerMasterEndpoint$$driverEndpoint(BlockManagerMasterEndpoint.scala:123)
[2026-08-12T21:23:52.881+0000] {subprocess.py:93} INFO - 	at org.apache.spark.storage.BlockManagerMasterEndpoint.isExecutorAlive$lzycompute$1(BlockManagerMasterEndpoint.scala:688)
[2026-08-12T21:23:52.968+0000] {subprocess.py:93} INFO - 	at org.apache.spark.storage.BlockManagerMasterEndpoint.isExecutorAlive$1(BlockManagerMasterEndpoint.scala:687)
[2026-08-12T21:23:52.980+0000] {subprocess.py:93} INFO - 	at org.apache.spark.storage.BlockManagerMasterEndpoint.org$apache$spark$storage$BlockManagerMasterEndpoint$$register(BlockManagerMasterEndpoint.scala:725)
[2026-08-12T21:23:53.000+0000] {subprocess.py:93} INFO - 	at org.apache.spark.storage.BlockManagerMasterEndpoint$$anonfun$receiveAndReply$1.applyOrElse(BlockManagerMasterEndpoint.scala:133)
[2026-08-12T21:23:53.009+0000] {subprocess.py:93} INFO - 	at org.apache.spark.rpc.netty.Inbox.$anonfun$process$1(Inbox.scala:103)
[2026-08-12T21:23:53.017+0000] {subprocess.py:93} INFO - 	at org.apache.spark.rpc.netty.Inbox.safelyCall(Inbox.scala:213)
[2026-08-12T21:23:53.020+0000] {subprocess.py:93} INFO - 	at org.apache.spark.rpc.netty.Inbox.process(Inbox.scala:100)
[2026-08-12T21:23:53.027+0000] {subprocess.py:93} INFO - 	at org.apache.spark.rpc.netty.MessageLoop.org$apache$spark$rpc$netty$MessageLoop$$receiveLoop(MessageLoop.scala:75)
[2026-08-12T21:23:53.033+0000] {subprocess.py:93} INFO - 	at org.apache.spark.rpc.netty.MessageLoop$$anon$1.run(MessageLoop.scala:41)
[2026-08-12T21:23:53.037+0000] {subprocess.py:93} INFO - 	at java.base/java.util.concurrent.ThreadPoolExecutor.runWorker(ThreadPoolExecutor.java:1136)
[2026-08-12T21:23:53.051+0000] {subprocess.py:93} INFO - 	at java.base/java.util.concurrent.ThreadPoolExecutor$Worker.run(ThreadPoolExecutor.java:635)
[2026-08-12T21:23:53.055+0000] {subprocess.py:93} INFO - 	at java.base/java.lang.Thread.run(Thread.java:840)
[2026-08-12T21:23:53.105+0000] {subprocess.py:93} INFO - Caused by: org.apache.spark.rpc.RpcEndpointNotFoundException: Cannot find endpoint: spark://CoarseGrainedScheduler@4099a95615c9:45169
[2026-08-12T21:23:53.145+0000] {subprocess.py:93} INFO - 	at org.apache.spark.rpc.netty.NettyRpcEnv.$anonfun$asyncSetupEndpointRefByURI$1(NettyRpcEnv.scala:148)
[2026-08-12T21:23:53.188+0000] {subprocess.py:93} INFO - 	at org.apache.spark.rpc.netty.NettyRpcEnv.$anonfun$asyncSetupEndpointRefByURI$1$adapted(NettyRpcEnv.scala:144)
[2026-08-12T21:23:53.219+0000] {subprocess.py:93} INFO - 	at scala.concurrent.Future.$anonfun$flatMap$1(Future.scala:307)
[2026-08-12T21:23:53.243+0000] {subprocess.py:93} INFO - 	at scala.concurrent.impl.Promise.$anonfun$transformWith$1(Promise.scala:41)
[2026-08-12T21:23:53.251+0000] {subprocess.py:93} INFO - 	at scala.concurrent.impl.CallbackRunnable.run(Promise.scala:64)
[2026-08-12T21:23:53.272+0000] {subprocess.py:93} INFO - 	at org.apache.spark.util.ThreadUtils$$anon$1.execute(ThreadUtils.scala:99)
[2026-08-12T21:23:53.286+0000] {subprocess.py:93} INFO - 	at scala.concurrent.impl.ExecutionContextImpl$$anon$4.execute(ExecutionContextImpl.scala:138)
[2026-08-12T21:23:53.401+0000] {subprocess.py:93} INFO - 	at scala.concurrent.impl.CallbackRunnable.executeWithValue(Promise.scala:72)
[2026-08-12T21:23:53.420+0000] {subprocess.py:93} INFO - 	at scala.concurrent.impl.Promise$DefaultPromise.$anonfun$tryComplete$1(Promise.scala:288)
[2026-08-12T21:23:53.481+0000] {subprocess.py:93} INFO - 	at scala.concurrent.impl.Promise$DefaultPromise.$anonfun$tryComplete$1$adapted(Promise.scala:288)
[2026-08-12T21:23:53.529+0000] {subprocess.py:93} INFO - 	at scala.concurrent.impl.Promise$DefaultPromise.tryComplete(Promise.scala:288)
[2026-08-12T21:23:53.563+0000] {subprocess.py:93} INFO - 	at scala.concurrent.Promise.complete(Promise.scala:53)
[2026-08-12T21:23:53.686+0000] {subprocess.py:93} INFO - 	at scala.concurrent.Promise.complete$(Promise.scala:52)
[2026-08-12T21:23:53.698+0000] {subprocess.py:93} INFO - 	at scala.concurrent.impl.Promise$DefaultPromise.complete(Promise.scala:187)
[2026-08-12T21:23:53.744+0000] {subprocess.py:93} INFO - 	at scala.concurrent.impl.Promise.$anonfun$transform$1(Promise.scala:33)
[2026-08-12T21:23:53.765+0000] {subprocess.py:93} INFO - 	at scala.concurrent.impl.CallbackRunnable.run(Promise.scala:64)
[2026-08-12T21:23:53.802+0000] {subprocess.py:93} INFO - 	at org.apache.spark.util.ThreadUtils$$anon$1.execute(ThreadUtils.scala:99)
[2026-08-12T21:23:53.822+0000] {subprocess.py:93} INFO - 	at scala.concurrent.impl.ExecutionContextImpl$$anon$4.execute(ExecutionContextImpl.scala:138)
[2026-08-12T21:23:53.834+0000] {subprocess.py:93} INFO - 	at scala.concurrent.impl.CallbackRunnable.executeWithValue(Promise.scala:72)
[2026-08-12T21:23:53.935+0000] {subprocess.py:93} INFO - 	at scala.concurrent.impl.Promise$DefaultPromise.$anonfun$tryComplete$1(Promise.scala:288)
[2026-08-12T21:23:53.945+0000] {subprocess.py:93} INFO - 	at scala.concurrent.impl.Promise$DefaultPromise.$anonfun$tryComplete$1$adapted(Promise.scala:288)
[2026-08-12T21:23:53.951+0000] {subprocess.py:93} INFO - 	at scala.concurrent.impl.Promise$DefaultPromise.tryComplete(Promise.scala:288)
[2026-08-12T21:23:53.962+0000] {subprocess.py:93} INFO - 	at scala.concurrent.Promise.complete(Promise.scala:53)
[2026-08-12T21:23:53.970+0000] {subprocess.py:93} INFO - 	at scala.concurrent.Promise.complete$(Promise.scala:52)
[2026-08-12T21:23:53.973+0000] {subprocess.py:93} INFO - 	at scala.concurrent.impl.Promise$DefaultPromise.complete(Promise.scala:187)
[2026-08-12T21:23:53.989+0000] {subprocess.py:93} INFO - 	at scala.concurrent.impl.Promise.$anonfun$transform$1(Promise.scala:33)
[2026-08-12T21:23:54.007+0000] {subprocess.py:93} INFO - 	at scala.concurrent.impl.CallbackRunnable.run(Promise.scala:64)
[2026-08-12T21:23:54.017+0000] {subprocess.py:93} INFO - 	at scala.concurrent.BatchingExecutor$Batch.processBatch$1(BatchingExecutor.scala:67)
[2026-08-12T21:23:54.062+0000] {subprocess.py:93} INFO - 	at scala.concurrent.BatchingExecutor$Batch.$anonfun$run$1(BatchingExecutor.scala:82)
[2026-08-12T21:23:54.077+0000] {subprocess.py:93} INFO - 	at scala.runtime.java8.JFunction0$mcV$sp.apply(JFunction0$mcV$sp.java:23)
[2026-08-12T21:23:54.083+0000] {subprocess.py:93} INFO - 	at scala.concurrent.BlockContext$.withBlockContext(BlockContext.scala:85)
[2026-08-12T21:23:54.097+0000] {subprocess.py:93} INFO - 	at scala.concurrent.BatchingExecutor$Batch.run(BatchingExecutor.scala:59)
[2026-08-12T21:23:54.114+0000] {subprocess.py:93} INFO - 	at scala.concurrent.Future$InternalCallbackExecutor$.unbatchedExecute(Future.scala:875)
[2026-08-12T21:23:54.130+0000] {subprocess.py:93} INFO - 	at scala.concurrent.BatchingExecutor.execute(BatchingExecutor.scala:110)
[2026-08-12T21:23:54.133+0000] {subprocess.py:93} INFO - 	at scala.concurrent.BatchingExecutor.execute$(BatchingExecutor.scala:107)
[2026-08-12T21:23:54.155+0000] {subprocess.py:93} INFO - 	at scala.concurrent.Future$InternalCallbackExecutor$.execute(Future.scala:873)
[2026-08-12T21:23:54.162+0000] {subprocess.py:93} INFO - 	at scala.concurrent.impl.CallbackRunnable.executeWithValue(Promise.scala:72)
[2026-08-12T21:23:54.170+0000] {subprocess.py:93} INFO - 	at scala.concurrent.impl.Promise$DefaultPromise.$anonfun$tryComplete$1(Promise.scala:288)
[2026-08-12T21:23:54.180+0000] {subprocess.py:93} INFO - 	at scala.concurrent.impl.Promise$DefaultPromise.$anonfun$tryComplete$1$adapted(Promise.scala:288)
[2026-08-12T21:23:54.195+0000] {subprocess.py:93} INFO - 	at scala.concurrent.impl.Promise$DefaultPromise.tryComplete(Promise.scala:288)
[2026-08-12T21:23:54.243+0000] {subprocess.py:93} INFO - 	at scala.concurrent.Promise.trySuccess(Promise.scala:94)
[2026-08-12T21:23:54.287+0000] {subprocess.py:93} INFO - 	at scala.concurrent.Promise.trySuccess$(Promise.scala:94)
[2026-08-12T21:23:54.304+0000] {subprocess.py:93} INFO - 	at scala.concurrent.impl.Promise$DefaultPromise.trySuccess(Promise.scala:187)
[2026-08-12T21:23:54.327+0000] {subprocess.py:93} INFO - 	at org.apache.spark.rpc.netty.NettyRpcEnv.onSuccess$1(NettyRpcEnv.scala:225)
[2026-08-12T21:23:54.348+0000] {subprocess.py:93} INFO - 	at org.apache.spark.rpc.netty.NettyRpcEnv.$anonfun$askAbortable$5(NettyRpcEnv.scala:239)
[2026-08-12T21:23:54.353+0000] {subprocess.py:93} INFO - 	at org.apache.spark.rpc.netty.NettyRpcEnv.$anonfun$askAbortable$5$adapted(NettyRpcEnv.scala:238)
[2026-08-12T21:23:54.390+0000] {subprocess.py:93} INFO - 	at scala.concurrent.impl.CallbackRunnable.run(Promise.scala:64)
[2026-08-12T21:23:54.419+0000] {subprocess.py:93} INFO - 	at org.apache.spark.util.ThreadUtils$$anon$1.execute(ThreadUtils.scala:99)
[2026-08-12T21:23:54.434+0000] {subprocess.py:93} INFO - 	at scala.concurrent.impl.ExecutionContextImpl$$anon$4.execute(ExecutionContextImpl.scala:138)
[2026-08-12T21:23:54.451+0000] {subprocess.py:93} INFO - 	at scala.concurrent.impl.CallbackRunnable.executeWithValue(Promise.scala:72)
[2026-08-12T21:23:54.462+0000] {subprocess.py:93} INFO - 	at scala.concurrent.impl.Promise$DefaultPromise.$anonfun$tryComplete$1(Promise.scala:288)
[2026-08-12T21:23:54.476+0000] {subprocess.py:93} INFO - 	at scala.concurrent.impl.Promise$DefaultPromise.$anonfun$tryComplete$1$adapted(Promise.scala:288)
[2026-08-12T21:23:54.498+0000] {subprocess.py:93} INFO - 	at scala.concurrent.impl.Promise$DefaultPromise.tryComplete(Promise.scala:288)
[2026-08-12T21:23:54.521+0000] {subprocess.py:93} INFO - 	at scala.concurrent.Promise.complete(Promise.scala:53)
[2026-08-12T21:23:54.552+0000] {subprocess.py:93} INFO - 	at scala.concurrent.Promise.complete$(Promise.scala:52)
[2026-08-12T21:23:54.574+0000] {subprocess.py:93} INFO - 	at scala.concurrent.impl.Promise$DefaultPromise.complete(Promise.scala:187)
[2026-08-12T21:23:54.578+0000] {subprocess.py:93} INFO - 	at scala.concurrent.Promise.success(Promise.scala:86)
[2026-08-12T21:23:54.610+0000] {subprocess.py:93} INFO - 	at scala.concurrent.Promise.success$(Promise.scala:86)
[2026-08-12T21:23:54.625+0000] {subprocess.py:93} INFO - 	at scala.concurrent.impl.Promise$DefaultPromise.success(Promise.scala:187)
[2026-08-12T21:23:54.647+0000] {subprocess.py:93} INFO - 	at org.apache.spark.rpc.netty.LocalNettyRpcCallContext.send(NettyRpcCallContext.scala:50)
[2026-08-12T21:23:54.671+0000] {subprocess.py:93} INFO - 	at org.apache.spark.rpc.netty.NettyRpcCallContext.reply(NettyRpcCallContext.scala:32)
[2026-08-12T21:23:54.675+0000] {subprocess.py:93} INFO - 	at org.apache.spark.rpc.netty.RpcEndpointVerifier$$anonfun$receiveAndReply$1.applyOrElse(RpcEndpointVerifier.scala:31)
[2026-08-12T21:23:54.698+0000] {subprocess.py:93} INFO - 	... 8 more
[2026-08-12T21:23:54.716+0000] {subprocess.py:93} INFO - 26/08/12 21:23:35 WARN Executor: Issue communicating with driver in heartbeater
[2026-08-12T21:23:54.736+0000] {subprocess.py:93} INFO - org.apache.spark.SparkException: Exception thrown in awaitResult:
[2026-08-12T21:23:54.765+0000] {subprocess.py:93} INFO - 	at org.apache.spark.util.SparkThreadUtils$.awaitResult(SparkThreadUtils.scala:56)
[2026-08-12T21:23:54.818+0000] {subprocess.py:93} INFO - 	at org.apache.spark.util.ThreadUtils$.awaitResult(ThreadUtils.scala:310)
[2026-08-12T21:23:54.867+0000] {subprocess.py:93} INFO - 	at org.apache.spark.rpc.RpcTimeout.awaitResult(RpcTimeout.scala:75)
[2026-08-12T21:23:54.893+0000] {subprocess.py:93} INFO - 	at org.apache.spark.rpc.RpcEndpointRef.askSync(RpcEndpointRef.scala:101)
[2026-08-12T21:23:54.913+0000] {subprocess.py:93} INFO - 	at org.apache.spark.rpc.RpcEndpointRef.askSync(RpcEndpointRef.scala:85)
[2026-08-12T21:23:54.948+0000] {subprocess.py:93} INFO - 	at org.apache.spark.storage.BlockManagerMaster.registerBlockManager(BlockManagerMaster.scala:80)
[2026-08-12T21:23:54.986+0000] {subprocess.py:93} INFO - 	at org.apache.spark.storage.BlockManager.reregister(BlockManager.scala:642)
[2026-08-12T21:23:55.022+0000] {subprocess.py:93} INFO - 	at org.apache.spark.executor.Executor.reportHeartBeat(Executor.scala:1223)
[2026-08-12T21:23:55.031+0000] {subprocess.py:93} INFO - 	at org.apache.spark.executor.Executor.$anonfun$heartbeater$1(Executor.scala:295)
[2026-08-12T21:23:55.043+0000] {subprocess.py:93} INFO - 	at scala.runtime.java8.JFunction0$mcV$sp.apply(JFunction0$mcV$sp.java:23)
[2026-08-12T21:23:55.079+0000] {subprocess.py:93} INFO - 	at org.apache.spark.util.Utils$.logUncaughtExceptions(Utils.scala:1928)
[2026-08-12T21:23:55.097+0000] {subprocess.py:93} INFO - 	at org.apache.spark.Heartbeater$$anon$1.run(Heartbeater.scala:46)
[2026-08-12T21:23:55.106+0000] {subprocess.py:93} INFO - 	at java.base/java.util.concurrent.Executors$RunnableAdapter.call(Executors.java:539)
[2026-08-12T21:23:55.166+0000] {subprocess.py:93} INFO - 	at java.base/java.util.concurrent.FutureTask.runAndReset(FutureTask.java:305)
[2026-08-12T21:23:55.198+0000] {subprocess.py:93} INFO - 	at java.base/java.util.concurrent.ScheduledThreadPoolExecutor$ScheduledFutureTask.run(ScheduledThreadPoolExecutor.java:305)
[2026-08-12T21:23:55.245+0000] {subprocess.py:93} INFO - 	at java.base/java.util.concurrent.ThreadPoolExecutor.runWorker(ThreadPoolExecutor.java:1136)
[2026-08-12T21:23:55.264+0000] {subprocess.py:93} INFO - 	at java.base/java.util.concurrent.ThreadPoolExecutor$Worker.run(ThreadPoolExecutor.java:635)
[2026-08-12T21:23:55.271+0000] {subprocess.py:93} INFO - 	at java.base/java.lang.Thread.run(Thread.java:840)
[2026-08-12T21:23:55.294+0000] {subprocess.py:93} INFO - Caused by: org.apache.spark.SparkException: Exception thrown in awaitResult:
[2026-08-12T21:23:55.302+0000] {subprocess.py:93} INFO - 	at org.apache.spark.util.SparkThreadUtils$.awaitResult(SparkThreadUtils.scala:56)
[2026-08-12T21:23:55.307+0000] {subprocess.py:93} INFO - 	at org.apache.spark.util.ThreadUtils$.awaitResult(ThreadUtils.scala:310)
[2026-08-12T21:23:55.385+0000] {subprocess.py:93} INFO - 	at org.apache.spark.rpc.RpcTimeout.awaitResult(RpcTimeout.scala:75)
[2026-08-12T21:23:55.404+0000] {subprocess.py:93} INFO - 	at org.apache.spark.rpc.RpcEnv.setupEndpointRefByURI(RpcEnv.scala:102)
[2026-08-12T21:23:55.490+0000] {subprocess.py:93} INFO - 	at org.apache.spark.rpc.RpcEnv.setupEndpointRef(RpcEnv.scala:110)
[2026-08-12T21:23:55.510+0000] {subprocess.py:93} INFO - 	at org.apache.spark.util.RpcUtils$.makeDriverRef(RpcUtils.scala:36)
[2026-08-12T21:23:55.587+0000] {subprocess.py:93} INFO - 	at org.apache.spark.storage.BlockManagerMasterEndpoint.driverEndpoint$lzycompute(BlockManagerMasterEndpoint.scala:124)
[2026-08-12T21:23:55.628+0000] {subprocess.py:93} INFO - 	at org.apache.spark.storage.BlockManagerMasterEndpoint.org$apache$spark$storage$BlockManagerMasterEndpoint$$driverEndpoint(BlockManagerMasterEndpoint.scala:123)
[2026-08-12T21:23:55.671+0000] {subprocess.py:93} INFO - 	at org.apache.spark.storage.BlockManagerMasterEndpoint.isExecutorAlive$lzycompute$1(BlockManagerMasterEndpoint.scala:688)
[2026-08-12T21:23:55.702+0000] {subprocess.py:93} INFO - 	at org.apache.spark.storage.BlockManagerMasterEndpoint.isExecutorAlive$1(BlockManagerMasterEndpoint.scala:687)
[2026-08-12T21:23:55.722+0000] {subprocess.py:93} INFO - 	at org.apache.spark.storage.BlockManagerMasterEndpoint.org$apache$spark$storage$BlockManagerMasterEndpoint$$register(BlockManagerMasterEndpoint.scala:725)
[2026-08-12T21:23:55.766+0000] {subprocess.py:93} INFO - 	at org.apache.spark.storage.BlockManagerMasterEndpoint$$anonfun$receiveAndReply$1.applyOrElse(BlockManagerMasterEndpoint.scala:133)
[2026-08-12T21:23:55.772+0000] {subprocess.py:93} INFO - 	at org.apache.spark.rpc.netty.Inbox.$anonfun$process$1(Inbox.scala:103)
[2026-08-12T21:23:55.794+0000] {subprocess.py:93} INFO - 	at org.apache.spark.rpc.netty.Inbox.safelyCall(Inbox.scala:213)
[2026-08-12T21:23:55.803+0000] {subprocess.py:93} INFO - 	at org.apache.spark.rpc.netty.Inbox.process(Inbox.scala:100)
[2026-08-12T21:23:55.806+0000] {subprocess.py:93} INFO - 	at org.apache.spark.rpc.netty.MessageLoop.org$apache$spark$rpc$netty$MessageLoop$$receiveLoop(MessageLoop.scala:75)
[2026-08-12T21:23:55.822+0000] {subprocess.py:93} INFO - 	at org.apache.spark.rpc.netty.MessageLoop$$anon$1.run(MessageLoop.scala:41)
[2026-08-12T21:23:55.826+0000] {subprocess.py:93} INFO - 	... 3 more
[2026-08-12T21:23:55.842+0000] {subprocess.py:93} INFO - Caused by: org.apache.spark.rpc.RpcEndpointNotFoundException: Cannot find endpoint: spark://CoarseGrainedScheduler@4099a95615c9:45169
[2026-08-12T21:23:55.854+0000] {subprocess.py:93} INFO - 	at org.apache.spark.rpc.netty.NettyRpcEnv.$anonfun$asyncSetupEndpointRefByURI$1(NettyRpcEnv.scala:148)
[2026-08-12T21:23:55.870+0000] {subprocess.py:93} INFO - 	at org.apache.spark.rpc.netty.NettyRpcEnv.$anonfun$asyncSetupEndpointRefByURI$1$adapted(NettyRpcEnv.scala:144)
[2026-08-12T21:23:55.889+0000] {subprocess.py:93} INFO - 	at scala.concurrent.Future.$anonfun$flatMap$1(Future.scala:307)
[2026-08-12T21:23:55.905+0000] {subprocess.py:93} INFO - 	at scala.concurrent.impl.Promise.$anonfun$transformWith$1(Promise.scala:41)
[2026-08-12T21:23:55.926+0000] {subprocess.py:93} INFO - 	at scala.concurrent.impl.CallbackRunnable.run(Promise.scala:64)
[2026-08-12T21:23:55.957+0000] {subprocess.py:93} INFO - 	at org.apache.spark.util.ThreadUtils$$anon$1.execute(ThreadUtils.scala:99)
[2026-08-12T21:23:55.987+0000] {subprocess.py:93} INFO - 	at scala.concurrent.impl.ExecutionContextImpl$$anon$4.execute(ExecutionContextImpl.scala:138)
[2026-08-12T21:23:55.994+0000] {subprocess.py:93} INFO - 	at scala.concurrent.impl.CallbackRunnable.executeWithValue(Promise.scala:72)
[2026-08-12T21:23:56.001+0000] {subprocess.py:93} INFO - 	at scala.concurrent.impl.Promise$DefaultPromise.$anonfun$tryComplete$1(Promise.scala:288)
[2026-08-12T21:23:56.030+0000] {subprocess.py:93} INFO - 	at scala.concurrent.impl.Promise$DefaultPromise.$anonfun$tryComplete$1$adapted(Promise.scala:288)
[2026-08-12T21:23:56.046+0000] {subprocess.py:93} INFO - 	at scala.concurrent.impl.Promise$DefaultPromise.tryComplete(Promise.scala:288)
[2026-08-12T21:23:56.066+0000] {subprocess.py:93} INFO - 	at scala.concurrent.Promise.complete(Promise.scala:53)
[2026-08-12T21:23:56.077+0000] {subprocess.py:93} INFO - 	at scala.concurrent.Promise.complete$(Promise.scala:52)
[2026-08-12T21:23:56.087+0000] {subprocess.py:93} INFO - 	at scala.concurrent.impl.Promise$DefaultPromise.complete(Promise.scala:187)
[2026-08-12T21:23:56.094+0000] {subprocess.py:93} INFO - 	at scala.concurrent.impl.Promise.$anonfun$transform$1(Promise.scala:33)
[2026-08-12T21:23:56.120+0000] {subprocess.py:93} INFO - 	at scala.concurrent.impl.CallbackRunnable.run(Promise.scala:64)
[2026-08-12T21:23:56.141+0000] {subprocess.py:93} INFO - 	at org.apache.spark.util.ThreadUtils$$anon$1.execute(ThreadUtils.scala:99)
[2026-08-12T21:23:56.155+0000] {subprocess.py:93} INFO - 	at scala.concurrent.impl.ExecutionContextImpl$$anon$4.execute(ExecutionContextImpl.scala:138)
[2026-08-12T21:23:56.160+0000] {subprocess.py:93} INFO - 	at scala.concurrent.impl.CallbackRunnable.executeWithValue(Promise.scala:72)
[2026-08-12T21:23:56.168+0000] {subprocess.py:93} INFO - 	at scala.concurrent.impl.Promise$DefaultPromise.$anonfun$tryComplete$1(Promise.scala:288)
[2026-08-12T21:23:56.173+0000] {subprocess.py:93} INFO - 	at scala.concurrent.impl.Promise$DefaultPromise.$anonfun$tryComplete$1$adapted(Promise.scala:288)
[2026-08-12T21:23:56.202+0000] {subprocess.py:93} INFO - 	at scala.concurrent.impl.Promise$DefaultPromise.tryComplete(Promise.scala:288)
[2026-08-12T21:23:56.217+0000] {subprocess.py:93} INFO - 	at scala.concurrent.Promise.complete(Promise.scala:53)
[2026-08-12T21:23:56.234+0000] {subprocess.py:93} INFO - 	at scala.concurrent.Promise.complete$(Promise.scala:52)
[2026-08-12T21:23:56.247+0000] {subprocess.py:93} INFO - 	at scala.concurrent.impl.Promise$DefaultPromise.complete(Promise.scala:187)
[2026-08-12T21:23:56.257+0000] {subprocess.py:93} INFO - 	at scala.concurrent.impl.Promise.$anonfun$transform$1(Promise.scala:33)
[2026-08-12T21:23:56.267+0000] {subprocess.py:93} INFO - 	at scala.concurrent.impl.CallbackRunnable.run(Promise.scala:64)
[2026-08-12T21:23:56.275+0000] {subprocess.py:93} INFO - 	at scala.concurrent.BatchingExecutor$Batch.processBatch$1(BatchingExecutor.scala:67)
[2026-08-12T21:23:56.286+0000] {subprocess.py:93} INFO - 	at scala.concurrent.BatchingExecutor$Batch.$anonfun$run$1(BatchingExecutor.scala:82)
[2026-08-12T21:23:56.294+0000] {subprocess.py:93} INFO - 	at scala.runtime.java8.JFunction0$mcV$sp.apply(JFunction0$mcV$sp.java:23)
[2026-08-12T21:23:56.298+0000] {subprocess.py:93} INFO - 	at scala.concurrent.BlockContext$.withBlockContext(BlockContext.scala:85)
[2026-08-12T21:23:56.323+0000] {subprocess.py:93} INFO - 	at scala.concurrent.BatchingExecutor$Batch.run(BatchingExecutor.scala:59)
[2026-08-12T21:23:56.325+0000] {subprocess.py:93} INFO - 	at scala.concurrent.Future$InternalCallbackExecutor$.unbatchedExecute(Future.scala:875)
[2026-08-12T21:23:56.348+0000] {subprocess.py:93} INFO - 	at scala.concurrent.BatchingExecutor.execute(BatchingExecutor.scala:110)
[2026-08-12T21:23:56.359+0000] {subprocess.py:93} INFO - 	at scala.concurrent.BatchingExecutor.execute$(BatchingExecutor.scala:107)
[2026-08-12T21:23:56.364+0000] {subprocess.py:93} INFO - 	at scala.concurrent.Future$InternalCallbackExecutor$.execute(Future.scala:873)
[2026-08-12T21:23:56.368+0000] {subprocess.py:93} INFO - 	at scala.concurrent.impl.CallbackRunnable.executeWithValue(Promise.scala:72)
[2026-08-12T21:23:56.406+0000] {subprocess.py:93} INFO - 	at scala.concurrent.impl.Promise$DefaultPromise.$anonfun$tryComplete$1(Promise.scala:288)
[2026-08-12T21:23:56.419+0000] {subprocess.py:93} INFO - 	at scala.concurrent.impl.Promise$DefaultPromise.$anonfun$tryComplete$1$adapted(Promise.scala:288)
[2026-08-12T21:23:56.424+0000] {subprocess.py:93} INFO - 	at scala.concurrent.impl.Promise$DefaultPromise.tryComplete(Promise.scala:288)
[2026-08-12T21:23:56.435+0000] {subprocess.py:93} INFO - 	at scala.concurrent.Promise.trySuccess(Promise.scala:94)
[2026-08-12T21:23:56.448+0000] {subprocess.py:93} INFO - 	at scala.concurrent.Promise.trySuccess$(Promise.scala:94)
[2026-08-12T21:23:56.484+0000] {subprocess.py:93} INFO - 	at scala.concurrent.impl.Promise$DefaultPromise.trySuccess(Promise.scala:187)
[2026-08-12T21:23:56.490+0000] {subprocess.py:93} INFO - 	at org.apache.spark.rpc.netty.NettyRpcEnv.onSuccess$1(NettyRpcEnv.scala:225)
[2026-08-12T21:23:56.547+0000] {subprocess.py:93} INFO - 	at org.apache.spark.rpc.netty.NettyRpcEnv.$anonfun$askAbortable$5(NettyRpcEnv.scala:239)
[2026-08-12T21:23:56.563+0000] {subprocess.py:93} INFO - 	at org.apache.spark.rpc.netty.NettyRpcEnv.$anonfun$askAbortable$5$adapted(NettyRpcEnv.scala:238)
[2026-08-12T21:23:56.573+0000] {subprocess.py:93} INFO - 	at scala.concurrent.impl.CallbackRunnable.run(Promise.scala:64)
[2026-08-12T21:23:56.640+0000] {subprocess.py:93} INFO - 	at org.apache.spark.util.ThreadUtils$$anon$1.execute(ThreadUtils.scala:99)
[2026-08-12T21:23:56.663+0000] {subprocess.py:93} INFO - 	at scala.concurrent.impl.ExecutionContextImpl$$anon$4.execute(ExecutionContextImpl.scala:138)
[2026-08-12T21:23:56.669+0000] {subprocess.py:93} INFO - 	at scala.concurrent.impl.CallbackRunnable.executeWithValue(Promise.scala:72)
[2026-08-12T21:23:56.672+0000] {subprocess.py:93} INFO - 	at scala.concurrent.impl.Promise$DefaultPromise.$anonfun$tryComplete$1(Promise.scala:288)
[2026-08-12T21:23:56.689+0000] {subprocess.py:93} INFO - 	at scala.concurrent.impl.Promise$DefaultPromise.$anonfun$tryComplete$1$adapted(Promise.scala:288)
[2026-08-12T21:23:56.694+0000] {subprocess.py:93} INFO - 	at scala.concurrent.impl.Promise$DefaultPromise.tryComplete(Promise.scala:288)
[2026-08-12T21:23:56.707+0000] {subprocess.py:93} INFO - 	at scala.concurrent.Promise.complete(Promise.scala:53)
[2026-08-12T21:23:56.710+0000] {subprocess.py:93} INFO - 	at scala.concurrent.Promise.complete$(Promise.scala:52)
[2026-08-12T21:23:56.728+0000] {subprocess.py:93} INFO - 	at scala.concurrent.impl.Promise$DefaultPromise.complete(Promise.scala:187)
[2026-08-12T21:23:56.766+0000] {subprocess.py:93} INFO - 	at scala.concurrent.Promise.success(Promise.scala:86)
[2026-08-12T21:23:56.791+0000] {subprocess.py:93} INFO - 	at scala.concurrent.Promise.success$(Promise.scala:86)
[2026-08-12T21:23:56.825+0000] {subprocess.py:93} INFO - 	at scala.concurrent.impl.Promise$DefaultPromise.success(Promise.scala:187)
[2026-08-12T21:23:56.893+0000] {subprocess.py:93} INFO - 	at org.apache.spark.rpc.netty.LocalNettyRpcCallContext.send(NettyRpcCallContext.scala:50)
[2026-08-12T21:23:56.896+0000] {subprocess.py:93} INFO - 	at org.apache.spark.rpc.netty.NettyRpcCallContext.reply(NettyRpcCallContext.scala:32)
[2026-08-12T21:23:56.929+0000] {subprocess.py:93} INFO - 	at org.apache.spark.rpc.netty.RpcEndpointVerifier$$anonfun$receiveAndReply$1.applyOrElse(RpcEndpointVerifier.scala:31)
[2026-08-12T21:23:56.969+0000] {subprocess.py:93} INFO - 	... 8 more
[2026-08-12T21:23:56.994+0000] {subprocess.py:93} INFO - 26/08/12 21:23:39 ERROR Inbox: Ignoring error
[2026-08-12T21:23:57.052+0000] {subprocess.py:93} INFO - org.apache.spark.SparkException: Exception thrown in awaitResult:
[2026-08-12T21:23:57.060+0000] {subprocess.py:93} INFO - 	at org.apache.spark.util.SparkThreadUtils$.awaitResult(SparkThreadUtils.scala:56)
[2026-08-12T21:23:57.114+0000] {subprocess.py:93} INFO - 	at org.apache.spark.util.ThreadUtils$.awaitResult(ThreadUtils.scala:310)
[2026-08-12T21:23:57.136+0000] {subprocess.py:93} INFO - 	at org.apache.spark.rpc.RpcTimeout.awaitResult(RpcTimeout.scala:75)
[2026-08-12T21:23:57.165+0000] {subprocess.py:93} INFO - 	at org.apache.spark.rpc.RpcEnv.setupEndpointRefByURI(RpcEnv.scala:102)
[2026-08-12T21:23:57.186+0000] {subprocess.py:93} INFO - 	at org.apache.spark.rpc.RpcEnv.setupEndpointRef(RpcEnv.scala:110)
[2026-08-12T21:23:57.214+0000] {subprocess.py:93} INFO - 	at org.apache.spark.util.RpcUtils$.makeDriverRef(RpcUtils.scala:36)
[2026-08-12T21:23:57.245+0000] {subprocess.py:93} INFO - 	at org.apache.spark.storage.BlockManagerMasterEndpoint.driverEndpoint$lzycompute(BlockManagerMasterEndpoint.scala:124)
[2026-08-12T21:23:57.249+0000] {subprocess.py:93} INFO - 	at org.apache.spark.storage.BlockManagerMasterEndpoint.org$apache$spark$storage$BlockManagerMasterEndpoint$$driverEndpoint(BlockManagerMasterEndpoint.scala:123)
[2026-08-12T21:23:57.263+0000] {subprocess.py:93} INFO - 	at org.apache.spark.storage.BlockManagerMasterEndpoint.isExecutorAlive$lzycompute$1(BlockManagerMasterEndpoint.scala:688)
[2026-08-12T21:23:57.274+0000] {subprocess.py:93} INFO - 	at org.apache.spark.storage.BlockManagerMasterEndpoint.isExecutorAlive$1(BlockManagerMasterEndpoint.scala:687)
[2026-08-12T21:23:57.302+0000] {subprocess.py:93} INFO - 	at org.apache.spark.storage.BlockManagerMasterEndpoint.org$apache$spark$storage$BlockManagerMasterEndpoint$$register(BlockManagerMasterEndpoint.scala:725)
[2026-08-12T21:23:57.318+0000] {subprocess.py:93} INFO - 	at org.apache.spark.storage.BlockManagerMasterEndpoint$$anonfun$receiveAndReply$1.applyOrElse(BlockManagerMasterEndpoint.scala:133)
[2026-08-12T21:23:57.334+0000] {subprocess.py:93} INFO - 	at org.apache.spark.rpc.netty.Inbox.$anonfun$process$1(Inbox.scala:103)
[2026-08-12T21:23:57.359+0000] {subprocess.py:93} INFO - 	at org.apache.spark.rpc.netty.Inbox.safelyCall(Inbox.scala:213)
[2026-08-12T21:23:57.418+0000] {subprocess.py:93} INFO - 	at org.apache.spark.rpc.netty.Inbox.process(Inbox.scala:100)
[2026-08-12T21:23:57.443+0000] {subprocess.py:93} INFO - 	at org.apache.spark.rpc.netty.MessageLoop.org$apache$spark$rpc$netty$MessageLoop$$receiveLoop(MessageLoop.scala:75)
[2026-08-12T21:23:57.454+0000] {subprocess.py:93} INFO - 	at org.apache.spark.rpc.netty.MessageLoop$$anon$1.run(MessageLoop.scala:41)
[2026-08-12T21:23:57.461+0000] {subprocess.py:93} INFO - 	at java.base/java.util.concurrent.ThreadPoolExecutor.runWorker(ThreadPoolExecutor.java:1136)
[2026-08-12T21:23:57.465+0000] {subprocess.py:93} INFO - 	at java.base/java.util.concurrent.ThreadPoolExecutor$Worker.run(ThreadPoolExecutor.java:635)
[2026-08-12T21:23:57.472+0000] {subprocess.py:93} INFO - 	at java.base/java.lang.Thread.run(Thread.java:840)
[2026-08-12T21:23:57.479+0000] {subprocess.py:93} INFO - Caused by: org.apache.spark.rpc.RpcEndpointNotFoundException: Cannot find endpoint: spark://CoarseGrainedScheduler@4099a95615c9:45169
[2026-08-12T21:23:57.492+0000] {subprocess.py:93} INFO - 	at org.apache.spark.rpc.netty.NettyRpcEnv.$anonfun$asyncSetupEndpointRefByURI$1(NettyRpcEnv.scala:148)
[2026-08-12T21:23:57.515+0000] {subprocess.py:93} INFO - 	at org.apache.spark.rpc.netty.NettyRpcEnv.$anonfun$asyncSetupEndpointRefByURI$1$adapted(NettyRpcEnv.scala:144)
[2026-08-12T21:23:57.526+0000] {subprocess.py:93} INFO - 	at scala.concurrent.Future.$anonfun$flatMap$1(Future.scala:307)
[2026-08-12T21:23:57.551+0000] {subprocess.py:93} INFO - 	at scala.concurrent.impl.Promise.$anonfun$transformWith$1(Promise.scala:41)
[2026-08-12T21:23:57.558+0000] {subprocess.py:93} INFO - 	at scala.concurrent.impl.CallbackRunnable.run(Promise.scala:64)
[2026-08-12T21:23:57.568+0000] {subprocess.py:93} INFO - 	at org.apache.spark.util.ThreadUtils$$anon$1.execute(ThreadUtils.scala:99)
[2026-08-12T21:23:57.572+0000] {subprocess.py:93} INFO - 	at scala.concurrent.impl.ExecutionContextImpl$$anon$4.execute(ExecutionContextImpl.scala:138)
[2026-08-12T21:23:57.583+0000] {subprocess.py:93} INFO - 	at scala.concurrent.impl.CallbackRunnable.executeWithValue(Promise.scala:72)
[2026-08-12T21:23:57.587+0000] {subprocess.py:93} INFO - 	at scala.concurrent.impl.Promise$DefaultPromise.$anonfun$tryComplete$1(Promise.scala:288)
[2026-08-12T21:23:57.602+0000] {subprocess.py:93} INFO - 	at scala.concurrent.impl.Promise$DefaultPromise.$anonfun$tryComplete$1$adapted(Promise.scala:288)
[2026-08-12T21:23:57.607+0000] {subprocess.py:93} INFO - 	at scala.concurrent.impl.Promise$DefaultPromise.tryComplete(Promise.scala:288)
[2026-08-12T21:23:57.622+0000] {subprocess.py:93} INFO - 	at scala.concurrent.Promise.complete(Promise.scala:53)
[2026-08-12T21:23:57.637+0000] {subprocess.py:93} INFO - 	at scala.concurrent.Promise.complete$(Promise.scala:52)
[2026-08-12T21:23:57.653+0000] {subprocess.py:93} INFO - 	at scala.concurrent.impl.Promise$DefaultPromise.complete(Promise.scala:187)
[2026-08-12T21:23:57.666+0000] {subprocess.py:93} INFO - 	at scala.concurrent.impl.Promise.$anonfun$transform$1(Promise.scala:33)
[2026-08-12T21:23:57.669+0000] {subprocess.py:93} INFO - 	at scala.concurrent.impl.CallbackRunnable.run(Promise.scala:64)
[2026-08-12T21:23:57.682+0000] {subprocess.py:93} INFO - 	at org.apache.spark.util.ThreadUtils$$anon$1.execute(ThreadUtils.scala:99)
[2026-08-12T21:23:57.687+0000] {subprocess.py:93} INFO - 	at scala.concurrent.impl.ExecutionContextImpl$$anon$4.execute(ExecutionContextImpl.scala:138)
[2026-08-12T21:23:57.695+0000] {subprocess.py:93} INFO - 	at scala.concurrent.impl.CallbackRunnable.executeWithValue(Promise.scala:72)
[2026-08-12T21:23:57.704+0000] {subprocess.py:93} INFO - 	at scala.concurrent.impl.Promise$DefaultPromise.$anonfun$tryComplete$1(Promise.scala:288)
[2026-08-12T21:23:57.731+0000] {subprocess.py:93} INFO - 	at scala.concurrent.impl.Promise$DefaultPromise.$anonfun$tryComplete$1$adapted(Promise.scala:288)
[2026-08-12T21:23:57.759+0000] {subprocess.py:93} INFO - 	at scala.concurrent.impl.Promise$DefaultPromise.tryComplete(Promise.scala:288)
[2026-08-12T21:23:57.768+0000] {subprocess.py:93} INFO - 	at scala.concurrent.Promise.complete(Promise.scala:53)
[2026-08-12T21:23:57.775+0000] {subprocess.py:93} INFO - 	at scala.concurrent.Promise.complete$(Promise.scala:52)
[2026-08-12T21:23:57.780+0000] {subprocess.py:93} INFO - 	at scala.concurrent.impl.Promise$DefaultPromise.complete(Promise.scala:187)
[2026-08-12T21:23:57.798+0000] {subprocess.py:93} INFO - 	at scala.concurrent.impl.Promise.$anonfun$transform$1(Promise.scala:33)
[2026-08-12T21:23:57.807+0000] {subprocess.py:93} INFO - 	at scala.concurrent.impl.CallbackRunnable.run(Promise.scala:64)
[2026-08-12T21:23:57.831+0000] {subprocess.py:93} INFO - 	at scala.concurrent.BatchingExecutor$Batch.processBatch$1(BatchingExecutor.scala:67)
[2026-08-12T21:23:57.880+0000] {subprocess.py:93} INFO - 	at scala.concurrent.BatchingExecutor$Batch.$anonfun$run$1(BatchingExecutor.scala:82)
[2026-08-12T21:23:57.898+0000] {subprocess.py:93} INFO - 	at scala.runtime.java8.JFunction0$mcV$sp.apply(JFunction0$mcV$sp.java:23)
[2026-08-12T21:23:57.914+0000] {subprocess.py:93} INFO - 	at scala.concurrent.BlockContext$.withBlockContext(BlockContext.scala:85)
[2026-08-12T21:23:57.926+0000] {subprocess.py:93} INFO - 	at scala.concurrent.BatchingExecutor$Batch.run(BatchingExecutor.scala:59)
[2026-08-12T21:23:57.930+0000] {subprocess.py:93} INFO - 	at scala.concurrent.Future$InternalCallbackExecutor$.unbatchedExecute(Future.scala:875)
[2026-08-12T21:23:57.939+0000] {subprocess.py:93} INFO - 	at scala.concurrent.BatchingExecutor.execute(BatchingExecutor.scala:110)
[2026-08-12T21:23:57.943+0000] {subprocess.py:93} INFO - 	at scala.concurrent.BatchingExecutor.execute$(BatchingExecutor.scala:107)
[2026-08-12T21:23:57.958+0000] {subprocess.py:93} INFO - 	at scala.concurrent.Future$InternalCallbackExecutor$.execute(Future.scala:873)
[2026-08-12T21:23:57.961+0000] {subprocess.py:93} INFO - 	at scala.concurrent.impl.CallbackRunnable.executeWithValue(Promise.scala:72)
[2026-08-12T21:23:57.964+0000] {subprocess.py:93} INFO - 	at scala.concurrent.impl.Promise$DefaultPromise.$anonfun$tryComplete$1(Promise.scala:288)
[2026-08-12T21:23:57.970+0000] {subprocess.py:93} INFO - 	at scala.concurrent.impl.Promise$DefaultPromise.$anonfun$tryComplete$1$adapted(Promise.scala:288)
[2026-08-12T21:23:57.979+0000] {subprocess.py:93} INFO - 	at scala.concurrent.impl.Promise$DefaultPromise.tryComplete(Promise.scala:288)
[2026-08-12T21:23:57.988+0000] {subprocess.py:93} INFO - 	at scala.concurrent.Promise.trySuccess(Promise.scala:94)
[2026-08-12T21:23:58.000+0000] {subprocess.py:93} INFO - 	at scala.concurrent.Promise.trySuccess$(Promise.scala:94)
[2026-08-12T21:23:58.019+0000] {subprocess.py:93} INFO - 	at scala.concurrent.impl.Promise$DefaultPromise.trySuccess(Promise.scala:187)
[2026-08-12T21:23:58.049+0000] {subprocess.py:93} INFO - 	at org.apache.spark.rpc.netty.NettyRpcEnv.onSuccess$1(NettyRpcEnv.scala:225)
[2026-08-12T21:23:58.069+0000] {subprocess.py:93} INFO - 	at org.apache.spark.rpc.netty.NettyRpcEnv.$anonfun$askAbortable$5(NettyRpcEnv.scala:239)
[2026-08-12T21:23:58.072+0000] {subprocess.py:93} INFO - 	at org.apache.spark.rpc.netty.NettyRpcEnv.$anonfun$askAbortable$5$adapted(NettyRpcEnv.scala:238)
[2026-08-12T21:23:58.089+0000] {subprocess.py:93} INFO - 	at scala.concurrent.impl.CallbackRunnable.run(Promise.scala:64)
[2026-08-12T21:23:58.106+0000] {subprocess.py:93} INFO - 	at org.apache.spark.util.ThreadUtils$$anon$1.execute(ThreadUtils.scala:99)
[2026-08-12T21:23:58.129+0000] {subprocess.py:93} INFO - 	at scala.concurrent.impl.ExecutionContextImpl$$anon$4.execute(ExecutionContextImpl.scala:138)
[2026-08-12T21:23:58.144+0000] {subprocess.py:93} INFO - 	at scala.concurrent.impl.CallbackRunnable.executeWithValue(Promise.scala:72)
[2026-08-12T21:23:58.152+0000] {subprocess.py:93} INFO - 	at scala.concurrent.impl.Promise$DefaultPromise.$anonfun$tryComplete$1(Promise.scala:288)
[2026-08-12T21:23:58.163+0000] {subprocess.py:93} INFO - 	at scala.concurrent.impl.Promise$DefaultPromise.$anonfun$tryComplete$1$adapted(Promise.scala:288)
[2026-08-12T21:23:58.168+0000] {subprocess.py:93} INFO - 	at scala.concurrent.impl.Promise$DefaultPromise.tryComplete(Promise.scala:288)
[2026-08-12T21:23:58.190+0000] {subprocess.py:93} INFO - 	at scala.concurrent.Promise.complete(Promise.scala:53)
[2026-08-12T21:23:58.201+0000] {subprocess.py:93} INFO - 	at scala.concurrent.Promise.complete$(Promise.scala:52)
[2026-08-12T21:23:58.221+0000] {subprocess.py:93} INFO - 	at scala.concurrent.impl.Promise$DefaultPromise.complete(Promise.scala:187)
[2026-08-12T21:23:58.227+0000] {subprocess.py:93} INFO - 	at scala.concurrent.Promise.success(Promise.scala:86)
[2026-08-12T21:23:58.243+0000] {subprocess.py:93} INFO - 	at scala.concurrent.Promise.success$(Promise.scala:86)
[2026-08-12T21:23:58.246+0000] {subprocess.py:93} INFO - 	at scala.concurrent.impl.Promise$DefaultPromise.success(Promise.scala:187)
[2026-08-12T21:23:58.278+0000] {subprocess.py:93} INFO - 	at org.apache.spark.rpc.netty.LocalNettyRpcCallContext.send(NettyRpcCallContext.scala:50)
[2026-08-12T21:23:58.286+0000] {subprocess.py:93} INFO - 	at org.apache.spark.rpc.netty.NettyRpcCallContext.reply(NettyRpcCallContext.scala:32)
[2026-08-12T21:23:58.308+0000] {subprocess.py:93} INFO - 	at org.apache.spark.rpc.netty.RpcEndpointVerifier$$anonfun$receiveAndReply$1.applyOrElse(RpcEndpointVerifier.scala:31)
[2026-08-12T21:23:58.313+0000] {subprocess.py:93} INFO - 	... 8 more
[2026-08-12T21:23:58.316+0000] {subprocess.py:93} INFO - 26/08/12 21:23:39 WARN Executor: Issue communicating with driver in heartbeater
[2026-08-12T21:23:58.351+0000] {subprocess.py:93} INFO - org.apache.spark.SparkException: Exception thrown in awaitResult:
[2026-08-12T21:23:58.368+0000] {subprocess.py:93} INFO - 	at org.apache.spark.util.SparkThreadUtils$.awaitResult(SparkThreadUtils.scala:56)
[2026-08-12T21:23:58.370+0000] {subprocess.py:93} INFO - 	at org.apache.spark.util.ThreadUtils$.awaitResult(ThreadUtils.scala:310)
[2026-08-12T21:23:58.389+0000] {subprocess.py:93} INFO - 	at org.apache.spark.rpc.RpcTimeout.awaitResult(RpcTimeout.scala:75)
[2026-08-12T21:23:58.403+0000] {subprocess.py:93} INFO - 	at org.apache.spark.rpc.RpcEndpointRef.askSync(RpcEndpointRef.scala:101)
[2026-08-12T21:23:58.411+0000] {subprocess.py:93} INFO - 	at org.apache.spark.rpc.RpcEndpointRef.askSync(RpcEndpointRef.scala:85)
[2026-08-12T21:23:58.419+0000] {subprocess.py:93} INFO - 	at org.apache.spark.storage.BlockManagerMaster.registerBlockManager(BlockManagerMaster.scala:80)
[2026-08-12T21:23:58.467+0000] {subprocess.py:93} INFO - 	at org.apache.spark.storage.BlockManager.reregister(BlockManager.scala:642)
[2026-08-12T21:23:58.485+0000] {subprocess.py:93} INFO - 	at org.apache.spark.executor.Executor.reportHeartBeat(Executor.scala:1223)
[2026-08-12T21:23:58.490+0000] {subprocess.py:93} INFO - 	at org.apache.spark.executor.Executor.$anonfun$heartbeater$1(Executor.scala:295)
[2026-08-12T21:23:58.499+0000] {subprocess.py:93} INFO - 	at scala.runtime.java8.JFunction0$mcV$sp.apply(JFunction0$mcV$sp.java:23)
[2026-08-12T21:23:58.526+0000] {subprocess.py:93} INFO - 	at org.apache.spark.util.Utils$.logUncaughtExceptions(Utils.scala:1928)
[2026-08-12T21:23:58.543+0000] {subprocess.py:93} INFO - 	at org.apache.spark.Heartbeater$$anon$1.run(Heartbeater.scala:46)
[2026-08-12T21:23:58.566+0000] {subprocess.py:93} INFO - 	at java.base/java.util.concurrent.Executors$RunnableAdapter.call(Executors.java:539)
[2026-08-12T21:23:58.576+0000] {subprocess.py:93} INFO - 	at java.base/java.util.concurrent.FutureTask.runAndReset(FutureTask.java:305)
[2026-08-12T21:23:58.583+0000] {subprocess.py:93} INFO - 	at java.base/java.util.concurrent.ScheduledThreadPoolExecutor$ScheduledFutureTask.run(ScheduledThreadPoolExecutor.java:305)
[2026-08-12T21:23:58.593+0000] {subprocess.py:93} INFO - 	at java.base/java.util.concurrent.ThreadPoolExecutor.runWorker(ThreadPoolExecutor.java:1136)
[2026-08-12T21:23:58.598+0000] {subprocess.py:93} INFO - 	at java.base/java.util.concurrent.ThreadPoolExecutor$Worker.run(ThreadPoolExecutor.java:635)
[2026-08-12T21:23:58.609+0000] {subprocess.py:93} INFO - 	at java.base/java.lang.Thread.run(Thread.java:840)
[2026-08-12T21:23:58.646+0000] {subprocess.py:93} INFO - Caused by: org.apache.spark.SparkException: Exception thrown in awaitResult:
[2026-08-12T21:23:58.649+0000] {subprocess.py:93} INFO - 	at org.apache.spark.util.SparkThreadUtils$.awaitResult(SparkThreadUtils.scala:56)
[2026-08-12T21:23:58.677+0000] {subprocess.py:93} INFO - 	at org.apache.spark.util.ThreadUtils$.awaitResult(ThreadUtils.scala:310)
[2026-08-12T21:23:58.683+0000] {subprocess.py:93} INFO - 	at org.apache.spark.rpc.RpcTimeout.awaitResult(RpcTimeout.scala:75)
[2026-08-12T21:23:58.726+0000] {subprocess.py:93} INFO - 	at org.apache.spark.rpc.RpcEnv.setupEndpointRefByURI(RpcEnv.scala:102)
[2026-08-12T21:23:58.751+0000] {subprocess.py:93} INFO - 	at org.apache.spark.rpc.RpcEnv.setupEndpointRef(RpcEnv.scala:110)
[2026-08-12T21:23:58.794+0000] {subprocess.py:93} INFO - 	at org.apache.spark.util.RpcUtils$.makeDriverRef(RpcUtils.scala:36)
[2026-08-12T21:23:58.807+0000] {subprocess.py:93} INFO - 	at org.apache.spark.storage.BlockManagerMasterEndpoint.driverEndpoint$lzycompute(BlockManagerMasterEndpoint.scala:124)
[2026-08-12T21:23:58.812+0000] {subprocess.py:93} INFO - 	at org.apache.spark.storage.BlockManagerMasterEndpoint.org$apache$spark$storage$BlockManagerMasterEndpoint$$driverEndpoint(BlockManagerMasterEndpoint.scala:123)
[2026-08-12T21:23:58.847+0000] {subprocess.py:93} INFO - 	at org.apache.spark.storage.BlockManagerMasterEndpoint.isExecutorAlive$lzycompute$1(BlockManagerMasterEndpoint.scala:688)
[2026-08-12T21:23:58.853+0000] {subprocess.py:93} INFO - 	at org.apache.spark.storage.BlockManagerMasterEndpoint.isExecutorAlive$1(BlockManagerMasterEndpoint.scala:687)
[2026-08-12T21:23:58.857+0000] {subprocess.py:93} INFO - 	at org.apache.spark.storage.BlockManagerMasterEndpoint.org$apache$spark$storage$BlockManagerMasterEndpoint$$register(BlockManagerMasterEndpoint.scala:725)
[2026-08-12T21:23:58.860+0000] {subprocess.py:93} INFO - 	at org.apache.spark.storage.BlockManagerMasterEndpoint$$anonfun$receiveAndReply$1.applyOrElse(BlockManagerMasterEndpoint.scala:133)
[2026-08-12T21:23:58.865+0000] {subprocess.py:93} INFO - 	at org.apache.spark.rpc.netty.Inbox.$anonfun$process$1(Inbox.scala:103)
[2026-08-12T21:23:58.873+0000] {subprocess.py:93} INFO - 	at org.apache.spark.rpc.netty.Inbox.safelyCall(Inbox.scala:213)
[2026-08-12T21:23:58.877+0000] {subprocess.py:93} INFO - 	at org.apache.spark.rpc.netty.Inbox.process(Inbox.scala:100)
[2026-08-12T21:23:58.887+0000] {subprocess.py:93} INFO - 	at org.apache.spark.rpc.netty.MessageLoop.org$apache$spark$rpc$netty$MessageLoop$$receiveLoop(MessageLoop.scala:75)
[2026-08-12T21:23:58.890+0000] {subprocess.py:93} INFO - 	at org.apache.spark.rpc.netty.MessageLoop$$anon$1.run(MessageLoop.scala:41)
[2026-08-12T21:23:58.893+0000] {subprocess.py:93} INFO - 	... 3 more
[2026-08-12T21:23:58.896+0000] {subprocess.py:93} INFO - Caused by: org.apache.spark.rpc.RpcEndpointNotFoundException: Cannot find endpoint: spark://CoarseGrainedScheduler@4099a95615c9:45169
[2026-08-12T21:23:58.905+0000] {subprocess.py:93} INFO - 	at org.apache.spark.rpc.netty.NettyRpcEnv.$anonfun$asyncSetupEndpointRefByURI$1(NettyRpcEnv.scala:148)
[2026-08-12T21:23:58.908+0000] {subprocess.py:93} INFO - 	at org.apache.spark.rpc.netty.NettyRpcEnv.$anonfun$asyncSetupEndpointRefByURI$1$adapted(NettyRpcEnv.scala:144)
[2026-08-12T21:23:58.930+0000] {subprocess.py:93} INFO - 	at scala.concurrent.Future.$anonfun$flatMap$1(Future.scala:307)
[2026-08-12T21:23:58.939+0000] {subprocess.py:93} INFO - 	at scala.concurrent.impl.Promise.$anonfun$transformWith$1(Promise.scala:41)
[2026-08-12T21:23:58.974+0000] {subprocess.py:93} INFO - 	at scala.concurrent.impl.CallbackRunnable.run(Promise.scala:64)
[2026-08-12T21:23:58.981+0000] {subprocess.py:93} INFO - 	at org.apache.spark.util.ThreadUtils$$anon$1.execute(ThreadUtils.scala:99)
[2026-08-12T21:23:58.994+0000] {subprocess.py:93} INFO - 	at scala.concurrent.impl.ExecutionContextImpl$$anon$4.execute(ExecutionContextImpl.scala:138)
[2026-08-12T21:23:59.011+0000] {subprocess.py:93} INFO - 	at scala.concurrent.impl.CallbackRunnable.executeWithValue(Promise.scala:72)
[2026-08-12T21:23:59.023+0000] {subprocess.py:93} INFO - 	at scala.concurrent.impl.Promise$DefaultPromise.$anonfun$tryComplete$1(Promise.scala:288)
[2026-08-12T21:23:59.047+0000] {subprocess.py:93} INFO - 	at scala.concurrent.impl.Promise$DefaultPromise.$anonfun$tryComplete$1$adapted(Promise.scala:288)
[2026-08-12T21:23:59.072+0000] {subprocess.py:93} INFO - 	at scala.concurrent.impl.Promise$DefaultPromise.tryComplete(Promise.scala:288)
[2026-08-12T21:23:59.077+0000] {subprocess.py:93} INFO - 	at scala.concurrent.Promise.complete(Promise.scala:53)
[2026-08-12T21:23:59.107+0000] {subprocess.py:93} INFO - 	at scala.concurrent.Promise.complete$(Promise.scala:52)
[2026-08-12T21:23:59.114+0000] {subprocess.py:93} INFO - 	at scala.concurrent.impl.Promise$DefaultPromise.complete(Promise.scala:187)
[2026-08-12T21:23:59.123+0000] {subprocess.py:93} INFO - 	at scala.concurrent.impl.Promise.$anonfun$transform$1(Promise.scala:33)
[2026-08-12T21:23:59.136+0000] {subprocess.py:93} INFO - 	at scala.concurrent.impl.CallbackRunnable.run(Promise.scala:64)
[2026-08-12T21:23:59.139+0000] {subprocess.py:93} INFO - 	at org.apache.spark.util.ThreadUtils$$anon$1.execute(ThreadUtils.scala:99)
[2026-08-12T21:23:59.154+0000] {subprocess.py:93} INFO - 	at scala.concurrent.impl.ExecutionContextImpl$$anon$4.execute(ExecutionContextImpl.scala:138)
[2026-08-12T21:23:59.161+0000] {subprocess.py:93} INFO - 	at scala.concurrent.impl.CallbackRunnable.executeWithValue(Promise.scala:72)
[2026-08-12T21:23:59.170+0000] {subprocess.py:93} INFO - 	at scala.concurrent.impl.Promise$DefaultPromise.$anonfun$tryComplete$1(Promise.scala:288)
[2026-08-12T21:23:59.190+0000] {subprocess.py:93} INFO - 	at scala.concurrent.impl.Promise$DefaultPromise.$anonfun$tryComplete$1$adapted(Promise.scala:288)
[2026-08-12T21:23:59.213+0000] {subprocess.py:93} INFO - 	at scala.concurrent.impl.Promise$DefaultPromise.tryComplete(Promise.scala:288)
[2026-08-12T21:23:59.225+0000] {subprocess.py:93} INFO - 	at scala.concurrent.Promise.complete(Promise.scala:53)
[2026-08-12T21:23:59.251+0000] {subprocess.py:93} INFO - 	at scala.concurrent.Promise.complete$(Promise.scala:52)
[2026-08-12T21:23:59.274+0000] {subprocess.py:93} INFO - 	at scala.concurrent.impl.Promise$DefaultPromise.complete(Promise.scala:187)
[2026-08-12T21:23:59.294+0000] {subprocess.py:93} INFO - 	at scala.concurrent.impl.Promise.$anonfun$transform$1(Promise.scala:33)
[2026-08-12T21:23:59.315+0000] {subprocess.py:93} INFO - 	at scala.concurrent.impl.CallbackRunnable.run(Promise.scala:64)
[2026-08-12T21:23:59.343+0000] {subprocess.py:93} INFO - 	at scala.concurrent.BatchingExecutor$Batch.processBatch$1(BatchingExecutor.scala:67)
[2026-08-12T21:23:59.368+0000] {subprocess.py:93} INFO - 	at scala.concurrent.BatchingExecutor$Batch.$anonfun$run$1(BatchingExecutor.scala:82)
[2026-08-12T21:23:59.375+0000] {subprocess.py:93} INFO - 	at scala.runtime.java8.JFunction0$mcV$sp.apply(JFunction0$mcV$sp.java:23)
[2026-08-12T21:23:59.381+0000] {subprocess.py:93} INFO - 	at scala.concurrent.BlockContext$.withBlockContext(BlockContext.scala:85)
[2026-08-12T21:23:59.403+0000] {subprocess.py:93} INFO - 	at scala.concurrent.BatchingExecutor$Batch.run(BatchingExecutor.scala:59)
[2026-08-12T21:23:59.406+0000] {subprocess.py:93} INFO - 	at scala.concurrent.Future$InternalCallbackExecutor$.unbatchedExecute(Future.scala:875)
[2026-08-12T21:23:59.421+0000] {subprocess.py:93} INFO - 	at scala.concurrent.BatchingExecutor.execute(BatchingExecutor.scala:110)
[2026-08-12T21:23:59.455+0000] {subprocess.py:93} INFO - 	at scala.concurrent.BatchingExecutor.execute$(BatchingExecutor.scala:107)
[2026-08-12T21:23:59.473+0000] {subprocess.py:93} INFO - 	at scala.concurrent.Future$InternalCallbackExecutor$.execute(Future.scala:873)
[2026-08-12T21:23:59.479+0000] {subprocess.py:93} INFO - 	at scala.concurrent.impl.CallbackRunnable.executeWithValue(Promise.scala:72)
[2026-08-12T21:23:59.516+0000] {subprocess.py:93} INFO - 	at scala.concurrent.impl.Promise$DefaultPromise.$anonfun$tryComplete$1(Promise.scala:288)
[2026-08-12T21:23:59.570+0000] {subprocess.py:93} INFO - 	at scala.concurrent.impl.Promise$DefaultPromise.$anonfun$tryComplete$1$adapted(Promise.scala:288)
[2026-08-12T21:23:59.603+0000] {subprocess.py:93} INFO - 	at scala.concurrent.impl.Promise$DefaultPromise.tryComplete(Promise.scala:288)
[2026-08-12T21:23:59.617+0000] {subprocess.py:93} INFO - 	at scala.concurrent.Promise.trySuccess(Promise.scala:94)
[2026-08-12T21:23:59.657+0000] {subprocess.py:93} INFO - 	at scala.concurrent.Promise.trySuccess$(Promise.scala:94)
[2026-08-12T21:23:59.662+0000] {subprocess.py:93} INFO - 	at scala.concurrent.impl.Promise$DefaultPromise.trySuccess(Promise.scala:187)
[2026-08-12T21:23:59.756+0000] {subprocess.py:93} INFO - 	at org.apache.spark.rpc.netty.NettyRpcEnv.onSuccess$1(NettyRpcEnv.scala:225)
[2026-08-12T21:23:59.762+0000] {subprocess.py:93} INFO - 	at org.apache.spark.rpc.netty.NettyRpcEnv.$anonfun$askAbortable$5(NettyRpcEnv.scala:239)
[2026-08-12T21:23:59.770+0000] {subprocess.py:93} INFO - 	at org.apache.spark.rpc.netty.NettyRpcEnv.$anonfun$askAbortable$5$adapted(NettyRpcEnv.scala:238)
[2026-08-12T21:23:59.775+0000] {subprocess.py:93} INFO - 	at scala.concurrent.impl.CallbackRunnable.run(Promise.scala:64)
[2026-08-12T21:23:59.816+0000] {subprocess.py:93} INFO - 	at org.apache.spark.util.ThreadUtils$$anon$1.execute(ThreadUtils.scala:99)
[2026-08-12T21:23:59.865+0000] {subprocess.py:93} INFO - 	at scala.concurrent.impl.ExecutionContextImpl$$anon$4.execute(ExecutionContextImpl.scala:138)
[2026-08-12T21:23:59.906+0000] {subprocess.py:93} INFO - 	at scala.concurrent.impl.CallbackRunnable.executeWithValue(Promise.scala:72)
[2026-08-12T21:23:59.945+0000] {subprocess.py:93} INFO - 	at scala.concurrent.impl.Promise$DefaultPromise.$anonfun$tryComplete$1(Promise.scala:288)
[2026-08-12T21:23:59.957+0000] {subprocess.py:93} INFO - 	at scala.concurrent.impl.Promise$DefaultPromise.$anonfun$tryComplete$1$adapted(Promise.scala:288)
[2026-08-12T21:23:59.966+0000] {subprocess.py:93} INFO - 	at scala.concurrent.impl.Promise$DefaultPromise.tryComplete(Promise.scala:288)
[2026-08-12T21:23:59.982+0000] {subprocess.py:93} INFO - 	at scala.concurrent.Promise.complete(Promise.scala:53)
[2026-08-12T21:23:59.989+0000] {subprocess.py:93} INFO - 	at scala.concurrent.Promise.complete$(Promise.scala:52)
[2026-08-12T21:23:59.992+0000] {subprocess.py:93} INFO - 	at scala.concurrent.impl.Promise$DefaultPromise.complete(Promise.scala:187)
[2026-08-12T21:24:00.009+0000] {subprocess.py:93} INFO - 	at scala.concurrent.Promise.success(Promise.scala:86)
[2026-08-12T21:24:00.025+0000] {subprocess.py:93} INFO - 	at scala.concurrent.Promise.success$(Promise.scala:86)
[2026-08-12T21:24:00.061+0000] {subprocess.py:93} INFO - 	at scala.concurrent.impl.Promise$DefaultPromise.success(Promise.scala:187)
[2026-08-12T21:24:00.145+0000] {subprocess.py:93} INFO - 	at org.apache.spark.rpc.netty.LocalNettyRpcCallContext.send(NettyRpcCallContext.scala:50)
[2026-08-12T21:24:00.161+0000] {subprocess.py:93} INFO - 	at org.apache.spark.rpc.netty.NettyRpcCallContext.reply(NettyRpcCallContext.scala:32)
[2026-08-12T21:24:00.212+0000] {subprocess.py:93} INFO - 	at org.apache.spark.rpc.netty.RpcEndpointVerifier$$anonfun$receiveAndReply$1.applyOrElse(RpcEndpointVerifier.scala:31)
[2026-08-12T21:24:00.256+0000] {subprocess.py:93} INFO - 	... 8 more
[2026-08-12T21:24:00.299+0000] {subprocess.py:93} INFO - 26/08/12 21:23:43 ERROR Inbox: Ignoring error
[2026-08-12T21:24:00.310+0000] {subprocess.py:93} INFO - org.apache.spark.SparkException: Exception thrown in awaitResult:
[2026-08-12T21:24:00.328+0000] {subprocess.py:93} INFO - 	at org.apache.spark.util.SparkThreadUtils$.awaitResult(SparkThreadUtils.scala:56)
[2026-08-12T21:24:00.345+0000] {subprocess.py:93} INFO - 	at org.apache.spark.util.ThreadUtils$.awaitResult(ThreadUtils.scala:310)
[2026-08-12T21:24:00.347+0000] {subprocess.py:93} INFO - 	at org.apache.spark.rpc.RpcTimeout.awaitResult(RpcTimeout.scala:75)
[2026-08-12T21:24:00.363+0000] {subprocess.py:93} INFO - 	at org.apache.spark.rpc.RpcEnv.setupEndpointRefByURI(RpcEnv.scala:102)
[2026-08-12T21:24:00.367+0000] {subprocess.py:93} INFO - 	at org.apache.spark.rpc.RpcEnv.setupEndpointRef(RpcEnv.scala:110)
[2026-08-12T21:24:00.391+0000] {subprocess.py:93} INFO - 	at org.apache.spark.util.RpcUtils$.makeDriverRef(RpcUtils.scala:36)
[2026-08-12T21:24:00.400+0000] {subprocess.py:93} INFO - 	at org.apache.spark.storage.BlockManagerMasterEndpoint.driverEndpoint$lzycompute(BlockManagerMasterEndpoint.scala:124)
[2026-08-12T21:24:00.406+0000] {subprocess.py:93} INFO - 	at org.apache.spark.storage.BlockManagerMasterEndpoint.org$apache$spark$storage$BlockManagerMasterEndpoint$$driverEndpoint(BlockManagerMasterEndpoint.scala:123)
[2026-08-12T21:24:00.416+0000] {subprocess.py:93} INFO - 	at org.apache.spark.storage.BlockManagerMasterEndpoint.isExecutorAlive$lzycompute$1(BlockManagerMasterEndpoint.scala:688)
[2026-08-12T21:24:00.434+0000] {subprocess.py:93} INFO - 	at org.apache.spark.storage.BlockManagerMasterEndpoint.isExecutorAlive$1(BlockManagerMasterEndpoint.scala:687)
[2026-08-12T21:24:00.448+0000] {subprocess.py:93} INFO - 	at org.apache.spark.storage.BlockManagerMasterEndpoint.org$apache$spark$storage$BlockManagerMasterEndpoint$$register(BlockManagerMasterEndpoint.scala:725)
[2026-08-12T21:24:00.495+0000] {subprocess.py:93} INFO - 	at org.apache.spark.storage.BlockManagerMasterEndpoint$$anonfun$receiveAndReply$1.applyOrElse(BlockManagerMasterEndpoint.scala:133)
[2026-08-12T21:24:00.517+0000] {subprocess.py:93} INFO - 	at org.apache.spark.rpc.netty.Inbox.$anonfun$process$1(Inbox.scala:103)
[2026-08-12T21:24:00.527+0000] {subprocess.py:93} INFO - 	at org.apache.spark.rpc.netty.Inbox.safelyCall(Inbox.scala:213)
[2026-08-12T21:24:00.546+0000] {subprocess.py:93} INFO - 	at org.apache.spark.rpc.netty.Inbox.process(Inbox.scala:100)
[2026-08-12T21:24:00.554+0000] {subprocess.py:93} INFO - 	at org.apache.spark.rpc.netty.MessageLoop.org$apache$spark$rpc$netty$MessageLoop$$receiveLoop(MessageLoop.scala:75)
[2026-08-12T21:24:00.557+0000] {subprocess.py:93} INFO - 	at org.apache.spark.rpc.netty.MessageLoop$$anon$1.run(MessageLoop.scala:41)
[2026-08-12T21:24:00.568+0000] {subprocess.py:93} INFO - 	at java.base/java.util.concurrent.ThreadPoolExecutor.runWorker(ThreadPoolExecutor.java:1136)
[2026-08-12T21:24:00.572+0000] {subprocess.py:93} INFO - 	at java.base/java.util.concurrent.ThreadPoolExecutor$Worker.run(ThreadPoolExecutor.java:635)
[2026-08-12T21:24:00.584+0000] {subprocess.py:93} INFO - 	at java.base/java.lang.Thread.run(Thread.java:840)
[2026-08-12T21:24:00.594+0000] {subprocess.py:93} INFO - Caused by: org.apache.spark.rpc.RpcEndpointNotFoundException: Cannot find endpoint: spark://CoarseGrainedScheduler@4099a95615c9:45169
[2026-08-12T21:24:00.600+0000] {subprocess.py:93} INFO - 	at org.apache.spark.rpc.netty.NettyRpcEnv.$anonfun$asyncSetupEndpointRefByURI$1(NettyRpcEnv.scala:148)
[2026-08-12T21:24:00.611+0000] {subprocess.py:93} INFO - 	at org.apache.spark.rpc.netty.NettyRpcEnv.$anonfun$asyncSetupEndpointRefByURI$1$adapted(NettyRpcEnv.scala:144)
[2026-08-12T21:24:00.622+0000] {subprocess.py:93} INFO - 	at scala.concurrent.Future.$anonfun$flatMap$1(Future.scala:307)
[2026-08-12T21:24:00.637+0000] {subprocess.py:93} INFO - 	at scala.concurrent.impl.Promise.$anonfun$transformWith$1(Promise.scala:41)
[2026-08-12T21:24:00.647+0000] {subprocess.py:93} INFO - 	at scala.concurrent.impl.CallbackRunnable.run(Promise.scala:64)
[2026-08-12T21:24:00.658+0000] {subprocess.py:93} INFO - 	at org.apache.spark.util.ThreadUtils$$anon$1.execute(ThreadUtils.scala:99)
[2026-08-12T21:24:00.678+0000] {subprocess.py:93} INFO - 	at scala.concurrent.impl.ExecutionContextImpl$$anon$4.execute(ExecutionContextImpl.scala:138)
[2026-08-12T21:24:00.686+0000] {subprocess.py:93} INFO - 	at scala.concurrent.impl.CallbackRunnable.executeWithValue(Promise.scala:72)
[2026-08-12T21:24:00.691+0000] {subprocess.py:93} INFO - 	at scala.concurrent.impl.Promise$DefaultPromise.$anonfun$tryComplete$1(Promise.scala:288)
[2026-08-12T21:24:00.701+0000] {subprocess.py:93} INFO - 	at scala.concurrent.impl.Promise$DefaultPromise.$anonfun$tryComplete$1$adapted(Promise.scala:288)
[2026-08-12T21:24:00.709+0000] {subprocess.py:93} INFO - 	at scala.concurrent.impl.Promise$DefaultPromise.tryComplete(Promise.scala:288)
[2026-08-12T21:24:00.720+0000] {subprocess.py:93} INFO - 	at scala.concurrent.Promise.complete(Promise.scala:53)
[2026-08-12T21:24:00.728+0000] {subprocess.py:93} INFO - 	at scala.concurrent.Promise.complete$(Promise.scala:52)
[2026-08-12T21:24:00.739+0000] {subprocess.py:93} INFO - 	at scala.concurrent.impl.Promise$DefaultPromise.complete(Promise.scala:187)
[2026-08-12T21:24:00.743+0000] {subprocess.py:93} INFO - 	at scala.concurrent.impl.Promise.$anonfun$transform$1(Promise.scala:33)
[2026-08-12T21:24:00.751+0000] {subprocess.py:93} INFO - 	at scala.concurrent.impl.CallbackRunnable.run(Promise.scala:64)
[2026-08-12T21:24:00.763+0000] {subprocess.py:93} INFO - 	at org.apache.spark.util.ThreadUtils$$anon$1.execute(ThreadUtils.scala:99)
[2026-08-12T21:24:00.766+0000] {subprocess.py:93} INFO - 	at scala.concurrent.impl.ExecutionContextImpl$$anon$4.execute(ExecutionContextImpl.scala:138)
[2026-08-12T21:24:00.782+0000] {subprocess.py:93} INFO - 	at scala.concurrent.impl.CallbackRunnable.executeWithValue(Promise.scala:72)
[2026-08-12T21:24:00.791+0000] {subprocess.py:93} INFO - 	at scala.concurrent.impl.Promise$DefaultPromise.$anonfun$tryComplete$1(Promise.scala:288)
[2026-08-12T21:24:00.823+0000] {subprocess.py:93} INFO - 	at scala.concurrent.impl.Promise$DefaultPromise.$anonfun$tryComplete$1$adapted(Promise.scala:288)
[2026-08-12T21:24:00.826+0000] {subprocess.py:93} INFO - 	at scala.concurrent.impl.Promise$DefaultPromise.tryComplete(Promise.scala:288)
[2026-08-12T21:24:00.831+0000] {subprocess.py:93} INFO - 	at scala.concurrent.Promise.complete(Promise.scala:53)
[2026-08-12T21:24:00.841+0000] {subprocess.py:93} INFO - 	at scala.concurrent.Promise.complete$(Promise.scala:52)
[2026-08-12T21:24:00.848+0000] {subprocess.py:93} INFO - 	at scala.concurrent.impl.Promise$DefaultPromise.complete(Promise.scala:187)
[2026-08-12T21:24:00.860+0000] {subprocess.py:93} INFO - 	at scala.concurrent.impl.Promise.$anonfun$transform$1(Promise.scala:33)
[2026-08-12T21:24:00.867+0000] {subprocess.py:93} INFO - 	at scala.concurrent.impl.CallbackRunnable.run(Promise.scala:64)
[2026-08-12T21:24:00.878+0000] {subprocess.py:93} INFO - 	at scala.concurrent.BatchingExecutor$Batch.processBatch$1(BatchingExecutor.scala:67)
[2026-08-12T21:24:00.889+0000] {subprocess.py:93} INFO - 	at scala.concurrent.BatchingExecutor$Batch.$anonfun$run$1(BatchingExecutor.scala:82)
[2026-08-12T21:24:00.899+0000] {subprocess.py:93} INFO - 	at scala.runtime.java8.JFunction0$mcV$sp.apply(JFunction0$mcV$sp.java:23)
[2026-08-12T21:24:00.913+0000] {subprocess.py:93} INFO - 	at scala.concurrent.BlockContext$.withBlockContext(BlockContext.scala:85)
[2026-08-12T21:24:00.946+0000] {subprocess.py:93} INFO - 	at scala.concurrent.BatchingExecutor$Batch.run(BatchingExecutor.scala:59)
[2026-08-12T21:24:00.981+0000] {subprocess.py:93} INFO - 	at scala.concurrent.Future$InternalCallbackExecutor$.unbatchedExecute(Future.scala:875)
[2026-08-12T21:24:00.985+0000] {subprocess.py:93} INFO - 	at scala.concurrent.BatchingExecutor.execute(BatchingExecutor.scala:110)
[2026-08-12T21:24:00.991+0000] {subprocess.py:93} INFO - 	at scala.concurrent.BatchingExecutor.execute$(BatchingExecutor.scala:107)
[2026-08-12T21:24:01.015+0000] {subprocess.py:93} INFO - 	at scala.concurrent.Future$InternalCallbackExecutor$.execute(Future.scala:873)
[2026-08-12T21:24:01.029+0000] {subprocess.py:93} INFO - 	at scala.concurrent.impl.CallbackRunnable.executeWithValue(Promise.scala:72)
[2026-08-12T21:24:01.045+0000] {subprocess.py:93} INFO - 	at scala.concurrent.impl.Promise$DefaultPromise.$anonfun$tryComplete$1(Promise.scala:288)
[2026-08-12T21:24:01.077+0000] {subprocess.py:93} INFO - 	at scala.concurrent.impl.Promise$DefaultPromise.$anonfun$tryComplete$1$adapted(Promise.scala:288)
[2026-08-12T21:24:01.094+0000] {subprocess.py:93} INFO - 	at scala.concurrent.impl.Promise$DefaultPromise.tryComplete(Promise.scala:288)
[2026-08-12T21:24:01.118+0000] {subprocess.py:93} INFO - 	at scala.concurrent.Promise.trySuccess(Promise.scala:94)
[2026-08-12T21:24:01.128+0000] {subprocess.py:93} INFO - 	at scala.concurrent.Promise.trySuccess$(Promise.scala:94)
[2026-08-12T21:24:01.134+0000] {subprocess.py:93} INFO - 	at scala.concurrent.impl.Promise$DefaultPromise.trySuccess(Promise.scala:187)
[2026-08-12T21:24:01.144+0000] {subprocess.py:93} INFO - 	at org.apache.spark.rpc.netty.NettyRpcEnv.onSuccess$1(NettyRpcEnv.scala:225)
[2026-08-12T21:24:01.152+0000] {subprocess.py:93} INFO - 	at org.apache.spark.rpc.netty.NettyRpcEnv.$anonfun$askAbortable$5(NettyRpcEnv.scala:239)
[2026-08-12T21:24:01.158+0000] {subprocess.py:93} INFO - 	at org.apache.spark.rpc.netty.NettyRpcEnv.$anonfun$askAbortable$5$adapted(NettyRpcEnv.scala:238)
[2026-08-12T21:24:01.163+0000] {subprocess.py:93} INFO - 	at scala.concurrent.impl.CallbackRunnable.run(Promise.scala:64)
[2026-08-12T21:24:01.187+0000] {subprocess.py:93} INFO - 	at org.apache.spark.util.ThreadUtils$$anon$1.execute(ThreadUtils.scala:99)
[2026-08-12T21:24:01.207+0000] {subprocess.py:93} INFO - 	at scala.concurrent.impl.ExecutionContextImpl$$anon$4.execute(ExecutionContextImpl.scala:138)
[2026-08-12T21:24:01.212+0000] {subprocess.py:93} INFO - 	at scala.concurrent.impl.CallbackRunnable.executeWithValue(Promise.scala:72)
[2026-08-12T21:24:01.215+0000] {subprocess.py:93} INFO - 	at scala.concurrent.impl.Promise$DefaultPromise.$anonfun$tryComplete$1(Promise.scala:288)
[2026-08-12T21:24:01.221+0000] {subprocess.py:93} INFO - 	at scala.concurrent.impl.Promise$DefaultPromise.$anonfun$tryComplete$1$adapted(Promise.scala:288)
[2026-08-12T21:24:01.232+0000] {subprocess.py:93} INFO - 	at scala.concurrent.impl.Promise$DefaultPromise.tryComplete(Promise.scala:288)
[2026-08-12T21:24:01.235+0000] {subprocess.py:93} INFO - 	at scala.concurrent.Promise.complete(Promise.scala:53)
[2026-08-12T21:24:01.249+0000] {subprocess.py:93} INFO - 	at scala.concurrent.Promise.complete$(Promise.scala:52)
[2026-08-12T21:24:01.256+0000] {subprocess.py:93} INFO - 	at scala.concurrent.impl.Promise$DefaultPromise.complete(Promise.scala:187)
[2026-08-12T21:24:01.269+0000] {subprocess.py:93} INFO - 	at scala.concurrent.Promise.success(Promise.scala:86)
[2026-08-12T21:24:01.272+0000] {subprocess.py:93} INFO - 	at scala.concurrent.Promise.success$(Promise.scala:86)
[2026-08-12T21:24:01.277+0000] {subprocess.py:93} INFO - 	at scala.concurrent.impl.Promise$DefaultPromise.success(Promise.scala:187)
[2026-08-12T21:24:01.285+0000] {subprocess.py:93} INFO - 	at org.apache.spark.rpc.netty.LocalNettyRpcCallContext.send(NettyRpcCallContext.scala:50)
[2026-08-12T21:24:01.291+0000] {subprocess.py:93} INFO - 	at org.apache.spark.rpc.netty.NettyRpcCallContext.reply(NettyRpcCallContext.scala:32)
[2026-08-12T21:24:01.303+0000] {subprocess.py:93} INFO - 	at org.apache.spark.rpc.netty.RpcEndpointVerifier$$anonfun$receiveAndReply$1.applyOrElse(RpcEndpointVerifier.scala:31)
[2026-08-12T21:24:01.307+0000] {subprocess.py:93} INFO - 	... 8 more
[2026-08-12T21:24:01.310+0000] {subprocess.py:93} INFO - 26/08/12 21:23:43 WARN Executor: Issue communicating with driver in heartbeater
[2026-08-12T21:24:01.316+0000] {subprocess.py:93} INFO - org.apache.spark.SparkException: Exception thrown in awaitResult:
[2026-08-12T21:24:01.322+0000] {subprocess.py:93} INFO - 	at org.apache.spark.util.SparkThreadUtils$.awaitResult(SparkThreadUtils.scala:56)
[2026-08-12T21:24:01.325+0000] {subprocess.py:93} INFO - 	at org.apache.spark.util.ThreadUtils$.awaitResult(ThreadUtils.scala:310)
[2026-08-12T21:24:01.328+0000] {subprocess.py:93} INFO - 	at org.apache.spark.rpc.RpcTimeout.awaitResult(RpcTimeout.scala:75)
[2026-08-12T21:24:01.333+0000] {subprocess.py:93} INFO - 	at org.apache.spark.rpc.RpcEndpointRef.askSync(RpcEndpointRef.scala:101)
[2026-08-12T21:24:01.337+0000] {subprocess.py:93} INFO - 	at org.apache.spark.rpc.RpcEndpointRef.askSync(RpcEndpointRef.scala:85)
[2026-08-12T21:24:01.341+0000] {subprocess.py:93} INFO - 	at org.apache.spark.storage.BlockManagerMaster.registerBlockManager(BlockManagerMaster.scala:80)
[2026-08-12T21:24:01.354+0000] {subprocess.py:93} INFO - 	at org.apache.spark.storage.BlockManager.reregister(BlockManager.scala:642)
[2026-08-12T21:24:01.357+0000] {subprocess.py:93} INFO - 	at org.apache.spark.executor.Executor.reportHeartBeat(Executor.scala:1223)
[2026-08-12T21:24:01.361+0000] {subprocess.py:93} INFO - 	at org.apache.spark.executor.Executor.$anonfun$heartbeater$1(Executor.scala:295)
[2026-08-12T21:24:01.365+0000] {subprocess.py:93} INFO - 	at scala.runtime.java8.JFunction0$mcV$sp.apply(JFunction0$mcV$sp.java:23)
[2026-08-12T21:24:01.381+0000] {subprocess.py:93} INFO - 	at org.apache.spark.util.Utils$.logUncaughtExceptions(Utils.scala:1928)
[2026-08-12T21:24:01.394+0000] {subprocess.py:93} INFO - 	at org.apache.spark.Heartbeater$$anon$1.run(Heartbeater.scala:46)
[2026-08-12T21:24:01.397+0000] {subprocess.py:93} INFO - 	at java.base/java.util.concurrent.Executors$RunnableAdapter.call(Executors.java:539)
[2026-08-12T21:24:01.410+0000] {subprocess.py:93} INFO - 	at java.base/java.util.concurrent.FutureTask.runAndReset(FutureTask.java:305)
[2026-08-12T21:24:01.434+0000] {subprocess.py:93} INFO - 	at java.base/java.util.concurrent.ScheduledThreadPoolExecutor$ScheduledFutureTask.run(ScheduledThreadPoolExecutor.java:305)
[2026-08-12T21:24:01.468+0000] {subprocess.py:93} INFO - 	at java.base/java.util.concurrent.ThreadPoolExecutor.runWorker(ThreadPoolExecutor.java:1136)
[2026-08-12T21:24:01.474+0000] {subprocess.py:93} INFO - 	at java.base/java.util.concurrent.ThreadPoolExecutor$Worker.run(ThreadPoolExecutor.java:635)
[2026-08-12T21:24:01.493+0000] {subprocess.py:93} INFO - 	at java.base/java.lang.Thread.run(Thread.java:840)
[2026-08-12T21:24:01.497+0000] {subprocess.py:93} INFO - Caused by: org.apache.spark.SparkException: Exception thrown in awaitResult:
[2026-08-12T21:24:01.512+0000] {subprocess.py:93} INFO - 	at org.apache.spark.util.SparkThreadUtils$.awaitResult(SparkThreadUtils.scala:56)
[2026-08-12T21:24:01.534+0000] {subprocess.py:93} INFO - 	at org.apache.spark.util.ThreadUtils$.awaitResult(ThreadUtils.scala:310)
[2026-08-12T21:24:01.550+0000] {subprocess.py:93} INFO - 	at org.apache.spark.rpc.RpcTimeout.awaitResult(RpcTimeout.scala:75)
[2026-08-12T21:24:01.565+0000] {subprocess.py:93} INFO - 	at org.apache.spark.rpc.RpcEnv.setupEndpointRefByURI(RpcEnv.scala:102)
[2026-08-12T21:24:01.582+0000] {subprocess.py:93} INFO - 	at org.apache.spark.rpc.RpcEnv.setupEndpointRef(RpcEnv.scala:110)
[2026-08-12T21:24:01.596+0000] {subprocess.py:93} INFO - 	at org.apache.spark.util.RpcUtils$.makeDriverRef(RpcUtils.scala:36)
[2026-08-12T21:24:01.606+0000] {subprocess.py:93} INFO - 	at org.apache.spark.storage.BlockManagerMasterEndpoint.driverEndpoint$lzycompute(BlockManagerMasterEndpoint.scala:124)
[2026-08-12T21:24:01.637+0000] {subprocess.py:93} INFO - 	at org.apache.spark.storage.BlockManagerMasterEndpoint.org$apache$spark$storage$BlockManagerMasterEndpoint$$driverEndpoint(BlockManagerMasterEndpoint.scala:123)
[2026-08-12T21:24:01.641+0000] {subprocess.py:93} INFO - 	at org.apache.spark.storage.BlockManagerMasterEndpoint.isExecutorAlive$lzycompute$1(BlockManagerMasterEndpoint.scala:688)
[2026-08-12T21:24:01.657+0000] {subprocess.py:93} INFO - 	at org.apache.spark.storage.BlockManagerMasterEndpoint.isExecutorAlive$1(BlockManagerMasterEndpoint.scala:687)
[2026-08-12T21:24:01.662+0000] {subprocess.py:93} INFO - 	at org.apache.spark.storage.BlockManagerMasterEndpoint.org$apache$spark$storage$BlockManagerMasterEndpoint$$register(BlockManagerMasterEndpoint.scala:725)
[2026-08-12T21:24:01.675+0000] {subprocess.py:93} INFO - 	at org.apache.spark.storage.BlockManagerMasterEndpoint$$anonfun$receiveAndReply$1.applyOrElse(BlockManagerMasterEndpoint.scala:133)
[2026-08-12T21:24:01.682+0000] {subprocess.py:93} INFO - 	at org.apache.spark.rpc.netty.Inbox.$anonfun$process$1(Inbox.scala:103)
[2026-08-12T21:24:01.718+0000] {subprocess.py:93} INFO - 	at org.apache.spark.rpc.netty.Inbox.safelyCall(Inbox.scala:213)
[2026-08-12T21:24:01.734+0000] {subprocess.py:93} INFO - 	at org.apache.spark.rpc.netty.Inbox.process(Inbox.scala:100)
[2026-08-12T21:24:01.754+0000] {subprocess.py:93} INFO - 	at org.apache.spark.rpc.netty.MessageLoop.org$apache$spark$rpc$netty$MessageLoop$$receiveLoop(MessageLoop.scala:75)
[2026-08-12T21:24:01.772+0000] {subprocess.py:93} INFO - 	at org.apache.spark.rpc.netty.MessageLoop$$anon$1.run(MessageLoop.scala:41)
[2026-08-12T21:24:01.778+0000] {subprocess.py:93} INFO - 	... 3 more
[2026-08-12T21:24:01.794+0000] {subprocess.py:93} INFO - Caused by: org.apache.spark.rpc.RpcEndpointNotFoundException: Cannot find endpoint: spark://CoarseGrainedScheduler@4099a95615c9:45169
[2026-08-12T21:24:01.812+0000] {subprocess.py:93} INFO - 	at org.apache.spark.rpc.netty.NettyRpcEnv.$anonfun$asyncSetupEndpointRefByURI$1(NettyRpcEnv.scala:148)
[2026-08-12T21:24:01.830+0000] {subprocess.py:93} INFO - 	at org.apache.spark.rpc.netty.NettyRpcEnv.$anonfun$asyncSetupEndpointRefByURI$1$adapted(NettyRpcEnv.scala:144)
[2026-08-12T21:24:01.870+0000] {subprocess.py:93} INFO - 	at scala.concurrent.Future.$anonfun$flatMap$1(Future.scala:307)
[2026-08-12T21:24:01.881+0000] {subprocess.py:93} INFO - 	at scala.concurrent.impl.Promise.$anonfun$transformWith$1(Promise.scala:41)
[2026-08-12T21:24:01.903+0000] {subprocess.py:93} INFO - 	at scala.concurrent.impl.CallbackRunnable.run(Promise.scala:64)
[2026-08-12T21:24:01.915+0000] {subprocess.py:93} INFO - 	at org.apache.spark.util.ThreadUtils$$anon$1.execute(ThreadUtils.scala:99)
[2026-08-12T21:24:01.921+0000] {subprocess.py:93} INFO - 	at scala.concurrent.impl.ExecutionContextImpl$$anon$4.execute(ExecutionContextImpl.scala:138)
[2026-08-12T21:24:01.931+0000] {subprocess.py:93} INFO - 	at scala.concurrent.impl.CallbackRunnable.executeWithValue(Promise.scala:72)
[2026-08-12T21:24:01.937+0000] {subprocess.py:93} INFO - 	at scala.concurrent.impl.Promise$DefaultPromise.$anonfun$tryComplete$1(Promise.scala:288)
[2026-08-12T21:24:01.954+0000] {subprocess.py:93} INFO - 	at scala.concurrent.impl.Promise$DefaultPromise.$anonfun$tryComplete$1$adapted(Promise.scala:288)
[2026-08-12T21:24:01.974+0000] {subprocess.py:93} INFO - 	at scala.concurrent.impl.Promise$DefaultPromise.tryComplete(Promise.scala:288)
[2026-08-12T21:24:01.998+0000] {subprocess.py:93} INFO - 	at scala.concurrent.Promise.complete(Promise.scala:53)
[2026-08-12T21:24:02.008+0000] {subprocess.py:93} INFO - 	at scala.concurrent.Promise.complete$(Promise.scala:52)
[2026-08-12T21:24:02.018+0000] {subprocess.py:93} INFO - 	at scala.concurrent.impl.Promise$DefaultPromise.complete(Promise.scala:187)
[2026-08-12T21:24:02.082+0000] {subprocess.py:93} INFO - 	at scala.concurrent.impl.Promise.$anonfun$transform$1(Promise.scala:33)
[2026-08-12T21:24:02.085+0000] {subprocess.py:93} INFO - 	at scala.concurrent.impl.CallbackRunnable.run(Promise.scala:64)
[2026-08-12T21:24:02.088+0000] {subprocess.py:93} INFO - 	at org.apache.spark.util.ThreadUtils$$anon$1.execute(ThreadUtils.scala:99)
[2026-08-12T21:24:02.121+0000] {subprocess.py:93} INFO - 	at scala.concurrent.impl.ExecutionContextImpl$$anon$4.execute(ExecutionContextImpl.scala:138)
[2026-08-12T21:24:02.137+0000] {subprocess.py:93} INFO - 	at scala.concurrent.impl.CallbackRunnable.executeWithValue(Promise.scala:72)
[2026-08-12T21:24:02.165+0000] {subprocess.py:93} INFO - 	at scala.concurrent.impl.Promise$DefaultPromise.$anonfun$tryComplete$1(Promise.scala:288)
[2026-08-12T21:24:02.190+0000] {subprocess.py:93} INFO - 	at scala.concurrent.impl.Promise$DefaultPromise.$anonfun$tryComplete$1$adapted(Promise.scala:288)
[2026-08-12T21:24:02.221+0000] {subprocess.py:93} INFO - 	at scala.concurrent.impl.Promise$DefaultPromise.tryComplete(Promise.scala:288)
[2026-08-12T21:24:02.269+0000] {subprocess.py:93} INFO - 	at scala.concurrent.Promise.complete(Promise.scala:53)
[2026-08-12T21:24:02.286+0000] {subprocess.py:93} INFO - 	at scala.concurrent.Promise.complete$(Promise.scala:52)
[2026-08-12T21:24:02.353+0000] {subprocess.py:93} INFO - 	at scala.concurrent.impl.Promise$DefaultPromise.complete(Promise.scala:187)
[2026-08-12T21:24:02.367+0000] {subprocess.py:93} INFO - 	at scala.concurrent.impl.Promise.$anonfun$transform$1(Promise.scala:33)
[2026-08-12T21:24:02.372+0000] {subprocess.py:93} INFO - 	at scala.concurrent.impl.CallbackRunnable.run(Promise.scala:64)
[2026-08-12T21:24:02.410+0000] {subprocess.py:93} INFO - 	at scala.concurrent.BatchingExecutor$Batch.processBatch$1(BatchingExecutor.scala:67)
[2026-08-12T21:24:02.554+0000] {subprocess.py:93} INFO - 	at scala.concurrent.BatchingExecutor$Batch.$anonfun$run$1(BatchingExecutor.scala:82)
[2026-08-12T21:24:02.563+0000] {subprocess.py:93} INFO - 	at scala.runtime.java8.JFunction0$mcV$sp.apply(JFunction0$mcV$sp.java:23)
[2026-08-12T21:24:02.566+0000] {subprocess.py:93} INFO - 	at scala.concurrent.BlockContext$.withBlockContext(BlockContext.scala:85)
[2026-08-12T21:24:02.569+0000] {subprocess.py:93} INFO - 	at scala.concurrent.BatchingExecutor$Batch.run(BatchingExecutor.scala:59)
[2026-08-12T21:24:02.577+0000] {subprocess.py:93} INFO - 	at scala.concurrent.Future$InternalCallbackExecutor$.unbatchedExecute(Future.scala:875)
[2026-08-12T21:24:02.615+0000] {subprocess.py:93} INFO - 	at scala.concurrent.BatchingExecutor.execute(BatchingExecutor.scala:110)
[2026-08-12T21:24:02.642+0000] {subprocess.py:93} INFO - 	at scala.concurrent.BatchingExecutor.execute$(BatchingExecutor.scala:107)
[2026-08-12T21:24:02.646+0000] {subprocess.py:93} INFO - 	at scala.concurrent.Future$InternalCallbackExecutor$.execute(Future.scala:873)
[2026-08-12T21:24:02.678+0000] {subprocess.py:93} INFO - 	at scala.concurrent.impl.CallbackRunnable.executeWithValue(Promise.scala:72)
[2026-08-12T21:24:02.688+0000] {subprocess.py:93} INFO - 	at scala.concurrent.impl.Promise$DefaultPromise.$anonfun$tryComplete$1(Promise.scala:288)
[2026-08-12T21:24:02.693+0000] {subprocess.py:93} INFO - 	at scala.concurrent.impl.Promise$DefaultPromise.$anonfun$tryComplete$1$adapted(Promise.scala:288)
[2026-08-12T21:24:02.697+0000] {subprocess.py:93} INFO - 	at scala.concurrent.impl.Promise$DefaultPromise.tryComplete(Promise.scala:288)
[2026-08-12T21:24:02.700+0000] {subprocess.py:93} INFO - 	at scala.concurrent.Promise.trySuccess(Promise.scala:94)
[2026-08-12T21:24:02.712+0000] {subprocess.py:93} INFO - 	at scala.concurrent.Promise.trySuccess$(Promise.scala:94)
[2026-08-12T21:24:02.716+0000] {subprocess.py:93} INFO - 	at scala.concurrent.impl.Promise$DefaultPromise.trySuccess(Promise.scala:187)
[2026-08-12T21:24:02.720+0000] {subprocess.py:93} INFO - 	at org.apache.spark.rpc.netty.NettyRpcEnv.onSuccess$1(NettyRpcEnv.scala:225)
[2026-08-12T21:24:02.731+0000] {subprocess.py:93} INFO - 	at org.apache.spark.rpc.netty.NettyRpcEnv.$anonfun$askAbortable$5(NettyRpcEnv.scala:239)
[2026-08-12T21:24:02.736+0000] {subprocess.py:93} INFO - 	at org.apache.spark.rpc.netty.NettyRpcEnv.$anonfun$askAbortable$5$adapted(NettyRpcEnv.scala:238)
[2026-08-12T21:24:02.745+0000] {subprocess.py:93} INFO - 	at scala.concurrent.impl.CallbackRunnable.run(Promise.scala:64)
[2026-08-12T21:24:02.786+0000] {subprocess.py:93} INFO - 	at org.apache.spark.util.ThreadUtils$$anon$1.execute(ThreadUtils.scala:99)
[2026-08-12T21:24:02.805+0000] {subprocess.py:93} INFO - 	at scala.concurrent.impl.ExecutionContextImpl$$anon$4.execute(ExecutionContextImpl.scala:138)
[2026-08-12T21:24:02.815+0000] {subprocess.py:93} INFO - 	at scala.concurrent.impl.CallbackRunnable.executeWithValue(Promise.scala:72)
[2026-08-12T21:24:02.850+0000] {subprocess.py:93} INFO - 	at scala.concurrent.impl.Promise$DefaultPromise.$anonfun$tryComplete$1(Promise.scala:288)
[2026-08-12T21:24:02.858+0000] {subprocess.py:93} INFO - 	at scala.concurrent.impl.Promise$DefaultPromise.$anonfun$tryComplete$1$adapted(Promise.scala:288)
[2026-08-12T21:24:02.874+0000] {subprocess.py:93} INFO - 	at scala.concurrent.impl.Promise$DefaultPromise.tryComplete(Promise.scala:288)
[2026-08-12T21:24:02.877+0000] {subprocess.py:93} INFO - 	at scala.concurrent.Promise.complete(Promise.scala:53)
[2026-08-12T21:24:02.886+0000] {subprocess.py:93} INFO - 	at scala.concurrent.Promise.complete$(Promise.scala:52)
[2026-08-12T21:24:02.889+0000] {subprocess.py:93} INFO - 	at scala.concurrent.impl.Promise$DefaultPromise.complete(Promise.scala:187)
[2026-08-12T21:24:02.900+0000] {subprocess.py:93} INFO - 	at scala.concurrent.Promise.success(Promise.scala:86)
[2026-08-12T21:24:02.934+0000] {subprocess.py:93} INFO - 	at scala.concurrent.Promise.success$(Promise.scala:86)
[2026-08-12T21:24:03.003+0000] {subprocess.py:93} INFO - 	at scala.concurrent.impl.Promise$DefaultPromise.success(Promise.scala:187)
[2026-08-12T21:24:03.027+0000] {subprocess.py:93} INFO - 	at org.apache.spark.rpc.netty.LocalNettyRpcCallContext.send(NettyRpcCallContext.scala:50)
[2026-08-12T21:24:03.074+0000] {subprocess.py:93} INFO - 	at org.apache.spark.rpc.netty.NettyRpcCallContext.reply(NettyRpcCallContext.scala:32)
[2026-08-12T21:24:03.188+0000] {subprocess.py:93} INFO - 	at org.apache.spark.rpc.netty.RpcEndpointVerifier$$anonfun$receiveAndReply$1.applyOrElse(RpcEndpointVerifier.scala:31)
[2026-08-12T21:24:03.202+0000] {subprocess.py:93} INFO - 	... 8 more
[2026-08-12T21:24:03.222+0000] {subprocess.py:93} INFO - 26/08/12 21:23:48 ERROR Inbox: Ignoring error
[2026-08-12T21:24:03.236+0000] {subprocess.py:93} INFO - org.apache.spark.SparkException: Exception thrown in awaitResult:
[2026-08-12T21:24:03.251+0000] {subprocess.py:93} INFO - 	at org.apache.spark.util.SparkThreadUtils$.awaitResult(SparkThreadUtils.scala:56)
[2026-08-12T21:24:03.295+0000] {subprocess.py:93} INFO - 	at org.apache.spark.util.ThreadUtils$.awaitResult(ThreadUtils.scala:310)
[2026-08-12T21:24:03.311+0000] {subprocess.py:93} INFO - 	at org.apache.spark.rpc.RpcTimeout.awaitResult(RpcTimeout.scala:75)
[2026-08-12T21:24:03.340+0000] {subprocess.py:93} INFO - 	at org.apache.spark.rpc.RpcEnv.setupEndpointRefByURI(RpcEnv.scala:102)
[2026-08-12T21:24:03.381+0000] {subprocess.py:93} INFO - 	at org.apache.spark.rpc.RpcEnv.setupEndpointRef(RpcEnv.scala:110)
[2026-08-12T21:24:03.425+0000] {subprocess.py:93} INFO - 	at org.apache.spark.util.RpcUtils$.makeDriverRef(RpcUtils.scala:36)
[2026-08-12T21:24:03.439+0000] {subprocess.py:93} INFO - 	at org.apache.spark.storage.BlockManagerMasterEndpoint.driverEndpoint$lzycompute(BlockManagerMasterEndpoint.scala:124)
[2026-08-12T21:24:03.453+0000] {subprocess.py:93} INFO - 	at org.apache.spark.storage.BlockManagerMasterEndpoint.org$apache$spark$storage$BlockManagerMasterEndpoint$$driverEndpoint(BlockManagerMasterEndpoint.scala:123)
[2026-08-12T21:24:03.469+0000] {subprocess.py:93} INFO - 	at org.apache.spark.storage.BlockManagerMasterEndpoint.isExecutorAlive$lzycompute$1(BlockManagerMasterEndpoint.scala:688)
[2026-08-12T21:24:03.506+0000] {subprocess.py:93} INFO - 	at org.apache.spark.storage.BlockManagerMasterEndpoint.isExecutorAlive$1(BlockManagerMasterEndpoint.scala:687)
[2026-08-12T21:24:03.525+0000] {subprocess.py:93} INFO - 	at org.apache.spark.storage.BlockManagerMasterEndpoint.org$apache$spark$storage$BlockManagerMasterEndpoint$$register(BlockManagerMasterEndpoint.scala:725)
[2026-08-12T21:24:03.561+0000] {subprocess.py:93} INFO - 	at org.apache.spark.storage.BlockManagerMasterEndpoint$$anonfun$receiveAndReply$1.applyOrElse(BlockManagerMasterEndpoint.scala:133)
[2026-08-12T21:24:03.581+0000] {subprocess.py:93} INFO - 	at org.apache.spark.rpc.netty.Inbox.$anonfun$process$1(Inbox.scala:103)
[2026-08-12T21:24:03.621+0000] {subprocess.py:93} INFO - 	at org.apache.spark.rpc.netty.Inbox.safelyCall(Inbox.scala:213)
[2026-08-12T21:24:03.638+0000] {subprocess.py:93} INFO - 	at org.apache.spark.rpc.netty.Inbox.process(Inbox.scala:100)
[2026-08-12T21:24:03.686+0000] {subprocess.py:93} INFO - 	at org.apache.spark.rpc.netty.MessageLoop.org$apache$spark$rpc$netty$MessageLoop$$receiveLoop(MessageLoop.scala:75)
[2026-08-12T21:24:03.693+0000] {subprocess.py:93} INFO - 	at org.apache.spark.rpc.netty.MessageLoop$$anon$1.run(MessageLoop.scala:41)
[2026-08-12T21:24:03.703+0000] {subprocess.py:93} INFO - 	at java.base/java.util.concurrent.ThreadPoolExecutor.runWorker(ThreadPoolExecutor.java:1136)
[2026-08-12T21:24:03.710+0000] {subprocess.py:93} INFO - 	at java.base/java.util.concurrent.ThreadPoolExecutor$Worker.run(ThreadPoolExecutor.java:635)
[2026-08-12T21:24:03.722+0000] {subprocess.py:93} INFO - 	at java.base/java.lang.Thread.run(Thread.java:840)
[2026-08-12T21:24:03.733+0000] {subprocess.py:93} INFO - Caused by: org.apache.spark.rpc.RpcEndpointNotFoundException: Cannot find endpoint: spark://CoarseGrainedScheduler@4099a95615c9:45169
[2026-08-12T21:24:03.737+0000] {subprocess.py:93} INFO - 	at org.apache.spark.rpc.netty.NettyRpcEnv.$anonfun$asyncSetupEndpointRefByURI$1(NettyRpcEnv.scala:148)
[2026-08-12T21:24:03.742+0000] {subprocess.py:93} INFO - 	at org.apache.spark.rpc.netty.NettyRpcEnv.$anonfun$asyncSetupEndpointRefByURI$1$adapted(NettyRpcEnv.scala:144)
[2026-08-12T21:24:03.759+0000] {subprocess.py:93} INFO - 	at scala.concurrent.Future.$anonfun$flatMap$1(Future.scala:307)
[2026-08-12T21:24:03.774+0000] {subprocess.py:93} INFO - 	at scala.concurrent.impl.Promise.$anonfun$transformWith$1(Promise.scala:41)
[2026-08-12T21:24:03.787+0000] {subprocess.py:93} INFO - 	at scala.concurrent.impl.CallbackRunnable.run(Promise.scala:64)
[2026-08-12T21:24:03.820+0000] {subprocess.py:93} INFO - 	at org.apache.spark.util.ThreadUtils$$anon$1.execute(ThreadUtils.scala:99)
[2026-08-12T21:24:03.861+0000] {subprocess.py:93} INFO - 	at scala.concurrent.impl.ExecutionContextImpl$$anon$4.execute(ExecutionContextImpl.scala:138)
[2026-08-12T21:24:03.891+0000] {subprocess.py:93} INFO - 	at scala.concurrent.impl.CallbackRunnable.executeWithValue(Promise.scala:72)
[2026-08-12T21:24:03.910+0000] {subprocess.py:93} INFO - 	at scala.concurrent.impl.Promise$DefaultPromise.dispatchOrAddCallback(Promise.scala:316)
[2026-08-12T21:24:03.927+0000] {subprocess.py:93} INFO - 	at scala.concurrent.impl.Promise$DefaultPromise.onComplete(Promise.scala:307)
[2026-08-12T21:24:03.942+0000] {subprocess.py:93} INFO - 	at scala.concurrent.impl.Promise.transformWith(Promise.scala:40)
[2026-08-12T21:24:03.988+0000] {subprocess.py:93} INFO - 	at scala.concurrent.impl.Promise.transformWith$(Promise.scala:38)
[2026-08-12T21:24:04.003+0000] {subprocess.py:93} INFO - 	at scala.concurrent.impl.Promise$DefaultPromise.transformWith(Promise.scala:187)
[2026-08-12T21:24:04.022+0000] {subprocess.py:93} INFO - 	at scala.concurrent.Future.flatMap(Future.scala:306)
[2026-08-12T21:24:04.029+0000] {subprocess.py:93} INFO - 	at scala.concurrent.Future.flatMap$(Future.scala:306)
[2026-08-12T21:24:04.039+0000] {subprocess.py:93} INFO - 	at scala.concurrent.impl.Promise$DefaultPromise.flatMap(Promise.scala:187)
[2026-08-12T21:24:04.055+0000] {subprocess.py:93} INFO - 	at org.apache.spark.rpc.netty.NettyRpcEnv.asyncSetupEndpointRefByURI(NettyRpcEnv.scala:150)
[2026-08-12T21:24:04.062+0000] {subprocess.py:93} INFO - 	... 17 more
[2026-08-12T21:24:04.071+0000] {subprocess.py:93} INFO - 26/08/12 21:23:48 WARN Executor: Issue communicating with driver in heartbeater
[2026-08-12T21:24:04.084+0000] {subprocess.py:93} INFO - org.apache.spark.SparkException: Exception thrown in awaitResult:
[2026-08-12T21:24:04.094+0000] {subprocess.py:93} INFO - 	at org.apache.spark.util.SparkThreadUtils$.awaitResult(SparkThreadUtils.scala:56)
[2026-08-12T21:24:04.114+0000] {subprocess.py:93} INFO - 	at org.apache.spark.util.ThreadUtils$.awaitResult(ThreadUtils.scala:310)
[2026-08-12T21:24:04.152+0000] {subprocess.py:93} INFO - 	at org.apache.spark.rpc.RpcTimeout.awaitResult(RpcTimeout.scala:75)
[2026-08-12T21:24:04.167+0000] {subprocess.py:93} INFO - 	at org.apache.spark.rpc.RpcEndpointRef.askSync(RpcEndpointRef.scala:101)
[2026-08-12T21:24:04.184+0000] {subprocess.py:93} INFO - 	at org.apache.spark.rpc.RpcEndpointRef.askSync(RpcEndpointRef.scala:85)
[2026-08-12T21:24:04.193+0000] {subprocess.py:93} INFO - 	at org.apache.spark.storage.BlockManagerMaster.registerBlockManager(BlockManagerMaster.scala:80)
[2026-08-12T21:24:04.216+0000] {subprocess.py:93} INFO - 	at org.apache.spark.storage.BlockManager.reregister(BlockManager.scala:642)
[2026-08-12T21:24:04.238+0000] {subprocess.py:93} INFO - 	at org.apache.spark.executor.Executor.reportHeartBeat(Executor.scala:1223)
[2026-08-12T21:24:04.242+0000] {subprocess.py:93} INFO - 	at org.apache.spark.executor.Executor.$anonfun$heartbeater$1(Executor.scala:295)
[2026-08-12T21:24:04.292+0000] {subprocess.py:93} INFO - 	at scala.runtime.java8.JFunction0$mcV$sp.apply(JFunction0$mcV$sp.java:23)
[2026-08-12T21:24:04.318+0000] {subprocess.py:93} INFO - 	at org.apache.spark.util.Utils$.logUncaughtExceptions(Utils.scala:1928)
[2026-08-12T21:24:04.405+0000] {subprocess.py:93} INFO - 	at org.apache.spark.Heartbeater$$anon$1.run(Heartbeater.scala:46)
[2026-08-12T21:24:04.425+0000] {subprocess.py:93} INFO - 	at java.base/java.util.concurrent.Executors$RunnableAdapter.call(Executors.java:539)
[2026-08-12T21:24:04.454+0000] {subprocess.py:93} INFO - 	at java.base/java.util.concurrent.FutureTask.runAndReset(FutureTask.java:305)
[2026-08-12T21:24:04.470+0000] {subprocess.py:93} INFO - 	at java.base/java.util.concurrent.ScheduledThreadPoolExecutor$ScheduledFutureTask.run(ScheduledThreadPoolExecutor.java:305)
[2026-08-12T21:24:04.508+0000] {subprocess.py:93} INFO - 	at java.base/java.util.concurrent.ThreadPoolExecutor.runWorker(ThreadPoolExecutor.java:1136)
[2026-08-12T21:24:04.536+0000] {subprocess.py:93} INFO - 	at java.base/java.util.concurrent.ThreadPoolExecutor$Worker.run(ThreadPoolExecutor.java:635)
[2026-08-12T21:24:04.542+0000] {subprocess.py:93} INFO - 	at java.base/java.lang.Thread.run(Thread.java:840)
[2026-08-12T21:24:04.546+0000] {subprocess.py:93} INFO - Caused by: org.apache.spark.SparkException: Exception thrown in awaitResult:
[2026-08-12T21:24:04.581+0000] {subprocess.py:93} INFO - 	at org.apache.spark.util.SparkThreadUtils$.awaitResult(SparkThreadUtils.scala:56)
[2026-08-12T21:24:04.586+0000] {subprocess.py:93} INFO - 	at org.apache.spark.util.ThreadUtils$.awaitResult(ThreadUtils.scala:310)
[2026-08-12T21:24:04.623+0000] {subprocess.py:93} INFO - 	at org.apache.spark.rpc.RpcTimeout.awaitResult(RpcTimeout.scala:75)
[2026-08-12T21:24:04.639+0000] {subprocess.py:93} INFO - 	at org.apache.spark.rpc.RpcEnv.setupEndpointRefByURI(RpcEnv.scala:102)
[2026-08-12T21:24:04.671+0000] {subprocess.py:93} INFO - 	at org.apache.spark.rpc.RpcEnv.setupEndpointRef(RpcEnv.scala:110)
[2026-08-12T21:24:04.675+0000] {subprocess.py:93} INFO - 	at org.apache.spark.util.RpcUtils$.makeDriverRef(RpcUtils.scala:36)
[2026-08-12T21:24:04.698+0000] {subprocess.py:93} INFO - 	at org.apache.spark.storage.BlockManagerMasterEndpoint.driverEndpoint$lzycompute(BlockManagerMasterEndpoint.scala:124)
[2026-08-12T21:24:04.726+0000] {subprocess.py:93} INFO - 	at org.apache.spark.storage.BlockManagerMasterEndpoint.org$apache$spark$storage$BlockManagerMasterEndpoint$$driverEndpoint(BlockManagerMasterEndpoint.scala:123)
[2026-08-12T21:24:04.732+0000] {subprocess.py:93} INFO - 	at org.apache.spark.storage.BlockManagerMasterEndpoint.isExecutorAlive$lzycompute$1(BlockManagerMasterEndpoint.scala:688)
[2026-08-12T21:24:04.750+0000] {subprocess.py:93} INFO - 	at org.apache.spark.storage.BlockManagerMasterEndpoint.isExecutorAlive$1(BlockManagerMasterEndpoint.scala:687)
[2026-08-12T21:24:04.763+0000] {subprocess.py:93} INFO - 	at org.apache.spark.storage.BlockManagerMasterEndpoint.org$apache$spark$storage$BlockManagerMasterEndpoint$$register(BlockManagerMasterEndpoint.scala:725)
[2026-08-12T21:24:04.766+0000] {subprocess.py:93} INFO - 	at org.apache.spark.storage.BlockManagerMasterEndpoint$$anonfun$receiveAndReply$1.applyOrElse(BlockManagerMasterEndpoint.scala:133)
[2026-08-12T21:24:04.783+0000] {subprocess.py:93} INFO - 	at org.apache.spark.rpc.netty.Inbox.$anonfun$process$1(Inbox.scala:103)
[2026-08-12T21:24:04.803+0000] {subprocess.py:93} INFO - 	at org.apache.spark.rpc.netty.Inbox.safelyCall(Inbox.scala:213)
[2026-08-12T21:24:04.813+0000] {subprocess.py:93} INFO - 	at org.apache.spark.rpc.netty.Inbox.process(Inbox.scala:100)
[2026-08-12T21:24:04.861+0000] {subprocess.py:93} INFO - 	at org.apache.spark.rpc.netty.MessageLoop.org$apache$spark$rpc$netty$MessageLoop$$receiveLoop(MessageLoop.scala:75)
[2026-08-12T21:24:04.921+0000] {subprocess.py:93} INFO - 	at org.apache.spark.rpc.netty.MessageLoop$$anon$1.run(MessageLoop.scala:41)
[2026-08-12T21:24:04.976+0000] {subprocess.py:93} INFO - 	... 3 more
[2026-08-12T21:24:05.042+0000] {subprocess.py:93} INFO - Caused by: org.apache.spark.rpc.RpcEndpointNotFoundException: Cannot find endpoint: spark://CoarseGrainedScheduler@4099a95615c9:45169
[2026-08-12T21:24:05.076+0000] {subprocess.py:93} INFO - 	at org.apache.spark.rpc.netty.NettyRpcEnv.$anonfun$asyncSetupEndpointRefByURI$1(NettyRpcEnv.scala:148)
[2026-08-12T21:24:05.105+0000] {subprocess.py:93} INFO - 	at org.apache.spark.rpc.netty.NettyRpcEnv.$anonfun$asyncSetupEndpointRefByURI$1$adapted(NettyRpcEnv.scala:144)
[2026-08-12T21:24:05.124+0000] {subprocess.py:93} INFO - 	at scala.concurrent.Future.$anonfun$flatMap$1(Future.scala:307)
[2026-08-12T21:24:05.141+0000] {subprocess.py:93} INFO - 	at scala.concurrent.impl.Promise.$anonfun$transformWith$1(Promise.scala:41)
[2026-08-12T21:24:05.171+0000] {subprocess.py:93} INFO - 	at scala.concurrent.impl.CallbackRunnable.run(Promise.scala:64)
[2026-08-12T21:24:05.176+0000] {subprocess.py:93} INFO - 	at org.apache.spark.util.ThreadUtils$$anon$1.execute(ThreadUtils.scala:99)
[2026-08-12T21:24:05.181+0000] {subprocess.py:93} INFO - 	at scala.concurrent.impl.ExecutionContextImpl$$anon$4.execute(ExecutionContextImpl.scala:138)
[2026-08-12T21:24:05.191+0000] {subprocess.py:93} INFO - 	at scala.concurrent.impl.CallbackRunnable.executeWithValue(Promise.scala:72)
[2026-08-12T21:24:05.197+0000] {subprocess.py:93} INFO - 	at scala.concurrent.impl.Promise$DefaultPromise.dispatchOrAddCallback(Promise.scala:316)
[2026-08-12T21:24:05.207+0000] {subprocess.py:93} INFO - 	at scala.concurrent.impl.Promise$DefaultPromise.onComplete(Promise.scala:307)
[2026-08-12T21:24:05.219+0000] {subprocess.py:93} INFO - 	at scala.concurrent.impl.Promise.transformWith(Promise.scala:40)
[2026-08-12T21:24:05.234+0000] {subprocess.py:93} INFO - 	at scala.concurrent.impl.Promise.transformWith$(Promise.scala:38)
[2026-08-12T21:24:05.242+0000] {subprocess.py:93} INFO - 	at scala.concurrent.impl.Promise$DefaultPromise.transformWith(Promise.scala:187)
[2026-08-12T21:24:05.258+0000] {subprocess.py:93} INFO - 	at scala.concurrent.Future.flatMap(Future.scala:306)
[2026-08-12T21:24:05.266+0000] {subprocess.py:93} INFO - 	at scala.concurrent.Future.flatMap$(Future.scala:306)
[2026-08-12T21:24:05.274+0000] {subprocess.py:93} INFO - 	at scala.concurrent.impl.Promise$DefaultPromise.flatMap(Promise.scala:187)
[2026-08-12T21:24:05.295+0000] {subprocess.py:93} INFO - 	at org.apache.spark.rpc.netty.NettyRpcEnv.asyncSetupEndpointRefByURI(NettyRpcEnv.scala:150)
[2026-08-12T21:24:05.314+0000] {subprocess.py:93} INFO - 	... 17 more
[2026-08-12T21:24:05.325+0000] {subprocess.py:93} INFO - 26/08/12 21:23:50 ERROR Inbox: Ignoring error
[2026-08-12T21:24:05.334+0000] {subprocess.py:93} INFO - org.apache.spark.SparkException: Exception thrown in awaitResult:
[2026-08-12T21:24:05.347+0000] {subprocess.py:93} INFO - 	at org.apache.spark.util.SparkThreadUtils$.awaitResult(SparkThreadUtils.scala:56)
[2026-08-12T21:24:05.374+0000] {subprocess.py:93} INFO - 	at org.apache.spark.util.ThreadUtils$.awaitResult(ThreadUtils.scala:310)
[2026-08-12T21:24:05.391+0000] {subprocess.py:93} INFO - 	at org.apache.spark.rpc.RpcTimeout.awaitResult(RpcTimeout.scala:75)
[2026-08-12T21:24:05.400+0000] {subprocess.py:93} INFO - 	at org.apache.spark.rpc.RpcEnv.setupEndpointRefByURI(RpcEnv.scala:102)
[2026-08-12T21:24:05.431+0000] {subprocess.py:93} INFO - 	at org.apache.spark.rpc.RpcEnv.setupEndpointRef(RpcEnv.scala:110)
[2026-08-12T21:24:05.462+0000] {subprocess.py:93} INFO - 	at org.apache.spark.util.RpcUtils$.makeDriverRef(RpcUtils.scala:36)
[2026-08-12T21:24:05.473+0000] {subprocess.py:93} INFO - 	at org.apache.spark.storage.BlockManagerMasterEndpoint.driverEndpoint$lzycompute(BlockManagerMasterEndpoint.scala:124)
[2026-08-12T21:24:05.500+0000] {subprocess.py:93} INFO - 	at org.apache.spark.storage.BlockManagerMasterEndpoint.org$apache$spark$storage$BlockManagerMasterEndpoint$$driverEndpoint(BlockManagerMasterEndpoint.scala:123)
[2026-08-12T21:24:05.509+0000] {subprocess.py:93} INFO - 	at org.apache.spark.storage.BlockManagerMasterEndpoint.isExecutorAlive$lzycompute$1(BlockManagerMasterEndpoint.scala:688)
[2026-08-12T21:24:05.534+0000] {subprocess.py:93} INFO - 	at org.apache.spark.storage.BlockManagerMasterEndpoint.isExecutorAlive$1(BlockManagerMasterEndpoint.scala:687)
[2026-08-12T21:24:05.550+0000] {subprocess.py:93} INFO - 	at org.apache.spark.storage.BlockManagerMasterEndpoint.org$apache$spark$storage$BlockManagerMasterEndpoint$$register(BlockManagerMasterEndpoint.scala:725)
[2026-08-12T21:24:05.558+0000] {subprocess.py:93} INFO - 	at org.apache.spark.storage.BlockManagerMasterEndpoint$$anonfun$receiveAndReply$1.applyOrElse(BlockManagerMasterEndpoint.scala:133)
[2026-08-12T21:24:05.565+0000] {subprocess.py:93} INFO - 	at org.apache.spark.rpc.netty.Inbox.$anonfun$process$1(Inbox.scala:103)
[2026-08-12T21:24:05.603+0000] {subprocess.py:93} INFO - 	at org.apache.spark.rpc.netty.Inbox.safelyCall(Inbox.scala:213)
[2026-08-12T21:24:05.619+0000] {subprocess.py:93} INFO - 	at org.apache.spark.rpc.netty.Inbox.process(Inbox.scala:100)
[2026-08-12T21:24:05.674+0000] {subprocess.py:93} INFO - 	at org.apache.spark.rpc.netty.MessageLoop.org$apache$spark$rpc$netty$MessageLoop$$receiveLoop(MessageLoop.scala:75)
[2026-08-12T21:24:05.777+0000] {subprocess.py:93} INFO - 	at org.apache.spark.rpc.netty.MessageLoop$$anon$1.run(MessageLoop.scala:41)
[2026-08-12T21:24:05.785+0000] {subprocess.py:93} INFO - 	at java.base/java.util.concurrent.ThreadPoolExecutor.runWorker(ThreadPoolExecutor.java:1136)
[2026-08-12T21:24:05.858+0000] {subprocess.py:93} INFO - 	at java.base/java.util.concurrent.ThreadPoolExecutor$Worker.run(ThreadPoolExecutor.java:635)
[2026-08-12T21:24:05.902+0000] {subprocess.py:93} INFO - 	at java.base/java.lang.Thread.run(Thread.java:840)
[2026-08-12T21:24:05.936+0000] {subprocess.py:93} INFO - Caused by: org.apache.spark.rpc.RpcEndpointNotFoundException: Cannot find endpoint: spark://CoarseGrainedScheduler@4099a95615c9:45169
[2026-08-12T21:24:05.980+0000] {subprocess.py:93} INFO - 	at org.apache.spark.rpc.netty.NettyRpcEnv.$anonfun$asyncSetupEndpointRefByURI$1(NettyRpcEnv.scala:148)
[2026-08-12T21:24:05.998+0000] {subprocess.py:93} INFO - 	at org.apache.spark.rpc.netty.NettyRpcEnv.$anonfun$asyncSetupEndpointRefByURI$1$adapted(NettyRpcEnv.scala:144)
[2026-08-12T21:24:06.044+0000] {subprocess.py:93} INFO - 	at scala.concurrent.Future.$anonfun$flatMap$1(Future.scala:307)
[2026-08-12T21:24:06.123+0000] {subprocess.py:93} INFO - 	at scala.concurrent.impl.Promise.$anonfun$transformWith$1(Promise.scala:41)
[2026-08-12T21:24:06.208+0000] {subprocess.py:93} INFO - 	at scala.concurrent.impl.CallbackRunnable.run(Promise.scala:64)
[2026-08-12T21:24:06.242+0000] {subprocess.py:93} INFO - 	at org.apache.spark.util.ThreadUtils$$anon$1.execute(ThreadUtils.scala:99)
[2026-08-12T21:24:06.281+0000] {subprocess.py:93} INFO - 	at scala.concurrent.impl.ExecutionContextImpl$$anon$4.execute(ExecutionContextImpl.scala:138)
[2026-08-12T21:24:06.312+0000] {subprocess.py:93} INFO - 	at scala.concurrent.impl.CallbackRunnable.executeWithValue(Promise.scala:72)
[2026-08-12T21:24:06.346+0000] {subprocess.py:93} INFO - 	at scala.concurrent.impl.Promise$DefaultPromise.dispatchOrAddCallback(Promise.scala:316)
[2026-08-12T21:24:06.363+0000] {subprocess.py:93} INFO - 	at scala.concurrent.impl.Promise$DefaultPromise.onComplete(Promise.scala:307)
[2026-08-12T21:24:06.378+0000] {subprocess.py:93} INFO - 	at scala.concurrent.impl.Promise.transformWith(Promise.scala:40)
[2026-08-12T21:24:06.388+0000] {subprocess.py:93} INFO - 	at scala.concurrent.impl.Promise.transformWith$(Promise.scala:38)
[2026-08-12T21:24:06.404+0000] {subprocess.py:93} INFO - 	at scala.concurrent.impl.Promise$DefaultPromise.transformWith(Promise.scala:187)
[2026-08-12T21:24:06.419+0000] {subprocess.py:93} INFO - 	at scala.concurrent.Future.flatMap(Future.scala:306)
[2026-08-12T21:24:06.444+0000] {subprocess.py:93} INFO - 	at scala.concurrent.Future.flatMap$(Future.scala:306)
[2026-08-12T21:24:06.465+0000] {subprocess.py:93} INFO - 	at scala.concurrent.impl.Promise$DefaultPromise.flatMap(Promise.scala:187)
[2026-08-12T21:24:06.481+0000] {subprocess.py:93} INFO - 	at org.apache.spark.rpc.netty.NettyRpcEnv.asyncSetupEndpointRefByURI(NettyRpcEnv.scala:150)
[2026-08-12T21:24:06.497+0000] {subprocess.py:93} INFO - 	... 17 more
[2026-08-12T21:24:06.515+0000] {subprocess.py:93} INFO - 26/08/12 21:23:50 WARN Executor: Issue communicating with driver in heartbeater
[2026-08-12T21:24:06.531+0000] {subprocess.py:93} INFO - org.apache.spark.SparkException: Exception thrown in awaitResult:
[2026-08-12T21:24:06.547+0000] {subprocess.py:93} INFO - 	at org.apache.spark.util.SparkThreadUtils$.awaitResult(SparkThreadUtils.scala:56)
[2026-08-12T21:24:06.570+0000] {subprocess.py:93} INFO - 	at org.apache.spark.util.ThreadUtils$.awaitResult(ThreadUtils.scala:310)
[2026-08-12T21:24:06.615+0000] {subprocess.py:93} INFO - 	at org.apache.spark.rpc.RpcTimeout.awaitResult(RpcTimeout.scala:75)
[2026-08-12T21:24:06.631+0000] {subprocess.py:93} INFO - 	at org.apache.spark.rpc.RpcEndpointRef.askSync(RpcEndpointRef.scala:101)
[2026-08-12T21:24:06.646+0000] {subprocess.py:93} INFO - 	at org.apache.spark.rpc.RpcEndpointRef.askSync(RpcEndpointRef.scala:85)
[2026-08-12T21:24:06.663+0000] {subprocess.py:93} INFO - 	at org.apache.spark.storage.BlockManagerMaster.registerBlockManager(BlockManagerMaster.scala:80)
[2026-08-12T21:24:06.681+0000] {subprocess.py:93} INFO - 	at org.apache.spark.storage.BlockManager.reregister(BlockManager.scala:642)
[2026-08-12T21:24:06.696+0000] {subprocess.py:93} INFO - 	at org.apache.spark.executor.Executor.reportHeartBeat(Executor.scala:1223)
[2026-08-12T21:24:06.745+0000] {subprocess.py:93} INFO - 	at org.apache.spark.executor.Executor.$anonfun$heartbeater$1(Executor.scala:295)
[2026-08-12T21:24:06.776+0000] {subprocess.py:93} INFO - 	at scala.runtime.java8.JFunction0$mcV$sp.apply(JFunction0$mcV$sp.java:23)
[2026-08-12T21:24:06.792+0000] {subprocess.py:93} INFO - 	at org.apache.spark.util.Utils$.logUncaughtExceptions(Utils.scala:1928)
[2026-08-12T21:24:06.808+0000] {subprocess.py:93} INFO - 	at org.apache.spark.Heartbeater$$anon$1.run(Heartbeater.scala:46)
[2026-08-12T21:24:06.824+0000] {subprocess.py:93} INFO - 	at java.base/java.util.concurrent.Executors$RunnableAdapter.call(Executors.java:539)
[2026-08-12T21:24:06.859+0000] {subprocess.py:93} INFO - 	at java.base/java.util.concurrent.FutureTask.runAndReset(FutureTask.java:305)
[2026-08-12T21:24:06.878+0000] {subprocess.py:93} INFO - 	at java.base/java.util.concurrent.ScheduledThreadPoolExecutor$ScheduledFutureTask.run(ScheduledThreadPoolExecutor.java:305)
[2026-08-12T21:24:06.898+0000] {subprocess.py:93} INFO - 	at java.base/java.util.concurrent.ThreadPoolExecutor.runWorker(ThreadPoolExecutor.java:1136)
[2026-08-12T21:24:06.919+0000] {subprocess.py:93} INFO - 	at java.base/java.util.concurrent.ThreadPoolExecutor$Worker.run(ThreadPoolExecutor.java:635)
[2026-08-12T21:24:06.934+0000] {subprocess.py:93} INFO - 	at java.base/java.lang.Thread.run(Thread.java:840)
[2026-08-12T21:24:06.945+0000] {subprocess.py:93} INFO - Caused by: org.apache.spark.SparkException: Exception thrown in awaitResult:
[2026-08-12T21:24:06.970+0000] {subprocess.py:93} INFO - 	at org.apache.spark.util.SparkThreadUtils$.awaitResult(SparkThreadUtils.scala:56)
[2026-08-12T21:24:07.022+0000] {subprocess.py:93} INFO - 	at org.apache.spark.util.ThreadUtils$.awaitResult(ThreadUtils.scala:310)
[2026-08-12T21:24:07.046+0000] {subprocess.py:93} INFO - 	at org.apache.spark.rpc.RpcTimeout.awaitResult(RpcTimeout.scala:75)
[2026-08-12T21:24:07.162+0000] {subprocess.py:93} INFO - 	at org.apache.spark.rpc.RpcEnv.setupEndpointRefByURI(RpcEnv.scala:102)
[2026-08-12T21:24:07.190+0000] {subprocess.py:93} INFO - 	at org.apache.spark.rpc.RpcEnv.setupEndpointRef(RpcEnv.scala:110)
[2026-08-12T21:24:07.212+0000] {subprocess.py:93} INFO - 	at org.apache.spark.util.RpcUtils$.makeDriverRef(RpcUtils.scala:36)
[2026-08-12T21:24:07.228+0000] {subprocess.py:93} INFO - 	at org.apache.spark.storage.BlockManagerMasterEndpoint.driverEndpoint$lzycompute(BlockManagerMasterEndpoint.scala:124)
[2026-08-12T21:24:07.274+0000] {subprocess.py:93} INFO - 	at org.apache.spark.storage.BlockManagerMasterEndpoint.org$apache$spark$storage$BlockManagerMasterEndpoint$$driverEndpoint(BlockManagerMasterEndpoint.scala:123)
[2026-08-12T21:24:07.279+0000] {subprocess.py:93} INFO - 	at org.apache.spark.storage.BlockManagerMasterEndpoint.isExecutorAlive$lzycompute$1(BlockManagerMasterEndpoint.scala:688)
[2026-08-12T21:24:07.299+0000] {subprocess.py:93} INFO - 	at org.apache.spark.storage.BlockManagerMasterEndpoint.isExecutorAlive$1(BlockManagerMasterEndpoint.scala:687)
[2026-08-12T21:24:07.331+0000] {subprocess.py:93} INFO - 	at org.apache.spark.storage.BlockManagerMasterEndpoint.org$apache$spark$storage$BlockManagerMasterEndpoint$$register(BlockManagerMasterEndpoint.scala:725)
[2026-08-12T21:24:07.349+0000] {subprocess.py:93} INFO - 	at org.apache.spark.storage.BlockManagerMasterEndpoint$$anonfun$receiveAndReply$1.applyOrElse(BlockManagerMasterEndpoint.scala:133)
[2026-08-12T21:24:07.380+0000] {subprocess.py:93} INFO - 	at org.apache.spark.rpc.netty.Inbox.$anonfun$process$1(Inbox.scala:103)
[2026-08-12T21:24:07.403+0000] {subprocess.py:93} INFO - 	at org.apache.spark.rpc.netty.Inbox.safelyCall(Inbox.scala:213)
[2026-08-12T21:24:07.418+0000] {subprocess.py:93} INFO - 	at org.apache.spark.rpc.netty.Inbox.process(Inbox.scala:100)
[2026-08-12T21:24:07.458+0000] {subprocess.py:93} INFO - 	at org.apache.spark.rpc.netty.MessageLoop.org$apache$spark$rpc$netty$MessageLoop$$receiveLoop(MessageLoop.scala:75)
[2026-08-12T21:24:07.474+0000] {subprocess.py:93} INFO - 	at org.apache.spark.rpc.netty.MessageLoop$$anon$1.run(MessageLoop.scala:41)
[2026-08-12T21:24:07.642+0000] {subprocess.py:93} INFO - 	... 3 more
[2026-08-12T21:24:07.666+0000] {subprocess.py:93} INFO - Caused by: org.apache.spark.rpc.RpcEndpointNotFoundException: Cannot find endpoint: spark://CoarseGrainedScheduler@4099a95615c9:45169
[2026-08-12T21:24:07.669+0000] {subprocess.py:93} INFO - 	at org.apache.spark.rpc.netty.NettyRpcEnv.$anonfun$asyncSetupEndpointRefByURI$1(NettyRpcEnv.scala:148)
[2026-08-12T21:24:07.699+0000] {subprocess.py:93} INFO - 	at org.apache.spark.rpc.netty.NettyRpcEnv.$anonfun$asyncSetupEndpointRefByURI$1$adapted(NettyRpcEnv.scala:144)
[2026-08-12T21:24:07.714+0000] {subprocess.py:93} INFO - 	at scala.concurrent.Future.$anonfun$flatMap$1(Future.scala:307)
[2026-08-12T21:24:07.734+0000] {subprocess.py:93} INFO - 	at scala.concurrent.impl.Promise.$anonfun$transformWith$1(Promise.scala:41)
[2026-08-12T21:24:07.750+0000] {subprocess.py:93} INFO - 	at scala.concurrent.impl.CallbackRunnable.run(Promise.scala:64)
[2026-08-12T21:24:07.772+0000] {subprocess.py:93} INFO - 	at org.apache.spark.util.ThreadUtils$$anon$1.execute(ThreadUtils.scala:99)
[2026-08-12T21:24:07.926+0000] {subprocess.py:93} INFO - 	at scala.concurrent.impl.ExecutionContextImpl$$anon$4.execute(ExecutionContextImpl.scala:138)
[2026-08-12T21:24:07.932+0000] {subprocess.py:93} INFO - 	at scala.concurrent.impl.CallbackRunnable.executeWithValue(Promise.scala:72)
[2026-08-12T21:24:07.951+0000] {subprocess.py:93} INFO - 	at scala.concurrent.impl.Promise$DefaultPromise.dispatchOrAddCallback(Promise.scala:316)
[2026-08-12T21:24:07.965+0000] {subprocess.py:93} INFO - 	at scala.concurrent.impl.Promise$DefaultPromise.onComplete(Promise.scala:307)
[2026-08-12T21:24:08.095+0000] {subprocess.py:93} INFO - 	at scala.concurrent.impl.Promise.transformWith(Promise.scala:40)
[2026-08-12T21:24:08.106+0000] {subprocess.py:93} INFO - 	at scala.concurrent.impl.Promise.transformWith$(Promise.scala:38)
[2026-08-12T21:24:08.122+0000] {subprocess.py:93} INFO - 	at scala.concurrent.impl.Promise$DefaultPromise.transformWith(Promise.scala:187)
[2026-08-12T21:24:08.141+0000] {subprocess.py:93} INFO - 	at scala.concurrent.Future.flatMap(Future.scala:306)
[2026-08-12T21:24:08.161+0000] {subprocess.py:93} INFO - 	at scala.concurrent.Future.flatMap$(Future.scala:306)
[2026-08-12T21:24:08.176+0000] {subprocess.py:93} INFO - 	at scala.concurrent.impl.Promise$DefaultPromise.flatMap(Promise.scala:187)
[2026-08-12T21:24:08.192+0000] {subprocess.py:93} INFO - 	at org.apache.spark.rpc.netty.NettyRpcEnv.asyncSetupEndpointRefByURI(NettyRpcEnv.scala:150)
[2026-08-12T21:24:08.211+0000] {subprocess.py:93} INFO - 	... 17 more
[2026-08-12T21:24:08.226+0000] {subprocess.py:93} INFO - 26/08/12 21:23:54 WARN Executor: Issue communicating with driver in heartbeater
[2026-08-12T21:24:08.246+0000] {subprocess.py:93} INFO - org.apache.spark.SparkException: Exception thrown in awaitResult:
[2026-08-12T21:24:08.253+0000] {subprocess.py:93} INFO - 	at org.apache.spark.util.SparkThreadUtils$.awaitResult(SparkThreadUtils.scala:56)
[2026-08-12T21:24:08.276+0000] {subprocess.py:93} INFO - 	at org.apache.spark.util.ThreadUtils$.awaitResult(ThreadUtils.scala:310)
[2026-08-12T21:24:08.390+0000] {subprocess.py:93} INFO - 	at org.apache.spark.rpc.RpcTimeout.awaitResult(RpcTimeout.scala:75)
[2026-08-12T21:24:08.416+0000] {subprocess.py:93} INFO - 	at org.apache.spark.rpc.RpcEndpointRef.askSync(RpcEndpointRef.scala:101)
[2026-08-12T21:24:08.446+0000] {subprocess.py:93} INFO - 	at org.apache.spark.rpc.RpcEndpointRef.askSync(RpcEndpointRef.scala:85)
[2026-08-12T21:24:08.470+0000] {subprocess.py:93} INFO - 	at org.apache.spark.storage.BlockManagerMaster.registerBlockManager(BlockManagerMaster.scala:80)
[2026-08-12T21:24:08.503+0000] {subprocess.py:93} INFO - 	at org.apache.spark.storage.BlockManager.reregister(BlockManager.scala:642)
[2026-08-12T21:24:08.527+0000] {subprocess.py:93} INFO - 	at org.apache.spark.executor.Executor.reportHeartBeat(Executor.scala:1223)
[2026-08-12T21:24:08.531+0000] {subprocess.py:93} INFO - 	at org.apache.spark.executor.Executor.$anonfun$heartbeater$1(Executor.scala:295)
[2026-08-12T21:24:08.587+0000] {subprocess.py:93} INFO - 	at scala.runtime.java8.JFunction0$mcV$sp.apply(JFunction0$mcV$sp.java:23)
[2026-08-12T21:24:08.649+0000] {subprocess.py:93} INFO - 	at org.apache.spark.util.Utils$.logUncaughtExceptions(Utils.scala:1928)
[2026-08-12T21:24:08.652+0000] {subprocess.py:93} INFO - 	at org.apache.spark.Heartbeater$$anon$1.run(Heartbeater.scala:46)
[2026-08-12T21:24:08.655+0000] {subprocess.py:93} INFO - 	at java.base/java.util.concurrent.Executors$RunnableAdapter.call(Executors.java:539)
[2026-08-12T21:24:08.669+0000] {subprocess.py:93} INFO - 	at java.base/java.util.concurrent.FutureTask.runAndReset(FutureTask.java:305)
[2026-08-12T21:24:08.673+0000] {subprocess.py:93} INFO - 	at java.base/java.util.concurrent.ScheduledThreadPoolExecutor$ScheduledFutureTask.run(ScheduledThreadPoolExecutor.java:305)
[2026-08-12T21:24:08.689+0000] {subprocess.py:93} INFO - 	at java.base/java.util.concurrent.ThreadPoolExecutor.runWorker(ThreadPoolExecutor.java:1136)
[2026-08-12T21:24:08.702+0000] {subprocess.py:93} INFO - 	at java.base/java.util.concurrent.ThreadPoolExecutor$Worker.run(ThreadPoolExecutor.java:635)
[2026-08-12T21:24:08.720+0000] {subprocess.py:93} INFO - 	at java.base/java.lang.Thread.run(Thread.java:840)
[2026-08-12T21:24:08.727+0000] {subprocess.py:93} INFO - Caused by: org.apache.spark.SparkException: Exception thrown in awaitResult:
[2026-08-12T21:24:08.731+0000] {subprocess.py:93} INFO - 	at org.apache.spark.util.SparkThreadUtils$.awaitResult(SparkThreadUtils.scala:56)
[2026-08-12T21:24:08.739+0000] {subprocess.py:93} INFO - 	at org.apache.spark.util.ThreadUtils$.awaitResult(ThreadUtils.scala:310)
[2026-08-12T21:24:08.761+0000] {subprocess.py:93} INFO - 	at org.apache.spark.rpc.RpcTimeout.awaitResult(RpcTimeout.scala:75)
[2026-08-12T21:24:08.767+0000] {subprocess.py:93} INFO - 	at org.apache.spark.rpc.RpcEnv.setupEndpointRefByURI(RpcEnv.scala:102)
[2026-08-12T21:24:08.797+0000] {subprocess.py:93} INFO - 	at org.apache.spark.rpc.RpcEnv.setupEndpointRef(RpcEnv.scala:110)
[2026-08-12T21:24:08.927+0000] {subprocess.py:93} INFO - 	at org.apache.spark.util.RpcUtils$.makeDriverRef(RpcUtils.scala:36)
[2026-08-12T21:24:08.938+0000] {subprocess.py:93} INFO - 	at org.apache.spark.storage.BlockManagerMasterEndpoint.driverEndpoint$lzycompute(BlockManagerMasterEndpoint.scala:124)
[2026-08-12T21:24:09.087+0000] {subprocess.py:93} INFO - 	at org.apache.spark.storage.BlockManagerMasterEndpoint.org$apache$spark$storage$BlockManagerMasterEndpoint$$driverEndpoint(BlockManagerMasterEndpoint.scala:123)
[2026-08-12T21:24:09.097+0000] {subprocess.py:93} INFO - 	at org.apache.spark.storage.BlockManagerMasterEndpoint.isExecutorAlive$lzycompute$1(BlockManagerMasterEndpoint.scala:688)
[2026-08-12T21:24:09.107+0000] {subprocess.py:93} INFO - 	at org.apache.spark.storage.BlockManagerMasterEndpoint.isExecutorAlive$1(BlockManagerMasterEndpoint.scala:687)
[2026-08-12T21:24:09.110+0000] {subprocess.py:93} INFO - 	at org.apache.spark.storage.BlockManagerMasterEndpoint.org$apache$spark$storage$BlockManagerMasterEndpoint$$register(BlockManagerMasterEndpoint.scala:725)
[2026-08-12T21:24:09.113+0000] {subprocess.py:93} INFO - 	at org.apache.spark.storage.BlockManagerMasterEndpoint$$anonfun$receiveAndReply$1.applyOrElse(BlockManagerMasterEndpoint.scala:133)
[2026-08-12T21:24:09.134+0000] {subprocess.py:93} INFO - 	at org.apache.spark.rpc.netty.Inbox.$anonfun$process$1(Inbox.scala:103)
[2026-08-12T21:24:09.152+0000] {subprocess.py:93} INFO - 	at org.apache.spark.rpc.netty.Inbox.safelyCall(Inbox.scala:213)
[2026-08-12T21:24:09.158+0000] {subprocess.py:93} INFO - 	at org.apache.spark.rpc.netty.Inbox.process(Inbox.scala:100)
[2026-08-12T21:24:09.173+0000] {subprocess.py:93} INFO - 	at org.apache.spark.rpc.netty.MessageLoop.org$apache$spark$rpc$netty$MessageLoop$$receiveLoop(MessageLoop.scala:75)
[2026-08-12T21:24:09.175+0000] {subprocess.py:93} INFO - 	at org.apache.spark.rpc.netty.MessageLoop$$anon$1.run(MessageLoop.scala:41)
[2026-08-12T21:24:09.209+0000] {subprocess.py:93} INFO - 	... 3 more
[2026-08-12T21:24:09.215+0000] {subprocess.py:93} INFO - Caused by: org.apache.spark.rpc.RpcEndpointNotFoundException: Cannot find endpoint: spark://CoarseGrainedScheduler@4099a95615c9:45169
[2026-08-12T21:24:09.226+0000] {subprocess.py:93} INFO - 	at org.apache.spark.rpc.netty.NettyRpcEnv.$anonfun$asyncSetupEndpointRefByURI$1(NettyRpcEnv.scala:148)
[2026-08-12T21:24:09.237+0000] {subprocess.py:93} INFO - 	at org.apache.spark.rpc.netty.NettyRpcEnv.$anonfun$asyncSetupEndpointRefByURI$1$adapted(NettyRpcEnv.scala:144)
[2026-08-12T21:24:09.280+0000] {subprocess.py:93} INFO - 	at scala.concurrent.Future.$anonfun$flatMap$1(Future.scala:307)
[2026-08-12T21:24:09.286+0000] {subprocess.py:93} INFO - 	at scala.concurrent.impl.Promise.$anonfun$transformWith$1(Promise.scala:41)
[2026-08-12T21:24:09.307+0000] {subprocess.py:93} INFO - 	at scala.concurrent.impl.CallbackRunnable.run(Promise.scala:64)
[2026-08-12T21:24:09.322+0000] {subprocess.py:93} INFO - 	at org.apache.spark.util.ThreadUtils$$anon$1.execute(ThreadUtils.scala:99)
[2026-08-12T21:24:09.329+0000] {subprocess.py:93} INFO - 	at scala.concurrent.impl.ExecutionContextImpl$$anon$4.execute(ExecutionContextImpl.scala:138)
[2026-08-12T21:24:09.357+0000] {subprocess.py:93} INFO - 	at scala.concurrent.impl.CallbackRunnable.executeWithValue(Promise.scala:72)
[2026-08-12T21:24:09.391+0000] {subprocess.py:93} INFO - 	at scala.concurrent.impl.Promise$DefaultPromise.$anonfun$tryComplete$1(Promise.scala:288)
[2026-08-12T21:24:09.420+0000] {subprocess.py:93} INFO - 	at scala.concurrent.impl.Promise$DefaultPromise.$anonfun$tryComplete$1$adapted(Promise.scala:288)
[2026-08-12T21:24:09.427+0000] {subprocess.py:93} INFO - 	at scala.concurrent.impl.Promise$DefaultPromise.tryComplete(Promise.scala:288)
[2026-08-12T21:24:09.458+0000] {subprocess.py:93} INFO - 	at scala.concurrent.Promise.complete(Promise.scala:53)
[2026-08-12T21:24:09.479+0000] {subprocess.py:93} INFO - 	at scala.concurrent.Promise.complete$(Promise.scala:52)
[2026-08-12T21:24:09.495+0000] {subprocess.py:93} INFO - 	at scala.concurrent.impl.Promise$DefaultPromise.complete(Promise.scala:187)
[2026-08-12T21:24:09.510+0000] {subprocess.py:93} INFO - 	at scala.concurrent.impl.Promise.$anonfun$transform$1(Promise.scala:33)
[2026-08-12T21:24:09.522+0000] {subprocess.py:93} INFO - 	at scala.concurrent.impl.CallbackRunnable.run(Promise.scala:64)
[2026-08-12T21:24:09.629+0000] {subprocess.py:93} INFO - 	at org.apache.spark.util.ThreadUtils$$anon$1.execute(ThreadUtils.scala:99)
[2026-08-12T21:24:09.683+0000] {subprocess.py:93} INFO - 	at scala.concurrent.impl.ExecutionContextImpl$$anon$4.execute(ExecutionContextImpl.scala:138)
[2026-08-12T21:24:09.712+0000] {subprocess.py:93} INFO - 	at scala.concurrent.impl.CallbackRunnable.executeWithValue(Promise.scala:72)
[2026-08-12T21:24:09.752+0000] {subprocess.py:93} INFO - 	at scala.concurrent.impl.Promise$DefaultPromise.$anonfun$tryComplete$1(Promise.scala:288)
[2026-08-12T21:24:09.772+0000] {subprocess.py:93} INFO - 	at scala.concurrent.impl.Promise$DefaultPromise.$anonfun$tryComplete$1$adapted(Promise.scala:288)
[2026-08-12T21:24:09.871+0000] {subprocess.py:93} INFO - 	at scala.concurrent.impl.Promise$DefaultPromise.tryComplete(Promise.scala:288)
[2026-08-12T21:24:09.905+0000] {subprocess.py:93} INFO - 	at scala.concurrent.Promise.complete(Promise.scala:53)
[2026-08-12T21:24:09.954+0000] {subprocess.py:93} INFO - 	at scala.concurrent.Promise.complete$(Promise.scala:52)
[2026-08-12T21:24:09.987+0000] {subprocess.py:93} INFO - 	at scala.concurrent.impl.Promise$DefaultPromise.complete(Promise.scala:187)
[2026-08-12T21:24:10.008+0000] {subprocess.py:93} INFO - 	at scala.concurrent.impl.Promise.$anonfun$transform$1(Promise.scala:33)
[2026-08-12T21:24:10.051+0000] {subprocess.py:93} INFO - 	at scala.concurrent.impl.CallbackRunnable.run(Promise.scala:64)
[2026-08-12T21:24:10.137+0000] {subprocess.py:93} INFO - 	at scala.concurrent.BatchingExecutor$Batch.processBatch$1(BatchingExecutor.scala:67)
[2026-08-12T21:24:10.218+0000] {subprocess.py:93} INFO - 	at scala.concurrent.BatchingExecutor$Batch.$anonfun$run$1(BatchingExecutor.scala:82)
[2026-08-12T21:24:10.322+0000] {subprocess.py:93} INFO - 	at scala.runtime.java8.JFunction0$mcV$sp.apply(JFunction0$mcV$sp.java:23)
[2026-08-12T21:24:10.389+0000] {subprocess.py:93} INFO - 	at scala.concurrent.BlockContext$.withBlockContext(BlockContext.scala:85)
[2026-08-12T21:24:10.445+0000] {subprocess.py:93} INFO - 	at scala.concurrent.BatchingExecutor$Batch.run(BatchingExecutor.scala:59)
[2026-08-12T21:24:10.477+0000] {subprocess.py:93} INFO - 	at scala.concurrent.Future$InternalCallbackExecutor$.unbatchedExecute(Future.scala:875)
[2026-08-12T21:24:10.507+0000] {subprocess.py:93} INFO - 	at scala.concurrent.BatchingExecutor.execute(BatchingExecutor.scala:110)
[2026-08-12T21:24:10.520+0000] {subprocess.py:93} INFO - 	at scala.concurrent.BatchingExecutor.execute$(BatchingExecutor.scala:107)
[2026-08-12T21:24:10.547+0000] {subprocess.py:93} INFO - 	at scala.concurrent.Future$InternalCallbackExecutor$.execute(Future.scala:873)
[2026-08-12T21:24:10.550+0000] {subprocess.py:93} INFO - 	at scala.concurrent.impl.CallbackRunnable.executeWithValue(Promise.scala:72)
[2026-08-12T21:24:10.566+0000] {subprocess.py:93} INFO - 	at scala.concurrent.impl.Promise$DefaultPromise.$anonfun$tryComplete$1(Promise.scala:288)
[2026-08-12T21:24:10.580+0000] {subprocess.py:93} INFO - 	at scala.concurrent.impl.Promise$DefaultPromise.$anonfun$tryComplete$1$adapted(Promise.scala:288)
[2026-08-12T21:24:10.595+0000] {subprocess.py:93} INFO - 	at scala.concurrent.impl.Promise$DefaultPromise.tryComplete(Promise.scala:288)
[2026-08-12T21:24:10.609+0000] {subprocess.py:93} INFO - 	at scala.concurrent.Promise.trySuccess(Promise.scala:94)
[2026-08-12T21:24:10.624+0000] {subprocess.py:93} INFO - 	at scala.concurrent.Promise.trySuccess$(Promise.scala:94)
[2026-08-12T21:24:10.636+0000] {subprocess.py:93} INFO - 	at scala.concurrent.impl.Promise$DefaultPromise.trySuccess(Promise.scala:187)
[2026-08-12T21:24:10.654+0000] {subprocess.py:93} INFO - 	at org.apache.spark.rpc.netty.NettyRpcEnv.onSuccess$1(NettyRpcEnv.scala:225)
[2026-08-12T21:24:10.665+0000] {subprocess.py:93} INFO - 	at org.apache.spark.rpc.netty.NettyRpcEnv.$anonfun$askAbortable$5(NettyRpcEnv.scala:239)
[2026-08-12T21:24:10.680+0000] {subprocess.py:93} INFO - 	at org.apache.spark.rpc.netty.NettyRpcEnv.$anonfun$askAbortable$5$adapted(NettyRpcEnv.scala:238)
[2026-08-12T21:24:10.690+0000] {subprocess.py:93} INFO - 	at scala.concurrent.impl.CallbackRunnable.run(Promise.scala:64)
[2026-08-12T21:24:10.694+0000] {subprocess.py:93} INFO - 	at org.apache.spark.util.ThreadUtils$$anon$1.execute(ThreadUtils.scala:99)
[2026-08-12T21:24:10.706+0000] {subprocess.py:93} INFO - 	at scala.concurrent.impl.ExecutionContextImpl$$anon$4.execute(ExecutionContextImpl.scala:138)
[2026-08-12T21:24:10.729+0000] {subprocess.py:93} INFO - 	at scala.concurrent.impl.CallbackRunnable.executeWithValue(Promise.scala:72)
[2026-08-12T21:24:10.773+0000] {subprocess.py:93} INFO - 	at scala.concurrent.impl.Promise$DefaultPromise.$anonfun$tryComplete$1(Promise.scala:288)
[2026-08-12T21:24:10.798+0000] {subprocess.py:93} INFO - 	at scala.concurrent.impl.Promise$DefaultPromise.$anonfun$tryComplete$1$adapted(Promise.scala:288)
[2026-08-12T21:24:10.809+0000] {subprocess.py:93} INFO - 	at scala.concurrent.impl.Promise$DefaultPromise.tryComplete(Promise.scala:288)
[2026-08-12T21:24:10.851+0000] {subprocess.py:93} INFO - 	at scala.concurrent.Promise.complete(Promise.scala:53)
[2026-08-12T21:24:10.872+0000] {subprocess.py:93} INFO - 	at scala.concurrent.Promise.complete$(Promise.scala:52)
[2026-08-12T21:24:10.900+0000] {subprocess.py:93} INFO - 	at scala.concurrent.impl.Promise$DefaultPromise.complete(Promise.scala:187)
[2026-08-12T21:24:10.918+0000] {subprocess.py:93} INFO - 	at scala.concurrent.Promise.success(Promise.scala:86)
[2026-08-12T21:24:10.925+0000] {subprocess.py:93} INFO - 	at scala.concurrent.Promise.success$(Promise.scala:86)
[2026-08-12T21:24:10.963+0000] {subprocess.py:93} INFO - 	at scala.concurrent.impl.Promise$DefaultPromise.success(Promise.scala:187)
[2026-08-12T21:24:10.998+0000] {subprocess.py:93} INFO - 	at org.apache.spark.rpc.netty.LocalNettyRpcCallContext.send(NettyRpcCallContext.scala:50)
[2026-08-12T21:24:11.022+0000] {subprocess.py:93} INFO - 	at org.apache.spark.rpc.netty.NettyRpcCallContext.reply(NettyRpcCallContext.scala:32)
[2026-08-12T21:24:11.047+0000] {subprocess.py:93} INFO - 	at org.apache.spark.rpc.netty.RpcEndpointVerifier$$anonfun$receiveAndReply$1.applyOrElse(RpcEndpointVerifier.scala:31)
[2026-08-12T21:24:11.064+0000] {subprocess.py:93} INFO - 	... 8 more
[2026-08-12T21:24:11.076+0000] {subprocess.py:93} INFO - 26/08/12 21:23:54 ERROR Inbox: Ignoring error
[2026-08-12T21:24:11.100+0000] {subprocess.py:93} INFO - org.apache.spark.SparkException: Exception thrown in awaitResult:
[2026-08-12T21:24:11.105+0000] {subprocess.py:93} INFO - 	at org.apache.spark.util.SparkThreadUtils$.awaitResult(SparkThreadUtils.scala:56)
[2026-08-12T21:24:11.118+0000] {subprocess.py:93} INFO - 	at org.apache.spark.util.ThreadUtils$.awaitResult(ThreadUtils.scala:310)
[2026-08-12T21:24:11.126+0000] {subprocess.py:93} INFO - 	at org.apache.spark.rpc.RpcTimeout.awaitResult(RpcTimeout.scala:75)
[2026-08-12T21:24:11.199+0000] {subprocess.py:93} INFO - 	at org.apache.spark.rpc.RpcEnv.setupEndpointRefByURI(RpcEnv.scala:102)
[2026-08-12T21:24:11.263+0000] {subprocess.py:93} INFO - 	at org.apache.spark.rpc.RpcEnv.setupEndpointRef(RpcEnv.scala:110)
[2026-08-12T21:24:11.267+0000] {subprocess.py:93} INFO - 	at org.apache.spark.util.RpcUtils$.makeDriverRef(RpcUtils.scala:36)
[2026-08-12T21:24:11.293+0000] {subprocess.py:93} INFO - 	at org.apache.spark.storage.BlockManagerMasterEndpoint.driverEndpoint$lzycompute(BlockManagerMasterEndpoint.scala:124)
[2026-08-12T21:24:11.306+0000] {subprocess.py:93} INFO - 	at org.apache.spark.storage.BlockManagerMasterEndpoint.org$apache$spark$storage$BlockManagerMasterEndpoint$$driverEndpoint(BlockManagerMasterEndpoint.scala:123)
[2026-08-12T21:24:11.329+0000] {subprocess.py:93} INFO - 	at org.apache.spark.storage.BlockManagerMasterEndpoint.isExecutorAlive$lzycompute$1(BlockManagerMasterEndpoint.scala:688)
[2026-08-12T21:24:11.384+0000] {subprocess.py:93} INFO - 	at org.apache.spark.storage.BlockManagerMasterEndpoint.isExecutorAlive$1(BlockManagerMasterEndpoint.scala:687)
[2026-08-12T21:24:11.401+0000] {subprocess.py:93} INFO - 	at org.apache.spark.storage.BlockManagerMasterEndpoint.org$apache$spark$storage$BlockManagerMasterEndpoint$$register(BlockManagerMasterEndpoint.scala:725)
[2026-08-12T21:24:11.547+0000] {subprocess.py:93} INFO - 	at org.apache.spark.storage.BlockManagerMasterEndpoint$$anonfun$receiveAndReply$1.applyOrElse(BlockManagerMasterEndpoint.scala:133)
[2026-08-12T21:24:11.600+0000] {subprocess.py:93} INFO - 	at org.apache.spark.rpc.netty.Inbox.$anonfun$process$1(Inbox.scala:103)
[2026-08-12T21:24:11.678+0000] {subprocess.py:93} INFO - 	at org.apache.spark.rpc.netty.Inbox.safelyCall(Inbox.scala:213)
[2026-08-12T21:24:11.693+0000] {subprocess.py:93} INFO - 	at org.apache.spark.rpc.netty.Inbox.process(Inbox.scala:100)
[2026-08-12T21:24:11.708+0000] {subprocess.py:93} INFO - 	at org.apache.spark.rpc.netty.MessageLoop.org$apache$spark$rpc$netty$MessageLoop$$receiveLoop(MessageLoop.scala:75)
[2026-08-12T21:24:11.711+0000] {subprocess.py:93} INFO - 	at org.apache.spark.rpc.netty.MessageLoop$$anon$1.run(MessageLoop.scala:41)
[2026-08-12T21:24:11.713+0000] {subprocess.py:93} INFO - 	at java.base/java.util.concurrent.ThreadPoolExecutor.runWorker(ThreadPoolExecutor.java:1136)
[2026-08-12T21:24:11.728+0000] {subprocess.py:93} INFO - 	at java.base/java.util.concurrent.ThreadPoolExecutor$Worker.run(ThreadPoolExecutor.java:635)
[2026-08-12T21:24:11.732+0000] {subprocess.py:93} INFO - 	at java.base/java.lang.Thread.run(Thread.java:840)
[2026-08-12T21:24:11.746+0000] {subprocess.py:93} INFO - Caused by: org.apache.spark.rpc.RpcEndpointNotFoundException: Cannot find endpoint: spark://CoarseGrainedScheduler@4099a95615c9:45169
[2026-08-12T21:24:11.751+0000] {subprocess.py:93} INFO - 	at org.apache.spark.rpc.netty.NettyRpcEnv.$anonfun$asyncSetupEndpointRefByURI$1(NettyRpcEnv.scala:148)
[2026-08-12T21:24:11.771+0000] {subprocess.py:93} INFO - 	at org.apache.spark.rpc.netty.NettyRpcEnv.$anonfun$asyncSetupEndpointRefByURI$1$adapted(NettyRpcEnv.scala:144)
[2026-08-12T21:24:11.778+0000] {subprocess.py:93} INFO - 	at scala.concurrent.Future.$anonfun$flatMap$1(Future.scala:307)
[2026-08-12T21:24:11.874+0000] {subprocess.py:93} INFO - 	at scala.concurrent.impl.Promise.$anonfun$transformWith$1(Promise.scala:41)
[2026-08-12T21:24:11.921+0000] {subprocess.py:93} INFO - 	at scala.concurrent.impl.CallbackRunnable.run(Promise.scala:64)
[2026-08-12T21:24:11.939+0000] {subprocess.py:93} INFO - 	at org.apache.spark.util.ThreadUtils$$anon$1.execute(ThreadUtils.scala:99)
[2026-08-12T21:24:11.944+0000] {subprocess.py:93} INFO - 	at scala.concurrent.impl.ExecutionContextImpl$$anon$4.execute(ExecutionContextImpl.scala:138)
[2026-08-12T21:24:11.960+0000] {subprocess.py:93} INFO - 	at scala.concurrent.impl.CallbackRunnable.executeWithValue(Promise.scala:72)
[2026-08-12T21:24:11.992+0000] {subprocess.py:93} INFO - 	at scala.concurrent.impl.Promise$DefaultPromise.$anonfun$tryComplete$1(Promise.scala:288)
[2026-08-12T21:24:12.027+0000] {subprocess.py:93} INFO - 	at scala.concurrent.impl.Promise$DefaultPromise.$anonfun$tryComplete$1$adapted(Promise.scala:288)
[2026-08-12T21:24:12.037+0000] {subprocess.py:93} INFO - 	at scala.concurrent.impl.Promise$DefaultPromise.tryComplete(Promise.scala:288)
[2026-08-12T21:24:12.065+0000] {subprocess.py:93} INFO - 	at scala.concurrent.Promise.complete(Promise.scala:53)
[2026-08-12T21:24:12.084+0000] {subprocess.py:93} INFO - 	at scala.concurrent.Promise.complete$(Promise.scala:52)
[2026-08-12T21:24:12.107+0000] {subprocess.py:93} INFO - 	at scala.concurrent.impl.Promise$DefaultPromise.complete(Promise.scala:187)
[2026-08-12T21:24:12.132+0000] {subprocess.py:93} INFO - 	at scala.concurrent.impl.Promise.$anonfun$transform$1(Promise.scala:33)
[2026-08-12T21:24:12.149+0000] {subprocess.py:93} INFO - 	at scala.concurrent.impl.CallbackRunnable.run(Promise.scala:64)
[2026-08-12T21:24:12.155+0000] {subprocess.py:93} INFO - 	at org.apache.spark.util.ThreadUtils$$anon$1.execute(ThreadUtils.scala:99)
[2026-08-12T21:24:12.171+0000] {subprocess.py:93} INFO - 	at scala.concurrent.impl.ExecutionContextImpl$$anon$4.execute(ExecutionContextImpl.scala:138)
[2026-08-12T21:24:12.180+0000] {subprocess.py:93} INFO - 	at scala.concurrent.impl.CallbackRunnable.executeWithValue(Promise.scala:72)
[2026-08-12T21:24:12.187+0000] {subprocess.py:93} INFO - 	at scala.concurrent.impl.Promise$DefaultPromise.$anonfun$tryComplete$1(Promise.scala:288)
[2026-08-12T21:24:12.195+0000] {subprocess.py:93} INFO - 	at scala.concurrent.impl.Promise$DefaultPromise.$anonfun$tryComplete$1$adapted(Promise.scala:288)
[2026-08-12T21:24:12.208+0000] {subprocess.py:93} INFO - 	at scala.concurrent.impl.Promise$DefaultPromise.tryComplete(Promise.scala:288)
[2026-08-12T21:24:12.214+0000] {subprocess.py:93} INFO - 	at scala.concurrent.Promise.complete(Promise.scala:53)
[2026-08-12T21:24:12.234+0000] {subprocess.py:93} INFO - 	at scala.concurrent.Promise.complete$(Promise.scala:52)
[2026-08-12T21:24:12.241+0000] {subprocess.py:93} INFO - 	at scala.concurrent.impl.Promise$DefaultPromise.complete(Promise.scala:187)
[2026-08-12T21:24:12.247+0000] {subprocess.py:93} INFO - 	at scala.concurrent.impl.Promise.$anonfun$transform$1(Promise.scala:33)
[2026-08-12T21:24:12.256+0000] {subprocess.py:93} INFO - 	at scala.concurrent.impl.CallbackRunnable.run(Promise.scala:64)
[2026-08-12T21:24:12.275+0000] {subprocess.py:93} INFO - 	at scala.concurrent.BatchingExecutor$Batch.processBatch$1(BatchingExecutor.scala:67)
[2026-08-12T21:24:12.280+0000] {subprocess.py:93} INFO - 	at scala.concurrent.BatchingExecutor$Batch.$anonfun$run$1(BatchingExecutor.scala:82)
[2026-08-12T21:24:12.285+0000] {subprocess.py:93} INFO - 	at scala.runtime.java8.JFunction0$mcV$sp.apply(JFunction0$mcV$sp.java:23)
[2026-08-12T21:24:12.290+0000] {subprocess.py:93} INFO - 	at scala.concurrent.BlockContext$.withBlockContext(BlockContext.scala:85)
[2026-08-12T21:24:12.296+0000] {subprocess.py:93} INFO - 	at scala.concurrent.BatchingExecutor$Batch.run(BatchingExecutor.scala:59)
[2026-08-12T21:24:12.301+0000] {subprocess.py:93} INFO - 	at scala.concurrent.Future$InternalCallbackExecutor$.unbatchedExecute(Future.scala:875)
[2026-08-12T21:24:12.312+0000] {subprocess.py:93} INFO - 	at scala.concurrent.BatchingExecutor.execute(BatchingExecutor.scala:110)
[2026-08-12T21:24:12.338+0000] {subprocess.py:93} INFO - 	at scala.concurrent.BatchingExecutor.execute$(BatchingExecutor.scala:107)
[2026-08-12T21:24:12.350+0000] {subprocess.py:93} INFO - 	at scala.concurrent.Future$InternalCallbackExecutor$.execute(Future.scala:873)
[2026-08-12T21:24:12.373+0000] {subprocess.py:93} INFO - 	at scala.concurrent.impl.CallbackRunnable.executeWithValue(Promise.scala:72)
[2026-08-12T21:24:12.386+0000] {subprocess.py:93} INFO - 	at scala.concurrent.impl.Promise$DefaultPromise.$anonfun$tryComplete$1(Promise.scala:288)
[2026-08-12T21:24:12.440+0000] {subprocess.py:93} INFO - 	at scala.concurrent.impl.Promise$DefaultPromise.$anonfun$tryComplete$1$adapted(Promise.scala:288)
[2026-08-12T21:24:12.452+0000] {subprocess.py:93} INFO - 	at scala.concurrent.impl.Promise$DefaultPromise.tryComplete(Promise.scala:288)
[2026-08-12T21:24:12.455+0000] {subprocess.py:93} INFO - 	at scala.concurrent.Promise.trySuccess(Promise.scala:94)
[2026-08-12T21:24:12.465+0000] {subprocess.py:93} INFO - 	at scala.concurrent.Promise.trySuccess$(Promise.scala:94)
[2026-08-12T21:24:12.473+0000] {subprocess.py:93} INFO - 	at scala.concurrent.impl.Promise$DefaultPromise.trySuccess(Promise.scala:187)
[2026-08-12T21:24:12.485+0000] {subprocess.py:93} INFO - 	at org.apache.spark.rpc.netty.NettyRpcEnv.onSuccess$1(NettyRpcEnv.scala:225)
[2026-08-12T21:24:12.496+0000] {subprocess.py:93} INFO - 	at org.apache.spark.rpc.netty.NettyRpcEnv.$anonfun$askAbortable$5(NettyRpcEnv.scala:239)
[2026-08-12T21:24:12.515+0000] {subprocess.py:93} INFO - 	at org.apache.spark.rpc.netty.NettyRpcEnv.$anonfun$askAbortable$5$adapted(NettyRpcEnv.scala:238)
[2026-08-12T21:24:12.531+0000] {subprocess.py:93} INFO - 	at scala.concurrent.impl.CallbackRunnable.run(Promise.scala:64)
[2026-08-12T21:24:12.556+0000] {subprocess.py:93} INFO - 	at org.apache.spark.util.ThreadUtils$$anon$1.execute(ThreadUtils.scala:99)
[2026-08-12T21:24:12.564+0000] {subprocess.py:93} INFO - 	at scala.concurrent.impl.ExecutionContextImpl$$anon$4.execute(ExecutionContextImpl.scala:138)
[2026-08-12T21:24:12.592+0000] {subprocess.py:93} INFO - 	at scala.concurrent.impl.CallbackRunnable.executeWithValue(Promise.scala:72)
[2026-08-12T21:24:12.595+0000] {subprocess.py:93} INFO - 	at scala.concurrent.impl.Promise$DefaultPromise.$anonfun$tryComplete$1(Promise.scala:288)
[2026-08-12T21:24:12.610+0000] {subprocess.py:93} INFO - 	at scala.concurrent.impl.Promise$DefaultPromise.$anonfun$tryComplete$1$adapted(Promise.scala:288)
[2026-08-12T21:24:12.629+0000] {subprocess.py:93} INFO - 	at scala.concurrent.impl.Promise$DefaultPromise.tryComplete(Promise.scala:288)
[2026-08-12T21:24:12.646+0000] {subprocess.py:93} INFO - 	at scala.concurrent.Promise.complete(Promise.scala:53)
[2026-08-12T21:24:12.660+0000] {subprocess.py:93} INFO - 	at scala.concurrent.Promise.complete$(Promise.scala:52)
[2026-08-12T21:24:12.684+0000] {subprocess.py:93} INFO - 	at scala.concurrent.impl.Promise$DefaultPromise.complete(Promise.scala:187)
[2026-08-12T21:24:12.687+0000] {subprocess.py:93} INFO - 	at scala.concurrent.Promise.success(Promise.scala:86)
[2026-08-12T21:24:12.700+0000] {subprocess.py:93} INFO - 	at scala.concurrent.Promise.success$(Promise.scala:86)
[2026-08-12T21:24:12.707+0000] {subprocess.py:93} INFO - 	at scala.concurrent.impl.Promise$DefaultPromise.success(Promise.scala:187)
[2026-08-12T21:24:12.736+0000] {subprocess.py:93} INFO - 	at org.apache.spark.rpc.netty.LocalNettyRpcCallContext.send(NettyRpcCallContext.scala:50)
[2026-08-12T21:24:12.752+0000] {subprocess.py:93} INFO - 	at org.apache.spark.rpc.netty.NettyRpcCallContext.reply(NettyRpcCallContext.scala:32)
[2026-08-12T21:24:12.782+0000] {subprocess.py:93} INFO - 	at org.apache.spark.rpc.netty.RpcEndpointVerifier$$anonfun$receiveAndReply$1.applyOrElse(RpcEndpointVerifier.scala:31)
[2026-08-12T21:24:12.838+0000] {subprocess.py:93} INFO - 	... 8 more
[2026-08-12T21:24:12.845+0000] {subprocess.py:93} INFO - 26/08/12 21:23:57 WARN Executor: Issue communicating with driver in heartbeater
[2026-08-12T21:24:12.851+0000] {subprocess.py:93} INFO - org.apache.spark.SparkException: Exception thrown in awaitResult:
[2026-08-12T21:24:12.862+0000] {subprocess.py:93} INFO - 	at org.apache.spark.util.SparkThreadUtils$.awaitResult(SparkThreadUtils.scala:56)
[2026-08-12T21:24:12.877+0000] {subprocess.py:93} INFO - 	at org.apache.spark.util.ThreadUtils$.awaitResult(ThreadUtils.scala:310)
[2026-08-12T21:24:12.892+0000] {subprocess.py:93} INFO - 	at org.apache.spark.rpc.RpcTimeout.awaitResult(RpcTimeout.scala:75)
[2026-08-12T21:24:12.934+0000] {subprocess.py:93} INFO - 	at org.apache.spark.rpc.RpcEndpointRef.askSync(RpcEndpointRef.scala:101)
[2026-08-12T21:24:12.939+0000] {subprocess.py:93} INFO - 	at org.apache.spark.rpc.RpcEndpointRef.askSync(RpcEndpointRef.scala:85)
[2026-08-12T21:24:12.946+0000] {subprocess.py:93} INFO - 	at org.apache.spark.storage.BlockManagerMaster.registerBlockManager(BlockManagerMaster.scala:80)
[2026-08-12T21:24:12.963+0000] {subprocess.py:93} INFO - 	at org.apache.spark.storage.BlockManager.reregister(BlockManager.scala:642)
[2026-08-12T21:24:12.979+0000] {subprocess.py:93} INFO - 	at org.apache.spark.executor.Executor.reportHeartBeat(Executor.scala:1223)
[2026-08-12T21:24:13.002+0000] {subprocess.py:93} INFO - 	at org.apache.spark.executor.Executor.$anonfun$heartbeater$1(Executor.scala:295)
[2026-08-12T21:24:13.010+0000] {subprocess.py:93} INFO - 	at scala.runtime.java8.JFunction0$mcV$sp.apply(JFunction0$mcV$sp.java:23)
[2026-08-12T21:24:13.025+0000] {subprocess.py:93} INFO - 	at org.apache.spark.util.Utils$.logUncaughtExceptions(Utils.scala:1928)
[2026-08-12T21:24:13.032+0000] {subprocess.py:93} INFO - 	at org.apache.spark.Heartbeater$$anon$1.run(Heartbeater.scala:46)
[2026-08-12T21:24:13.052+0000] {subprocess.py:93} INFO - 	at java.base/java.util.concurrent.Executors$RunnableAdapter.call(Executors.java:539)
[2026-08-12T21:24:13.070+0000] {subprocess.py:93} INFO - 	at java.base/java.util.concurrent.FutureTask.runAndReset(FutureTask.java:305)
[2026-08-12T21:24:13.144+0000] {subprocess.py:93} INFO - 	at java.base/java.util.concurrent.ScheduledThreadPoolExecutor$ScheduledFutureTask.run(ScheduledThreadPoolExecutor.java:305)
[2026-08-12T21:24:13.183+0000] {subprocess.py:93} INFO - 	at java.base/java.util.concurrent.ThreadPoolExecutor.runWorker(ThreadPoolExecutor.java:1136)
[2026-08-12T21:24:13.220+0000] {subprocess.py:93} INFO - 	at java.base/java.util.concurrent.ThreadPoolExecutor$Worker.run(ThreadPoolExecutor.java:635)
[2026-08-12T21:24:13.240+0000] {subprocess.py:93} INFO - 	at java.base/java.lang.Thread.run(Thread.java:840)
[2026-08-12T21:24:13.321+0000] {subprocess.py:93} INFO - Caused by: org.apache.spark.SparkException: Exception thrown in awaitResult:
[2026-08-12T21:24:13.607+0000] {subprocess.py:93} INFO - 	at org.apache.spark.util.SparkThreadUtils$.awaitResult(SparkThreadUtils.scala:56)
[2026-08-12T21:24:13.719+0000] {subprocess.py:93} INFO - 	at org.apache.spark.util.ThreadUtils$.awaitResult(ThreadUtils.scala:310)
[2026-08-12T21:24:13.873+0000] {subprocess.py:93} INFO - 	at org.apache.spark.rpc.RpcTimeout.awaitResult(RpcTimeout.scala:75)
[2026-08-12T21:24:13.941+0000] {subprocess.py:93} INFO - 	at org.apache.spark.rpc.RpcEnv.setupEndpointRefByURI(RpcEnv.scala:102)
[2026-08-12T21:24:14.070+0000] {subprocess.py:93} INFO - 	at org.apache.spark.rpc.RpcEnv.setupEndpointRef(RpcEnv.scala:110)
[2026-08-12T21:24:14.103+0000] {subprocess.py:93} INFO - 	at org.apache.spark.util.RpcUtils$.makeDriverRef(RpcUtils.scala:36)
[2026-08-12T21:24:14.177+0000] {subprocess.py:93} INFO - 	at org.apache.spark.storage.BlockManagerMasterEndpoint.driverEndpoint$lzycompute(BlockManagerMasterEndpoint.scala:124)
[2026-08-12T21:24:14.306+0000] {subprocess.py:93} INFO - 	at org.apache.spark.storage.BlockManagerMasterEndpoint.org$apache$spark$storage$BlockManagerMasterEndpoint$$driverEndpoint(BlockManagerMasterEndpoint.scala:123)
[2026-08-12T21:24:14.486+0000] {subprocess.py:93} INFO - 	at org.apache.spark.storage.BlockManagerMasterEndpoint.isExecutorAlive$lzycompute$1(BlockManagerMasterEndpoint.scala:688)
[2026-08-12T21:24:14.542+0000] {subprocess.py:93} INFO - 	at org.apache.spark.storage.BlockManagerMasterEndpoint.isExecutorAlive$1(BlockManagerMasterEndpoint.scala:687)
[2026-08-12T21:24:14.642+0000] {subprocess.py:93} INFO - 	at org.apache.spark.storage.BlockManagerMasterEndpoint.org$apache$spark$storage$BlockManagerMasterEndpoint$$register(BlockManagerMasterEndpoint.scala:725)
[2026-08-12T21:24:14.649+0000] {subprocess.py:93} INFO - 	at org.apache.spark.storage.BlockManagerMasterEndpoint$$anonfun$receiveAndReply$1.applyOrElse(BlockManagerMasterEndpoint.scala:133)
[2026-08-12T21:24:14.729+0000] {subprocess.py:93} INFO - 	at org.apache.spark.rpc.netty.Inbox.$anonfun$process$1(Inbox.scala:103)
[2026-08-12T21:24:14.987+0000] {subprocess.py:93} INFO - 	at org.apache.spark.rpc.netty.Inbox.safelyCall(Inbox.scala:213)
[2026-08-12T21:24:14.996+0000] {subprocess.py:93} INFO - 	at org.apache.spark.rpc.netty.Inbox.process(Inbox.scala:100)
[2026-08-12T21:24:15.057+0000] {subprocess.py:93} INFO - 	at org.apache.spark.rpc.netty.MessageLoop.org$apache$spark$rpc$netty$MessageLoop$$receiveLoop(MessageLoop.scala:75)
[2026-08-12T21:24:15.097+0000] {subprocess.py:93} INFO - 	at org.apache.spark.rpc.netty.MessageLoop$$anon$1.run(MessageLoop.scala:41)
[2026-08-12T21:24:15.110+0000] {subprocess.py:93} INFO - 	... 3 more
[2026-08-12T21:24:15.117+0000] {subprocess.py:93} INFO - Caused by: org.apache.spark.rpc.RpcEndpointNotFoundException: Cannot find endpoint: spark://CoarseGrainedScheduler@4099a95615c9:45169
[2026-08-12T21:24:15.127+0000] {subprocess.py:93} INFO - 	at org.apache.spark.rpc.netty.NettyRpcEnv.$anonfun$asyncSetupEndpointRefByURI$1(NettyRpcEnv.scala:148)
[2026-08-12T21:24:15.134+0000] {subprocess.py:93} INFO - 	at org.apache.spark.rpc.netty.NettyRpcEnv.$anonfun$asyncSetupEndpointRefByURI$1$adapted(NettyRpcEnv.scala:144)
[2026-08-12T21:24:15.138+0000] {subprocess.py:93} INFO - 	at scala.concurrent.Future.$anonfun$flatMap$1(Future.scala:307)
[2026-08-12T21:24:15.142+0000] {subprocess.py:93} INFO - 	at scala.concurrent.impl.Promise.$anonfun$transformWith$1(Promise.scala:41)
[2026-08-12T21:24:15.146+0000] {subprocess.py:93} INFO - 	at scala.concurrent.impl.CallbackRunnable.run(Promise.scala:64)
[2026-08-12T21:24:15.159+0000] {subprocess.py:93} INFO - 	at org.apache.spark.util.ThreadUtils$$anon$1.execute(ThreadUtils.scala:99)
[2026-08-12T21:24:15.173+0000] {subprocess.py:93} INFO - 	at scala.concurrent.impl.ExecutionContextImpl$$anon$4.execute(ExecutionContextImpl.scala:138)
[2026-08-12T21:24:15.187+0000] {subprocess.py:93} INFO - 	at scala.concurrent.impl.CallbackRunnable.executeWithValue(Promise.scala:72)
[2026-08-12T21:24:15.198+0000] {subprocess.py:93} INFO - 	at scala.concurrent.impl.Promise$DefaultPromise.$anonfun$tryComplete$1(Promise.scala:288)
[2026-08-12T21:24:15.235+0000] {subprocess.py:93} INFO - 	at scala.concurrent.impl.Promise$DefaultPromise.$anonfun$tryComplete$1$adapted(Promise.scala:288)
[2026-08-12T21:24:15.240+0000] {subprocess.py:93} INFO - 	at scala.concurrent.impl.Promise$DefaultPromise.tryComplete(Promise.scala:288)
[2026-08-12T21:24:15.263+0000] {subprocess.py:93} INFO - 	at scala.concurrent.Promise.complete(Promise.scala:53)
[2026-08-12T21:24:15.278+0000] {subprocess.py:93} INFO - 	at scala.concurrent.Promise.complete$(Promise.scala:52)
[2026-08-12T21:24:15.314+0000] {subprocess.py:93} INFO - 	at scala.concurrent.impl.Promise$DefaultPromise.complete(Promise.scala:187)
[2026-08-12T21:24:15.328+0000] {subprocess.py:93} INFO - 	at scala.concurrent.impl.Promise.$anonfun$transform$1(Promise.scala:33)
[2026-08-12T21:24:15.362+0000] {subprocess.py:93} INFO - 	at scala.concurrent.impl.CallbackRunnable.run(Promise.scala:64)
[2026-08-12T21:24:15.386+0000] {subprocess.py:93} INFO - 	at org.apache.spark.util.ThreadUtils$$anon$1.execute(ThreadUtils.scala:99)
[2026-08-12T21:24:15.415+0000] {subprocess.py:93} INFO - 	at scala.concurrent.impl.ExecutionContextImpl$$anon$4.execute(ExecutionContextImpl.scala:138)
[2026-08-12T21:24:15.460+0000] {subprocess.py:93} INFO - 	at scala.concurrent.impl.CallbackRunnable.executeWithValue(Promise.scala:72)
[2026-08-12T21:24:15.482+0000] {subprocess.py:93} INFO - 	at scala.concurrent.impl.Promise$DefaultPromise.$anonfun$tryComplete$1(Promise.scala:288)
[2026-08-12T21:24:15.495+0000] {subprocess.py:93} INFO - 	at scala.concurrent.impl.Promise$DefaultPromise.$anonfun$tryComplete$1$adapted(Promise.scala:288)
[2026-08-12T21:24:15.504+0000] {subprocess.py:93} INFO - 	at scala.concurrent.impl.Promise$DefaultPromise.tryComplete(Promise.scala:288)
[2026-08-12T21:24:15.524+0000] {subprocess.py:93} INFO - 	at scala.concurrent.Promise.complete(Promise.scala:53)
[2026-08-12T21:24:15.600+0000] {subprocess.py:93} INFO - 	at scala.concurrent.Promise.complete$(Promise.scala:52)
[2026-08-12T21:24:15.650+0000] {subprocess.py:93} INFO - 	at scala.concurrent.impl.Promise$DefaultPromise.complete(Promise.scala:187)
[2026-08-12T21:24:15.702+0000] {subprocess.py:93} INFO - 	at scala.concurrent.impl.Promise.$anonfun$transform$1(Promise.scala:33)
[2026-08-12T21:24:15.750+0000] {subprocess.py:93} INFO - 	at scala.concurrent.impl.CallbackRunnable.run(Promise.scala:64)
[2026-08-12T21:24:15.799+0000] {subprocess.py:93} INFO - 	at scala.concurrent.BatchingExecutor$Batch.processBatch$1(BatchingExecutor.scala:67)
[2026-08-12T21:24:15.830+0000] {subprocess.py:93} INFO - 	at scala.concurrent.BatchingExecutor$Batch.$anonfun$run$1(BatchingExecutor.scala:82)
[2026-08-12T21:24:15.906+0000] {subprocess.py:93} INFO - 	at scala.runtime.java8.JFunction0$mcV$sp.apply(JFunction0$mcV$sp.java:23)
[2026-08-12T21:24:15.951+0000] {subprocess.py:93} INFO - 	at scala.concurrent.BlockContext$.withBlockContext(BlockContext.scala:85)
[2026-08-12T21:24:15.958+0000] {subprocess.py:93} INFO - 	at scala.concurrent.BatchingExecutor$Batch.run(BatchingExecutor.scala:59)
[2026-08-12T21:24:15.991+0000] {subprocess.py:93} INFO - 	at scala.concurrent.Future$InternalCallbackExecutor$.unbatchedExecute(Future.scala:875)
[2026-08-12T21:24:16.104+0000] {subprocess.py:93} INFO - 	at scala.concurrent.BatchingExecutor.execute(BatchingExecutor.scala:110)
[2026-08-12T21:24:16.121+0000] {subprocess.py:93} INFO - 	at scala.concurrent.BatchingExecutor.execute$(BatchingExecutor.scala:107)
[2026-08-12T21:24:16.178+0000] {subprocess.py:93} INFO - 	at scala.concurrent.Future$InternalCallbackExecutor$.execute(Future.scala:873)
[2026-08-12T21:24:16.298+0000] {subprocess.py:93} INFO - 	at scala.concurrent.impl.CallbackRunnable.executeWithValue(Promise.scala:72)
[2026-08-12T21:24:16.323+0000] {subprocess.py:93} INFO - 	at scala.concurrent.impl.Promise$DefaultPromise.$anonfun$tryComplete$1(Promise.scala:288)
[2026-08-12T21:24:16.335+0000] {subprocess.py:93} INFO - 	at scala.concurrent.impl.Promise$DefaultPromise.$anonfun$tryComplete$1$adapted(Promise.scala:288)
[2026-08-12T21:24:16.348+0000] {subprocess.py:93} INFO - 	at scala.concurrent.impl.Promise$DefaultPromise.tryComplete(Promise.scala:288)
[2026-08-12T21:24:16.363+0000] {subprocess.py:93} INFO - 	at scala.concurrent.Promise.trySuccess(Promise.scala:94)
[2026-08-12T21:24:16.409+0000] {subprocess.py:93} INFO - 	at scala.concurrent.Promise.trySuccess$(Promise.scala:94)
[2026-08-12T21:24:16.578+0000] {subprocess.py:93} INFO - 	at scala.concurrent.impl.Promise$DefaultPromise.trySuccess(Promise.scala:187)
[2026-08-12T21:24:16.613+0000] {subprocess.py:93} INFO - 	at org.apache.spark.rpc.netty.NettyRpcEnv.onSuccess$1(NettyRpcEnv.scala:225)
[2026-08-12T21:24:16.633+0000] {subprocess.py:93} INFO - 	at org.apache.spark.rpc.netty.NettyRpcEnv.$anonfun$askAbortable$5(NettyRpcEnv.scala:239)
[2026-08-12T21:24:16.657+0000] {subprocess.py:93} INFO - 	at org.apache.spark.rpc.netty.NettyRpcEnv.$anonfun$askAbortable$5$adapted(NettyRpcEnv.scala:238)
[2026-08-12T21:24:16.680+0000] {subprocess.py:93} INFO - 	at scala.concurrent.impl.CallbackRunnable.run(Promise.scala:64)
[2026-08-12T21:24:16.722+0000] {subprocess.py:93} INFO - 	at org.apache.spark.util.ThreadUtils$$anon$1.execute(ThreadUtils.scala:99)
[2026-08-12T21:24:16.766+0000] {subprocess.py:93} INFO - 	at scala.concurrent.impl.ExecutionContextImpl$$anon$4.execute(ExecutionContextImpl.scala:138)
[2026-08-12T21:24:16.786+0000] {subprocess.py:93} INFO - 	at scala.concurrent.impl.CallbackRunnable.executeWithValue(Promise.scala:72)
[2026-08-12T21:24:16.810+0000] {subprocess.py:93} INFO - 	at scala.concurrent.impl.Promise$DefaultPromise.$anonfun$tryComplete$1(Promise.scala:288)
[2026-08-12T21:24:16.822+0000] {subprocess.py:93} INFO - 	at scala.concurrent.impl.Promise$DefaultPromise.$anonfun$tryComplete$1$adapted(Promise.scala:288)
[2026-08-12T21:24:16.840+0000] {subprocess.py:93} INFO - 	at scala.concurrent.impl.Promise$DefaultPromise.tryComplete(Promise.scala:288)
[2026-08-12T21:24:16.864+0000] {subprocess.py:93} INFO - 	at scala.concurrent.Promise.complete(Promise.scala:53)
[2026-08-12T21:24:16.885+0000] {subprocess.py:93} INFO - 	at scala.concurrent.Promise.complete$(Promise.scala:52)
[2026-08-12T21:24:16.926+0000] {subprocess.py:93} INFO - 	at scala.concurrent.impl.Promise$DefaultPromise.complete(Promise.scala:187)
[2026-08-12T21:24:16.968+0000] {subprocess.py:93} INFO - 	at scala.concurrent.Promise.success(Promise.scala:86)
[2026-08-12T21:24:16.984+0000] {subprocess.py:93} INFO - 	at scala.concurrent.Promise.success$(Promise.scala:86)
[2026-08-12T21:24:17.016+0000] {subprocess.py:93} INFO - 	at scala.concurrent.impl.Promise$DefaultPromise.success(Promise.scala:187)
[2026-08-12T21:24:17.034+0000] {subprocess.py:93} INFO - 	at org.apache.spark.rpc.netty.LocalNettyRpcCallContext.send(NettyRpcCallContext.scala:50)
[2026-08-12T21:24:17.064+0000] {subprocess.py:93} INFO - 	at org.apache.spark.rpc.netty.NettyRpcCallContext.reply(NettyRpcCallContext.scala:32)
[2026-08-12T21:24:17.097+0000] {subprocess.py:93} INFO - 	at org.apache.spark.rpc.netty.RpcEndpointVerifier$$anonfun$receiveAndReply$1.applyOrElse(RpcEndpointVerifier.scala:31)
[2026-08-12T21:24:17.190+0000] {subprocess.py:93} INFO - 	... 8 more
[2026-08-12T21:24:17.274+0000] {subprocess.py:93} INFO - 26/08/12 21:23:57 ERROR Inbox: Ignoring error
[2026-08-12T21:24:17.346+0000] {subprocess.py:93} INFO - org.apache.spark.SparkException: Exception thrown in awaitResult:
[2026-08-12T21:24:17.364+0000] {subprocess.py:93} INFO - 	at org.apache.spark.util.SparkThreadUtils$.awaitResult(SparkThreadUtils.scala:56)
[2026-08-12T21:24:17.411+0000] {subprocess.py:93} INFO - 	at org.apache.spark.util.ThreadUtils$.awaitResult(ThreadUtils.scala:310)
[2026-08-12T21:24:17.442+0000] {subprocess.py:93} INFO - 	at org.apache.spark.rpc.RpcTimeout.awaitResult(RpcTimeout.scala:75)
[2026-08-12T21:24:17.476+0000] {subprocess.py:93} INFO - 	at org.apache.spark.rpc.RpcEnv.setupEndpointRefByURI(RpcEnv.scala:102)
[2026-08-12T21:24:17.570+0000] {subprocess.py:93} INFO - 	at org.apache.spark.rpc.RpcEnv.setupEndpointRef(RpcEnv.scala:110)
[2026-08-12T21:24:17.593+0000] {subprocess.py:93} INFO - 	at org.apache.spark.util.RpcUtils$.makeDriverRef(RpcUtils.scala:36)
[2026-08-12T21:24:17.621+0000] {subprocess.py:93} INFO - 	at org.apache.spark.storage.BlockManagerMasterEndpoint.driverEndpoint$lzycompute(BlockManagerMasterEndpoint.scala:124)
[2026-08-12T21:24:17.672+0000] {subprocess.py:93} INFO - 	at org.apache.spark.storage.BlockManagerMasterEndpoint.org$apache$spark$storage$BlockManagerMasterEndpoint$$driverEndpoint(BlockManagerMasterEndpoint.scala:123)
[2026-08-12T21:24:17.677+0000] {subprocess.py:93} INFO - 	at org.apache.spark.storage.BlockManagerMasterEndpoint.isExecutorAlive$lzycompute$1(BlockManagerMasterEndpoint.scala:688)
[2026-08-12T21:24:17.702+0000] {subprocess.py:93} INFO - 	at org.apache.spark.storage.BlockManagerMasterEndpoint.isExecutorAlive$1(BlockManagerMasterEndpoint.scala:687)
[2026-08-12T21:24:17.714+0000] {subprocess.py:93} INFO - 	at org.apache.spark.storage.BlockManagerMasterEndpoint.org$apache$spark$storage$BlockManagerMasterEndpoint$$register(BlockManagerMasterEndpoint.scala:725)
[2026-08-12T21:24:17.881+0000] {subprocess.py:93} INFO - 	at org.apache.spark.storage.BlockManagerMasterEndpoint$$anonfun$receiveAndReply$1.applyOrElse(BlockManagerMasterEndpoint.scala:133)
[2026-08-12T21:24:17.962+0000] {subprocess.py:93} INFO - 	at org.apache.spark.rpc.netty.Inbox.$anonfun$process$1(Inbox.scala:103)
[2026-08-12T21:24:17.976+0000] {subprocess.py:93} INFO - 	at org.apache.spark.rpc.netty.Inbox.safelyCall(Inbox.scala:213)
[2026-08-12T21:24:18.008+0000] {subprocess.py:93} INFO - 	at org.apache.spark.rpc.netty.Inbox.process(Inbox.scala:100)
[2026-08-12T21:24:18.024+0000] {subprocess.py:93} INFO - 	at org.apache.spark.rpc.netty.MessageLoop.org$apache$spark$rpc$netty$MessageLoop$$receiveLoop(MessageLoop.scala:75)
[2026-08-12T21:24:18.043+0000] {subprocess.py:93} INFO - 	at org.apache.spark.rpc.netty.MessageLoop$$anon$1.run(MessageLoop.scala:41)
[2026-08-12T21:24:18.158+0000] {subprocess.py:93} INFO - 	at java.base/java.util.concurrent.ThreadPoolExecutor.runWorker(ThreadPoolExecutor.java:1136)
[2026-08-12T21:24:18.181+0000] {subprocess.py:93} INFO - 	at java.base/java.util.concurrent.ThreadPoolExecutor$Worker.run(ThreadPoolExecutor.java:635)
[2026-08-12T21:24:18.200+0000] {subprocess.py:93} INFO - 	at java.base/java.lang.Thread.run(Thread.java:840)
[2026-08-12T21:24:18.285+0000] {subprocess.py:93} INFO - Caused by: org.apache.spark.rpc.RpcEndpointNotFoundException: Cannot find endpoint: spark://CoarseGrainedScheduler@4099a95615c9:45169
[2026-08-12T21:24:18.340+0000] {subprocess.py:93} INFO - 	at org.apache.spark.rpc.netty.NettyRpcEnv.$anonfun$asyncSetupEndpointRefByURI$1(NettyRpcEnv.scala:148)
[2026-08-12T21:24:18.379+0000] {subprocess.py:93} INFO - 	at org.apache.spark.rpc.netty.NettyRpcEnv.$anonfun$asyncSetupEndpointRefByURI$1$adapted(NettyRpcEnv.scala:144)
[2026-08-12T21:24:18.395+0000] {subprocess.py:93} INFO - 	at scala.concurrent.Future.$anonfun$flatMap$1(Future.scala:307)
[2026-08-12T21:24:18.434+0000] {subprocess.py:93} INFO - 	at scala.concurrent.impl.Promise.$anonfun$transformWith$1(Promise.scala:41)
[2026-08-12T21:24:18.484+0000] {subprocess.py:93} INFO - 	at scala.concurrent.impl.CallbackRunnable.run(Promise.scala:64)
[2026-08-12T21:24:18.517+0000] {subprocess.py:93} INFO - 	at org.apache.spark.util.ThreadUtils$$anon$1.execute(ThreadUtils.scala:99)
[2026-08-12T21:24:18.526+0000] {subprocess.py:93} INFO - 	at scala.concurrent.impl.ExecutionContextImpl$$anon$4.execute(ExecutionContextImpl.scala:138)
[2026-08-12T21:24:18.540+0000] {subprocess.py:93} INFO - 	at scala.concurrent.impl.CallbackRunnable.executeWithValue(Promise.scala:72)
[2026-08-12T21:24:18.617+0000] {subprocess.py:93} INFO - 	at scala.concurrent.impl.Promise$DefaultPromise.$anonfun$tryComplete$1(Promise.scala:288)
[2026-08-12T21:24:18.638+0000] {subprocess.py:93} INFO - 	at scala.concurrent.impl.Promise$DefaultPromise.$anonfun$tryComplete$1$adapted(Promise.scala:288)
[2026-08-12T21:24:18.651+0000] {subprocess.py:93} INFO - 	at scala.concurrent.impl.Promise$DefaultPromise.tryComplete(Promise.scala:288)
[2026-08-12T21:24:18.654+0000] {subprocess.py:93} INFO - 	at scala.concurrent.Promise.complete(Promise.scala:53)
[2026-08-12T21:24:18.668+0000] {subprocess.py:93} INFO - 	at scala.concurrent.Promise.complete$(Promise.scala:52)
[2026-08-12T21:24:18.691+0000] {subprocess.py:93} INFO - 	at scala.concurrent.impl.Promise$DefaultPromise.complete(Promise.scala:187)
[2026-08-12T21:24:18.699+0000] {subprocess.py:93} INFO - 	at scala.concurrent.impl.Promise.$anonfun$transform$1(Promise.scala:33)
[2026-08-12T21:24:18.744+0000] {subprocess.py:93} INFO - 	at scala.concurrent.impl.CallbackRunnable.run(Promise.scala:64)
[2026-08-12T21:24:18.775+0000] {subprocess.py:93} INFO - 	at org.apache.spark.util.ThreadUtils$$anon$1.execute(ThreadUtils.scala:99)
[2026-08-12T21:24:19.400+0000] {subprocess.py:93} INFO - 	at scala.concurrent.impl.ExecutionContextImpl$$anon$4.execute(ExecutionContextImpl.scala:138)
[2026-08-12T21:24:19.748+0000] {subprocess.py:93} INFO - 	at scala.concurrent.impl.CallbackRunnable.executeWithValue(Promise.scala:72)
[2026-08-12T21:24:19.831+0000] {subprocess.py:93} INFO - 	at scala.concurrent.impl.Promise$DefaultPromise.$anonfun$tryComplete$1(Promise.scala:288)
[2026-08-12T21:24:19.860+0000] {subprocess.py:93} INFO - 	at scala.concurrent.impl.Promise$DefaultPromise.$anonfun$tryComplete$1$adapted(Promise.scala:288)
[2026-08-12T21:24:19.920+0000] {subprocess.py:93} INFO - 	at scala.concurrent.impl.Promise$DefaultPromise.tryComplete(Promise.scala:288)
[2026-08-12T21:24:19.934+0000] {subprocess.py:93} INFO - 	at scala.concurrent.Promise.complete(Promise.scala:53)
[2026-08-12T21:24:19.937+0000] {subprocess.py:93} INFO - 	at scala.concurrent.Promise.complete$(Promise.scala:52)
[2026-08-12T21:24:19.949+0000] {subprocess.py:93} INFO - 	at scala.concurrent.impl.Promise$DefaultPromise.complete(Promise.scala:187)
[2026-08-12T21:24:19.952+0000] {subprocess.py:93} INFO - 	at scala.concurrent.impl.Promise.$anonfun$transform$1(Promise.scala:33)
[2026-08-12T21:24:19.965+0000] {subprocess.py:93} INFO - 	at scala.concurrent.impl.CallbackRunnable.run(Promise.scala:64)
[2026-08-12T21:24:20.044+0000] {subprocess.py:93} INFO - 	at scala.concurrent.BatchingExecutor$Batch.processBatch$1(BatchingExecutor.scala:67)
[2026-08-12T21:24:20.088+0000] {subprocess.py:93} INFO - 	at scala.concurrent.BatchingExecutor$Batch.$anonfun$run$1(BatchingExecutor.scala:82)
[2026-08-12T21:24:20.108+0000] {subprocess.py:93} INFO - 	at scala.runtime.java8.JFunction0$mcV$sp.apply(JFunction0$mcV$sp.java:23)
[2026-08-12T21:24:20.191+0000] {subprocess.py:93} INFO - 	at scala.concurrent.BlockContext$.withBlockContext(BlockContext.scala:85)
[2026-08-12T21:24:20.495+0000] {subprocess.py:93} INFO - 	at scala.concurrent.BatchingExecutor$Batch.run(BatchingExecutor.scala:59)
[2026-08-12T21:24:20.498+0000] {subprocess.py:93} INFO - 	at scala.concurrent.Future$InternalCallbackExecutor$.unbatchedExecute(Future.scala:875)
[2026-08-12T21:24:20.517+0000] {subprocess.py:93} INFO - 	at scala.concurrent.BatchingExecutor.execute(BatchingExecutor.scala:110)
[2026-08-12T21:24:20.534+0000] {subprocess.py:93} INFO - 	at scala.concurrent.BatchingExecutor.execute$(BatchingExecutor.scala:107)
[2026-08-12T21:24:20.643+0000] {subprocess.py:93} INFO - 	at scala.concurrent.Future$InternalCallbackExecutor$.execute(Future.scala:873)
[2026-08-12T21:24:20.654+0000] {subprocess.py:93} INFO - 	at scala.concurrent.impl.CallbackRunnable.executeWithValue(Promise.scala:72)
[2026-08-12T21:24:20.668+0000] {subprocess.py:93} INFO - 	at scala.concurrent.impl.Promise$DefaultPromise.$anonfun$tryComplete$1(Promise.scala:288)
[2026-08-12T21:24:20.682+0000] {subprocess.py:93} INFO - 	at scala.concurrent.impl.Promise$DefaultPromise.$anonfun$tryComplete$1$adapted(Promise.scala:288)
[2026-08-12T21:24:20.762+0000] {subprocess.py:93} INFO - 	at scala.concurrent.impl.Promise$DefaultPromise.tryComplete(Promise.scala:288)
[2026-08-12T21:24:20.777+0000] {subprocess.py:93} INFO - 	at scala.concurrent.Promise.trySuccess(Promise.scala:94)
[2026-08-12T21:24:20.810+0000] {subprocess.py:93} INFO - 	at scala.concurrent.Promise.trySuccess$(Promise.scala:94)
[2026-08-12T21:24:20.854+0000] {subprocess.py:93} INFO - 	at scala.concurrent.impl.Promise$DefaultPromise.trySuccess(Promise.scala:187)
[2026-08-12T21:24:20.876+0000] {subprocess.py:93} INFO - 	at org.apache.spark.rpc.netty.NettyRpcEnv.onSuccess$1(NettyRpcEnv.scala:225)
[2026-08-12T21:24:20.951+0000] {subprocess.py:93} INFO - 	at org.apache.spark.rpc.netty.NettyRpcEnv.$anonfun$askAbortable$5(NettyRpcEnv.scala:239)
[2026-08-12T21:24:20.978+0000] {subprocess.py:93} INFO - 	at org.apache.spark.rpc.netty.NettyRpcEnv.$anonfun$askAbortable$5$adapted(NettyRpcEnv.scala:238)
[2026-08-12T21:24:20.993+0000] {subprocess.py:93} INFO - 	at scala.concurrent.impl.CallbackRunnable.run(Promise.scala:64)
[2026-08-12T21:24:21.023+0000] {subprocess.py:93} INFO - 	at org.apache.spark.util.ThreadUtils$$anon$1.execute(ThreadUtils.scala:99)
[2026-08-12T21:24:21.123+0000] {subprocess.py:93} INFO - 	at scala.concurrent.impl.ExecutionContextImpl$$anon$4.execute(ExecutionContextImpl.scala:138)
[2026-08-12T21:24:21.212+0000] {subprocess.py:93} INFO - 	at scala.concurrent.impl.CallbackRunnable.executeWithValue(Promise.scala:72)
[2026-08-12T21:24:21.449+0000] {subprocess.py:93} INFO - 	at scala.concurrent.impl.Promise$DefaultPromise.$anonfun$tryComplete$1(Promise.scala:288)
[2026-08-12T21:24:21.490+0000] {subprocess.py:93} INFO - 	at scala.concurrent.impl.Promise$DefaultPromise.$anonfun$tryComplete$1$adapted(Promise.scala:288)
[2026-08-12T21:24:21.514+0000] {subprocess.py:93} INFO - 	at scala.concurrent.impl.Promise$DefaultPromise.tryComplete(Promise.scala:288)
[2026-08-12T21:24:21.523+0000] {subprocess.py:93} INFO - 	at scala.concurrent.Promise.complete(Promise.scala:53)
[2026-08-12T21:24:21.537+0000] {subprocess.py:93} INFO - 	at scala.concurrent.Promise.complete$(Promise.scala:52)
[2026-08-12T21:24:21.591+0000] {subprocess.py:93} INFO - 	at scala.concurrent.impl.Promise$DefaultPromise.complete(Promise.scala:187)
[2026-08-12T21:24:21.639+0000] {subprocess.py:93} INFO - 	at scala.concurrent.Promise.success(Promise.scala:86)
[2026-08-12T21:24:21.674+0000] {subprocess.py:93} INFO - 	at scala.concurrent.Promise.success$(Promise.scala:86)
[2026-08-12T21:24:21.692+0000] {subprocess.py:93} INFO - 	at scala.concurrent.impl.Promise$DefaultPromise.success(Promise.scala:187)
[2026-08-12T21:24:21.718+0000] {subprocess.py:93} INFO - 	at org.apache.spark.rpc.netty.LocalNettyRpcCallContext.send(NettyRpcCallContext.scala:50)
[2026-08-12T21:24:21.747+0000] {subprocess.py:93} INFO - 	at org.apache.spark.rpc.netty.NettyRpcCallContext.reply(NettyRpcCallContext.scala:32)
[2026-08-12T21:24:21.766+0000] {subprocess.py:93} INFO - 	at org.apache.spark.rpc.netty.RpcEndpointVerifier$$anonfun$receiveAndReply$1.applyOrElse(RpcEndpointVerifier.scala:31)
[2026-08-12T21:24:21.782+0000] {subprocess.py:93} INFO - 	... 8 more
[2026-08-12T21:24:21.800+0000] {subprocess.py:93} INFO - 26/08/12 21:24:01 ERROR Inbox: Ignoring error
[2026-08-12T21:24:21.897+0000] {subprocess.py:93} INFO - org.apache.spark.SparkException: Exception thrown in awaitResult:
[2026-08-12T21:24:22.006+0000] {subprocess.py:93} INFO - 	at org.apache.spark.util.SparkThreadUtils$.awaitResult(SparkThreadUtils.scala:56)
[2026-08-12T21:24:22.054+0000] {subprocess.py:93} INFO - 	at org.apache.spark.util.ThreadUtils$.awaitResult(ThreadUtils.scala:310)
[2026-08-12T21:24:22.076+0000] {subprocess.py:93} INFO - 	at org.apache.spark.rpc.RpcTimeout.awaitResult(RpcTimeout.scala:75)
[2026-08-12T21:24:22.090+0000] {subprocess.py:93} INFO - 	at org.apache.spark.rpc.RpcEnv.setupEndpointRefByURI(RpcEnv.scala:102)
[2026-08-12T21:24:22.100+0000] {subprocess.py:93} INFO - 	at org.apache.spark.rpc.RpcEnv.setupEndpointRef(RpcEnv.scala:110)
[2026-08-12T21:24:22.118+0000] {subprocess.py:93} INFO - 	at org.apache.spark.util.RpcUtils$.makeDriverRef(RpcUtils.scala:36)
[2026-08-12T21:24:22.122+0000] {subprocess.py:93} INFO - 	at org.apache.spark.storage.BlockManagerMasterEndpoint.driverEndpoint$lzycompute(BlockManagerMasterEndpoint.scala:124)
[2026-08-12T21:24:22.132+0000] {subprocess.py:93} INFO - 	at org.apache.spark.storage.BlockManagerMasterEndpoint.org$apache$spark$storage$BlockManagerMasterEndpoint$$driverEndpoint(BlockManagerMasterEndpoint.scala:123)
[2026-08-12T21:24:22.144+0000] {subprocess.py:93} INFO - 	at org.apache.spark.storage.BlockManagerMasterEndpoint.isExecutorAlive$lzycompute$1(BlockManagerMasterEndpoint.scala:688)
[2026-08-12T21:24:22.150+0000] {subprocess.py:93} INFO - 	at org.apache.spark.storage.BlockManagerMasterEndpoint.isExecutorAlive$1(BlockManagerMasterEndpoint.scala:687)
[2026-08-12T21:24:22.158+0000] {subprocess.py:93} INFO - 	at org.apache.spark.storage.BlockManagerMasterEndpoint.org$apache$spark$storage$BlockManagerMasterEndpoint$$register(BlockManagerMasterEndpoint.scala:725)
[2026-08-12T21:24:22.178+0000] {subprocess.py:93} INFO - 	at org.apache.spark.storage.BlockManagerMasterEndpoint$$anonfun$receiveAndReply$1.applyOrElse(BlockManagerMasterEndpoint.scala:133)
[2026-08-12T21:24:22.201+0000] {subprocess.py:93} INFO - 	at org.apache.spark.rpc.netty.Inbox.$anonfun$process$1(Inbox.scala:103)
[2026-08-12T21:24:22.216+0000] {subprocess.py:93} INFO - 	at org.apache.spark.rpc.netty.Inbox.safelyCall(Inbox.scala:213)
[2026-08-12T21:24:22.232+0000] {subprocess.py:93} INFO - 	at org.apache.spark.rpc.netty.Inbox.process(Inbox.scala:100)
[2026-08-12T21:24:22.325+0000] {subprocess.py:93} INFO - 	at org.apache.spark.rpc.netty.MessageLoop.org$apache$spark$rpc$netty$MessageLoop$$receiveLoop(MessageLoop.scala:75)
[2026-08-12T21:24:22.341+0000] {subprocess.py:93} INFO - 	at org.apache.spark.rpc.netty.MessageLoop$$anon$1.run(MessageLoop.scala:41)
[2026-08-12T21:24:22.359+0000] {subprocess.py:93} INFO - 	at java.base/java.util.concurrent.ThreadPoolExecutor.runWorker(ThreadPoolExecutor.java:1136)
[2026-08-12T21:24:22.615+0000] {subprocess.py:93} INFO - 	at java.base/java.util.concurrent.ThreadPoolExecutor$Worker.run(ThreadPoolExecutor.java:635)
[2026-08-12T21:24:22.742+0000] {subprocess.py:93} INFO - 	at java.base/java.lang.Thread.run(Thread.java:840)
[2026-08-12T21:24:22.846+0000] {subprocess.py:93} INFO - Caused by: org.apache.spark.rpc.RpcEndpointNotFoundException: Cannot find endpoint: spark://CoarseGrainedScheduler@4099a95615c9:45169
[2026-08-12T21:24:22.854+0000] {subprocess.py:93} INFO - 	at org.apache.spark.rpc.netty.NettyRpcEnv.$anonfun$asyncSetupEndpointRefByURI$1(NettyRpcEnv.scala:148)
[2026-08-12T21:24:22.862+0000] {subprocess.py:93} INFO - 	at org.apache.spark.rpc.netty.NettyRpcEnv.$anonfun$asyncSetupEndpointRefByURI$1$adapted(NettyRpcEnv.scala:144)
[2026-08-12T21:24:22.906+0000] {subprocess.py:93} INFO - 	at scala.concurrent.Future.$anonfun$flatMap$1(Future.scala:307)
[2026-08-12T21:24:22.919+0000] {subprocess.py:93} INFO - 	at scala.concurrent.impl.Promise.$anonfun$transformWith$1(Promise.scala:41)
[2026-08-12T21:24:22.921+0000] {subprocess.py:93} INFO - 	at scala.concurrent.impl.CallbackRunnable.run(Promise.scala:64)
[2026-08-12T21:24:22.924+0000] {subprocess.py:93} INFO - 	at org.apache.spark.util.ThreadUtils$$anon$1.execute(ThreadUtils.scala:99)
[2026-08-12T21:24:23.127+0000] {subprocess.py:93} INFO - 	at scala.concurrent.impl.ExecutionContextImpl$$anon$4.execute(ExecutionContextImpl.scala:138)
[2026-08-12T21:24:23.193+0000] {subprocess.py:93} INFO - 	at scala.concurrent.impl.CallbackRunnable.executeWithValue(Promise.scala:72)
[2026-08-12T21:24:23.302+0000] {subprocess.py:93} INFO - 	at scala.concurrent.impl.Promise$DefaultPromise.dispatchOrAddCallback(Promise.scala:316)
[2026-08-12T21:24:23.355+0000] {subprocess.py:93} INFO - 	at scala.concurrent.impl.Promise$DefaultPromise.onComplete(Promise.scala:307)
[2026-08-12T21:24:23.452+0000] {subprocess.py:93} INFO - 	at scala.concurrent.impl.Promise.transformWith(Promise.scala:40)
[2026-08-12T21:24:23.485+0000] {subprocess.py:93} INFO - 	at scala.concurrent.impl.Promise.transformWith$(Promise.scala:38)
[2026-08-12T21:24:23.629+0000] {subprocess.py:93} INFO - 	at scala.concurrent.impl.Promise$DefaultPromise.transformWith(Promise.scala:187)
[2026-08-12T21:24:23.688+0000] {subprocess.py:93} INFO - 	at scala.concurrent.Future.flatMap(Future.scala:306)
[2026-08-12T21:24:23.720+0000] {subprocess.py:93} INFO - 	at scala.concurrent.Future.flatMap$(Future.scala:306)
[2026-08-12T21:24:23.893+0000] {subprocess.py:93} INFO - 	at scala.concurrent.impl.Promise$DefaultPromise.flatMap(Promise.scala:187)
[2026-08-12T21:24:23.908+0000] {subprocess.py:93} INFO - 	at org.apache.spark.rpc.netty.NettyRpcEnv.asyncSetupEndpointRefByURI(NettyRpcEnv.scala:150)
[2026-08-12T21:24:23.924+0000] {subprocess.py:93} INFO - 	... 17 more
[2026-08-12T21:24:23.926+0000] {subprocess.py:93} INFO - 26/08/12 21:24:01 WARN Executor: Issue communicating with driver in heartbeater
[2026-08-12T21:24:23.961+0000] {subprocess.py:93} INFO - org.apache.spark.SparkException: Exception thrown in awaitResult:
[2026-08-12T21:24:24.015+0000] {subprocess.py:93} INFO - 	at org.apache.spark.util.SparkThreadUtils$.awaitResult(SparkThreadUtils.scala:56)
[2026-08-12T21:24:24.031+0000] {subprocess.py:93} INFO - 	at org.apache.spark.util.ThreadUtils$.awaitResult(ThreadUtils.scala:310)
[2026-08-12T21:24:24.034+0000] {subprocess.py:93} INFO - 	at org.apache.spark.rpc.RpcTimeout.awaitResult(RpcTimeout.scala:75)
[2026-08-12T21:24:24.037+0000] {subprocess.py:93} INFO - 	at org.apache.spark.rpc.RpcEndpointRef.askSync(RpcEndpointRef.scala:101)
[2026-08-12T21:24:24.043+0000] {subprocess.py:93} INFO - 	at org.apache.spark.rpc.RpcEndpointRef.askSync(RpcEndpointRef.scala:85)
[2026-08-12T21:24:24.045+0000] {subprocess.py:93} INFO - 	at org.apache.spark.storage.BlockManagerMaster.registerBlockManager(BlockManagerMaster.scala:80)
[2026-08-12T21:24:24.048+0000] {subprocess.py:93} INFO - 	at org.apache.spark.storage.BlockManager.reregister(BlockManager.scala:642)
[2026-08-12T21:24:24.049+0000] {subprocess.py:93} INFO - 	at org.apache.spark.executor.Executor.reportHeartBeat(Executor.scala:1223)
[2026-08-12T21:24:24.060+0000] {subprocess.py:93} INFO - 	at org.apache.spark.executor.Executor.$anonfun$heartbeater$1(Executor.scala:295)
[2026-08-12T21:24:24.063+0000] {subprocess.py:93} INFO - 	at scala.runtime.java8.JFunction0$mcV$sp.apply(JFunction0$mcV$sp.java:23)
[2026-08-12T21:24:24.066+0000] {subprocess.py:93} INFO - 	at org.apache.spark.util.Utils$.logUncaughtExceptions(Utils.scala:1928)
[2026-08-12T21:24:24.074+0000] {subprocess.py:93} INFO - 	at org.apache.spark.Heartbeater$$anon$1.run(Heartbeater.scala:46)
[2026-08-12T21:24:24.077+0000] {subprocess.py:93} INFO - 	at java.base/java.util.concurrent.Executors$RunnableAdapter.call(Executors.java:539)
[2026-08-12T21:24:24.079+0000] {subprocess.py:93} INFO - 	at java.base/java.util.concurrent.FutureTask.runAndReset(FutureTask.java:305)
[2026-08-12T21:24:24.095+0000] {subprocess.py:93} INFO - 	at java.base/java.util.concurrent.ScheduledThreadPoolExecutor$ScheduledFutureTask.run(ScheduledThreadPoolExecutor.java:305)
[2026-08-12T21:24:24.097+0000] {subprocess.py:93} INFO - 	at java.base/java.util.concurrent.ThreadPoolExecutor.runWorker(ThreadPoolExecutor.java:1136)
[2026-08-12T21:24:24.114+0000] {subprocess.py:93} INFO - 	at java.base/java.util.concurrent.ThreadPoolExecutor$Worker.run(ThreadPoolExecutor.java:635)
[2026-08-12T21:24:24.121+0000] {subprocess.py:93} INFO - 	at java.base/java.lang.Thread.run(Thread.java:840)
[2026-08-12T21:24:24.128+0000] {subprocess.py:93} INFO - Caused by: org.apache.spark.SparkException: Exception thrown in awaitResult:
[2026-08-12T21:24:24.130+0000] {subprocess.py:93} INFO - 	at org.apache.spark.util.SparkThreadUtils$.awaitResult(SparkThreadUtils.scala:56)
[2026-08-12T21:24:24.133+0000] {subprocess.py:93} INFO - 	at org.apache.spark.util.ThreadUtils$.awaitResult(ThreadUtils.scala:310)
[2026-08-12T21:24:24.135+0000] {subprocess.py:93} INFO - 	at org.apache.spark.rpc.RpcTimeout.awaitResult(RpcTimeout.scala:75)
[2026-08-12T21:24:24.144+0000] {subprocess.py:93} INFO - 	at org.apache.spark.rpc.RpcEnv.setupEndpointRefByURI(RpcEnv.scala:102)
[2026-08-12T21:24:24.147+0000] {subprocess.py:93} INFO - 	at org.apache.spark.rpc.RpcEnv.setupEndpointRef(RpcEnv.scala:110)
[2026-08-12T21:24:24.150+0000] {subprocess.py:93} INFO - 	at org.apache.spark.util.RpcUtils$.makeDriverRef(RpcUtils.scala:36)
[2026-08-12T21:24:24.153+0000] {subprocess.py:93} INFO - 	at org.apache.spark.storage.BlockManagerMasterEndpoint.driverEndpoint$lzycompute(BlockManagerMasterEndpoint.scala:124)
[2026-08-12T21:24:24.162+0000] {subprocess.py:93} INFO - 	at org.apache.spark.storage.BlockManagerMasterEndpoint.org$apache$spark$storage$BlockManagerMasterEndpoint$$driverEndpoint(BlockManagerMasterEndpoint.scala:123)
[2026-08-12T21:24:24.174+0000] {subprocess.py:93} INFO - 	at org.apache.spark.storage.BlockManagerMasterEndpoint.isExecutorAlive$lzycompute$1(BlockManagerMasterEndpoint.scala:688)
[2026-08-12T21:24:24.253+0000] {subprocess.py:93} INFO - 	at org.apache.spark.storage.BlockManagerMasterEndpoint.isExecutorAlive$1(BlockManagerMasterEndpoint.scala:687)
[2026-08-12T21:24:24.410+0000] {subprocess.py:93} INFO - 	at org.apache.spark.storage.BlockManagerMasterEndpoint.org$apache$spark$storage$BlockManagerMasterEndpoint$$register(BlockManagerMasterEndpoint.scala:725)
[2026-08-12T21:24:25.367+0000] {subprocess.py:93} INFO - 	at org.apache.spark.storage.BlockManagerMasterEndpoint$$anonfun$receiveAndReply$1.applyOrElse(BlockManagerMasterEndpoint.scala:133)
[2026-08-12T21:24:25.393+0000] {subprocess.py:93} INFO - 	at org.apache.spark.rpc.netty.Inbox.$anonfun$process$1(Inbox.scala:103)
[2026-08-12T21:24:25.408+0000] {subprocess.py:93} INFO - 	at org.apache.spark.rpc.netty.Inbox.safelyCall(Inbox.scala:213)
[2026-08-12T21:24:25.419+0000] {subprocess.py:93} INFO - 	at org.apache.spark.rpc.netty.Inbox.process(Inbox.scala:100)
[2026-08-12T21:24:25.487+0000] {subprocess.py:93} INFO - 	at org.apache.spark.rpc.netty.MessageLoop.org$apache$spark$rpc$netty$MessageLoop$$receiveLoop(MessageLoop.scala:75)
[2026-08-12T21:24:25.519+0000] {subprocess.py:93} INFO - 	at org.apache.spark.rpc.netty.MessageLoop$$anon$1.run(MessageLoop.scala:41)
[2026-08-12T21:24:25.532+0000] {subprocess.py:93} INFO - 	... 3 more
[2026-08-12T21:24:25.550+0000] {subprocess.py:93} INFO - Caused by: org.apache.spark.rpc.RpcEndpointNotFoundException: Cannot find endpoint: spark://CoarseGrainedScheduler@4099a95615c9:45169
[2026-08-12T21:24:25.553+0000] {subprocess.py:93} INFO - 	at org.apache.spark.rpc.netty.NettyRpcEnv.$anonfun$asyncSetupEndpointRefByURI$1(NettyRpcEnv.scala:148)
[2026-08-12T21:24:25.563+0000] {subprocess.py:93} INFO - 	at org.apache.spark.rpc.netty.NettyRpcEnv.$anonfun$asyncSetupEndpointRefByURI$1$adapted(NettyRpcEnv.scala:144)
[2026-08-12T21:24:25.578+0000] {subprocess.py:93} INFO - 	at scala.concurrent.Future.$anonfun$flatMap$1(Future.scala:307)
[2026-08-12T21:24:25.680+0000] {subprocess.py:93} INFO - 	at scala.concurrent.impl.Promise.$anonfun$transformWith$1(Promise.scala:41)
[2026-08-12T21:24:25.762+0000] {subprocess.py:93} INFO - 	at scala.concurrent.impl.CallbackRunnable.run(Promise.scala:64)
[2026-08-12T21:24:25.788+0000] {subprocess.py:93} INFO - 	at org.apache.spark.util.ThreadUtils$$anon$1.execute(ThreadUtils.scala:99)
[2026-08-12T21:24:25.996+0000] {subprocess.py:93} INFO - 	at scala.concurrent.impl.ExecutionContextImpl$$anon$4.execute(ExecutionContextImpl.scala:138)
[2026-08-12T21:24:26.038+0000] {subprocess.py:93} INFO - 	at scala.concurrent.impl.CallbackRunnable.executeWithValue(Promise.scala:72)
