[2026-08-12T17:13:07.399+0000] {manager.py:483} INFO - Processing files using up to 2 processes at a time 
[2026-08-12T17:13:07.402+0000] {manager.py:484} INFO - Process each file at most once every 30 seconds
[2026-08-12T17:13:07.403+0000] {manager.py:485} INFO - Checking for new files in /opt/airflow/dags every 300 seconds
[2026-08-12T17:13:07.406+0000] {manager.py:821} INFO - Searching for files in /opt/airflow/dags
[2026-08-12T17:13:07.494+0000] {manager.py:824} INFO - There are 1 files in /opt/airflow/dags
[2026-08-12T17:13:07.795+0000] {manager.py:997} INFO - 
================================================================================
DAG File Processing Stats

File Path                       PID  Runtime      # DAGs    # Errors  Last Runtime    Last Run      Last # of DB Queries
----------------------------  -----  ---------  --------  ----------  --------------  ----------  ----------------------
/opt/airflow/dags/dag_dia.py     62  0.06s             0           0                                                   0
================================================================================
[2026-08-12T17:13:38.197+0000] {manager.py:997} INFO - 
================================================================================
DAG File Processing Stats

File Path                     PID    Runtime      # DAGs    # Errors  Last Runtime    Last Run               Last # of DB Queries
----------------------------  -----  ---------  --------  ----------  --------------  -------------------  ----------------------
/opt/airflow/dags/dag_dia.py                           1           0  1.43s           2026-08-12T17:13:09                      26
================================================================================
[2026-08-12T17:14:08.478+0000] {manager.py:997} INFO - 
================================================================================
DAG File Processing Stats

File Path                     PID    Runtime      # DAGs    # Errors  Last Runtime    Last Run               Last # of DB Queries
----------------------------  -----  ---------  --------  ----------  --------------  -------------------  ----------------------
/opt/airflow/dags/dag_dia.py                           1           0  0.84s           2026-08-12T17:13:40                      12
================================================================================
[2026-08-12T17:14:38.306+0000] {manager.py:465} INFO - Exiting gracefully upon receiving signal 15
[2026-08-12T17:19:09.366+0000] {manager.py:483} INFO - Processing files using up to 2 processes at a time 
[2026-08-12T17:19:09.374+0000] {manager.py:484} INFO - Process each file at most once every 30 seconds
[2026-08-12T17:19:09.378+0000] {manager.py:485} INFO - Checking for new files in /opt/airflow/dags every 300 seconds
[2026-08-12T17:19:09.382+0000] {manager.py:821} INFO - Searching for files in /opt/airflow/dags
[2026-08-12T17:19:09.554+0000] {manager.py:824} INFO - There are 1 files in /opt/airflow/dags
[2026-08-12T17:19:10.190+0000] {manager.py:997} INFO - 
================================================================================
DAG File Processing Stats

File Path                       PID  Runtime      # DAGs    # Errors  Last Runtime    Last Run      Last # of DB Queries
----------------------------  -----  ---------  --------  ----------  --------------  ----------  ----------------------
/opt/airflow/dags/dag_dia.py     67  0.16s             0           0                                                   0
================================================================================
[2026-08-12T17:19:40.800+0000] {manager.py:997} INFO - 
================================================================================
DAG File Processing Stats

File Path                     PID    Runtime      # DAGs    # Errors  Last Runtime    Last Run               Last # of DB Queries
----------------------------  -----  ---------  --------  ----------  --------------  -------------------  ----------------------
/opt/airflow/dags/dag_dia.py                           1           0  2.03s           2026-08-12T17:19:12                      26
================================================================================
[2026-08-12T17:20:10.826+0000] {manager.py:997} INFO - 
================================================================================
DAG File Processing Stats

File Path                     PID    Runtime      # DAGs    # Errors  Last Runtime    Last Run               Last # of DB Queries
----------------------------  -----  ---------  --------  ----------  --------------  -------------------  ----------------------
/opt/airflow/dags/dag_dia.py                           1           0  0.68s           2026-08-12T17:19:43                      12
================================================================================
[2026-08-12T17:20:21.351+0000] {manager.py:465} INFO - Exiting gracefully upon receiving signal 15
[2026-08-12T18:05:09.182+0000] {manager.py:483} INFO - Processing files using up to 2 processes at a time 
[2026-08-12T18:05:09.186+0000] {manager.py:484} INFO - Process each file at most once every 30 seconds
[2026-08-12T18:05:09.189+0000] {manager.py:485} INFO - Checking for new files in /opt/airflow/dags every 300 seconds
[2026-08-12T18:05:09.192+0000] {manager.py:821} INFO - Searching for files in /opt/airflow/dags
[2026-08-12T18:05:09.327+0000] {manager.py:824} INFO - There are 1 files in /opt/airflow/dags
[2026-08-12T18:05:09.736+0000] {manager.py:997} INFO - 
================================================================================
DAG File Processing Stats

File Path                       PID  Runtime      # DAGs    # Errors  Last Runtime    Last Run      Last # of DB Queries
----------------------------  -----  ---------  --------  ----------  --------------  ----------  ----------------------
/opt/airflow/dags/dag_dia.py     33  0.08s             0           0                                                   0
================================================================================
[2026-08-12T18:05:40.346+0000] {manager.py:997} INFO - 
================================================================================
DAG File Processing Stats

File Path                     PID    Runtime      # DAGs    # Errors  Last Runtime    Last Run               Last # of DB Queries
----------------------------  -----  ---------  --------  ----------  --------------  -------------------  ----------------------
/opt/airflow/dags/dag_dia.py                           1           0  2.25s           2026-08-12T18:05:11                      26
================================================================================
[2026-08-12T18:06:10.482+0000] {manager.py:997} INFO - 
================================================================================
DAG File Processing Stats

File Path                     PID    Runtime      # DAGs    # Errors  Last Runtime    Last Run               Last # of DB Queries
----------------------------  -----  ---------  --------  ----------  --------------  -------------------  ----------------------
/opt/airflow/dags/dag_dia.py                           1           0  1.56s           2026-08-12T18:05:44                      12
================================================================================
[2026-08-12T18:06:15.180+0000] {manager.py:465} INFO - Exiting gracefully upon receiving signal 15
[2026-08-12T18:06:15.181+0000] {manager.py:465} INFO - Exiting gracefully upon receiving signal 15
[2026-08-12T18:22:50.591+0000] {manager.py:483} INFO - Processing files using up to 2 processes at a time 
[2026-08-12T18:22:50.594+0000] {manager.py:484} INFO - Process each file at most once every 30 seconds
[2026-08-12T18:22:50.595+0000] {manager.py:485} INFO - Checking for new files in /opt/airflow/dags every 300 seconds
[2026-08-12T18:22:50.597+0000] {manager.py:821} INFO - Searching for files in /opt/airflow/dags
[2026-08-12T18:22:50.676+0000] {manager.py:824} INFO - There are 1 files in /opt/airflow/dags
[2026-08-12T18:22:50.839+0000] {manager.py:997} INFO - 
================================================================================
DAG File Processing Stats

File Path                       PID  Runtime      # DAGs    # Errors  Last Runtime    Last Run      Last # of DB Queries
----------------------------  -----  ---------  --------  ----------  --------------  ----------  ----------------------
/opt/airflow/dags/dag_dia.py     55  0.05s             0           0                                                   0
================================================================================
[2026-08-12T18:23:20.867+0000] {manager.py:997} INFO - 
================================================================================
DAG File Processing Stats

File Path                     PID    Runtime      # DAGs    # Errors  Last Runtime    Last Run               Last # of DB Queries
----------------------------  -----  ---------  --------  ----------  --------------  -------------------  ----------------------
/opt/airflow/dags/dag_dia.py                           1           0  0.73s           2026-08-12T18:22:51                      26
================================================================================
[2026-08-12T18:23:51.258+0000] {manager.py:997} INFO - 
================================================================================
DAG File Processing Stats

File Path                     PID    Runtime      # DAGs    # Errors  Last Runtime    Last Run               Last # of DB Queries
----------------------------  -----  ---------  --------  ----------  --------------  -------------------  ----------------------
/opt/airflow/dags/dag_dia.py                           1           0  0.18s           2026-08-12T18:23:22                      12
================================================================================
[2026-08-12T18:24:21.491+0000] {manager.py:997} INFO - 
================================================================================
DAG File Processing Stats

File Path                     PID    Runtime      # DAGs    # Errors  Last Runtime    Last Run               Last # of DB Queries
----------------------------  -----  ---------  --------  ----------  --------------  -------------------  ----------------------
/opt/airflow/dags/dag_dia.py                           1           0  0.43s           2026-08-12T18:23:52                      12
================================================================================
[2026-08-12T18:24:51.651+0000] {manager.py:997} INFO - 
================================================================================
DAG File Processing Stats

File Path                     PID    Runtime      # DAGs    # Errors  Last Runtime    Last Run               Last # of DB Queries
----------------------------  -----  ---------  --------  ----------  --------------  -------------------  ----------------------
/opt/airflow/dags/dag_dia.py                           1           0  1.18s           2026-08-12T18:24:24                      12
================================================================================
[2026-08-12T18:25:22.062+0000] {manager.py:997} INFO - 
================================================================================
DAG File Processing Stats

File Path                     PID    Runtime      # DAGs    # Errors  Last Runtime    Last Run               Last # of DB Queries
----------------------------  -----  ---------  --------  ----------  --------------  -------------------  ----------------------
/opt/airflow/dags/dag_dia.py                           1           0  0.39s           2026-08-12T18:24:55                      12
================================================================================
[2026-08-12T18:25:52.679+0000] {manager.py:997} INFO - 
================================================================================
DAG File Processing Stats

File Path                     PID    Runtime      # DAGs    # Errors  Last Runtime    Last Run               Last # of DB Queries
----------------------------  -----  ---------  --------  ----------  --------------  -------------------  ----------------------
/opt/airflow/dags/dag_dia.py                           1           0  0.20s           2026-08-12T18:25:25                      12
================================================================================
[2026-08-12T18:26:23.259+0000] {manager.py:997} INFO - 
================================================================================
DAG File Processing Stats

File Path                     PID    Runtime      # DAGs    # Errors  Last Runtime    Last Run               Last # of DB Queries
----------------------------  -----  ---------  --------  ----------  --------------  -------------------  ----------------------
/opt/airflow/dags/dag_dia.py                           1           0  0.30s           2026-08-12T18:25:56                      12
================================================================================
[2026-08-12T18:26:53.674+0000] {manager.py:997} INFO - 
================================================================================
DAG File Processing Stats

File Path                     PID    Runtime      # DAGs    # Errors  Last Runtime    Last Run               Last # of DB Queries
----------------------------  -----  ---------  --------  ----------  --------------  -------------------  ----------------------
/opt/airflow/dags/dag_dia.py                           1           0  0.20s           2026-08-12T18:26:26                      12
================================================================================
[2026-08-12T18:27:24.055+0000] {manager.py:997} INFO - 
================================================================================
DAG File Processing Stats

File Path                     PID    Runtime      # DAGs    # Errors  Last Runtime    Last Run               Last # of DB Queries
----------------------------  -----  ---------  --------  ----------  --------------  -------------------  ----------------------
/opt/airflow/dags/dag_dia.py                           1           0  0.31s           2026-08-12T18:26:57                      12
================================================================================
[2026-08-12T18:27:50.634+0000] {manager.py:821} INFO - Searching for files in /opt/airflow/dags
[2026-08-12T18:27:50.716+0000] {manager.py:824} INFO - There are 2 files in /opt/airflow/dags
[2026-08-12T18:27:54.639+0000] {manager.py:997} INFO - 
================================================================================
DAG File Processing Stats

File Path                               PID    Runtime      # DAGs    # Errors  Last Runtime    Last Run               Last # of DB Queries
--------------------------------------  -----  ---------  --------  ----------  --------------  -------------------  ----------------------
/opt/airflow/dags/dag_pyspark_local.py                           1           0  0.86s           2026-08-12T18:27:51                      24
/opt/airflow/dags/dag_dia.py                                     1           0  0.43s           2026-08-12T18:27:27                      12
================================================================================
[2026-08-12T18:28:24.751+0000] {manager.py:997} INFO - 
================================================================================
DAG File Processing Stats

File Path                               PID    Runtime      # DAGs    # Errors  Last Runtime    Last Run               Last # of DB Queries
--------------------------------------  -----  ---------  --------  ----------  --------------  -------------------  ----------------------
/opt/airflow/dags/dag_pyspark_local.py                           1           0  0.51s           2026-08-12T18:28:22                      10
/opt/airflow/dags/dag_dia.py                                     1           0  0.37s           2026-08-12T18:27:58                      12
================================================================================
[2026-08-12T18:28:54.820+0000] {manager.py:997} INFO - 
================================================================================
DAG File Processing Stats

File Path                               PID    Runtime      # DAGs    # Errors  Last Runtime    Last Run               Last # of DB Queries
--------------------------------------  -----  ---------  --------  ----------  --------------  -------------------  ----------------------
/opt/airflow/dags/dag_pyspark_local.py                           1           0  0.63s           2026-08-12T18:28:53                      10
/opt/airflow/dags/dag_dia.py                                     1           0  0.45s           2026-08-12T18:28:28                      12
================================================================================
[2026-08-12T18:29:25.406+0000] {manager.py:997} INFO - 
================================================================================
DAG File Processing Stats

File Path                               PID    Runtime      # DAGs    # Errors  Last Runtime    Last Run               Last # of DB Queries
--------------------------------------  -----  ---------  --------  ----------  --------------  -------------------  ----------------------
/opt/airflow/dags/dag_pyspark_local.py                           1           0  0.59s           2026-08-12T18:29:24                      10
/opt/airflow/dags/dag_dia.py                                     1           0  0.19s           2026-08-12T18:28:59                      12
================================================================================
[2026-08-12T18:29:55.913+0000] {manager.py:997} INFO - 
================================================================================
DAG File Processing Stats

File Path                                 PID  Runtime      # DAGs    # Errors  Last Runtime    Last Run               Last # of DB Queries
--------------------------------------  -----  ---------  --------  ----------  --------------  -------------------  ----------------------
/opt/airflow/dags/dag_pyspark_local.py    157  1.04s             1           0  0.59s           2026-08-12T18:29:24                      10
/opt/airflow/dags/dag_dia.py                                     1           0  0.26s           2026-08-12T18:29:29                      12
================================================================================
[2026-08-12T18:30:26.714+0000] {manager.py:997} INFO - 
================================================================================
DAG File Processing Stats

File Path                                 PID  Runtime      # DAGs    # Errors  Last Runtime    Last Run               Last # of DB Queries
--------------------------------------  -----  ---------  --------  ----------  --------------  -------------------  ----------------------
/opt/airflow/dags/dag_pyspark_local.py    167  0.01s             1           0  1.43s           2026-08-12T18:29:56                      10
/opt/airflow/dags/dag_dia.py                                     1           0  0.34s           2026-08-12T18:30:00                      12
================================================================================
[2026-08-12T18:30:56.794+0000] {manager.py:997} INFO - 
================================================================================
DAG File Processing Stats

File Path                               PID    Runtime      # DAGs    # Errors  Last Runtime    Last Run               Last # of DB Queries
--------------------------------------  -----  ---------  --------  ----------  --------------  -------------------  ----------------------
/opt/airflow/dags/dag_dia.py                                     1           0  0.62s           2026-08-12T18:30:31                      12
/opt/airflow/dags/dag_pyspark_local.py                           1           0  0.53s           2026-08-12T18:30:27                      10
================================================================================
[2026-08-12T18:31:27.163+0000] {manager.py:997} INFO - 
================================================================================
DAG File Processing Stats

File Path                               PID    Runtime      # DAGs    # Errors  Last Runtime    Last Run               Last # of DB Queries
--------------------------------------  -----  ---------  --------  ----------  --------------  -------------------  ----------------------
/opt/airflow/dags/dag_pyspark_local.py                           1           0  0.91s           2026-08-12T18:30:58                      10
/opt/airflow/dags/dag_dia.py                                     1           0  0.49s           2026-08-12T18:31:02                      12
================================================================================
[2026-08-12T18:31:57.750+0000] {manager.py:997} INFO - 
================================================================================
DAG File Processing Stats

File Path                               PID    Runtime      # DAGs    # Errors  Last Runtime    Last Run               Last # of DB Queries
--------------------------------------  -----  ---------  --------  ----------  --------------  -------------------  ----------------------
/opt/airflow/dags/dag_pyspark_local.py                           1           0  0.52s           2026-08-12T18:31:29                      10
/opt/airflow/dags/dag_dia.py                                     1           0  0.13s           2026-08-12T18:31:32                      12
================================================================================
[2026-08-12T18:32:28.206+0000] {manager.py:997} INFO - 
================================================================================
DAG File Processing Stats

File Path                               PID    Runtime      # DAGs    # Errors  Last Runtime    Last Run               Last # of DB Queries
--------------------------------------  -----  ---------  --------  ----------  --------------  -------------------  ----------------------
/opt/airflow/dags/dag_pyspark_local.py                           1           0  0.49s           2026-08-12T18:32:00                      10
/opt/airflow/dags/dag_dia.py                                     1           0  0.22s           2026-08-12T18:32:03                      12
================================================================================
[2026-08-12T18:32:50.683+0000] {manager.py:821} INFO - Searching for files in /opt/airflow/dags
[2026-08-12T18:32:50.776+0000] {manager.py:824} INFO - There are 2 files in /opt/airflow/dags
[2026-08-12T18:32:58.881+0000] {manager.py:997} INFO - 
================================================================================
DAG File Processing Stats

File Path                               PID    Runtime      # DAGs    # Errors  Last Runtime    Last Run               Last # of DB Queries
--------------------------------------  -----  ---------  --------  ----------  --------------  -------------------  ----------------------
/opt/airflow/dags/dag_pyspark_local.py                           1           0  0.36s           2026-08-12T18:32:30                      10
/opt/airflow/dags/dag_dia.py                                     1           0  0.13s           2026-08-12T18:32:33                      12
================================================================================
[2026-08-12T18:33:29.263+0000] {manager.py:997} INFO - 
================================================================================
DAG File Processing Stats

File Path                               PID    Runtime      # DAGs    # Errors  Last Runtime    Last Run               Last # of DB Queries
--------------------------------------  -----  ---------  --------  ----------  --------------  -------------------  ----------------------
/opt/airflow/dags/dag_pyspark_local.py                           1           0  0.40s           2026-08-12T18:33:01                      10
/opt/airflow/dags/dag_dia.py                                     1           0  0.17s           2026-08-12T18:33:04                      12
================================================================================
[2026-08-12T18:33:59.261+0000] {manager.py:997} INFO - 
================================================================================
DAG File Processing Stats

File Path                               PID    Runtime      # DAGs    # Errors  Last Runtime    Last Run               Last # of DB Queries
--------------------------------------  -----  ---------  --------  ----------  --------------  -------------------  ----------------------
/opt/airflow/dags/dag_dia.py                                     1           0  0.49s           2026-08-12T18:33:34                      12
/opt/airflow/dags/dag_pyspark_local.py                           1           0  0.37s           2026-08-12T18:33:31                      10
================================================================================
[2026-08-12T18:34:29.913+0000] {manager.py:997} INFO - 
================================================================================
DAG File Processing Stats

File Path                               PID    Runtime      # DAGs    # Errors  Last Runtime    Last Run               Last # of DB Queries
--------------------------------------  -----  ---------  --------  ----------  --------------  -------------------  ----------------------
/opt/airflow/dags/dag_dia.py                                     1           0  0.43s           2026-08-12T18:34:05                      12
/opt/airflow/dags/dag_pyspark_local.py                           1           0  0.37s           2026-08-12T18:34:02                      10
================================================================================
[2026-08-12T18:35:00.524+0000] {manager.py:997} INFO - 
================================================================================
DAG File Processing Stats

File Path                               PID    Runtime      # DAGs    # Errors  Last Runtime    Last Run               Last # of DB Queries
--------------------------------------  -----  ---------  --------  ----------  --------------  -------------------  ----------------------
/opt/airflow/dags/dag_pyspark_local.py                           1           0  0.48s           2026-08-12T18:34:33                      10
/opt/airflow/dags/dag_dia.py                                     1           0  0.12s           2026-08-12T18:34:36                      12
================================================================================
[2026-08-12T18:35:31.235+0000] {manager.py:997} INFO - 
================================================================================
DAG File Processing Stats

File Path                               PID    Runtime      # DAGs    # Errors  Last Runtime    Last Run               Last # of DB Queries
--------------------------------------  -----  ---------  --------  ----------  --------------  -------------------  ----------------------
/opt/airflow/dags/dag_pyspark_local.py                           1           0  4.24s           2026-08-12T18:35:07                      10
/opt/airflow/dags/dag_dia.py                                     1           0  1.32s           2026-08-12T18:35:08                      12
================================================================================
[2026-08-12T18:36:01.777+0000] {manager.py:997} INFO - 
================================================================================
DAG File Processing Stats

File Path                               PID    Runtime      # DAGs    # Errors  Last Runtime    Last Run               Last # of DB Queries
--------------------------------------  -----  ---------  --------  ----------  --------------  -------------------  ----------------------
/opt/airflow/dags/dag_pyspark_local.py                           1           0  1.13s           2026-08-12T18:35:39                      10
/opt/airflow/dags/dag_dia.py                                     1           0  0.24s           2026-08-12T18:35:38                      12
================================================================================
[2026-08-12T18:36:32.333+0000] {manager.py:997} INFO - 
================================================================================
DAG File Processing Stats

File Path                               PID    Runtime      # DAGs    # Errors  Last Runtime    Last Run               Last # of DB Queries
--------------------------------------  -----  ---------  --------  ----------  --------------  -------------------  ----------------------
/opt/airflow/dags/dag_pyspark_local.py                           1           0  0.84s           2026-08-12T18:36:10                      10
/opt/airflow/dags/dag_dia.py                                     1           0  0.66s           2026-08-12T18:36:09                      12
================================================================================
[2026-08-12T18:37:02.604+0000] {manager.py:997} INFO - 
================================================================================
DAG File Processing Stats

File Path                               PID    Runtime      # DAGs    # Errors  Last Runtime    Last Run               Last # of DB Queries
--------------------------------------  -----  ---------  --------  ----------  --------------  -------------------  ----------------------
/opt/airflow/dags/dag_pyspark_local.py                           1           0  0.48s           2026-08-12T18:36:41                      10
/opt/airflow/dags/dag_dia.py                                     1           0  0.37s           2026-08-12T18:36:40                      12
================================================================================
[2026-08-12T18:37:33.109+0000] {manager.py:997} INFO - 
================================================================================
DAG File Processing Stats

File Path                               PID    Runtime      # DAGs    # Errors  Last Runtime    Last Run               Last # of DB Queries
--------------------------------------  -----  ---------  --------  ----------  --------------  -------------------  ----------------------
/opt/airflow/dags/dag_dia.py                                     1           0  0.48s           2026-08-12T18:37:11                      12
/opt/airflow/dags/dag_pyspark_local.py                           1           0  0.38s           2026-08-12T18:37:12                      10
================================================================================
[2026-08-12T18:37:50.966+0000] {manager.py:821} INFO - Searching for files in /opt/airflow/dags
[2026-08-12T18:37:51.037+0000] {manager.py:824} INFO - There are 3 files in /opt/airflow/dags
[2026-08-12T18:38:03.757+0000] {manager.py:997} INFO - 
================================================================================
DAG File Processing Stats

File Path                               PID    Runtime      # DAGs    # Errors  Last Runtime    Last Run               Last # of DB Queries
--------------------------------------  -----  ---------  --------  ----------  --------------  -------------------  ----------------------
/opt/airflow/dags/dag_bronze.py                                  1           0  0.67s           2026-08-12T18:37:51                      24
/opt/airflow/dags/dag_pyspark_local.py                           1           0  0.59s           2026-08-12T18:37:42                      10
/opt/airflow/dags/dag_dia.py                                     1           0  0.22s           2026-08-12T18:37:41                      12
================================================================================
[2026-08-12T18:38:33.781+0000] {manager.py:997} INFO - 
================================================================================
DAG File Processing Stats

File Path                               PID    Runtime      # DAGs    # Errors  Last Runtime    Last Run               Last # of DB Queries
--------------------------------------  -----  ---------  --------  ----------  --------------  -------------------  ----------------------
/opt/airflow/dags/dag_pyspark_local.py                           1           0  0.48s           2026-08-12T18:38:13                      10
/opt/airflow/dags/dag_bronze.py                                  1           0  0.40s           2026-08-12T18:38:22                      10
/opt/airflow/dags/dag_dia.py                                     1           0  0.20s           2026-08-12T18:38:12                      12
================================================================================
[2026-08-12T18:39:03.918+0000] {manager.py:997} INFO - 
================================================================================
DAG File Processing Stats

File Path                               PID    Runtime      # DAGs    # Errors  Last Runtime    Last Run               Last # of DB Queries
--------------------------------------  -----  ---------  --------  ----------  --------------  -------------------  ----------------------
/opt/airflow/dags/dag_bronze.py                                  1           0  0.42s           2026-08-12T18:38:53                      10
/opt/airflow/dags/dag_pyspark_local.py                           1           0  0.36s           2026-08-12T18:38:44                      10
/opt/airflow/dags/dag_dia.py                                     1           0  0.19s           2026-08-12T18:38:43                      12
================================================================================
[2026-08-12T18:39:34.384+0000] {manager.py:997} INFO - 
================================================================================
DAG File Processing Stats

File Path                               PID    Runtime      # DAGs    # Errors  Last Runtime    Last Run               Last # of DB Queries
--------------------------------------  -----  ---------  --------  ----------  --------------  -------------------  ----------------------
/opt/airflow/dags/dag_bronze.py                                  1           0  0.57s           2026-08-12T18:39:24                      10
/opt/airflow/dags/dag_pyspark_local.py                           1           0  0.49s           2026-08-12T18:39:15                      10
/opt/airflow/dags/dag_dia.py                                     1           0  0.40s           2026-08-12T18:39:14                      12
================================================================================
[2026-08-12T18:40:05.062+0000] {manager.py:997} INFO - 
================================================================================
DAG File Processing Stats

File Path                               PID    Runtime      # DAGs    # Errors  Last Runtime    Last Run               Last # of DB Queries
--------------------------------------  -----  ---------  --------  ----------  --------------  -------------------  ----------------------
/opt/airflow/dags/dag_bronze.py                                  1           0  0.59s           2026-08-12T18:39:54                      10
/opt/airflow/dags/dag_dia.py                                     1           0  0.58s           2026-08-12T18:39:45                      12
/opt/airflow/dags/dag_pyspark_local.py                           1           0  0.51s           2026-08-12T18:39:46                      10
================================================================================
[2026-08-12T18:40:35.284+0000] {manager.py:997} INFO - 
================================================================================
DAG File Processing Stats

File Path                               PID    Runtime      # DAGs    # Errors  Last Runtime    Last Run               Last # of DB Queries
--------------------------------------  -----  ---------  --------  ----------  --------------  -------------------  ----------------------
/opt/airflow/dags/dag_pyspark_local.py                           1           0  0.97s           2026-08-12T18:40:17                      10
/opt/airflow/dags/dag_bronze.py                                  1           0  0.65s           2026-08-12T18:40:26                      10
/opt/airflow/dags/dag_dia.py                                     1           0  0.31s           2026-08-12T18:40:15                      12
================================================================================
[2026-08-12T18:41:05.812+0000] {manager.py:997} INFO - 
================================================================================
DAG File Processing Stats

File Path                               PID    Runtime      # DAGs    # Errors  Last Runtime    Last Run               Last # of DB Queries
--------------------------------------  -----  ---------  --------  ----------  --------------  -------------------  ----------------------
/opt/airflow/dags/dag_pyspark_local.py                           1           0  5.99s           2026-08-12T18:40:53                      10
/opt/airflow/dags/dag_bronze.py                                  1           0  2.02s           2026-08-12T18:40:58                      10
/opt/airflow/dags/dag_dia.py                                     1           0  1.34s           2026-08-12T18:40:47                      12
================================================================================
[2026-08-12T18:41:36.722+0000] {manager.py:997} INFO - 
================================================================================
DAG File Processing Stats

File Path                               PID    Runtime      # DAGs    # Errors  Last Runtime    Last Run               Last # of DB Queries
--------------------------------------  -----  ---------  --------  ----------  --------------  -------------------  ----------------------
/opt/airflow/dags/dag_pyspark_local.py                           1           0  0.75s           2026-08-12T18:41:24                      10
/opt/airflow/dags/dag_bronze.py                                  1           0  0.66s           2026-08-12T18:41:29                      10
/opt/airflow/dags/dag_dia.py                                     1           0  0.40s           2026-08-12T18:41:18                      12
================================================================================
[2026-08-12T18:42:07.514+0000] {manager.py:997} INFO - 
================================================================================
DAG File Processing Stats

File Path                               PID    Runtime      # DAGs    # Errors  Last Runtime    Last Run               Last # of DB Queries
--------------------------------------  -----  ---------  --------  ----------  --------------  -------------------  ----------------------
/opt/airflow/dags/dag_bronze.py                                  1           0  0.68s           2026-08-12T18:42:00                      10
/opt/airflow/dags/dag_pyspark_local.py                           1           0  0.63s           2026-08-12T18:41:55                      10
/opt/airflow/dags/dag_dia.py                                     1           0  0.26s           2026-08-12T18:41:49                      12
================================================================================
[2026-08-12T18:42:37.710+0000] {manager.py:997} INFO - 
================================================================================
DAG File Processing Stats

File Path                               PID    Runtime      # DAGs    # Errors  Last Runtime    Last Run               Last # of DB Queries
--------------------------------------  -----  ---------  --------  ----------  --------------  -------------------  ----------------------
/opt/airflow/dags/dag_bronze.py                                  1           0  0.75s           2026-08-12T18:42:31                      10
/opt/airflow/dags/dag_pyspark_local.py                           1           0  0.60s           2026-08-12T18:42:26                      10
/opt/airflow/dags/dag_dia.py                                     1           0  0.49s           2026-08-12T18:42:20                      12
================================================================================
[2026-08-12T18:42:51.239+0000] {manager.py:821} INFO - Searching for files in /opt/airflow/dags
[2026-08-12T18:42:51.328+0000] {manager.py:824} INFO - There are 3 files in /opt/airflow/dags
[2026-08-12T18:43:07.870+0000] {manager.py:997} INFO - 
================================================================================
DAG File Processing Stats

File Path                               PID    Runtime      # DAGs    # Errors  Last Runtime    Last Run               Last # of DB Queries
--------------------------------------  -----  ---------  --------  ----------  --------------  -------------------  ----------------------
/opt/airflow/dags/dag_pyspark_local.py                           1           0  0.68s           2026-08-12T18:42:57                      10
/opt/airflow/dags/dag_bronze.py                                  1           0  0.66s           2026-08-12T18:43:02                      10
/opt/airflow/dags/dag_dia.py                                     1           0  0.55s           2026-08-12T18:42:51                      12
================================================================================
[2026-08-12T18:43:38.049+0000] {manager.py:997} INFO - 
================================================================================
DAG File Processing Stats

File Path                               PID    Runtime      # DAGs    # Errors  Last Runtime    Last Run               Last # of DB Queries
--------------------------------------  -----  ---------  --------  ----------  --------------  -------------------  ----------------------
/opt/airflow/dags/dag_bronze.py                                  1           0  0.63s           2026-08-12T18:43:33                      10
/opt/airflow/dags/dag_pyspark_local.py                           1           0  0.62s           2026-08-12T18:43:28                      10
/opt/airflow/dags/dag_dia.py                                     1           0  0.26s           2026-08-12T18:43:21                      12
================================================================================
[2026-08-12T18:44:08.300+0000] {manager.py:997} INFO - 
================================================================================
DAG File Processing Stats

File Path                               PID    Runtime      # DAGs    # Errors  Last Runtime    Last Run               Last # of DB Queries
--------------------------------------  -----  ---------  --------  ----------  --------------  -------------------  ----------------------
/opt/airflow/dags/dag_bronze.py                                  1           0  0.59s           2026-08-12T18:44:04                      10
/opt/airflow/dags/dag_pyspark_local.py                           1           0  0.56s           2026-08-12T18:43:59                      10
/opt/airflow/dags/dag_dia.py                                     1           0  0.20s           2026-08-12T18:43:52                      12
================================================================================
[2026-08-12T18:44:38.308+0000] {manager.py:997} INFO - 
================================================================================
DAG File Processing Stats

File Path                               PID    Runtime      # DAGs    # Errors  Last Runtime    Last Run               Last # of DB Queries
--------------------------------------  -----  ---------  --------  ----------  --------------  -------------------  ----------------------
/opt/airflow/dags/dag_pyspark_local.py                           1           0  0.89s           2026-08-12T18:44:30                      10
/opt/airflow/dags/dag_bronze.py                                  1           0  0.61s           2026-08-12T18:44:35                      10
/opt/airflow/dags/dag_dia.py                                     1           0  0.26s           2026-08-12T18:44:22                      12
================================================================================
[2026-08-12T18:45:08.409+0000] {manager.py:997} INFO - 
================================================================================
DAG File Processing Stats

File Path                               PID    Runtime      # DAGs    # Errors  Last Runtime    Last Run               Last # of DB Queries
--------------------------------------  -----  ---------  --------  ----------  --------------  -------------------  ----------------------
/opt/airflow/dags/dag_bronze.py                                  1           0  0.69s           2026-08-12T18:45:06                      10
/opt/airflow/dags/dag_pyspark_local.py                           1           0  0.59s           2026-08-12T18:45:01                      10
/opt/airflow/dags/dag_dia.py                                     1           0  0.48s           2026-08-12T18:44:53                      12
================================================================================
[2026-08-12T18:45:38.443+0000] {manager.py:997} INFO - 
================================================================================
DAG File Processing Stats

File Path                               PID    Runtime      # DAGs    # Errors  Last Runtime    Last Run               Last # of DB Queries
--------------------------------------  -----  ---------  --------  ----------  --------------  -------------------  ----------------------
/opt/airflow/dags/dag_bronze.py                                  1           0  0.63s           2026-08-12T18:45:36                      10
/opt/airflow/dags/dag_pyspark_local.py                           1           0  0.59s           2026-08-12T18:45:32                      10
/opt/airflow/dags/dag_dia.py                                     1           0  0.54s           2026-08-12T18:45:24                      12
================================================================================
[2026-08-12T18:46:08.538+0000] {manager.py:997} INFO - 
================================================================================
DAG File Processing Stats

File Path                               PID    Runtime      # DAGs    # Errors  Last Runtime    Last Run               Last # of DB Queries
--------------------------------------  -----  ---------  --------  ----------  --------------  -------------------  ----------------------
/opt/airflow/dags/dag_pyspark_local.py                           1           0  0.73s           2026-08-12T18:46:03                      10
/opt/airflow/dags/dag_bronze.py                                  1           0  0.60s           2026-08-12T18:46:07                      10
/opt/airflow/dags/dag_dia.py                                     1           0  0.52s           2026-08-12T18:45:55                      12
================================================================================
[2026-08-12T18:46:39.385+0000] {manager.py:997} INFO - 
================================================================================
DAG File Processing Stats

File Path                               PID    Runtime      # DAGs    # Errors  Last Runtime    Last Run               Last # of DB Queries
--------------------------------------  -----  ---------  --------  ----------  --------------  -------------------  ----------------------
/opt/airflow/dags/dag_pyspark_local.py                           1           0  0.58s           2026-08-12T18:46:34                      10
/opt/airflow/dags/dag_bronze.py                                  1           0  0.54s           2026-08-12T18:46:38                      10
/opt/airflow/dags/dag_dia.py                                     1           0  0.36s           2026-08-12T18:46:26                      12
================================================================================
[2026-08-12T18:47:09.416+0000] {manager.py:997} INFO - 
================================================================================
DAG File Processing Stats

File Path                               PID    Runtime      # DAGs    # Errors  Last Runtime    Last Run               Last # of DB Queries
--------------------------------------  -----  ---------  --------  ----------  --------------  -------------------  ----------------------
/opt/airflow/dags/dag_pyspark_local.py                           1           0  0.65s           2026-08-12T18:47:05                      10
/opt/airflow/dags/dag_bronze.py                                  1           0  0.62s           2026-08-12T18:47:09                      10
/opt/airflow/dags/dag_dia.py                                     1           0  0.25s           2026-08-12T18:46:56                      12
================================================================================
[2026-08-12T18:47:39.844+0000] {manager.py:997} INFO - 
================================================================================
DAG File Processing Stats

File Path                                 PID  Runtime      # DAGs    # Errors  Last Runtime    Last Run               Last # of DB Queries
--------------------------------------  -----  ---------  --------  ----------  --------------  -------------------  ----------------------
/opt/airflow/dags/dag_bronze.py           462  0.01s             1           0  0.62s           2026-08-12T18:47:09                      10
/opt/airflow/dags/dag_pyspark_local.py                           1           0  0.53s           2026-08-12T18:47:36                      10
/opt/airflow/dags/dag_dia.py                                     1           0  0.25s           2026-08-12T18:47:27                      12
================================================================================
[2026-08-12T18:47:51.476+0000] {manager.py:821} INFO - Searching for files in /opt/airflow/dags
[2026-08-12T18:47:51.571+0000] {manager.py:824} INFO - There are 3 files in /opt/airflow/dags
[2026-08-12T18:48:09.903+0000] {manager.py:997} INFO - 
================================================================================
DAG File Processing Stats

File Path                               PID    Runtime      # DAGs    # Errors  Last Runtime    Last Run               Last # of DB Queries
--------------------------------------  -----  ---------  --------  ----------  --------------  -------------------  ----------------------
/opt/airflow/dags/dag_pyspark_local.py                           1           0  0.61s           2026-08-12T18:48:06                      10
/opt/airflow/dags/dag_bronze.py                                  1           0  0.56s           2026-08-12T18:47:40                      10
/opt/airflow/dags/dag_dia.py                                     1           0  0.46s           2026-08-12T18:47:58                      12
================================================================================
[2026-08-12T18:48:39.962+0000] {manager.py:997} INFO - 
================================================================================
DAG File Processing Stats

File Path                               PID    Runtime      # DAGs    # Errors  Last Runtime    Last Run               Last # of DB Queries
--------------------------------------  -----  ---------  --------  ----------  --------------  -------------------  ----------------------
/opt/airflow/dags/dag_bronze.py                                  1           0  0.70s           2026-08-12T18:48:11                      10
/opt/airflow/dags/dag_pyspark_local.py                           1           0  0.62s           2026-08-12T18:48:38                      10
/opt/airflow/dags/dag_dia.py                                     1           0  0.53s           2026-08-12T18:48:28                      12
================================================================================
[2026-08-12T18:49:10.258+0000] {manager.py:997} INFO - 
================================================================================
DAG File Processing Stats

File Path                               PID    Runtime      # DAGs    # Errors  Last Runtime    Last Run               Last # of DB Queries
--------------------------------------  -----  ---------  --------  ----------  --------------  -------------------  ----------------------
/opt/airflow/dags/dag_bronze.py                                  1           0  0.60s           2026-08-12T18:48:42                      10
/opt/airflow/dags/dag_pyspark_local.py                           1           0  0.59s           2026-08-12T18:49:08                      10
/opt/airflow/dags/dag_dia.py                                     1           0  0.24s           2026-08-12T18:48:59                      12
================================================================================
[2026-08-12T18:49:40.691+0000] {manager.py:997} INFO - 
================================================================================
DAG File Processing Stats

File Path                               PID    Runtime      # DAGs    # Errors  Last Runtime    Last Run               Last # of DB Queries
--------------------------------------  -----  ---------  --------  ----------  --------------  -------------------  ----------------------
/opt/airflow/dags/dag_pyspark_local.py                           1           0  0.71s           2026-08-12T18:49:39                      10
/opt/airflow/dags/dag_bronze.py                                  1           0  0.62s           2026-08-12T18:49:13                      10
/opt/airflow/dags/dag_dia.py                                     1           0  0.34s           2026-08-12T18:49:29                      12
================================================================================
[2026-08-12T18:50:10.946+0000] {manager.py:997} INFO - 
================================================================================
DAG File Processing Stats

File Path                               PID    Runtime      # DAGs    # Errors  Last Runtime    Last Run               Last # of DB Queries
--------------------------------------  -----  ---------  --------  ----------  --------------  -------------------  ----------------------
/opt/airflow/dags/dag_pyspark_local.py                           1           0  0.67s           2026-08-12T18:50:10                      10
/opt/airflow/dags/dag_bronze.py                                  1           0  0.63s           2026-08-12T18:49:44                      10
/opt/airflow/dags/dag_dia.py                                     1           0  0.31s           2026-08-12T18:50:00                      12
================================================================================
[2026-08-12T18:50:41.520+0000] {manager.py:997} INFO - 
================================================================================
DAG File Processing Stats

File Path                                 PID  Runtime      # DAGs    # Errors  Last Runtime    Last Run               Last # of DB Queries
--------------------------------------  -----  ---------  --------  ----------  --------------  -------------------  ----------------------
/opt/airflow/dags/dag_pyspark_local.py    522  0.60s             1           0  0.67s           2026-08-12T18:50:10                      10
/opt/airflow/dags/dag_bronze.py                                  1           0  0.53s           2026-08-12T18:50:15                      10
/opt/airflow/dags/dag_dia.py                                     1           0  0.50s           2026-08-12T18:50:31                      12
================================================================================
[2026-08-12T18:51:11.562+0000] {manager.py:997} INFO - 
================================================================================
DAG File Processing Stats

File Path                               PID    Runtime      # DAGs    # Errors  Last Runtime    Last Run               Last # of DB Queries
--------------------------------------  -----  ---------  --------  ----------  --------------  -------------------  ----------------------
/opt/airflow/dags/dag_bronze.py                                  1           0  0.77s           2026-08-12T18:50:46                      10
/opt/airflow/dags/dag_pyspark_local.py                           1           0  0.67s           2026-08-12T18:50:41                      10
/opt/airflow/dags/dag_dia.py                                     1           0  0.51s           2026-08-12T18:51:02                      12
================================================================================
[2026-08-12T18:51:41.686+0000] {manager.py:997} INFO - 
================================================================================
DAG File Processing Stats

File Path                               PID    Runtime      # DAGs    # Errors  Last Runtime    Last Run               Last # of DB Queries
--------------------------------------  -----  ---------  --------  ----------  --------------  -------------------  ----------------------
/opt/airflow/dags/dag_pyspark_local.py                           1           0  0.72s           2026-08-12T18:51:12                      10
/opt/airflow/dags/dag_bronze.py                                  1           0  0.64s           2026-08-12T18:51:17                      10
/opt/airflow/dags/dag_dia.py                                     1           0  0.51s           2026-08-12T18:51:33                      12
================================================================================
[2026-08-12T18:52:12.329+0000] {manager.py:997} INFO - 
================================================================================
DAG File Processing Stats

File Path                               PID    Runtime      # DAGs    # Errors  Last Runtime    Last Run               Last # of DB Queries
--------------------------------------  -----  ---------  --------  ----------  --------------  -------------------  ----------------------
/opt/airflow/dags/dag_bronze.py                                  1           0  0.72s           2026-08-12T18:51:48                      10
/opt/airflow/dags/dag_pyspark_local.py                           1           0  0.55s           2026-08-12T18:51:43                      10
/opt/airflow/dags/dag_dia.py                                     1           0  0.32s           2026-08-12T18:52:03                      12
================================================================================
[2026-08-12T18:52:42.739+0000] {manager.py:997} INFO - 
================================================================================
DAG File Processing Stats

File Path                               PID    Runtime      # DAGs    # Errors  Last Runtime    Last Run               Last # of DB Queries
--------------------------------------  -----  ---------  --------  ----------  --------------  -------------------  ----------------------
/opt/airflow/dags/dag_pyspark_local.py                           1           0  0.85s           2026-08-12T18:52:15                      10
/opt/airflow/dags/dag_bronze.py                                  1           0  0.65s           2026-08-12T18:52:19                      10
/opt/airflow/dags/dag_dia.py                                     1           0  0.25s           2026-08-12T18:52:33                      12
================================================================================
[2026-08-12T18:52:52.055+0000] {manager.py:821} INFO - Searching for files in /opt/airflow/dags
[2026-08-12T18:52:52.150+0000] {manager.py:824} INFO - There are 3 files in /opt/airflow/dags
[2026-08-12T18:53:12.809+0000] {manager.py:997} INFO - 
================================================================================
DAG File Processing Stats

File Path                               PID    Runtime      # DAGs    # Errors  Last Runtime    Last Run               Last # of DB Queries
--------------------------------------  -----  ---------  --------  ----------  --------------  -------------------  ----------------------
/opt/airflow/dags/dag_pyspark_local.py                           1           0  0.76s           2026-08-12T18:52:46                      10
/opt/airflow/dags/dag_bronze.py                                  1           0  0.65s           2026-08-12T18:52:50                      10
/opt/airflow/dags/dag_dia.py                                     1           0  0.27s           2026-08-12T18:53:04                      12
================================================================================
[2026-08-12T18:53:43.165+0000] {manager.py:997} INFO - 
================================================================================
DAG File Processing Stats

File Path                               PID    Runtime      # DAGs    # Errors  Last Runtime    Last Run               Last # of DB Queries
--------------------------------------  -----  ---------  --------  ----------  --------------  -------------------  ----------------------
/opt/airflow/dags/dag_dia.py                                     1           0  0.86s           2026-08-12T18:53:36                      12
/opt/airflow/dags/dag_pyspark_local.py                           1           0  0.64s           2026-08-12T18:53:17                      10
/opt/airflow/dags/dag_bronze.py                                  1           0  0.60s           2026-08-12T18:53:21                      10
================================================================================
[2026-08-12T18:54:13.317+0000] {manager.py:997} INFO - 
================================================================================
DAG File Processing Stats

File Path                               PID    Runtime      # DAGs    # Errors  Last Runtime    Last Run               Last # of DB Queries
--------------------------------------  -----  ---------  --------  ----------  --------------  -------------------  ----------------------
/opt/airflow/dags/dag_pyspark_local.py                           1           0  0.69s           2026-08-12T18:53:48                      10
/opt/airflow/dags/dag_bronze.py                                  1           0  0.68s           2026-08-12T18:53:51                      10
/opt/airflow/dags/dag_dia.py                                     1           0  0.51s           2026-08-12T18:54:07                      12
================================================================================
[2026-08-12T18:54:43.900+0000] {manager.py:997} INFO - 
================================================================================
DAG File Processing Stats

File Path                               PID    Runtime      # DAGs    # Errors  Last Runtime    Last Run               Last # of DB Queries
--------------------------------------  -----  ---------  --------  ----------  --------------  -------------------  ----------------------
/opt/airflow/dags/dag_bronze.py                                  1           0  0.66s           2026-08-12T18:54:22                      10
/opt/airflow/dags/dag_pyspark_local.py                           1           0  0.64s           2026-08-12T18:54:18                      10
/opt/airflow/dags/dag_dia.py                                     1           0  0.51s           2026-08-12T18:54:38                      12
================================================================================
[2026-08-12T18:55:13.931+0000] {manager.py:997} INFO - 
================================================================================
DAG File Processing Stats

File Path                               PID    Runtime      # DAGs    # Errors  Last Runtime    Last Run               Last # of DB Queries
--------------------------------------  -----  ---------  --------  ----------  --------------  -------------------  ----------------------
/opt/airflow/dags/dag_pyspark_local.py                           1           0  0.63s           2026-08-12T18:54:49                      10
/opt/airflow/dags/dag_bronze.py                                  1           0  0.61s           2026-08-12T18:54:53                      10
/opt/airflow/dags/dag_dia.py                                     1           0  0.25s           2026-08-12T18:55:08                      12
================================================================================
[2026-08-12T18:55:44.424+0000] {manager.py:997} INFO - 
================================================================================
DAG File Processing Stats

File Path                               PID    Runtime      # DAGs    # Errors  Last Runtime    Last Run               Last # of DB Queries
--------------------------------------  -----  ---------  --------  ----------  --------------  -------------------  ----------------------
/opt/airflow/dags/dag_pyspark_local.py                           1           0  0.69s           2026-08-12T18:55:20                      10
/opt/airflow/dags/dag_bronze.py                                  1           0  0.60s           2026-08-12T18:55:24                      10
/opt/airflow/dags/dag_dia.py                                     1           0  0.27s           2026-08-12T18:55:39                      12
================================================================================
[2026-08-12T18:56:14.504+0000] {manager.py:997} INFO - 
================================================================================
DAG File Processing Stats

File Path                               PID    Runtime      # DAGs    # Errors  Last Runtime    Last Run               Last # of DB Queries
--------------------------------------  -----  ---------  --------  ----------  --------------  -------------------  ----------------------
/opt/airflow/dags/dag_pyspark_local.py                           1           0  0.83s           2026-08-12T18:55:51                      10
/opt/airflow/dags/dag_bronze.py                                  1           0  0.77s           2026-08-12T18:55:55                      10
/opt/airflow/dags/dag_dia.py                                     1           0  0.58s           2026-08-12T18:56:10                      12
================================================================================
[2026-08-12T18:56:44.561+0000] {manager.py:997} INFO - 
================================================================================
DAG File Processing Stats

File Path                               PID    Runtime      # DAGs    # Errors  Last Runtime    Last Run               Last # of DB Queries
--------------------------------------  -----  ---------  --------  ----------  --------------  -------------------  ----------------------
/opt/airflow/dags/dag_bronze.py                                  1           0  0.66s           2026-08-12T18:56:25                      10
/opt/airflow/dags/dag_pyspark_local.py                           1           0  0.58s           2026-08-12T18:56:22                      10
/opt/airflow/dags/dag_dia.py                                     1           0  0.53s           2026-08-12T18:56:41                      12
================================================================================
[2026-08-12T18:57:14.911+0000] {manager.py:997} INFO - 
================================================================================
DAG File Processing Stats

File Path                               PID    Runtime      # DAGs    # Errors  Last Runtime    Last Run               Last # of DB Queries
--------------------------------------  -----  ---------  --------  ----------  --------------  -------------------  ----------------------
/opt/airflow/dags/dag_pyspark_local.py                           1           0  0.64s           2026-08-12T18:56:53                      10
/opt/airflow/dags/dag_bronze.py                                  1           0  0.63s           2026-08-12T18:56:56                      10
/opt/airflow/dags/dag_dia.py                                     1           0  0.47s           2026-08-12T18:57:12                      12
================================================================================
[2026-08-12T18:57:44.944+0000] {manager.py:997} INFO - 
================================================================================
DAG File Processing Stats

File Path                               PID    Runtime      # DAGs    # Errors  Last Runtime    Last Run               Last # of DB Queries
--------------------------------------  -----  ---------  --------  ----------  --------------  -------------------  ----------------------
/opt/airflow/dags/dag_dia.py                                     1           0  0.66s           2026-08-12T18:57:43                      12
/opt/airflow/dags/dag_pyspark_local.py                           1           0  0.58s           2026-08-12T18:57:24                      10
/opt/airflow/dags/dag_bronze.py                                  1           0  0.57s           2026-08-12T18:57:27                      10
================================================================================
[2026-08-12T18:57:52.354+0000] {manager.py:821} INFO - Searching for files in /opt/airflow/dags
[2026-08-12T18:57:52.447+0000] {manager.py:824} INFO - There are 3 files in /opt/airflow/dags
[2026-08-12T18:58:15.024+0000] {manager.py:997} INFO - 
================================================================================
DAG File Processing Stats

File Path                               PID    Runtime      # DAGs    # Errors  Last Runtime    Last Run               Last # of DB Queries
--------------------------------------  -----  ---------  --------  ----------  --------------  -------------------  ----------------------
/opt/airflow/dags/dag_bronze.py                                  0           1  9.28s           2026-08-12T18:58:07                       3
/opt/airflow/dags/dag_pyspark_local.py                           1           0  0.62s           2026-08-12T18:57:55                      10
/opt/airflow/dags/dag_dia.py                                     1           0  0.44s           2026-08-12T18:58:13                      12
================================================================================
[2026-08-12T18:58:45.497+0000] {manager.py:997} INFO - 
================================================================================
DAG File Processing Stats

File Path                               PID    Runtime      # DAGs    # Errors  Last Runtime    Last Run               Last # of DB Queries
--------------------------------------  -----  ---------  --------  ----------  --------------  -------------------  ----------------------
/opt/airflow/dags/dag_bronze.py                                  0           1  6.85s           2026-08-12T18:58:44                       5
/opt/airflow/dags/dag_pyspark_local.py                           1           0  0.66s           2026-08-12T18:58:25                      10
/opt/airflow/dags/dag_dia.py                                     1           0  0.36s           2026-08-12T18:58:44                      12
================================================================================
[2026-08-12T18:59:15.614+0000] {manager.py:997} INFO - 
================================================================================
DAG File Processing Stats

File Path                                 PID  Runtime      # DAGs    # Errors  Last Runtime    Last Run               Last # of DB Queries
--------------------------------------  -----  ---------  --------  ----------  --------------  -------------------  ----------------------
/opt/airflow/dags/dag_bronze.py           989  0.66s             0           1  6.85s           2026-08-12T18:58:44                       5
/opt/airflow/dags/dag_pyspark_local.py                           1           0  0.75s           2026-08-12T18:58:56                      10
/opt/airflow/dags/dag_dia.py                                     1           0  0.62s           2026-08-12T18:59:15                      12
================================================================================
[2026-08-12T18:59:45.940+0000] {manager.py:997} INFO - 
================================================================================
DAG File Processing Stats

File Path                                 PID  Runtime      # DAGs    # Errors  Last Runtime    Last Run               Last # of DB Queries
--------------------------------------  -----  ---------  --------  ----------  --------------  -------------------  ----------------------
/opt/airflow/dags/dag_bronze.py                                  0           1  7.80s           2026-08-12T18:59:22                       5
/opt/airflow/dags/dag_pyspark_local.py                           1           0  0.78s           2026-08-12T18:59:27                      10
/opt/airflow/dags/dag_dia.py             1155  0.01s             1           0  0.62s           2026-08-12T18:59:15                      12
================================================================================
[2026-08-12T19:00:16.360+0000] {manager.py:997} INFO - 
================================================================================
DAG File Processing Stats

File Path                               PID    Runtime      # DAGs    # Errors  Last Runtime    Last Run               Last # of DB Queries
--------------------------------------  -----  ---------  --------  ----------  --------------  -------------------  ----------------------
/opt/airflow/dags/dag_bronze.py                                  0           1  11.34s          2026-08-12T19:00:04                       5
/opt/airflow/dags/dag_pyspark_local.py                           1           0  1.29s           2026-08-12T18:59:59                      10
/opt/airflow/dags/dag_dia.py                                     1           0  0.55s           2026-08-12T18:59:46                      12
================================================================================
[2026-08-12T19:00:46.446+0000] {manager.py:997} INFO - 
================================================================================
DAG File Processing Stats

File Path                               PID    Runtime      # DAGs    # Errors  Last Runtime    Last Run               Last # of DB Queries
--------------------------------------  -----  ---------  --------  ----------  --------------  -------------------  ----------------------
/opt/airflow/dags/dag_bronze.py                                  0           1  8.99s           2026-08-12T19:00:44                       5
/opt/airflow/dags/dag_pyspark_local.py                           1           0  0.65s           2026-08-12T19:00:30                      10
/opt/airflow/dags/dag_dia.py                                     1           0  0.51s           2026-08-12T19:00:17                      12
================================================================================
[2026-08-12T19:01:16.605+0000] {manager.py:997} INFO - 
================================================================================
DAG File Processing Stats

File Path                                 PID  Runtime      # DAGs    # Errors  Last Runtime    Last Run               Last # of DB Queries
--------------------------------------  -----  ---------  --------  ----------  --------------  -------------------  ----------------------
/opt/airflow/dags/dag_bronze.py          1501  2.36s             0           1  8.99s           2026-08-12T19:00:44                       5
/opt/airflow/dags/dag_pyspark_local.py                           1           0  0.59s           2026-08-12T19:01:01                      10
/opt/airflow/dags/dag_dia.py                                     1           0  0.31s           2026-08-12T19:00:47                      12
================================================================================
[2026-08-12T19:01:46.821+0000] {manager.py:997} INFO - 
================================================================================
DAG File Processing Stats

File Path                               PID    Runtime      # DAGs    # Errors  Last Runtime    Last Run               Last # of DB Queries
--------------------------------------  -----  ---------  --------  ----------  --------------  -------------------  ----------------------
/opt/airflow/dags/dag_bronze.py                                  0           1  12.53s          2026-08-12T19:01:26                       5
/opt/airflow/dags/dag_pyspark_local.py                           1           0  0.69s           2026-08-12T19:01:32                      10
/opt/airflow/dags/dag_dia.py                                     1           0  0.56s           2026-08-12T19:01:18                      12
================================================================================
[2026-08-12T19:02:17.717+0000] {manager.py:997} INFO - 
================================================================================
DAG File Processing Stats

File Path                               PID    Runtime      # DAGs    # Errors  Last Runtime    Last Run               Last # of DB Queries
--------------------------------------  -----  ---------  --------  ----------  --------------  -------------------  ----------------------
/opt/airflow/dags/dag_bronze.py                                  0           1  6.70s           2026-08-12T19:02:03                       5
/opt/airflow/dags/dag_pyspark_local.py                           1           0  0.73s           2026-08-12T19:02:03                      10
/opt/airflow/dags/dag_dia.py                                     1           0  0.23s           2026-08-12T19:01:49                      12
================================================================================
[2026-08-12T19:02:48.115+0000] {manager.py:997} INFO - 
================================================================================
DAG File Processing Stats

File Path                               PID    Runtime      # DAGs    # Errors  Last Runtime    Last Run               Last # of DB Queries
--------------------------------------  -----  ---------  --------  ----------  --------------  -------------------  ----------------------
/opt/airflow/dags/dag_bronze.py                                  0           1  6.91s           2026-08-12T19:02:40                       5
/opt/airflow/dags/dag_pyspark_local.py                           1           0  0.56s           2026-08-12T19:02:34                      10
/opt/airflow/dags/dag_dia.py                                     1           0  0.50s           2026-08-12T19:02:20                      12
================================================================================
[2026-08-12T19:02:52.437+0000] {manager.py:821} INFO - Searching for files in /opt/airflow/dags
[2026-08-12T19:02:52.522+0000] {manager.py:824} INFO - There are 3 files in /opt/airflow/dags
[2026-08-12T19:03:19.043+0000] {manager.py:997} INFO - 
================================================================================
DAG File Processing Stats

File Path                                 PID  Runtime      # DAGs    # Errors  Last Runtime    Last Run               Last # of DB Queries
--------------------------------------  -----  ---------  --------  ----------  --------------  -------------------  ----------------------
/opt/airflow/dags/dag_bronze.py          2014  7.14s             0           1  6.91s           2026-08-12T19:02:40                       5
/opt/airflow/dags/dag_dia.py                                     1           0  0.64s           2026-08-12T19:02:51                      12
/opt/airflow/dags/dag_pyspark_local.py                           1           0  0.59s           2026-08-12T19:03:04                      10
================================================================================
[2026-08-12T19:03:49.237+0000] {manager.py:997} INFO - 
================================================================================
DAG File Processing Stats

File Path                               PID    Runtime      # DAGs    # Errors  Last Runtime    Last Run               Last # of DB Queries
--------------------------------------  -----  ---------  --------  ----------  --------------  -------------------  ----------------------
/opt/airflow/dags/dag_bronze.py                                  0           1  8.56s           2026-08-12T19:03:20                       5
/opt/airflow/dags/dag_pyspark_local.py                           1           0  0.68s           2026-08-12T19:03:35                      10
/opt/airflow/dags/dag_dia.py                                     1           0  0.61s           2026-08-12T19:03:21                      12
================================================================================
[2026-08-12T19:04:19.661+0000] {manager.py:997} INFO - 
================================================================================
DAG File Processing Stats

File Path                               PID    Runtime      # DAGs    # Errors  Last Runtime    Last Run               Last # of DB Queries
--------------------------------------  -----  ---------  --------  ----------  --------------  -------------------  ----------------------
/opt/airflow/dags/dag_bronze.py                                  0           1  6.87s           2026-08-12T19:03:57                       5
/opt/airflow/dags/dag_pyspark_local.py                           1           0  1.22s           2026-08-12T19:04:07                      10
/opt/airflow/dags/dag_dia.py                                     1           0  0.31s           2026-08-12T19:03:52                      12
================================================================================
[2026-08-12T19:04:50.247+0000] {manager.py:997} INFO - 
================================================================================
DAG File Processing Stats

File Path                               PID    Runtime      # DAGs    # Errors  Last Runtime    Last Run               Last # of DB Queries
--------------------------------------  -----  ---------  --------  ----------  --------------  -------------------  ----------------------
/opt/airflow/dags/dag_bronze.py                                  0           1  7.23s           2026-08-12T19:04:35                       5
/opt/airflow/dags/dag_pyspark_local.py                           1           0  0.75s           2026-08-12T19:04:39                      10
/opt/airflow/dags/dag_dia.py                                     1           0  0.28s           2026-08-12T19:04:22                      12
================================================================================
[2026-08-12T19:05:20.262+0000] {manager.py:997} INFO - 
================================================================================
DAG File Processing Stats

File Path                               PID    Runtime      # DAGs    # Errors  Last Runtime    Last Run               Last # of DB Queries
--------------------------------------  -----  ---------  --------  ----------  --------------  -------------------  ----------------------
/opt/airflow/dags/dag_bronze.py                                  0           1  6.81s           2026-08-12T19:05:12                       5
/opt/airflow/dags/dag_pyspark_local.py                           1           0  0.71s           2026-08-12T19:05:10                      10
/opt/airflow/dags/dag_dia.py                                     1           0  0.53s           2026-08-12T19:04:53                      12
================================================================================
[2026-08-12T19:05:51.032+0000] {manager.py:997} INFO - 
================================================================================
DAG File Processing Stats

File Path                               PID    Runtime      # DAGs    # Errors  Last Runtime    Last Run               Last # of DB Queries
--------------------------------------  -----  ---------  --------  ----------  --------------  -------------------  ----------------------
/opt/airflow/dags/dag_bronze.py                                  0           1  7.25s           2026-08-12T19:05:50                       5
/opt/airflow/dags/dag_dia.py                                     1           0  0.67s           2026-08-12T19:05:24                      12
/opt/airflow/dags/dag_pyspark_local.py                           1           0  0.55s           2026-08-12T19:05:41                      10
================================================================================
[2026-08-12T19:06:21.214+0000] {manager.py:997} INFO - 
================================================================================
DAG File Processing Stats

File Path                                 PID  Runtime      # DAGs    # Errors  Last Runtime    Last Run               Last # of DB Queries
--------------------------------------  -----  ---------  --------  ----------  --------------  -------------------  ----------------------
/opt/airflow/dags/dag_bronze.py          2852  1.02s             0           1  7.25s           2026-08-12T19:05:50                       5
/opt/airflow/dags/dag_pyspark_local.py                           1           0  0.56s           2026-08-12T19:06:12                      10
/opt/airflow/dags/dag_dia.py                                     1           0  0.47s           2026-08-12T19:05:55                      12
================================================================================
[2026-08-12T19:06:51.236+0000] {manager.py:997} INFO - 
================================================================================
DAG File Processing Stats

File Path                               PID    Runtime      # DAGs    # Errors  Last Runtime    Last Run               Last # of DB Queries
--------------------------------------  -----  ---------  --------  ----------  --------------  -------------------  ----------------------
/opt/airflow/dags/dag_bronze.py                                  0           1  6.67s           2026-08-12T19:06:26                       5
/opt/airflow/dags/dag_dia.py                                     1           0  0.59s           2026-08-12T19:06:26                      12
/opt/airflow/dags/dag_pyspark_local.py                           1           0  0.59s           2026-08-12T19:06:42                      10
================================================================================
[2026-08-12T19:07:21.716+0000] {manager.py:997} INFO - 
================================================================================
DAG File Processing Stats

File Path                               PID    Runtime      # DAGs    # Errors  Last Runtime    Last Run               Last # of DB Queries
--------------------------------------  -----  ---------  --------  ----------  --------------  -------------------  ----------------------
/opt/airflow/dags/dag_bronze.py                                  0           1  8.01s           2026-08-12T19:07:04                       5
/opt/airflow/dags/dag_pyspark_local.py                           1           0  0.60s           2026-08-12T19:07:13                      10
/opt/airflow/dags/dag_dia.py                                     1           0  0.35s           2026-08-12T19:06:57                      12
================================================================================
[2026-08-12T19:07:52.218+0000] {manager.py:997} INFO - 
================================================================================
DAG File Processing Stats

File Path                               PID    Runtime      # DAGs    # Errors  Last Runtime    Last Run               Last # of DB Queries
--------------------------------------  -----  ---------  --------  ----------  --------------  -------------------  ----------------------
/opt/airflow/dags/dag_bronze.py                                  0           1  7.16s           2026-08-12T19:07:42                       5
/opt/airflow/dags/dag_pyspark_local.py                           1           0  0.81s           2026-08-12T19:07:45                      10
/opt/airflow/dags/dag_dia.py                                     1           0  0.25s           2026-08-12T19:07:28                      12
================================================================================
[2026-08-12T19:07:53.227+0000] {manager.py:821} INFO - Searching for files in /opt/airflow/dags
[2026-08-12T19:07:53.321+0000] {manager.py:824} INFO - There are 3 files in /opt/airflow/dags
[2026-08-12T19:08:22.948+0000] {manager.py:997} INFO - 
================================================================================
DAG File Processing Stats

File Path                               PID    Runtime      # DAGs    # Errors  Last Runtime    Last Run               Last # of DB Queries
--------------------------------------  -----  ---------  --------  ----------  --------------  -------------------  ----------------------
/opt/airflow/dags/dag_bronze.py                                  0           1  8.25s           2026-08-12T19:08:21                       5
/opt/airflow/dags/dag_pyspark_local.py                           1           0  0.79s           2026-08-12T19:08:16                      10
/opt/airflow/dags/dag_dia.py                                     1           0  0.52s           2026-08-12T19:07:58                      12
================================================================================
[2026-08-12T19:08:52.982+0000] {manager.py:997} INFO - 
================================================================================
DAG File Processing Stats

File Path                                 PID  Runtime      # DAGs    # Errors  Last Runtime    Last Run               Last # of DB Queries
--------------------------------------  -----  ---------  --------  ----------  --------------  -------------------  ----------------------
/opt/airflow/dags/dag_bronze.py          3532  1.77s             0           1  8.25s           2026-08-12T19:08:21                       5
/opt/airflow/dags/dag_pyspark_local.py                           1           0  0.72s           2026-08-12T19:08:47                      10
/opt/airflow/dags/dag_dia.py                                     1           0  0.53s           2026-08-12T19:08:29                      12
================================================================================
[2026-08-12T19:09:23.111+0000] {manager.py:997} INFO - 
================================================================================
DAG File Processing Stats

File Path                               PID    Runtime      # DAGs    # Errors  Last Runtime    Last Run               Last # of DB Queries
--------------------------------------  -----  ---------  --------  ----------  --------------  -------------------  ----------------------
/opt/airflow/dags/dag_bronze.py                                  0           1  8.49s           2026-08-12T19:08:59                       5
/opt/airflow/dags/dag_pyspark_local.py                           1           0  0.58s           2026-08-12T19:09:18                      10
/opt/airflow/dags/dag_dia.py                                     1           0  0.52s           2026-08-12T19:09:00                      12
================================================================================
[2026-08-12T19:09:53.731+0000] {manager.py:997} INFO - 
================================================================================
DAG File Processing Stats

File Path                               PID    Runtime      # DAGs    # Errors  Last Runtime    Last Run               Last # of DB Queries
--------------------------------------  -----  ---------  --------  ----------  --------------  -------------------  ----------------------
/opt/airflow/dags/dag_bronze.py                                  0           1  6.75s           2026-08-12T19:09:37                       5
/opt/airflow/dags/dag_pyspark_local.py                           1           0  0.70s           2026-08-12T19:09:48                      10
/opt/airflow/dags/dag_dia.py                                     1           0  0.28s           2026-08-12T19:09:30                      12
================================================================================
[2026-08-12T19:10:23.786+0000] {manager.py:997} INFO - 
================================================================================
DAG File Processing Stats

File Path                                 PID  Runtime      # DAGs    # Errors  Last Runtime    Last Run               Last # of DB Queries
--------------------------------------  -----  ---------  --------  ----------  --------------  -------------------  ----------------------
/opt/airflow/dags/dag_bronze.py          3870  16.49s            0           1  6.75s           2026-08-12T19:09:37                       5
/opt/airflow/dags/dag_pyspark_local.py                           1           0  1.39s           2026-08-12T19:10:20                      10
/opt/airflow/dags/dag_dia.py                                     1           0  0.57s           2026-08-12T19:10:02                      12
================================================================================
[2026-08-12T19:10:54.208+0000] {manager.py:997} INFO - 
================================================================================
DAG File Processing Stats

File Path                                 PID  Runtime      # DAGs    # Errors  Last Runtime    Last Run               Last # of DB Queries
--------------------------------------  -----  ---------  --------  ----------  --------------  -------------------  ----------------------
/opt/airflow/dags/dag_bronze.py                                  0           1  16.83s          2026-08-12T19:10:24                       5
/opt/airflow/dags/dag_dia.py                                     1           0  2.19s           2026-08-12T19:10:34                      12
/opt/airflow/dags/dag_pyspark_local.py   4045  2.78s             1           0  1.39s           2026-08-12T19:10:20                      10
================================================================================
[2026-08-12T19:11:24.339+0000] {manager.py:997} INFO - 
================================================================================
DAG File Processing Stats

File Path                                 PID  Runtime      # DAGs    # Errors  Last Runtime    Last Run               Last # of DB Queries
--------------------------------------  -----  ---------  --------  ----------  --------------  -------------------  ----------------------
/opt/airflow/dags/dag_bronze.py          4046  29.11s            0           1  16.83s          2026-08-12T19:10:24                       5
/opt/airflow/dags/dag_pyspark_local.py                           1           0  9.50s           2026-08-12T19:11:00                      10
/opt/airflow/dags/dag_dia.py                                     1           0  3.89s           2026-08-12T19:11:08                      12
================================================================================
[2026-08-12T19:11:54.772+0000] {manager.py:997} INFO - 
================================================================================
DAG File Processing Stats

File Path                               PID    Runtime      # DAGs    # Errors  Last Runtime    Last Run               Last # of DB Queries
--------------------------------------  -----  ---------  --------  ----------  --------------  -------------------  ----------------------
/opt/airflow/dags/dag_bronze.py                                  0           1  32.37s          2026-08-12T19:11:27                       5
/opt/airflow/dags/dag_pyspark_local.py                           1           0  0.94s           2026-08-12T19:11:32                      10
/opt/airflow/dags/dag_dia.py                                     1           0  0.61s           2026-08-12T19:11:39                      12
================================================================================
[2026-08-12T19:12:25.228+0000] {manager.py:997} INFO - 
================================================================================
DAG File Processing Stats

File Path                               PID    Runtime      # DAGs    # Errors  Last Runtime    Last Run               Last # of DB Queries
--------------------------------------  -----  ---------  --------  ----------  --------------  -------------------  ----------------------
/opt/airflow/dags/dag_bronze.py                                  0           1  7.03s           2026-08-12T19:12:04                       5
/opt/airflow/dags/dag_pyspark_local.py                           1           0  0.68s           2026-08-12T19:12:03                      10
/opt/airflow/dags/dag_dia.py                                     1           0  0.51s           2026-08-12T19:12:10                      12
================================================================================
[2026-08-12T19:12:53.298+0000] {manager.py:821} INFO - Searching for files in /opt/airflow/dags
[2026-08-12T19:12:53.379+0000] {manager.py:824} INFO - There are 3 files in /opt/airflow/dags
[2026-08-12T19:12:55.434+0000] {manager.py:997} INFO - 
================================================================================
DAG File Processing Stats

File Path                               PID    Runtime      # DAGs    # Errors  Last Runtime    Last Run               Last # of DB Queries
--------------------------------------  -----  ---------  --------  ----------  --------------  -------------------  ----------------------
/opt/airflow/dags/dag_bronze.py                                  0           1  8.28s           2026-08-12T19:12:43                       5
/opt/airflow/dags/dag_pyspark_local.py                           1           0  0.57s           2026-08-12T19:12:34                      10
/opt/airflow/dags/dag_dia.py                                     1           0  0.31s           2026-08-12T19:12:41                      12
================================================================================
[2026-08-12T19:13:25.487+0000] {manager.py:997} INFO - 
================================================================================
DAG File Processing Stats

File Path                               PID    Runtime      # DAGs    # Errors  Last Runtime    Last Run               Last # of DB Queries
--------------------------------------  -----  ---------  --------  ----------  --------------  -------------------  ----------------------
/opt/airflow/dags/dag_bronze.py                                  0           1  6.20s           2026-08-12T19:13:19                       5
/opt/airflow/dags/dag_pyspark_local.py                           1           0  0.55s           2026-08-12T19:13:06                      10
/opt/airflow/dags/dag_dia.py                                     1           0  0.28s           2026-08-12T19:13:11                      12
================================================================================
[2026-08-12T19:13:56.064+0000] {manager.py:997} INFO - 
================================================================================
DAG File Processing Stats

File Path                                 PID  Runtime      # DAGs    # Errors  Last Runtime    Last Run               Last # of DB Queries
--------------------------------------  -----  ---------  --------  ----------  --------------  -------------------  ----------------------
/opt/airflow/dags/dag_bronze.py          4730  6.11s             0           1  6.20s           2026-08-12T19:13:19                       5
/opt/airflow/dags/dag_pyspark_local.py                           1           0  0.52s           2026-08-12T19:13:37                      10
/opt/airflow/dags/dag_dia.py                                     1           0  0.46s           2026-08-12T19:13:42                      12
================================================================================
[2026-08-12T19:14:26.135+0000] {manager.py:997} INFO - 
================================================================================
DAG File Processing Stats

File Path                               PID    Runtime      # DAGs    # Errors  Last Runtime    Last Run               Last # of DB Queries
--------------------------------------  -----  ---------  --------  ----------  --------------  -------------------  ----------------------
/opt/airflow/dags/dag_bronze.py                                  0           1  6.34s           2026-08-12T19:13:56                       5
/opt/airflow/dags/dag_pyspark_local.py                           1           0  0.59s           2026-08-12T19:14:07                      10
/opt/airflow/dags/dag_dia.py                                     1           0  0.47s           2026-08-12T19:14:13                      12
================================================================================
[2026-08-12T19:14:56.167+0000] {manager.py:997} INFO - 
================================================================================
DAG File Processing Stats

File Path                               PID    Runtime      # DAGs    # Errors  Last Runtime    Last Run               Last # of DB Queries
--------------------------------------  -----  ---------  --------  ----------  --------------  -------------------  ----------------------
/opt/airflow/dags/dag_bronze.py                                  0           1  6.32s           2026-08-12T19:14:33                       5
/opt/airflow/dags/dag_pyspark_local.py                           1           0  0.76s           2026-08-12T19:14:39                      10
/opt/airflow/dags/dag_dia.py                                     1           0  0.60s           2026-08-12T19:14:43                      12
================================================================================
[2026-08-12T19:15:26.339+0000] {manager.py:997} INFO - 
================================================================================
DAG File Processing Stats

File Path                               PID    Runtime      # DAGs    # Errors  Last Runtime    Last Run               Last # of DB Queries
--------------------------------------  -----  ---------  --------  ----------  --------------  -------------------  ----------------------
/opt/airflow/dags/dag_bronze.py                                  0           1  7.48s           2026-08-12T19:15:11                       5
/opt/airflow/dags/dag_pyspark_local.py                           1           0  0.77s           2026-08-12T19:15:10                      10
/opt/airflow/dags/dag_dia.py                                     1           0  0.64s           2026-08-12T19:15:15                      12
================================================================================
[2026-08-12T19:15:56.439+0000] {manager.py:997} INFO - 
================================================================================
DAG File Processing Stats

File Path                               PID    Runtime      # DAGs    # Errors  Last Runtime    Last Run               Last # of DB Queries
--------------------------------------  -----  ---------  --------  ----------  --------------  -------------------  ----------------------
/opt/airflow/dags/dag_bronze.py                                  0           1  6.67s           2026-08-12T19:15:48                       5
/opt/airflow/dags/dag_pyspark_local.py                           1           0  0.33s           2026-08-12T19:15:41                      10
/opt/airflow/dags/dag_dia.py                                     1           0  0.32s           2026-08-12T19:15:45                      12
================================================================================
[2026-08-12T19:16:26.511+0000] {manager.py:997} INFO - 
================================================================================
DAG File Processing Stats

File Path                                 PID  Runtime      # DAGs    # Errors  Last Runtime    Last Run               Last # of DB Queries
--------------------------------------  -----  ---------  --------  ----------  --------------  -------------------  ----------------------
/opt/airflow/dags/dag_bronze.py          5404  7.13s             0           1  6.67s           2026-08-12T19:15:48                       5
/opt/airflow/dags/dag_pyspark_local.py                           1           0  0.55s           2026-08-12T19:16:12                      10
/opt/airflow/dags/dag_dia.py                                     1           0  0.23s           2026-08-12T19:16:16                      12
================================================================================
[2026-08-12T19:16:56.937+0000] {manager.py:997} INFO - 
================================================================================
DAG File Processing Stats

File Path                               PID    Runtime      # DAGs    # Errors  Last Runtime    Last Run               Last # of DB Queries
--------------------------------------  -----  ---------  --------  ----------  --------------  -------------------  ----------------------
/opt/airflow/dags/dag_bronze.py                                  0           1  7.66s           2026-08-12T19:16:27                       5
/opt/airflow/dags/dag_dia.py                                     1           0  0.38s           2026-08-12T19:16:46                      12
/opt/airflow/dags/dag_pyspark_local.py                           1           0  0.31s           2026-08-12T19:16:42                      10
================================================================================
[2026-08-12T19:17:27.133+0000] {manager.py:997} INFO - 
================================================================================
DAG File Processing Stats

File Path                               PID    Runtime      # DAGs    # Errors  Last Runtime    Last Run               Last # of DB Queries
--------------------------------------  -----  ---------  --------  ----------  --------------  -------------------  ----------------------
/opt/airflow/dags/dag_bronze.py                                  0           1  9.34s           2026-08-12T19:17:06                       5
/opt/airflow/dags/dag_pyspark_local.py                           1           0  0.43s           2026-08-12T19:17:13                      10
/opt/airflow/dags/dag_dia.py                                     1           0  0.28s           2026-08-12T19:17:17                      12
================================================================================
[2026-08-12T19:17:54.081+0000] {manager.py:821} INFO - Searching for files in /opt/airflow/dags
[2026-08-12T19:17:54.224+0000] {manager.py:824} INFO - There are 3 files in /opt/airflow/dags
[2026-08-12T19:17:57.300+0000] {manager.py:997} INFO - 
================================================================================
DAG File Processing Stats

File Path                               PID    Runtime      # DAGs    # Errors  Last Runtime    Last Run               Last # of DB Queries
--------------------------------------  -----  ---------  --------  ----------  --------------  -------------------  ----------------------
/opt/airflow/dags/dag_bronze.py                                  0           1  8.27s           2026-08-12T19:17:44                       5
/opt/airflow/dags/dag_pyspark_local.py                           1           0  0.51s           2026-08-12T19:17:44                      10
/opt/airflow/dags/dag_dia.py                                     1           0  0.28s           2026-08-12T19:17:48                      12
================================================================================
[2026-08-12T19:18:28.150+0000] {manager.py:997} INFO - 
================================================================================
DAG File Processing Stats

File Path                               PID    Runtime      # DAGs    # Errors  Last Runtime    Last Run               Last # of DB Queries
--------------------------------------  -----  ---------  --------  ----------  --------------  -------------------  ----------------------
/opt/airflow/dags/dag_bronze.py                                  0           1  6.59s           2026-08-12T19:18:22                       5
/opt/airflow/dags/dag_pyspark_local.py                           1           0  0.35s           2026-08-12T19:18:15                      10
/opt/airflow/dags/dag_dia.py                                     1           0  0.33s           2026-08-12T19:18:19                      12
================================================================================
[2026-08-12T19:18:58.940+0000] {manager.py:997} INFO - 
================================================================================
DAG File Processing Stats

File Path                                 PID  Runtime      # DAGs    # Errors  Last Runtime    Last Run               Last # of DB Queries
--------------------------------------  -----  ---------  --------  ----------  --------------  -------------------  ----------------------
/opt/airflow/dags/dag_bronze.py          6081  6.12s             0           1  6.59s           2026-08-12T19:18:22                       5
/opt/airflow/dags/dag_pyspark_local.py                           1           0  0.27s           2026-08-12T19:18:46                      10
/opt/airflow/dags/dag_dia.py                                     1           0  0.23s           2026-08-12T19:18:49                      12
================================================================================
[2026-08-12T19:19:29.460+0000] {manager.py:997} INFO - 
================================================================================
DAG File Processing Stats

File Path                               PID    Runtime      # DAGs    # Errors  Last Runtime    Last Run               Last # of DB Queries
--------------------------------------  -----  ---------  --------  ----------  --------------  -------------------  ----------------------
/opt/airflow/dags/dag_bronze.py                                  0           1  7.83s           2026-08-12T19:19:00                       5
/opt/airflow/dags/dag_pyspark_local.py                           1           0  0.65s           2026-08-12T19:19:17                      10
/opt/airflow/dags/dag_dia.py                                     1           0  0.34s           2026-08-12T19:19:20                      12
================================================================================
[2026-08-12T19:19:59.474+0000] {manager.py:997} INFO - 
================================================================================
DAG File Processing Stats

File Path                               PID    Runtime      # DAGs    # Errors  Last Runtime    Last Run               Last # of DB Queries
--------------------------------------  -----  ---------  --------  ----------  --------------  -------------------  ----------------------
/opt/airflow/dags/dag_bronze.py                                  0           1  6.33s           2026-08-12T19:19:37                       5
/opt/airflow/dags/dag_pyspark_local.py                           1           0  0.23s           2026-08-12T19:19:48                      10
/opt/airflow/dags/dag_dia.py                                     1           0  0.18s           2026-08-12T19:19:51                      12
================================================================================
[2026-08-12T19:20:29.543+0000] {manager.py:997} INFO - 
================================================================================
DAG File Processing Stats

File Path                               PID    Runtime      # DAGs    # Errors  Last Runtime    Last Run               Last # of DB Queries
--------------------------------------  -----  ---------  --------  ----------  --------------  -------------------  ----------------------
/opt/airflow/dags/dag_bronze.py                                  0           1  9.29s           2026-08-12T19:20:16                       5
/opt/airflow/dags/dag_pyspark_local.py                           1           0  1.14s           2026-08-12T19:20:20                      10
/opt/airflow/dags/dag_dia.py                                     1           0  1.02s           2026-08-12T19:20:22                      12
================================================================================
[2026-08-12T19:20:59.654+0000] {manager.py:997} INFO - 
================================================================================
DAG File Processing Stats

File Path                               PID    Runtime      # DAGs    # Errors  Last Runtime    Last Run               Last # of DB Queries
--------------------------------------  -----  ---------  --------  ----------  --------------  -------------------  ----------------------
/opt/airflow/dags/dag_bronze.py                                  0           1  10.83s          2026-08-12T19:20:57                       5
/opt/airflow/dags/dag_pyspark_local.py                           1           0  0.66s           2026-08-12T19:20:51                      10
/opt/airflow/dags/dag_dia.py                                     1           0  0.59s           2026-08-12T19:20:53                      12
================================================================================
[2026-08-12T19:21:29.723+0000] {manager.py:997} INFO - 
================================================================================
DAG File Processing Stats

File Path                                 PID  Runtime      # DAGs    # Errors  Last Runtime    Last Run               Last # of DB Queries
--------------------------------------  -----  ---------  --------  ----------  --------------  -------------------  ----------------------
/opt/airflow/dags/dag_bronze.py          6760  2.07s             0           1  10.83s          2026-08-12T19:20:57                       5
/opt/airflow/dags/dag_dia.py                                     1           0  0.52s           2026-08-12T19:21:24                      12
/opt/airflow/dags/dag_pyspark_local.py                           1           0  0.43s           2026-08-12T19:21:22                      10
================================================================================
[2026-08-12T19:21:59.778+0000] {manager.py:997} INFO - 
================================================================================
DAG File Processing Stats

File Path                               PID    Runtime      # DAGs    # Errors  Last Runtime    Last Run               Last # of DB Queries
--------------------------------------  -----  ---------  --------  ----------  --------------  -------------------  ----------------------
/opt/airflow/dags/dag_bronze.py                                  0           1  9.82s           2026-08-12T19:21:37                       5
/opt/airflow/dags/dag_pyspark_local.py                           1           0  0.19s           2026-08-12T19:21:52                      10
/opt/airflow/dags/dag_dia.py                                     1           0  0.18s           2026-08-12T19:21:54                      12
================================================================================
[2026-08-12T19:22:29.780+0000] {manager.py:997} INFO - 
================================================================================
DAG File Processing Stats

File Path                               PID    Runtime      # DAGs    # Errors  Last Runtime    Last Run               Last # of DB Queries
--------------------------------------  -----  ---------  --------  ----------  --------------  -------------------  ----------------------
/opt/airflow/dags/dag_bronze.py                                  0           1  13.73s          2026-08-12T19:22:21                       5
/opt/airflow/dags/dag_pyspark_local.py                           1           0  0.30s           2026-08-12T19:22:23                      10
/opt/airflow/dags/dag_dia.py                                     1           0  0.15s           2026-08-12T19:22:25                      12
================================================================================
[2026-08-12T19:22:54.124+0000] {manager.py:821} INFO - Searching for files in /opt/airflow/dags
[2026-08-12T19:22:54.369+0000] {manager.py:824} INFO - There are 3 files in /opt/airflow/dags
[2026-08-12T19:23:00.244+0000] {manager.py:997} INFO - 
================================================================================
DAG File Processing Stats

File Path                                 PID  Runtime      # DAGs    # Errors  Last Runtime    Last Run               Last # of DB Queries
--------------------------------------  -----  ---------  --------  ----------  --------------  -------------------  ----------------------
/opt/airflow/dags/dag_bronze.py          7100  8.15s             0           1  13.73s          2026-08-12T19:22:21                       5
/opt/airflow/dags/dag_pyspark_local.py                           1           0  1.12s           2026-08-12T19:22:55                      10
/opt/airflow/dags/dag_dia.py                                     1           0  0.52s           2026-08-12T19:22:57                      12
================================================================================
[2026-08-12T19:23:30.600+0000] {manager.py:997} INFO - 
================================================================================
DAG File Processing Stats

File Path                               PID    Runtime      # DAGs    # Errors  Last Runtime    Last Run               Last # of DB Queries
--------------------------------------  -----  ---------  --------  ----------  --------------  -------------------  ----------------------
/opt/airflow/dags/dag_bronze.py                                  0           1  11.23s          2026-08-12T19:23:03                       5
/opt/airflow/dags/dag_pyspark_local.py                           1           0  1.23s           2026-08-12T19:23:27                      10
/opt/airflow/dags/dag_dia.py                                     1           0  0.54s           2026-08-12T19:23:28                      12
================================================================================
[2026-08-12T19:24:01.264+0000] {manager.py:997} INFO - 
================================================================================
DAG File Processing Stats

File Path                               PID    Runtime      # DAGs    # Errors  Last Runtime    Last Run               Last # of DB Queries
--------------------------------------  -----  ---------  --------  ----------  --------------  -------------------  ----------------------
/opt/airflow/dags/dag_bronze.py                                  0           1  9.10s           2026-08-12T19:23:42                       5
/opt/airflow/dags/dag_pyspark_local.py                           1           0  0.50s           2026-08-12T19:23:58                      10
/opt/airflow/dags/dag_dia.py                                     1           0  0.32s           2026-08-12T19:23:59                      12
================================================================================
[2026-08-12T19:24:31.512+0000] {manager.py:997} INFO - 
================================================================================
DAG File Processing Stats

File Path                               PID    Runtime      # DAGs    # Errors  Last Runtime    Last Run               Last # of DB Queries
--------------------------------------  -----  ---------  --------  ----------  --------------  -------------------  ----------------------
/opt/airflow/dags/dag_bronze.py                                  0           1  13.80s          2026-08-12T19:24:27                       5
/opt/airflow/dags/dag_pyspark_local.py                           1           0  0.33s           2026-08-12T19:24:28                      10
/opt/airflow/dags/dag_dia.py                                     1           0  0.26s           2026-08-12T19:24:29                      12
================================================================================
[2026-08-12T19:25:01.553+0000] {manager.py:997} INFO - 
================================================================================
DAG File Processing Stats

File Path                                 PID  Runtime      # DAGs    # Errors  Last Runtime    Last Run               Last # of DB Queries
--------------------------------------  -----  ---------  --------  ----------  --------------  -------------------  ----------------------
/opt/airflow/dags/dag_bronze.py          7620  3.68s             0           1  13.80s          2026-08-12T19:24:27                       5
/opt/airflow/dags/dag_pyspark_local.py                           1           0  0.45s           2026-08-12T19:24:59                      10
/opt/airflow/dags/dag_dia.py                                     1           0  0.35s           2026-08-12T19:25:00                      12
================================================================================
[2026-08-12T19:25:32.275+0000] {manager.py:997} INFO - 
================================================================================
DAG File Processing Stats

File Path                               PID    Runtime      # DAGs    # Errors  Last Runtime    Last Run               Last # of DB Queries
--------------------------------------  -----  ---------  --------  ----------  --------------  -------------------  ----------------------
/opt/airflow/dags/dag_bronze.py                                  0           1  7.85s           2026-08-12T19:25:05                       5
/opt/airflow/dags/dag_pyspark_local.py                           1           0  0.26s           2026-08-12T19:25:30                      10
/opt/airflow/dags/dag_dia.py                                     1           0  0.23s           2026-08-12T19:25:31                      12
================================================================================
[2026-08-12T19:26:02.838+0000] {manager.py:997} INFO - 
================================================================================
DAG File Processing Stats

File Path                               PID    Runtime      # DAGs    # Errors  Last Runtime    Last Run               Last # of DB Queries
--------------------------------------  -----  ---------  --------  ----------  --------------  -------------------  ----------------------
/opt/airflow/dags/dag_bronze.py                                  0           1  9.60s           2026-08-12T19:25:45                       5
/opt/airflow/dags/dag_pyspark_local.py                           1           0  0.27s           2026-08-12T19:26:01                      10
/opt/airflow/dags/dag_dia.py                                     1           0  0.18s           2026-08-12T19:26:02                      12
================================================================================
[2026-08-12T19:26:33.588+0000] {manager.py:997} INFO - 
================================================================================
DAG File Processing Stats

File Path                               PID    Runtime      # DAGs    # Errors  Last Runtime    Last Run               Last # of DB Queries
--------------------------------------  -----  ---------  --------  ----------  --------------  -------------------  ----------------------
/opt/airflow/dags/dag_bronze.py                                  0           1  10.81s          2026-08-12T19:26:26                       5
/opt/airflow/dags/dag_pyspark_local.py                           1           0  0.41s           2026-08-12T19:26:31                      10
/opt/airflow/dags/dag_dia.py                                     1           0  0.18s           2026-08-12T19:26:32                      12
================================================================================
[2026-08-12T19:27:03.634+0000] {manager.py:997} INFO - 
================================================================================
DAG File Processing Stats

File Path                                 PID  Runtime      # DAGs    # Errors  Last Runtime    Last Run               Last # of DB Queries
--------------------------------------  -----  ---------  --------  ----------  --------------  -------------------  ----------------------
/opt/airflow/dags/dag_bronze.py          8130  6.72s             0           1  10.81s          2026-08-12T19:26:26                       5
/opt/airflow/dags/dag_pyspark_local.py                           1           0  0.66s           2026-08-12T19:27:02                      10
/opt/airflow/dags/dag_dia.py                                     1           0  0.37s           2026-08-12T19:27:03                      12
================================================================================
[2026-08-12T19:27:34.258+0000] {manager.py:997} INFO - 
================================================================================
DAG File Processing Stats

File Path                                 PID  Runtime      # DAGs    # Errors  Last Runtime    Last Run               Last # of DB Queries
--------------------------------------  -----  ---------  --------  ----------  --------------  -------------------  ----------------------
/opt/airflow/dags/dag_bronze.py                                  0           1  10.96s          2026-08-12T19:27:07                       5
/opt/airflow/dags/dag_pyspark_local.py                           1           0  0.40s           2026-08-12T19:27:33                      10
/opt/airflow/dags/dag_dia.py             8299  0.01s             1           0  0.37s           2026-08-12T19:27:03                      12
================================================================================
[2026-08-12T19:27:54.559+0000] {manager.py:821} INFO - Searching for files in /opt/airflow/dags
[2026-08-12T19:27:55.008+0000] {manager.py:824} INFO - There are 3 files in /opt/airflow/dags
[2026-08-12T19:28:04.626+0000] {manager.py:997} INFO - 
================================================================================
DAG File Processing Stats

File Path                                 PID  Runtime      # DAGs    # Errors  Last Runtime    Last Run               Last # of DB Queries
--------------------------------------  -----  ---------  --------  ----------  --------------  -------------------  ----------------------
/opt/airflow/dags/dag_bronze.py                                  0           1  9.13s           2026-08-12T19:27:47                       5
/opt/airflow/dags/dag_pyspark_local.py                           1           0  0.42s           2026-08-12T19:28:04                      10
/opt/airflow/dags/dag_dia.py             8468  0.01s             1           0  0.24s           2026-08-12T19:27:34                      12
================================================================================
[2026-08-12T19:28:35.139+0000] {manager.py:997} INFO - 
================================================================================
DAG File Processing Stats

File Path                                 PID  Runtime      # DAGs    # Errors  Last Runtime    Last Run               Last # of DB Queries
--------------------------------------  -----  ---------  --------  ----------  --------------  -------------------  ----------------------
/opt/airflow/dags/dag_pyspark_local.py   8477  0.05s             1           0  0.42s           2026-08-12T19:28:04                      10
/opt/airflow/dags/dag_dia.py             8478  0.01s             1           0  0.32s           2026-08-12T19:28:04                      12
/opt/airflow/dags/dag_bronze.py                                  0           1  0.09s           2026-08-12T19:28:17                       5
================================================================================
[2026-08-12T19:29:05.984+0000] {manager.py:997} INFO - 
================================================================================
DAG File Processing Stats

File Path                                 PID  Runtime      # DAGs    # Errors  Last Runtime    Last Run               Last # of DB Queries
--------------------------------------  -----  ---------  --------  ----------  --------------  -------------------  ----------------------
/opt/airflow/dags/dag_pyspark_local.py   8487  0.03s             1           0  0.62s           2026-08-12T19:28:35                      10
/opt/airflow/dags/dag_dia.py             8488  0.01s             1           0  0.40s           2026-08-12T19:28:35                      12
/opt/airflow/dags/dag_bronze.py                                  0           1  0.12s           2026-08-12T19:28:48                       5
================================================================================
[2026-08-12T19:29:36.783+0000] {manager.py:997} INFO - 
================================================================================
DAG File Processing Stats

File Path                                 PID  Runtime      # DAGs    # Errors  Last Runtime    Last Run               Last # of DB Queries
--------------------------------------  -----  ---------  --------  ----------  --------------  -------------------  ----------------------
/opt/airflow/dags/dag_pyspark_local.py   8497  0.02s             1           0  0.40s           2026-08-12T19:29:06                      10
/opt/airflow/dags/dag_dia.py             8498  0.00s             1           0  0.27s           2026-08-12T19:29:06                      12
/opt/airflow/dags/dag_bronze.py                                  0           1  0.17s           2026-08-12T19:29:19                       5
================================================================================
[2026-08-12T19:30:07.497+0000] {manager.py:997} INFO - 
================================================================================
DAG File Processing Stats

File Path                                 PID  Runtime      # DAGs    # Errors  Last Runtime    Last Run               Last # of DB Queries
--------------------------------------  -----  ---------  --------  ----------  --------------  -------------------  ----------------------
/opt/airflow/dags/dag_pyspark_local.py   8508  0.04s             1           0  0.24s           2026-08-12T19:29:37                      10
/opt/airflow/dags/dag_dia.py             8509  0.01s             1           0  0.17s           2026-08-12T19:29:36                      12
/opt/airflow/dags/dag_bronze.py                                  0           1  0.14s           2026-08-12T19:29:50                       5
================================================================================
[2026-08-12T19:30:37.717+0000] {manager.py:997} INFO - 
================================================================================
DAG File Processing Stats

File Path                               PID    Runtime      # DAGs    # Errors  Last Runtime    Last Run               Last # of DB Queries
--------------------------------------  -----  ---------  --------  ----------  --------------  -------------------  ----------------------
/opt/airflow/dags/dag_bronze.py                                  0           1  0.56s           2026-08-12T19:30:21                       5
/opt/airflow/dags/dag_pyspark_local.py                           1           0  0.46s           2026-08-12T19:30:07                      10
/opt/airflow/dags/dag_dia.py                                     1           0  0.35s           2026-08-12T19:30:07                      12
================================================================================
[2026-08-12T19:31:07.774+0000] {manager.py:997} INFO - 
================================================================================
DAG File Processing Stats

File Path                               PID    Runtime      # DAGs    # Errors  Last Runtime    Last Run               Last # of DB Queries
--------------------------------------  -----  ---------  --------  ----------  --------------  -------------------  ----------------------
/opt/airflow/dags/dag_pyspark_local.py                           1           0  0.27s           2026-08-12T19:30:38                      10
/opt/airflow/dags/dag_dia.py                                     1           0  0.19s           2026-08-12T19:30:38                      12
/opt/airflow/dags/dag_bronze.py                                  0           1  0.13s           2026-08-12T19:30:52                       5
================================================================================
[2026-08-12T19:31:37.863+0000] {manager.py:997} INFO - 
================================================================================
DAG File Processing Stats

File Path                               PID    Runtime      # DAGs    # Errors  Last Runtime    Last Run               Last # of DB Queries
--------------------------------------  -----  ---------  --------  ----------  --------------  -------------------  ----------------------
/opt/airflow/dags/dag_pyspark_local.py                           1           0  0.35s           2026-08-12T19:31:09                      10
/opt/airflow/dags/dag_bronze.py                                  0           1  0.30s           2026-08-12T19:31:23                       5
/opt/airflow/dags/dag_dia.py                                     1           0  0.23s           2026-08-12T19:31:09                      12
================================================================================
[2026-08-12T19:32:07.973+0000] {manager.py:997} INFO - 
================================================================================
DAG File Processing Stats

File Path                               PID    Runtime      # DAGs    # Errors  Last Runtime    Last Run               Last # of DB Queries
--------------------------------------  -----  ---------  --------  ----------  --------------  -------------------  ----------------------
/opt/airflow/dags/dag_pyspark_local.py                           1           0  0.76s           2026-08-12T19:31:40                      10
/opt/airflow/dags/dag_dia.py                                     1           0  0.57s           2026-08-12T19:31:40                      12
/opt/airflow/dags/dag_bronze.py                                  0           1  0.13s           2026-08-12T19:31:53                       5
================================================================================
[2026-08-12T19:32:38.227+0000] {manager.py:997} INFO - 
================================================================================
DAG File Processing Stats

File Path                               PID    Runtime      # DAGs    # Errors  Last Runtime    Last Run               Last # of DB Queries
--------------------------------------  -----  ---------  --------  ----------  --------------  -------------------  ----------------------
/opt/airflow/dags/dag_pyspark_local.py                           1           0  0.87s           2026-08-12T19:32:11                      10
/opt/airflow/dags/dag_dia.py                                     1           0  0.58s           2026-08-12T19:32:11                      12
/opt/airflow/dags/dag_bronze.py                                  0           1  0.33s           2026-08-12T19:32:24                       5
================================================================================
[2026-08-12T19:32:54.746+0000] {manager.py:821} INFO - Searching for files in /opt/airflow/dags
[2026-08-12T19:32:54.999+0000] {manager.py:824} INFO - There are 4 files in /opt/airflow/dags
[2026-08-12T19:33:08.448+0000] {manager.py:997} INFO - 
================================================================================
DAG File Processing Stats

File Path                                    PID    Runtime      # DAGs    # Errors  Last Runtime    Last Run               Last # of DB Queries
-------------------------------------------  -----  ---------  --------  ----------  --------------  -------------------  ----------------------
/opt/airflow/dags/dag_lakehouse_pipeline.py                           1           0  0.56s           2026-08-12T19:32:55                      24
/opt/airflow/dags/dag_pyspark_local.py                                1           0  0.37s           2026-08-12T19:32:42                      10
/opt/airflow/dags/dag_dia.py                                          1           0  0.27s           2026-08-12T19:32:42                      12
/opt/airflow/dags/dag_bronze.py                                       0           1  0.14s           2026-08-12T19:32:55                       5
================================================================================
[2026-08-12T19:33:38.703+0000] {manager.py:997} INFO - 
================================================================================
DAG File Processing Stats

File Path                                    PID    Runtime      # DAGs    # Errors  Last Runtime    Last Run               Last # of DB Queries
-------------------------------------------  -----  ---------  --------  ----------  --------------  -------------------  ----------------------
/opt/airflow/dags/dag_pyspark_local.py                                1           0  0.29s           2026-08-12T19:33:13                      10
/opt/airflow/dags/dag_lakehouse_pipeline.py                           1           0  0.24s           2026-08-12T19:33:26                      10
/opt/airflow/dags/dag_dia.py                                          1           0  0.19s           2026-08-12T19:33:13                      12
/opt/airflow/dags/dag_bronze.py                                       0           1  0.16s           2026-08-12T19:33:25                       5
================================================================================
[2026-08-12T19:34:08.739+0000] {manager.py:997} INFO - 
================================================================================
DAG File Processing Stats

File Path                                    PID    Runtime      # DAGs    # Errors  Last Runtime    Last Run               Last # of DB Queries
-------------------------------------------  -----  ---------  --------  ----------  --------------  -------------------  ----------------------
/opt/airflow/dags/dag_pyspark_local.py                                1           0  0.27s           2026-08-12T19:33:44                      10
/opt/airflow/dags/dag_lakehouse_pipeline.py                           1           0  0.24s           2026-08-12T19:33:57                      10
/opt/airflow/dags/dag_dia.py                                          1           0  0.20s           2026-08-12T19:33:43                      12
/opt/airflow/dags/dag_bronze.py                                       0           1  0.17s           2026-08-12T19:33:56                       5
================================================================================
[2026-08-12T19:34:39.610+0000] {manager.py:997} INFO - 
================================================================================
DAG File Processing Stats

File Path                                    PID    Runtime      # DAGs    # Errors  Last Runtime    Last Run               Last # of DB Queries
-------------------------------------------  -----  ---------  --------  ----------  --------------  -------------------  ----------------------
/opt/airflow/dags/dag_pyspark_local.py                                1           0  0.33s           2026-08-12T19:34:15                      10
/opt/airflow/dags/dag_dia.py                                          1           0  0.27s           2026-08-12T19:34:15                      12
/opt/airflow/dags/dag_lakehouse_pipeline.py                           1           0  0.23s           2026-08-12T19:34:28                      10
/opt/airflow/dags/dag_bronze.py                                       0           1  0.14s           2026-08-12T19:34:27                       5
================================================================================
[2026-08-12T19:35:09.627+0000] {manager.py:997} INFO - 
================================================================================
DAG File Processing Stats

File Path                                    PID    Runtime      # DAGs    # Errors  Last Runtime    Last Run               Last # of DB Queries
-------------------------------------------  -----  ---------  --------  ----------  --------------  -------------------  ----------------------
/opt/airflow/dags/dag_pyspark_local.py                                1           0  0.34s           2026-08-12T19:34:46                      10
/opt/airflow/dags/dag_dia.py                                          1           0  0.23s           2026-08-12T19:34:45                      12
/opt/airflow/dags/dag_lakehouse_pipeline.py                           1           0  0.20s           2026-08-12T19:34:59                      10
/opt/airflow/dags/dag_bronze.py                                       0           1  0.17s           2026-08-12T19:34:58                       5
================================================================================
[2026-08-12T19:35:39.745+0000] {manager.py:997} INFO - 
================================================================================
DAG File Processing Stats

File Path                                    PID    Runtime      # DAGs    # Errors  Last Runtime    Last Run               Last # of DB Queries
-------------------------------------------  -----  ---------  --------  ----------  --------------  -------------------  ----------------------
/opt/airflow/dags/dag_pyspark_local.py                                1           0  0.51s           2026-08-12T19:35:17                      10
/opt/airflow/dags/dag_dia.py                                          1           0  0.35s           2026-08-12T19:35:17                      12
/opt/airflow/dags/dag_lakehouse_pipeline.py                           1           0  0.20s           2026-08-12T19:35:30                      10
/opt/airflow/dags/dag_bronze.py                                       0           1  0.12s           2026-08-12T19:35:29                       5
================================================================================
[2026-08-12T19:36:10.456+0000] {manager.py:997} INFO - 
================================================================================
DAG File Processing Stats

File Path                                    PID    Runtime      # DAGs    # Errors  Last Runtime    Last Run               Last # of DB Queries
-------------------------------------------  -----  ---------  --------  ----------  --------------  -------------------  ----------------------
/opt/airflow/dags/dag_pyspark_local.py                                1           0  0.36s           2026-08-12T19:35:48                      10
/opt/airflow/dags/dag_dia.py                                          1           0  0.24s           2026-08-12T19:35:47                      12
/opt/airflow/dags/dag_lakehouse_pipeline.py                           1           0  0.22s           2026-08-12T19:36:01                      10
/opt/airflow/dags/dag_bronze.py                                       0           1  0.12s           2026-08-12T19:36:00                       5
================================================================================
[2026-08-12T19:36:40.683+0000] {manager.py:997} INFO - 
================================================================================
DAG File Processing Stats

File Path                                    PID    Runtime      # DAGs    # Errors  Last Runtime    Last Run               Last # of DB Queries
-------------------------------------------  -----  ---------  --------  ----------  --------------  -------------------  ----------------------
/opt/airflow/dags/dag_pyspark_local.py                                1           0  0.42s           2026-08-12T19:36:19                      10
/opt/airflow/dags/dag_dia.py                                          1           0  0.27s           2026-08-12T19:36:18                      12
/opt/airflow/dags/dag_lakehouse_pipeline.py                           1           0  0.26s           2026-08-12T19:36:32                      10
/opt/airflow/dags/dag_bronze.py                                       0           1  0.12s           2026-08-12T19:36:31                       5
================================================================================
[2026-08-12T19:37:11.458+0000] {manager.py:997} INFO - 
================================================================================
DAG File Processing Stats

File Path                                    PID    Runtime      # DAGs    # Errors  Last Runtime    Last Run               Last # of DB Queries
-------------------------------------------  -----  ---------  --------  ----------  --------------  -------------------  ----------------------
/opt/airflow/dags/dag_pyspark_local.py                                1           0  0.39s           2026-08-12T19:36:49                      10
/opt/airflow/dags/dag_dia.py                                          1           0  0.28s           2026-08-12T19:36:49                      12
/opt/airflow/dags/dag_lakehouse_pipeline.py                           1           0  0.26s           2026-08-12T19:37:03                      10
/opt/airflow/dags/dag_bronze.py                                       0           1  0.18s           2026-08-12T19:37:02                       5
================================================================================
[2026-08-12T19:37:41.548+0000] {manager.py:997} INFO - 
================================================================================
DAG File Processing Stats

File Path                                    PID    Runtime      # DAGs    # Errors  Last Runtime    Last Run               Last # of DB Queries
-------------------------------------------  -----  ---------  --------  ----------  --------------  -------------------  ----------------------
/opt/airflow/dags/dag_pyspark_local.py                                1           0  0.33s           2026-08-12T19:37:20                      10
/opt/airflow/dags/dag_lakehouse_pipeline.py                           1           0  0.26s           2026-08-12T19:37:34                      10
/opt/airflow/dags/dag_dia.py                                          1           0  0.21s           2026-08-12T19:37:20                      12
/opt/airflow/dags/dag_bronze.py                                       0           1  0.15s           2026-08-12T19:37:33                       5
================================================================================
[2026-08-12T19:37:54.846+0000] {manager.py:821} INFO - Searching for files in /opt/airflow/dags
[2026-08-12T19:37:55.117+0000] {manager.py:824} INFO - There are 4 files in /opt/airflow/dags
[2026-08-12T19:38:11.609+0000] {manager.py:997} INFO - 
================================================================================
DAG File Processing Stats

File Path                                    PID    Runtime      # DAGs    # Errors  Last Runtime    Last Run               Last # of DB Queries
-------------------------------------------  -----  ---------  --------  ----------  --------------  -------------------  ----------------------
/opt/airflow/dags/dag_pyspark_local.py                                1           0  0.31s           2026-08-12T19:37:51                      10
/opt/airflow/dags/dag_lakehouse_pipeline.py                           1           0  0.30s           2026-08-12T19:38:04                      10
/opt/airflow/dags/dag_dia.py                                          1           0  0.23s           2026-08-12T19:37:51                      12
/opt/airflow/dags/dag_bronze.py                                       0           1  0.14s           2026-08-12T19:38:03                       5
================================================================================
[2026-08-12T19:38:41.953+0000] {manager.py:997} INFO - 
================================================================================
DAG File Processing Stats

File Path                                    PID    Runtime      # DAGs    # Errors  Last Runtime    Last Run               Last # of DB Queries
-------------------------------------------  -----  ---------  --------  ----------  --------------  -------------------  ----------------------
/opt/airflow/dags/dag_pyspark_local.py                                1           0  0.42s           2026-08-12T19:38:22                      10
/opt/airflow/dags/dag_dia.py                                          1           0  0.27s           2026-08-12T19:38:22                      12
/opt/airflow/dags/dag_lakehouse_pipeline.py                           1           0  0.24s           2026-08-12T19:38:35                      10
/opt/airflow/dags/dag_bronze.py                                       0           1  0.20s           2026-08-12T19:38:33                       5
================================================================================
[2026-08-12T19:39:11.975+0000] {manager.py:997} INFO - 
================================================================================
DAG File Processing Stats

File Path                                    PID    Runtime      # DAGs    # Errors  Last Runtime    Last Run               Last # of DB Queries
-------------------------------------------  -----  ---------  --------  ----------  --------------  -------------------  ----------------------
/opt/airflow/dags/dag_pyspark_local.py                                1           0  0.33s           2026-08-12T19:38:53                      10
/opt/airflow/dags/dag_dia.py                                          1           0  0.23s           2026-08-12T19:38:53                      12
/opt/airflow/dags/dag_lakehouse_pipeline.py                           1           0  0.17s           2026-08-12T19:39:05                      10
/opt/airflow/dags/dag_bronze.py                                       0           1  0.13s           2026-08-12T19:39:04                       5
================================================================================
[2026-08-12T19:39:42.595+0000] {manager.py:997} INFO - 
================================================================================
DAG File Processing Stats

File Path                                    PID    Runtime      # DAGs    # Errors  Last Runtime    Last Run               Last # of DB Queries
-------------------------------------------  -----  ---------  --------  ----------  --------------  -------------------  ----------------------
/opt/airflow/dags/dag_pyspark_local.py                                1           0  0.24s           2026-08-12T19:39:24                      10
/opt/airflow/dags/dag_dia.py                                          1           0  0.18s           2026-08-12T19:39:24                      12
/opt/airflow/dags/dag_lakehouse_pipeline.py                           1           0  0.18s           2026-08-12T19:39:36                      10
/opt/airflow/dags/dag_bronze.py                                       0           1  0.12s           2026-08-12T19:39:35                       5
================================================================================
[2026-08-12T19:40:13.423+0000] {manager.py:997} INFO - 
================================================================================
DAG File Processing Stats

File Path                                    PID    Runtime      # DAGs    # Errors  Last Runtime    Last Run               Last # of DB Queries
-------------------------------------------  -----  ---------  --------  ----------  --------------  -------------------  ----------------------
/opt/airflow/dags/dag_pyspark_local.py                                1           0  0.35s           2026-08-12T19:39:55                      10
/opt/airflow/dags/dag_dia.py                                          1           0  0.27s           2026-08-12T19:39:55                      12
/opt/airflow/dags/dag_lakehouse_pipeline.py                           1           0  0.14s           2026-08-12T19:40:07                      10
/opt/airflow/dags/dag_bronze.py                                       0           1  0.09s           2026-08-12T19:40:06                       5
================================================================================
[2026-08-12T19:40:43.647+0000] {manager.py:997} INFO - 
================================================================================
DAG File Processing Stats

File Path                                    PID    Runtime      # DAGs    # Errors  Last Runtime    Last Run               Last # of DB Queries
-------------------------------------------  -----  ---------  --------  ----------  --------------  -------------------  ----------------------
/opt/airflow/dags/dag_pyspark_local.py                                1           0  0.81s           2026-08-12T19:40:26                      10
/opt/airflow/dags/dag_dia.py                                          1           0  0.57s           2026-08-12T19:40:26                      12
/opt/airflow/dags/dag_lakehouse_pipeline.py                           1           0  0.18s           2026-08-12T19:40:37                      10
/opt/airflow/dags/dag_bronze.py                                       0           1  0.10s           2026-08-12T19:40:36                       5
================================================================================
[2026-08-12T19:41:13.670+0000] {manager.py:997} INFO - 
================================================================================
DAG File Processing Stats

File Path                                    PID    Runtime      # DAGs    # Errors  Last Runtime    Last Run               Last # of DB Queries
-------------------------------------------  -----  ---------  --------  ----------  --------------  -------------------  ----------------------
/opt/airflow/dags/dag_pyspark_local.py                                1           0  0.35s           2026-08-12T19:40:57                      10
/opt/airflow/dags/dag_dia.py                                          1           0  0.26s           2026-08-12T19:40:57                      12
/opt/airflow/dags/dag_lakehouse_pipeline.py                           1           0  0.21s           2026-08-12T19:41:08                      10
/opt/airflow/dags/dag_bronze.py                                       0           1  0.09s           2026-08-12T19:41:07                       5
================================================================================
[2026-08-12T19:41:44.341+0000] {manager.py:997} INFO - 
================================================================================
DAG File Processing Stats

File Path                                    PID    Runtime      # DAGs    # Errors  Last Runtime    Last Run               Last # of DB Queries
-------------------------------------------  -----  ---------  --------  ----------  --------------  -------------------  ----------------------
/opt/airflow/dags/dag_pyspark_local.py                                1           0  0.27s           2026-08-12T19:41:27                      10
/opt/airflow/dags/dag_dia.py                                          1           0  0.19s           2026-08-12T19:41:27                      12
/opt/airflow/dags/dag_lakehouse_pipeline.py                           1           0  0.18s           2026-08-12T19:41:39                      10
/opt/airflow/dags/dag_bronze.py                                       0           1  0.14s           2026-08-12T19:41:38                       5
================================================================================
[2026-08-12T19:42:14.433+0000] {manager.py:997} INFO - 
================================================================================
DAG File Processing Stats

File Path                                    PID    Runtime      # DAGs    # Errors  Last Runtime    Last Run               Last # of DB Queries
-------------------------------------------  -----  ---------  --------  ----------  --------------  -------------------  ----------------------
/opt/airflow/dags/dag_pyspark_local.py                                1           0  0.37s           2026-08-12T19:41:58                      10
/opt/airflow/dags/dag_dia.py                                          1           0  0.26s           2026-08-12T19:41:58                      12
/opt/airflow/dags/dag_lakehouse_pipeline.py                           1           0  0.19s           2026-08-12T19:42:10                      10
/opt/airflow/dags/dag_bronze.py                                       0           1  0.16s           2026-08-12T19:42:09                       5
================================================================================
[2026-08-12T19:42:44.559+0000] {manager.py:997} INFO - 
================================================================================
DAG File Processing Stats

File Path                                    PID    Runtime      # DAGs    # Errors  Last Runtime    Last Run               Last # of DB Queries
-------------------------------------------  -----  ---------  --------  ----------  --------------  -------------------  ----------------------
/opt/airflow/dags/dag_pyspark_local.py                                1           0  0.55s           2026-08-12T19:42:30                      10
/opt/airflow/dags/dag_dia.py                                          1           0  0.39s           2026-08-12T19:42:29                      12
/opt/airflow/dags/dag_lakehouse_pipeline.py                           1           0  0.22s           2026-08-12T19:42:41                      10
/opt/airflow/dags/dag_bronze.py                                       0           1  0.16s           2026-08-12T19:42:40                       5
================================================================================
[2026-08-12T19:42:55.515+0000] {manager.py:821} INFO - Searching for files in /opt/airflow/dags
[2026-08-12T19:42:55.797+0000] {manager.py:824} INFO - There are 4 files in /opt/airflow/dags
[2026-08-12T19:43:15.042+0000] {manager.py:997} INFO - 
================================================================================
DAG File Processing Stats

File Path                                    PID    Runtime      # DAGs    # Errors  Last Runtime    Last Run               Last # of DB Queries
-------------------------------------------  -----  ---------  --------  ----------  --------------  -------------------  ----------------------
/opt/airflow/dags/dag_lakehouse_pipeline.py                           1           0  0.40s           2026-08-12T19:43:12                      10
/opt/airflow/dags/dag_pyspark_local.py                                1           0  0.39s           2026-08-12T19:43:01                      10
/opt/airflow/dags/dag_bronze.py                                       0           1  0.34s           2026-08-12T19:43:10                       5
/opt/airflow/dags/dag_dia.py                                          1           0  0.30s           2026-08-12T19:43:01                      12
================================================================================
[2026-08-12T19:43:45.049+0000] {manager.py:997} INFO - 
================================================================================
DAG File Processing Stats

File Path                                    PID    Runtime      # DAGs    # Errors  Last Runtime    Last Run               Last # of DB Queries
-------------------------------------------  -----  ---------  --------  ----------  --------------  -------------------  ----------------------
/opt/airflow/dags/dag_lakehouse_pipeline.py                           1           0  0.84s           2026-08-12T19:43:43                      10
/opt/airflow/dags/dag_pyspark_local.py                                1           0  0.51s           2026-08-12T19:43:32                      10
/opt/airflow/dags/dag_dia.py                                          1           0  0.36s           2026-08-12T19:43:32                      12
/opt/airflow/dags/dag_bronze.py                                       0           1  0.33s           2026-08-12T19:43:41                       5
================================================================================
[2026-08-12T19:44:15.109+0000] {manager.py:997} INFO - 
================================================================================
DAG File Processing Stats

File Path                                    PID    Runtime      # DAGs    # Errors  Last Runtime    Last Run               Last # of DB Queries
-------------------------------------------  -----  ---------  --------  ----------  --------------  -------------------  ----------------------
/opt/airflow/dags/dag_pyspark_local.py                                1           0  2.22s           2026-08-12T19:44:05                      10
/opt/airflow/dags/dag_dia.py                                          1           0  1.42s           2026-08-12T19:44:03                      12
/opt/airflow/dags/dag_lakehouse_pipeline.py                           1           0  0.67s           2026-08-12T19:44:15                      10
/opt/airflow/dags/dag_bronze.py                                       0           1  0.36s           2026-08-12T19:44:12                       5
================================================================================
[2026-08-12T19:44:45.372+0000] {manager.py:997} INFO - 
================================================================================
DAG File Processing Stats

File Path                                      PID  Runtime      # DAGs    # Errors  Last Runtime    Last Run               Last # of DB Queries
-------------------------------------------  -----  ---------  --------  ----------  --------------  -------------------  ----------------------
/opt/airflow/dags/dag_pyspark_local.py                                1           0  1.64s           2026-08-12T19:44:37                      10
/opt/airflow/dags/dag_dia.py                                          1           0  0.82s           2026-08-12T19:44:34                      12
/opt/airflow/dags/dag_bronze.py                                       0           1  0.72s           2026-08-12T19:44:43                       5
/opt/airflow/dags/dag_lakehouse_pipeline.py   8792  0.03s             1           0  0.67s           2026-08-12T19:44:15                      10
================================================================================
[2026-08-12T19:45:16.427+0000] {manager.py:997} INFO - 
================================================================================
DAG File Processing Stats

File Path                                    PID    Runtime      # DAGs    # Errors  Last Runtime    Last Run               Last # of DB Queries
-------------------------------------------  -----  ---------  --------  ----------  --------------  -------------------  ----------------------
/opt/airflow/dags/dag_lakehouse_pipeline.py                           1           0  1.59s           2026-08-12T19:44:46                      10
/opt/airflow/dags/dag_pyspark_local.py                                1           0  1.18s           2026-08-12T19:45:09                      10
/opt/airflow/dags/dag_dia.py                                          1           0  0.66s           2026-08-12T19:45:05                      12
/opt/airflow/dags/dag_bronze.py                                       0           1  0.16s           2026-08-12T19:45:14                       5
================================================================================
[2026-08-12T19:45:46.546+0000] {manager.py:997} INFO - 
================================================================================
DAG File Processing Stats

File Path                                    PID    Runtime      # DAGs    # Errors  Last Runtime    Last Run               Last # of DB Queries
-------------------------------------------  -----  ---------  --------  ----------  --------------  -------------------  ----------------------
/opt/airflow/dags/dag_pyspark_local.py                                1           0  0.59s           2026-08-12T19:45:39                      10
/opt/airflow/dags/dag_lakehouse_pipeline.py                           1           0  0.36s           2026-08-12T19:45:17                      10
/opt/airflow/dags/dag_dia.py                                          1           0  0.18s           2026-08-12T19:45:36                      12
/opt/airflow/dags/dag_bronze.py                                       0           1  0.14s           2026-08-12T19:45:44                       5
================================================================================
[2026-08-12T19:46:16.870+0000] {manager.py:997} INFO - 
================================================================================
DAG File Processing Stats

File Path                                    PID    Runtime      # DAGs    # Errors  Last Runtime    Last Run               Last # of DB Queries
-------------------------------------------  -----  ---------  --------  ----------  --------------  -------------------  ----------------------
/opt/airflow/dags/dag_pyspark_local.py                                1           0  0.39s           2026-08-12T19:46:10                      10
/opt/airflow/dags/dag_lakehouse_pipeline.py                           1           0  0.30s           2026-08-12T19:45:48                      10
/opt/airflow/dags/dag_bronze.py                                       0           1  0.24s           2026-08-12T19:46:15                       5
/opt/airflow/dags/dag_dia.py                                          1           0  0.24s           2026-08-12T19:46:07                      12
================================================================================
[2026-08-12T19:46:47.327+0000] {manager.py:997} INFO - 
================================================================================
DAG File Processing Stats

File Path                                    PID    Runtime      # DAGs    # Errors  Last Runtime    Last Run               Last # of DB Queries
-------------------------------------------  -----  ---------  --------  ----------  --------------  -------------------  ----------------------
/opt/airflow/dags/dag_lakehouse_pipeline.py                           1           0  0.29s           2026-08-12T19:46:19                      10
/opt/airflow/dags/dag_dia.py                                          1           0  0.27s           2026-08-12T19:46:37                      12
/opt/airflow/dags/dag_pyspark_local.py                                1           0  0.25s           2026-08-12T19:46:41                      10
/opt/airflow/dags/dag_bronze.py                                       0           1  0.13s           2026-08-12T19:46:45                       5
================================================================================
[2026-08-12T19:47:17.671+0000] {manager.py:997} INFO - 
================================================================================
DAG File Processing Stats

File Path                                    PID    Runtime      # DAGs    # Errors  Last Runtime    Last Run               Last # of DB Queries
-------------------------------------------  -----  ---------  --------  ----------  --------------  -------------------  ----------------------
/opt/airflow/dags/dag_lakehouse_pipeline.py                           1           0  0.44s           2026-08-12T19:46:49                      10
/opt/airflow/dags/dag_dia.py                                          1           0  0.27s           2026-08-12T19:47:08                      12
/opt/airflow/dags/dag_pyspark_local.py                                1           0  0.27s           2026-08-12T19:47:11                      10
/opt/airflow/dags/dag_bronze.py                                       0           1  0.13s           2026-08-12T19:47:15                       5
================================================================================
[2026-08-12T19:47:47.935+0000] {manager.py:997} INFO - 
================================================================================
DAG File Processing Stats

File Path                                    PID    Runtime      # DAGs    # Errors  Last Runtime    Last Run               Last # of DB Queries
-------------------------------------------  -----  ---------  --------  ----------  --------------  -------------------  ----------------------
/opt/airflow/dags/dag_dia.py                                          1           0  0.41s           2026-08-12T19:47:39                      12
/opt/airflow/dags/dag_pyspark_local.py                                1           0  0.23s           2026-08-12T19:47:41                      10
/opt/airflow/dags/dag_bronze.py                                       0           1  0.14s           2026-08-12T19:47:46                       5
/opt/airflow/dags/dag_lakehouse_pipeline.py                           1           0  0.14s           2026-08-12T19:47:20                      10
================================================================================
[2026-08-12T19:47:56.183+0000] {manager.py:821} INFO - Searching for files in /opt/airflow/dags
[2026-08-12T19:47:56.503+0000] {manager.py:824} INFO - There are 4 files in /opt/airflow/dags
[2026-08-12T19:48:18.604+0000] {manager.py:997} INFO - 
================================================================================
DAG File Processing Stats

File Path                                    PID    Runtime      # DAGs    # Errors  Last Runtime    Last Run               Last # of DB Queries
-------------------------------------------  -----  ---------  --------  ----------  --------------  -------------------  ----------------------
/opt/airflow/dags/dag_pyspark_local.py                                1           0  0.56s           2026-08-12T19:48:12                      10
/opt/airflow/dags/dag_bronze.py                                       0           1  0.30s           2026-08-12T19:48:16                       5
/opt/airflow/dags/dag_dia.py                                          1           0  0.28s           2026-08-12T19:48:10                      12
/opt/airflow/dags/dag_lakehouse_pipeline.py                           1           0  0.18s           2026-08-12T19:47:51                      10
================================================================================
[2026-08-12T19:48:48.959+0000] {manager.py:997} INFO - 
================================================================================
DAG File Processing Stats

File Path                                    PID    Runtime      # DAGs    # Errors  Last Runtime    Last Run               Last # of DB Queries
-------------------------------------------  -----  ---------  --------  ----------  --------------  -------------------  ----------------------
/opt/airflow/dags/dag_pyspark_local.py                                1           0  0.35s           2026-08-12T19:48:42                      10
/opt/airflow/dags/dag_dia.py                                          1           0  0.22s           2026-08-12T19:48:40                      12
/opt/airflow/dags/dag_lakehouse_pipeline.py                           1           0  0.20s           2026-08-12T19:48:21                      10
/opt/airflow/dags/dag_bronze.py                                       0           1  0.11s           2026-08-12T19:48:47                       5
================================================================================
[2026-08-12T19:49:18.970+0000] {manager.py:997} INFO - 
================================================================================
DAG File Processing Stats

File Path                                    PID    Runtime      # DAGs    # Errors  Last Runtime    Last Run               Last # of DB Queries
-------------------------------------------  -----  ---------  --------  ----------  --------------  -------------------  ----------------------
/opt/airflow/dags/dag_dia.py                                          1           0  0.31s           2026-08-12T19:49:10                      12
/opt/airflow/dags/dag_lakehouse_pipeline.py                           1           0  0.26s           2026-08-12T19:48:52                      10
/opt/airflow/dags/dag_pyspark_local.py                                1           0  0.22s           2026-08-12T19:49:13                      10
/opt/airflow/dags/dag_bronze.py                                       0           1  0.14s           2026-08-12T19:49:18                       5
================================================================================
[2026-08-12T19:49:49.444+0000] {manager.py:997} INFO - 
================================================================================
DAG File Processing Stats

File Path                                    PID    Runtime      # DAGs    # Errors  Last Runtime    Last Run               Last # of DB Queries
-------------------------------------------  -----  ---------  --------  ----------  --------------  -------------------  ----------------------
/opt/airflow/dags/dag_pyspark_local.py                                1           0  0.75s           2026-08-12T19:49:45                      10
/opt/airflow/dags/dag_lakehouse_pipeline.py                           1           0  0.20s           2026-08-12T19:49:23                      10
/opt/airflow/dags/dag_dia.py                                          1           0  0.20s           2026-08-12T19:49:41                      12
/opt/airflow/dags/dag_bronze.py                                       0           1  0.16s           2026-08-12T19:49:48                       5
================================================================================
[2026-08-12T19:50:20.071+0000] {manager.py:997} INFO - 
================================================================================
DAG File Processing Stats

File Path                                    PID    Runtime      # DAGs    # Errors  Last Runtime    Last Run               Last # of DB Queries
-------------------------------------------  -----  ---------  --------  ----------  --------------  -------------------  ----------------------
/opt/airflow/dags/dag_pyspark_local.py                                1           0  0.46s           2026-08-12T19:50:15                      10
/opt/airflow/dags/dag_dia.py                                          1           0  0.26s           2026-08-12T19:50:12                      12
/opt/airflow/dags/dag_bronze.py                                       0           1  0.23s           2026-08-12T19:50:19                       5
/opt/airflow/dags/dag_lakehouse_pipeline.py                           1           0  0.17s           2026-08-12T19:49:53                      10
================================================================================
[2026-08-12T19:50:50.696+0000] {manager.py:997} INFO - 
================================================================================
DAG File Processing Stats

File Path                                    PID    Runtime      # DAGs    # Errors  Last Runtime    Last Run               Last # of DB Queries
-------------------------------------------  -----  ---------  --------  ----------  --------------  -------------------  ----------------------
/opt/airflow/dags/dag_pyspark_local.py                                1           0  0.27s           2026-08-12T19:50:46                      10
/opt/airflow/dags/dag_lakehouse_pipeline.py                           1           0  0.14s           2026-08-12T19:50:24                      10
/opt/airflow/dags/dag_dia.py                                          1           0  0.14s           2026-08-12T19:50:42                      12
/opt/airflow/dags/dag_bronze.py                                       0           1  0.09s           2026-08-12T19:50:49                       5
================================================================================
[2026-08-12T19:51:20.753+0000] {manager.py:997} INFO - 
================================================================================
DAG File Processing Stats

File Path                                      PID  Runtime      # DAGs    # Errors  Last Runtime    Last Run               Last # of DB Queries
-------------------------------------------  -----  ---------  --------  ----------  --------------  -------------------  ----------------------
/opt/airflow/dags/dag_pyspark_local.py                                1           0  0.38s           2026-08-12T19:51:17                      10
/opt/airflow/dags/dag_dia.py                                          1           0  0.37s           2026-08-12T19:51:13                      12
/opt/airflow/dags/dag_lakehouse_pipeline.py                           1           0  0.18s           2026-08-12T19:50:54                      10
/opt/airflow/dags/dag_bronze.py               8921  0.10s             0           1  0.09s           2026-08-12T19:50:49                       5
================================================================================
[2026-08-12T19:51:51.463+0000] {manager.py:997} INFO - 
================================================================================
DAG File Processing Stats

File Path                                      PID  Runtime      # DAGs    # Errors  Last Runtime    Last Run               Last # of DB Queries
-------------------------------------------  -----  ---------  --------  ----------  --------------  -------------------  ----------------------
/opt/airflow/dags/dag_pyspark_local.py                                1           0  0.40s           2026-08-12T19:51:48                      10
/opt/airflow/dags/dag_lakehouse_pipeline.py                           1           0  0.26s           2026-08-12T19:51:26                      10
/opt/airflow/dags/dag_dia.py                                          1           0  0.19s           2026-08-12T19:51:44                      12
/opt/airflow/dags/dag_bronze.py               8932  0.00s             0           1  0.11s           2026-08-12T19:51:20                       5
================================================================================
[2026-08-12T19:52:22.137+0000] {manager.py:997} INFO - 
================================================================================
DAG File Processing Stats

File Path                                      PID  Runtime      # DAGs    # Errors  Last Runtime    Last Run               Last # of DB Queries
-------------------------------------------  -----  ---------  --------  ----------  --------------  -------------------  ----------------------
/opt/airflow/dags/dag_pyspark_local.py                                1           0  0.25s           2026-08-12T19:52:19                      10
/opt/airflow/dags/dag_lakehouse_pipeline.py                           1           0  0.18s           2026-08-12T19:51:56                      10
/opt/airflow/dags/dag_dia.py                                          1           0  0.14s           2026-08-12T19:52:15                      12
/opt/airflow/dags/dag_bronze.py               8943  0.00s             0           1  0.10s           2026-08-12T19:51:51                       5
================================================================================
[2026-08-12T19:52:52.648+0000] {manager.py:997} INFO - 
================================================================================
DAG File Processing Stats

File Path                                      PID  Runtime      # DAGs    # Errors  Last Runtime    Last Run               Last # of DB Queries
-------------------------------------------  -----  ---------  --------  ----------  --------------  -------------------  ----------------------
/opt/airflow/dags/dag_pyspark_local.py                                1           0  1.18s           2026-08-12T19:52:50                      10
/opt/airflow/dags/dag_dia.py                                          1           0  0.84s           2026-08-12T19:52:46                      12
/opt/airflow/dags/dag_lakehouse_pipeline.py                           1           0  0.78s           2026-08-12T19:52:28                      10
/opt/airflow/dags/dag_bronze.py               8953  0.01s             0           1  0.11s           2026-08-12T19:52:22                       5
================================================================================
[2026-08-12T19:52:56.835+0000] {manager.py:821} INFO - Searching for files in /opt/airflow/dags
[2026-08-12T19:52:57.241+0000] {manager.py:824} INFO - There are 4 files in /opt/airflow/dags
[2026-08-12T19:53:22.931+0000] {manager.py:997} INFO - 
================================================================================
DAG File Processing Stats

File Path                                      PID  Runtime      # DAGs    # Errors  Last Runtime    Last Run               Last # of DB Queries
-------------------------------------------  -----  ---------  --------  ----------  --------------  -------------------  ----------------------
/opt/airflow/dags/dag_lakehouse_pipeline.py                           1           0  0.31s           2026-08-12T19:52:58                      10
/opt/airflow/dags/dag_pyspark_local.py                                1           0  0.27s           2026-08-12T19:53:20                      10
/opt/airflow/dags/dag_bronze.py               8957  0.00s             0           1  0.26s           2026-08-12T19:52:52                       5
/opt/airflow/dags/dag_dia.py                                          1           0  0.18s           2026-08-12T19:53:16                      12
================================================================================
[2026-08-12T19:53:53.710+0000] {manager.py:997} INFO - 
================================================================================
DAG File Processing Stats

File Path                                      PID  Runtime      # DAGs    # Errors  Last Runtime    Last Run               Last # of DB Queries
-------------------------------------------  -----  ---------  --------  ----------  --------------  -------------------  ----------------------
/opt/airflow/dags/dag_pyspark_local.py                                1           0  0.22s           2026-08-12T19:53:51                      10
/opt/airflow/dags/dag_lakehouse_pipeline.py                           1           0  0.20s           2026-08-12T19:53:29                      10
/opt/airflow/dags/dag_dia.py                                          1           0  0.16s           2026-08-12T19:53:47                      12
/opt/airflow/dags/dag_bronze.py               8968  0.00s             0           1  0.14s           2026-08-12T19:53:23                       5
================================================================================
[2026-08-12T19:54:24.528+0000] {manager.py:997} INFO - 
================================================================================
DAG File Processing Stats

File Path                                      PID  Runtime      # DAGs    # Errors  Last Runtime    Last Run               Last # of DB Queries
-------------------------------------------  -----  ---------  --------  ----------  --------------  -------------------  ----------------------
/opt/airflow/dags/dag_dia.py                                          1           0  0.21s           2026-08-12T19:54:18                      12
/opt/airflow/dags/dag_pyspark_local.py                                1           0  0.21s           2026-08-12T19:54:22                      10
/opt/airflow/dags/dag_lakehouse_pipeline.py                           1           0  0.14s           2026-08-12T19:53:59                      10
/opt/airflow/dags/dag_bronze.py               8979  0.00s             0           1  0.12s           2026-08-12T19:53:53                       5
================================================================================
[2026-08-12T19:54:54.864+0000] {manager.py:997} INFO - 
================================================================================
DAG File Processing Stats

File Path                                      PID  Runtime      # DAGs    # Errors  Last Runtime    Last Run               Last # of DB Queries
-------------------------------------------  -----  ---------  --------  ----------  --------------  -------------------  ----------------------
/opt/airflow/dags/dag_pyspark_local.py                                1           0  0.63s           2026-08-12T19:54:53                      10
/opt/airflow/dags/dag_dia.py                                          1           0  0.17s           2026-08-12T19:54:49                      12
/opt/airflow/dags/dag_lakehouse_pipeline.py                           1           0  0.15s           2026-08-12T19:54:30                      10
/opt/airflow/dags/dag_bronze.py               8990  0.00s             0           1  0.10s           2026-08-12T19:54:24                       5
================================================================================
[2026-08-12T19:55:25.759+0000] {manager.py:997} INFO - 
================================================================================
DAG File Processing Stats

File Path                                      PID  Runtime      # DAGs    # Errors  Last Runtime    Last Run               Last # of DB Queries
-------------------------------------------  -----  ---------  --------  ----------  --------------  -------------------  ----------------------
/opt/airflow/dags/dag_pyspark_local.py                                1           0  0.27s           2026-08-12T19:55:24                      10
/opt/airflow/dags/dag_lakehouse_pipeline.py                           1           0  0.22s           2026-08-12T19:55:01                      10
/opt/airflow/dags/dag_bronze.py               9001  0.01s             0           1  0.18s           2026-08-12T19:54:55                       5
/opt/airflow/dags/dag_dia.py                                          1           0  0.17s           2026-08-12T19:55:19                      12
================================================================================
[2026-08-12T19:55:55.943+0000] {manager.py:997} INFO - 
================================================================================
DAG File Processing Stats

File Path                                      PID  Runtime      # DAGs    # Errors  Last Runtime    Last Run               Last # of DB Queries
-------------------------------------------  -----  ---------  --------  ----------  --------------  -------------------  ----------------------
/opt/airflow/dags/dag_pyspark_local.py                                1           0  0.31s           2026-08-12T19:55:55                      10
/opt/airflow/dags/dag_dia.py                                          1           0  0.23s           2026-08-12T19:55:50                      12
/opt/airflow/dags/dag_lakehouse_pipeline.py                           1           0  0.20s           2026-08-12T19:55:32                      10
/opt/airflow/dags/dag_bronze.py               9012  0.00s             0           1  0.16s           2026-08-12T19:55:25                       5
================================================================================
[2026-08-12T19:56:26.247+0000] {manager.py:997} INFO - 
================================================================================
DAG File Processing Stats

File Path                                      PID  Runtime      # DAGs    # Errors  Last Runtime    Last Run               Last # of DB Queries
-------------------------------------------  -----  ---------  --------  ----------  --------------  -------------------  ----------------------
/opt/airflow/dags/dag_pyspark_local.py        9023  0.01s             1           0  0.31s           2026-08-12T19:55:55                      10
/opt/airflow/dags/dag_dia.py                                          1           0  0.31s           2026-08-12T19:56:21                      12
/opt/airflow/dags/dag_lakehouse_pipeline.py                           1           0  0.23s           2026-08-12T19:56:02                      10
/opt/airflow/dags/dag_bronze.py               9022  0.03s             0           1  0.14s           2026-08-12T19:55:56                       5
================================================================================
[2026-08-12T19:56:56.284+0000] {manager.py:997} INFO - 
================================================================================
DAG File Processing Stats

File Path                                    PID    Runtime      # DAGs    # Errors  Last Runtime    Last Run               Last # of DB Queries
-------------------------------------------  -----  ---------  --------  ----------  --------------  -------------------  ----------------------
/opt/airflow/dags/dag_pyspark_local.py                                1           0  0.33s           2026-08-12T19:56:26                      10
/opt/airflow/dags/dag_lakehouse_pipeline.py                           1           0  0.29s           2026-08-12T19:56:32                      10
/opt/airflow/dags/dag_dia.py                                          1           0  0.18s           2026-08-12T19:56:51                      12
/opt/airflow/dags/dag_bronze.py                                       0           1  0.18s           2026-08-12T19:56:26                       5
================================================================================
[2026-08-12T19:57:26.765+0000] {manager.py:997} INFO - 
================================================================================
DAG File Processing Stats

File Path                                      PID  Runtime      # DAGs    # Errors  Last Runtime    Last Run               Last # of DB Queries
-------------------------------------------  -----  ---------  --------  ----------  --------------  -------------------  ----------------------
/opt/airflow/dags/dag_pyspark_local.py                                1           0  0.53s           2026-08-12T19:56:57                      10
/opt/airflow/dags/dag_lakehouse_pipeline.py                           1           0  0.36s           2026-08-12T19:57:03                      10
/opt/airflow/dags/dag_bronze.py               9037  0.00s             0           1  0.21s           2026-08-12T19:56:56                       5
/opt/airflow/dags/dag_dia.py                                          1           0  0.21s           2026-08-12T19:57:21                      12
================================================================================
[2026-08-12T19:57:56.977+0000] {manager.py:821} INFO - Searching for files in /opt/airflow/dags
[2026-08-12T19:57:57.310+0000] {manager.py:824} INFO - There are 4 files in /opt/airflow/dags
[2026-08-12T19:57:57.351+0000] {manager.py:997} INFO - 
================================================================================
DAG File Processing Stats

File Path                                      PID  Runtime      # DAGs    # Errors  Last Runtime    Last Run               Last # of DB Queries
-------------------------------------------  -----  ---------  --------  ----------  --------------  -------------------  ----------------------
/opt/airflow/dags/dag_pyspark_local.py                                1           0  0.42s           2026-08-12T19:57:28                      10
/opt/airflow/dags/dag_lakehouse_pipeline.py                           1           0  0.22s           2026-08-12T19:57:33                      10
/opt/airflow/dags/dag_dia.py                                          1           0  0.16s           2026-08-12T19:57:52                      12
/opt/airflow/dags/dag_bronze.py               9048  0.01s             0           1  0.11s           2026-08-12T19:57:26                       5
================================================================================
[2026-08-12T19:58:27.495+0000] {manager.py:997} INFO - 
================================================================================
DAG File Processing Stats

File Path                                      PID  Runtime      # DAGs    # Errors  Last Runtime    Last Run               Last # of DB Queries
-------------------------------------------  -----  ---------  --------  ----------  --------------  -------------------  ----------------------
/opt/airflow/dags/dag_lakehouse_pipeline.py                           1           0  0.67s           2026-08-12T19:58:04                      10
/opt/airflow/dags/dag_pyspark_local.py                                1           0  0.35s           2026-08-12T19:57:58                      10
/opt/airflow/dags/dag_dia.py                                          1           0  0.14s           2026-08-12T19:58:22                      12
/opt/airflow/dags/dag_bronze.py               9059  0.00s             0           1  0.13s           2026-08-12T19:57:57                       5
================================================================================
[2026-08-12T19:58:57.761+0000] {manager.py:997} INFO - 
================================================================================
DAG File Processing Stats

File Path                                      PID  Runtime      # DAGs    # Errors  Last Runtime    Last Run               Last # of DB Queries
-------------------------------------------  -----  ---------  --------  ----------  --------------  -------------------  ----------------------
/opt/airflow/dags/dag_dia.py                                          1           0  0.44s           2026-08-12T19:58:53                      12
/opt/airflow/dags/dag_pyspark_local.py                                1           0  0.25s           2026-08-12T19:58:29                      10
/opt/airflow/dags/dag_lakehouse_pipeline.py                           1           0  0.16s           2026-08-12T19:58:34                      10
/opt/airflow/dags/dag_bronze.py               9070  0.00s             0           1  0.14s           2026-08-12T19:58:27                       5
================================================================================
[2026-08-12T19:59:28.522+0000] {manager.py:997} INFO - 
================================================================================
DAG File Processing Stats

File Path                                      PID  Runtime      # DAGs    # Errors  Last Runtime    Last Run               Last # of DB Queries
-------------------------------------------  -----  ---------  --------  ----------  --------------  -------------------  ----------------------
/opt/airflow/dags/dag_pyspark_local.py                                1           0  0.36s           2026-08-12T19:59:00                      10
/opt/airflow/dags/dag_dia.py                                          1           0  0.16s           2026-08-12T19:59:24                      12
/opt/airflow/dags/dag_lakehouse_pipeline.py                           1           0  0.16s           2026-08-12T19:59:05                      10
/opt/airflow/dags/dag_bronze.py               9081  0.01s             0           1  0.11s           2026-08-12T19:58:57                       5
================================================================================
[2026-08-12T19:59:58.554+0000] {manager.py:997} INFO - 
================================================================================
DAG File Processing Stats

File Path                                    PID    Runtime      # DAGs    # Errors  Last Runtime    Last Run               Last # of DB Queries
-------------------------------------------  -----  ---------  --------  ----------  --------------  -------------------  ----------------------
/opt/airflow/dags/dag_pyspark_local.py                                1           0  0.27s           2026-08-12T19:59:30                      10
/opt/airflow/dags/dag_dia.py                                          1           0  0.24s           2026-08-12T19:59:55                      12
/opt/airflow/dags/dag_bronze.py                                       0           1  0.19s           2026-08-12T19:59:28                       5
/opt/airflow/dags/dag_lakehouse_pipeline.py                           1           0  0.17s           2026-08-12T19:59:35                      10
================================================================================
[2026-08-12T20:00:29.445+0000] {manager.py:997} INFO - 
================================================================================
DAG File Processing Stats

File Path                                    PID    Runtime      # DAGs    # Errors  Last Runtime    Last Run               Last # of DB Queries
-------------------------------------------  -----  ---------  --------  ----------  --------------  -------------------  ----------------------
/opt/airflow/dags/dag_dia.py                                          1           0  0.72s           2026-08-12T20:00:26                      12
/opt/airflow/dags/dag_pyspark_local.py                                1           0  0.53s           2026-08-12T20:00:01                      10
/opt/airflow/dags/dag_lakehouse_pipeline.py                           1           0  0.28s           2026-08-12T20:00:06                      10
/opt/airflow/dags/dag_bronze.py                                       0           1  0.16s           2026-08-12T19:59:59                       5
================================================================================
[2026-08-12T20:00:59.518+0000] {manager.py:997} INFO - 
================================================================================
DAG File Processing Stats

File Path                                    PID    Runtime      # DAGs    # Errors  Last Runtime    Last Run               Last # of DB Queries
-------------------------------------------  -----  ---------  --------  ----------  --------------  -------------------  ----------------------
/opt/airflow/dags/dag_lakehouse_pipeline.py                           1           0  0.36s           2026-08-12T20:00:37                      10
/opt/airflow/dags/dag_dia.py                                          1           0  0.22s           2026-08-12T20:00:57                      12
/opt/airflow/dags/dag_pyspark_local.py                                1           0  0.22s           2026-08-12T20:00:32                      10
/opt/airflow/dags/dag_bronze.py                                       0           1  0.10s           2026-08-12T20:00:30                       5
================================================================================
[2026-08-12T20:01:30.310+0000] {manager.py:997} INFO - 
================================================================================
DAG File Processing Stats

File Path                                    PID    Runtime      # DAGs    # Errors  Last Runtime    Last Run               Last # of DB Queries
-------------------------------------------  -----  ---------  --------  ----------  --------------  -------------------  ----------------------
/opt/airflow/dags/dag_pyspark_local.py                                1           0  0.24s           2026-08-12T20:01:03                      10
/opt/airflow/dags/dag_dia.py                                          1           0  0.20s           2026-08-12T20:01:28                      12
/opt/airflow/dags/dag_lakehouse_pipeline.py                           1           0  0.18s           2026-08-12T20:01:07                      10
/opt/airflow/dags/dag_bronze.py                                       0           1  0.16s           2026-08-12T20:01:01                       5
================================================================================
[2026-08-12T20:02:01.086+0000] {manager.py:997} INFO - 
================================================================================
DAG File Processing Stats

File Path                                    PID    Runtime      # DAGs    # Errors  Last Runtime    Last Run               Last # of DB Queries
-------------------------------------------  -----  ---------  --------  ----------  --------------  -------------------  ----------------------
/opt/airflow/dags/dag_pyspark_local.py                                1           0  0.40s           2026-08-12T20:01:34                      10
/opt/airflow/dags/dag_lakehouse_pipeline.py                           1           0  0.16s           2026-08-12T20:01:38                      10
/opt/airflow/dags/dag_dia.py                                          1           0  0.14s           2026-08-12T20:01:59                      12
/opt/airflow/dags/dag_bronze.py                                       0           1  0.13s           2026-08-12T20:01:32                       5
================================================================================
[2026-08-12T20:02:31.779+0000] {manager.py:997} INFO - 
================================================================================
DAG File Processing Stats

File Path                                    PID    Runtime      # DAGs    # Errors  Last Runtime    Last Run               Last # of DB Queries
-------------------------------------------  -----  ---------  --------  ----------  --------------  -------------------  ----------------------
/opt/airflow/dags/dag_pyspark_local.py                                1           0  0.24s           2026-08-12T20:02:05                      10
/opt/airflow/dags/dag_dia.py                                          1           0  0.19s           2026-08-12T20:02:29                      12
/opt/airflow/dags/dag_lakehouse_pipeline.py                           1           0  0.16s           2026-08-12T20:02:09                      10
/opt/airflow/dags/dag_bronze.py                                       0           1  0.10s           2026-08-12T20:02:03                       5
================================================================================
[2026-08-12T20:02:57.152+0000] {manager.py:821} INFO - Searching for files in /opt/airflow/dags
[2026-08-12T20:02:57.845+0000] {manager.py:824} INFO - There are 4 files in /opt/airflow/dags
[2026-08-12T20:03:01.979+0000] {manager.py:997} INFO - 
================================================================================
DAG File Processing Stats

File Path                                    PID    Runtime      # DAGs    # Errors  Last Runtime    Last Run               Last # of DB Queries
-------------------------------------------  -----  ---------  --------  ----------  --------------  -------------------  ----------------------
/opt/airflow/dags/dag_pyspark_local.py                                1           0  2.98s           2026-08-12T20:02:38                      10
/opt/airflow/dags/dag_lakehouse_pipeline.py                           1           0  0.99s           2026-08-12T20:02:40                      10
/opt/airflow/dags/dag_dia.py                                          1           0  0.86s           2026-08-12T20:03:00                      12
/opt/airflow/dags/dag_bronze.py                                       0           1  0.60s           2026-08-12T20:02:34                       5
================================================================================
[2026-08-12T20:03:32.043+0000] {manager.py:997} INFO - 
================================================================================
DAG File Processing Stats

File Path                                    PID    Runtime      # DAGs    # Errors  Last Runtime    Last Run               Last # of DB Queries
-------------------------------------------  -----  ---------  --------  ----------  --------------  -------------------  ----------------------
/opt/airflow/dags/dag_dia.py                                          1           0  0.46s           2026-08-12T20:03:31                      12
/opt/airflow/dags/dag_pyspark_local.py                                1           0  0.43s           2026-08-12T20:03:09                      10
/opt/airflow/dags/dag_lakehouse_pipeline.py                           1           0  0.18s           2026-08-12T20:03:11                      10
/opt/airflow/dags/dag_bronze.py                                       0           1  0.16s           2026-08-12T20:03:05                       5
================================================================================
[2026-08-12T20:04:02.360+0000] {manager.py:997} INFO - 
================================================================================
DAG File Processing Stats

File Path                                    PID    Runtime      # DAGs    # Errors  Last Runtime    Last Run               Last # of DB Queries
-------------------------------------------  -----  ---------  --------  ----------  --------------  -------------------  ----------------------
/opt/airflow/dags/dag_dia.py                                          1           0  0.78s           2026-08-12T20:04:02                      12
/opt/airflow/dags/dag_pyspark_local.py                                1           0  0.56s           2026-08-12T20:03:40                      10
/opt/airflow/dags/dag_bronze.py                                       0           1  0.36s           2026-08-12T20:03:35                       5
/opt/airflow/dags/dag_lakehouse_pipeline.py                           1           0  0.22s           2026-08-12T20:03:42                      10
================================================================================
[2026-08-12T20:04:32.411+0000] {manager.py:997} INFO - 
================================================================================
DAG File Processing Stats

File Path                                      PID  Runtime      # DAGs    # Errors  Last Runtime    Last Run               Last # of DB Queries
-------------------------------------------  -----  ---------  --------  ----------  --------------  -------------------  ----------------------
/opt/airflow/dags/dag_dia.py                  9183  0.01s             1           0  0.78s           2026-08-12T20:04:02                      12
/opt/airflow/dags/dag_pyspark_local.py                                1           0  0.43s           2026-08-12T20:04:11                      10
/opt/airflow/dags/dag_bronze.py                                       0           1  0.21s           2026-08-12T20:04:06                       5
/opt/airflow/dags/dag_lakehouse_pipeline.py                           1           0  0.16s           2026-08-12T20:04:13                      10
================================================================================
[2026-08-12T20:05:03.038+0000] {manager.py:997} INFO - 
================================================================================
DAG File Processing Stats

File Path                                      PID  Runtime      # DAGs    # Errors  Last Runtime    Last Run               Last # of DB Queries
-------------------------------------------  -----  ---------  --------  ----------  --------------  -------------------  ----------------------
/opt/airflow/dags/dag_pyspark_local.py                                1           0  2.06s           2026-08-12T20:04:43                      10
/opt/airflow/dags/dag_lakehouse_pipeline.py                           1           0  0.53s           2026-08-12T20:04:43                      10
/opt/airflow/dags/dag_dia.py                  9187  0.01s             1           0  0.42s           2026-08-12T20:04:32                      12
/opt/airflow/dags/dag_bronze.py                                       0           1  0.18s           2026-08-12T20:04:37                       5
================================================================================
[2026-08-12T20:05:33.117+0000] {manager.py:997} INFO - 
================================================================================
DAG File Processing Stats

File Path                                    PID    Runtime      # DAGs    # Errors  Last Runtime    Last Run               Last # of DB Queries
-------------------------------------------  -----  ---------  --------  ----------  --------------  -------------------  ----------------------
/opt/airflow/dags/dag_bronze.py                                       0           1  0.27s           2026-08-12T20:05:07                       5
/opt/airflow/dags/dag_pyspark_local.py                                1           0  0.24s           2026-08-12T20:05:13                      10
/opt/airflow/dags/dag_lakehouse_pipeline.py                           1           0  0.23s           2026-08-12T20:05:14                      10
/opt/airflow/dags/dag_dia.py                                          1           0  0.20s           2026-08-12T20:05:03                      12
================================================================================
[2026-08-12T20:06:03.254+0000] {manager.py:997} INFO - 
================================================================================
DAG File Processing Stats

File Path                                    PID    Runtime      # DAGs    # Errors  Last Runtime    Last Run               Last # of DB Queries
-------------------------------------------  -----  ---------  --------  ----------  --------------  -------------------  ----------------------
/opt/airflow/dags/dag_pyspark_local.py                                1           0  0.41s           2026-08-12T20:05:44                      10
/opt/airflow/dags/dag_lakehouse_pipeline.py                           1           0  0.37s           2026-08-12T20:05:45                      10
/opt/airflow/dags/dag_dia.py                                          1           0  0.31s           2026-08-12T20:05:34                      12
/opt/airflow/dags/dag_bronze.py                                       0           1  0.19s           2026-08-12T20:05:38                       5
================================================================================
[2026-08-12T20:06:33.301+0000] {manager.py:997} INFO - 
================================================================================
DAG File Processing Stats

File Path                                    PID    Runtime      # DAGs    # Errors  Last Runtime    Last Run               Last # of DB Queries
-------------------------------------------  -----  ---------  --------  ----------  --------------  -------------------  ----------------------
/opt/airflow/dags/dag_pyspark_local.py                                1           0  0.30s           2026-08-12T20:06:15                      10
/opt/airflow/dags/dag_lakehouse_pipeline.py                           1           0  0.20s           2026-08-12T20:06:15                      10
/opt/airflow/dags/dag_dia.py                                          1           0  0.18s           2026-08-12T20:06:04                      12
/opt/airflow/dags/dag_bronze.py                                       0           1  0.13s           2026-08-12T20:06:08                       5
================================================================================
[2026-08-12T20:06:58.131+0000] {manager.py:1291} WARNING - Skipping processing of missing file: /opt/airflow/dags/dag_bronze.py
[2026-08-12T20:07:03.459+0000] {manager.py:997} INFO - 
================================================================================
DAG File Processing Stats

File Path                                    PID    Runtime      # DAGs    # Errors  Last Runtime    Last Run               Last # of DB Queries
-------------------------------------------  -----  ---------  --------  ----------  --------------  -------------------  ----------------------
/opt/airflow/dags/dag_pyspark_local.py                                1           0  0.45s           2026-08-12T20:06:47                      10
/opt/airflow/dags/dag_lakehouse_pipeline.py                           1           0  0.26s           2026-08-12T20:06:46                      10
/opt/airflow/dags/dag_dia.py                                          1           0  0.20s           2026-08-12T20:06:35                      12
================================================================================
[2026-08-12T20:07:33.491+0000] {manager.py:997} INFO - 
================================================================================
DAG File Processing Stats

File Path                                    PID    Runtime      # DAGs    # Errors  Last Runtime    Last Run               Last # of DB Queries
-------------------------------------------  -----  ---------  --------  ----------  --------------  -------------------  ----------------------
/opt/airflow/dags/dag_pyspark_local.py                                1           0  0.74s           2026-08-12T20:07:18                      10
/opt/airflow/dags/dag_lakehouse_pipeline.py                           1           0  0.34s           2026-08-12T20:07:17                      10
/opt/airflow/dags/dag_dia.py                                          1           0  0.26s           2026-08-12T20:07:05                      12
================================================================================
[2026-08-12T20:07:57.389+0000] {manager.py:821} INFO - Searching for files in /opt/airflow/dags
[2026-08-12T20:07:58.812+0000] {manager.py:824} INFO - There are 3 files in /opt/airflow/dags
[2026-08-12T20:08:04.337+0000] {manager.py:997} INFO - 
================================================================================
DAG File Processing Stats

File Path                                    PID    Runtime      # DAGs    # Errors  Last Runtime    Last Run               Last # of DB Queries
-------------------------------------------  -----  ---------  --------  ----------  --------------  -------------------  ----------------------
/opt/airflow/dags/dag_dia.py                                          1           0  1.18s           2026-08-12T20:07:37                      12
/opt/airflow/dags/dag_pyspark_local.py                                1           0  1.14s           2026-08-12T20:07:49                      10
/opt/airflow/dags/dag_lakehouse_pipeline.py                           1           0  0.80s           2026-08-12T20:07:49                      10
================================================================================
[2026-08-12T20:08:34.982+0000] {manager.py:997} INFO - 
================================================================================
DAG File Processing Stats

File Path                                    PID    Runtime      # DAGs    # Errors  Last Runtime    Last Run               Last # of DB Queries
-------------------------------------------  -----  ---------  --------  ----------  --------------  -------------------  ----------------------
/opt/airflow/dags/dag_pyspark_local.py                                1           0  5.17s           2026-08-12T20:08:25                      10
/opt/airflow/dags/dag_dia.py                                          1           0  4.67s           2026-08-12T20:08:13                      12
/opt/airflow/dags/dag_lakehouse_pipeline.py                           1           0  3.90s           2026-08-12T20:08:23                      10
================================================================================
[2026-08-12T20:09:05.254+0000] {manager.py:997} INFO - 
================================================================================
DAG File Processing Stats

File Path                                    PID    Runtime      # DAGs    # Errors  Last Runtime    Last Run               Last # of DB Queries
-------------------------------------------  -----  ---------  --------  ----------  --------------  -------------------  ----------------------
/opt/airflow/dags/dag_pyspark_local.py                                1           0  0.66s           2026-08-12T20:08:56                      10
/opt/airflow/dags/dag_lakehouse_pipeline.py                           1           0  0.46s           2026-08-12T20:08:55                      10
/opt/airflow/dags/dag_dia.py                                          1           0  0.19s           2026-08-12T20:08:43                      12
================================================================================
[2026-08-12T20:09:35.531+0000] {manager.py:997} INFO - 
================================================================================
DAG File Processing Stats

File Path                                    PID    Runtime      # DAGs    # Errors  Last Runtime    Last Run               Last # of DB Queries
-------------------------------------------  -----  ---------  --------  ----------  --------------  -------------------  ----------------------
/opt/airflow/dags/dag_pyspark_local.py                                1           0  0.34s           2026-08-12T20:09:27                      10
/opt/airflow/dags/dag_dia.py                                          1           0  0.25s           2026-08-12T20:09:14                      12
/opt/airflow/dags/dag_lakehouse_pipeline.py                           1           0  0.17s           2026-08-12T20:09:25                      10
================================================================================
[2026-08-12T20:10:05.537+0000] {manager.py:997} INFO - 
================================================================================
DAG File Processing Stats

File Path                                    PID    Runtime      # DAGs    # Errors  Last Runtime    Last Run               Last # of DB Queries
-------------------------------------------  -----  ---------  --------  ----------  --------------  -------------------  ----------------------
/opt/airflow/dags/dag_pyspark_local.py                                1           0  0.31s           2026-08-12T20:09:58                      10
/opt/airflow/dags/dag_dia.py                                          1           0  0.25s           2026-08-12T20:09:44                      12
/opt/airflow/dags/dag_lakehouse_pipeline.py                           1           0  0.18s           2026-08-12T20:09:56                      10
================================================================================
[2026-08-12T20:10:36.393+0000] {manager.py:997} INFO - 
================================================================================
DAG File Processing Stats

File Path                                    PID    Runtime      # DAGs    # Errors  Last Runtime    Last Run               Last # of DB Queries
-------------------------------------------  -----  ---------  --------  ----------  --------------  -------------------  ----------------------
/opt/airflow/dags/dag_pyspark_local.py                                1           0  1.10s           2026-08-12T20:10:30                      10
/opt/airflow/dags/dag_lakehouse_pipeline.py                           1           0  0.36s           2026-08-12T20:10:27                      10
/opt/airflow/dags/dag_dia.py                                          1           0  0.27s           2026-08-12T20:10:15                      12
================================================================================
[2026-08-12T20:11:07.182+0000] {manager.py:997} INFO - 
================================================================================
DAG File Processing Stats

File Path                                    PID    Runtime      # DAGs    # Errors  Last Runtime    Last Run               Last # of DB Queries
-------------------------------------------  -----  ---------  --------  ----------  --------------  -------------------  ----------------------
/opt/airflow/dags/dag_dia.py                                          1           0  0.45s           2026-08-12T20:10:47                      12
/opt/airflow/dags/dag_pyspark_local.py                                1           0  0.25s           2026-08-12T20:11:01                      10
/opt/airflow/dags/dag_lakehouse_pipeline.py                           1           0  0.17s           2026-08-12T20:10:58                      10
================================================================================
[2026-08-12T20:11:37.954+0000] {manager.py:997} INFO - 
================================================================================
DAG File Processing Stats

File Path                                    PID    Runtime      # DAGs    # Errors  Last Runtime    Last Run               Last # of DB Queries
-------------------------------------------  -----  ---------  --------  ----------  --------------  -------------------  ----------------------
/opt/airflow/dags/dag_dia.py                                          1           0  0.34s           2026-08-12T20:11:17                      12
/opt/airflow/dags/dag_pyspark_local.py                                1           0  0.33s           2026-08-12T20:11:32                      10
/opt/airflow/dags/dag_lakehouse_pipeline.py                           1           0  0.21s           2026-08-12T20:11:28                      10
================================================================================
[2026-08-12T20:12:07.964+0000] {manager.py:997} INFO - 
================================================================================
DAG File Processing Stats

File Path                                    PID    Runtime      # DAGs    # Errors  Last Runtime    Last Run               Last # of DB Queries
-------------------------------------------  -----  ---------  --------  ----------  --------------  -------------------  ----------------------
/opt/airflow/dags/dag_lakehouse_pipeline.py                           1           0  0.39s           2026-08-12T20:11:59                      10
/opt/airflow/dags/dag_pyspark_local.py                                1           0  0.31s           2026-08-12T20:12:02                      10
/opt/airflow/dags/dag_dia.py                                          1           0  0.19s           2026-08-12T20:11:48                      12
================================================================================
[2026-08-12T20:12:38.184+0000] {manager.py:997} INFO - 
================================================================================
DAG File Processing Stats

File Path                                    PID    Runtime      # DAGs    # Errors  Last Runtime    Last Run               Last # of DB Queries
-------------------------------------------  -----  ---------  --------  ----------  --------------  -------------------  ----------------------
/opt/airflow/dags/dag_dia.py                                          1           0  0.78s           2026-08-12T20:12:19                      12
/opt/airflow/dags/dag_pyspark_local.py                                1           0  0.63s           2026-08-12T20:12:33                      10
/opt/airflow/dags/dag_lakehouse_pipeline.py                           1           0  0.45s           2026-08-12T20:12:30                      10
================================================================================
[2026-08-12T20:12:57.610+0000] {manager.py:821} INFO - Searching for files in /opt/airflow/dags
[2026-08-12T20:12:57.927+0000] {manager.py:824} INFO - There are 3 files in /opt/airflow/dags
[2026-08-12T20:13:08.726+0000] {manager.py:997} INFO - 
================================================================================
DAG File Processing Stats

File Path                                    PID    Runtime      # DAGs    # Errors  Last Runtime    Last Run               Last # of DB Queries
-------------------------------------------  -----  ---------  --------  ----------  --------------  -------------------  ----------------------
/opt/airflow/dags/dag_pyspark_local.py                                1           0  1.54s           2026-08-12T20:13:05                      10
/opt/airflow/dags/dag_dia.py                                          1           0  0.55s           2026-08-12T20:12:50                      12
/opt/airflow/dags/dag_lakehouse_pipeline.py                           1           0  0.31s           2026-08-12T20:13:01                      10
================================================================================
[2026-08-12T20:13:38.966+0000] {manager.py:997} INFO - 
================================================================================
DAG File Processing Stats

File Path                                    PID    Runtime      # DAGs    # Errors  Last Runtime    Last Run               Last # of DB Queries
-------------------------------------------  -----  ---------  --------  ----------  --------------  -------------------  ----------------------
/opt/airflow/dags/dag_pyspark_local.py                                1           0  0.43s           2026-08-12T20:13:36                      10
/opt/airflow/dags/dag_dia.py                                          1           0  0.36s           2026-08-12T20:13:21                      12
/opt/airflow/dags/dag_lakehouse_pipeline.py                           1           0  0.21s           2026-08-12T20:13:31                      10
================================================================================
[2026-08-12T20:14:09.144+0000] {manager.py:997} INFO - 
================================================================================
DAG File Processing Stats

File Path                                    PID    Runtime      # DAGs    # Errors  Last Runtime    Last Run               Last # of DB Queries
-------------------------------------------  -----  ---------  --------  ----------  --------------  -------------------  ----------------------
/opt/airflow/dags/dag_pyspark_local.py                                1           0  0.45s           2026-08-12T20:14:07                      10
/opt/airflow/dags/dag_lakehouse_pipeline.py                           1           0  0.27s           2026-08-12T20:14:02                      10
/opt/airflow/dags/dag_dia.py                                          1           0  0.24s           2026-08-12T20:13:52                      12
================================================================================
[2026-08-12T20:14:39.734+0000] {manager.py:997} INFO - 
================================================================================
DAG File Processing Stats

File Path                                    PID    Runtime      # DAGs    # Errors  Last Runtime    Last Run               Last # of DB Queries
-------------------------------------------  -----  ---------  --------  ----------  --------------  -------------------  ----------------------
/opt/airflow/dags/dag_dia.py                                          1           0  0.64s           2026-08-12T20:14:23                      12
/opt/airflow/dags/dag_lakehouse_pipeline.py                           1           0  0.30s           2026-08-12T20:14:33                      10
/opt/airflow/dags/dag_pyspark_local.py                                1           0  0.27s           2026-08-12T20:14:37                      10
================================================================================
[2026-08-12T20:15:09.912+0000] {manager.py:997} INFO - 
================================================================================
DAG File Processing Stats

File Path                                    PID    Runtime      # DAGs    # Errors  Last Runtime    Last Run               Last # of DB Queries
-------------------------------------------  -----  ---------  --------  ----------  --------------  -------------------  ----------------------
/opt/airflow/dags/dag_pyspark_local.py                                1           0  0.37s           2026-08-12T20:15:08                      10
/opt/airflow/dags/dag_lakehouse_pipeline.py                           1           0  0.29s           2026-08-12T20:15:04                      10
/opt/airflow/dags/dag_dia.py                                          1           0  0.28s           2026-08-12T20:14:54                      12
================================================================================
[2026-08-12T20:15:40.308+0000] {manager.py:997} INFO - 
================================================================================
DAG File Processing Stats

File Path                                    PID    Runtime      # DAGs    # Errors  Last Runtime    Last Run               Last # of DB Queries
-------------------------------------------  -----  ---------  --------  ----------  --------------  -------------------  ----------------------
/opt/airflow/dags/dag_pyspark_local.py                                1           0  0.46s           2026-08-12T20:15:39                      10
/opt/airflow/dags/dag_lakehouse_pipeline.py                           1           0  0.28s           2026-08-12T20:15:35                      10
/opt/airflow/dags/dag_dia.py                                          1           0  0.22s           2026-08-12T20:15:25                      12
================================================================================
[2026-08-12T20:16:11.046+0000] {manager.py:997} INFO - 
================================================================================
DAG File Processing Stats

File Path                                    PID    Runtime      # DAGs    # Errors  Last Runtime    Last Run               Last # of DB Queries
-------------------------------------------  -----  ---------  --------  ----------  --------------  -------------------  ----------------------
/opt/airflow/dags/dag_pyspark_local.py                                1           0  0.96s           2026-08-12T20:16:11                      10
/opt/airflow/dags/dag_lakehouse_pipeline.py                           1           0  0.36s           2026-08-12T20:16:06                      10
/opt/airflow/dags/dag_dia.py                                          1           0  0.25s           2026-08-12T20:15:55                      12
================================================================================
[2026-08-12T20:16:41.104+0000] {manager.py:997} INFO - 
================================================================================
DAG File Processing Stats

File Path                                      PID  Runtime      # DAGs    # Errors  Last Runtime    Last Run               Last # of DB Queries
-------------------------------------------  -----  ---------  --------  ----------  --------------  -------------------  ----------------------
/opt/airflow/dags/dag_pyspark_local.py        9400  0.00s             1           0  0.96s           2026-08-12T20:16:11                      10
/opt/airflow/dags/dag_lakehouse_pipeline.py                           1           0  0.34s           2026-08-12T20:16:37                      10
/opt/airflow/dags/dag_dia.py                                          1           0  0.21s           2026-08-12T20:16:26                      12
================================================================================
[2026-08-12T20:17:11.474+0000] {manager.py:997} INFO - 
================================================================================
DAG File Processing Stats

File Path                                    PID    Runtime      # DAGs    # Errors  Last Runtime    Last Run               Last # of DB Queries
-------------------------------------------  -----  ---------  --------  ----------  --------------  -------------------  ----------------------
/opt/airflow/dags/dag_dia.py                                          1           0  0.47s           2026-08-12T20:16:57                      12
/opt/airflow/dags/dag_pyspark_local.py                                1           0  0.40s           2026-08-12T20:16:41                      10
/opt/airflow/dags/dag_lakehouse_pipeline.py                           1           0  0.22s           2026-08-12T20:17:07                      10
================================================================================
[2026-08-12T20:17:41.898+0000] {manager.py:997} INFO - 
================================================================================
DAG File Processing Stats

File Path                                      PID  Runtime      # DAGs    # Errors  Last Runtime    Last Run               Last # of DB Queries
-------------------------------------------  -----  ---------  --------  ----------  --------------  -------------------  ----------------------
/opt/airflow/dags/dag_dia.py                                          1           0  0.59s           2026-08-12T20:17:28                      12
/opt/airflow/dags/dag_pyspark_local.py        9420  0.00s             1           0  0.27s           2026-08-12T20:17:11                      10
/opt/airflow/dags/dag_lakehouse_pipeline.py                           1           0  0.21s           2026-08-12T20:17:37                      10
================================================================================
[2026-08-12T20:17:58.365+0000] {manager.py:821} INFO - Searching for files in /opt/airflow/dags
[2026-08-12T20:17:58.699+0000] {manager.py:824} INFO - There are 3 files in /opt/airflow/dags
[2026-08-12T20:18:11.981+0000] {manager.py:997} INFO - 
================================================================================
DAG File Processing Stats

File Path                                    PID    Runtime      # DAGs    # Errors  Last Runtime    Last Run               Last # of DB Queries
-------------------------------------------  -----  ---------  --------  ----------  --------------  -------------------  ----------------------
/opt/airflow/dags/dag_pyspark_local.py                                1           0  0.25s           2026-08-12T20:17:42                      10
/opt/airflow/dags/dag_lakehouse_pipeline.py                           1           0  0.24s           2026-08-12T20:17:43                      10
/opt/airflow/dags/dag_dia.py                                          1           0  0.23s           2026-08-12T20:17:58                      12
================================================================================
[2026-08-12T20:18:42.540+0000] {manager.py:997} INFO - 
================================================================================
DAG File Processing Stats

File Path                                    PID    Runtime      # DAGs    # Errors  Last Runtime    Last Run               Last # of DB Queries
-------------------------------------------  -----  ---------  --------  ----------  --------------  -------------------  ----------------------
/opt/airflow/dags/dag_dia.py                                          1           0  0.95s           2026-08-12T20:18:30                      12
/opt/airflow/dags/dag_pyspark_local.py                                1           0  0.50s           2026-08-12T20:18:12                      10
/opt/airflow/dags/dag_lakehouse_pipeline.py                           1           0  0.27s           2026-08-12T20:18:14                      10
================================================================================
[2026-08-12T20:19:12.588+0000] {manager.py:997} INFO - 
================================================================================
DAG File Processing Stats

File Path                                    PID    Runtime      # DAGs    # Errors  Last Runtime    Last Run               Last # of DB Queries
-------------------------------------------  -----  ---------  --------  ----------  --------------  -------------------  ----------------------
/opt/airflow/dags/dag_pyspark_local.py                                1           0  0.85s           2026-08-12T20:18:44                      10
/opt/airflow/dags/dag_lakehouse_pipeline.py                           1           0  0.29s           2026-08-12T20:18:48                      10
/opt/airflow/dags/dag_dia.py                                          1           0  0.23s           2026-08-12T20:19:00                      12
================================================================================
[2026-08-12T20:19:42.796+0000] {manager.py:997} INFO - 
================================================================================
DAG File Processing Stats

File Path                                    PID    Runtime      # DAGs    # Errors  Last Runtime    Last Run               Last # of DB Queries
-------------------------------------------  -----  ---------  --------  ----------  --------------  -------------------  ----------------------
/opt/airflow/dags/dag_pyspark_local.py                                1           0  2.49s           2026-08-12T20:19:17                      10
/opt/airflow/dags/dag_dia.py                                          1           0  1.98s           2026-08-12T20:19:32                      12
/opt/airflow/dags/dag_lakehouse_pipeline.py                           1           0  1.55s           2026-08-12T20:19:20                      10
================================================================================
[2026-08-12T20:20:12.856+0000] {manager.py:997} INFO - 
================================================================================
DAG File Processing Stats

File Path                                    PID    Runtime      # DAGs    # Errors  Last Runtime    Last Run               Last # of DB Queries
-------------------------------------------  -----  ---------  --------  ----------  --------------  -------------------  ----------------------
/opt/airflow/dags/dag_dia.py                                          1           0  1.30s           2026-08-12T20:20:04                      12
/opt/airflow/dags/dag_pyspark_local.py                                1           0  0.34s           2026-08-12T20:19:48                      10
/opt/airflow/dags/dag_lakehouse_pipeline.py                           1           0  0.24s           2026-08-12T20:19:51                      10
================================================================================
[2026-08-12T20:20:43.097+0000] {manager.py:997} INFO - 
================================================================================
DAG File Processing Stats

File Path                                      PID  Runtime      # DAGs    # Errors  Last Runtime    Last Run               Last # of DB Queries
-------------------------------------------  -----  ---------  --------  ----------  --------------  -------------------  ----------------------
/opt/airflow/dags/dag_dia.py                                          1           0  6.69s           2026-08-12T20:20:43                      12
/opt/airflow/dags/dag_pyspark_local.py                                1           0  2.34s           2026-08-12T20:20:21                      10
/opt/airflow/dags/dag_lakehouse_pipeline.py   9494  1.34s             1           0  1.82s           2026-08-12T20:20:23                      10
================================================================================
[2026-08-12T20:21:13.604+0000] {manager.py:997} INFO - 
================================================================================
DAG File Processing Stats

File Path                                      PID  Runtime      # DAGs    # Errors  Last Runtime    Last Run               Last # of DB Queries
-------------------------------------------  -----  ---------  --------  ----------  --------------  -------------------  ----------------------
/opt/airflow/dags/dag_pyspark_local.py                                1           0  9.08s           2026-08-12T20:21:01                      10
/opt/airflow/dags/dag_dia.py                  9512  0.18s             1           0  6.69s           2026-08-12T20:20:43                      12
/opt/airflow/dags/dag_lakehouse_pipeline.py                           1           0  3.71s           2026-08-12T20:20:45                      10
================================================================================
[2026-08-12T20:21:43.763+0000] {manager.py:997} INFO - 
================================================================================
DAG File Processing Stats

File Path                                    PID    Runtime      # DAGs    # Errors  Last Runtime    Last Run               Last # of DB Queries
-------------------------------------------  -----  ---------  --------  ----------  --------------  -------------------  ----------------------
/opt/airflow/dags/dag_dia.py                                          1           0  2.16s           2026-08-12T20:21:15                      12
/opt/airflow/dags/dag_lakehouse_pipeline.py                           1           0  2.09s           2026-08-12T20:21:17                      10
/opt/airflow/dags/dag_pyspark_local.py                                1           0  1.62s           2026-08-12T20:21:33                      10
================================================================================
[2026-08-12T20:22:13.910+0000] {manager.py:997} INFO - 
================================================================================
DAG File Processing Stats

File Path                                    PID    Runtime      # DAGs    # Errors  Last Runtime    Last Run               Last # of DB Queries
-------------------------------------------  -----  ---------  --------  ----------  --------------  -------------------  ----------------------
/opt/airflow/dags/dag_lakehouse_pipeline.py                           1           0  2.70s           2026-08-12T20:21:51                      10
/opt/airflow/dags/dag_pyspark_local.py                                1           0  1.42s           2026-08-12T20:22:05                      10
/opt/airflow/dags/dag_dia.py                                          1           0  1.27s           2026-08-12T20:21:47                      12
================================================================================
[2026-08-12T20:22:44.095+0000] {manager.py:997} INFO - 
================================================================================
DAG File Processing Stats

File Path                                    PID    Runtime      # DAGs    # Errors  Last Runtime    Last Run               Last # of DB Queries
-------------------------------------------  -----  ---------  --------  ----------  --------------  -------------------  ----------------------
/opt/airflow/dags/dag_dia.py                                          1           0  2.97s           2026-08-12T20:22:21                      12
/opt/airflow/dags/dag_lakehouse_pipeline.py                           1           0  1.89s           2026-08-12T20:22:23                      10
/opt/airflow/dags/dag_pyspark_local.py                                1           0  1.29s           2026-08-12T20:22:36                      10
================================================================================
[2026-08-12T20:22:58.544+0000] {manager.py:821} INFO - Searching for files in /opt/airflow/dags
[2026-08-12T20:22:58.786+0000] {manager.py:824} INFO - There are 3 files in /opt/airflow/dags
[2026-08-12T20:23:14.597+0000] {manager.py:997} INFO - 
================================================================================
DAG File Processing Stats

File Path                                    PID    Runtime      # DAGs    # Errors  Last Runtime    Last Run               Last # of DB Queries
-------------------------------------------  -----  ---------  --------  ----------  --------------  -------------------  ----------------------
/opt/airflow/dags/dag_pyspark_local.py                                1           0  0.27s           2026-08-12T20:23:07                      10
/opt/airflow/dags/dag_dia.py                                          1           0  0.27s           2026-08-12T20:22:51                      12
/opt/airflow/dags/dag_lakehouse_pipeline.py                           1           0  0.18s           2026-08-12T20:22:53                      10
================================================================================
[2026-08-12T20:23:44.691+0000] {manager.py:997} INFO - 
================================================================================
DAG File Processing Stats

File Path                                    PID    Runtime      # DAGs    # Errors  Last Runtime    Last Run               Last # of DB Queries
-------------------------------------------  -----  ---------  --------  ----------  --------------  -------------------  ----------------------
/opt/airflow/dags/dag_dia.py                                          1           0  0.30s           2026-08-12T20:23:22                      12
/opt/airflow/dags/dag_pyspark_local.py                                1           0  0.27s           2026-08-12T20:23:38                      10
/opt/airflow/dags/dag_lakehouse_pipeline.py                           1           0  0.24s           2026-08-12T20:23:24                      10
================================================================================
[2026-08-12T20:24:14.700+0000] {manager.py:997} INFO - 
================================================================================
DAG File Processing Stats

File Path                                    PID    Runtime      # DAGs    # Errors  Last Runtime    Last Run               Last # of DB Queries
-------------------------------------------  -----  ---------  --------  ----------  --------------  -------------------  ----------------------
/opt/airflow/dags/dag_pyspark_local.py                                1           0  0.36s           2026-08-12T20:24:09                      10
/opt/airflow/dags/dag_dia.py                                          1           0  0.23s           2026-08-12T20:23:52                      12
/opt/airflow/dags/dag_lakehouse_pipeline.py                           1           0  0.21s           2026-08-12T20:24:14                      10
================================================================================
[2026-08-12T20:24:45.377+0000] {manager.py:997} INFO - 
================================================================================
DAG File Processing Stats

File Path                                      PID  Runtime      # DAGs    # Errors  Last Runtime    Last Run               Last # of DB Queries
-------------------------------------------  -----  ---------  --------  ----------  --------------  -------------------  ----------------------
/opt/airflow/dags/dag_pyspark_local.py                                1           0  0.27s           2026-08-12T20:24:40                      10
/opt/airflow/dags/dag_lakehouse_pipeline.py   9568  0.01s             1           0  0.21s           2026-08-12T20:24:14                      10
/opt/airflow/dags/dag_dia.py                                          1           0  0.21s           2026-08-12T20:24:23                      12
================================================================================
[2026-08-12T20:25:15.481+0000] {manager.py:997} INFO - 
================================================================================
DAG File Processing Stats

File Path                                    PID    Runtime      # DAGs    # Errors  Last Runtime    Last Run               Last # of DB Queries
-------------------------------------------  -----  ---------  --------  ----------  --------------  -------------------  ----------------------
/opt/airflow/dags/dag_dia.py                                          1           0  0.49s           2026-08-12T20:24:55                      12
/opt/airflow/dags/dag_lakehouse_pipeline.py                           1           0  0.36s           2026-08-12T20:24:45                      10
/opt/airflow/dags/dag_pyspark_local.py                                1           0  0.23s           2026-08-12T20:25:10                      10
================================================================================
[2026-08-12T20:25:46.208+0000] {manager.py:997} INFO - 
================================================================================
DAG File Processing Stats

File Path                                    PID    Runtime      # DAGs    # Errors  Last Runtime    Last Run               Last # of DB Queries
-------------------------------------------  -----  ---------  --------  ----------  --------------  -------------------  ----------------------
/opt/airflow/dags/dag_dia.py                                          1           0  0.28s           2026-08-12T20:25:25                      12
/opt/airflow/dags/dag_pyspark_local.py                                1           0  0.28s           2026-08-12T20:25:41                      10
/opt/airflow/dags/dag_lakehouse_pipeline.py                           1           0  0.21s           2026-08-12T20:25:16                      10
================================================================================
[2026-08-12T20:26:16.886+0000] {manager.py:997} INFO - 
================================================================================
DAG File Processing Stats

File Path                                    PID    Runtime      # DAGs    # Errors  Last Runtime    Last Run               Last # of DB Queries
-------------------------------------------  -----  ---------  --------  ----------  --------------  -------------------  ----------------------
/opt/airflow/dags/dag_pyspark_local.py                                1           0  0.34s           2026-08-12T20:26:12                      10
/opt/airflow/dags/dag_dia.py                                          1           0  0.21s           2026-08-12T20:25:56                      12
/opt/airflow/dags/dag_lakehouse_pipeline.py                           1           0  0.16s           2026-08-12T20:25:47                      10
================================================================================
[2026-08-12T20:26:46.921+0000] {manager.py:997} INFO - 
================================================================================
DAG File Processing Stats

File Path                                    PID    Runtime      # DAGs    # Errors  Last Runtime    Last Run               Last # of DB Queries
-------------------------------------------  -----  ---------  --------  ----------  --------------  -------------------  ----------------------
/opt/airflow/dags/dag_pyspark_local.py                                1           0  0.36s           2026-08-12T20:26:42                      10
/opt/airflow/dags/dag_dia.py                                          1           0  0.22s           2026-08-12T20:26:27                      12
/opt/airflow/dags/dag_lakehouse_pipeline.py                           1           0  0.19s           2026-08-12T20:26:18                      10
================================================================================
[2026-08-12T20:27:17.312+0000] {manager.py:997} INFO - 
================================================================================
DAG File Processing Stats

File Path                                    PID    Runtime      # DAGs    # Errors  Last Runtime    Last Run               Last # of DB Queries
-------------------------------------------  -----  ---------  --------  ----------  --------------  -------------------  ----------------------
/opt/airflow/dags/dag_lakehouse_pipeline.py                           1           0  0.26s           2026-08-12T20:26:48                      10
/opt/airflow/dags/dag_pyspark_local.py                                1           0  0.22s           2026-08-12T20:27:13                      10
/opt/airflow/dags/dag_dia.py                                          1           0  0.22s           2026-08-12T20:26:57                      12
================================================================================
[2026-08-12T20:27:47.545+0000] {manager.py:997} INFO - 
================================================================================
DAG File Processing Stats

File Path                                    PID    Runtime      # DAGs    # Errors  Last Runtime    Last Run               Last # of DB Queries
-------------------------------------------  -----  ---------  --------  ----------  --------------  -------------------  ----------------------
/opt/airflow/dags/dag_pyspark_local.py                                1           0  0.58s           2026-08-12T20:27:44                      10
/opt/airflow/dags/dag_lakehouse_pipeline.py                           1           0  0.26s           2026-08-12T20:27:19                      10
/opt/airflow/dags/dag_dia.py                                          1           0  0.18s           2026-08-12T20:27:28                      12
================================================================================
[2026-08-12T20:27:58.770+0000] {manager.py:821} INFO - Searching for files in /opt/airflow/dags
[2026-08-12T20:27:59.223+0000] {manager.py:824} INFO - There are 6 files in /opt/airflow/dags
[2026-08-12T20:28:17.941+0000] {manager.py:997} INFO - 
================================================================================
DAG File Processing Stats

File Path                                          PID  Runtime      # DAGs    # Errors  Last Runtime    Last Run               Last # of DB Queries
-----------------------------------------------  -----  ---------  --------  ----------  --------------  -------------------  ----------------------
/opt/airflow/dags/scripts/bronze_customers.py                             0           1  16.44s          2026-08-12T20:28:15                       3
/opt/airflow/dags/scripts/bronze_order_items.py                           0           1  16.42s          2026-08-12T20:28:15                       3
/opt/airflow/dags/dag_pyspark_local.py           10015  0.52s             1           0  0.58s           2026-08-12T20:27:44                      10
/opt/airflow/dags/dag_lakehouse_pipeline.py                               1           0  0.54s           2026-08-12T20:28:16                      10
/opt/airflow/dags/dag_dia.py                                              1           0  0.50s           2026-08-12T20:28:16                      12
/opt/airflow/dags/scripts/bronze_orders.py        9925  2.10s             0           0                                                            0
================================================================================
[2026-08-12T20:28:48.032+0000] {manager.py:997} INFO - 
================================================================================
DAG File Processing Stats

File Path                                          PID  Runtime      # DAGs    # Errors  Last Runtime    Last Run               Last # of DB Queries
-----------------------------------------------  -----  ---------  --------  ----------  --------------  -------------------  ----------------------
/opt/airflow/dags/scripts/bronze_orders.py                                0           1  28.81s          2026-08-12T20:28:44                       3
/opt/airflow/dags/scripts/bronze_customers.py    10155  1.22s             0           1  16.44s          2026-08-12T20:28:15                       3
/opt/airflow/dags/scripts/bronze_order_items.py  10156  1.11s             0           1  16.42s          2026-08-12T20:28:15                       3
/opt/airflow/dags/dag_pyspark_local.py                                    1           0  0.67s           2026-08-12T20:28:18                      10
/opt/airflow/dags/dag_lakehouse_pipeline.py                               1           0  0.54s           2026-08-12T20:28:16                      10
/opt/airflow/dags/dag_dia.py                                              1           0  0.50s           2026-08-12T20:28:16                      12
================================================================================
[2026-08-12T20:29:17.257+0000] {manager.py:1146} ERROR - Processor for /opt/airflow/dags/scripts/bronze_customers.py exited with return code 1.
[2026-08-12T20:29:17.487+0000] {manager.py:1146} ERROR - Processor for /opt/airflow/dags/scripts/bronze_order_items.py exited with return code 1.
[2026-08-12T20:29:18.673+0000] {manager.py:997} INFO - 
================================================================================
DAG File Processing Stats

File Path                                          PID  Runtime      # DAGs    # Errors  Last Runtime    Last Run               Last # of DB Queries
-----------------------------------------------  -----  ---------  --------  ----------  --------------  -------------------  ----------------------
/opt/airflow/dags/scripts/bronze_order_items.py                           0          -1  30.59s          2026-08-12T20:29:17                       0
/opt/airflow/dags/scripts/bronze_customers.py                             0          -1  30.47s          2026-08-12T20:29:17                       0
/opt/airflow/dags/scripts/bronze_orders.py       10439  0.71s             0           1  28.81s          2026-08-12T20:28:44                       3
/opt/airflow/dags/dag_pyspark_local.py                                    1           0  0.67s           2026-08-12T20:28:18                      10
/opt/airflow/dags/dag_lakehouse_pipeline.py      10415  1.23s             1           0  0.54s           2026-08-12T20:28:16                      10
/opt/airflow/dags/dag_dia.py                                              1           0  0.50s           2026-08-12T20:28:16                      12
================================================================================
[2026-08-12T20:29:48.961+0000] {manager.py:997} INFO - 
================================================================================
DAG File Processing Stats

File Path                                          PID  Runtime      # DAGs    # Errors  Last Runtime    Last Run               Last # of DB Queries
-----------------------------------------------  -----  ---------  --------  ----------  --------------  -------------------  ----------------------
/opt/airflow/dags/scripts/bronze_order_items.py  10670  1.05s             0          -1  30.59s          2026-08-12T20:29:17                       0
/opt/airflow/dags/scripts/bronze_customers.py    10669  1.08s             0          -1  30.47s          2026-08-12T20:29:17                       0
/opt/airflow/dags/scripts/bronze_orders.py                                0           1  18.86s          2026-08-12T20:29:36                       5
/opt/airflow/dags/dag_pyspark_local.py                                    1           0  1.72s           2026-08-12T20:29:20                      10
/opt/airflow/dags/dag_lakehouse_pipeline.py                               1           0  1.51s           2026-08-12T20:29:18                      10
/opt/airflow/dags/dag_dia.py                                              1           0  0.66s           2026-08-12T20:29:21                      12
================================================================================
[2026-08-12T20:30:19.143+0000] {manager.py:997} INFO - 
================================================================================
DAG File Processing Stats

File Path                                        PID    Runtime      # DAGs    # Errors  Last Runtime    Last Run               Last # of DB Queries
-----------------------------------------------  -----  ---------  --------  ----------  --------------  -------------------  ----------------------
/opt/airflow/dags/scripts/bronze_customers.py                             0           1  17.25s          2026-08-12T20:30:05                       5
/opt/airflow/dags/scripts/bronze_order_items.py                           0           1  17.01s          2026-08-12T20:30:04                       5
/opt/airflow/dags/scripts/bronze_orders.py                                0           1  6.91s           2026-08-12T20:30:13                       5
/opt/airflow/dags/dag_pyspark_local.py                                    1           0  0.72s           2026-08-12T20:30:05                      10
/opt/airflow/dags/dag_dia.py                                              1           0  0.58s           2026-08-12T20:30:06                      12
/opt/airflow/dags/dag_lakehouse_pipeline.py                               1           0  0.44s           2026-08-12T20:30:05                      10
================================================================================
[2026-08-12T20:30:49.208+0000] {manager.py:997} INFO - 
================================================================================
DAG File Processing Stats

File Path                                          PID  Runtime      # DAGs    # Errors  Last Runtime    Last Run               Last # of DB Queries
-----------------------------------------------  -----  ---------  --------  ----------  --------------  -------------------  ----------------------
/opt/airflow/dags/scripts/bronze_customers.py                             0           1  14.00s          2026-08-12T20:30:49                       5
/opt/airflow/dags/scripts/bronze_order_items.py                           0           1  13.90s          2026-08-12T20:30:49                       5
/opt/airflow/dags/scripts/bronze_orders.py                                0           1  6.91s           2026-08-12T20:30:13                       5
/opt/airflow/dags/dag_pyspark_local.py                                    1           0  0.72s           2026-08-12T20:30:05                      10
/opt/airflow/dags/dag_dia.py                                              1           0  0.58s           2026-08-12T20:30:06                      12
/opt/airflow/dags/dag_lakehouse_pipeline.py      11440  0.02s             1           0  0.44s           2026-08-12T20:30:05                      10
================================================================================
[2026-08-12T20:31:19.232+0000] {manager.py:997} INFO - 
================================================================================
DAG File Processing Stats

File Path                                          PID  Runtime      # DAGs    # Errors  Last Runtime    Last Run               Last # of DB Queries
-----------------------------------------------  -----  ---------  --------  ----------  --------------  -------------------  ----------------------
/opt/airflow/dags/scripts/bronze_customers.py                             0           1  14.00s          2026-08-12T20:30:49                       5
/opt/airflow/dags/scripts/bronze_order_items.py  11687  0.00s             0           1  13.90s          2026-08-12T20:30:49                       5
/opt/airflow/dags/scripts/bronze_orders.py                                0           1  7.01s           2026-08-12T20:30:56                       5
/opt/airflow/dags/dag_pyspark_local.py                                    1           0  0.53s           2026-08-12T20:30:50                      10
/opt/airflow/dags/dag_lakehouse_pipeline.py                               1           0  0.45s           2026-08-12T20:30:49                      10
/opt/airflow/dags/dag_dia.py                                              1           0  0.29s           2026-08-12T20:30:50                      12
================================================================================
[2026-08-12T20:31:50.001+0000] {manager.py:997} INFO - 
================================================================================
DAG File Processing Stats

File Path                                          PID  Runtime      # DAGs    # Errors  Last Runtime    Last Run               Last # of DB Queries
-----------------------------------------------  -----  ---------  --------  ----------  --------------  -------------------  ----------------------
/opt/airflow/dags/scripts/bronze_customers.py                             0           1  13.87s          2026-08-12T20:31:33                       5
/opt/airflow/dags/scripts/bronze_order_items.py                           0           1  12.71s          2026-08-12T20:31:31                       5
/opt/airflow/dags/scripts/bronze_orders.py       11982  17.31s            0           1  7.01s           2026-08-12T20:30:56                       5
/opt/airflow/dags/dag_pyspark_local.py                                    1           0  2.38s           2026-08-12T20:31:36                      10
/opt/airflow/dags/dag_dia.py                                              1           0  1.12s           2026-08-12T20:31:37                      12
/opt/airflow/dags/dag_lakehouse_pipeline.py                               1           0  0.63s           2026-08-12T20:31:32                      10
================================================================================
[2026-08-12T20:32:20.246+0000] {manager.py:997} INFO - 
================================================================================
DAG File Processing Stats

File Path                                        PID    Runtime      # DAGs    # Errors  Last Runtime    Last Run               Last # of DB Queries
-----------------------------------------------  -----  ---------  --------  ----------  --------------  -------------------  ----------------------
/opt/airflow/dags/scripts/bronze_orders.py                                0           1  18.49s          2026-08-12T20:31:51                       5
/opt/airflow/dags/scripts/bronze_customers.py                             0           1  14.68s          2026-08-12T20:32:19                       5
/opt/airflow/dags/scripts/bronze_order_items.py                           0           1  13.87s          2026-08-12T20:32:16                       5
/opt/airflow/dags/dag_pyspark_local.py                                    1           0  0.93s           2026-08-12T20:32:17                      10
/opt/airflow/dags/dag_lakehouse_pipeline.py                               1           0  0.90s           2026-08-12T20:32:04                      10
/opt/airflow/dags/dag_dia.py                                              1           0  0.51s           2026-08-12T20:32:17                      12
================================================================================
[2026-08-12T20:32:50.472+0000] {manager.py:997} INFO - 
================================================================================
DAG File Processing Stats

File Path                                          PID  Runtime      # DAGs    # Errors  Last Runtime    Last Run               Last # of DB Queries
-----------------------------------------------  -----  ---------  --------  ----------  --------------  -------------------  ----------------------
/opt/airflow/dags/scripts/bronze_customers.py    12769  1.05s             0           1  14.68s          2026-08-12T20:32:19                       5
/opt/airflow/dags/scripts/bronze_order_items.py  12714  5.23s             0           1  13.87s          2026-08-12T20:32:16                       5
/opt/airflow/dags/scripts/bronze_orders.py                                0           1  10.46s          2026-08-12T20:32:31                       5
/opt/airflow/dags/dag_pyspark_local.py                                    1           0  0.79s           2026-08-12T20:32:48                      10
/opt/airflow/dags/dag_dia.py                                              1           0  0.50s           2026-08-12T20:32:48                      12
/opt/airflow/dags/dag_lakehouse_pipeline.py                               1           0  0.17s           2026-08-12T20:32:34                      10
================================================================================
[2026-08-12T20:32:58.856+0000] {manager.py:821} INFO - Searching for files in /opt/airflow/dags
[2026-08-12T20:33:00.259+0000] {manager.py:824} INFO - There are 6 files in /opt/airflow/dags
[2026-08-12T20:33:20.752+0000] {manager.py:997} INFO - 
================================================================================
DAG File Processing Stats

File Path                                        PID    Runtime      # DAGs    # Errors  Last Runtime    Last Run               Last # of DB Queries
-----------------------------------------------  -----  ---------  --------  ----------  --------------  -------------------  ----------------------
/opt/airflow/dags/scripts/bronze_customers.py                             0           1  18.45s          2026-08-12T20:33:07                       5
/opt/airflow/dags/scripts/bronze_order_items.py                           0           1  17.07s          2026-08-12T20:33:02                       5
/opt/airflow/dags/scripts/bronze_orders.py                                0           1  14.86s          2026-08-12T20:33:17                       5
/opt/airflow/dags/dag_pyspark_local.py                                    1           0  0.47s           2026-08-12T20:33:18                      10
/opt/airflow/dags/dag_lakehouse_pipeline.py                               1           0  0.46s           2026-08-12T20:33:08                      10
/opt/airflow/dags/dag_dia.py                                              1           0  0.30s           2026-08-12T20:33:19                      12
================================================================================
[2026-08-12T20:33:50.784+0000] {manager.py:997} INFO - 
================================================================================
DAG File Processing Stats

File Path                                          PID  Runtime      # DAGs    # Errors  Last Runtime    Last Run               Last # of DB Queries
-----------------------------------------------  -----  ---------  --------  ----------  --------------  -------------------  ----------------------
/opt/airflow/dags/scripts/bronze_customers.py    13313  12.75s            0           1  18.45s          2026-08-12T20:33:07                       5
/opt/airflow/dags/scripts/bronze_order_items.py                           0           1  15.88s          2026-08-12T20:33:48                       5
/opt/airflow/dags/scripts/bronze_orders.py       13512  1.04s             0           1  14.86s          2026-08-12T20:33:17                       5
/opt/airflow/dags/dag_lakehouse_pipeline.py                               1           0  0.89s           2026-08-12T20:33:49                      10
/opt/airflow/dags/dag_pyspark_local.py                                    1           0  0.47s           2026-08-12T20:33:18                      10
/opt/airflow/dags/dag_dia.py                                              1           0  0.30s           2026-08-12T20:33:19                      12
================================================================================
[2026-08-12T20:34:21.102+0000] {manager.py:997} INFO - 
================================================================================
DAG File Processing Stats

File Path                                          PID  Runtime      # DAGs    # Errors  Last Runtime    Last Run               Last # of DB Queries
-----------------------------------------------  -----  ---------  --------  ----------  --------------  -------------------  ----------------------
/opt/airflow/dags/scripts/bronze_customers.py                             0           1  16.98s          2026-08-12T20:33:55                       5
/opt/airflow/dags/scripts/bronze_order_items.py  13767  1.58s             0           1  15.88s          2026-08-12T20:33:48                       5
/opt/airflow/dags/scripts/bronze_orders.py                                0           1  10.74s          2026-08-12T20:34:00                       5
/opt/airflow/dags/dag_lakehouse_pipeline.py      13768  1.15s             1           0  0.89s           2026-08-12T20:33:49                      10
/opt/airflow/dags/dag_pyspark_local.py                                    1           0  0.63s           2026-08-12T20:33:55                      10
/opt/airflow/dags/dag_dia.py                                              1           0  0.38s           2026-08-12T20:33:56                      12
================================================================================
[2026-08-12T20:34:50.343+0000] {manager.py:1146} ERROR - Processor for /opt/airflow/dags/scripts/bronze_order_items.py exited with return code 1.
[2026-08-12T20:34:51.567+0000] {manager.py:997} INFO - 
================================================================================
DAG File Processing Stats

File Path                                          PID  Runtime      # DAGs    # Errors  Last Runtime    Last Run               Last # of DB Queries
-----------------------------------------------  -----  ---------  --------  ----------  --------------  -------------------  ----------------------
/opt/airflow/dags/scripts/bronze_order_items.py                           0          -1  30.84s          2026-08-12T20:34:50                       0
/opt/airflow/dags/scripts/bronze_customers.py    13815  25.75s            0           1  16.98s          2026-08-12T20:33:55                       5
/opt/airflow/dags/scripts/bronze_orders.py                                0           1  10.74s          2026-08-12T20:34:00                       5
/opt/airflow/dags/dag_lakehouse_pipeline.py                               1           0  1.32s           2026-08-12T20:34:21                      10
/opt/airflow/dags/dag_pyspark_local.py           13885  1.08s             1           0  0.63s           2026-08-12T20:33:55                      10
/opt/airflow/dags/dag_dia.py                                              1           0  0.38s           2026-08-12T20:33:56                      12
================================================================================
[2026-08-12T20:34:56.946+0000] {manager.py:1146} ERROR - Processor for /opt/airflow/dags/scripts/bronze_customers.py exited with return code 1.
[2026-08-12T20:35:22.282+0000] {manager.py:997} INFO - 
================================================================================
DAG File Processing Stats

File Path                                          PID  Runtime      # DAGs    # Errors  Last Runtime    Last Run               Last # of DB Queries
-----------------------------------------------  -----  ---------  --------  ----------  --------------  -------------------  ----------------------
/opt/airflow/dags/scripts/bronze_customers.py                             0          -1  31.09s          2026-08-12T20:34:56                       0
/opt/airflow/dags/scripts/bronze_order_items.py  13972  1.15s             0          -1  30.84s          2026-08-12T20:34:50                       0
/opt/airflow/dags/scripts/bronze_orders.py       13892  28.45s            0           1  10.74s          2026-08-12T20:34:00                       5
/opt/airflow/dags/dag_pyspark_local.py                                    1           0  2.97s           2026-08-12T20:34:53                      10
/opt/airflow/dags/dag_lakehouse_pipeline.py                               1           0  2.25s           2026-08-12T20:34:59                      10
/opt/airflow/dags/dag_dia.py                                              1           0  1.80s           2026-08-12T20:35:01                      12
================================================================================
[2026-08-12T20:35:24.868+0000] {manager.py:1146} ERROR - Processor for /opt/airflow/dags/scripts/bronze_orders.py exited with return code 1.
[2026-08-12T20:35:52.540+0000] {manager.py:1146} ERROR - Processor for /opt/airflow/dags/scripts/bronze_order_items.py exited with return code 1.
[2026-08-12T20:35:53.208+0000] {manager.py:997} INFO - 
================================================================================
DAG File Processing Stats

File Path                                          PID  Runtime      # DAGs    # Errors  Last Runtime    Last Run               Last # of DB Queries
-----------------------------------------------  -----  ---------  --------  ----------  --------------  -------------------  ----------------------
/opt/airflow/dags/scripts/bronze_order_items.py                           0          -1  31.39s          2026-08-12T20:35:52                       0
/opt/airflow/dags/scripts/bronze_customers.py    14023  25.33s            0          -1  31.09s          2026-08-12T20:34:56                       0
/opt/airflow/dags/scripts/bronze_orders.py                                0          -1  31.03s          2026-08-12T20:35:24                       0
/opt/airflow/dags/dag_pyspark_local.py                                    1           0  2.66s           2026-08-12T20:35:27                      10
/opt/airflow/dags/dag_lakehouse_pipeline.py      14085  0.15s             1           0  2.25s           2026-08-12T20:34:59                      10
/opt/airflow/dags/dag_dia.py                                              1           0  1.80s           2026-08-12T20:35:01                      12
================================================================================
[2026-08-12T20:35:58.366+0000] {manager.py:1146} ERROR - Processor for /opt/airflow/dags/scripts/bronze_customers.py exited with return code 1.
[2026-08-12T20:36:23.381+0000] {manager.py:997} INFO - 
================================================================================
DAG File Processing Stats

File Path                                          PID  Runtime      # DAGs    # Errors  Last Runtime    Last Run               Last # of DB Queries
-----------------------------------------------  -----  ---------  --------  ----------  --------------  -------------------  ----------------------
/opt/airflow/dags/scripts/bronze_order_items.py  14171  0.53s             0          -1  31.39s          2026-08-12T20:35:52                       0
/opt/airflow/dags/scripts/bronze_orders.py       14096  24.37s            0          -1  31.03s          2026-08-12T20:35:24                       0
/opt/airflow/dags/scripts/bronze_customers.py                             0          -1  30.50s          2026-08-12T20:35:58                       0
/opt/airflow/dags/dag_lakehouse_pipeline.py                               1           0  4.77s           2026-08-12T20:35:57                      10
/opt/airflow/dags/dag_pyspark_local.py                                    1           0  4.56s           2026-08-12T20:36:05                      10
/opt/airflow/dags/dag_dia.py                                              1           0  3.04s           2026-08-12T20:36:01                      12
================================================================================
[2026-08-12T20:36:29.560+0000] {manager.py:1146} ERROR - Processor for /opt/airflow/dags/scripts/bronze_orders.py exited with return code 1.
[2026-08-12T20:36:53.249+0000] {manager.py:1146} ERROR - Processor for /opt/airflow/dags/scripts/bronze_order_items.py exited with return code 1.
[2026-08-12T20:36:53.879+0000] {manager.py:997} INFO - 
================================================================================
DAG File Processing Stats

File Path                                          PID  Runtime      # DAGs    # Errors  Last Runtime    Last Run               Last # of DB Queries
-----------------------------------------------  -----  ---------  --------  ----------  --------------  -------------------  ----------------------
/opt/airflow/dags/scripts/bronze_orders.py                                0          -1  30.54s          2026-08-12T20:36:29                       0
/opt/airflow/dags/scripts/bronze_customers.py    14244  23.90s            0          -1  30.50s          2026-08-12T20:35:58                       0
/opt/airflow/dags/scripts/bronze_order_items.py                           0          -1  30.43s          2026-08-12T20:36:53                       0
/opt/airflow/dags/dag_lakehouse_pipeline.py      14454  0.56s             1           0  4.77s           2026-08-12T20:35:57                      10
/opt/airflow/dags/dag_pyspark_local.py                                    1           0  4.56s           2026-08-12T20:36:05                      10
/opt/airflow/dags/dag_dia.py                                              1           0  3.04s           2026-08-12T20:36:01                      12
================================================================================
[2026-08-12T20:37:23.892+0000] {manager.py:997} INFO - 
================================================================================
DAG File Processing Stats

File Path                                          PID  Runtime      # DAGs    # Errors  Last Runtime    Last Run               Last # of DB Queries
-----------------------------------------------  -----  ---------  --------  ----------  --------------  -------------------  ----------------------
/opt/airflow/dags/scripts/bronze_order_items.py  14717  0.30s             0          -1  30.43s          2026-08-12T20:36:53                       0
/opt/airflow/dags/scripts/bronze_customers.py                             0           1  27.31s          2026-08-12T20:36:57                       5
/opt/airflow/dags/scripts/bronze_orders.py                                0           1  20.24s          2026-08-12T20:37:20                       5
/opt/airflow/dags/dag_lakehouse_pipeline.py                               1           0  0.80s           2026-08-12T20:36:54                      10
/opt/airflow/dags/dag_pyspark_local.py                                    1           0  0.78s           2026-08-12T20:36:54                      10
/opt/airflow/dags/dag_dia.py                                              1           0  0.59s           2026-08-12T20:36:55                      12
================================================================================
[2026-08-12T20:37:54.054+0000] {manager.py:997} INFO - 
================================================================================
DAG File Processing Stats

File Path                                          PID  Runtime      # DAGs    # Errors  Last Runtime    Last Run               Last # of DB Queries
-----------------------------------------------  -----  ---------  --------  ----------  --------------  -------------------  ----------------------
/opt/airflow/dags/scripts/bronze_orders.py       15063  3.16s             0           1  20.24s          2026-08-12T20:37:20                       5
/opt/airflow/dags/scripts/bronze_customers.py                             0           1  15.23s          2026-08-12T20:37:42                       5
/opt/airflow/dags/scripts/bronze_order_items.py                           0           1  15.04s          2026-08-12T20:37:38                       5
/opt/airflow/dags/dag_pyspark_local.py                                    1           0  0.86s           2026-08-12T20:37:26                      10
/opt/airflow/dags/dag_lakehouse_pipeline.py                               1           0  0.63s           2026-08-12T20:37:25                      10
/opt/airflow/dags/dag_dia.py                                              1           0  0.45s           2026-08-12T20:37:26                      12
================================================================================
[2026-08-12T20:37:59.188+0000] {manager.py:821} INFO - Searching for files in /opt/airflow/dags
[2026-08-12T20:37:59.954+0000] {manager.py:824} INFO - There are 6 files in /opt/airflow/dags
[2026-08-12T20:38:24.289+0000] {manager.py:997} INFO - 
================================================================================
DAG File Processing Stats

File Path                                          PID  Runtime      # DAGs    # Errors  Last Runtime    Last Run               Last # of DB Queries
-----------------------------------------------  -----  ---------  --------  ----------  --------------  -------------------  ----------------------
/opt/airflow/dags/scripts/bronze_customers.py    15283  10.76s            0           1  15.23s          2026-08-12T20:37:42                       5
/opt/airflow/dags/scripts/bronze_order_items.py  15231  15.00s            0           1  15.04s          2026-08-12T20:37:38                       5
/opt/airflow/dags/scripts/bronze_orders.py                                0           1  9.14s           2026-08-12T20:38:00                       5
/opt/airflow/dags/dag_pyspark_local.py                                    1           0  0.54s           2026-08-12T20:37:57                      10
/opt/airflow/dags/dag_dia.py                                              1           0  0.46s           2026-08-12T20:37:57                      12
/opt/airflow/dags/dag_lakehouse_pipeline.py                               1           0  0.34s           2026-08-12T20:37:56                      10
================================================================================
[2026-08-12T20:38:54.813+0000] {manager.py:997} INFO - 
================================================================================
DAG File Processing Stats

File Path                                        PID    Runtime      # DAGs    # Errors  Last Runtime    Last Run               Last # of DB Queries
-----------------------------------------------  -----  ---------  --------  ----------  --------------  -------------------  ----------------------
/opt/airflow/dags/scripts/bronze_order_items.py                           0           1  16.61s          2026-08-12T20:38:25                       5
/opt/airflow/dags/scripts/bronze_customers.py                             0           1  16.56s          2026-08-12T20:38:30                       5
/opt/airflow/dags/scripts/bronze_orders.py                                0           1  8.70s           2026-08-12T20:38:38                       5
/opt/airflow/dags/dag_pyspark_local.py                                    1           0  0.65s           2026-08-12T20:38:27                      10
/opt/airflow/dags/dag_lakehouse_pipeline.py                               1           0  0.56s           2026-08-12T20:38:27                      10
/opt/airflow/dags/dag_dia.py                                              1           0  0.53s           2026-08-12T20:38:28                      12
================================================================================
[2026-08-12T20:39:25.234+0000] {manager.py:997} INFO - 
================================================================================
DAG File Processing Stats

File Path                                        PID    Runtime      # DAGs    # Errors  Last Runtime    Last Run               Last # of DB Queries
-----------------------------------------------  -----  ---------  --------  ----------  --------------  -------------------  ----------------------
/opt/airflow/dags/scripts/bronze_customers.py                             0           1  17.42s          2026-08-12T20:39:18                       5
/opt/airflow/dags/scripts/bronze_order_items.py                           0           1  16.51s          2026-08-12T20:39:12                       5
/opt/airflow/dags/scripts/bronze_orders.py                                0           1  11.19s          2026-08-12T20:39:24                       5
/opt/airflow/dags/dag_dia.py                                              1           0  0.64s           2026-08-12T20:38:59                      12
/opt/airflow/dags/dag_pyspark_local.py                                    1           0  0.60s           2026-08-12T20:38:58                      10
/opt/airflow/dags/dag_lakehouse_pipeline.py                               1           0  0.33s           2026-08-12T20:38:57                      10
================================================================================
[2026-08-12T20:39:55.717+0000] {manager.py:997} INFO - 
================================================================================
DAG File Processing Stats

File Path                                          PID  Runtime      # DAGs    # Errors  Last Runtime    Last Run               Last # of DB Queries
-----------------------------------------------  -----  ---------  --------  ----------  --------------  -------------------  ----------------------
/opt/airflow/dags/scripts/bronze_customers.py    16355  7.43s             0           1  17.42s          2026-08-12T20:39:18                       5
/opt/airflow/dags/scripts/bronze_orders.py       16522  1.05s             0           1  11.19s          2026-08-12T20:39:24                       5
/opt/airflow/dags/scripts/bronze_order_items.py                           0           1  9.95s           2026-08-12T20:39:53                       5
/opt/airflow/dags/dag_pyspark_local.py                                    1           0  0.29s           2026-08-12T20:39:29                      10
/opt/airflow/dags/dag_lakehouse_pipeline.py                               1           0  0.23s           2026-08-12T20:39:28                      10
/opt/airflow/dags/dag_dia.py                                              1           0  0.22s           2026-08-12T20:39:29                      12
================================================================================
[2026-08-12T20:40:26.013+0000] {manager.py:997} INFO - 
================================================================================
DAG File Processing Stats

File Path                                          PID  Runtime      # DAGs    # Errors  Last Runtime    Last Run               Last # of DB Queries
-----------------------------------------------  -----  ---------  --------  ----------  --------------  -------------------  ----------------------
/opt/airflow/dags/scripts/bronze_customers.py                             0           1  11.51s          2026-08-12T20:39:59                       5
/opt/airflow/dags/scripts/bronze_orders.py                                0           1  10.80s          2026-08-12T20:40:05                       5
/opt/airflow/dags/scripts/bronze_order_items.py  16767  2.72s             0           1  9.95s           2026-08-12T20:39:53                       5
/opt/airflow/dags/dag_pyspark_local.py                                    1           0  0.63s           2026-08-12T20:40:01                      10
/opt/airflow/dags/dag_lakehouse_pipeline.py                               1           0  0.63s           2026-08-12T20:40:00                      10
/opt/airflow/dags/dag_dia.py                                              1           0  0.47s           2026-08-12T20:40:01                      12
================================================================================
[2026-08-12T20:40:56.179+0000] {manager.py:997} INFO - 
================================================================================
DAG File Processing Stats

File Path                                        PID    Runtime      # DAGs    # Errors  Last Runtime    Last Run               Last # of DB Queries
-----------------------------------------------  -----  ---------  --------  ----------  --------------  -------------------  ----------------------
/opt/airflow/dags/scripts/bronze_customers.py                             0           1  9.91s           2026-08-12T20:40:39                       5
/opt/airflow/dags/scripts/bronze_orders.py                                0           1  9.58s           2026-08-12T20:40:45                       5
/opt/airflow/dags/scripts/bronze_order_items.py                           0           1  6.71s           2026-08-12T20:40:29                       5
/opt/airflow/dags/dag_pyspark_local.py                                    1           0  0.78s           2026-08-12T20:40:32                      10
/opt/airflow/dags/dag_dia.py                                              1           0  0.39s           2026-08-12T20:40:32                      12
/opt/airflow/dags/dag_lakehouse_pipeline.py                               1           0  0.32s           2026-08-12T20:40:30                      10
================================================================================
[2026-08-12T20:41:26.203+0000] {manager.py:997} INFO - 
================================================================================
DAG File Processing Stats

File Path                                          PID  Runtime      # DAGs    # Errors  Last Runtime    Last Run               Last # of DB Queries
-----------------------------------------------  -----  ---------  --------  ----------  --------------  -------------------  ----------------------
/opt/airflow/dags/scripts/bronze_order_items.py                           0           1  14.12s          2026-08-12T20:41:14                       5
/opt/airflow/dags/scripts/bronze_customers.py    17396  16.09s            0           1  9.91s           2026-08-12T20:40:39                       5
/opt/airflow/dags/scripts/bronze_orders.py       17493  10.64s            0           1  9.58s           2026-08-12T20:40:45                       5
/opt/airflow/dags/dag_pyspark_local.py                                    1           0  0.78s           2026-08-12T20:41:03                      10
/opt/airflow/dags/dag_dia.py                                              1           0  0.53s           2026-08-12T20:41:04                      12
/opt/airflow/dags/dag_lakehouse_pipeline.py                               1           0  0.27s           2026-08-12T20:41:01                      10
================================================================================
[2026-08-12T20:41:56.326+0000] {manager.py:997} INFO - 
================================================================================
DAG File Processing Stats

File Path                                        PID    Runtime      # DAGs    # Errors  Last Runtime    Last Run               Last # of DB Queries
-----------------------------------------------  -----  ---------  --------  ----------  --------------  -------------------  ----------------------
/opt/airflow/dags/scripts/bronze_customers.py                             0           1  19.30s          2026-08-12T20:41:29                       5
/opt/airflow/dags/scripts/bronze_orders.py                                0           1  18.57s          2026-08-12T20:41:34                       5
/opt/airflow/dags/scripts/bronze_order_items.py                           0           1  8.39s           2026-08-12T20:41:53                       5
/opt/airflow/dags/dag_pyspark_local.py                                    1           0  0.92s           2026-08-12T20:41:34                      10
/opt/airflow/dags/dag_lakehouse_pipeline.py                               1           0  0.63s           2026-08-12T20:41:33                      10
/opt/airflow/dags/dag_dia.py                                              1           0  0.46s           2026-08-12T20:41:34                      12
================================================================================
[2026-08-12T20:42:26.618+0000] {manager.py:997} INFO - 
================================================================================
DAG File Processing Stats

File Path                                          PID  Runtime      # DAGs    # Errors  Last Runtime    Last Run               Last # of DB Queries
-----------------------------------------------  -----  ---------  --------  ----------  --------------  -------------------  ----------------------
/opt/airflow/dags/scripts/bronze_customers.py                             0           1  13.57s          2026-08-12T20:42:13                       5
/opt/airflow/dags/scripts/bronze_orders.py                                0           1  12.96s          2026-08-12T20:42:17                       5
/opt/airflow/dags/scripts/bronze_order_items.py  18299  3.12s             0           1  8.39s           2026-08-12T20:41:53                       5
/opt/airflow/dags/dag_pyspark_local.py                                    1           0  1.18s           2026-08-12T20:42:14                      10
/opt/airflow/dags/dag_lakehouse_pipeline.py                               1           0  0.60s           2026-08-12T20:42:04                      10
/opt/airflow/dags/dag_dia.py                                              1           0  0.48s           2026-08-12T20:42:14                      12
================================================================================
[2026-08-12T20:42:57.115+0000] {manager.py:997} INFO - 
================================================================================
DAG File Processing Stats

File Path                                          PID  Runtime      # DAGs    # Errors  Last Runtime    Last Run               Last # of DB Queries
-----------------------------------------------  -----  ---------  --------  ----------  --------------  -------------------  ----------------------
/opt/airflow/dags/scripts/bronze_customers.py    18475  13.38s            0           1  13.57s          2026-08-12T20:42:13                       5
/opt/airflow/dags/scripts/bronze_orders.py       18526  9.70s             0           1  12.96s          2026-08-12T20:42:17                       5
/opt/airflow/dags/scripts/bronze_order_items.py                           0           1  12.08s          2026-08-12T20:42:35                       5
/opt/airflow/dags/dag_pyspark_local.py                                    1           0  0.79s           2026-08-12T20:42:45                      10
/opt/airflow/dags/dag_dia.py                                              1           0  0.58s           2026-08-12T20:42:46                      12
/opt/airflow/dags/dag_lakehouse_pipeline.py                               1           0  0.50s           2026-08-12T20:42:35                      10
================================================================================
[2026-08-12T20:42:59.211+0000] {manager.py:821} INFO - Searching for files in /opt/airflow/dags
[2026-08-12T20:43:00.206+0000] {manager.py:824} INFO - There are 6 files in /opt/airflow/dags
[2026-08-12T20:43:27.855+0000] {manager.py:997} INFO - 
================================================================================
DAG File Processing Stats

File Path                                        PID    Runtime      # DAGs    # Errors  Last Runtime    Last Run               Last # of DB Queries
-----------------------------------------------  -----  ---------  --------  ----------  --------------  -------------------  ----------------------
/opt/airflow/dags/scripts/bronze_customers.py                             0           1  19.13s          2026-08-12T20:43:02                       5
/opt/airflow/dags/scripts/bronze_orders.py                                0           1  17.04s          2026-08-12T20:43:04                       5
/opt/airflow/dags/scripts/bronze_order_items.py                           0           1  7.75s           2026-08-12T20:43:13                       5
/opt/airflow/dags/dag_pyspark_local.py                                    1           0  0.33s           2026-08-12T20:43:16                      10
/opt/airflow/dags/dag_dia.py                                              1           0  0.24s           2026-08-12T20:43:16                      12
/opt/airflow/dags/dag_lakehouse_pipeline.py                               1           0  0.19s           2026-08-12T20:43:05                      10
================================================================================
[2026-08-12T20:43:58.187+0000] {manager.py:997} INFO - 
================================================================================
DAG File Processing Stats

File Path                                        PID    Runtime      # DAGs    # Errors  Last Runtime    Last Run               Last # of DB Queries
-----------------------------------------------  -----  ---------  --------  ----------  --------------  -------------------  ----------------------
/opt/airflow/dags/scripts/bronze_orders.py                                0           1  9.86s           2026-08-12T20:43:44                       5
/opt/airflow/dags/scripts/bronze_order_items.py                           0           1  8.70s           2026-08-12T20:43:52                       5
/opt/airflow/dags/scripts/bronze_customers.py                             0           1  8.14s           2026-08-12T20:43:41                       5
/opt/airflow/dags/dag_pyspark_local.py                                    1           0  0.51s           2026-08-12T20:43:47                      10
/opt/airflow/dags/dag_lakehouse_pipeline.py                               1           0  0.44s           2026-08-12T20:43:41                      10
/opt/airflow/dags/dag_dia.py                                              1           0  0.42s           2026-08-12T20:43:47                      12
================================================================================
[2026-08-12T20:44:28.540+0000] {manager.py:997} INFO - 
================================================================================
DAG File Processing Stats

File Path                                          PID  Runtime      # DAGs    # Errors  Last Runtime    Last Run               Last # of DB Queries
-----------------------------------------------  -----  ---------  --------  ----------  --------------  -------------------  ----------------------
/opt/airflow/dags/scripts/bronze_orders.py       19561  13.50s            0           1  9.86s           2026-08-12T20:43:44                       5
/opt/airflow/dags/scripts/bronze_order_items.py                           0           1  8.70s           2026-08-12T20:43:52                       5
/opt/airflow/dags/scripts/bronze_customers.py    19493  17.04s            0           1  8.14s           2026-08-12T20:43:41                       5
/opt/airflow/dags/dag_pyspark_local.py                                    1           0  0.51s           2026-08-12T20:43:47                      10
/opt/airflow/dags/dag_dia.py                                              1           0  0.42s           2026-08-12T20:43:47                      12
/opt/airflow/dags/dag_lakehouse_pipeline.py                               1           0  0.23s           2026-08-12T20:44:12                      10
================================================================================
[2026-08-12T20:44:58.585+0000] {manager.py:997} INFO - 
================================================================================
DAG File Processing Stats

File Path                                        PID    Runtime      # DAGs    # Errors  Last Runtime    Last Run               Last # of DB Queries
-----------------------------------------------  -----  ---------  --------  ----------  --------------  -------------------  ----------------------
/opt/airflow/dags/scripts/bronze_orders.py                                0           1  26.28s          2026-08-12T20:44:41                       5
/opt/airflow/dags/scripts/bronze_customers.py                             0           1  17.97s          2026-08-12T20:44:29                       5
/opt/airflow/dags/scripts/bronze_order_items.py                           0           1  16.44s          2026-08-12T20:44:49                       5
/opt/airflow/dags/dag_pyspark_local.py                                    1           0  1.68s           2026-08-12T20:44:31                      10
/opt/airflow/dags/dag_dia.py                                              1           0  1.48s           2026-08-12T20:44:32                      12
/opt/airflow/dags/dag_lakehouse_pipeline.py                               1           0  0.86s           2026-08-12T20:44:43                      10
================================================================================
[2026-08-12T20:45:28.911+0000] {manager.py:997} INFO - 
================================================================================
DAG File Processing Stats

File Path                                          PID  Runtime      # DAGs    # Errors  Last Runtime    Last Run               Last # of DB Queries
-----------------------------------------------  -----  ---------  --------  ----------  --------------  -------------------  ----------------------
/opt/airflow/dags/scripts/bronze_orders.py       20143  17.45s            0           1  26.28s          2026-08-12T20:44:41                       5
/opt/airflow/dags/scripts/bronze_order_items.py  20307  8.73s             0           1  16.44s          2026-08-12T20:44:49                       5
/opt/airflow/dags/scripts/bronze_customers.py                             0           1  12.09s          2026-08-12T20:45:11                       5
/opt/airflow/dags/dag_pyspark_local.py                                    1           0  1.29s           2026-08-12T20:45:03                      10
/opt/airflow/dags/dag_dia.py                                              1           0  0.55s           2026-08-12T20:45:03                      12
/opt/airflow/dags/dag_lakehouse_pipeline.py                               1           0  0.42s           2026-08-12T20:45:13                      10
================================================================================
[2026-08-12T20:45:41.634+0000] {manager.py:1146} ERROR - Processor for /opt/airflow/dags/scripts/bronze_orders.py exited with return code 1.
[2026-08-12T20:45:50.578+0000] {manager.py:1146} ERROR - Processor for /opt/airflow/dags/scripts/bronze_order_items.py exited with return code 1.
[2026-08-12T20:45:59.874+0000] {manager.py:997} INFO - 
================================================================================
DAG File Processing Stats

File Path                                          PID  Runtime      # DAGs    # Errors  Last Runtime    Last Run               Last # of DB Queries
-----------------------------------------------  -----  ---------  --------  ----------  --------------  -------------------  ----------------------
/opt/airflow/dags/scripts/bronze_order_items.py                           0          -1  30.40s          2026-08-12T20:45:50                       0
/opt/airflow/dags/scripts/bronze_orders.py                                0          -1  30.18s          2026-08-12T20:45:41                       0
/opt/airflow/dags/scripts/bronze_customers.py    20545  16.84s            0           1  12.09s          2026-08-12T20:45:11                       5
/opt/airflow/dags/dag_dia.py                                              1           0  2.00s           2026-08-12T20:45:52                      12
/opt/airflow/dags/dag_pyspark_local.py                                    1           0  1.28s           2026-08-12T20:45:42                      10
/opt/airflow/dags/dag_lakehouse_pipeline.py                               1           0  0.82s           2026-08-12T20:45:53                      10
================================================================================
[2026-08-12T20:46:30.121+0000] {manager.py:997} INFO - 
================================================================================
DAG File Processing Stats

File Path                                          PID  Runtime      # DAGs    # Errors  Last Runtime    Last Run               Last # of DB Queries
-----------------------------------------------  -----  ---------  --------  ----------  --------------  -------------------  ----------------------
/opt/airflow/dags/scripts/bronze_order_items.py  20972  8.57s             0          -1  30.40s          2026-08-12T20:45:50                       0
/opt/airflow/dags/scripts/bronze_customers.py    21081  1.63s             0           1  24.64s          2026-08-12T20:46:07                       5
/opt/airflow/dags/scripts/bronze_orders.py                                0           1  15.86s          2026-08-12T20:46:27                       5
/opt/airflow/dags/dag_pyspark_local.py                                    1           0  0.82s           2026-08-12T20:46:14                      10
/opt/airflow/dags/dag_lakehouse_pipeline.py                               1           0  0.82s           2026-08-12T20:45:53                      10
/opt/airflow/dags/dag_dia.py                                              1           0  0.66s           2026-08-12T20:46:28                      12
================================================================================
[2026-08-12T20:46:58.750+0000] {manager.py:1146} ERROR - Processor for /opt/airflow/dags/scripts/bronze_customers.py exited with return code 1.
[2026-08-12T20:47:00.522+0000] {manager.py:997} INFO - 
================================================================================
DAG File Processing Stats

File Path                                          PID  Runtime      # DAGs    # Errors  Last Runtime    Last Run               Last # of DB Queries
-----------------------------------------------  -----  ---------  --------  ----------  --------------  -------------------  ----------------------
/opt/airflow/dags/scripts/bronze_customers.py                             0          -1  30.26s          2026-08-12T20:46:58                       0
/opt/airflow/dags/scripts/bronze_order_items.py                           0           1  22.48s          2026-08-12T20:46:44                       5
/opt/airflow/dags/scripts/bronze_orders.py       21332  3.32s             0           1  15.86s          2026-08-12T20:46:27                       5
/opt/airflow/dags/dag_dia.py                                              1           0  0.99s           2026-08-12T20:46:59                      12
/opt/airflow/dags/dag_lakehouse_pipeline.py                               1           0  0.69s           2026-08-12T20:46:44                      10
/opt/airflow/dags/dag_pyspark_local.py                                    1           0  0.68s           2026-08-12T20:46:45                      10
================================================================================
[2026-08-12T20:47:27.383+0000] {manager.py:1146} ERROR - Processor for /opt/airflow/dags/scripts/bronze_orders.py exited with return code 1.
[2026-08-12T20:47:30.611+0000] {manager.py:997} INFO - 
================================================================================
DAG File Processing Stats

File Path                                          PID  Runtime      # DAGs    # Errors  Last Runtime    Last Run               Last # of DB Queries
-----------------------------------------------  -----  ---------  --------  ----------  --------------  -------------------  ----------------------
/opt/airflow/dags/scripts/bronze_customers.py    21752  1.42s             0          -1  30.26s          2026-08-12T20:46:58                       0
/opt/airflow/dags/scripts/bronze_orders.py                                0          -1  30.19s          2026-08-12T20:47:27                       0
/opt/airflow/dags/scripts/bronze_order_items.py  21530  16.83s            0           1  22.48s          2026-08-12T20:46:44                       5
/opt/airflow/dags/dag_dia.py                                              1           0  0.99s           2026-08-12T20:46:59                      12
/opt/airflow/dags/dag_lakehouse_pipeline.py                               1           0  0.66s           2026-08-12T20:47:28                      10
/opt/airflow/dags/dag_pyspark_local.py                                    1           0  0.57s           2026-08-12T20:47:29                      10
================================================================================
[2026-08-12T20:47:44.145+0000] {manager.py:1146} ERROR - Processor for /opt/airflow/dags/scripts/bronze_order_items.py exited with return code 1.
[2026-08-12T20:47:59.352+0000] {manager.py:1146} ERROR - Processor for /opt/airflow/dags/scripts/bronze_customers.py exited with return code 1.
[2026-08-12T20:47:59.368+0000] {manager.py:821} INFO - Searching for files in /opt/airflow/dags
[2026-08-12T20:48:00.643+0000] {manager.py:824} INFO - There are 6 files in /opt/airflow/dags
[2026-08-12T20:48:00.766+0000] {manager.py:997} INFO - 
================================================================================
DAG File Processing Stats

File Path                                          PID  Runtime      # DAGs    # Errors  Last Runtime    Last Run               Last # of DB Queries
-----------------------------------------------  -----  ---------  --------  ----------  --------------  -------------------  ----------------------
/opt/airflow/dags/scripts/bronze_order_items.py                           0          -1  30.36s          2026-08-12T20:47:44                       0
/opt/airflow/dags/scripts/bronze_orders.py       22023  3.24s             0          -1  30.19s          2026-08-12T20:47:27                       0
/opt/airflow/dags/scripts/bronze_customers.py                             0          -1  30.16s          2026-08-12T20:47:59                       0
/opt/airflow/dags/dag_dia.py                                              1           0  2.17s           2026-08-12T20:47:46                      12
/opt/airflow/dags/dag_lakehouse_pipeline.py      22140  0.01s             1           0  0.66s           2026-08-12T20:47:28                      10
/opt/airflow/dags/dag_pyspark_local.py                                    1           0  0.57s           2026-08-12T20:47:29                      10
================================================================================
[2026-08-12T20:48:27.755+0000] {manager.py:1146} ERROR - Processor for /opt/airflow/dags/scripts/bronze_orders.py exited with return code 1.
[2026-08-12T20:48:31.109+0000] {manager.py:997} INFO - 
================================================================================
DAG File Processing Stats

File Path                                          PID  Runtime      # DAGs    # Errors  Last Runtime    Last Run               Last # of DB Queries
-----------------------------------------------  -----  ---------  --------  ----------  --------------  -------------------  ----------------------
/opt/airflow/dags/scripts/bronze_order_items.py  22220  16.56s            0          -1  30.36s          2026-08-12T20:47:44                       0
/opt/airflow/dags/scripts/bronze_orders.py                                0          -1  30.23s          2026-08-12T20:48:27                       0
/opt/airflow/dags/scripts/bronze_customers.py    22417  0.80s             0          -1  30.16s          2026-08-12T20:47:59                       0
/opt/airflow/dags/dag_dia.py                                              1           0  1.84s           2026-08-12T20:48:29                      12
/opt/airflow/dags/dag_pyspark_local.py                                    1           0  0.60s           2026-08-12T20:48:01                      10
/opt/airflow/dags/dag_lakehouse_pipeline.py                               1           0  0.56s           2026-08-12T20:48:01                      10
================================================================================
[2026-08-12T20:48:45.139+0000] {manager.py:1146} ERROR - Processor for /opt/airflow/dags/scripts/bronze_order_items.py exited with return code 1.
[2026-08-12T20:49:00.491+0000] {manager.py:1146} ERROR - Processor for /opt/airflow/dags/scripts/bronze_customers.py exited with return code 1.
[2026-08-12T20:49:01.172+0000] {manager.py:997} INFO - 
================================================================================
DAG File Processing Stats

File Path                                          PID  Runtime      # DAGs    # Errors  Last Runtime    Last Run               Last # of DB Queries
-----------------------------------------------  -----  ---------  --------  ----------  --------------  -------------------  ----------------------
/opt/airflow/dags/scripts/bronze_order_items.py                           0          -1  30.60s          2026-08-12T20:48:45                       0
/opt/airflow/dags/scripts/bronze_orders.py       22615  3.22s             0          -1  30.23s          2026-08-12T20:48:27                       0
/opt/airflow/dags/scripts/bronze_customers.py                             0          -1  30.20s          2026-08-12T20:49:00                       0
/opt/airflow/dags/dag_dia.py                     22676  0.60s             1           0  1.84s           2026-08-12T20:48:29                      12
/opt/airflow/dags/dag_lakehouse_pipeline.py                               1           0  0.96s           2026-08-12T20:48:46                      10
/opt/airflow/dags/dag_pyspark_local.py                                    1           0  0.87s           2026-08-12T20:48:47                      10
================================================================================
[2026-08-12T20:49:28.237+0000] {manager.py:1146} ERROR - Processor for /opt/airflow/dags/scripts/bronze_orders.py exited with return code 1.
[2026-08-12T20:49:31.677+0000] {manager.py:997} INFO - 
================================================================================
DAG File Processing Stats

File Path                                          PID  Runtime      # DAGs    # Errors  Last Runtime    Last Run               Last # of DB Queries
-----------------------------------------------  -----  ---------  --------  ----------  --------------  -------------------  ----------------------
/opt/airflow/dags/scripts/bronze_order_items.py  22799  16.36s            0          -1  30.60s          2026-08-12T20:48:45                       0
/opt/airflow/dags/scripts/bronze_orders.py                                0          -1  30.28s          2026-08-12T20:49:28                       0
/opt/airflow/dags/scripts/bronze_customers.py    22947  0.90s             0          -1  30.20s          2026-08-12T20:49:00                       0
/opt/airflow/dags/dag_pyspark_local.py                                    1           0  1.20s           2026-08-12T20:49:30                      10
/opt/airflow/dags/dag_lakehouse_pipeline.py                               1           0  0.94s           2026-08-12T20:49:29                      10
/opt/airflow/dags/dag_dia.py                                              1           0  0.87s           2026-08-12T20:49:01                      12
================================================================================
[2026-08-12T20:49:45.752+0000] {manager.py:1146} ERROR - Processor for /opt/airflow/dags/scripts/bronze_order_items.py exited with return code 1.
[2026-08-12T20:50:00.986+0000] {manager.py:1146} ERROR - Processor for /opt/airflow/dags/scripts/bronze_customers.py exited with return code 1.
[2026-08-12T20:50:02.167+0000] {manager.py:997} INFO - 
================================================================================
DAG File Processing Stats

File Path                                          PID  Runtime      # DAGs    # Errors  Last Runtime    Last Run               Last # of DB Queries
-----------------------------------------------  -----  ---------  --------  ----------  --------------  -------------------  ----------------------
/opt/airflow/dags/scripts/bronze_order_items.py                           0          -1  30.41s          2026-08-12T20:49:45                       0
/opt/airflow/dags/scripts/bronze_orders.py       23165  3.15s             0          -1  30.28s          2026-08-12T20:49:28                       0
/opt/airflow/dags/scripts/bronze_customers.py                             0          -1  30.20s          2026-08-12T20:50:00                       0
/opt/airflow/dags/dag_dia.py                                              1           0  1.84s           2026-08-12T20:49:48                      12
/opt/airflow/dags/dag_pyspark_local.py                                    1           0  1.20s           2026-08-12T20:49:30                      10
/opt/airflow/dags/dag_lakehouse_pipeline.py      23213  1.04s             1           0  0.94s           2026-08-12T20:49:29                      10
================================================================================
[2026-08-12T20:50:29.212+0000] {manager.py:1146} ERROR - Processor for /opt/airflow/dags/scripts/bronze_orders.py exited with return code 1.
[2026-08-12T20:50:32.349+0000] {manager.py:997} INFO - 
================================================================================
DAG File Processing Stats

File Path                                          PID  Runtime      # DAGs    # Errors  Last Runtime    Last Run               Last # of DB Queries
-----------------------------------------------  -----  ---------  --------  ----------  --------------  -------------------  ----------------------
/opt/airflow/dags/scripts/bronze_order_items.py  23306  16.33s            0          -1  30.41s          2026-08-12T20:49:45                       0
/opt/airflow/dags/scripts/bronze_customers.py    23519  1.11s             0          -1  30.20s          2026-08-12T20:50:00                       0
/opt/airflow/dags/scripts/bronze_orders.py                                0          -1  30.19s          2026-08-12T20:50:29                       0
/opt/airflow/dags/dag_pyspark_local.py                                    1           0  1.76s           2026-08-12T20:50:04                      10
/opt/airflow/dags/dag_lakehouse_pipeline.py                               1           0  1.58s           2026-08-12T20:50:02                      10
/opt/airflow/dags/dag_dia.py                                              1           0  0.78s           2026-08-12T20:50:30                      12
================================================================================
[2026-08-12T20:50:46.420+0000] {manager.py:1146} ERROR - Processor for /opt/airflow/dags/scripts/bronze_order_items.py exited with return code 1.
[2026-08-12T20:51:01.704+0000] {manager.py:1146} ERROR - Processor for /opt/airflow/dags/scripts/bronze_customers.py exited with return code 1.
[2026-08-12T20:51:02.979+0000] {manager.py:997} INFO - 
================================================================================
DAG File Processing Stats

File Path                                          PID  Runtime      # DAGs    # Errors  Last Runtime    Last Run               Last # of DB Queries
-----------------------------------------------  -----  ---------  --------  ----------  --------------  -------------------  ----------------------
/opt/airflow/dags/scripts/bronze_customers.py                             0          -1  30.47s          2026-08-12T20:51:01                       0
/opt/airflow/dags/scripts/bronze_order_items.py                           0          -1  30.40s          2026-08-12T20:50:46                       0
/opt/airflow/dags/scripts/bronze_orders.py       23710  3.42s             0          -1  30.19s          2026-08-12T20:50:29                       0
/opt/airflow/dags/dag_lakehouse_pipeline.py                               1           0  2.00s           2026-08-12T20:50:48                      10
/opt/airflow/dags/dag_pyspark_local.py                                    1           0  1.20s           2026-08-12T20:50:49                      10
/opt/airflow/dags/dag_dia.py                     23761  0.88s             1           0  0.78s           2026-08-12T20:50:30                      12
================================================================================
[2026-08-12T20:51:29.877+0000] {manager.py:1146} ERROR - Processor for /opt/airflow/dags/scripts/bronze_orders.py exited with return code 1.
[2026-08-12T20:51:33.535+0000] {manager.py:997} INFO - 
================================================================================
DAG File Processing Stats

File Path                                          PID  Runtime      # DAGs    # Errors  Last Runtime    Last Run               Last # of DB Queries
-----------------------------------------------  -----  ---------  --------  ----------  --------------  -------------------  ----------------------
/opt/airflow/dags/scripts/bronze_customers.py    24014  0.83s             0          -1  30.47s          2026-08-12T20:51:01                       0
/opt/airflow/dags/scripts/bronze_order_items.py  23885  16.56s            0          -1  30.40s          2026-08-12T20:50:46                       0
/opt/airflow/dags/scripts/bronze_orders.py                                0          -1  30.34s          2026-08-12T20:51:29                       0
/opt/airflow/dags/dag_dia.py                                              1           0  1.77s           2026-08-12T20:51:03                      12
/opt/airflow/dags/dag_pyspark_local.py                                    1           0  1.40s           2026-08-12T20:51:32                      10
/opt/airflow/dags/dag_lakehouse_pipeline.py                               1           0  1.07s           2026-08-12T20:51:31                      10
================================================================================
[2026-08-12T20:51:47.280+0000] {manager.py:1146} ERROR - Processor for /opt/airflow/dags/scripts/bronze_order_items.py exited with return code 1.
[2026-08-12T20:52:03.466+0000] {manager.py:1146} ERROR - Processor for /opt/airflow/dags/scripts/bronze_customers.py exited with return code 1.
[2026-08-12T20:52:03.939+0000] {manager.py:997} INFO - 
================================================================================
DAG File Processing Stats

File Path                                          PID  Runtime      # DAGs    # Errors  Last Runtime    Last Run               Last # of DB Queries
-----------------------------------------------  -----  ---------  --------  ----------  --------------  -------------------  ----------------------
/opt/airflow/dags/scripts/bronze_customers.py                             0          -1  30.74s          2026-08-12T20:52:03                       0
/opt/airflow/dags/scripts/bronze_orders.py       24256  3.11s             0          -1  30.34s          2026-08-12T20:51:29                       0
/opt/airflow/dags/scripts/bronze_order_items.py                           0          -1  30.31s          2026-08-12T20:51:47                       0
/opt/airflow/dags/dag_dia.py                                              1           0  1.42s           2026-08-12T20:51:48                      12
/opt/airflow/dags/dag_pyspark_local.py                                    1           0  1.40s           2026-08-12T20:51:32                      10
/opt/airflow/dags/dag_lakehouse_pipeline.py      24277  0.05s             1           0  1.07s           2026-08-12T20:51:31                      10
================================================================================
[2026-08-12T20:52:31.644+0000] {manager.py:1146} ERROR - Processor for /opt/airflow/dags/scripts/bronze_orders.py exited with return code 1.
[2026-08-12T20:52:34.443+0000] {manager.py:997} INFO - 
================================================================================
DAG File Processing Stats

File Path                                          PID  Runtime      # DAGs    # Errors  Last Runtime    Last Run               Last # of DB Queries
-----------------------------------------------  -----  ---------  --------  ----------  --------------  -------------------  ----------------------
/opt/airflow/dags/scripts/bronze_orders.py                                0          -1  30.86s          2026-08-12T20:52:31                       0
/opt/airflow/dags/scripts/bronze_customers.py    24551  0.03s             0          -1  30.74s          2026-08-12T20:52:03                       0
/opt/airflow/dags/scripts/bronze_order_items.py  24355  16.62s            0          -1  30.31s          2026-08-12T20:51:47                       0
/opt/airflow/dags/dag_pyspark_local.py                                    1           0  2.72s           2026-08-12T20:52:09                      10
/opt/airflow/dags/dag_lakehouse_pipeline.py                               1           0  2.36s           2026-08-12T20:52:06                      10
/opt/airflow/dags/dag_dia.py                                              1           0  1.16s           2026-08-12T20:52:32                      12
================================================================================
[2026-08-12T20:52:48.589+0000] {manager.py:1146} ERROR - Processor for /opt/airflow/dags/scripts/bronze_order_items.py exited with return code 1.
[2026-08-12T20:52:59.659+0000] {manager.py:821} INFO - Searching for files in /opt/airflow/dags
[2026-08-12T20:53:01.131+0000] {manager.py:824} INFO - There are 6 files in /opt/airflow/dags
[2026-08-12T20:53:04.786+0000] {manager.py:997} INFO - 
================================================================================
DAG File Processing Stats

File Path                                          PID  Runtime      # DAGs    # Errors  Last Runtime    Last Run               Last # of DB Queries
-----------------------------------------------  -----  ---------  --------  ----------  --------------  -------------------  ----------------------
/opt/airflow/dags/scripts/bronze_orders.py       24774  2.43s             0          -1  30.86s          2026-08-12T20:52:31                       0
/opt/airflow/dags/scripts/bronze_order_items.py                           0          -1  30.78s          2026-08-12T20:52:48                       0
/opt/airflow/dags/scripts/bronze_customers.py    24551  30.39s            0          -1  30.74s          2026-08-12T20:52:03                       0
/opt/airflow/dags/dag_pyspark_local.py                                    1           0  2.43s           2026-08-12T20:52:53                      10
/opt/airflow/dags/dag_lakehouse_pipeline.py                               1           0  1.87s           2026-08-12T20:52:50                      10
/opt/airflow/dags/dag_dia.py                                              1           0  1.16s           2026-08-12T20:52:32                      12
================================================================================
[2026-08-12T20:53:04.967+0000] {manager.py:1146} ERROR - Processor for /opt/airflow/dags/scripts/bronze_customers.py exited with return code 1.
[2026-08-12T20:53:32.661+0000] {manager.py:1146} ERROR - Processor for /opt/airflow/dags/scripts/bronze_orders.py exited with return code 1.
[2026-08-12T20:53:35.037+0000] {manager.py:997} INFO - 
================================================================================
DAG File Processing Stats

File Path                                          PID  Runtime      # DAGs    # Errors  Last Runtime    Last Run               Last # of DB Queries
-----------------------------------------------  -----  ---------  --------  ----------  --------------  -------------------  ----------------------
/opt/airflow/dags/scripts/bronze_order_items.py  24930  15.77s            0          -1  30.78s          2026-08-12T20:52:48                       0
/opt/airflow/dags/scripts/bronze_customers.py                             0          -1  30.57s          2026-08-12T20:53:04                       0
/opt/airflow/dags/scripts/bronze_orders.py                                0          -1  30.30s          2026-08-12T20:53:32                       0
/opt/airflow/dags/dag_pyspark_local.py           25054  0.45s             1           0  2.43s           2026-08-12T20:52:53                      10
/opt/airflow/dags/dag_lakehouse_pipeline.py                               1           0  1.65s           2026-08-12T20:53:34                      10
/opt/airflow/dags/dag_dia.py                                              1           0  0.99s           2026-08-12T20:53:06                      12
================================================================================
[2026-08-12T20:53:49.823+0000] {manager.py:1146} ERROR - Processor for /opt/airflow/dags/scripts/bronze_order_items.py exited with return code 1.
[2026-08-12T20:54:05.635+0000] {manager.py:997} INFO - 
================================================================================
DAG File Processing Stats

File Path                                          PID  Runtime      # DAGs    # Errors  Last Runtime    Last Run               Last # of DB Queries
-----------------------------------------------  -----  ---------  --------  ----------  --------------  -------------------  ----------------------
/opt/airflow/dags/scripts/bronze_customers.py    25070  28.94s            0          -1  30.57s          2026-08-12T20:53:04                       0
/opt/airflow/dags/scripts/bronze_order_items.py                           0          -1  30.55s          2026-08-12T20:53:49                       0
/opt/airflow/dags/scripts/bronze_orders.py       25273  2.25s             0          -1  30.30s          2026-08-12T20:53:32                       0
/opt/airflow/dags/dag_pyspark_local.py                                    1           0  1.94s           2026-08-12T20:53:36                      10
/opt/airflow/dags/dag_lakehouse_pipeline.py                               1           0  1.65s           2026-08-12T20:53:34                      10
/opt/airflow/dags/dag_dia.py                                              1           0  1.61s           2026-08-12T20:53:51                      12
================================================================================
[2026-08-12T20:54:07.235+0000] {manager.py:1146} ERROR - Processor for /opt/airflow/dags/scripts/bronze_customers.py exited with return code 1.
[2026-08-12T20:54:34.158+0000] {manager.py:1146} ERROR - Processor for /opt/airflow/dags/scripts/bronze_orders.py exited with return code 1.
[2026-08-12T20:54:36.216+0000] {manager.py:997} INFO - 
================================================================================
DAG File Processing Stats

File Path                                          PID  Runtime      # DAGs    # Errors  Last Runtime    Last Run               Last # of DB Queries
-----------------------------------------------  -----  ---------  --------  ----------  --------------  -------------------  ----------------------
/opt/airflow/dags/scripts/bronze_orders.py                                0          -1  30.78s          2026-08-12T20:54:34                       0
/opt/airflow/dags/scripts/bronze_order_items.py  25376  15.12s            0          -1  30.55s          2026-08-12T20:53:49                       0
/opt/airflow/dags/scripts/bronze_customers.py                             0          -1  30.54s          2026-08-12T20:54:07                       0
/opt/airflow/dags/dag_pyspark_local.py                                    1           0  2.52s           2026-08-12T20:54:11                      10
/opt/airflow/dags/dag_lakehouse_pipeline.py                               1           0  1.61s           2026-08-12T20:54:09                      10
/opt/airflow/dags/dag_dia.py                     25498  1.82s             1           0  1.61s           2026-08-12T20:53:51                      12
================================================================================
[2026-08-12T20:54:51.909+0000] {manager.py:1146} ERROR - Processor for /opt/airflow/dags/scripts/bronze_order_items.py exited with return code 1.
[2026-08-12T20:55:06.811+0000] {manager.py:997} INFO - 
================================================================================
DAG File Processing Stats

File Path                                          PID  Runtime      # DAGs    # Errors  Last Runtime    Last Run               Last # of DB Queries
-----------------------------------------------  -----  ---------  --------  ----------  --------------  -------------------  ----------------------
/opt/airflow/dags/scripts/bronze_order_items.py                           0          -1  30.81s          2026-08-12T20:54:51                       0
/opt/airflow/dags/scripts/bronze_orders.py       25747  1.20s             0          -1  30.78s          2026-08-12T20:54:34                       0
/opt/airflow/dags/scripts/bronze_customers.py    25539  29.12s            0          -1  30.54s          2026-08-12T20:54:07                       0
/opt/airflow/dags/dag_dia.py                                              1           0  1.99s           2026-08-12T20:54:36                      12
/opt/airflow/dags/dag_lakehouse_pipeline.py                               1           0  1.88s           2026-08-12T20:54:54                      10
/opt/airflow/dags/dag_pyspark_local.py                                    1           0  1.82s           2026-08-12T20:54:56                      10
================================================================================
[2026-08-12T20:55:08.274+0000] {manager.py:1146} ERROR - Processor for /opt/airflow/dags/scripts/bronze_customers.py exited with return code 1.
[2026-08-12T20:55:36.139+0000] {manager.py:1146} ERROR - Processor for /opt/airflow/dags/scripts/bronze_orders.py exited with return code 1.
[2026-08-12T20:55:37.334+0000] {manager.py:997} INFO - 
================================================================================
DAG File Processing Stats

File Path                                          PID  Runtime      # DAGs    # Errors  Last Runtime    Last Run               Last # of DB Queries
-----------------------------------------------  -----  ---------  --------  ----------  --------------  -------------------  ----------------------
/opt/airflow/dags/scripts/bronze_order_items.py  25852  15.22s            0          -1  30.81s          2026-08-12T20:54:51                       0
/opt/airflow/dags/scripts/bronze_customers.py                             0          -1  30.53s          2026-08-12T20:55:08                       0
/opt/airflow/dags/scripts/bronze_orders.py                                0          -1  30.53s          2026-08-12T20:55:36                       0
/opt/airflow/dags/dag_lakehouse_pipeline.py      25969  0.98s             1           0  1.88s           2026-08-12T20:54:54                      10
/opt/airflow/dags/dag_pyspark_local.py                                    1           0  1.82s           2026-08-12T20:54:56                      10
/opt/airflow/dags/dag_dia.py                                              1           0  1.19s           2026-08-12T20:55:09                      12
================================================================================
[2026-08-12T20:55:52.561+0000] {manager.py:1146} ERROR - Processor for /opt/airflow/dags/scripts/bronze_order_items.py exited with return code 1.
[2026-08-12T20:56:07.361+0000] {manager.py:997} INFO - 
================================================================================
DAG File Processing Stats

File Path                                          PID  Runtime      # DAGs    # Errors  Last Runtime    Last Run               Last # of DB Queries
-----------------------------------------------  -----  ---------  --------  ----------  --------------  -------------------  ----------------------
/opt/airflow/dags/scripts/bronze_customers.py    26022  26.76s            0          -1  30.53s          2026-08-12T20:55:08                       0
/opt/airflow/dags/scripts/bronze_orders.py       26252  0.03s             0          -1  30.53s          2026-08-12T20:55:36                       0
/opt/airflow/dags/scripts/bronze_order_items.py                           0          -1  30.46s          2026-08-12T20:55:52                       0
/opt/airflow/dags/dag_pyspark_local.py                                    1           0  2.17s           2026-08-12T20:55:40                      10
/opt/airflow/dags/dag_dia.py                                              1           0  1.91s           2026-08-12T20:55:54                      12
/opt/airflow/dags/dag_lakehouse_pipeline.py                               1           0  1.87s           2026-08-12T20:55:38                      10
================================================================================
[2026-08-12T20:56:11.093+0000] {manager.py:1146} ERROR - Processor for /opt/airflow/dags/scripts/bronze_customers.py exited with return code 1.
[2026-08-12T20:56:37.434+0000] {manager.py:997} INFO - 
================================================================================
DAG File Processing Stats

File Path                                          PID  Runtime      # DAGs    # Errors  Last Runtime    Last Run               Last # of DB Queries
-----------------------------------------------  -----  ---------  --------  ----------  --------------  -------------------  ----------------------
/opt/airflow/dags/scripts/bronze_orders.py       26252  30.10s            0          -1  30.53s          2026-08-12T20:55:36                       0
/opt/airflow/dags/scripts/bronze_customers.py                             0          -1  30.50s          2026-08-12T20:56:11                       0
/opt/airflow/dags/scripts/bronze_order_items.py  26372  14.71s            0          -1  30.46s          2026-08-12T20:55:52                       0
/opt/airflow/dags/dag_pyspark_local.py                                    1           0  2.21s           2026-08-12T20:56:15                      10
/opt/airflow/dags/dag_dia.py                                              1           0  1.91s           2026-08-12T20:55:54                      12
/opt/airflow/dags/dag_lakehouse_pipeline.py                               1           0  1.57s           2026-08-12T20:56:12                      10
================================================================================
[2026-08-12T20:56:37.791+0000] {manager.py:1146} ERROR - Processor for /opt/airflow/dags/scripts/bronze_orders.py exited with return code 1.
[2026-08-12T20:56:53.054+0000] {manager.py:1146} ERROR - Processor for /opt/airflow/dags/scripts/bronze_order_items.py exited with return code 1.
[2026-08-12T20:57:07.521+0000] {manager.py:997} INFO - 
================================================================================
DAG File Processing Stats

File Path                                          PID  Runtime      # DAGs    # Errors  Last Runtime    Last Run               Last # of DB Queries
-----------------------------------------------  -----  ---------  --------  ----------  --------------  -------------------  ----------------------
/opt/airflow/dags/scripts/bronze_customers.py    26552  25.98s            0          -1  30.50s          2026-08-12T20:56:11                       0
/opt/airflow/dags/scripts/bronze_orders.py                                0          -1  30.44s          2026-08-12T20:56:37                       0
/opt/airflow/dags/scripts/bronze_order_items.py                           0          -1  30.33s          2026-08-12T20:56:53                       0
/opt/airflow/dags/dag_lakehouse_pipeline.py                               1           0  2.15s           2026-08-12T20:56:55                      10
/opt/airflow/dags/dag_dia.py                                              1           0  1.86s           2026-08-12T20:56:40                      12
/opt/airflow/dags/dag_pyspark_local.py                                    1           0  1.58s           2026-08-12T20:56:56                      10
================================================================================
[2026-08-12T20:57:11.975+0000] {manager.py:1146} ERROR - Processor for /opt/airflow/dags/scripts/bronze_customers.py exited with return code 1.
[2026-08-12T20:57:38.257+0000] {manager.py:997} INFO - 
================================================================================
DAG File Processing Stats

File Path                                          PID  Runtime      # DAGs    # Errors  Last Runtime    Last Run               Last # of DB Queries
-----------------------------------------------  -----  ---------  --------  ----------  --------------  -------------------  ----------------------
/opt/airflow/dags/scripts/bronze_orders.py       26778  29.71s            0          -1  30.44s          2026-08-12T20:56:37                       0
/opt/airflow/dags/scripts/bronze_customers.py                             0          -1  30.43s          2026-08-12T20:57:11                       0
/opt/airflow/dags/scripts/bronze_order_items.py  26903  14.71s            0          -1  30.33s          2026-08-12T20:56:53                       0
/opt/airflow/dags/dag_lakehouse_pipeline.py                               1           0  2.15s           2026-08-12T20:56:55                      10
/opt/airflow/dags/dag_pyspark_local.py                                    1           0  1.58s           2026-08-12T20:56:56                      10
/opt/airflow/dags/dag_dia.py                                              1           0  1.30s           2026-08-12T20:57:13                      12
================================================================================
[2026-08-12T20:57:38.932+0000] {manager.py:1146} ERROR - Processor for /opt/airflow/dags/scripts/bronze_orders.py exited with return code 1.
[2026-08-12T20:57:54.125+0000] {manager.py:1146} ERROR - Processor for /opt/airflow/dags/scripts/bronze_order_items.py exited with return code 1.
[2026-08-12T20:57:59.795+0000] {manager.py:821} INFO - Searching for files in /opt/airflow/dags
[2026-08-12T20:58:01.668+0000] {manager.py:824} INFO - There are 6 files in /opt/airflow/dags
[2026-08-12T20:58:08.712+0000] {manager.py:997} INFO - 
================================================================================
DAG File Processing Stats

File Path                                          PID  Runtime      # DAGs    # Errors  Last Runtime    Last Run               Last # of DB Queries
-----------------------------------------------  -----  ---------  --------  ----------  --------------  -------------------  ----------------------
/opt/airflow/dags/scripts/bronze_order_items.py                           0          -1  30.59s          2026-08-12T20:57:54                       0
/opt/airflow/dags/scripts/bronze_customers.py    27099  25.73s            0          -1  30.43s          2026-08-12T20:57:11                       0
/opt/airflow/dags/scripts/bronze_orders.py                                0          -1  30.40s          2026-08-12T20:57:38                       0
/opt/airflow/dags/dag_pyspark_local.py                                    1           0  1.50s           2026-08-12T20:57:41                      10
/opt/airflow/dags/dag_dia.py                                              1           0  1.18s           2026-08-12T20:57:55                      12
/opt/airflow/dags/dag_lakehouse_pipeline.py                               1           0  1.13s           2026-08-12T20:57:40                      10
================================================================================
[2026-08-12T20:58:13.599+0000] {manager.py:1146} ERROR - Processor for /opt/airflow/dags/scripts/bronze_customers.py exited with return code 1.
[2026-08-12T20:59:34.321+0000] {manager.py:1366} ERROR - Processor for /opt/airflow/dags/scripts/bronze_orders.py with PID 27307 started at 2026-08-12T20:58:09.831022+00:00 has timed out, killing it.
[2026-08-12T20:59:34.452+0000] {manager.py:1366} ERROR - Processor for /opt/airflow/dags/scripts/bronze_order_items.py with PID 27428 started at 2026-08-12T20:58:24.322592+00:00 has timed out, killing it.
[2026-08-12T21:04:20.831+0000] {manager.py:821} INFO - Searching for files in /opt/airflow/dags
[2026-08-12T21:04:24.659+0000] {manager.py:824} INFO - There are 6 files in /opt/airflow/dags
[2026-08-12T21:04:24.743+0000] {manager.py:1366} ERROR - Processor for /opt/airflow/dags/scripts/bronze_customers.py with PID 27513 started at 2026-08-12T20:59:36.781583+00:00 has timed out, killing it.
[2026-08-12T21:04:24.883+0000] {manager.py:997} INFO - 
================================================================================
DAG File Processing Stats

File Path                                          PID  Runtime      # DAGs    # Errors  Last Runtime    Last Run               Last # of DB Queries
-----------------------------------------------  -----  ---------  --------  ----------  --------------  -------------------  ----------------------
/opt/airflow/dags/scripts/bronze_customers.py                             0           1  287.96s         2026-08-12T21:04:24                       0
/opt/airflow/dags/dag_pyspark_local.py                                    1           0  282.77s         2026-08-12T21:04:20                      10
/opt/airflow/dags/scripts/bronze_orders.py                                0           1  84.42s          2026-08-12T20:59:34                       0
/opt/airflow/dags/scripts/bronze_order_items.py  27593  0.02s             0           1  69.93s          2026-08-12T20:59:34                       0
/opt/airflow/dags/dag_dia.py                                              1           0  1.56s           2026-08-12T20:59:36                      12
/opt/airflow/dags/dag_lakehouse_pipeline.py      27592  0.06s             1           0  1.22s           2026-08-12T20:59:36                      10
================================================================================
[2026-08-12T21:04:54.990+0000] {manager.py:997} INFO - 
================================================================================
DAG File Processing Stats

File Path                                          PID  Runtime      # DAGs    # Errors  Last Runtime    Last Run               Last # of DB Queries
-----------------------------------------------  -----  ---------  --------  ----------  --------------  -------------------  ----------------------
/opt/airflow/dags/scripts/bronze_customers.py                             0           1  287.96s         2026-08-12T21:04:24                       0
/opt/airflow/dags/dag_pyspark_local.py                                    1           0  282.77s         2026-08-12T21:04:20                      10
/opt/airflow/dags/scripts/bronze_orders.py       27594  29.47s            0           1  84.42s          2026-08-12T20:59:34                       0
/opt/airflow/dags/scripts/bronze_order_items.py  27593  30.12s            0           1  69.93s          2026-08-12T20:59:34                       0
/opt/airflow/dags/dag_dia.py                                              1           0  1.56s           2026-08-12T20:59:36                      12
/opt/airflow/dags/dag_lakehouse_pipeline.py                               1           0  0.64s           2026-08-12T21:04:25                      10
================================================================================
[2026-08-12T21:04:55.295+0000] {manager.py:1146} ERROR - Processor for /opt/airflow/dags/scripts/bronze_order_items.py exited with return code 1.
[2026-08-12T21:04:55.945+0000] {manager.py:1146} ERROR - Processor for /opt/airflow/dags/scripts/bronze_orders.py exited with return code 1.
[2026-08-12T21:05:25.305+0000] {manager.py:997} INFO - 
================================================================================
DAG File Processing Stats

File Path                                          PID  Runtime      # DAGs    # Errors  Last Runtime    Last Run               Last # of DB Queries
-----------------------------------------------  -----  ---------  --------  ----------  --------------  -------------------  ----------------------
/opt/airflow/dags/scripts/bronze_customers.py    28058  28.53s            0           1  287.96s         2026-08-12T21:04:24                       0
/opt/airflow/dags/scripts/bronze_order_items.py                           0          -1  30.42s          2026-08-12T21:04:55                       0
/opt/airflow/dags/scripts/bronze_orders.py                                0          -1  30.37s          2026-08-12T21:04:55                       0
/opt/airflow/dags/dag_pyspark_local.py                                    1           0  1.54s           2026-08-12T21:04:58                      20
/opt/airflow/dags/dag_dia.py                                              1           0  1.16s           2026-08-12T21:04:56                      12
/opt/airflow/dags/dag_lakehouse_pipeline.py                               1           0  0.47s           2026-08-12T21:04:56                      10
================================================================================
[2026-08-12T21:05:26.957+0000] {manager.py:1146} ERROR - Processor for /opt/airflow/dags/scripts/bronze_customers.py exited with return code 1.
[2026-08-12T21:05:55.376+0000] {manager.py:997} INFO - 
================================================================================
DAG File Processing Stats

File Path                                          PID  Runtime      # DAGs    # Errors  Last Runtime    Last Run               Last # of DB Queries
-----------------------------------------------  -----  ---------  --------  ----------  --------------  -------------------  ----------------------
/opt/airflow/dags/scripts/bronze_order_items.py  28235  29.54s            0          -1  30.42s          2026-08-12T21:04:55                       0
/opt/airflow/dags/scripts/bronze_orders.py       28284  28.35s            0          -1  30.37s          2026-08-12T21:04:55                       0
/opt/airflow/dags/scripts/bronze_customers.py                             0          -1  30.19s          2026-08-12T21:05:26                       0
/opt/airflow/dags/dag_pyspark_local.py                                    1           0  1.54s           2026-08-12T21:04:58                      20
/opt/airflow/dags/dag_dia.py                                              1           0  1.16s           2026-08-12T21:04:56                      12
/opt/airflow/dags/dag_lakehouse_pipeline.py                               1           0  0.47s           2026-08-12T21:04:56                      10
================================================================================
[2026-08-12T21:05:55.992+0000] {manager.py:1146} ERROR - Processor for /opt/airflow/dags/scripts/bronze_order_items.py exited with return code 1.
[2026-08-12T21:05:57.326+0000] {manager.py:1146} ERROR - Processor for /opt/airflow/dags/scripts/bronze_orders.py exited with return code 1.
[2026-08-12T21:06:25.766+0000] {manager.py:997} INFO - 
================================================================================
DAG File Processing Stats

File Path                                        PID    Runtime      # DAGs    # Errors  Last Runtime    Last Run               Last # of DB Queries
-----------------------------------------------  -----  ---------  --------  ----------  --------------  -------------------  ----------------------
/opt/airflow/dags/scripts/bronze_orders.py                                0          -1  30.30s          2026-08-12T21:05:57                       0
/opt/airflow/dags/scripts/bronze_order_items.py                           0          -1  30.16s          2026-08-12T21:05:55                       0
/opt/airflow/dags/scripts/bronze_customers.py                             0           0  22.19s          2026-08-12T21:06:19                       3
/opt/airflow/dags/dag_dia.py                                              1           0  0.82s           2026-08-12T21:05:57                      12
/opt/airflow/dags/dag_lakehouse_pipeline.py                               1           0  0.67s           2026-08-12T21:05:56                      10
/opt/airflow/dags/dag_pyspark_local.py                                    1           0  0.58s           2026-08-12T21:05:58                      10
================================================================================
[2026-08-12T21:06:55.891+0000] {manager.py:997} INFO - 
================================================================================
DAG File Processing Stats

File Path                                          PID  Runtime      # DAGs    # Errors  Last Runtime    Last Run               Last # of DB Queries
-----------------------------------------------  -----  ---------  --------  ----------  --------------  -------------------  ----------------------
/opt/airflow/dags/scripts/bronze_order_items.py  28870  29.06s            0          -1  30.16s          2026-08-12T21:05:55                       0
/opt/airflow/dags/scripts/bronze_orders.py                                0           0  27.91s          2026-08-12T21:06:55                       3
/opt/airflow/dags/scripts/bronze_customers.py                             0           0  22.19s          2026-08-12T21:06:19                       3
/opt/airflow/dags/dag_dia.py                     29244  0.01s             1           0  0.82s           2026-08-12T21:05:57                      12
/opt/airflow/dags/dag_pyspark_local.py                                    1           0  0.58s           2026-08-12T21:05:58                      10
/opt/airflow/dags/dag_lakehouse_pipeline.py                               1           0  0.24s           2026-08-12T21:06:27                      10
================================================================================
[2026-08-12T21:07:25.911+0000] {manager.py:997} INFO - 
================================================================================
DAG File Processing Stats

File Path                                          PID  Runtime      # DAGs    # Errors  Last Runtime    Last Run               Last # of DB Queries
-----------------------------------------------  -----  ---------  --------  ----------  --------------  -------------------  ----------------------
/opt/airflow/dags/scripts/bronze_order_items.py                           0           0  30.00s          2026-08-12T21:06:56                       3
/opt/airflow/dags/scripts/bronze_orders.py       29338  0.01s             0           0  27.91s          2026-08-12T21:06:55                       3
/opt/airflow/dags/dag_pyspark_local.py                                    1           0  0.45s           2026-08-12T21:06:57                      10
/opt/airflow/dags/scripts/bronze_customers.py                             0           0  0.32s           2026-08-12T21:06:56                       3
/opt/airflow/dags/dag_dia.py                                              1           0  0.30s           2026-08-12T21:06:56                      12
/opt/airflow/dags/dag_lakehouse_pipeline.py                               1           0  0.28s           2026-08-12T21:06:58                      10
================================================================================
[2026-08-12T21:07:56.592+0000] {manager.py:997} INFO - 
================================================================================
DAG File Processing Stats

File Path                                          PID  Runtime      # DAGs    # Errors  Last Runtime    Last Run               Last # of DB Queries
-----------------------------------------------  -----  ---------  --------  ----------  --------------  -------------------  ----------------------
/opt/airflow/dags/scripts/bronze_order_items.py                           0           0  0.34s           2026-08-12T21:07:27                       3
/opt/airflow/dags/dag_pyspark_local.py                                    1           0  0.34s           2026-08-12T21:07:27                      10
/opt/airflow/dags/scripts/bronze_orders.py       29351  0.03s             0           0  0.29s           2026-08-12T21:07:26                       3
/opt/airflow/dags/dag_lakehouse_pipeline.py                               1           0  0.28s           2026-08-12T21:07:29                      10
/opt/airflow/dags/scripts/bronze_customers.py                             0           0  0.27s           2026-08-12T21:07:27                       3
/opt/airflow/dags/dag_dia.py                     29352  0.01s             1           0  0.24s           2026-08-12T21:07:26                      12
================================================================================
[2026-08-12T21:08:27.002+0000] {manager.py:997} INFO - 
================================================================================
DAG File Processing Stats

File Path                                          PID  Runtime      # DAGs    # Errors  Last Runtime    Last Run               Last # of DB Queries
-----------------------------------------------  -----  ---------  --------  ----------  --------------  -------------------  ----------------------
/opt/airflow/dags/dag_pyspark_local.py                                    1           0  0.26s           2026-08-12T21:07:58                      10
/opt/airflow/dags/dag_lakehouse_pipeline.py                               1           0  0.26s           2026-08-12T21:07:59                      10
/opt/airflow/dags/scripts/bronze_orders.py       29364  0.03s             0           0  0.26s           2026-08-12T21:07:56                       3
/opt/airflow/dags/dag_dia.py                     29365  0.01s             1           0  0.25s           2026-08-12T21:07:56                      12
/opt/airflow/dags/scripts/bronze_order_items.py                           0           0  0.22s           2026-08-12T21:07:58                       3
/opt/airflow/dags/scripts/bronze_customers.py                             0           0  0.19s           2026-08-12T21:07:58                       3
================================================================================
[2026-08-12T21:08:57.545+0000] {manager.py:997} INFO - 
================================================================================
DAG File Processing Stats

File Path                                          PID  Runtime      # DAGs    # Errors  Last Runtime    Last Run               Last # of DB Queries
-----------------------------------------------  -----  ---------  --------  ----------  --------------  -------------------  ----------------------
/opt/airflow/dags/scripts/bronze_customers.py                             0           0  0.39s           2026-08-12T21:08:28                       3
/opt/airflow/dags/scripts/bronze_order_items.py                           0           0  0.37s           2026-08-12T21:08:28                       3
/opt/airflow/dags/scripts/bronze_orders.py       29377  0.03s             0           0  0.28s           2026-08-12T21:08:27                       3
/opt/airflow/dags/dag_dia.py                     29378  0.00s             1           0  0.24s           2026-08-12T21:08:27                      12
/opt/airflow/dags/dag_lakehouse_pipeline.py                               1           0  0.24s           2026-08-12T21:08:29                      10
/opt/airflow/dags/dag_pyspark_local.py                                    1           0  0.23s           2026-08-12T21:08:28                      10
================================================================================
[2026-08-12T21:09:21.145+0000] {manager.py:821} INFO - Searching for files in /opt/airflow/dags
[2026-08-12T21:09:28.465+0000] {manager.py:824} INFO - There are 3 files in /opt/airflow/dags
[2026-08-12T21:09:29.207+0000] {manager.py:997} INFO - 
================================================================================
DAG File Processing Stats

File Path                                      PID  Runtime      # DAGs    # Errors  Last Runtime    Last Run               Last # of DB Queries
-------------------------------------------  -----  ---------  --------  ----------  --------------  -------------------  ----------------------
/opt/airflow/dags/dag_pyspark_local.py                                1           0  0.27s           2026-08-12T21:08:59                      10
/opt/airflow/dags/dag_dia.py                 29403  0.15s             1           0  0.24s           2026-08-12T21:08:57                      12
/opt/airflow/dags/dag_lakehouse_pipeline.py                           1           0  0.24s           2026-08-12T21:09:00                      10
================================================================================
[2026-08-12T21:09:59.905+0000] {manager.py:997} INFO - 
================================================================================
DAG File Processing Stats

File Path                                    PID    Runtime      # DAGs    # Errors  Last Runtime    Last Run               Last # of DB Queries
-------------------------------------------  -----  ---------  --------  ----------  --------------  -------------------  ----------------------
/opt/airflow/dags/dag_pyspark_local.py                                1           0  3.55s           2026-08-12T21:09:33                      10
/opt/airflow/dags/dag_dia.py                                          1           0  2.33s           2026-08-12T21:09:31                      12
/opt/airflow/dags/dag_lakehouse_pipeline.py                           1           0  2.16s           2026-08-12T21:09:33                      10
================================================================================
[2026-08-12T21:10:31.476+0000] {manager.py:997} INFO - 
================================================================================
DAG File Processing Stats

File Path                                    PID    Runtime      # DAGs    # Errors  Last Runtime    Last Run               Last # of DB Queries
-------------------------------------------  -----  ---------  --------  ----------  --------------  -------------------  ----------------------
/opt/airflow/dags/dag_pyspark_local.py                                1           0  6.28s           2026-08-12T21:10:10                      10
/opt/airflow/dags/dag_dia.py                                          1           0  4.53s           2026-08-12T21:10:06                      12
/opt/airflow/dags/dag_lakehouse_pipeline.py                           1           0  2.98s           2026-08-12T21:10:10                      10
================================================================================
[2026-08-12T21:11:01.527+0000] {manager.py:997} INFO - 
================================================================================
DAG File Processing Stats

File Path                                    PID    Runtime      # DAGs    # Errors  Last Runtime    Last Run               Last # of DB Queries
-------------------------------------------  -----  ---------  --------  ----------  --------------  -------------------  ----------------------
/opt/airflow/dags/dag_dia.py                                          1           0  7.97s           2026-08-12T21:10:45                      12
/opt/airflow/dags/dag_pyspark_local.py                                1           0  7.85s           2026-08-12T21:10:54                      10
/opt/airflow/dags/dag_lakehouse_pipeline.py                           1           0  6.94s           2026-08-12T21:10:48                      10
================================================================================
[2026-08-12T21:11:32.268+0000] {manager.py:997} INFO - 
================================================================================
DAG File Processing Stats

File Path                                      PID  Runtime      # DAGs    # Errors  Last Runtime    Last Run               Last # of DB Queries
-------------------------------------------  -----  ---------  --------  ----------  --------------  -------------------  ----------------------
/opt/airflow/dags/dag_dia.py                 29426  16.39s            1           0  7.97s           2026-08-12T21:10:45                      12
/opt/airflow/dags/dag_pyspark_local.py                                1           0  7.85s           2026-08-12T21:10:54                      10
/opt/airflow/dags/dag_lakehouse_pipeline.py  29433  13.04s            1           0  6.94s           2026-08-12T21:10:48                      10
================================================================================
[2026-08-12T21:12:03.476+0000] {manager.py:997} INFO - 
================================================================================
DAG File Processing Stats

File Path                                    PID    Runtime      # DAGs    # Errors  Last Runtime    Last Run               Last # of DB Queries
-------------------------------------------  -----  ---------  --------  ----------  --------------  -------------------  ----------------------
/opt/airflow/dags/dag_dia.py                                          1           0  23.59s          2026-08-12T21:11:39                      12
/opt/airflow/dags/dag_lakehouse_pipeline.py                           1           0  19.36s          2026-08-12T21:11:38                      10
/opt/airflow/dags/dag_pyspark_local.py                                1           0  17.19s          2026-08-12T21:11:56                      10
================================================================================
[2026-08-12T21:12:34.779+0000] {manager.py:997} INFO - 
================================================================================
DAG File Processing Stats

File Path                                      PID  Runtime      # DAGs    # Errors  Last Runtime    Last Run               Last # of DB Queries
-------------------------------------------  -----  ---------  --------  ----------  --------------  -------------------  ----------------------
/opt/airflow/dags/dag_pyspark_local.py       29445  7.17s             1           0  17.19s          2026-08-12T21:11:56                      10
/opt/airflow/dags/dag_lakehouse_pipeline.py  29446  0.43s             1           0  5.47s           2026-08-12T21:12:15                      10
/opt/airflow/dags/dag_dia.py                                          1           0  4.62s           2026-08-12T21:12:15                      12
================================================================================
[2026-08-12T21:13:04.621+0000] {manager.py:997} INFO - 
================================================================================
DAG File Processing Stats

File Path                                    PID    Runtime      # DAGs    # Errors  Last Runtime    Last Run               Last # of DB Queries
-------------------------------------------  -----  ---------  --------  ----------  --------------  -------------------  ----------------------
/opt/airflow/dags/dag_pyspark_local.py                                1           0  17.69s          2026-08-12T21:12:44                      10
/opt/airflow/dags/dag_dia.py                                          1           0  10.65s          2026-08-12T21:12:57                      12
/opt/airflow/dags/dag_lakehouse_pipeline.py                           1           0  8.34s           2026-08-12T21:12:42                      10
================================================================================
[2026-08-12T21:13:35.851+0000] {manager.py:997} INFO - 
================================================================================
DAG File Processing Stats

File Path                                      PID  Runtime      # DAGs    # Errors  Last Runtime    Last Run               Last # of DB Queries
-------------------------------------------  -----  ---------  --------  ----------  --------------  -------------------  ----------------------
/opt/airflow/dags/dag_pyspark_local.py       29457  18.76s            1           0  17.69s          2026-08-12T21:12:44                      10
/opt/airflow/dags/dag_dia.py                                          1           0  10.65s          2026-08-12T21:12:57                      12
/opt/airflow/dags/dag_lakehouse_pipeline.py  29456  22.92s            1           0  8.34s           2026-08-12T21:12:42                      10
================================================================================
[2026-08-12T21:14:05.896+0000] {manager.py:997} INFO - 
================================================================================
DAG File Processing Stats

File Path                                    PID    Runtime      # DAGs    # Errors  Last Runtime    Last Run               Last # of DB Queries
-------------------------------------------  -----  ---------  --------  ----------  --------------  -------------------  ----------------------
/opt/airflow/dags/dag_pyspark_local.py                                1           0  30.94s          2026-08-12T21:13:47                      10
/opt/airflow/dags/dag_lakehouse_pipeline.py                           1           0  27.67s          2026-08-12T21:13:40                      10
/opt/airflow/dags/dag_dia.py                                          1           0  9.01s           2026-08-12T21:13:49                      12
================================================================================
[2026-08-12T21:14:22.076+0000] {manager.py:821} INFO - Searching for files in /opt/airflow/dags
[2026-08-12T21:14:29.003+0000] {manager.py:824} INFO - There are 3 files in /opt/airflow/dags
[2026-08-12T21:17:04.019+0000] {manager.py:1366} ERROR - Processor for /opt/airflow/dags/dag_pyspark_local.py with PID 29467 started at 2026-08-12T21:14:18.474359+00:00 has timed out, killing it.
[2026-08-12T21:17:37.766+0000] {manager.py:1366} ERROR - Processor for /opt/airflow/dags/dag_dia.py with PID 29468 started at 2026-08-12T21:14:21.629485+00:00 has timed out, killing it.
[2026-08-12T21:17:39.405+0000] {manager.py:997} INFO - 
================================================================================
DAG File Processing Stats

File Path                                      PID  Runtime      # DAGs    # Errors  Last Runtime    Last Run               Last # of DB Queries
-------------------------------------------  -----  ---------  --------  ----------  --------------  -------------------  ----------------------
/opt/airflow/dags/dag_pyspark_local.py       29470  0.34s             0           1  163.24s         2026-08-12T21:17:01                       0
/opt/airflow/dags/dag_dia.py                                          0           1  160.08s         2026-08-12T21:17:01                       0
/opt/airflow/dags/dag_lakehouse_pipeline.py  29469  1.29s             1           0  5.13s           2026-08-12T21:14:16                      10
================================================================================
[2026-08-12T21:18:17.662+0000] {manager.py:997} INFO - 
================================================================================
DAG File Processing Stats

File Path                                      PID  Runtime      # DAGs    # Errors  Last Runtime    Last Run               Last # of DB Queries
-------------------------------------------  -----  ---------  --------  ----------  --------------  -------------------  ----------------------
/opt/airflow/dags/dag_pyspark_local.py       29470  35.00s            0           1  163.24s         2026-08-12T21:17:01                       0
/opt/airflow/dags/dag_dia.py                 29471  23.83s            0           1  160.08s         2026-08-12T21:17:01                       0
/opt/airflow/dags/dag_lakehouse_pipeline.py                           1           0  12.00s          2026-08-12T21:17:50                      10
================================================================================
[2026-08-12T21:19:33.241+0000] {manager.py:821} INFO - Searching for files in /opt/airflow/dags
[2026-08-12T21:20:37.336+0000] {manager.py:824} INFO - There are 3 files in /opt/airflow/dags
[2026-08-12T21:20:37.734+0000] {manager.py:1366} ERROR - Processor for /opt/airflow/dags/dag_pyspark_local.py with PID 29470 started at 2026-08-12T21:17:39.006660+00:00 has timed out, killing it.
[2026-08-12T21:20:37.741+0000] {manager.py:1366} ERROR - Processor for /opt/airflow/dags/dag_dia.py with PID 29471 started at 2026-08-12T21:17:50.176307+00:00 has timed out, killing it.
[2026-08-12T21:20:38.327+0000] {manager.py:997} INFO - 
================================================================================
DAG File Processing Stats

File Path                                      PID  Runtime      # DAGs    # Errors  Last Runtime    Last Run               Last # of DB Queries
-------------------------------------------  -----  ---------  --------  ----------  --------------  -------------------  ----------------------
/opt/airflow/dags/dag_pyspark_local.py                                0           1  178.73s         2026-08-12T21:20:37                       0
/opt/airflow/dags/dag_dia.py                                          0           1  167.56s         2026-08-12T21:20:37                       0
/opt/airflow/dags/dag_lakehouse_pipeline.py  29472  0.06s             1           0  12.00s          2026-08-12T21:17:50                      10
================================================================================
[2026-08-12T21:20:40.372+0000] {manager.py:465} INFO - Exiting gracefully upon receiving signal 15
[2026-08-12T21:20:40.372+0000] {manager.py:465} INFO - Exiting gracefully upon receiving signal 15
[2026-08-12T21:47:02.957+0000] {manager.py:483} INFO - Processing files using up to 2 processes at a time 
[2026-08-12T21:47:02.961+0000] {manager.py:484} INFO - Process each file at most once every 30 seconds
[2026-08-12T21:47:02.974+0000] {manager.py:485} INFO - Checking for new files in /opt/airflow/dags every 300 seconds
[2026-08-12T21:47:02.977+0000] {manager.py:821} INFO - Searching for files in /opt/airflow/dags
[2026-08-12T21:47:05.513+0000] {manager.py:824} INFO - There are 3 files in /opt/airflow/dags
[2026-08-12T21:47:06.760+0000] {manager.py:997} INFO - 
================================================================================
DAG File Processing Stats

File Path                                      PID  Runtime      # DAGs    # Errors  Last Runtime    Last Run      Last # of DB Queries
-------------------------------------------  -----  ---------  --------  ----------  --------------  ----------  ----------------------
/opt/airflow/dags/dag_dia.py                                          0           0                                                   0
/opt/airflow/dags/dag_lakehouse_pipeline.py     83  0.63s             0           0                                                   0
/opt/airflow/dags/dag_pyspark_local.py          84  0.20s             0           0                                                   0
================================================================================
[2026-08-12T21:47:37.202+0000] {manager.py:997} INFO - 
================================================================================
DAG File Processing Stats

File Path                                    PID    Runtime      # DAGs    # Errors  Last Runtime    Last Run               Last # of DB Queries
-------------------------------------------  -----  ---------  --------  ----------  --------------  -------------------  ----------------------
/opt/airflow/dags/dag_pyspark_local.py                                1           0  5.58s           2026-08-12T21:47:12                      20
/opt/airflow/dags/dag_lakehouse_pipeline.py                           1           0  2.08s           2026-08-12T21:47:27                     106
/opt/airflow/dags/dag_dia.py                                          1           0  1.73s           2026-08-12T21:47:09                      12
================================================================================
[2026-08-12T21:48:07.217+0000] {manager.py:997} INFO - 
================================================================================
DAG File Processing Stats

File Path                                    PID    Runtime      # DAGs    # Errors  Last Runtime    Last Run               Last # of DB Queries
-------------------------------------------  -----  ---------  --------  ----------  --------------  -------------------  ----------------------
/opt/airflow/dags/dag_pyspark_local.py                                1           0  1.36s           2026-08-12T21:47:44                      10
/opt/airflow/dags/dag_lakehouse_pipeline.py                           1           0  0.92s           2026-08-12T21:47:58                      94
/opt/airflow/dags/dag_dia.py                                          1           0  0.66s           2026-08-12T21:47:40                      12
================================================================================
[2026-08-12T21:48:37.318+0000] {manager.py:997} INFO - 
================================================================================
DAG File Processing Stats

File Path                                    PID    Runtime      # DAGs    # Errors  Last Runtime    Last Run               Last # of DB Queries
-------------------------------------------  -----  ---------  --------  ----------  --------------  -------------------  ----------------------
/opt/airflow/dags/dag_pyspark_local.py                                1           0  1.03s           2026-08-12T21:48:15                      10
/opt/airflow/dags/dag_dia.py                                          1           0  0.45s           2026-08-12T21:48:11                      12
/opt/airflow/dags/dag_lakehouse_pipeline.py                           1           0  0.21s           2026-08-12T21:48:29                      10
================================================================================
[2026-08-12T21:49:07.886+0000] {manager.py:997} INFO - 
================================================================================
DAG File Processing Stats

File Path                                    PID    Runtime      # DAGs    # Errors  Last Runtime    Last Run               Last # of DB Queries
-------------------------------------------  -----  ---------  --------  ----------  --------------  -------------------  ----------------------
/opt/airflow/dags/dag_pyspark_local.py                                1           0  0.74s           2026-08-12T21:48:46                      10
/opt/airflow/dags/dag_lakehouse_pipeline.py                           1           0  0.39s           2026-08-12T21:49:00                      10
/opt/airflow/dags/dag_dia.py                                          1           0  0.16s           2026-08-12T21:48:42                      12
================================================================================
[2026-08-12T21:49:38.070+0000] {manager.py:997} INFO - 
================================================================================
DAG File Processing Stats

File Path                                    PID    Runtime      # DAGs    # Errors  Last Runtime    Last Run               Last # of DB Queries
-------------------------------------------  -----  ---------  --------  ----------  --------------  -------------------  ----------------------
/opt/airflow/dags/dag_pyspark_local.py                                1           0  1.39s           2026-08-12T21:49:18                      10
/opt/airflow/dags/dag_dia.py                                          1           0  0.35s           2026-08-12T21:49:13                      12
/opt/airflow/dags/dag_lakehouse_pipeline.py                           1           0  0.20s           2026-08-12T21:49:30                      10
================================================================================
[2026-08-12T21:50:08.108+0000] {manager.py:997} INFO - 
================================================================================
DAG File Processing Stats

File Path                                    PID    Runtime      # DAGs    # Errors  Last Runtime    Last Run               Last # of DB Queries
-------------------------------------------  -----  ---------  --------  ----------  --------------  -------------------  ----------------------
/opt/airflow/dags/dag_dia.py                                          1           0  1.36s           2026-08-12T21:49:45                      12
/opt/airflow/dags/dag_pyspark_local.py                                1           0  1.17s           2026-08-12T21:49:49                      10
/opt/airflow/dags/dag_lakehouse_pipeline.py                           1           0  0.32s           2026-08-12T21:50:01                      10
================================================================================
[2026-08-12T21:50:38.772+0000] {manager.py:997} INFO - 
================================================================================
DAG File Processing Stats

File Path                                    PID    Runtime      # DAGs    # Errors  Last Runtime    Last Run               Last # of DB Queries
-------------------------------------------  -----  ---------  --------  ----------  --------------  -------------------  ----------------------
/opt/airflow/dags/dag_pyspark_local.py                                1           0  4.51s           2026-08-12T21:50:25                      10
/opt/airflow/dags/dag_lakehouse_pipeline.py                           1           0  2.36s           2026-08-12T21:50:34                      10
/opt/airflow/dags/dag_dia.py                                          1           0  2.24s           2026-08-12T21:50:18                      12
================================================================================
[2026-08-12T21:51:09.524+0000] {manager.py:997} INFO - 
================================================================================
DAG File Processing Stats

File Path                                    PID    Runtime      # DAGs    # Errors  Last Runtime    Last Run               Last # of DB Queries
-------------------------------------------  -----  ---------  --------  ----------  --------------  -------------------  ----------------------
/opt/airflow/dags/dag_pyspark_local.py                                1           0  10.61s          2026-08-12T21:51:06                      10
/opt/airflow/dags/dag_dia.py                                          1           0  3.16s           2026-08-12T21:50:51                      12
/opt/airflow/dags/dag_lakehouse_pipeline.py                           1           0  2.64s           2026-08-12T21:51:07                      10
================================================================================
[2026-08-12T21:51:39.700+0000] {manager.py:997} INFO - 
================================================================================
DAG File Processing Stats

File Path                                      PID  Runtime      # DAGs    # Errors  Last Runtime    Last Run               Last # of DB Queries
-------------------------------------------  -----  ---------  --------  ----------  --------------  -------------------  ----------------------
/opt/airflow/dags/dag_pyspark_local.py         212  3.12s             1           0  10.61s          2026-08-12T21:51:06                      10
/opt/airflow/dags/dag_dia.py                                          1           0  3.01s           2026-08-12T21:51:25                      12
/opt/airflow/dags/dag_lakehouse_pipeline.py    213  1.78s             1           0  2.64s           2026-08-12T21:51:07                      10
================================================================================
[2026-08-12T21:52:02.994+0000] {manager.py:821} INFO - Searching for files in /opt/airflow/dags
[2026-08-12T21:52:04.467+0000] {manager.py:824} INFO - There are 3 files in /opt/airflow/dags
[2026-08-12T21:52:10.112+0000] {manager.py:997} INFO - 
================================================================================
DAG File Processing Stats

File Path                                    PID    Runtime      # DAGs    # Errors  Last Runtime    Last Run               Last # of DB Queries
-------------------------------------------  -----  ---------  --------  ----------  --------------  -------------------  ----------------------
/opt/airflow/dags/dag_dia.py                                          1           0  12.10s          2026-08-12T21:52:08                      12
/opt/airflow/dags/dag_pyspark_local.py                                1           0  9.22s           2026-08-12T21:51:45                      10
/opt/airflow/dags/dag_lakehouse_pipeline.py                           1           0  3.57s           2026-08-12T21:51:41                      10
================================================================================
[2026-08-12T21:52:40.381+0000] {manager.py:997} INFO - 
================================================================================
DAG File Processing Stats

File Path                                      PID  Runtime      # DAGs    # Errors  Last Runtime    Last Run               Last # of DB Queries
-------------------------------------------  -----  ---------  --------  ----------  --------------  -------------------  ----------------------
/opt/airflow/dags/dag_lakehouse_pipeline.py                           1           0  15.93s          2026-08-12T21:52:27                      10
/opt/airflow/dags/dag_pyspark_local.py                                1           0  13.72s          2026-08-12T21:52:29                      10
/opt/airflow/dags/dag_dia.py                   224  1.63s             1           0  12.10s          2026-08-12T21:52:08                      12
================================================================================
[2026-08-12T21:53:10.494+0000] {manager.py:997} INFO - 
================================================================================
DAG File Processing Stats

File Path                                    PID    Runtime      # DAGs    # Errors  Last Runtime    Last Run               Last # of DB Queries
-------------------------------------------  -----  ---------  --------  ----------  --------------  -------------------  ----------------------
/opt/airflow/dags/dag_dia.py                                          1           0  23.55s          2026-08-12T21:53:02                      12
/opt/airflow/dags/dag_pyspark_local.py                                1           0  5.75s           2026-08-12T21:53:08                      10
/opt/airflow/dags/dag_lakehouse_pipeline.py                           1           0  5.08s           2026-08-12T21:53:03                      10
================================================================================
[2026-08-12T21:53:40.608+0000] {manager.py:997} INFO - 
================================================================================
DAG File Processing Stats

File Path                                      PID  Runtime      # DAGs    # Errors  Last Runtime    Last Run               Last # of DB Queries
-------------------------------------------  -----  ---------  --------  ----------  --------------  -------------------  ----------------------
/opt/airflow/dags/dag_pyspark_local.py         243  2.19s             1           0  5.75s           2026-08-12T21:53:08                      10
/opt/airflow/dags/dag_dia.py                                          1           0  2.86s           2026-08-12T21:53:35                      12
/opt/airflow/dags/dag_lakehouse_pipeline.py                           1           0  1.89s           2026-08-12T21:53:36                      10
================================================================================
[2026-08-12T21:54:10.986+0000] {manager.py:997} INFO - 
================================================================================
DAG File Processing Stats

File Path                                    PID    Runtime      # DAGs    # Errors  Last Runtime    Last Run               Last # of DB Queries
-------------------------------------------  -----  ---------  --------  ----------  --------------  -------------------  ----------------------
/opt/airflow/dags/dag_pyspark_local.py                                1           0  22.29s          2026-08-12T21:54:00                      10
/opt/airflow/dags/dag_lakehouse_pipeline.py                           1           0  3.39s           2026-08-12T21:54:09                      10
/opt/airflow/dags/dag_dia.py                                          1           0  3.01s           2026-08-12T21:54:09                      12
================================================================================
[2026-08-12T21:54:41.596+0000] {manager.py:997} INFO - 
================================================================================
DAG File Processing Stats

File Path                                      PID  Runtime      # DAGs    # Errors  Last Runtime    Last Run               Last # of DB Queries
-------------------------------------------  -----  ---------  --------  ----------  --------------  -------------------  ----------------------
/opt/airflow/dags/dag_pyspark_local.py         254  4.16s             1           0  22.29s          2026-08-12T21:54:00                      10
/opt/airflow/dags/dag_lakehouse_pipeline.py    255  1.07s             1           0  3.39s           2026-08-12T21:54:09                      10
/opt/airflow/dags/dag_dia.py                                          1           0  3.01s           2026-08-12T21:54:09                      12
================================================================================
[2026-08-12T21:55:11.718+0000] {manager.py:997} INFO - 
================================================================================
DAG File Processing Stats

File Path                                    PID    Runtime      # DAGs    # Errors  Last Runtime    Last Run               Last # of DB Queries
-------------------------------------------  -----  ---------  --------  ----------  --------------  -------------------  ----------------------
/opt/airflow/dags/dag_pyspark_local.py                                1           0  19.89s          2026-08-12T21:54:57                      10
/opt/airflow/dags/dag_dia.py                                          1           0  4.24s           2026-08-12T21:54:47                      12
/opt/airflow/dags/dag_lakehouse_pipeline.py                           1           0  2.16s           2026-08-12T21:54:42                      10
================================================================================
[2026-08-12T21:55:41.885+0000] {manager.py:997} INFO - 
================================================================================
DAG File Processing Stats

File Path                                    PID    Runtime      # DAGs    # Errors  Last Runtime    Last Run               Last # of DB Queries
-------------------------------------------  -----  ---------  --------  ----------  --------------  -------------------  ----------------------
/opt/airflow/dags/dag_pyspark_local.py                                1           0  7.75s           2026-08-12T21:55:35                      10
/opt/airflow/dags/dag_dia.py                                          1           0  3.50s           2026-08-12T21:55:20                      12
/opt/airflow/dags/dag_lakehouse_pipeline.py                           1           0  3.40s           2026-08-12T21:55:16                      10
================================================================================
[2026-08-12T21:56:12.402+0000] {manager.py:997} INFO - 
================================================================================
DAG File Processing Stats

File Path                                    PID    Runtime      # DAGs    # Errors  Last Runtime    Last Run               Last # of DB Queries
-------------------------------------------  -----  ---------  --------  ----------  --------------  -------------------  ----------------------
/opt/airflow/dags/dag_lakehouse_pipeline.py                           1           0  4.48s           2026-08-12T21:55:51                      10
/opt/airflow/dags/dag_dia.py                                          1           0  3.87s           2026-08-12T21:55:55                      12
/opt/airflow/dags/dag_pyspark_local.py                                1           0  3.64s           2026-08-12T21:56:09                      10
================================================================================
[2026-08-12T21:56:42.569+0000] {manager.py:997} INFO - 
================================================================================
DAG File Processing Stats

File Path                                      PID  Runtime      # DAGs    # Errors  Last Runtime    Last Run               Last # of DB Queries
-------------------------------------------  -----  ---------  --------  ----------  --------------  -------------------  ----------------------
/opt/airflow/dags/dag_pyspark_local.py         302  2.49s             1           0  3.64s           2026-08-12T21:56:09                      10
/opt/airflow/dags/dag_dia.py                                          1           0  0.81s           2026-08-12T21:56:26                      12
/opt/airflow/dags/dag_lakehouse_pipeline.py                           1           0  0.66s           2026-08-12T21:56:22                      10
================================================================================
[2026-08-12T21:57:03.195+0000] {manager.py:821} INFO - Searching for files in /opt/airflow/dags
[2026-08-12T21:57:03.616+0000] {manager.py:824} INFO - There are 3 files in /opt/airflow/dags
[2026-08-12T21:57:12.979+0000] {manager.py:997} INFO - 
================================================================================
DAG File Processing Stats

File Path                                    PID    Runtime      # DAGs    # Errors  Last Runtime    Last Run               Last # of DB Queries
-------------------------------------------  -----  ---------  --------  ----------  --------------  -------------------  ----------------------
/opt/airflow/dags/dag_pyspark_local.py                                1           0  3.63s           2026-08-12T21:56:43                      10
/opt/airflow/dags/dag_dia.py                                          1           0  1.16s           2026-08-12T21:56:58                      12
/opt/airflow/dags/dag_lakehouse_pipeline.py                           1           0  0.70s           2026-08-12T21:56:53                      10
================================================================================
[2026-08-12T21:57:43.546+0000] {manager.py:997} INFO - 
================================================================================
DAG File Processing Stats

File Path                                    PID    Runtime      # DAGs    # Errors  Last Runtime    Last Run               Last # of DB Queries
-------------------------------------------  -----  ---------  --------  ----------  --------------  -------------------  ----------------------
/opt/airflow/dags/dag_pyspark_local.py                                1           0  0.46s           2026-08-12T21:57:14                      10
/opt/airflow/dags/dag_dia.py                                          1           0  0.26s           2026-08-12T21:57:28                      12
/opt/airflow/dags/dag_lakehouse_pipeline.py                           1           0  0.13s           2026-08-12T21:57:24                      10
================================================================================
[2026-08-12T21:58:14.245+0000] {manager.py:997} INFO - 
================================================================================
DAG File Processing Stats

File Path                                    PID    Runtime      # DAGs    # Errors  Last Runtime    Last Run               Last # of DB Queries
-------------------------------------------  -----  ---------  --------  ----------  --------------  -------------------  ----------------------
/opt/airflow/dags/dag_pyspark_local.py                                1           0  0.46s           2026-08-12T21:57:45                      10
/opt/airflow/dags/dag_dia.py                                          1           0  0.33s           2026-08-12T21:57:59                      12
/opt/airflow/dags/dag_lakehouse_pipeline.py                           1           0  0.17s           2026-08-12T21:57:55                      10
================================================================================
[2026-08-12T21:58:44.267+0000] {manager.py:997} INFO - 
================================================================================
DAG File Processing Stats

File Path                                    PID    Runtime      # DAGs    # Errors  Last Runtime    Last Run               Last # of DB Queries
-------------------------------------------  -----  ---------  --------  ----------  --------------  -------------------  ----------------------
/opt/airflow/dags/dag_lakehouse_pipeline.py                           1           0  0.54s           2026-08-12T21:58:26                      10
/opt/airflow/dags/dag_dia.py                                          1           0  0.37s           2026-08-12T21:58:30                      12
/opt/airflow/dags/dag_pyspark_local.py                                1           0  0.32s           2026-08-12T21:58:15                      10
================================================================================
[2026-08-12T21:59:15.191+0000] {manager.py:997} INFO - 
================================================================================
DAG File Processing Stats

File Path                                    PID    Runtime      # DAGs    # Errors  Last Runtime    Last Run               Last # of DB Queries
-------------------------------------------  -----  ---------  --------  ----------  --------------  -------------------  ----------------------
/opt/airflow/dags/dag_lakehouse_pipeline.py                           1           0  0.55s           2026-08-12T21:58:56                      10
/opt/airflow/dags/dag_pyspark_local.py                                1           0  0.34s           2026-08-12T21:58:46                      10
/opt/airflow/dags/dag_dia.py                                          1           0  0.28s           2026-08-12T21:59:01                      12
================================================================================
[2026-08-12T21:59:45.554+0000] {manager.py:997} INFO - 
================================================================================
DAG File Processing Stats

File Path                                    PID    Runtime      # DAGs    # Errors  Last Runtime    Last Run               Last # of DB Queries
-------------------------------------------  -----  ---------  --------  ----------  --------------  -------------------  ----------------------
/opt/airflow/dags/dag_pyspark_local.py                                1           0  0.33s           2026-08-12T21:59:17                      10
/opt/airflow/dags/dag_lakehouse_pipeline.py                           1           0  0.17s           2026-08-12T21:59:27                      10
/opt/airflow/dags/dag_dia.py                                          1           0  0.13s           2026-08-12T21:59:31                      12
================================================================================
[2026-08-12T22:00:16.156+0000] {manager.py:997} INFO - 
================================================================================
DAG File Processing Stats

File Path                                    PID    Runtime      # DAGs    # Errors  Last Runtime    Last Run               Last # of DB Queries
-------------------------------------------  -----  ---------  --------  ----------  --------------  -------------------  ----------------------
/opt/airflow/dags/dag_pyspark_local.py                                1           0  0.34s           2026-08-12T21:59:47                      10
/opt/airflow/dags/dag_dia.py                                          1           0  0.14s           2026-08-12T22:00:02                      12
/opt/airflow/dags/dag_lakehouse_pipeline.py                           1           0  0.12s           2026-08-12T21:59:57                      10
================================================================================
[2026-08-12T22:00:46.511+0000] {manager.py:997} INFO - 
================================================================================
DAG File Processing Stats

File Path                                    PID    Runtime      # DAGs    # Errors  Last Runtime    Last Run               Last # of DB Queries
-------------------------------------------  -----  ---------  --------  ----------  --------------  -------------------  ----------------------
/opt/airflow/dags/dag_lakehouse_pipeline.py                           1           0  1.08s           2026-08-12T22:00:29                      10
/opt/airflow/dags/dag_dia.py                                          1           0  0.49s           2026-08-12T22:00:33                      12
/opt/airflow/dags/dag_pyspark_local.py                                1           0  0.31s           2026-08-12T22:00:18                      10
================================================================================
[2026-08-12T22:01:16.533+0000] {manager.py:997} INFO - 
================================================================================
DAG File Processing Stats

File Path                                    PID    Runtime      # DAGs    # Errors  Last Runtime    Last Run               Last # of DB Queries
-------------------------------------------  -----  ---------  --------  ----------  --------------  -------------------  ----------------------
/opt/airflow/dags/dag_pyspark_local.py                                1           0  0.87s           2026-08-12T22:00:49                      10
/opt/airflow/dags/dag_dia.py                                          1           0  0.54s           2026-08-12T22:01:04                      12
/opt/airflow/dags/dag_lakehouse_pipeline.py                           1           0  0.29s           2026-08-12T22:00:59                      10
================================================================================
[2026-08-12T22:01:46.628+0000] {manager.py:997} INFO - 
================================================================================
DAG File Processing Stats

File Path                                    PID    Runtime      # DAGs    # Errors  Last Runtime    Last Run               Last # of DB Queries
-------------------------------------------  -----  ---------  --------  ----------  --------------  -------------------  ----------------------
/opt/airflow/dags/dag_lakehouse_pipeline.py                           1           0  2.01s           2026-08-12T22:01:32                      10
/opt/airflow/dags/dag_dia.py                                          1           0  1.53s           2026-08-12T22:01:36                      12
/opt/airflow/dags/dag_pyspark_local.py                                1           0  0.82s           2026-08-12T22:01:20                      10
================================================================================
[2026-08-12T22:02:03.458+0000] {manager.py:821} INFO - Searching for files in /opt/airflow/dags
[2026-08-12T22:02:04.016+0000] {manager.py:824} INFO - There are 3 files in /opt/airflow/dags
[2026-08-12T22:02:16.718+0000] {manager.py:997} INFO - 
================================================================================
DAG File Processing Stats

File Path                                    PID    Runtime      # DAGs    # Errors  Last Runtime    Last Run               Last # of DB Queries
-------------------------------------------  -----  ---------  --------  ----------  --------------  -------------------  ----------------------
/opt/airflow/dags/dag_pyspark_local.py                                1           0  1.48s           2026-08-12T22:01:52                      10
/opt/airflow/dags/dag_lakehouse_pipeline.py                           1           0  1.07s           2026-08-12T22:02:04                      10
/opt/airflow/dags/dag_dia.py                                          1           0  0.72s           2026-08-12T22:02:08                      12
================================================================================
[2026-08-12T22:02:46.997+0000] {manager.py:997} INFO - 
================================================================================
DAG File Processing Stats

File Path                                    PID    Runtime      # DAGs    # Errors  Last Runtime    Last Run               Last # of DB Queries
-------------------------------------------  -----  ---------  --------  ----------  --------------  -------------------  ----------------------
/opt/airflow/dags/dag_pyspark_local.py                                1           0  0.59s           2026-08-12T22:02:23                      10
/opt/airflow/dags/dag_dia.py                                          1           0  0.55s           2026-08-12T22:02:39                      12
/opt/airflow/dags/dag_lakehouse_pipeline.py                           1           0  0.28s           2026-08-12T22:02:34                      10
================================================================================
[2026-08-12T22:03:17.411+0000] {manager.py:997} INFO - 
================================================================================
DAG File Processing Stats

File Path                                    PID    Runtime      # DAGs    # Errors  Last Runtime    Last Run               Last # of DB Queries
-------------------------------------------  -----  ---------  --------  ----------  --------------  -------------------  ----------------------
/opt/airflow/dags/dag_pyspark_local.py                                1           0  1.18s           2026-08-12T22:02:54                      10
/opt/airflow/dags/dag_lakehouse_pipeline.py                           1           0  0.49s           2026-08-12T22:03:05                      10
/opt/airflow/dags/dag_dia.py                                          1           0  0.19s           2026-08-12T22:03:09                      12
================================================================================
[2026-08-12T22:03:30.834+0000] {manager.py:465} INFO - Exiting gracefully upon receiving signal 15
[2026-08-12T22:04:39.674+0000] {manager.py:483} INFO - Processing files using up to 2 processes at a time 
[2026-08-12T22:04:39.676+0000] {manager.py:484} INFO - Process each file at most once every 30 seconds
[2026-08-12T22:04:39.678+0000] {manager.py:485} INFO - Checking for new files in /opt/airflow/dags every 300 seconds
[2026-08-12T22:04:39.681+0000] {manager.py:821} INFO - Searching for files in /opt/airflow/dags
[2026-08-12T22:04:40.163+0000] {manager.py:824} INFO - There are 3 files in /opt/airflow/dags
[2026-08-12T22:04:40.589+0000] {manager.py:997} INFO - 
================================================================================
DAG File Processing Stats

File Path                                      PID  Runtime      # DAGs    # Errors  Last Runtime    Last Run      Last # of DB Queries
-------------------------------------------  -----  ---------  --------  ----------  --------------  ----------  ----------------------
/opt/airflow/dags/dag_dia.py                                          0           0                                                   0
/opt/airflow/dags/dag_lakehouse_pipeline.py     57  0.20s             0           0                                                   0
/opt/airflow/dags/dag_pyspark_local.py          58  0.10s             0           0                                                   0
================================================================================
[2026-08-12T22:05:10.809+0000] {manager.py:997} INFO - 
================================================================================
DAG File Processing Stats

File Path                                    PID    Runtime      # DAGs    # Errors  Last Runtime    Last Run               Last # of DB Queries
-------------------------------------------  -----  ---------  --------  ----------  --------------  -------------------  ----------------------
/opt/airflow/dags/dag_pyspark_local.py                                1           0  2.27s           2026-08-12T22:04:42                      10
/opt/airflow/dags/dag_dia.py                                          1           0  1.15s           2026-08-12T22:04:42                      12
/opt/airflow/dags/dag_lakehouse_pipeline.py                           1           0  0.68s           2026-08-12T22:04:41                      10
================================================================================
[2026-08-12T22:05:33.122+0000] {manager.py:465} INFO - Exiting gracefully upon receiving signal 15
[2026-08-12T22:06:28.796+0000] {manager.py:483} INFO - Processing files using up to 2 processes at a time 
[2026-08-12T22:06:28.799+0000] {manager.py:484} INFO - Process each file at most once every 30 seconds
[2026-08-12T22:06:28.800+0000] {manager.py:485} INFO - Checking for new files in /opt/airflow/dags every 300 seconds
[2026-08-12T22:06:28.802+0000] {manager.py:821} INFO - Searching for files in /opt/airflow/dags
[2026-08-12T22:06:29.189+0000] {manager.py:824} INFO - There are 3 files in /opt/airflow/dags
[2026-08-12T22:06:29.436+0000] {manager.py:997} INFO - 
================================================================================
DAG File Processing Stats

File Path                                      PID  Runtime      # DAGs    # Errors  Last Runtime    Last Run      Last # of DB Queries
-------------------------------------------  -----  ---------  --------  ----------  --------------  ----------  ----------------------
/opt/airflow/dags/dag_dia.py                                          0           0                                                   0
/opt/airflow/dags/dag_lakehouse_pipeline.py     49  0.11s             0           0                                                   0
/opt/airflow/dags/dag_pyspark_local.py          50  0.07s             0           0                                                   0
================================================================================
[2026-08-12T22:06:59.743+0000] {manager.py:997} INFO - 
================================================================================
DAG File Processing Stats

File Path                                      PID  Runtime      # DAGs    # Errors  Last Runtime    Last Run               Last # of DB Queries
-------------------------------------------  -----  ---------  --------  ----------  --------------  -------------------  ----------------------
/opt/airflow/dags/dag_pyspark_local.py                                1           0  1.00s           2026-08-12T22:06:30                      10
/opt/airflow/dags/dag_dia.py                                          1           0  0.59s           2026-08-12T22:06:30                      12
/opt/airflow/dags/dag_lakehouse_pipeline.py     59  0.00s             1           0  0.35s           2026-08-12T22:06:29                      10
================================================================================
[2026-08-12T22:07:29.921+0000] {manager.py:997} INFO - 
================================================================================
DAG File Processing Stats

File Path                                      PID  Runtime      # DAGs    # Errors  Last Runtime    Last Run               Last # of DB Queries
-------------------------------------------  -----  ---------  --------  ----------  --------------  -------------------  ----------------------
/opt/airflow/dags/dag_pyspark_local.py                                1           0  0.35s           2026-08-12T22:07:01                      10
/opt/airflow/dags/dag_dia.py                                          1           0  0.13s           2026-08-12T22:07:00                      12
/opt/airflow/dags/dag_lakehouse_pipeline.py     69  0.02s             1           0  0.10s           2026-08-12T22:06:59                      10
================================================================================
[2026-08-12T22:07:30.306+0000] {manager.py:465} INFO - Exiting gracefully upon receiving signal 15
[2026-08-12T22:07:30.306+0000] {manager.py:465} INFO - Exiting gracefully upon receiving signal 15
[2026-08-12T22:07:31.136+0000] {manager.py:465} INFO - Exiting gracefully upon receiving signal 15
[2026-08-12T22:08:19.445+0000] {manager.py:483} INFO - Processing files using up to 2 processes at a time 
[2026-08-12T22:08:19.448+0000] {manager.py:484} INFO - Process each file at most once every 30 seconds
[2026-08-12T22:08:19.452+0000] {manager.py:485} INFO - Checking for new files in /opt/airflow/dags every 300 seconds
[2026-08-12T22:08:19.455+0000] {manager.py:821} INFO - Searching for files in /opt/airflow/dags
[2026-08-12T22:08:20.085+0000] {manager.py:824} INFO - There are 3 files in /opt/airflow/dags
[2026-08-12T22:08:20.623+0000] {manager.py:997} INFO - 
================================================================================
DAG File Processing Stats

File Path                                      PID  Runtime      # DAGs    # Errors  Last Runtime    Last Run      Last # of DB Queries
-------------------------------------------  -----  ---------  --------  ----------  --------------  ----------  ----------------------
/opt/airflow/dags/dag_dia.py                                          0           0                                                   0
/opt/airflow/dags/dag_lakehouse_pipeline.py     48  0.20s             0           0                                                   0
/opt/airflow/dags/dag_pyspark_local.py          49  0.13s             0           0                                                   0
================================================================================
[2026-08-12T22:08:50.907+0000] {manager.py:997} INFO - 
================================================================================
DAG File Processing Stats

File Path                                    PID    Runtime      # DAGs    # Errors  Last Runtime    Last Run               Last # of DB Queries
-------------------------------------------  -----  ---------  --------  ----------  --------------  -------------------  ----------------------
/opt/airflow/dags/dag_pyspark_local.py                                1           0  1.59s           2026-08-12T22:08:22                      10
/opt/airflow/dags/dag_lakehouse_pipeline.py                           1           0  0.74s           2026-08-12T22:08:21                      10
/opt/airflow/dags/dag_dia.py                                          1           0  0.66s           2026-08-12T22:08:21                      12
================================================================================
[2026-08-12T22:09:20.948+0000] {manager.py:997} INFO - 
================================================================================
DAG File Processing Stats

File Path                                    PID    Runtime      # DAGs    # Errors  Last Runtime    Last Run               Last # of DB Queries
-------------------------------------------  -----  ---------  --------  ----------  --------------  -------------------  ----------------------
/opt/airflow/dags/dag_pyspark_local.py                                1           0  0.92s           2026-08-12T22:08:53                      10
/opt/airflow/dags/dag_dia.py                                          1           0  0.42s           2026-08-12T22:08:52                      12
/opt/airflow/dags/dag_lakehouse_pipeline.py                           1           0  0.37s           2026-08-12T22:08:52                      10
================================================================================
[2026-08-12T22:09:51.790+0000] {manager.py:997} INFO - 
================================================================================
DAG File Processing Stats

File Path                                    PID    Runtime      # DAGs    # Errors  Last Runtime    Last Run               Last # of DB Queries
-------------------------------------------  -----  ---------  --------  ----------  --------------  -------------------  ----------------------
/opt/airflow/dags/dag_pyspark_local.py                                1           0  1.00s           2026-08-12T22:09:24                      10
/opt/airflow/dags/dag_dia.py                                          1           0  0.50s           2026-08-12T22:09:23                      12
/opt/airflow/dags/dag_lakehouse_pipeline.py                           1           0  0.45s           2026-08-12T22:09:23                      10
================================================================================
[2026-08-12T22:10:22.255+0000] {manager.py:997} INFO - 
================================================================================
DAG File Processing Stats

File Path                                    PID    Runtime      # DAGs    # Errors  Last Runtime    Last Run               Last # of DB Queries
-------------------------------------------  -----  ---------  --------  ----------  --------------  -------------------  ----------------------
/opt/airflow/dags/dag_pyspark_local.py                                1           0  0.43s           2026-08-12T22:09:55                      10
/opt/airflow/dags/dag_lakehouse_pipeline.py                           1           0  0.17s           2026-08-12T22:09:53                      10
/opt/airflow/dags/dag_dia.py                                          1           0  0.17s           2026-08-12T22:09:53                      12
================================================================================
[2026-08-12T22:10:52.692+0000] {manager.py:997} INFO - 
================================================================================
DAG File Processing Stats

File Path                                    PID    Runtime      # DAGs    # Errors  Last Runtime    Last Run               Last # of DB Queries
-------------------------------------------  -----  ---------  --------  ----------  --------------  -------------------  ----------------------
/opt/airflow/dags/dag_pyspark_local.py                                1           0  0.42s           2026-08-12T22:10:25                      10
/opt/airflow/dags/dag_lakehouse_pipeline.py                           1           0  0.11s           2026-08-12T22:10:24                      10
/opt/airflow/dags/dag_dia.py                                          1           0  0.11s           2026-08-12T22:10:24                      12
================================================================================
[2026-08-12T22:11:23.149+0000] {manager.py:997} INFO - 
================================================================================
DAG File Processing Stats

File Path                                    PID    Runtime      # DAGs    # Errors  Last Runtime    Last Run               Last # of DB Queries
-------------------------------------------  -----  ---------  --------  ----------  --------------  -------------------  ----------------------
/opt/airflow/dags/dag_pyspark_local.py                                1           0  0.24s           2026-08-12T22:10:56                      10
/opt/airflow/dags/dag_lakehouse_pipeline.py                           1           0  0.13s           2026-08-12T22:10:54                      10
/opt/airflow/dags/dag_dia.py                                          1           0  0.12s           2026-08-12T22:10:54                      12
================================================================================
[2026-08-12T22:11:53.187+0000] {manager.py:997} INFO - 
================================================================================
DAG File Processing Stats

File Path                                    PID    Runtime      # DAGs    # Errors  Last Runtime    Last Run               Last # of DB Queries
-------------------------------------------  -----  ---------  --------  ----------  --------------  -------------------  ----------------------
/opt/airflow/dags/dag_dia.py                                          1           0  0.46s           2026-08-12T22:11:25                      12
/opt/airflow/dags/dag_pyspark_local.py                                1           0  0.33s           2026-08-12T22:11:26                      10
/opt/airflow/dags/dag_lakehouse_pipeline.py                           1           0  0.20s           2026-08-12T22:11:25                      10
================================================================================
[2026-08-12T22:12:11.701+0000] {manager.py:465} INFO - Exiting gracefully upon receiving signal 15
[2026-08-12T22:18:23.540+0000] {manager.py:483} INFO - Processing files using up to 2 processes at a time 
[2026-08-12T22:18:23.543+0000] {manager.py:484} INFO - Process each file at most once every 30 seconds
[2026-08-12T22:18:23.545+0000] {manager.py:485} INFO - Checking for new files in /opt/airflow/dags every 300 seconds
[2026-08-12T22:18:23.548+0000] {manager.py:821} INFO - Searching for files in /opt/airflow/dags
[2026-08-12T22:18:24.327+0000] {manager.py:824} INFO - There are 3 files in /opt/airflow/dags
[2026-08-12T22:18:24.818+0000] {manager.py:997} INFO - 
================================================================================
DAG File Processing Stats

File Path                                      PID  Runtime      # DAGs    # Errors  Last Runtime    Last Run      Last # of DB Queries
-------------------------------------------  -----  ---------  --------  ----------  --------------  ----------  ----------------------
/opt/airflow/dags/dag_dia.py                                          0           0                                                   0
/opt/airflow/dags/dag_lakehouse_pipeline.py     54  0.25s             0           0                                                   0
/opt/airflow/dags/dag_pyspark_local.py          55  0.12s             0           0                                                   0
================================================================================
[2026-08-12T22:18:54.898+0000] {manager.py:997} INFO - 
================================================================================
DAG File Processing Stats

File Path                                    PID    Runtime      # DAGs    # Errors  Last Runtime    Last Run               Last # of DB Queries
-------------------------------------------  -----  ---------  --------  ----------  --------------  -------------------  ----------------------
/opt/airflow/dags/dag_pyspark_local.py                                1           0  3.17s           2026-08-12T22:18:27                      24
/opt/airflow/dags/dag_lakehouse_pipeline.py                           1           0  2.66s           2026-08-12T22:18:27                      24
/opt/airflow/dags/dag_dia.py                                          1           0  1.33s           2026-08-12T22:18:28                      26
================================================================================
[2026-08-12T22:19:25.203+0000] {manager.py:997} INFO - 
================================================================================
DAG File Processing Stats

File Path                                    PID    Runtime      # DAGs    # Errors  Last Runtime    Last Run               Last # of DB Queries
-------------------------------------------  -----  ---------  --------  ----------  --------------  -------------------  ----------------------
/opt/airflow/dags/dag_pyspark_local.py                                1           0  0.51s           2026-08-12T22:18:58                      10
/opt/airflow/dags/dag_dia.py                                          1           0  0.36s           2026-08-12T22:18:59                      12
/opt/airflow/dags/dag_lakehouse_pipeline.py                           1           0  0.23s           2026-08-12T22:18:57                      10
================================================================================
[2026-08-12T22:19:55.220+0000] {manager.py:997} INFO - 
================================================================================
DAG File Processing Stats

File Path                                    PID    Runtime      # DAGs    # Errors  Last Runtime    Last Run               Last # of DB Queries
-------------------------------------------  -----  ---------  --------  ----------  --------------  -------------------  ----------------------
/opt/airflow/dags/dag_pyspark_local.py                                1           0  0.66s           2026-08-12T22:19:29                      10
/opt/airflow/dags/dag_dia.py                                          1           0  0.32s           2026-08-12T22:19:29                      12
/opt/airflow/dags/dag_lakehouse_pipeline.py                           1           0  0.23s           2026-08-12T22:19:27                      10
================================================================================
[2026-08-12T22:20:25.678+0000] {manager.py:997} INFO - 
================================================================================
DAG File Processing Stats

File Path                                    PID    Runtime      # DAGs    # Errors  Last Runtime    Last Run               Last # of DB Queries
-------------------------------------------  -----  ---------  --------  ----------  --------------  -------------------  ----------------------
/opt/airflow/dags/dag_pyspark_local.py                                1           0  0.68s           2026-08-12T22:20:00                      10
/opt/airflow/dags/dag_dia.py                                          1           0  0.27s           2026-08-12T22:20:00                      12
/opt/airflow/dags/dag_lakehouse_pipeline.py                           1           0  0.21s           2026-08-12T22:19:58                      10
================================================================================
[2026-08-12T22:20:55.690+0000] {manager.py:997} INFO - 
================================================================================
DAG File Processing Stats

File Path                                    PID    Runtime      # DAGs    # Errors  Last Runtime    Last Run               Last # of DB Queries
-------------------------------------------  -----  ---------  --------  ----------  --------------  -------------------  ----------------------
/opt/airflow/dags/dag_pyspark_local.py                                1           0  0.57s           2026-08-12T22:20:31                      10
/opt/airflow/dags/dag_dia.py                                          1           0  0.27s           2026-08-12T22:20:31                      12
/opt/airflow/dags/dag_lakehouse_pipeline.py                           1           0  0.22s           2026-08-12T22:20:28                      10
================================================================================
[2026-08-12T22:21:26.060+0000] {manager.py:997} INFO - 
================================================================================
DAG File Processing Stats

File Path                                    PID    Runtime      # DAGs    # Errors  Last Runtime    Last Run               Last # of DB Queries
-------------------------------------------  -----  ---------  --------  ----------  --------------  -------------------  ----------------------
/opt/airflow/dags/dag_pyspark_local.py                                1           0  0.47s           2026-08-12T22:21:01                      10
/opt/airflow/dags/dag_lakehouse_pipeline.py                           1           0  0.23s           2026-08-12T22:20:59                      10
/opt/airflow/dags/dag_dia.py                                          1           0  0.21s           2026-08-12T22:21:01                      12
================================================================================
[2026-08-12T22:21:56.218+0000] {manager.py:997} INFO - 
================================================================================
DAG File Processing Stats

File Path                                    PID    Runtime      # DAGs    # Errors  Last Runtime    Last Run               Last # of DB Queries
-------------------------------------------  -----  ---------  --------  ----------  --------------  -------------------  ----------------------
/opt/airflow/dags/dag_pyspark_local.py                                1           0  0.48s           2026-08-12T22:21:32                      10
/opt/airflow/dags/dag_lakehouse_pipeline.py                           1           0  0.22s           2026-08-12T22:21:30                      10
/opt/airflow/dags/dag_dia.py                                          1           0  0.20s           2026-08-12T22:21:32                      12
================================================================================
[2026-08-12T22:22:27.006+0000] {manager.py:997} INFO - 
================================================================================
DAG File Processing Stats

File Path                                    PID    Runtime      # DAGs    # Errors  Last Runtime    Last Run               Last # of DB Queries
-------------------------------------------  -----  ---------  --------  ----------  --------------  -------------------  ----------------------
/opt/airflow/dags/dag_pyspark_local.py                                1           0  0.36s           2026-08-12T22:22:03                      10
/opt/airflow/dags/dag_lakehouse_pipeline.py                           1           0  0.34s           2026-08-12T22:22:01                      10
/opt/airflow/dags/dag_dia.py                                          1           0  0.16s           2026-08-12T22:22:03                      12
================================================================================
[2026-08-12T22:22:57.307+0000] {manager.py:997} INFO - 
================================================================================
DAG File Processing Stats

File Path                                    PID    Runtime      # DAGs    # Errors  Last Runtime    Last Run               Last # of DB Queries
-------------------------------------------  -----  ---------  --------  ----------  --------------  -------------------  ----------------------
/opt/airflow/dags/dag_pyspark_local.py                                1           0  2.32s           2026-08-12T22:22:36                      10
/opt/airflow/dags/dag_dia.py                                          1           0  0.79s           2026-08-12T22:22:34                      12
/opt/airflow/dags/dag_lakehouse_pipeline.py                           1           0  0.58s           2026-08-12T22:22:32                      10
================================================================================
[2026-08-12T22:23:24.297+0000] {manager.py:821} INFO - Searching for files in /opt/airflow/dags
[2026-08-12T22:23:24.782+0000] {manager.py:824} INFO - There are 3 files in /opt/airflow/dags
[2026-08-12T22:23:27.911+0000] {manager.py:997} INFO - 
================================================================================
DAG File Processing Stats

File Path                                    PID    Runtime      # DAGs    # Errors  Last Runtime    Last Run               Last # of DB Queries
-------------------------------------------  -----  ---------  --------  ----------  --------------  -------------------  ----------------------
/opt/airflow/dags/dag_pyspark_local.py                                1           0  0.73s           2026-08-12T22:23:06                      10
/opt/airflow/dags/dag_dia.py                                          1           0  0.34s           2026-08-12T22:23:05                      12
/opt/airflow/dags/dag_lakehouse_pipeline.py                           1           0  0.24s           2026-08-12T22:23:03                      10
================================================================================
[2026-08-12T22:23:58.796+0000] {manager.py:997} INFO - 
================================================================================
DAG File Processing Stats

File Path                                    PID    Runtime      # DAGs    # Errors  Last Runtime    Last Run               Last # of DB Queries
-------------------------------------------  -----  ---------  --------  ----------  --------------  -------------------  ----------------------
/opt/airflow/dags/dag_pyspark_local.py                                1           0  1.04s           2026-08-12T22:23:38                      10
/opt/airflow/dags/dag_dia.py                                          1           0  0.44s           2026-08-12T22:23:35                      12
/opt/airflow/dags/dag_lakehouse_pipeline.py                           1           0  0.33s           2026-08-12T22:23:34                      10
================================================================================
[2026-08-12T22:24:29.358+0000] {manager.py:997} INFO - 
================================================================================
DAG File Processing Stats

File Path                                    PID    Runtime      # DAGs    # Errors  Last Runtime    Last Run               Last # of DB Queries
-------------------------------------------  -----  ---------  --------  ----------  --------------  -------------------  ----------------------
/opt/airflow/dags/dag_pyspark_local.py                                1           0  0.42s           2026-08-12T22:24:09                      10
/opt/airflow/dags/dag_lakehouse_pipeline.py                           1           0  0.15s           2026-08-12T22:24:05                      10
/opt/airflow/dags/dag_dia.py                                          1           0  0.15s           2026-08-12T22:24:06                      12
================================================================================
[2026-08-12T22:24:59.855+0000] {manager.py:997} INFO - 
================================================================================
DAG File Processing Stats

File Path                                    PID    Runtime      # DAGs    # Errors  Last Runtime    Last Run               Last # of DB Queries
-------------------------------------------  -----  ---------  --------  ----------  --------------  -------------------  ----------------------
/opt/airflow/dags/dag_pyspark_local.py                                1           0  0.36s           2026-08-12T22:24:39                      10
/opt/airflow/dags/dag_dia.py                                          1           0  0.14s           2026-08-12T22:24:36                      12
/opt/airflow/dags/dag_lakehouse_pipeline.py                           1           0  0.14s           2026-08-12T22:24:35                      10
================================================================================
[2026-08-12T22:25:30.379+0000] {manager.py:997} INFO - 
================================================================================
DAG File Processing Stats

File Path                                    PID    Runtime      # DAGs    # Errors  Last Runtime    Last Run               Last # of DB Queries
-------------------------------------------  -----  ---------  --------  ----------  --------------  -------------------  ----------------------
/opt/airflow/dags/dag_pyspark_local.py                                1           0  0.36s           2026-08-12T22:25:10                      10
/opt/airflow/dags/dag_dia.py                                          1           0  0.15s           2026-08-12T22:25:07                      12
/opt/airflow/dags/dag_lakehouse_pipeline.py                           1           0  0.13s           2026-08-12T22:25:06                      10
================================================================================
[2026-08-12T22:26:00.912+0000] {manager.py:997} INFO - 
================================================================================
DAG File Processing Stats

File Path                                    PID    Runtime      # DAGs    # Errors  Last Runtime    Last Run               Last # of DB Queries
-------------------------------------------  -----  ---------  --------  ----------  --------------  -------------------  ----------------------
/opt/airflow/dags/dag_pyspark_local.py                                1           0  0.36s           2026-08-12T22:25:41                      10
/opt/airflow/dags/dag_dia.py                                          1           0  0.16s           2026-08-12T22:25:37                      12
/opt/airflow/dags/dag_lakehouse_pipeline.py                           1           0  0.14s           2026-08-12T22:25:36                      10
================================================================================
[2026-08-12T22:26:30.975+0000] {manager.py:997} INFO - 
================================================================================
DAG File Processing Stats

File Path                                    PID    Runtime      # DAGs    # Errors  Last Runtime    Last Run               Last # of DB Queries
-------------------------------------------  -----  ---------  --------  ----------  --------------  -------------------  ----------------------
/opt/airflow/dags/dag_pyspark_local.py                                1           0  0.37s           2026-08-12T22:26:11                      10
/opt/airflow/dags/dag_lakehouse_pipeline.py                           1           0  0.32s           2026-08-12T22:26:07                      10
/opt/airflow/dags/dag_dia.py                                          1           0  0.30s           2026-08-12T22:26:08                      12
================================================================================
[2026-08-12T22:27:01.661+0000] {manager.py:997} INFO - 
================================================================================
DAG File Processing Stats

File Path                                    PID    Runtime      # DAGs    # Errors  Last Runtime    Last Run               Last # of DB Queries
-------------------------------------------  -----  ---------  --------  ----------  --------------  -------------------  ----------------------
/opt/airflow/dags/dag_lakehouse_pipeline.py                           1           0  0.34s           2026-08-12T22:26:38                      10
/opt/airflow/dags/dag_pyspark_local.py                                1           0  0.33s           2026-08-12T22:26:42                      10
/opt/airflow/dags/dag_dia.py                                          1           0  0.30s           2026-08-12T22:26:39                      12
================================================================================
[2026-08-12T22:27:32.200+0000] {manager.py:997} INFO - 
================================================================================
DAG File Processing Stats

File Path                                    PID    Runtime      # DAGs    # Errors  Last Runtime    Last Run               Last # of DB Queries
-------------------------------------------  -----  ---------  --------  ----------  --------------  -------------------  ----------------------
/opt/airflow/dags/dag_pyspark_local.py                                1           0  0.38s           2026-08-12T22:27:13                      10
/opt/airflow/dags/dag_dia.py                                          1           0  0.19s           2026-08-12T22:27:09                      12
/opt/airflow/dags/dag_lakehouse_pipeline.py                           1           0  0.16s           2026-08-12T22:27:08                      10
================================================================================
[2026-08-12T22:28:02.327+0000] {manager.py:997} INFO - 
================================================================================
DAG File Processing Stats

File Path                                    PID    Runtime      # DAGs    # Errors  Last Runtime    Last Run               Last # of DB Queries
-------------------------------------------  -----  ---------  --------  ----------  --------------  -------------------  ----------------------
/opt/airflow/dags/dag_lakehouse_pipeline.py                           1           0  1.12s           2026-08-12T22:27:40                      10
/opt/airflow/dags/dag_pyspark_local.py                                1           0  1.04s           2026-08-12T22:27:44                      10
/opt/airflow/dags/dag_dia.py                                          1           0  0.72s           2026-08-12T22:27:41                      12
================================================================================
[2026-08-12T22:28:24.392+0000] {manager.py:821} INFO - Searching for files in /opt/airflow/dags
[2026-08-12T22:28:24.739+0000] {manager.py:824} INFO - There are 3 files in /opt/airflow/dags
[2026-08-12T22:28:32.907+0000] {manager.py:997} INFO - 
================================================================================
DAG File Processing Stats

File Path                                    PID    Runtime      # DAGs    # Errors  Last Runtime    Last Run               Last # of DB Queries
-------------------------------------------  -----  ---------  --------  ----------  --------------  -------------------  ----------------------
/opt/airflow/dags/dag_pyspark_local.py                                1           0  1.96s           2026-08-12T22:28:17                      10
/opt/airflow/dags/dag_lakehouse_pipeline.py                           1           0  1.63s           2026-08-12T22:28:13                      19
/opt/airflow/dags/dag_dia.py                                          1           0  0.70s           2026-08-12T22:28:12                      12
================================================================================
[2026-08-12T22:29:03.684+0000] {manager.py:997} INFO - 
================================================================================
DAG File Processing Stats

File Path                                    PID    Runtime      # DAGs    # Errors  Last Runtime    Last Run               Last # of DB Queries
-------------------------------------------  -----  ---------  --------  ----------  --------------  -------------------  ----------------------
/opt/airflow/dags/dag_pyspark_local.py                                1           0  0.33s           2026-08-12T22:28:47                      10
/opt/airflow/dags/dag_dia.py                                          1           0  0.26s           2026-08-12T22:28:43                      12
/opt/airflow/dags/dag_lakehouse_pipeline.py                           1           0  0.16s           2026-08-12T22:28:43                      10
================================================================================
[2026-08-12T22:29:33.892+0000] {manager.py:997} INFO - 
================================================================================
DAG File Processing Stats

File Path                                    PID    Runtime      # DAGs    # Errors  Last Runtime    Last Run               Last # of DB Queries
-------------------------------------------  -----  ---------  --------  ----------  --------------  -------------------  ----------------------
/opt/airflow/dags/dag_dia.py                                          1           0  0.67s           2026-08-12T22:29:14                      12
/opt/airflow/dags/dag_lakehouse_pipeline.py                           1           0  0.65s           2026-08-12T22:29:14                      10
/opt/airflow/dags/dag_pyspark_local.py                                1           0  0.50s           2026-08-12T22:29:19                      10
================================================================================
[2026-08-12T22:30:04.226+0000] {manager.py:997} INFO - 
================================================================================
DAG File Processing Stats

File Path                                    PID    Runtime      # DAGs    # Errors  Last Runtime    Last Run               Last # of DB Queries
-------------------------------------------  -----  ---------  --------  ----------  --------------  -------------------  ----------------------
/opt/airflow/dags/dag_dia.py                                          1           0  5.44s           2026-08-12T22:29:50                      12
/opt/airflow/dags/dag_lakehouse_pipeline.py                           1           0  5.44s           2026-08-12T22:29:50                      10
/opt/airflow/dags/dag_pyspark_local.py                                1           0  3.90s           2026-08-12T22:29:54                      10
================================================================================
[2026-08-12T22:30:34.587+0000] {manager.py:997} INFO - 
================================================================================
DAG File Processing Stats

File Path                                    PID    Runtime      # DAGs    # Errors  Last Runtime    Last Run               Last # of DB Queries
-------------------------------------------  -----  ---------  --------  ----------  --------------  -------------------  ----------------------
/opt/airflow/dags/dag_pyspark_local.py                                1           0  8.71s           2026-08-12T22:30:33                      10
/opt/airflow/dags/dag_lakehouse_pipeline.py                           1           0  2.79s           2026-08-12T22:30:23                      10
/opt/airflow/dags/dag_dia.py                                          1           0  2.64s           2026-08-12T22:30:23                      12
================================================================================
[2026-08-12T22:31:04.873+0000] {manager.py:997} INFO - 
================================================================================
DAG File Processing Stats

File Path                                      PID  Runtime      # DAGs    # Errors  Last Runtime    Last Run               Last # of DB Queries
-------------------------------------------  -----  ---------  --------  ----------  --------------  -------------------  ----------------------
/opt/airflow/dags/dag_pyspark_local.py         305  1.06s             1           0  8.71s           2026-08-12T22:30:33                      10
/opt/airflow/dags/dag_dia.py                                          1           0  0.97s           2026-08-12T22:30:55                      12
/opt/airflow/dags/dag_lakehouse_pipeline.py                           1           0  0.97s           2026-08-12T22:30:55                      10
================================================================================
[2026-08-12T22:31:35.129+0000] {manager.py:997} INFO - 
================================================================================
DAG File Processing Stats

File Path                                    PID    Runtime      # DAGs    # Errors  Last Runtime    Last Run               Last # of DB Queries
-------------------------------------------  -----  ---------  --------  ----------  --------------  -------------------  ----------------------
/opt/airflow/dags/dag_pyspark_local.py                                1           0  2.53s           2026-08-12T22:31:06                      10
/opt/airflow/dags/dag_lakehouse_pipeline.py                           1           0  0.94s           2026-08-12T22:31:26                      10
/opt/airflow/dags/dag_dia.py                                          1           0  0.89s           2026-08-12T22:31:26                      12
================================================================================
[2026-08-12T22:32:05.577+0000] {manager.py:997} INFO - 
================================================================================
DAG File Processing Stats

File Path                                    PID    Runtime      # DAGs    # Errors  Last Runtime    Last Run               Last # of DB Queries
-------------------------------------------  -----  ---------  --------  ----------  --------------  -------------------  ----------------------
/opt/airflow/dags/dag_pyspark_local.py                                1           0  2.06s           2026-08-12T22:31:39                      10
/opt/airflow/dags/dag_dia.py                                          1           0  0.69s           2026-08-12T22:31:57                      12
/opt/airflow/dags/dag_lakehouse_pipeline.py                           1           0  0.67s           2026-08-12T22:31:57                      10
================================================================================
[2026-08-12T22:32:36.327+0000] {manager.py:997} INFO - 
================================================================================
DAG File Processing Stats

File Path                                    PID    Runtime      # DAGs    # Errors  Last Runtime    Last Run               Last # of DB Queries
-------------------------------------------  -----  ---------  --------  ----------  --------------  -------------------  ----------------------
/opt/airflow/dags/dag_pyspark_local.py                                1           0  0.37s           2026-08-12T22:32:10                      10
/opt/airflow/dags/dag_lakehouse_pipeline.py                           1           0  0.31s           2026-08-12T22:32:28                      10
/opt/airflow/dags/dag_dia.py                                          1           0  0.31s           2026-08-12T22:32:28                      12
================================================================================
[2026-08-12T22:33:06.851+0000] {manager.py:997} INFO - 
================================================================================
DAG File Processing Stats

File Path                                    PID    Runtime      # DAGs    # Errors  Last Runtime    Last Run               Last # of DB Queries
-------------------------------------------  -----  ---------  --------  ----------  --------------  -------------------  ----------------------
/opt/airflow/dags/dag_pyspark_local.py                                1           0  2.13s           2026-08-12T22:32:42                      10
/opt/airflow/dags/dag_dia.py                                          1           0  1.14s           2026-08-12T22:33:00                      12
/opt/airflow/dags/dag_lakehouse_pipeline.py                           1           0  1.00s           2026-08-12T22:33:00                      10
================================================================================
[2026-08-12T22:33:24.668+0000] {manager.py:821} INFO - Searching for files in /opt/airflow/dags
[2026-08-12T22:33:25.215+0000] {manager.py:824} INFO - There are 3 files in /opt/airflow/dags
[2026-08-12T22:33:37.276+0000] {manager.py:997} INFO - 
================================================================================
DAG File Processing Stats

File Path                                    PID    Runtime      # DAGs    # Errors  Last Runtime    Last Run               Last # of DB Queries
-------------------------------------------  -----  ---------  --------  ----------  --------------  -------------------  ----------------------
/opt/airflow/dags/dag_dia.py                                          1           0  1.44s           2026-08-12T22:33:32                      12
/opt/airflow/dags/dag_lakehouse_pipeline.py                           1           0  1.38s           2026-08-12T22:33:31                      10
/opt/airflow/dags/dag_pyspark_local.py                                1           0  1.09s           2026-08-12T22:33:14                      10
================================================================================
[2026-08-12T22:34:08.032+0000] {manager.py:997} INFO - 
================================================================================
DAG File Processing Stats

File Path                                    PID    Runtime      # DAGs    # Errors  Last Runtime    Last Run               Last # of DB Queries
-------------------------------------------  -----  ---------  --------  ----------  --------------  -------------------  ----------------------
/opt/airflow/dags/dag_pyspark_local.py                                1           0  1.70s           2026-08-12T22:33:46                      10
/opt/airflow/dags/dag_dia.py                                          1           0  0.74s           2026-08-12T22:34:03                      12
/opt/airflow/dags/dag_lakehouse_pipeline.py                           1           0  0.61s           2026-08-12T22:34:02                      10
================================================================================
[2026-08-12T22:34:38.081+0000] {manager.py:997} INFO - 
================================================================================
DAG File Processing Stats

File Path                                    PID    Runtime      # DAGs    # Errors  Last Runtime    Last Run               Last # of DB Queries
-------------------------------------------  -----  ---------  --------  ----------  --------------  -------------------  ----------------------
/opt/airflow/dags/dag_pyspark_local.py                                1           0  3.18s           2026-08-12T22:34:19                      10
/opt/airflow/dags/dag_dia.py                                          1           0  0.79s           2026-08-12T22:34:34                      12
/opt/airflow/dags/dag_lakehouse_pipeline.py                           1           0  0.39s           2026-08-12T22:34:33                      10
================================================================================
[2026-08-12T22:35:08.887+0000] {manager.py:997} INFO - 
================================================================================
DAG File Processing Stats

File Path                                    PID    Runtime      # DAGs    # Errors  Last Runtime    Last Run               Last # of DB Queries
-------------------------------------------  -----  ---------  --------  ----------  --------------  -------------------  ----------------------
/opt/airflow/dags/dag_pyspark_local.py                                1           0  1.01s           2026-08-12T22:34:51                      10
/opt/airflow/dags/dag_lakehouse_pipeline.py                           1           0  0.31s           2026-08-12T22:35:03                      10
/opt/airflow/dags/dag_dia.py                                          1           0  0.30s           2026-08-12T22:35:04                      12
================================================================================
[2026-08-12T22:35:39.080+0000] {manager.py:997} INFO - 
================================================================================
DAG File Processing Stats

File Path                                    PID    Runtime      # DAGs    # Errors  Last Runtime    Last Run               Last # of DB Queries
-------------------------------------------  -----  ---------  --------  ----------  --------------  -------------------  ----------------------
/opt/airflow/dags/dag_lakehouse_pipeline.py                           1           0  0.48s           2026-08-12T22:35:34                      10
/opt/airflow/dags/dag_dia.py                                          1           0  0.47s           2026-08-12T22:35:36                      12
/opt/airflow/dags/dag_pyspark_local.py                                1           0  0.32s           2026-08-12T22:35:22                      10
================================================================================
[2026-08-12T22:36:09.772+0000] {manager.py:997} INFO - 
================================================================================
DAG File Processing Stats

File Path                                    PID    Runtime      # DAGs    # Errors  Last Runtime    Last Run               Last # of DB Queries
-------------------------------------------  -----  ---------  --------  ----------  --------------  -------------------  ----------------------
/opt/airflow/dags/dag_pyspark_local.py                                1           0  0.39s           2026-08-12T22:35:53                      10
/opt/airflow/dags/dag_dia.py                                          1           0  0.20s           2026-08-12T22:36:06                      12
/opt/airflow/dags/dag_lakehouse_pipeline.py                           1           0  0.19s           2026-08-12T22:36:05                      10
================================================================================
[2026-08-12T22:36:40.139+0000] {manager.py:997} INFO - 
================================================================================
DAG File Processing Stats

File Path                                    PID    Runtime      # DAGs    # Errors  Last Runtime    Last Run               Last # of DB Queries
-------------------------------------------  -----  ---------  --------  ----------  --------------  -------------------  ----------------------
/opt/airflow/dags/dag_dia.py                                          1           0  0.90s           2026-08-12T22:36:37                      12
/opt/airflow/dags/dag_lakehouse_pipeline.py                           1           0  0.69s           2026-08-12T22:36:36                      10
/opt/airflow/dags/dag_pyspark_local.py                                1           0  0.41s           2026-08-12T22:36:24                      10
================================================================================
[2026-08-12T22:37:10.795+0000] {manager.py:997} INFO - 
================================================================================
DAG File Processing Stats

File Path                                    PID    Runtime      # DAGs    # Errors  Last Runtime    Last Run               Last # of DB Queries
-------------------------------------------  -----  ---------  --------  ----------  --------------  -------------------  ----------------------
/opt/airflow/dags/dag_pyspark_local.py                                1           0  0.80s           2026-08-12T22:36:55                      10
/opt/airflow/dags/dag_lakehouse_pipeline.py                           1           0  0.79s           2026-08-12T22:37:08                      10
/opt/airflow/dags/dag_dia.py                                          1           0  0.52s           2026-08-12T22:37:08                      12
================================================================================
[2026-08-12T22:37:41.081+0000] {manager.py:997} INFO - 
================================================================================
DAG File Processing Stats

File Path                                    PID    Runtime      # DAGs    # Errors  Last Runtime    Last Run               Last # of DB Queries
-------------------------------------------  -----  ---------  --------  ----------  --------------  -------------------  ----------------------
/opt/airflow/dags/dag_dia.py                                          1           0  0.45s           2026-08-12T22:37:40                      12
/opt/airflow/dags/dag_pyspark_local.py                                1           0  0.40s           2026-08-12T22:37:26                      10
/opt/airflow/dags/dag_lakehouse_pipeline.py                           1           0  0.17s           2026-08-12T22:37:38                      10
================================================================================
[2026-08-12T22:38:11.852+0000] {manager.py:997} INFO - 
================================================================================
DAG File Processing Stats

File Path                                    PID    Runtime      # DAGs    # Errors  Last Runtime    Last Run               Last # of DB Queries
-------------------------------------------  -----  ---------  --------  ----------  --------------  -------------------  ----------------------
/opt/airflow/dags/dag_pyspark_local.py                                1           0  0.90s           2026-08-12T22:37:57                      10
/opt/airflow/dags/dag_lakehouse_pipeline.py                           1           0  0.63s           2026-08-12T22:38:09                      10
/opt/airflow/dags/dag_dia.py                                          1           0  0.53s           2026-08-12T22:38:11                      12
================================================================================
[2026-08-12T22:38:25.003+0000] {manager.py:821} INFO - Searching for files in /opt/airflow/dags
[2026-08-12T22:38:25.187+0000] {manager.py:824} INFO - There are 3 files in /opt/airflow/dags
[2026-08-12T22:38:42.589+0000] {manager.py:997} INFO - 
================================================================================
DAG File Processing Stats

File Path                                    PID    Runtime      # DAGs    # Errors  Last Runtime    Last Run               Last # of DB Queries
-------------------------------------------  -----  ---------  --------  ----------  --------------  -------------------  ----------------------
/opt/airflow/dags/dag_pyspark_local.py                                1           0  0.71s           2026-08-12T22:38:28                      10
/opt/airflow/dags/dag_lakehouse_pipeline.py                           1           0  0.41s           2026-08-12T22:38:40                      10
/opt/airflow/dags/dag_dia.py                                          1           0  0.34s           2026-08-12T22:38:41                      12
================================================================================
[2026-08-12T22:39:13.071+0000] {manager.py:997} INFO - 
================================================================================
DAG File Processing Stats

File Path                                    PID    Runtime      # DAGs    # Errors  Last Runtime    Last Run               Last # of DB Queries
-------------------------------------------  -----  ---------  --------  ----------  --------------  -------------------  ----------------------
/opt/airflow/dags/dag_pyspark_local.py                                1           0  0.51s           2026-08-12T22:38:59                      10
/opt/airflow/dags/dag_lakehouse_pipeline.py                           1           0  0.22s           2026-08-12T22:39:11                      10
/opt/airflow/dags/dag_dia.py                                          1           0  0.20s           2026-08-12T22:39:12                      12
================================================================================
[2026-08-12T22:39:43.824+0000] {manager.py:997} INFO - 
================================================================================
DAG File Processing Stats

File Path                                    PID    Runtime      # DAGs    # Errors  Last Runtime    Last Run               Last # of DB Queries
-------------------------------------------  -----  ---------  --------  ----------  --------------  -------------------  ----------------------
/opt/airflow/dags/dag_pyspark_local.py                                1           0  0.50s           2026-08-12T22:39:30                      10
/opt/airflow/dags/dag_dia.py                                          1           0  0.33s           2026-08-12T22:39:42                      12
/opt/airflow/dags/dag_lakehouse_pipeline.py                           1           0  0.17s           2026-08-12T22:39:41                      10
================================================================================
[2026-08-12T22:40:13.910+0000] {manager.py:997} INFO - 
================================================================================
DAG File Processing Stats

File Path                                    PID    Runtime      # DAGs    # Errors  Last Runtime    Last Run               Last # of DB Queries
-------------------------------------------  -----  ---------  --------  ----------  --------------  -------------------  ----------------------
/opt/airflow/dags/dag_pyspark_local.py                                1           0  1.12s           2026-08-12T22:40:02                      10
/opt/airflow/dags/dag_dia.py                                          1           0  0.44s           2026-08-12T22:40:13                      12
/opt/airflow/dags/dag_lakehouse_pipeline.py                           1           0  0.27s           2026-08-12T22:40:12                      10
================================================================================
[2026-08-12T22:40:44.221+0000] {manager.py:997} INFO - 
================================================================================
DAG File Processing Stats

File Path                                      PID  Runtime      # DAGs    # Errors  Last Runtime    Last Run               Last # of DB Queries
-------------------------------------------  -----  ---------  --------  ----------  --------------  -------------------  ----------------------
/opt/airflow/dags/dag_pyspark_local.py                                1           0  0.62s           2026-08-12T22:40:33                      10
/opt/airflow/dags/dag_lakehouse_pipeline.py                           1           0  0.47s           2026-08-12T22:40:43                      10
/opt/airflow/dags/dag_dia.py                   478  0.01s             1           0  0.44s           2026-08-12T22:40:13                      12
================================================================================
[2026-08-12T22:41:14.646+0000] {manager.py:997} INFO - 
================================================================================
DAG File Processing Stats

File Path                                    PID    Runtime      # DAGs    # Errors  Last Runtime    Last Run               Last # of DB Queries
-------------------------------------------  -----  ---------  --------  ----------  --------------  -------------------  ----------------------
/opt/airflow/dags/dag_dia.py                                          1           0  0.55s           2026-08-12T22:40:44                      12
/opt/airflow/dags/dag_pyspark_local.py                                1           0  0.49s           2026-08-12T22:41:04                      10
/opt/airflow/dags/dag_lakehouse_pipeline.py                           1           0  0.39s           2026-08-12T22:41:14                      10
================================================================================
[2026-08-12T22:41:44.786+0000] {manager.py:997} INFO - 
================================================================================
DAG File Processing Stats

File Path                                    PID    Runtime      # DAGs    # Errors  Last Runtime    Last Run               Last # of DB Queries
-------------------------------------------  -----  ---------  --------  ----------  --------------  -------------------  ----------------------
/opt/airflow/dags/dag_pyspark_local.py                                1           0  0.70s           2026-08-12T22:41:35                      10
/opt/airflow/dags/dag_dia.py                                          1           0  0.34s           2026-08-12T22:41:15                      12
/opt/airflow/dags/dag_lakehouse_pipeline.py                           1           0  0.28s           2026-08-12T22:41:44                      10
================================================================================
[2026-08-12T22:42:15.350+0000] {manager.py:997} INFO - 
================================================================================
DAG File Processing Stats

File Path                                      PID  Runtime      # DAGs    # Errors  Last Runtime    Last Run               Last # of DB Queries
-------------------------------------------  -----  ---------  --------  ----------  --------------  -------------------  ----------------------
/opt/airflow/dags/dag_pyspark_local.py                                1           0  0.50s           2026-08-12T22:42:06                      10
/opt/airflow/dags/dag_dia.py                                          1           0  0.35s           2026-08-12T22:41:45                      12
/opt/airflow/dags/dag_lakehouse_pipeline.py    500  0.00s             1           0  0.28s           2026-08-12T22:41:44                      10
================================================================================
[2026-08-12T22:42:46.088+0000] {manager.py:997} INFO - 
================================================================================
DAG File Processing Stats

File Path                                      PID  Runtime      # DAGs    # Errors  Last Runtime    Last Run               Last # of DB Queries
-------------------------------------------  -----  ---------  --------  ----------  --------------  -------------------  ----------------------
/opt/airflow/dags/dag_pyspark_local.py                                1           0  1.79s           2026-08-12T22:42:38                      10
/opt/airflow/dags/dag_dia.py                                          1           0  0.17s           2026-08-12T22:42:16                      12
/opt/airflow/dags/dag_lakehouse_pipeline.py    515  0.02s             1           0  0.16s           2026-08-12T22:42:15                      10
================================================================================
[2026-08-12T22:43:16.320+0000] {manager.py:997} INFO - 
================================================================================
DAG File Processing Stats

File Path                                    PID    Runtime      # DAGs    # Errors  Last Runtime    Last Run               Last # of DB Queries
-------------------------------------------  -----  ---------  --------  ----------  --------------  -------------------  ----------------------
/opt/airflow/dags/dag_pyspark_local.py                                1           0  3.40s           2026-08-12T22:43:12                      10
/opt/airflow/dags/dag_dia.py                                          1           0  1.07s           2026-08-12T22:42:48                      12
/opt/airflow/dags/dag_lakehouse_pipeline.py                           1           0  0.92s           2026-08-12T22:42:46                      10
================================================================================
[2026-08-12T22:43:25.886+0000] {manager.py:821} INFO - Searching for files in /opt/airflow/dags
[2026-08-12T22:43:26.557+0000] {manager.py:824} INFO - There are 3 files in /opt/airflow/dags
[2026-08-12T22:43:46.650+0000] {manager.py:997} INFO - 
================================================================================
DAG File Processing Stats

File Path                                    PID    Runtime      # DAGs    # Errors  Last Runtime    Last Run               Last # of DB Queries
-------------------------------------------  -----  ---------  --------  ----------  --------------  -------------------  ----------------------
/opt/airflow/dags/dag_dia.py                                          1           0  2.06s           2026-08-12T22:43:20                      12
/opt/airflow/dags/dag_pyspark_local.py                                1           0  1.69s           2026-08-12T22:43:44                      10
/opt/airflow/dags/dag_lakehouse_pipeline.py                           1           0  1.30s           2026-08-12T22:43:18                      10
================================================================================
[2026-08-12T22:44:17.168+0000] {manager.py:997} INFO - 
================================================================================
DAG File Processing Stats

File Path                                    PID    Runtime      # DAGs    # Errors  Last Runtime    Last Run               Last # of DB Queries
-------------------------------------------  -----  ---------  --------  ----------  --------------  -------------------  ----------------------
/opt/airflow/dags/dag_lakehouse_pipeline.py                           1           0  2.30s           2026-08-12T22:43:51                      10
/opt/airflow/dags/dag_dia.py                                          1           0  2.15s           2026-08-12T22:43:53                      12
/opt/airflow/dags/dag_pyspark_local.py                                1           0  1.82s           2026-08-12T22:44:16                      10
================================================================================
[2026-08-12T22:44:47.225+0000] {manager.py:997} INFO - 
================================================================================
DAG File Processing Stats

File Path                                    PID    Runtime      # DAGs    # Errors  Last Runtime    Last Run               Last # of DB Queries
-------------------------------------------  -----  ---------  --------  ----------  --------------  -------------------  ----------------------
/opt/airflow/dags/dag_lakehouse_pipeline.py                           1           0  1.18s           2026-08-12T22:44:22                      10
/opt/airflow/dags/dag_dia.py                                          1           0  1.07s           2026-08-12T22:44:24                      12
/opt/airflow/dags/dag_pyspark_local.py                                1           0  1.04s           2026-08-12T22:44:47                      10
================================================================================
[2026-08-12T22:45:17.495+0000] {manager.py:997} INFO - 
================================================================================
DAG File Processing Stats

File Path                                      PID  Runtime      # DAGs    # Errors  Last Runtime    Last Run               Last # of DB Queries
-------------------------------------------  -----  ---------  --------  ----------  --------------  -------------------  ----------------------
/opt/airflow/dags/dag_pyspark_local.py         557  0.00s             1           0  1.04s           2026-08-12T22:44:47                      10
/opt/airflow/dags/dag_dia.py                                          1           0  0.51s           2026-08-12T22:44:55                      12
/opt/airflow/dags/dag_lakehouse_pipeline.py                           1           0  0.44s           2026-08-12T22:44:53                      10
================================================================================
[2026-08-12T22:45:47.524+0000] {manager.py:997} INFO - 
================================================================================
DAG File Processing Stats

File Path                                    PID    Runtime      # DAGs    # Errors  Last Runtime    Last Run               Last # of DB Queries
-------------------------------------------  -----  ---------  --------  ----------  --------------  -------------------  ----------------------
/opt/airflow/dags/dag_pyspark_local.py                                1           0  0.67s           2026-08-12T22:45:18                      10
/opt/airflow/dags/dag_dia.py                                          1           0  0.17s           2026-08-12T22:45:26                      12
/opt/airflow/dags/dag_lakehouse_pipeline.py                           1           0  0.17s           2026-08-12T22:45:24                      10
================================================================================
[2026-08-12T22:46:18.129+0000] {manager.py:997} INFO - 
================================================================================
DAG File Processing Stats

File Path                                    PID    Runtime      # DAGs    # Errors  Last Runtime    Last Run               Last # of DB Queries
-------------------------------------------  -----  ---------  --------  ----------  --------------  -------------------  ----------------------
/opt/airflow/dags/dag_pyspark_local.py                                1           0  0.44s           2026-08-12T22:45:48                      10
/opt/airflow/dags/dag_dia.py                                          1           0  0.17s           2026-08-12T22:45:56                      12
/opt/airflow/dags/dag_lakehouse_pipeline.py                           1           0  0.14s           2026-08-12T22:45:54                      10
================================================================================
[2026-08-12T22:46:48.590+0000] {manager.py:997} INFO - 
================================================================================
DAG File Processing Stats

File Path                                    PID    Runtime      # DAGs    # Errors  Last Runtime    Last Run               Last # of DB Queries
-------------------------------------------  -----  ---------  --------  ----------  --------------  -------------------  ----------------------
/opt/airflow/dags/dag_pyspark_local.py                                1           0  0.66s           2026-08-12T22:46:19                      10
/opt/airflow/dags/dag_dia.py                                          1           0  0.38s           2026-08-12T22:46:27                      12
/opt/airflow/dags/dag_lakehouse_pipeline.py                           1           0  0.36s           2026-08-12T22:46:25                      10
================================================================================
[2026-08-12T22:47:18.814+0000] {manager.py:997} INFO - 
================================================================================
DAG File Processing Stats

File Path                                    PID    Runtime      # DAGs    # Errors  Last Runtime    Last Run               Last # of DB Queries
-------------------------------------------  -----  ---------  --------  ----------  --------------  -------------------  ----------------------
/opt/airflow/dags/dag_pyspark_local.py                                1           0  0.52s           2026-08-12T22:46:50                      10
/opt/airflow/dags/dag_dia.py                                          1           0  0.46s           2026-08-12T22:46:58                      12
/opt/airflow/dags/dag_lakehouse_pipeline.py                           1           0  0.44s           2026-08-12T22:46:56                      10
================================================================================
[2026-08-12T22:47:49.483+0000] {manager.py:997} INFO - 
================================================================================
DAG File Processing Stats

File Path                                    PID    Runtime      # DAGs    # Errors  Last Runtime    Last Run               Last # of DB Queries
-------------------------------------------  -----  ---------  --------  ----------  --------------  -------------------  ----------------------
/opt/airflow/dags/dag_lakehouse_pipeline.py                           1           0  0.64s           2026-08-12T22:47:26                      10
/opt/airflow/dags/dag_dia.py                                          1           0  0.40s           2026-08-12T22:47:29                      12
/opt/airflow/dags/dag_pyspark_local.py                                1           0  0.29s           2026-08-12T22:47:21                      10
================================================================================
[2026-08-12T22:48:19.554+0000] {manager.py:997} INFO - 
================================================================================
DAG File Processing Stats

File Path                                    PID    Runtime      # DAGs    # Errors  Last Runtime    Last Run               Last # of DB Queries
-------------------------------------------  -----  ---------  --------  ----------  --------------  -------------------  ----------------------
/opt/airflow/dags/dag_pyspark_local.py                                1           0  0.54s           2026-08-12T22:47:52                      10
/opt/airflow/dags/dag_dia.py                                          1           0  0.21s           2026-08-12T22:48:00                      12
/opt/airflow/dags/dag_lakehouse_pipeline.py                           1           0  0.14s           2026-08-12T22:47:57                      10
================================================================================
[2026-08-12T22:48:26.661+0000] {manager.py:821} INFO - Searching for files in /opt/airflow/dags
[2026-08-12T22:48:27.191+0000] {manager.py:824} INFO - There are 3 files in /opt/airflow/dags
[2026-08-12T22:48:49.646+0000] {manager.py:997} INFO - 
================================================================================
DAG File Processing Stats

File Path                                    PID    Runtime      # DAGs    # Errors  Last Runtime    Last Run               Last # of DB Queries
-------------------------------------------  -----  ---------  --------  ----------  --------------  -------------------  ----------------------
/opt/airflow/dags/dag_pyspark_local.py                                1           0  0.96s           2026-08-12T22:48:23                      10
/opt/airflow/dags/dag_lakehouse_pipeline.py                           1           0  0.42s           2026-08-12T22:48:28                      10
/opt/airflow/dags/dag_dia.py                                          1           0  0.28s           2026-08-12T22:48:30                      12
================================================================================
[2026-08-12T22:49:19.998+0000] {manager.py:997} INFO - 
================================================================================
DAG File Processing Stats

File Path                                    PID    Runtime      # DAGs    # Errors  Last Runtime    Last Run               Last # of DB Queries
-------------------------------------------  -----  ---------  --------  ----------  --------------  -------------------  ----------------------
/opt/airflow/dags/dag_dia.py                                          1           0  1.64s           2026-08-12T22:49:02                      12
/opt/airflow/dags/dag_pyspark_local.py                                1           0  1.37s           2026-08-12T22:48:55                      10
/opt/airflow/dags/dag_lakehouse_pipeline.py                           1           0  0.53s           2026-08-12T22:48:59                      10
================================================================================
[2026-08-12T22:49:50.166+0000] {manager.py:997} INFO - 
================================================================================
DAG File Processing Stats

File Path                                    PID    Runtime      # DAGs    # Errors  Last Runtime    Last Run               Last # of DB Queries
-------------------------------------------  -----  ---------  --------  ----------  --------------  -------------------  ----------------------
/opt/airflow/dags/dag_pyspark_local.py                                1           0  1.60s           2026-08-12T22:49:26                      10
/opt/airflow/dags/dag_dia.py                                          1           0  0.88s           2026-08-12T22:49:33                      12
/opt/airflow/dags/dag_lakehouse_pipeline.py                           1           0  0.79s           2026-08-12T22:49:30                      10
================================================================================
[2026-08-12T22:50:20.806+0000] {manager.py:997} INFO - 
================================================================================
DAG File Processing Stats

File Path                                    PID    Runtime      # DAGs    # Errors  Last Runtime    Last Run               Last # of DB Queries
-------------------------------------------  -----  ---------  --------  ----------  --------------  -------------------  ----------------------
/opt/airflow/dags/dag_pyspark_local.py                                1           0  0.30s           2026-08-12T22:49:57                      10
/opt/airflow/dags/dag_lakehouse_pipeline.py                           1           0  0.27s           2026-08-12T22:50:01                      10
/opt/airflow/dags/dag_dia.py                                          1           0  0.24s           2026-08-12T22:50:03                      12
================================================================================
[2026-08-12T22:50:51.287+0000] {manager.py:997} INFO - 
================================================================================
DAG File Processing Stats

File Path                                    PID    Runtime      # DAGs    # Errors  Last Runtime    Last Run               Last # of DB Queries
-------------------------------------------  -----  ---------  --------  ----------  --------------  -------------------  ----------------------
/opt/airflow/dags/dag_pyspark_local.py                                1           0  0.84s           2026-08-12T22:50:28                      10
/opt/airflow/dags/dag_dia.py                                          1           0  0.20s           2026-08-12T22:50:34                      12
/opt/airflow/dags/dag_lakehouse_pipeline.py                           1           0  0.17s           2026-08-12T22:50:31                      10
================================================================================
[2026-08-12T22:51:21.520+0000] {manager.py:997} INFO - 
================================================================================
DAG File Processing Stats

File Path                                    PID    Runtime      # DAGs    # Errors  Last Runtime    Last Run               Last # of DB Queries
-------------------------------------------  -----  ---------  --------  ----------  --------------  -------------------  ----------------------
/opt/airflow/dags/dag_pyspark_local.py                                1           0  0.61s           2026-08-12T22:51:00                      10
/opt/airflow/dags/dag_lakehouse_pipeline.py                           1           0  0.20s           2026-08-12T22:51:02                      10
/opt/airflow/dags/dag_dia.py                                          1           0  0.13s           2026-08-12T22:51:04                      12
================================================================================
[2026-08-12T22:51:52.088+0000] {manager.py:997} INFO - 
================================================================================
DAG File Processing Stats

File Path                                    PID    Runtime      # DAGs    # Errors  Last Runtime    Last Run               Last # of DB Queries
-------------------------------------------  -----  ---------  --------  ----------  --------------  -------------------  ----------------------
/opt/airflow/dags/dag_pyspark_local.py                                1           0  0.33s           2026-08-12T22:51:30                      10
/opt/airflow/dags/dag_dia.py                                          1           0  0.14s           2026-08-12T22:51:34                      12
/opt/airflow/dags/dag_lakehouse_pipeline.py                           1           0  0.13s           2026-08-12T22:51:32                      10
================================================================================
[2026-08-12T22:52:22.694+0000] {manager.py:997} INFO - 
================================================================================
DAG File Processing Stats

File Path                                    PID    Runtime      # DAGs    # Errors  Last Runtime    Last Run               Last # of DB Queries
-------------------------------------------  -----  ---------  --------  ----------  --------------  -------------------  ----------------------
/opt/airflow/dags/dag_pyspark_local.py                                1           0  0.35s           2026-08-12T22:52:01                      10
/opt/airflow/dags/dag_dia.py                                          1           0  0.30s           2026-08-12T22:52:05                      12
/opt/airflow/dags/dag_lakehouse_pipeline.py                           1           0  0.25s           2026-08-12T22:52:03                      10
================================================================================
[2026-08-12T22:52:53.367+0000] {manager.py:997} INFO - 
================================================================================
DAG File Processing Stats

File Path                                    PID    Runtime      # DAGs    # Errors  Last Runtime    Last Run               Last # of DB Queries
-------------------------------------------  -----  ---------  --------  ----------  --------------  -------------------  ----------------------
/opt/airflow/dags/dag_pyspark_local.py                                1           0  0.38s           2026-08-12T22:52:32                      10
/opt/airflow/dags/dag_lakehouse_pipeline.py                           1           0  0.28s           2026-08-12T22:52:34                      10
/opt/airflow/dags/dag_dia.py                                          1           0  0.27s           2026-08-12T22:52:36                      12
================================================================================
[2026-08-12T22:53:24.048+0000] {manager.py:997} INFO - 
================================================================================
DAG File Processing Stats

File Path                                    PID    Runtime      # DAGs    # Errors  Last Runtime    Last Run               Last # of DB Queries
-------------------------------------------  -----  ---------  --------  ----------  --------------  -------------------  ----------------------
/opt/airflow/dags/dag_pyspark_local.py                                1           0  0.35s           2026-08-12T22:53:02                      10
/opt/airflow/dags/dag_lakehouse_pipeline.py                           1           0  0.33s           2026-08-12T22:53:04                      10
/opt/airflow/dags/dag_dia.py                                          1           0  0.29s           2026-08-12T22:53:07                      12
================================================================================
[2026-08-12T22:53:27.075+0000] {manager.py:821} INFO - Searching for files in /opt/airflow/dags
[2026-08-12T22:53:27.220+0000] {manager.py:824} INFO - There are 3 files in /opt/airflow/dags
[2026-08-12T22:53:54.662+0000] {manager.py:997} INFO - 
================================================================================
DAG File Processing Stats

File Path                                    PID    Runtime      # DAGs    # Errors  Last Runtime    Last Run               Last # of DB Queries
-------------------------------------------  -----  ---------  --------  ----------  --------------  -------------------  ----------------------
/opt/airflow/dags/dag_pyspark_local.py                                1           0  0.38s           2026-08-12T22:53:33                      10
/opt/airflow/dags/dag_lakehouse_pipeline.py                           1           0  0.17s           2026-08-12T22:53:35                      10
/opt/airflow/dags/dag_dia.py                                          1           0  0.14s           2026-08-12T22:53:37                      12
================================================================================
[2026-08-12T22:54:25.258+0000] {manager.py:997} INFO - 
================================================================================
DAG File Processing Stats

File Path                                    PID    Runtime      # DAGs    # Errors  Last Runtime    Last Run               Last # of DB Queries
-------------------------------------------  -----  ---------  --------  ----------  --------------  -------------------  ----------------------
/opt/airflow/dags/dag_pyspark_local.py                                1           0  0.36s           2026-08-12T22:54:04                      10
/opt/airflow/dags/dag_dia.py                                          1           0  0.24s           2026-08-12T22:54:08                      12
/opt/airflow/dags/dag_lakehouse_pipeline.py                           1           0  0.13s           2026-08-12T22:54:06                      10
================================================================================
[2026-08-12T22:54:56.213+0000] {manager.py:997} INFO - 
================================================================================
DAG File Processing Stats

File Path                                    PID    Runtime      # DAGs    # Errors  Last Runtime    Last Run               Last # of DB Queries
-------------------------------------------  -----  ---------  --------  ----------  --------------  -------------------  ----------------------
/opt/airflow/dags/dag_dia.py                                          1           0  1.02s           2026-08-12T22:54:39                      12
/opt/airflow/dags/dag_pyspark_local.py                                1           0  0.35s           2026-08-12T22:54:34                      10
/opt/airflow/dags/dag_lakehouse_pipeline.py                           1           0  0.16s           2026-08-12T22:54:36                      10
================================================================================
[2026-08-12T22:55:26.925+0000] {manager.py:997} INFO - 
================================================================================
DAG File Processing Stats

File Path                                    PID    Runtime      # DAGs    # Errors  Last Runtime    Last Run               Last # of DB Queries
-------------------------------------------  -----  ---------  --------  ----------  --------------  -------------------  ----------------------
/opt/airflow/dags/dag_pyspark_local.py                                1           0  0.86s           2026-08-12T22:55:06                      10
/opt/airflow/dags/dag_dia.py                                          1           0  0.86s           2026-08-12T22:55:10                      12
/opt/airflow/dags/dag_lakehouse_pipeline.py                           1           0  0.55s           2026-08-12T22:55:07                      10
================================================================================
[2026-08-12T22:55:57.357+0000] {manager.py:997} INFO - 
================================================================================
DAG File Processing Stats

File Path                                    PID    Runtime      # DAGs    # Errors  Last Runtime    Last Run               Last # of DB Queries
-------------------------------------------  -----  ---------  --------  ----------  --------------  -------------------  ----------------------
/opt/airflow/dags/dag_lakehouse_pipeline.py                           1           0  0.98s           2026-08-12T22:55:39                      10
/opt/airflow/dags/dag_dia.py                                          1           0  0.80s           2026-08-12T22:55:42                      12
/opt/airflow/dags/dag_pyspark_local.py                                1           0  0.71s           2026-08-12T22:55:37                      10
================================================================================
[2026-08-12T22:56:27.780+0000] {manager.py:997} INFO - 
================================================================================
DAG File Processing Stats

File Path                                    PID    Runtime      # DAGs    # Errors  Last Runtime    Last Run               Last # of DB Queries
-------------------------------------------  -----  ---------  --------  ----------  --------------  -------------------  ----------------------
/opt/airflow/dags/dag_pyspark_local.py                                1           0  2.20s           2026-08-12T22:56:09                      10
/opt/airflow/dags/dag_lakehouse_pipeline.py                           1           0  0.88s           2026-08-12T22:56:10                      10
/opt/airflow/dags/dag_dia.py                                          1           0  0.66s           2026-08-12T22:56:12                      12
================================================================================
[2026-08-12T22:56:58.216+0000] {manager.py:997} INFO - 
================================================================================
DAG File Processing Stats

File Path                                    PID    Runtime      # DAGs    # Errors  Last Runtime    Last Run               Last # of DB Queries
-------------------------------------------  -----  ---------  --------  ----------  --------------  -------------------  ----------------------
/opt/airflow/dags/dag_pyspark_local.py                                1           0  1.33s           2026-08-12T22:56:40                      10
/opt/airflow/dags/dag_lakehouse_pipeline.py                           1           0  0.61s           2026-08-12T22:56:40                      10
/opt/airflow/dags/dag_dia.py                                          1           0  0.21s           2026-08-12T22:56:43                      12
================================================================================
[2026-08-12T22:57:28.829+0000] {manager.py:997} INFO - 
================================================================================
DAG File Processing Stats

File Path                                    PID    Runtime      # DAGs    # Errors  Last Runtime    Last Run               Last # of DB Queries
-------------------------------------------  -----  ---------  --------  ----------  --------------  -------------------  ----------------------
/opt/airflow/dags/dag_pyspark_local.py                                1           0  0.93s           2026-08-12T22:57:12                      10
/opt/airflow/dags/dag_lakehouse_pipeline.py                           1           0  0.46s           2026-08-12T22:57:11                      10
/opt/airflow/dags/dag_dia.py                                          1           0  0.30s           2026-08-12T22:57:13                      12
================================================================================
[2026-08-12T22:57:59.192+0000] {manager.py:997} INFO - 
================================================================================
DAG File Processing Stats

File Path                                    PID    Runtime      # DAGs    # Errors  Last Runtime    Last Run               Last # of DB Queries
-------------------------------------------  -----  ---------  --------  ----------  --------------  -------------------  ----------------------
/opt/airflow/dags/dag_pyspark_local.py                                1           0  1.11s           2026-08-12T22:57:43                      10
/opt/airflow/dags/dag_dia.py                                          1           0  0.59s           2026-08-12T22:57:45                      12
/opt/airflow/dags/dag_lakehouse_pipeline.py                           1           0  0.56s           2026-08-12T22:57:42                      10
================================================================================
[2026-08-12T22:58:27.730+0000] {manager.py:821} INFO - Searching for files in /opt/airflow/dags
[2026-08-12T22:58:29.213+0000] {manager.py:824} INFO - There are 3 files in /opt/airflow/dags
[2026-08-12T22:58:29.379+0000] {manager.py:997} INFO - 
================================================================================
DAG File Processing Stats

File Path                                    PID    Runtime      # DAGs    # Errors  Last Runtime    Last Run               Last # of DB Queries
-------------------------------------------  -----  ---------  --------  ----------  --------------  -------------------  ----------------------
/opt/airflow/dags/dag_pyspark_local.py                                1           0  1.10s           2026-08-12T22:58:15                      10
/opt/airflow/dags/dag_lakehouse_pipeline.py                           1           0  1.02s           2026-08-12T22:58:14                      10
/opt/airflow/dags/dag_dia.py                                          1           0  0.83s           2026-08-12T22:58:16                      12
================================================================================
[2026-08-12T22:58:59.530+0000] {manager.py:997} INFO - 
================================================================================
DAG File Processing Stats

File Path                                    PID    Runtime      # DAGs    # Errors  Last Runtime    Last Run               Last # of DB Queries
-------------------------------------------  -----  ---------  --------  ----------  --------------  -------------------  ----------------------
/opt/airflow/dags/dag_lakehouse_pipeline.py                           1           0  2.25s           2026-08-12T22:58:47                      10
/opt/airflow/dags/dag_pyspark_local.py                                1           0  2.03s           2026-08-12T22:58:48                      10
/opt/airflow/dags/dag_dia.py                                          1           0  1.66s           2026-08-12T22:58:49                      12
================================================================================
[2026-08-12T22:59:30.295+0000] {manager.py:997} INFO - 
================================================================================
DAG File Processing Stats

File Path                                    PID    Runtime      # DAGs    # Errors  Last Runtime    Last Run               Last # of DB Queries
-------------------------------------------  -----  ---------  --------  ----------  --------------  -------------------  ----------------------
/opt/airflow/dags/dag_pyspark_local.py                                1           0  1.39s           2026-08-12T22:59:20                      10
/opt/airflow/dags/dag_lakehouse_pipeline.py                           1           0  0.48s           2026-08-12T22:59:17                      10
/opt/airflow/dags/dag_dia.py                                          1           0  0.45s           2026-08-12T22:59:20                      12
================================================================================
[2026-08-12T23:00:00.461+0000] {manager.py:997} INFO - 
================================================================================
DAG File Processing Stats

File Path                                    PID    Runtime      # DAGs    # Errors  Last Runtime    Last Run               Last # of DB Queries
-------------------------------------------  -----  ---------  --------  ----------  --------------  -------------------  ----------------------
/opt/airflow/dags/dag_pyspark_local.py                                1           0  1.06s           2026-08-12T22:59:51                      10
/opt/airflow/dags/dag_lakehouse_pipeline.py                           1           0  0.54s           2026-08-12T22:59:49                      10
/opt/airflow/dags/dag_dia.py                                          1           0  0.51s           2026-08-12T22:59:51                      12
================================================================================
[2026-08-12T23:00:31.009+0000] {manager.py:997} INFO - 
================================================================================
DAG File Processing Stats

File Path                                    PID    Runtime      # DAGs    # Errors  Last Runtime    Last Run               Last # of DB Queries
-------------------------------------------  -----  ---------  --------  ----------  --------------  -------------------  ----------------------
/opt/airflow/dags/dag_pyspark_local.py                                1           0  0.34s           2026-08-12T23:00:22                      10
/opt/airflow/dags/dag_lakehouse_pipeline.py                           1           0  0.14s           2026-08-12T23:00:19                      10
/opt/airflow/dags/dag_dia.py                                          1           0  0.14s           2026-08-12T23:00:21                      12
================================================================================
[2026-08-12T23:01:01.135+0000] {manager.py:997} INFO - 
================================================================================
DAG File Processing Stats

File Path                                    PID    Runtime      # DAGs    # Errors  Last Runtime    Last Run               Last # of DB Queries
-------------------------------------------  -----  ---------  --------  ----------  --------------  -------------------  ----------------------
/opt/airflow/dags/dag_pyspark_local.py                                1           0  1.81s           2026-08-12T23:00:54                      10
/opt/airflow/dags/dag_dia.py                                          1           0  1.53s           2026-08-12T23:00:53                      12
/opt/airflow/dags/dag_lakehouse_pipeline.py                           1           0  0.96s           2026-08-12T23:00:51                      10
================================================================================
[2026-08-12T23:01:31.151+0000] {manager.py:997} INFO - 
================================================================================
DAG File Processing Stats

File Path                                    PID    Runtime      # DAGs    # Errors  Last Runtime    Last Run               Last # of DB Queries
-------------------------------------------  -----  ---------  --------  ----------  --------------  -------------------  ----------------------
/opt/airflow/dags/dag_pyspark_local.py                                1           0  0.69s           2026-08-12T23:01:25                      10
/opt/airflow/dags/dag_lakehouse_pipeline.py                           1           0  0.45s           2026-08-12T23:01:21                      10
/opt/airflow/dags/dag_dia.py                                          1           0  0.44s           2026-08-12T23:01:24                      12
================================================================================
[2026-08-12T23:02:01.261+0000] {manager.py:997} INFO - 
================================================================================
DAG File Processing Stats

File Path                                    PID    Runtime      # DAGs    # Errors  Last Runtime    Last Run               Last # of DB Queries
-------------------------------------------  -----  ---------  --------  ----------  --------------  -------------------  ----------------------
/opt/airflow/dags/dag_pyspark_local.py                                1           0  0.99s           2026-08-12T23:01:56                      10
/opt/airflow/dags/dag_dia.py                                          1           0  0.66s           2026-08-12T23:01:55                      12
/opt/airflow/dags/dag_lakehouse_pipeline.py                           1           0  0.37s           2026-08-12T23:01:52                      10
================================================================================
[2026-08-12T23:02:31.314+0000] {manager.py:997} INFO - 
================================================================================
DAG File Processing Stats

File Path                                    PID    Runtime      # DAGs    # Errors  Last Runtime    Last Run               Last # of DB Queries
-------------------------------------------  -----  ---------  --------  ----------  --------------  -------------------  ----------------------
/opt/airflow/dags/dag_pyspark_local.py                                1           0  0.76s           2026-08-12T23:02:27                      10
/opt/airflow/dags/dag_lakehouse_pipeline.py                           1           0  0.25s           2026-08-12T23:02:23                      10
/opt/airflow/dags/dag_dia.py                                          1           0  0.22s           2026-08-12T23:02:25                      12
================================================================================
[2026-08-12T23:03:01.319+0000] {manager.py:997} INFO - 
================================================================================
DAG File Processing Stats

File Path                                    PID    Runtime      # DAGs    # Errors  Last Runtime    Last Run               Last # of DB Queries
-------------------------------------------  -----  ---------  --------  ----------  --------------  -------------------  ----------------------
/opt/airflow/dags/dag_pyspark_local.py                                1           0  0.46s           2026-08-12T23:02:58                      10
/opt/airflow/dags/dag_dia.py                                          1           0  0.18s           2026-08-12T23:02:55                      12
/opt/airflow/dags/dag_lakehouse_pipeline.py                           1           0  0.16s           2026-08-12T23:02:53                      10
================================================================================
[2026-08-12T23:03:28.503+0000] {manager.py:821} INFO - Searching for files in /opt/airflow/dags
[2026-08-12T23:03:28.685+0000] {manager.py:824} INFO - There are 3 files in /opt/airflow/dags
[2026-08-12T23:03:31.777+0000] {manager.py:997} INFO - 
================================================================================
DAG File Processing Stats

File Path                                    PID    Runtime      # DAGs    # Errors  Last Runtime    Last Run               Last # of DB Queries
-------------------------------------------  -----  ---------  --------  ----------  --------------  -------------------  ----------------------
/opt/airflow/dags/dag_pyspark_local.py                                1           0  0.43s           2026-08-12T23:03:29                      10
/opt/airflow/dags/dag_dia.py                                          1           0  0.24s           2026-08-12T23:03:26                      12
/opt/airflow/dags/dag_lakehouse_pipeline.py                           1           0  0.17s           2026-08-12T23:03:24                      10
================================================================================
[2026-08-12T23:04:02.142+0000] {manager.py:997} INFO - 
================================================================================
DAG File Processing Stats

File Path                                    PID    Runtime      # DAGs    # Errors  Last Runtime    Last Run               Last # of DB Queries
-------------------------------------------  -----  ---------  --------  ----------  --------------  -------------------  ----------------------
/opt/airflow/dags/dag_pyspark_local.py                                1           0  0.69s           2026-08-12T23:04:00                      10
/opt/airflow/dags/dag_lakehouse_pipeline.py                           1           0  0.35s           2026-08-12T23:03:55                      10
/opt/airflow/dags/dag_dia.py                                          1           0  0.35s           2026-08-12T23:03:57                      12
================================================================================
[2026-08-12T23:04:32.816+0000] {manager.py:997} INFO - 
================================================================================
DAG File Processing Stats

File Path                                    PID    Runtime      # DAGs    # Errors  Last Runtime    Last Run               Last # of DB Queries
-------------------------------------------  -----  ---------  --------  ----------  --------------  -------------------  ----------------------
/opt/airflow/dags/dag_pyspark_local.py                                1           0  0.43s           2026-08-12T23:04:30                      10
/opt/airflow/dags/dag_lakehouse_pipeline.py                           1           0  0.29s           2026-08-12T23:04:25                      10
/opt/airflow/dags/dag_dia.py                                          1           0  0.26s           2026-08-12T23:04:27                      12
================================================================================
[2026-08-12T23:05:03.249+0000] {manager.py:997} INFO - 
================================================================================
DAG File Processing Stats

File Path                                    PID    Runtime      # DAGs    # Errors  Last Runtime    Last Run               Last # of DB Queries
-------------------------------------------  -----  ---------  --------  ----------  --------------  -------------------  ----------------------
/opt/airflow/dags/dag_pyspark_local.py                                1           0  0.61s           2026-08-12T23:05:02                      10
/opt/airflow/dags/dag_lakehouse_pipeline.py                           1           0  0.40s           2026-08-12T23:04:56                      10
/opt/airflow/dags/dag_dia.py                                          1           0  0.35s           2026-08-12T23:04:58                      12
================================================================================
[2026-08-12T23:05:33.383+0000] {manager.py:997} INFO - 
================================================================================
DAG File Processing Stats

File Path                                    PID    Runtime      # DAGs    # Errors  Last Runtime    Last Run               Last # of DB Queries
-------------------------------------------  -----  ---------  --------  ----------  --------------  -------------------  ----------------------
/opt/airflow/dags/dag_pyspark_local.py                                1           0  0.74s           2026-08-12T23:05:33                      10
/opt/airflow/dags/dag_dia.py                                          1           0  0.24s           2026-08-12T23:05:29                      12
/opt/airflow/dags/dag_lakehouse_pipeline.py                           1           0  0.20s           2026-08-12T23:05:27                      10
================================================================================
[2026-08-12T23:06:03.724+0000] {manager.py:997} INFO - 
================================================================================
DAG File Processing Stats

File Path                                      PID  Runtime      # DAGs    # Errors  Last Runtime    Last Run               Last # of DB Queries
-------------------------------------------  -----  ---------  --------  ----------  --------------  -------------------  ----------------------
/opt/airflow/dags/dag_pyspark_local.py         934  0.01s             1           0  0.74s           2026-08-12T23:05:33                      10
/opt/airflow/dags/dag_dia.py                                          1           0  0.20s           2026-08-12T23:05:59                      12
/opt/airflow/dags/dag_lakehouse_pipeline.py                           1           0  0.18s           2026-08-12T23:05:57                      10
================================================================================
[2026-08-12T23:06:33.974+0000] {manager.py:997} INFO - 
================================================================================
DAG File Processing Stats

File Path                                    PID    Runtime      # DAGs    # Errors  Last Runtime    Last Run               Last # of DB Queries
-------------------------------------------  -----  ---------  --------  ----------  --------------  -------------------  ----------------------
/opt/airflow/dags/dag_pyspark_local.py                                1           0  0.86s           2026-08-12T23:06:04                      10
/opt/airflow/dags/dag_dia.py                                          1           0  0.65s           2026-08-12T23:06:30                      12
/opt/airflow/dags/dag_lakehouse_pipeline.py                           1           0  0.53s           2026-08-12T23:06:28                      10
================================================================================
[2026-08-12T23:07:04.070+0000] {manager.py:997} INFO - 
================================================================================
DAG File Processing Stats

File Path                                    PID    Runtime      # DAGs    # Errors  Last Runtime    Last Run               Last # of DB Queries
-------------------------------------------  -----  ---------  --------  ----------  --------------  -------------------  ----------------------
/opt/airflow/dags/dag_dia.py                                          1           0  1.55s           2026-08-12T23:07:03                      12
/opt/airflow/dags/dag_lakehouse_pipeline.py                           1           0  0.92s           2026-08-12T23:07:00                      10
/opt/airflow/dags/dag_pyspark_local.py                                1           0  0.39s           2026-08-12T23:06:35                      10
================================================================================
[2026-08-12T23:07:34.241+0000] {manager.py:997} INFO - 
================================================================================
DAG File Processing Stats

File Path                                      PID  Runtime      # DAGs    # Errors  Last Runtime    Last Run               Last # of DB Queries
-------------------------------------------  -----  ---------  --------  ----------  --------------  -------------------  ----------------------
/opt/airflow/dags/dag_dia.py                   956  1.04s             1           0  1.55s           2026-08-12T23:07:03                      12
/opt/airflow/dags/dag_pyspark_local.py                                1           0  0.58s           2026-08-12T23:07:06                      10
/opt/airflow/dags/dag_lakehouse_pipeline.py                           1           0  0.39s           2026-08-12T23:07:31                      10
================================================================================
[2026-08-12T23:07:56.306+0000] {manager.py:465} INFO - Exiting gracefully upon receiving signal 15
