[2026-08-12T21:09:12.570+0000] {local_task_job_runner.py:123} INFO - ::group::Pre task execution logs
[2026-08-12T21:09:12.722+0000] {taskinstance.py:2603} INFO - Dependencies all met for dep_context=non-requeueable deps ti=<TaskInstance: pipeline_lakehouse_medallion.bronze_order_items manual__2026-08-12T20:19:11.024472+00:00 [queued]>
[2026-08-12T21:09:12.814+0000] {taskinstance.py:2603} INFO - Dependencies all met for dep_context=requeueable deps ti=<TaskInstance: pipeline_lakehouse_medallion.bronze_order_items manual__2026-08-12T20:19:11.024472+00:00 [queued]>
[2026-08-12T21:09:12.820+0000] {taskinstance.py:2856} INFO - Starting attempt 3 of 3
[2026-08-12T21:09:12.929+0000] {taskinstance.py:2879} INFO - Executing <Task(BashOperator): bronze_order_items> on 2026-08-12 20:19:11.024472+00:00
[2026-08-12T21:09:12.959+0000] {warnings.py:112} WARNING - /home/***/.local/lib/python3.12/site-packages/***/task/task_runner/standard_task_runner.py:70: DeprecationWarning: This process (pid=7651) is multi-threaded, use of fork() may lead to deadlocks in the child.
  pid = os.fork()

[2026-08-12T21:09:12.985+0000] {standard_task_runner.py:72} INFO - Started process 7665 to run task
[2026-08-12T21:09:12.995+0000] {standard_task_runner.py:104} INFO - Running: ['***', 'tasks', 'run', 'pipeline_lakehouse_medallion', 'bronze_order_items', 'manual__2026-08-12T20:19:11.024472+00:00', '--job-id', '42', '--raw', '--subdir', 'DAGS_FOLDER/dag_lakehouse_pipeline.py', '--cfg-path', '/tmp/tmp0u39fwcg']
[2026-08-12T21:09:13.002+0000] {standard_task_runner.py:105} INFO - Job 42: Subtask bronze_order_items
[2026-08-12T21:09:13.364+0000] {task_command.py:467} INFO - Running <TaskInstance: pipeline_lakehouse_medallion.bronze_order_items manual__2026-08-12T20:19:11.024472+00:00 [running]> on host 4099a95615c9
[2026-08-12T21:09:13.742+0000] {taskinstance.py:3122} INFO - Exporting env vars: AIRFLOW_CTX_DAG_OWNER='engenharia_dados' AIRFLOW_CTX_DAG_ID='pipeline_lakehouse_medallion' AIRFLOW_CTX_TASK_ID='bronze_order_items' AIRFLOW_CTX_EXECUTION_DATE='2026-08-12T20:19:11.024472+00:00' AIRFLOW_CTX_TRY_NUMBER='3' AIRFLOW_CTX_DAG_RUN_ID='manual__2026-08-12T20:19:11.024472+00:00'
[2026-08-12T21:09:13.745+0000] {taskinstance.py:731} INFO - ::endgroup::
[2026-08-12T21:09:13.872+0000] {subprocess.py:63} INFO - Tmp dir root location: /tmp
[2026-08-12T21:09:13.896+0000] {subprocess.py:75} INFO - Running command: ['/usr/bin/bash', '-c', 'python3 /opt/***/dags/scripts/bronze_order_items.py']
[2026-08-12T21:09:14.005+0000] {subprocess.py:86} INFO - Output:
[2026-08-12T21:09:19.304+0000] {subprocess.py:93} INFO - /home/***/.local/lib/python3.12/site-packages/pyspark/bin/load-spark-env.sh: line 68: ps: command not found
[2026-08-12T21:10:57.023+0000] {subprocess.py:93} INFO - Setting default log level to "WARN".
[2026-08-12T21:10:57.116+0000] {subprocess.py:93} INFO - To adjust logging level use sc.setLogLevel(newLevel). For SparkR, use setLogLevel(newLevel).
[2026-08-12T21:11:03.598+0000] {subprocess.py:93} INFO - 26/08/12 21:11:03 WARN NativeCodeLoader: Unable to load native-hadoop library for your platform... using builtin-java classes where applicable
[2026-08-12T21:11:36.037+0000] {job.py:229} INFO - Heartbeat recovered after 13.25 seconds
[2026-08-12T21:11:48.172+0000] {job.py:229} INFO - Heartbeat recovered after 12.51 seconds
[2026-08-12T21:12:47.230+0000] {subprocess.py:93} INFO - 26/08/12 21:12:47 WARN Utils: Service 'SparkUI' could not bind on port 4040. Attempting port 4041.
[2026-08-12T21:12:47.276+0000] {subprocess.py:93} INFO - 26/08/12 21:12:47 WARN Utils: Service 'SparkUI' could not bind on port 4041. Attempting port 4042.
[2026-08-12T21:12:47.335+0000] {subprocess.py:93} INFO - 26/08/12 21:12:47 WARN Utils: Service 'SparkUI' could not bind on port 4042. Attempting port 4043.
[2026-08-12T21:12:47.411+0000] {subprocess.py:93} INFO - 26/08/12 21:12:47 WARN Utils: Service 'SparkUI' could not bind on port 4043. Attempting port 4044.
[2026-08-12T21:12:47.498+0000] {subprocess.py:93} INFO - 26/08/12 21:12:47 WARN Utils: Service 'SparkUI' could not bind on port 4044. Attempting port 4045.
[2026-08-12T21:12:47.647+0000] {subprocess.py:93} INFO - 26/08/12 21:12:47 WARN Utils: Service 'SparkUI' could not bind on port 4045. Attempting port 4046.
[2026-08-12T21:13:37.370+0000] {job.py:229} INFO - Heartbeat recovered after 11.71 seconds
[2026-08-12T21:17:39.685+0000] {subprocess.py:93} INFO - 26/08/12 21:17:39 WARN HeartbeatReceiver: Removing executor driver with no recent heartbeats: 134690 ms exceeds timeout 120000 ms
[2026-08-12T21:17:43.519+0000] {subprocess.py:93} INFO - 26/08/12 21:17:43 WARN SparkContext: Killing executors is not supported by current scheduler.
[2026-08-12T21:17:44.731+0000] {subprocess.py:93} INFO - 26/08/12 21:17:44 WARN Executor: Issue communicating with driver in heartbeater
[2026-08-12T21:17:45.016+0000] {subprocess.py:93} INFO - org.apache.spark.SparkException: Exception thrown in awaitResult:
[2026-08-12T21:17:45.064+0000] {subprocess.py:93} INFO - 	at org.apache.spark.util.SparkThreadUtils$.awaitResult(SparkThreadUtils.scala:56)
[2026-08-12T21:17:45.080+0000] {subprocess.py:93} INFO - 	at org.apache.spark.util.ThreadUtils$.awaitResult(ThreadUtils.scala:310)
[2026-08-12T21:17:45.130+0000] {subprocess.py:93} INFO - 	at org.apache.spark.rpc.RpcTimeout.awaitResult(RpcTimeout.scala:75)
[2026-08-12T21:17:45.262+0000] {subprocess.py:93} INFO - 	at org.apache.spark.rpc.RpcEndpointRef.askSync(RpcEndpointRef.scala:101)
[2026-08-12T21:17:45.276+0000] {subprocess.py:93} INFO - 	at org.apache.spark.rpc.RpcEndpointRef.askSync(RpcEndpointRef.scala:85)
[2026-08-12T21:17:45.452+0000] {subprocess.py:93} INFO - 	at org.apache.spark.storage.BlockManagerMaster.registerBlockManager(BlockManagerMaster.scala:80)
[2026-08-12T21:17:45.554+0000] {subprocess.py:93} INFO - 	at org.apache.spark.storage.BlockManager.reregister(BlockManager.scala:642)
[2026-08-12T21:17:45.607+0000] {subprocess.py:93} INFO - 	at org.apache.spark.executor.Executor.reportHeartBeat(Executor.scala:1223)
[2026-08-12T21:17:45.611+0000] {subprocess.py:93} INFO - 	at org.apache.spark.executor.Executor.$anonfun$heartbeater$1(Executor.scala:295)
[2026-08-12T21:17:45.626+0000] {subprocess.py:93} INFO - 	at scala.runtime.java8.JFunction0$mcV$sp.apply(JFunction0$mcV$sp.java:23)
[2026-08-12T21:17:45.658+0000] {subprocess.py:93} INFO - 	at org.apache.spark.util.Utils$.logUncaughtExceptions(Utils.scala:1928)
[2026-08-12T21:17:45.701+0000] {subprocess.py:93} INFO - 	at org.apache.spark.Heartbeater$$anon$1.run(Heartbeater.scala:46)
[2026-08-12T21:14:47.318+0000] {job.py:239} ERROR - Job heartbeat failed with error
Traceback (most recent call last):
  File "/home/airflow/.local/lib/python3.12/site-packages/sqlalchemy/engine/base.py", line 3371, in _wrap_pool_connect
    return fn()
           ^^^^
  File "/home/airflow/.local/lib/python3.12/site-packages/sqlalchemy/pool/base.py", line 327, in connect
    return _ConnectionFairy._checkout(self)
           ^^^^^^^^^^^^^^^^^^^^^^^^^^^^^^^^
  File "/home/airflow/.local/lib/python3.12/site-packages/sqlalchemy/pool/base.py", line 894, in _checkout
    fairy = _ConnectionRecord.checkout(pool)
            ^^^^^^^^^^^^^^^^^^^^^^^^^^^^^^^^
  File "/home/airflow/.local/lib/python3.12/site-packages/sqlalchemy/pool/base.py", line 493, in checkout
    rec = pool._do_get()
          ^^^^^^^^^^^^^^
  File "/home/airflow/.local/lib/python3.12/site-packages/sqlalchemy/pool/impl.py", line 256, in _do_get
    return self._create_connection()
           ^^^^^^^^^^^^^^^^^^^^^^^^^
  File "/home/airflow/.local/lib/python3.12/site-packages/sqlalchemy/pool/base.py", line 273, in _create_connection
    return _ConnectionRecord(self)
           ^^^^^^^^^^^^^^^^^^^^^^^
  File "/home/airflow/.local/lib/python3.12/site-packages/sqlalchemy/pool/base.py", line 388, in __init__
    self.__connect()
  File "/home/airflow/.local/lib/python3.12/site-packages/sqlalchemy/pool/base.py", line 690, in __connect
    with util.safe_reraise():
  File "/home/airflow/.local/lib/python3.12/site-packages/sqlalchemy/util/langhelpers.py", line 70, in __exit__
    compat.raise_(
  File "/home/airflow/.local/lib/python3.12/site-packages/sqlalchemy/util/compat.py", line 211, in raise_
    raise exception
  File "/home/airflow/.local/lib/python3.12/site-packages/sqlalchemy/pool/base.py", line 686, in __connect
    self.dbapi_connection = connection = pool._invoke_creator(self)
                                         ^^^^^^^^^^^^^^^^^^^^^^^^^^
  File "/home/airflow/.local/lib/python3.12/site-packages/sqlalchemy/engine/create.py", line 574, in connect
    return dialect.connect(*cargs, **cparams)
           ^^^^^^^^^^^^^^^^^^^^^^^^^^^^^^^^^^
  File "/home/airflow/.local/lib/python3.12/site-packages/sqlalchemy/engine/default.py", line 598, in connect
    return self.dbapi.connect(*cargs, **cparams)
           ^^^^^^^^^^^^^^^^^^^^^^^^^^^^^^^^^^^^^
  File "/home/airflow/.local/lib/python3.12/site-packages/psycopg2/__init__.py", line 122, in connect
    conn = _connect(dsn, connection_factory=connection_factory, **kwasync)
           ^^^^^^^^^^^^^^^^^^^^^^^^^^^^^^^^^^^^^^^^^^^^^^^^^^^^^^^^^^^^^^^
psycopg2.OperationalError: could not translate host name "postgres" to address: Temporary failure in name resolution


The above exception was the direct cause of the following exception:

Traceback (most recent call last):
  File "/home/airflow/.local/lib/python3.12/site-packages/airflow/jobs/job.py", line 233, in heartbeat
    heartbeat_callback(session)
  File "/home/airflow/.local/lib/python3.12/site-packages/airflow/utils/session.py", line 94, in wrapper
    return func(*args, **kwargs)
           ^^^^^^^^^^^^^^^^^^^^^
  File "/home/airflow/.local/lib/python3.12/site-packages/airflow/jobs/local_task_job_runner.py", line 279, in heartbeat_callback
    self.task_instance.refresh_from_db()
  File "/home/airflow/.local/lib/python3.12/site-packages/airflow/utils/session.py", line 97, in wrapper
    return func(*args, session=session, **kwargs)
           ^^^^^^^^^^^^^^^^^^^^^^^^^^^^^^^^^^^^^^
  File "/home/airflow/.local/lib/python3.12/site-packages/airflow/models/taskinstance.py", line 2349, in refresh_from_db
    _refresh_from_db(task_instance=self, session=session, lock_for_update=lock_for_update)
  File "/home/airflow/.local/lib/python3.12/site-packages/airflow/models/taskinstance.py", line 872, in _refresh_from_db
    ti = TaskInstance.get_task_instance(
         ^^^^^^^^^^^^^^^^^^^^^^^^^^^^^^^
  File "/home/airflow/.local/lib/python3.12/site-packages/airflow/api_internal/internal_api_call.py", line 139, in wrapper
    return func(*args, **kwargs)
           ^^^^^^^^^^^^^^^^^^^^^
  File "/home/airflow/.local/lib/python3.12/site-packages/airflow/utils/session.py", line 94, in wrapper
    return func(*args, **kwargs)
           ^^^^^^^^^^^^^^^^^^^^^
  File "/home/airflow/.local/lib/python3.12/site-packages/airflow/models/taskinstance.py", line 2335, in get_task_instance
    return query.one_or_none()
           ^^^^^^^^^^^^^^^^^^^
  File "/home/airflow/.local/lib/python3.12/site-packages/sqlalchemy/orm/query.py", line 2850, in one_or_none
    return self._iter().one_or_none()
           ^^^^^^^^^^^^
  File "/home/airflow/.local/lib/python3.12/site-packages/sqlalchemy/orm/query.py", line 2916, in _iter
    result = self.session.execute(
             ^^^^^^^^^^^^^^^^^^^^^
  File "/home/airflow/.local/lib/python3.12/site-packages/sqlalchemy/orm/session.py", line 1716, in execute
    conn = self._connection_for_bind(bind)
           ^^^^^^^^^^^^^^^^^^^^^^^^^^^^^^^
  File "/home/airflow/.local/lib/python3.12/site-packages/sqlalchemy/orm/session.py", line 1555, in _connection_for_bind
    return self._transaction._connection_for_bind(
           ^^^^^^^^^^^^^^^^^^^^^^^^^^^^^^^^^^^^^^^
  File "/home/airflow/.local/lib/python3.12/site-packages/sqlalchemy/orm/session.py", line 750, in _connection_for_bind
    conn = bind.connect()
           ^^^^^^^^^^^^^^
  File "/home/airflow/.local/lib/python3.12/site-packages/sqlalchemy/future/engine.py", line 412, in connect
    return super(Engine, self).connect()
           ^^^^^^^^^^^^^^^^^^^^^^^^^^^^^
  File "/home/airflow/.local/lib/python3.12/site-packages/sqlalchemy/engine/base.py", line 3325, in connect
    return self._connection_cls(self, close_with_result=close_with_result)
           ^^^^^^^^^^^^^^^^^^^^^^^^^^^^^^^^^^^^^^^^^^^^^^^^^^^^^^^^^^^^^^^
  File "/home/airflow/.local/lib/python3.12/site-packages/sqlalchemy/engine/base.py", line 96, in __init__
    else engine.raw_connection()
         ^^^^^^^^^^^^^^^^^^^^^^^
  File "/home/airflow/.local/lib/python3.12/site-packages/sqlalchemy/engine/base.py", line 3404, in raw_connection
    return self._wrap_pool_connect(self.pool.connect, _connection)
           ^^^^^^^^^^^^^^^^^^^^^^^^^^^^^^^^^^^^^^^^^^^^^^^^^^^^^^^
  File "/home/airflow/.local/lib/python3.12/site-packages/sqlalchemy/engine/base.py", line 3374, in _wrap_pool_connect
    Connection._handle_dbapi_exception_noconnection(
  File "/home/airflow/.local/lib/python3.12/site-packages/sqlalchemy/engine/base.py", line 2208, in _handle_dbapi_exception_noconnection
    util.raise_(
  File "/home/airflow/.local/lib/python3.12/site-packages/sqlalchemy/util/compat.py", line 211, in raise_
    raise exception
  File "/home/airflow/.local/lib/python3.12/site-packages/sqlalchemy/engine/base.py", line 3371, in _wrap_pool_connect
    return fn()
           ^^^^
  File "/home/airflow/.local/lib/python3.12/site-packages/sqlalchemy/pool/base.py", line 327, in connect
    return _ConnectionFairy._checkout(self)
           ^^^^^^^^^^^^^^^^^^^^^^^^^^^^^^^^
  File "/home/airflow/.local/lib/python3.12/site-packages/sqlalchemy/pool/base.py", line 894, in _checkout
    fairy = _ConnectionRecord.checkout(pool)
            ^^^^^^^^^^^^^^^^^^^^^^^^^^^^^^^^
  File "/home/airflow/.local/lib/python3.12/site-packages/sqlalchemy/pool/base.py", line 493, in checkout
    rec = pool._do_get()
          ^^^^^^^^^^^^^^
  File "/home/airflow/.local/lib/python3.12/site-packages/sqlalchemy/pool/impl.py", line 256, in _do_get
    return self._create_connection()
           ^^^^^^^^^^^^^^^^^^^^^^^^^
  File "/home/airflow/.local/lib/python3.12/site-packages/sqlalchemy/pool/base.py", line 273, in _create_connection
    return _ConnectionRecord(self)
           ^^^^^^^^^^^^^^^^^^^^^^^
  File "/home/airflow/.local/lib/python3.12/site-packages/sqlalchemy/pool/base.py", line 388, in __init__
    self.__connect()
  File "/home/airflow/.local/lib/python3.12/site-packages/sqlalchemy/pool/base.py", line 690, in __connect
    with util.safe_reraise():
  File "/home/airflow/.local/lib/python3.12/site-packages/sqlalchemy/util/langhelpers.py", line 70, in __exit__
    compat.raise_(
  File "/home/airflow/.local/lib/python3.12/site-packages/sqlalchemy/util/compat.py", line 211, in raise_
    raise exception
  File "/home/airflow/.local/lib/python3.12/site-packages/sqlalchemy/pool/base.py", line 686, in __connect
    self.dbapi_connection = connection = pool._invoke_creator(self)
                                         ^^^^^^^^^^^^^^^^^^^^^^^^^^
  File "/home/airflow/.local/lib/python3.12/site-packages/sqlalchemy/engine/create.py", line 574, in connect
    return dialect.connect(*cargs, **cparams)
           ^^^^^^^^^^^^^^^^^^^^^^^^^^^^^^^^^^
  File "/home/airflow/.local/lib/python3.12/site-packages/sqlalchemy/engine/default.py", line 598, in connect
    return self.dbapi.connect(*cargs, **cparams)
           ^^^^^^^^^^^^^^^^^^^^^^^^^^^^^^^^^^^^^
  File "/home/airflow/.local/lib/python3.12/site-packages/psycopg2/__init__.py", line 122, in connect
    conn = _connect(dsn, connection_factory=connection_factory, **kwasync)
           ^^^^^^^^^^^^^^^^^^^^^^^^^^^^^^^^^^^^^^^^^^^^^^^^^^^^^^^^^^^^^^^
sqlalchemy.exc.OperationalError: (psycopg2.OperationalError) could not translate host name "postgres" to address: Temporary failure in name resolution

(Background on this error at: https://sqlalche.me/e/14/e3q8)
[2026-08-12T21:17:45.750+0000] {subprocess.py:93} INFO - 	at java.base/java.util.concurrent.Executors$RunnableAdapter.call(Executors.java:539)
[2026-08-12T21:17:45.779+0000] {job.py:254} ERROR - Job heartbeat failed with error. Scheduler is in unhealthy state
[2026-08-12T21:17:45.794+0000] {subprocess.py:93} INFO - 	at java.base/java.util.concurrent.FutureTask.runAndReset(FutureTask.java:305)
[2026-08-12T21:17:45.841+0000] {subprocess.py:93} INFO - 	at java.base/java.util.concurrent.ScheduledThreadPoolExecutor$ScheduledFutureTask.run(ScheduledThreadPoolExecutor.java:305)
[2026-08-12T21:17:45.888+0000] {subprocess.py:93} INFO - 	at java.base/java.util.concurrent.ThreadPoolExecutor.runWorker(ThreadPoolExecutor.java:1136)
[2026-08-12T21:17:45.933+0000] {subprocess.py:93} INFO - 	at java.base/java.util.concurrent.ThreadPoolExecutor$Worker.run(ThreadPoolExecutor.java:635)
[2026-08-12T21:17:45.975+0000] {subprocess.py:93} INFO - 	at java.base/java.lang.Thread.run(Thread.java:840)
[2026-08-12T21:17:46.126+0000] {subprocess.py:93} INFO - Caused by: org.apache.spark.SparkException: Exception thrown in awaitResult:
[2026-08-12T21:17:46.180+0000] {subprocess.py:93} INFO - 	at org.apache.spark.util.SparkThreadUtils$.awaitResult(SparkThreadUtils.scala:56)
[2026-08-12T21:17:46.275+0000] {subprocess.py:93} INFO - 	at org.apache.spark.util.ThreadUtils$.awaitResult(ThreadUtils.scala:310)
[2026-08-12T21:17:46.384+0000] {subprocess.py:93} INFO - 	at org.apache.spark.rpc.RpcTimeout.awaitResult(RpcTimeout.scala:75)
[2026-08-12T21:17:46.467+0000] {subprocess.py:93} INFO - 	at org.apache.spark.rpc.RpcEnv.setupEndpointRefByURI(RpcEnv.scala:102)
[2026-08-12T21:17:46.519+0000] {subprocess.py:93} INFO - 	at org.apache.spark.rpc.RpcEnv.setupEndpointRef(RpcEnv.scala:110)
[2026-08-12T21:17:46.532+0000] {subprocess.py:93} INFO - 	at org.apache.spark.util.RpcUtils$.makeDriverRef(RpcUtils.scala:36)
[2026-08-12T21:17:46.548+0000] {subprocess.py:93} INFO - 	at org.apache.spark.storage.BlockManagerMasterEndpoint.driverEndpoint$lzycompute(BlockManagerMasterEndpoint.scala:124)
[2026-08-12T21:17:46.565+0000] {subprocess.py:93} INFO - 	at org.apache.spark.storage.BlockManagerMasterEndpoint.org$apache$spark$storage$BlockManagerMasterEndpoint$$driverEndpoint(BlockManagerMasterEndpoint.scala:123)
[2026-08-12T21:17:46.600+0000] {subprocess.py:93} INFO - 	at org.apache.spark.storage.BlockManagerMasterEndpoint.isExecutorAlive$lzycompute$1(BlockManagerMasterEndpoint.scala:688)
[2026-08-12T21:17:46.632+0000] {subprocess.py:93} INFO - 	at org.apache.spark.storage.BlockManagerMasterEndpoint.isExecutorAlive$1(BlockManagerMasterEndpoint.scala:687)
[2026-08-12T21:17:46.676+0000] {subprocess.py:93} INFO - 	at org.apache.spark.storage.BlockManagerMasterEndpoint.org$apache$spark$storage$BlockManagerMasterEndpoint$$register(BlockManagerMasterEndpoint.scala:725)
[2026-08-12T21:17:46.763+0000] {subprocess.py:93} INFO - 	at org.apache.spark.storage.BlockManagerMasterEndpoint$$anonfun$receiveAndReply$1.applyOrElse(BlockManagerMasterEndpoint.scala:133)
[2026-08-12T21:17:46.813+0000] {subprocess.py:93} INFO - 	at org.apache.spark.rpc.netty.Inbox.$anonfun$process$1(Inbox.scala:103)
[2026-08-12T21:17:46.834+0000] {subprocess.py:93} INFO - 	at org.apache.spark.rpc.netty.Inbox.safelyCall(Inbox.scala:213)
[2026-08-12T21:17:46.903+0000] {subprocess.py:93} INFO - 	at org.apache.spark.rpc.netty.Inbox.process(Inbox.scala:100)
[2026-08-12T21:17:46.911+0000] {subprocess.py:93} INFO - 	at org.apache.spark.rpc.netty.MessageLoop.org$apache$spark$rpc$netty$MessageLoop$$receiveLoop(MessageLoop.scala:75)
[2026-08-12T21:17:46.914+0000] {subprocess.py:93} INFO - 	at org.apache.spark.rpc.netty.MessageLoop$$anon$1.run(MessageLoop.scala:41)
[2026-08-12T21:17:46.919+0000] {subprocess.py:93} INFO - 	... 3 more
[2026-08-12T21:17:46.937+0000] {subprocess.py:93} INFO - Caused by: org.apache.spark.rpc.RpcEndpointNotFoundException: Cannot find endpoint: spark://CoarseGrainedScheduler@4099a95615c9:36011
[2026-08-12T21:17:46.945+0000] {subprocess.py:93} INFO - 	at org.apache.spark.rpc.netty.NettyRpcEnv.$anonfun$asyncSetupEndpointRefByURI$1(NettyRpcEnv.scala:148)
[2026-08-12T21:17:46.984+0000] {subprocess.py:93} INFO - 	at org.apache.spark.rpc.netty.NettyRpcEnv.$anonfun$asyncSetupEndpointRefByURI$1$adapted(NettyRpcEnv.scala:144)
[2026-08-12T21:17:46.996+0000] {subprocess.py:93} INFO - 	at scala.concurrent.Future.$anonfun$flatMap$1(Future.scala:307)
[2026-08-12T21:17:47.010+0000] {subprocess.py:93} INFO - 	at scala.concurrent.impl.Promise.$anonfun$transformWith$1(Promise.scala:41)
[2026-08-12T21:17:47.014+0000] {subprocess.py:93} INFO - 	at scala.concurrent.impl.CallbackRunnable.run(Promise.scala:64)
[2026-08-12T21:17:47.019+0000] {subprocess.py:93} INFO - 	at org.apache.spark.util.ThreadUtils$$anon$1.execute(ThreadUtils.scala:99)
[2026-08-12T21:17:47.028+0000] {subprocess.py:93} INFO - 	at scala.concurrent.impl.ExecutionContextImpl$$anon$4.execute(ExecutionContextImpl.scala:138)
[2026-08-12T21:17:47.050+0000] {subprocess.py:93} INFO - 	at scala.concurrent.impl.CallbackRunnable.executeWithValue(Promise.scala:72)
[2026-08-12T21:17:47.065+0000] {subprocess.py:93} INFO - 	at scala.concurrent.impl.Promise$DefaultPromise.$anonfun$tryComplete$1(Promise.scala:288)
[2026-08-12T21:17:47.074+0000] {subprocess.py:93} INFO - 	at scala.concurrent.impl.Promise$DefaultPromise.$anonfun$tryComplete$1$adapted(Promise.scala:288)
[2026-08-12T21:17:47.086+0000] {subprocess.py:93} INFO - 	at scala.concurrent.impl.Promise$DefaultPromise.tryComplete(Promise.scala:288)
[2026-08-12T21:17:47.103+0000] {subprocess.py:93} INFO - 	at scala.concurrent.Promise.complete(Promise.scala:53)
[2026-08-12T21:17:47.109+0000] {subprocess.py:93} INFO - 	at scala.concurrent.Promise.complete$(Promise.scala:52)
[2026-08-12T21:17:47.118+0000] {subprocess.py:93} INFO - 	at scala.concurrent.impl.Promise$DefaultPromise.complete(Promise.scala:187)
[2026-08-12T21:17:47.122+0000] {subprocess.py:93} INFO - 	at scala.concurrent.impl.Promise.$anonfun$transform$1(Promise.scala:33)
[2026-08-12T21:17:47.138+0000] {subprocess.py:93} INFO - 	at scala.concurrent.impl.CallbackRunnable.run(Promise.scala:64)
[2026-08-12T21:17:47.148+0000] {subprocess.py:93} INFO - 	at org.apache.spark.util.ThreadUtils$$anon$1.execute(ThreadUtils.scala:99)
[2026-08-12T21:17:47.156+0000] {subprocess.py:93} INFO - 	at scala.concurrent.impl.ExecutionContextImpl$$anon$4.execute(ExecutionContextImpl.scala:138)
[2026-08-12T21:17:47.159+0000] {subprocess.py:93} INFO - 	at scala.concurrent.impl.CallbackRunnable.executeWithValue(Promise.scala:72)
[2026-08-12T21:17:47.175+0000] {subprocess.py:93} INFO - 	at scala.concurrent.impl.Promise$DefaultPromise.$anonfun$tryComplete$1(Promise.scala:288)
[2026-08-12T21:17:47.182+0000] {subprocess.py:93} INFO - 	at scala.concurrent.impl.Promise$DefaultPromise.$anonfun$tryComplete$1$adapted(Promise.scala:288)
[2026-08-12T21:17:47.216+0000] {subprocess.py:93} INFO - 	at scala.concurrent.impl.Promise$DefaultPromise.tryComplete(Promise.scala:288)
[2026-08-12T21:17:47.230+0000] {subprocess.py:93} INFO - 	at scala.concurrent.Promise.complete(Promise.scala:53)
[2026-08-12T21:17:47.263+0000] {subprocess.py:93} INFO - 	at scala.concurrent.Promise.complete$(Promise.scala:52)
[2026-08-12T21:17:47.270+0000] {subprocess.py:93} INFO - 	at scala.concurrent.impl.Promise$DefaultPromise.complete(Promise.scala:187)
[2026-08-12T21:17:47.273+0000] {subprocess.py:93} INFO - 	at scala.concurrent.impl.Promise.$anonfun$transform$1(Promise.scala:33)
[2026-08-12T21:17:47.316+0000] {subprocess.py:93} INFO - 	at scala.concurrent.impl.CallbackRunnable.run(Promise.scala:64)
[2026-08-12T21:17:47.358+0000] {subprocess.py:93} INFO - 	at scala.concurrent.BatchingExecutor$Batch.processBatch$1(BatchingExecutor.scala:67)
[2026-08-12T21:17:47.406+0000] {subprocess.py:93} INFO - 	at scala.concurrent.BatchingExecutor$Batch.$anonfun$run$1(BatchingExecutor.scala:82)
[2026-08-12T21:17:47.462+0000] {subprocess.py:93} INFO - 	at scala.runtime.java8.JFunction0$mcV$sp.apply(JFunction0$mcV$sp.java:23)
[2026-08-12T21:17:47.543+0000] {subprocess.py:93} INFO - 	at scala.concurrent.BlockContext$.withBlockContext(BlockContext.scala:85)
[2026-08-12T21:17:47.602+0000] {subprocess.py:93} INFO - 	at scala.concurrent.BatchingExecutor$Batch.run(BatchingExecutor.scala:59)
[2026-08-12T21:17:47.612+0000] {subprocess.py:93} INFO - 	at scala.concurrent.Future$InternalCallbackExecutor$.unbatchedExecute(Future.scala:875)
[2026-08-12T21:17:47.671+0000] {subprocess.py:93} INFO - 	at scala.concurrent.BatchingExecutor.execute(BatchingExecutor.scala:110)
[2026-08-12T21:17:47.694+0000] {subprocess.py:93} INFO - 	at scala.concurrent.BatchingExecutor.execute$(BatchingExecutor.scala:107)
[2026-08-12T21:17:47.696+0000] {subprocess.py:93} INFO - 	at scala.concurrent.Future$InternalCallbackExecutor$.execute(Future.scala:873)
[2026-08-12T21:17:47.765+0000] {subprocess.py:93} INFO - 	at scala.concurrent.impl.CallbackRunnable.executeWithValue(Promise.scala:72)
[2026-08-12T21:17:47.779+0000] {subprocess.py:93} INFO - 	at scala.concurrent.impl.Promise$DefaultPromise.$anonfun$tryComplete$1(Promise.scala:288)
[2026-08-12T21:17:47.807+0000] {subprocess.py:93} INFO - 	at scala.concurrent.impl.Promise$DefaultPromise.$anonfun$tryComplete$1$adapted(Promise.scala:288)
[2026-08-12T21:17:48.011+0000] {subprocess.py:93} INFO - 	at scala.concurrent.impl.Promise$DefaultPromise.tryComplete(Promise.scala:288)
[2026-08-12T21:17:48.067+0000] {subprocess.py:93} INFO - 	at scala.concurrent.Promise.trySuccess(Promise.scala:94)
[2026-08-12T21:17:48.096+0000] {subprocess.py:93} INFO - 	at scala.concurrent.Promise.trySuccess$(Promise.scala:94)
[2026-08-12T21:17:48.120+0000] {subprocess.py:93} INFO - 	at scala.concurrent.impl.Promise$DefaultPromise.trySuccess(Promise.scala:187)
[2026-08-12T21:17:48.126+0000] {subprocess.py:93} INFO - 	at org.apache.spark.rpc.netty.NettyRpcEnv.onSuccess$1(NettyRpcEnv.scala:225)
[2026-08-12T21:17:48.144+0000] {subprocess.py:93} INFO - 	at org.apache.spark.rpc.netty.NettyRpcEnv.$anonfun$askAbortable$5(NettyRpcEnv.scala:239)
[2026-08-12T21:17:48.161+0000] {subprocess.py:93} INFO - 	at org.apache.spark.rpc.netty.NettyRpcEnv.$anonfun$askAbortable$5$adapted(NettyRpcEnv.scala:238)
[2026-08-12T21:17:48.182+0000] {subprocess.py:93} INFO - 	at scala.concurrent.impl.CallbackRunnable.run(Promise.scala:64)
[2026-08-12T21:17:48.217+0000] {subprocess.py:93} INFO - 	at org.apache.spark.util.ThreadUtils$$anon$1.execute(ThreadUtils.scala:99)
[2026-08-12T21:17:48.226+0000] {subprocess.py:93} INFO - 	at scala.concurrent.impl.ExecutionContextImpl$$anon$4.execute(ExecutionContextImpl.scala:138)
[2026-08-12T21:17:48.231+0000] {subprocess.py:93} INFO - 	at scala.concurrent.impl.CallbackRunnable.executeWithValue(Promise.scala:72)
[2026-08-12T21:17:48.329+0000] {subprocess.py:93} INFO - 	at scala.concurrent.impl.Promise$DefaultPromise.$anonfun$tryComplete$1(Promise.scala:288)
[2026-08-12T21:17:48.348+0000] {subprocess.py:93} INFO - 	at scala.concurrent.impl.Promise$DefaultPromise.$anonfun$tryComplete$1$adapted(Promise.scala:288)
[2026-08-12T21:17:48.358+0000] {subprocess.py:93} INFO - 	at scala.concurrent.impl.Promise$DefaultPromise.tryComplete(Promise.scala:288)
[2026-08-12T21:17:48.367+0000] {subprocess.py:93} INFO - 	at scala.concurrent.Promise.complete(Promise.scala:53)
[2026-08-12T21:17:48.486+0000] {subprocess.py:93} INFO - 	at scala.concurrent.Promise.complete$(Promise.scala:52)
[2026-08-12T21:17:48.656+0000] {subprocess.py:93} INFO - 	at scala.concurrent.impl.Promise$DefaultPromise.complete(Promise.scala:187)
[2026-08-12T21:17:48.727+0000] {subprocess.py:93} INFO - 	at scala.concurrent.Promise.success(Promise.scala:86)
[2026-08-12T21:17:48.771+0000] {subprocess.py:93} INFO - 	at scala.concurrent.Promise.success$(Promise.scala:86)
[2026-08-12T21:17:48.798+0000] {subprocess.py:93} INFO - 	at scala.concurrent.impl.Promise$DefaultPromise.success(Promise.scala:187)
[2026-08-12T21:17:48.801+0000] {subprocess.py:93} INFO - 	at org.apache.spark.rpc.netty.LocalNettyRpcCallContext.send(NettyRpcCallContext.scala:50)
[2026-08-12T21:17:48.819+0000] {subprocess.py:93} INFO - 	at org.apache.spark.rpc.netty.NettyRpcCallContext.reply(NettyRpcCallContext.scala:32)
[2026-08-12T21:17:48.830+0000] {subprocess.py:93} INFO - 	at org.apache.spark.rpc.netty.RpcEndpointVerifier$$anonfun$receiveAndReply$1.applyOrElse(RpcEndpointVerifier.scala:31)
[2026-08-12T21:17:48.861+0000] {subprocess.py:93} INFO - 	... 8 more
[2026-08-12T21:17:48.864+0000] {subprocess.py:93} INFO - 26/08/12 21:17:44 ERROR Inbox: Ignoring error
[2026-08-12T21:17:48.869+0000] {subprocess.py:93} INFO - org.apache.spark.SparkException: Exception thrown in awaitResult:
[2026-08-12T21:17:49.036+0000] {subprocess.py:93} INFO - 	at org.apache.spark.util.SparkThreadUtils$.awaitResult(SparkThreadUtils.scala:56)
[2026-08-12T21:17:49.049+0000] {subprocess.py:93} INFO - 	at org.apache.spark.util.ThreadUtils$.awaitResult(ThreadUtils.scala:310)
[2026-08-12T21:17:49.054+0000] {subprocess.py:93} INFO - 	at org.apache.spark.rpc.RpcTimeout.awaitResult(RpcTimeout.scala:75)
[2026-08-12T21:17:49.072+0000] {subprocess.py:93} INFO - 	at org.apache.spark.rpc.RpcEnv.setupEndpointRefByURI(RpcEnv.scala:102)
[2026-08-12T21:17:49.092+0000] {subprocess.py:93} INFO - 	at org.apache.spark.rpc.RpcEnv.setupEndpointRef(RpcEnv.scala:110)
[2026-08-12T21:17:49.102+0000] {subprocess.py:93} INFO - 	at org.apache.spark.util.RpcUtils$.makeDriverRef(RpcUtils.scala:36)
[2026-08-12T21:17:49.111+0000] {subprocess.py:93} INFO - 	at org.apache.spark.storage.BlockManagerMasterEndpoint.driverEndpoint$lzycompute(BlockManagerMasterEndpoint.scala:124)
[2026-08-12T21:17:49.125+0000] {subprocess.py:93} INFO - 	at org.apache.spark.storage.BlockManagerMasterEndpoint.org$apache$spark$storage$BlockManagerMasterEndpoint$$driverEndpoint(BlockManagerMasterEndpoint.scala:123)
[2026-08-12T21:17:49.141+0000] {subprocess.py:93} INFO - 	at org.apache.spark.storage.BlockManagerMasterEndpoint.isExecutorAlive$lzycompute$1(BlockManagerMasterEndpoint.scala:688)
[2026-08-12T21:17:49.146+0000] {subprocess.py:93} INFO - 	at org.apache.spark.storage.BlockManagerMasterEndpoint.isExecutorAlive$1(BlockManagerMasterEndpoint.scala:687)
[2026-08-12T21:17:49.151+0000] {subprocess.py:93} INFO - 	at org.apache.spark.storage.BlockManagerMasterEndpoint.org$apache$spark$storage$BlockManagerMasterEndpoint$$register(BlockManagerMasterEndpoint.scala:725)
[2026-08-12T21:17:49.158+0000] {subprocess.py:93} INFO - 	at org.apache.spark.storage.BlockManagerMasterEndpoint$$anonfun$receiveAndReply$1.applyOrElse(BlockManagerMasterEndpoint.scala:133)
[2026-08-12T21:17:49.167+0000] {subprocess.py:93} INFO - 	at org.apache.spark.rpc.netty.Inbox.$anonfun$process$1(Inbox.scala:103)
[2026-08-12T21:17:49.184+0000] {subprocess.py:93} INFO - 	at org.apache.spark.rpc.netty.Inbox.safelyCall(Inbox.scala:213)
[2026-08-12T21:17:49.207+0000] {subprocess.py:93} INFO - 	at org.apache.spark.rpc.netty.Inbox.process(Inbox.scala:100)
[2026-08-12T21:17:49.210+0000] {subprocess.py:93} INFO - 	at org.apache.spark.rpc.netty.MessageLoop.org$apache$spark$rpc$netty$MessageLoop$$receiveLoop(MessageLoop.scala:75)
[2026-08-12T21:17:49.213+0000] {subprocess.py:93} INFO - 	at org.apache.spark.rpc.netty.MessageLoop$$anon$1.run(MessageLoop.scala:41)
[2026-08-12T21:17:49.229+0000] {subprocess.py:93} INFO - 	at java.base/java.util.concurrent.ThreadPoolExecutor.runWorker(ThreadPoolExecutor.java:1136)
[2026-08-12T21:17:49.240+0000] {subprocess.py:93} INFO - 	at java.base/java.util.concurrent.ThreadPoolExecutor$Worker.run(ThreadPoolExecutor.java:635)
[2026-08-12T21:17:49.254+0000] {subprocess.py:93} INFO - 	at java.base/java.lang.Thread.run(Thread.java:840)
[2026-08-12T21:17:49.259+0000] {subprocess.py:93} INFO - Caused by: org.apache.spark.rpc.RpcEndpointNotFoundException: Cannot find endpoint: spark://CoarseGrainedScheduler@4099a95615c9:36011
[2026-08-12T21:17:49.268+0000] {subprocess.py:93} INFO - 	at org.apache.spark.rpc.netty.NettyRpcEnv.$anonfun$asyncSetupEndpointRefByURI$1(NettyRpcEnv.scala:148)
[2026-08-12T21:17:49.274+0000] {subprocess.py:93} INFO - 	at org.apache.spark.rpc.netty.NettyRpcEnv.$anonfun$asyncSetupEndpointRefByURI$1$adapted(NettyRpcEnv.scala:144)
[2026-08-12T21:17:49.293+0000] {subprocess.py:93} INFO - 	at scala.concurrent.Future.$anonfun$flatMap$1(Future.scala:307)
[2026-08-12T21:17:49.314+0000] {subprocess.py:93} INFO - 	at scala.concurrent.impl.Promise.$anonfun$transformWith$1(Promise.scala:41)
[2026-08-12T21:17:49.325+0000] {subprocess.py:93} INFO - 	at scala.concurrent.impl.CallbackRunnable.run(Promise.scala:64)
[2026-08-12T21:17:49.331+0000] {subprocess.py:93} INFO - 	at org.apache.spark.util.ThreadUtils$$anon$1.execute(ThreadUtils.scala:99)
[2026-08-12T21:17:49.355+0000] {subprocess.py:93} INFO - 	at scala.concurrent.impl.ExecutionContextImpl$$anon$4.execute(ExecutionContextImpl.scala:138)
[2026-08-12T21:17:49.379+0000] {subprocess.py:93} INFO - 	at scala.concurrent.impl.CallbackRunnable.executeWithValue(Promise.scala:72)
[2026-08-12T21:17:49.385+0000] {subprocess.py:93} INFO - 	at scala.concurrent.impl.Promise$DefaultPromise.$anonfun$tryComplete$1(Promise.scala:288)
[2026-08-12T21:17:49.398+0000] {subprocess.py:93} INFO - 	at scala.concurrent.impl.Promise$DefaultPromise.$anonfun$tryComplete$1$adapted(Promise.scala:288)
[2026-08-12T21:17:49.413+0000] {subprocess.py:93} INFO - 	at scala.concurrent.impl.Promise$DefaultPromise.tryComplete(Promise.scala:288)
[2026-08-12T21:17:49.462+0000] {subprocess.py:93} INFO - 	at scala.concurrent.Promise.complete(Promise.scala:53)
[2026-08-12T21:17:49.469+0000] {subprocess.py:93} INFO - 	at scala.concurrent.Promise.complete$(Promise.scala:52)
[2026-08-12T21:17:49.484+0000] {subprocess.py:93} INFO - 	at scala.concurrent.impl.Promise$DefaultPromise.complete(Promise.scala:187)
[2026-08-12T21:17:49.504+0000] {subprocess.py:93} INFO - 	at scala.concurrent.impl.Promise.$anonfun$transform$1(Promise.scala:33)
[2026-08-12T21:17:49.509+0000] {subprocess.py:93} INFO - 	at scala.concurrent.impl.CallbackRunnable.run(Promise.scala:64)
[2026-08-12T21:17:49.523+0000] {subprocess.py:93} INFO - 	at org.apache.spark.util.ThreadUtils$$anon$1.execute(ThreadUtils.scala:99)
[2026-08-12T21:17:49.541+0000] {subprocess.py:93} INFO - 	at scala.concurrent.impl.ExecutionContextImpl$$anon$4.execute(ExecutionContextImpl.scala:138)
[2026-08-12T21:17:49.550+0000] {subprocess.py:93} INFO - 	at scala.concurrent.impl.CallbackRunnable.executeWithValue(Promise.scala:72)
[2026-08-12T21:17:49.561+0000] {subprocess.py:93} INFO - 	at scala.concurrent.impl.Promise$DefaultPromise.$anonfun$tryComplete$1(Promise.scala:288)
[2026-08-12T21:17:49.575+0000] {subprocess.py:93} INFO - 	at scala.concurrent.impl.Promise$DefaultPromise.$anonfun$tryComplete$1$adapted(Promise.scala:288)
[2026-08-12T21:17:49.585+0000] {subprocess.py:93} INFO - 	at scala.concurrent.impl.Promise$DefaultPromise.tryComplete(Promise.scala:288)
[2026-08-12T21:17:49.634+0000] {subprocess.py:93} INFO - 	at scala.concurrent.Promise.complete(Promise.scala:53)
[2026-08-12T21:17:49.649+0000] {subprocess.py:93} INFO - 	at scala.concurrent.Promise.complete$(Promise.scala:52)
[2026-08-12T21:17:49.662+0000] {subprocess.py:93} INFO - 	at scala.concurrent.impl.Promise$DefaultPromise.complete(Promise.scala:187)
[2026-08-12T21:17:49.665+0000] {subprocess.py:93} INFO - 	at scala.concurrent.impl.Promise.$anonfun$transform$1(Promise.scala:33)
[2026-08-12T21:17:49.668+0000] {subprocess.py:93} INFO - 	at scala.concurrent.impl.CallbackRunnable.run(Promise.scala:64)
[2026-08-12T21:17:49.673+0000] {subprocess.py:93} INFO - 	at scala.concurrent.BatchingExecutor$Batch.processBatch$1(BatchingExecutor.scala:67)
[2026-08-12T21:17:49.689+0000] {subprocess.py:93} INFO - 	at scala.concurrent.BatchingExecutor$Batch.$anonfun$run$1(BatchingExecutor.scala:82)
[2026-08-12T21:17:49.698+0000] {subprocess.py:93} INFO - 	at scala.runtime.java8.JFunction0$mcV$sp.apply(JFunction0$mcV$sp.java:23)
[2026-08-12T21:17:49.719+0000] {subprocess.py:93} INFO - 	at scala.concurrent.BlockContext$.withBlockContext(BlockContext.scala:85)
[2026-08-12T21:17:49.762+0000] {subprocess.py:93} INFO - 	at scala.concurrent.BatchingExecutor$Batch.run(BatchingExecutor.scala:59)
[2026-08-12T21:17:49.766+0000] {subprocess.py:93} INFO - 	at scala.concurrent.Future$InternalCallbackExecutor$.unbatchedExecute(Future.scala:875)
[2026-08-12T21:17:49.771+0000] {subprocess.py:93} INFO - 	at scala.concurrent.BatchingExecutor.execute(BatchingExecutor.scala:110)
[2026-08-12T21:17:49.789+0000] {subprocess.py:93} INFO - 	at scala.concurrent.BatchingExecutor.execute$(BatchingExecutor.scala:107)
[2026-08-12T21:17:49.818+0000] {subprocess.py:93} INFO - 	at scala.concurrent.Future$InternalCallbackExecutor$.execute(Future.scala:873)
[2026-08-12T21:17:49.835+0000] {subprocess.py:93} INFO - 	at scala.concurrent.impl.CallbackRunnable.executeWithValue(Promise.scala:72)
[2026-08-12T21:17:49.844+0000] {subprocess.py:93} INFO - 	at scala.concurrent.impl.Promise$DefaultPromise.$anonfun$tryComplete$1(Promise.scala:288)
[2026-08-12T21:17:49.886+0000] {subprocess.py:93} INFO - 	at scala.concurrent.impl.Promise$DefaultPromise.$anonfun$tryComplete$1$adapted(Promise.scala:288)
[2026-08-12T21:17:49.910+0000] {subprocess.py:93} INFO - 	at scala.concurrent.impl.Promise$DefaultPromise.tryComplete(Promise.scala:288)
[2026-08-12T21:17:49.922+0000] {subprocess.py:93} INFO - 	at scala.concurrent.Promise.trySuccess(Promise.scala:94)
[2026-08-12T21:17:49.925+0000] {subprocess.py:93} INFO - 	at scala.concurrent.Promise.trySuccess$(Promise.scala:94)
[2026-08-12T21:17:49.937+0000] {subprocess.py:93} INFO - 	at scala.concurrent.impl.Promise$DefaultPromise.trySuccess(Promise.scala:187)
[2026-08-12T21:17:49.958+0000] {subprocess.py:93} INFO - 	at org.apache.spark.rpc.netty.NettyRpcEnv.onSuccess$1(NettyRpcEnv.scala:225)
[2026-08-12T21:17:49.966+0000] {subprocess.py:93} INFO - 	at org.apache.spark.rpc.netty.NettyRpcEnv.$anonfun$askAbortable$5(NettyRpcEnv.scala:239)
[2026-08-12T21:17:49.973+0000] {subprocess.py:93} INFO - 	at org.apache.spark.rpc.netty.NettyRpcEnv.$anonfun$askAbortable$5$adapted(NettyRpcEnv.scala:238)
[2026-08-12T21:17:49.998+0000] {subprocess.py:93} INFO - 	at scala.concurrent.impl.CallbackRunnable.run(Promise.scala:64)
[2026-08-12T21:17:50.008+0000] {subprocess.py:93} INFO - 	at org.apache.spark.util.ThreadUtils$$anon$1.execute(ThreadUtils.scala:99)
[2026-08-12T21:17:50.019+0000] {subprocess.py:93} INFO - 	at scala.concurrent.impl.ExecutionContextImpl$$anon$4.execute(ExecutionContextImpl.scala:138)
[2026-08-12T21:17:50.030+0000] {subprocess.py:93} INFO - 	at scala.concurrent.impl.CallbackRunnable.executeWithValue(Promise.scala:72)
[2026-08-12T21:17:50.034+0000] {subprocess.py:93} INFO - 	at scala.concurrent.impl.Promise$DefaultPromise.$anonfun$tryComplete$1(Promise.scala:288)
[2026-08-12T21:17:50.087+0000] {subprocess.py:93} INFO - 	at scala.concurrent.impl.Promise$DefaultPromise.$anonfun$tryComplete$1$adapted(Promise.scala:288)
[2026-08-12T21:17:50.095+0000] {subprocess.py:93} INFO - 	at scala.concurrent.impl.Promise$DefaultPromise.tryComplete(Promise.scala:288)
[2026-08-12T21:17:50.121+0000] {subprocess.py:93} INFO - 	at scala.concurrent.Promise.complete(Promise.scala:53)
[2026-08-12T21:17:50.149+0000] {subprocess.py:93} INFO - 	at scala.concurrent.Promise.complete$(Promise.scala:52)
[2026-08-12T21:17:50.160+0000] {subprocess.py:93} INFO - 	at scala.concurrent.impl.Promise$DefaultPromise.complete(Promise.scala:187)
[2026-08-12T21:17:50.176+0000] {subprocess.py:93} INFO - 	at scala.concurrent.Promise.success(Promise.scala:86)
[2026-08-12T21:17:50.183+0000] {subprocess.py:93} INFO - 	at scala.concurrent.Promise.success$(Promise.scala:86)
[2026-08-12T21:17:50.200+0000] {subprocess.py:93} INFO - 	at scala.concurrent.impl.Promise$DefaultPromise.success(Promise.scala:187)
[2026-08-12T21:17:50.212+0000] {subprocess.py:93} INFO - 	at org.apache.spark.rpc.netty.LocalNettyRpcCallContext.send(NettyRpcCallContext.scala:50)
[2026-08-12T21:17:50.254+0000] {subprocess.py:93} INFO - 	at org.apache.spark.rpc.netty.NettyRpcCallContext.reply(NettyRpcCallContext.scala:32)
[2026-08-12T21:17:50.274+0000] {subprocess.py:93} INFO - 	at org.apache.spark.rpc.netty.RpcEndpointVerifier$$anonfun$receiveAndReply$1.applyOrElse(RpcEndpointVerifier.scala:31)
[2026-08-12T21:17:50.289+0000] {subprocess.py:93} INFO - 	... 8 more
[2026-08-12T21:17:50.301+0000] {subprocess.py:93} INFO - 26/08/12 21:17:45 ERROR Inbox: Ignoring error
[2026-08-12T21:17:50.318+0000] {subprocess.py:93} INFO - org.apache.spark.SparkException: Exception thrown in awaitResult:
[2026-08-12T21:17:50.326+0000] {subprocess.py:93} INFO - 	at org.apache.spark.util.SparkThreadUtils$.awaitResult(SparkThreadUtils.scala:56)
[2026-08-12T21:17:50.344+0000] {subprocess.py:93} INFO - 	at org.apache.spark.util.ThreadUtils$.awaitResult(ThreadUtils.scala:310)
[2026-08-12T21:17:50.353+0000] {subprocess.py:93} INFO - 	at org.apache.spark.rpc.RpcTimeout.awaitResult(RpcTimeout.scala:75)
[2026-08-12T21:17:50.378+0000] {subprocess.py:93} INFO - 	at org.apache.spark.rpc.RpcEnv.setupEndpointRefByURI(RpcEnv.scala:102)
[2026-08-12T21:17:50.388+0000] {subprocess.py:93} INFO - 	at org.apache.spark.rpc.RpcEnv.setupEndpointRef(RpcEnv.scala:110)
[2026-08-12T21:17:50.418+0000] {subprocess.py:93} INFO - 	at org.apache.spark.util.RpcUtils$.makeDriverRef(RpcUtils.scala:36)
[2026-08-12T21:17:50.432+0000] {subprocess.py:93} INFO - 	at org.apache.spark.storage.BlockManagerMasterEndpoint.driverEndpoint$lzycompute(BlockManagerMasterEndpoint.scala:124)
[2026-08-12T21:17:50.458+0000] {subprocess.py:93} INFO - 	at org.apache.spark.storage.BlockManagerMasterEndpoint.org$apache$spark$storage$BlockManagerMasterEndpoint$$driverEndpoint(BlockManagerMasterEndpoint.scala:123)
[2026-08-12T21:17:50.484+0000] {subprocess.py:93} INFO - 	at org.apache.spark.storage.BlockManagerMasterEndpoint.isExecutorAlive$lzycompute$1(BlockManagerMasterEndpoint.scala:688)
[2026-08-12T21:17:50.518+0000] {subprocess.py:93} INFO - 	at org.apache.spark.storage.BlockManagerMasterEndpoint.isExecutorAlive$1(BlockManagerMasterEndpoint.scala:687)
[2026-08-12T21:17:50.538+0000] {subprocess.py:93} INFO - 	at org.apache.spark.storage.BlockManagerMasterEndpoint.org$apache$spark$storage$BlockManagerMasterEndpoint$$register(BlockManagerMasterEndpoint.scala:725)
[2026-08-12T21:17:50.628+0000] {subprocess.py:93} INFO - 	at org.apache.spark.storage.BlockManagerMasterEndpoint$$anonfun$receiveAndReply$1.applyOrElse(BlockManagerMasterEndpoint.scala:133)
[2026-08-12T21:17:50.782+0000] {subprocess.py:93} INFO - 	at org.apache.spark.rpc.netty.Inbox.$anonfun$process$1(Inbox.scala:103)
[2026-08-12T21:17:50.804+0000] {subprocess.py:93} INFO - 	at org.apache.spark.rpc.netty.Inbox.safelyCall(Inbox.scala:213)
[2026-08-12T21:17:50.841+0000] {subprocess.py:93} INFO - 	at org.apache.spark.rpc.netty.Inbox.process(Inbox.scala:100)
[2026-08-12T21:17:50.924+0000] {subprocess.py:93} INFO - 	at org.apache.spark.rpc.netty.MessageLoop.org$apache$spark$rpc$netty$MessageLoop$$receiveLoop(MessageLoop.scala:75)
[2026-08-12T21:17:50.952+0000] {subprocess.py:93} INFO - 	at org.apache.spark.rpc.netty.MessageLoop$$anon$1.run(MessageLoop.scala:41)
[2026-08-12T21:17:50.966+0000] {subprocess.py:93} INFO - 	at java.base/java.util.concurrent.ThreadPoolExecutor.runWorker(ThreadPoolExecutor.java:1136)
[2026-08-12T21:17:50.992+0000] {subprocess.py:93} INFO - 	at java.base/java.util.concurrent.ThreadPoolExecutor$Worker.run(ThreadPoolExecutor.java:635)
[2026-08-12T21:17:50.999+0000] {subprocess.py:93} INFO - 	at java.base/java.lang.Thread.run(Thread.java:840)
[2026-08-12T21:17:51.013+0000] {subprocess.py:93} INFO - Caused by: org.apache.spark.rpc.RpcEndpointNotFoundException: Cannot find endpoint: spark://CoarseGrainedScheduler@4099a95615c9:36011
[2026-08-12T21:17:51.070+0000] {subprocess.py:93} INFO - 	at org.apache.spark.rpc.netty.NettyRpcEnv.$anonfun$asyncSetupEndpointRefByURI$1(NettyRpcEnv.scala:148)
[2026-08-12T21:17:51.134+0000] {subprocess.py:93} INFO - 	at org.apache.spark.rpc.netty.NettyRpcEnv.$anonfun$asyncSetupEndpointRefByURI$1$adapted(NettyRpcEnv.scala:144)
[2026-08-12T21:17:51.174+0000] {subprocess.py:93} INFO - 	at scala.concurrent.Future.$anonfun$flatMap$1(Future.scala:307)
[2026-08-12T21:17:51.189+0000] {subprocess.py:93} INFO - 	at scala.concurrent.impl.Promise.$anonfun$transformWith$1(Promise.scala:41)
[2026-08-12T21:17:51.203+0000] {subprocess.py:93} INFO - 	at scala.concurrent.impl.CallbackRunnable.run(Promise.scala:64)
[2026-08-12T21:17:51.209+0000] {subprocess.py:93} INFO - 	at org.apache.spark.util.ThreadUtils$$anon$1.execute(ThreadUtils.scala:99)
[2026-08-12T21:17:51.238+0000] {subprocess.py:93} INFO - 	at scala.concurrent.impl.ExecutionContextImpl$$anon$4.execute(ExecutionContextImpl.scala:138)
[2026-08-12T21:17:51.241+0000] {subprocess.py:93} INFO - 	at scala.concurrent.impl.CallbackRunnable.executeWithValue(Promise.scala:72)
[2026-08-12T21:17:51.258+0000] {subprocess.py:93} INFO - 	at scala.concurrent.impl.Promise$DefaultPromise.$anonfun$tryComplete$1(Promise.scala:288)
[2026-08-12T21:17:51.316+0000] {subprocess.py:93} INFO - 	at scala.concurrent.impl.Promise$DefaultPromise.$anonfun$tryComplete$1$adapted(Promise.scala:288)
[2026-08-12T21:17:51.326+0000] {subprocess.py:93} INFO - 	at scala.concurrent.impl.Promise$DefaultPromise.tryComplete(Promise.scala:288)
[2026-08-12T21:17:51.351+0000] {subprocess.py:93} INFO - 	at scala.concurrent.Promise.complete(Promise.scala:53)
[2026-08-12T21:17:51.382+0000] {subprocess.py:93} INFO - 	at scala.concurrent.Promise.complete$(Promise.scala:52)
[2026-08-12T21:17:51.421+0000] {subprocess.py:93} INFO - 	at scala.concurrent.impl.Promise$DefaultPromise.complete(Promise.scala:187)
[2026-08-12T21:17:51.437+0000] {subprocess.py:93} INFO - 	at scala.concurrent.impl.Promise.$anonfun$transform$1(Promise.scala:33)
[2026-08-12T21:17:51.445+0000] {subprocess.py:93} INFO - 	at scala.concurrent.impl.CallbackRunnable.run(Promise.scala:64)
[2026-08-12T21:17:51.455+0000] {subprocess.py:93} INFO - 	at org.apache.spark.util.ThreadUtils$$anon$1.execute(ThreadUtils.scala:99)
[2026-08-12T21:17:51.470+0000] {subprocess.py:93} INFO - 	at scala.concurrent.impl.ExecutionContextImpl$$anon$4.execute(ExecutionContextImpl.scala:138)
[2026-08-12T21:17:51.489+0000] {subprocess.py:93} INFO - 	at scala.concurrent.impl.CallbackRunnable.executeWithValue(Promise.scala:72)
[2026-08-12T21:17:51.505+0000] {subprocess.py:93} INFO - 	at scala.concurrent.impl.Promise$DefaultPromise.$anonfun$tryComplete$1(Promise.scala:288)
[2026-08-12T21:17:51.516+0000] {subprocess.py:93} INFO - 	at scala.concurrent.impl.Promise$DefaultPromise.$anonfun$tryComplete$1$adapted(Promise.scala:288)
[2026-08-12T21:17:51.530+0000] {subprocess.py:93} INFO - 	at scala.concurrent.impl.Promise$DefaultPromise.tryComplete(Promise.scala:288)
[2026-08-12T21:17:51.570+0000] {subprocess.py:93} INFO - 	at scala.concurrent.Promise.complete(Promise.scala:53)
[2026-08-12T21:17:51.578+0000] {subprocess.py:93} INFO - 	at scala.concurrent.Promise.complete$(Promise.scala:52)
[2026-08-12T21:17:53.002+0000] {job.py:229} INFO - Heartbeat recovered after 205.61 seconds
[2026-08-12T21:17:51.600+0000] {subprocess.py:93} INFO - 	at scala.concurrent.impl.Promise$DefaultPromise.complete(Promise.scala:187)
[2026-08-12T21:18:01.419+0000] {subprocess.py:93} INFO - 	at scala.concurrent.impl.Promise.$anonfun$transform$1(Promise.scala:33)
[2026-08-12T21:18:03.469+0000] {job.py:254} ERROR - Job heartbeat failed with error. Scheduler is in unhealthy state
[2026-08-12T21:18:03.482+0000] {subprocess.py:93} INFO - 	at scala.concurrent.impl.CallbackRunnable.run(Promise.scala:64)
[2026-08-12T21:18:06.457+0000] {subprocess.py:93} INFO - 	at scala.concurrent.BatchingExecutor$Batch.processBatch$1(BatchingExecutor.scala:67)
[2026-08-12T21:18:32.865+0000] {subprocess.py:93} INFO - 	at scala.concurrent.BatchingExecutor$Batch.$anonfun$run$1(BatchingExecutor.scala:82)
[2026-08-12T21:18:54.830+0000] {subprocess.py:93} INFO - 	at scala.runtime.java8.JFunction0$mcV$sp.apply(JFunction0$mcV$sp.java:23)
[2026-08-12T21:20:30.205+0000] {subprocess.py:93} INFO - 	at scala.concurrent.BlockContext$.withBlockContext(BlockContext.scala:85)
[2026-08-12T21:20:35.553+0000] {subprocess.py:93} INFO - 	at scala.concurrent.BatchingExecutor$Batch.run(BatchingExecutor.scala:59)
[2026-08-12T21:20:35.616+0000] {subprocess.py:93} INFO - 	at scala.concurrent.Future$InternalCallbackExecutor$.unbatchedExecute(Future.scala:875)
[2026-08-12T21:20:35.683+0000] {subprocess.py:93} INFO - 	at scala.concurrent.BatchingExecutor.execute(BatchingExecutor.scala:110)
[2026-08-12T21:20:35.759+0000] {subprocess.py:93} INFO - 	at scala.concurrent.BatchingExecutor.execute$(BatchingExecutor.scala:107)
[2026-08-12T21:20:35.794+0000] {subprocess.py:93} INFO - 	at scala.concurrent.Future$InternalCallbackExecutor$.execute(Future.scala:873)
[2026-08-12T21:20:35.796+0000] {subprocess.py:93} INFO - 	at scala.concurrent.impl.CallbackRunnable.executeWithValue(Promise.scala:72)
[2026-08-12T21:20:35.807+0000] {subprocess.py:93} INFO - 	at scala.concurrent.impl.Promise$DefaultPromise.$anonfun$tryComplete$1(Promise.scala:288)
[2026-08-12T21:20:35.811+0000] {subprocess.py:93} INFO - 	at scala.concurrent.impl.Promise$DefaultPromise.$anonfun$tryComplete$1$adapted(Promise.scala:288)
[2026-08-12T21:20:35.826+0000] {subprocess.py:93} INFO - 	at scala.concurrent.impl.Promise$DefaultPromise.tryComplete(Promise.scala:288)
[2026-08-12T21:20:35.829+0000] {subprocess.py:93} INFO - 	at scala.concurrent.Promise.trySuccess(Promise.scala:94)
[2026-08-12T21:20:35.879+0000] {subprocess.py:93} INFO - 	at scala.concurrent.Promise.trySuccess$(Promise.scala:94)
[2026-08-12T21:20:35.914+0000] {subprocess.py:93} INFO - 	at scala.concurrent.impl.Promise$DefaultPromise.trySuccess(Promise.scala:187)
[2026-08-12T21:20:35.922+0000] {subprocess.py:93} INFO - 	at org.apache.spark.rpc.netty.NettyRpcEnv.onSuccess$1(NettyRpcEnv.scala:225)
[2026-08-12T21:20:35.955+0000] {subprocess.py:93} INFO - 	at org.apache.spark.rpc.netty.NettyRpcEnv.$anonfun$askAbortable$5(NettyRpcEnv.scala:239)
[2026-08-12T21:20:35.976+0000] {subprocess.py:93} INFO - 	at org.apache.spark.rpc.netty.NettyRpcEnv.$anonfun$askAbortable$5$adapted(NettyRpcEnv.scala:238)
[2026-08-12T21:20:36.026+0000] {subprocess.py:93} INFO - 	at scala.concurrent.impl.CallbackRunnable.run(Promise.scala:64)
[2026-08-12T21:20:36.109+0000] {subprocess.py:93} INFO - 	at org.apache.spark.util.ThreadUtils$$anon$1.execute(ThreadUtils.scala:99)
[2026-08-12T21:20:36.514+0000] {subprocess.py:93} INFO - 	at scala.concurrent.impl.ExecutionContextImpl$$anon$4.execute(ExecutionContextImpl.scala:138)
[2026-08-12T21:20:36.831+0000] {subprocess.py:93} INFO - 	at scala.concurrent.impl.CallbackRunnable.executeWithValue(Promise.scala:72)
[2026-08-12T21:20:36.838+0000] {subprocess.py:93} INFO - 	at scala.concurrent.impl.Promise$DefaultPromise.$anonfun$tryComplete$1(Promise.scala:288)
[2026-08-12T21:20:36.906+0000] {subprocess.py:93} INFO - 	at scala.concurrent.impl.Promise$DefaultPromise.$anonfun$tryComplete$1$adapted(Promise.scala:288)
[2026-08-12T21:20:36.909+0000] {subprocess.py:93} INFO - 	at scala.concurrent.impl.Promise$DefaultPromise.tryComplete(Promise.scala:288)
[2026-08-12T21:20:36.913+0000] {subprocess.py:93} INFO - 	at scala.concurrent.Promise.complete(Promise.scala:53)
[2026-08-12T21:20:36.917+0000] {subprocess.py:93} INFO - 	at scala.concurrent.Promise.complete$(Promise.scala:52)
[2026-08-12T21:20:36.925+0000] {subprocess.py:93} INFO - 	at scala.concurrent.impl.Promise$DefaultPromise.complete(Promise.scala:187)
[2026-08-12T21:20:36.930+0000] {subprocess.py:93} INFO - 	at scala.concurrent.Promise.success(Promise.scala:86)
[2026-08-12T21:20:36.981+0000] {subprocess.py:93} INFO - 	at scala.concurrent.Promise.success$(Promise.scala:86)
[2026-08-12T21:20:37.014+0000] {subprocess.py:93} INFO - 	at scala.concurrent.impl.Promise$DefaultPromise.success(Promise.scala:187)
[2026-08-12T21:20:37.132+0000] {subprocess.py:93} INFO - 	at org.apache.spark.rpc.netty.LocalNettyRpcCallContext.send(NettyRpcCallContext.scala:50)
[2026-08-12T21:20:37.221+0000] {subprocess.py:93} INFO - 	at org.apache.spark.rpc.netty.NettyRpcCallContext.reply(NettyRpcCallContext.scala:32)
[2026-08-12T21:20:37.236+0000] {subprocess.py:93} INFO - 	at org.apache.spark.rpc.netty.RpcEndpointVerifier$$anonfun$receiveAndReply$1.applyOrElse(RpcEndpointVerifier.scala:31)
[2026-08-12T21:20:37.240+0000] {subprocess.py:93} INFO - 	... 8 more
[2026-08-12T21:20:37.246+0000] {subprocess.py:93} INFO - 26/08/12 21:17:45 WARN Executor: Issue communicating with driver in heartbeater
[2026-08-12T21:20:37.307+0000] {subprocess.py:93} INFO - org.apache.spark.SparkException: Exception thrown in awaitResult:
[2026-08-12T21:20:37.327+0000] {subprocess.py:93} INFO - 	at org.apache.spark.util.SparkThreadUtils$.awaitResult(SparkThreadUtils.scala:56)
[2026-08-12T21:20:37.332+0000] {subprocess.py:93} INFO - 	at org.apache.spark.util.ThreadUtils$.awaitResult(ThreadUtils.scala:310)
[2026-08-12T21:20:37.348+0000] {subprocess.py:93} INFO - 	at org.apache.spark.rpc.RpcTimeout.awaitResult(RpcTimeout.scala:75)
[2026-08-12T21:20:37.374+0000] {subprocess.py:93} INFO - 	at org.apache.spark.rpc.RpcEndpointRef.askSync(RpcEndpointRef.scala:101)
[2026-08-12T21:20:37.410+0000] {subprocess.py:93} INFO - 	at org.apache.spark.rpc.RpcEndpointRef.askSync(RpcEndpointRef.scala:85)
[2026-08-12T21:20:37.419+0000] {subprocess.py:93} INFO - 	at org.apache.spark.storage.BlockManagerMaster.registerBlockManager(BlockManagerMaster.scala:80)
[2026-08-12T21:20:37.478+0000] {subprocess.py:93} INFO - 	at org.apache.spark.storage.BlockManager.reregister(BlockManager.scala:642)
[2026-08-12T21:20:37.486+0000] {subprocess.py:93} INFO - 	at org.apache.spark.executor.Executor.reportHeartBeat(Executor.scala:1223)
[2026-08-12T21:20:37.687+0000] {subprocess.py:93} INFO - 	at org.apache.spark.executor.Executor.$anonfun$heartbeater$1(Executor.scala:295)
[2026-08-12T21:20:37.697+0000] {subprocess.py:93} INFO - 	at scala.runtime.java8.JFunction0$mcV$sp.apply(JFunction0$mcV$sp.java:23)
[2026-08-12T21:20:37.722+0000] {subprocess.py:93} INFO - 	at org.apache.spark.util.Utils$.logUncaughtExceptions(Utils.scala:1928)
[2026-08-12T21:20:37.785+0000] {subprocess.py:93} INFO - 	at org.apache.spark.Heartbeater$$anon$1.run(Heartbeater.scala:46)
[2026-08-12T21:20:37.846+0000] {subprocess.py:93} INFO - 	at java.base/java.util.concurrent.Executors$RunnableAdapter.call(Executors.java:539)
[2026-08-12T21:20:37.862+0000] {subprocess.py:93} INFO - 	at java.base/java.util.concurrent.FutureTask.runAndReset(FutureTask.java:305)
[2026-08-12T21:20:38.083+0000] {subprocess.py:93} INFO - 	at java.base/java.util.concurrent.ScheduledThreadPoolExecutor$ScheduledFutureTask.run(ScheduledThreadPoolExecutor.java:305)
[2026-08-12T21:20:38.105+0000] {subprocess.py:93} INFO - 	at java.base/java.util.concurrent.ThreadPoolExecutor.runWorker(ThreadPoolExecutor.java:1136)
[2026-08-12T21:20:38.230+0000] {subprocess.py:93} INFO - 	at java.base/java.util.concurrent.ThreadPoolExecutor$Worker.run(ThreadPoolExecutor.java:635)
[2026-08-12T21:20:38.326+0000] {subprocess.py:93} INFO - 	at java.base/java.lang.Thread.run(Thread.java:840)
[2026-08-12T21:20:38.328+0000] {subprocess.py:93} INFO - Caused by: org.apache.spark.SparkException: Exception thrown in awaitResult:
[2026-08-12T21:20:38.330+0000] {subprocess.py:93} INFO - 	at org.apache.spark.util.SparkThreadUtils$.awaitResult(SparkThreadUtils.scala:56)
[2026-08-12T21:20:38.381+0000] {subprocess.py:93} INFO - 	at org.apache.spark.util.ThreadUtils$.awaitResult(ThreadUtils.scala:310)
[2026-08-12T21:20:38.498+0000] {subprocess.py:93} INFO - 	at org.apache.spark.rpc.RpcTimeout.awaitResult(RpcTimeout.scala:75)
[2026-08-12T21:20:38.566+0000] {subprocess.py:93} INFO - 	at org.apache.spark.rpc.RpcEnv.setupEndpointRefByURI(RpcEnv.scala:102)
[2026-08-12T21:20:38.720+0000] {subprocess.py:93} INFO - 	at org.apache.spark.rpc.RpcEnv.setupEndpointRef(RpcEnv.scala:110)
[2026-08-12T21:20:38.746+0000] {subprocess.py:93} INFO - 	at org.apache.spark.util.RpcUtils$.makeDriverRef(RpcUtils.scala:36)
[2026-08-12T21:20:38.774+0000] {subprocess.py:93} INFO - 	at org.apache.spark.storage.BlockManagerMasterEndpoint.driverEndpoint$lzycompute(BlockManagerMasterEndpoint.scala:124)
[2026-08-12T21:20:38.789+0000] {subprocess.py:93} INFO - 	at org.apache.spark.storage.BlockManagerMasterEndpoint.org$apache$spark$storage$BlockManagerMasterEndpoint$$driverEndpoint(BlockManagerMasterEndpoint.scala:123)
[2026-08-12T21:20:38.821+0000] {subprocess.py:93} INFO - 	at org.apache.spark.storage.BlockManagerMasterEndpoint.isExecutorAlive$lzycompute$1(BlockManagerMasterEndpoint.scala:688)
[2026-08-12T21:20:38.859+0000] {subprocess.py:93} INFO - 	at org.apache.spark.storage.BlockManagerMasterEndpoint.isExecutorAlive$1(BlockManagerMasterEndpoint.scala:687)
[2026-08-12T21:20:38.902+0000] {subprocess.py:93} INFO - 	at org.apache.spark.storage.BlockManagerMasterEndpoint.org$apache$spark$storage$BlockManagerMasterEndpoint$$register(BlockManagerMasterEndpoint.scala:725)
[2026-08-12T21:20:38.979+0000] {subprocess.py:93} INFO - 	at org.apache.spark.storage.BlockManagerMasterEndpoint$$anonfun$receiveAndReply$1.applyOrElse(BlockManagerMasterEndpoint.scala:133)
[2026-08-12T21:20:39.016+0000] {subprocess.py:93} INFO - 	at org.apache.spark.rpc.netty.Inbox.$anonfun$process$1(Inbox.scala:103)
[2026-08-12T21:20:39.074+0000] {subprocess.py:93} INFO - 	at org.apache.spark.rpc.netty.Inbox.safelyCall(Inbox.scala:213)
[2026-08-12T21:20:39.092+0000] {subprocess.py:93} INFO - 	at org.apache.spark.rpc.netty.Inbox.process(Inbox.scala:100)
[2026-08-12T21:20:39.135+0000] {job.py:229} INFO - Heartbeat recovered after 166.37 seconds
[2026-08-12T21:20:39.155+0000] {subprocess.py:93} INFO - 	at org.apache.spark.rpc.netty.MessageLoop.org$apache$spark$rpc$netty$MessageLoop$$receiveLoop(MessageLoop.scala:75)
[2026-08-12T21:20:39.216+0000] {subprocess.py:93} INFO - 	at org.apache.spark.rpc.netty.MessageLoop$$anon$1.run(MessageLoop.scala:41)
[2026-08-12T21:20:39.326+0000] {subprocess.py:93} INFO - 	... 3 more
[2026-08-12T21:20:39.432+0000] {subprocess.py:93} INFO - Caused by: org.apache.spark.rpc.RpcEndpointNotFoundException: Cannot find endpoint: spark://CoarseGrainedScheduler@4099a95615c9:36011
[2026-08-12T21:20:39.503+0000] {subprocess.py:93} INFO - 	at org.apache.spark.rpc.netty.NettyRpcEnv.$anonfun$asyncSetupEndpointRefByURI$1(NettyRpcEnv.scala:148)
[2026-08-12T21:20:39.564+0000] {subprocess.py:93} INFO - 	at org.apache.spark.rpc.netty.NettyRpcEnv.$anonfun$asyncSetupEndpointRefByURI$1$adapted(NettyRpcEnv.scala:144)
[2026-08-12T21:20:39.585+0000] {subprocess.py:93} INFO - 	at scala.concurrent.Future.$anonfun$flatMap$1(Future.scala:307)
[2026-08-12T21:20:39.606+0000] {subprocess.py:93} INFO - 	at scala.concurrent.impl.Promise.$anonfun$transformWith$1(Promise.scala:41)
[2026-08-12T21:20:39.654+0000] {subprocess.py:93} INFO - 	at scala.concurrent.impl.CallbackRunnable.run(Promise.scala:64)
[2026-08-12T21:20:39.680+0000] {subprocess.py:93} INFO - 	at org.apache.spark.util.ThreadUtils$$anon$1.execute(ThreadUtils.scala:99)
[2026-08-12T21:20:39.965+0000] {subprocess.py:93} INFO - 	at scala.concurrent.impl.ExecutionContextImpl$$anon$4.execute(ExecutionContextImpl.scala:138)
[2026-08-12T21:20:39.996+0000] {subprocess.py:93} INFO - 	at scala.concurrent.impl.CallbackRunnable.executeWithValue(Promise.scala:72)
[2026-08-12T21:20:39.999+0000] {subprocess.py:93} INFO - 	at scala.concurrent.impl.Promise$DefaultPromise.$anonfun$tryComplete$1(Promise.scala:288)
[2026-08-12T21:20:40.003+0000] {subprocess.py:93} INFO - 	at scala.concurrent.impl.Promise$DefaultPromise.$anonfun$tryComplete$1$adapted(Promise.scala:288)
[2026-08-12T21:20:40.065+0000] {subprocess.py:93} INFO - 	at scala.concurrent.impl.Promise$DefaultPromise.tryComplete(Promise.scala:288)
[2026-08-12T21:20:40.119+0000] {subprocess.py:93} INFO - 	at scala.concurrent.Promise.complete(Promise.scala:53)
[2026-08-12T21:20:40.140+0000] {subprocess.py:93} INFO - 	at scala.concurrent.Promise.complete$(Promise.scala:52)
[2026-08-12T21:20:40.156+0000] {subprocess.py:93} INFO - 	at scala.concurrent.impl.Promise$DefaultPromise.complete(Promise.scala:187)
[2026-08-12T21:20:40.164+0000] {subprocess.py:93} INFO - 	at scala.concurrent.impl.Promise.$anonfun$transform$1(Promise.scala:33)
[2026-08-12T21:20:40.203+0000] {subprocess.py:93} INFO - 	at scala.concurrent.impl.CallbackRunnable.run(Promise.scala:64)
[2026-08-12T21:20:40.280+0000] {subprocess.py:93} INFO - 	at org.apache.spark.util.ThreadUtils$$anon$1.execute(ThreadUtils.scala:99)
[2026-08-12T21:20:40.284+0000] {subprocess.py:93} INFO - 	at scala.concurrent.impl.ExecutionContextImpl$$anon$4.execute(ExecutionContextImpl.scala:138)
[2026-08-12T21:20:40.347+0000] {subprocess.py:93} INFO - 	at scala.concurrent.impl.CallbackRunnable.executeWithValue(Promise.scala:72)
[2026-08-12T21:20:40.546+0000] {subprocess.py:93} INFO - 	at scala.concurrent.impl.Promise$DefaultPromise.$anonfun$tryComplete$1(Promise.scala:288)
[2026-08-12T21:20:40.621+0000] {subprocess.py:93} INFO - 	at scala.concurrent.impl.Promise$DefaultPromise.$anonfun$tryComplete$1$adapted(Promise.scala:288)
[2026-08-12T21:20:40.691+0000] {subprocess.py:93} INFO - 	at scala.concurrent.impl.Promise$DefaultPromise.tryComplete(Promise.scala:288)
[2026-08-12T21:20:40.695+0000] {subprocess.py:93} INFO - 	at scala.concurrent.Promise.complete(Promise.scala:53)
[2026-08-12T21:20:40.708+0000] {subprocess.py:93} INFO - 	at scala.concurrent.Promise.complete$(Promise.scala:52)
[2026-08-12T21:20:40.747+0000] {subprocess.py:93} INFO - 	at scala.concurrent.impl.Promise$DefaultPromise.complete(Promise.scala:187)
[2026-08-12T21:20:40.750+0000] {subprocess.py:93} INFO - 	at scala.concurrent.impl.Promise.$anonfun$transform$1(Promise.scala:33)
[2026-08-12T21:20:40.756+0000] {subprocess.py:93} INFO - 	at scala.concurrent.impl.CallbackRunnable.run(Promise.scala:64)
[2026-08-12T21:20:40.770+0000] {subprocess.py:93} INFO - 	at scala.concurrent.BatchingExecutor$Batch.processBatch$1(BatchingExecutor.scala:67)
[2026-08-12T21:20:40.775+0000] {subprocess.py:93} INFO - 	at scala.concurrent.BatchingExecutor$Batch.$anonfun$run$1(BatchingExecutor.scala:82)
[2026-08-12T21:20:40.781+0000] {subprocess.py:93} INFO - 	at scala.runtime.java8.JFunction0$mcV$sp.apply(JFunction0$mcV$sp.java:23)
[2026-08-12T21:20:40.788+0000] {subprocess.py:93} INFO - 	at scala.concurrent.BlockContext$.withBlockContext(BlockContext.scala:85)
[2026-08-12T21:20:40.792+0000] {subprocess.py:93} INFO - 	at scala.concurrent.BatchingExecutor$Batch.run(BatchingExecutor.scala:59)
[2026-08-12T21:20:40.822+0000] {subprocess.py:93} INFO - 	at scala.concurrent.Future$InternalCallbackExecutor$.unbatchedExecute(Future.scala:875)
[2026-08-12T21:20:40.838+0000] {subprocess.py:93} INFO - 	at scala.concurrent.BatchingExecutor.execute(BatchingExecutor.scala:110)
[2026-08-12T21:20:40.863+0000] {subprocess.py:93} INFO - 	at scala.concurrent.BatchingExecutor.execute$(BatchingExecutor.scala:107)
[2026-08-12T21:20:40.880+0000] {subprocess.py:93} INFO - 	at scala.concurrent.Future$InternalCallbackExecutor$.execute(Future.scala:873)
[2026-08-12T21:20:41.002+0000] {subprocess.py:93} INFO - 	at scala.concurrent.impl.CallbackRunnable.executeWithValue(Promise.scala:72)
[2026-08-12T21:20:41.021+0000] {subprocess.py:93} INFO - 	at scala.concurrent.impl.Promise$DefaultPromise.$anonfun$tryComplete$1(Promise.scala:288)
[2026-08-12T21:20:41.071+0000] {subprocess.py:93} INFO - 	at scala.concurrent.impl.Promise$DefaultPromise.$anonfun$tryComplete$1$adapted(Promise.scala:288)
[2026-08-12T21:20:41.089+0000] {subprocess.py:93} INFO - 	at scala.concurrent.impl.Promise$DefaultPromise.tryComplete(Promise.scala:288)
[2026-08-12T21:20:41.528+0000] {subprocess.py:93} INFO - 	at scala.concurrent.Promise.trySuccess(Promise.scala:94)
[2026-08-12T21:20:41.652+0000] {subprocess.py:93} INFO - 	at scala.concurrent.Promise.trySuccess$(Promise.scala:94)
[2026-08-12T21:20:42.190+0000] {subprocess.py:93} INFO - 	at scala.concurrent.impl.Promise$DefaultPromise.trySuccess(Promise.scala:187)
[2026-08-12T21:20:42.226+0000] {subprocess.py:93} INFO - 	at org.apache.spark.rpc.netty.NettyRpcEnv.onSuccess$1(NettyRpcEnv.scala:225)
[2026-08-12T21:20:42.277+0000] {subprocess.py:93} INFO - 	at org.apache.spark.rpc.netty.NettyRpcEnv.$anonfun$askAbortable$5(NettyRpcEnv.scala:239)
[2026-08-12T21:20:42.299+0000] {subprocess.py:93} INFO - 	at org.apache.spark.rpc.netty.NettyRpcEnv.$anonfun$askAbortable$5$adapted(NettyRpcEnv.scala:238)
[2026-08-12T21:20:42.489+0000] {subprocess.py:93} INFO - 	at scala.concurrent.impl.CallbackRunnable.run(Promise.scala:64)
[2026-08-12T21:20:42.642+0000] {subprocess.py:93} INFO - 	at org.apache.spark.util.ThreadUtils$$anon$1.execute(ThreadUtils.scala:99)
[2026-08-12T21:20:42.730+0000] {subprocess.py:93} INFO - 	at scala.concurrent.impl.ExecutionContextImpl$$anon$4.execute(ExecutionContextImpl.scala:138)
[2026-08-12T21:20:42.771+0000] {subprocess.py:93} INFO - 	at scala.concurrent.impl.CallbackRunnable.executeWithValue(Promise.scala:72)
[2026-08-12T21:20:42.778+0000] {subprocess.py:93} INFO - 	at scala.concurrent.impl.Promise$DefaultPromise.$anonfun$tryComplete$1(Promise.scala:288)
[2026-08-12T21:20:42.825+0000] {subprocess.py:93} INFO - 	at scala.concurrent.impl.Promise$DefaultPromise.$anonfun$tryComplete$1$adapted(Promise.scala:288)
[2026-08-12T21:20:43.085+0000] {subprocess.py:93} INFO - 	at scala.concurrent.impl.Promise$DefaultPromise.tryComplete(Promise.scala:288)
[2026-08-12T21:20:43.090+0000] {subprocess.py:93} INFO - 	at scala.concurrent.Promise.complete(Promise.scala:53)
[2026-08-12T21:20:43.103+0000] {subprocess.py:93} INFO - 	at scala.concurrent.Promise.complete$(Promise.scala:52)
[2026-08-12T21:20:43.106+0000] {subprocess.py:93} INFO - 	at scala.concurrent.impl.Promise$DefaultPromise.complete(Promise.scala:187)
[2026-08-12T21:20:43.109+0000] {subprocess.py:93} INFO - 	at scala.concurrent.Promise.success(Promise.scala:86)
[2026-08-12T21:20:43.116+0000] {subprocess.py:93} INFO - 	at scala.concurrent.Promise.success$(Promise.scala:86)
[2026-08-12T21:20:43.489+0000] {subprocess.py:93} INFO - 	at scala.concurrent.impl.Promise$DefaultPromise.success(Promise.scala:187)
[2026-08-12T21:20:43.520+0000] {subprocess.py:93} INFO - 	at org.apache.spark.rpc.netty.LocalNettyRpcCallContext.send(NettyRpcCallContext.scala:50)
[2026-08-12T21:20:43.551+0000] {subprocess.py:93} INFO - 	at org.apache.spark.rpc.netty.NettyRpcCallContext.reply(NettyRpcCallContext.scala:32)
[2026-08-12T21:20:43.579+0000] {subprocess.py:93} INFO - 	at org.apache.spark.rpc.netty.RpcEndpointVerifier$$anonfun$receiveAndReply$1.applyOrElse(RpcEndpointVerifier.scala:31)
[2026-08-12T21:20:43.908+0000] {subprocess.py:93} INFO - 	... 8 more
[2026-08-12T21:20:43.916+0000] {subprocess.py:93} INFO - 26/08/12 21:17:45 ERROR Inbox: Ignoring error
[2026-08-12T21:20:43.951+0000] {subprocess.py:93} INFO - org.apache.spark.SparkException: Exception thrown in awaitResult:
[2026-08-12T21:20:43.971+0000] {subprocess.py:93} INFO - 	at org.apache.spark.util.SparkThreadUtils$.awaitResult(SparkThreadUtils.scala:56)
[2026-08-12T21:20:43.976+0000] {subprocess.py:93} INFO - 	at org.apache.spark.util.ThreadUtils$.awaitResult(ThreadUtils.scala:310)
[2026-08-12T21:20:43.992+0000] {subprocess.py:93} INFO - 	at org.apache.spark.rpc.RpcTimeout.awaitResult(RpcTimeout.scala:75)
[2026-08-12T21:20:44.000+0000] {subprocess.py:93} INFO - 	at org.apache.spark.rpc.RpcEnv.setupEndpointRefByURI(RpcEnv.scala:102)
[2026-08-12T21:20:44.028+0000] {subprocess.py:93} INFO - 	at org.apache.spark.rpc.RpcEnv.setupEndpointRef(RpcEnv.scala:110)
[2026-08-12T21:20:44.062+0000] {subprocess.py:93} INFO - 	at org.apache.spark.util.RpcUtils$.makeDriverRef(RpcUtils.scala:36)
[2026-08-12T21:20:44.068+0000] {subprocess.py:93} INFO - 	at org.apache.spark.storage.BlockManagerMasterEndpoint.driverEndpoint$lzycompute(BlockManagerMasterEndpoint.scala:124)
[2026-08-12T21:20:44.118+0000] {subprocess.py:93} INFO - 	at org.apache.spark.storage.BlockManagerMasterEndpoint.org$apache$spark$storage$BlockManagerMasterEndpoint$$driverEndpoint(BlockManagerMasterEndpoint.scala:123)
[2026-08-12T21:20:44.180+0000] {subprocess.py:93} INFO - 	at org.apache.spark.storage.BlockManagerMasterEndpoint.isExecutorAlive$lzycompute$1(BlockManagerMasterEndpoint.scala:688)
[2026-08-12T21:20:44.187+0000] {subprocess.py:93} INFO - 	at org.apache.spark.storage.BlockManagerMasterEndpoint.isExecutorAlive$1(BlockManagerMasterEndpoint.scala:687)
[2026-08-12T21:20:44.198+0000] {subprocess.py:93} INFO - 	at org.apache.spark.storage.BlockManagerMasterEndpoint.org$apache$spark$storage$BlockManagerMasterEndpoint$$register(BlockManagerMasterEndpoint.scala:725)
[2026-08-12T21:20:44.227+0000] {subprocess.py:93} INFO - 	at org.apache.spark.storage.BlockManagerMasterEndpoint$$anonfun$receiveAndReply$1.applyOrElse(BlockManagerMasterEndpoint.scala:133)
[2026-08-12T21:20:44.230+0000] {subprocess.py:93} INFO - 	at org.apache.spark.rpc.netty.Inbox.$anonfun$process$1(Inbox.scala:103)
[2026-08-12T21:20:44.240+0000] {subprocess.py:93} INFO - 	at org.apache.spark.rpc.netty.Inbox.safelyCall(Inbox.scala:213)
[2026-08-12T21:20:44.252+0000] {subprocess.py:93} INFO - 	at org.apache.spark.rpc.netty.Inbox.process(Inbox.scala:100)
[2026-08-12T21:20:44.268+0000] {subprocess.py:93} INFO - 	at org.apache.spark.rpc.netty.MessageLoop.org$apache$spark$rpc$netty$MessageLoop$$receiveLoop(MessageLoop.scala:75)
[2026-08-12T21:20:44.283+0000] {subprocess.py:93} INFO - 	at org.apache.spark.rpc.netty.MessageLoop$$anon$1.run(MessageLoop.scala:41)
[2026-08-12T21:20:44.299+0000] {subprocess.py:93} INFO - 	at java.base/java.util.concurrent.ThreadPoolExecutor.runWorker(ThreadPoolExecutor.java:1136)
[2026-08-12T21:20:44.347+0000] {subprocess.py:93} INFO - 	at java.base/java.util.concurrent.ThreadPoolExecutor$Worker.run(ThreadPoolExecutor.java:635)
[2026-08-12T21:20:44.369+0000] {subprocess.py:93} INFO - 	at java.base/java.lang.Thread.run(Thread.java:840)
[2026-08-12T21:20:44.382+0000] {subprocess.py:93} INFO - Caused by: org.apache.spark.rpc.RpcEndpointNotFoundException: Cannot find endpoint: spark://CoarseGrainedScheduler@4099a95615c9:36011
[2026-08-12T21:20:44.390+0000] {subprocess.py:93} INFO - 	at org.apache.spark.rpc.netty.NettyRpcEnv.$anonfun$asyncSetupEndpointRefByURI$1(NettyRpcEnv.scala:148)
[2026-08-12T21:20:44.399+0000] {subprocess.py:93} INFO - 	at org.apache.spark.rpc.netty.NettyRpcEnv.$anonfun$asyncSetupEndpointRefByURI$1$adapted(NettyRpcEnv.scala:144)
[2026-08-12T21:20:44.428+0000] {subprocess.py:93} INFO - 	at scala.concurrent.Future.$anonfun$flatMap$1(Future.scala:307)
[2026-08-12T21:20:44.447+0000] {subprocess.py:93} INFO - 	at scala.concurrent.impl.Promise.$anonfun$transformWith$1(Promise.scala:41)
[2026-08-12T21:20:44.465+0000] {subprocess.py:93} INFO - 	at scala.concurrent.impl.CallbackRunnable.run(Promise.scala:64)
[2026-08-12T21:20:44.475+0000] {subprocess.py:93} INFO - 	at org.apache.spark.util.ThreadUtils$$anon$1.execute(ThreadUtils.scala:99)
[2026-08-12T21:20:44.480+0000] {subprocess.py:93} INFO - 	at scala.concurrent.impl.ExecutionContextImpl$$anon$4.execute(ExecutionContextImpl.scala:138)
[2026-08-12T21:20:44.498+0000] {subprocess.py:93} INFO - 	at scala.concurrent.impl.CallbackRunnable.executeWithValue(Promise.scala:72)
[2026-08-12T21:20:44.507+0000] {subprocess.py:93} INFO - 	at scala.concurrent.impl.Promise$DefaultPromise.dispatchOrAddCallback(Promise.scala:316)
[2026-08-12T21:20:44.537+0000] {subprocess.py:93} INFO - 	at scala.concurrent.impl.Promise$DefaultPromise.onComplete(Promise.scala:307)
[2026-08-12T21:20:44.597+0000] {subprocess.py:93} INFO - 	at scala.concurrent.impl.Promise.transformWith(Promise.scala:40)
[2026-08-12T21:20:44.671+0000] {subprocess.py:93} INFO - 	at scala.concurrent.impl.Promise.transformWith$(Promise.scala:38)
[2026-08-12T21:20:44.800+0000] {subprocess.py:93} INFO - 	at scala.concurrent.impl.Promise$DefaultPromise.transformWith(Promise.scala:187)
[2026-08-12T21:20:44.842+0000] {subprocess.py:93} INFO - 	at scala.concurrent.Future.flatMap(Future.scala:306)
[2026-08-12T21:20:44.864+0000] {subprocess.py:93} INFO - 	at scala.concurrent.Future.flatMap$(Future.scala:306)
[2026-08-12T21:20:44.875+0000] {subprocess.py:93} INFO - 	at scala.concurrent.impl.Promise$DefaultPromise.flatMap(Promise.scala:187)
[2026-08-12T21:20:44.890+0000] {subprocess.py:93} INFO - 	at org.apache.spark.rpc.netty.NettyRpcEnv.asyncSetupEndpointRefByURI(NettyRpcEnv.scala:150)
[2026-08-12T21:20:44.923+0000] {subprocess.py:93} INFO - 	... 17 more
[2026-08-12T21:20:45.054+0000] {subprocess.py:93} INFO - 26/08/12 21:17:45 WARN Executor: Issue communicating with driver in heartbeater
[2026-08-12T21:20:45.063+0000] {subprocess.py:93} INFO - org.apache.spark.SparkException: Exception thrown in awaitResult:
[2026-08-12T21:20:45.073+0000] {subprocess.py:93} INFO - 	at org.apache.spark.util.SparkThreadUtils$.awaitResult(SparkThreadUtils.scala:56)
[2026-08-12T21:20:45.107+0000] {subprocess.py:93} INFO - 	at org.apache.spark.util.ThreadUtils$.awaitResult(ThreadUtils.scala:310)
[2026-08-12T21:20:45.123+0000] {subprocess.py:93} INFO - 	at org.apache.spark.rpc.RpcTimeout.awaitResult(RpcTimeout.scala:75)
[2026-08-12T21:20:45.174+0000] {subprocess.py:93} INFO - 	at org.apache.spark.rpc.RpcEndpointRef.askSync(RpcEndpointRef.scala:101)
[2026-08-12T21:20:45.203+0000] {subprocess.py:93} INFO - 	at org.apache.spark.rpc.RpcEndpointRef.askSync(RpcEndpointRef.scala:85)
[2026-08-12T21:20:45.214+0000] {subprocess.py:93} INFO - 	at org.apache.spark.storage.BlockManagerMaster.registerBlockManager(BlockManagerMaster.scala:80)
[2026-08-12T21:20:45.221+0000] {subprocess.py:93} INFO - 	at org.apache.spark.storage.BlockManager.reregister(BlockManager.scala:642)
[2026-08-12T21:20:45.223+0000] {subprocess.py:93} INFO - 	at org.apache.spark.executor.Executor.reportHeartBeat(Executor.scala:1223)
[2026-08-12T21:20:45.225+0000] {subprocess.py:93} INFO - 	at org.apache.spark.executor.Executor.$anonfun$heartbeater$1(Executor.scala:295)
[2026-08-12T21:20:45.239+0000] {subprocess.py:93} INFO - 	at scala.runtime.java8.JFunction0$mcV$sp.apply(JFunction0$mcV$sp.java:23)
[2026-08-12T21:20:45.255+0000] {subprocess.py:93} INFO - 	at org.apache.spark.util.Utils$.logUncaughtExceptions(Utils.scala:1928)
[2026-08-12T21:20:45.258+0000] {subprocess.py:93} INFO - 	at org.apache.spark.Heartbeater$$anon$1.run(Heartbeater.scala:46)
[2026-08-12T21:20:45.263+0000] {subprocess.py:93} INFO - 	at java.base/java.util.concurrent.Executors$RunnableAdapter.call(Executors.java:539)
[2026-08-12T21:20:45.265+0000] {subprocess.py:93} INFO - 	at java.base/java.util.concurrent.FutureTask.runAndReset(FutureTask.java:305)
[2026-08-12T21:20:45.268+0000] {subprocess.py:93} INFO - 	at java.base/java.util.concurrent.ScheduledThreadPoolExecutor$ScheduledFutureTask.run(ScheduledThreadPoolExecutor.java:305)
[2026-08-12T21:20:45.274+0000] {subprocess.py:93} INFO - 	at java.base/java.util.concurrent.ThreadPoolExecutor.runWorker(ThreadPoolExecutor.java:1136)
[2026-08-12T21:20:45.286+0000] {subprocess.py:93} INFO - 	at java.base/java.util.concurrent.ThreadPoolExecutor$Worker.run(ThreadPoolExecutor.java:635)
[2026-08-12T21:20:45.319+0000] {subprocess.py:93} INFO - 	at java.base/java.lang.Thread.run(Thread.java:840)
[2026-08-12T21:20:45.335+0000] {subprocess.py:93} INFO - Caused by: org.apache.spark.SparkException: Exception thrown in awaitResult:
[2026-08-12T21:20:45.371+0000] {subprocess.py:93} INFO - 	at org.apache.spark.util.SparkThreadUtils$.awaitResult(SparkThreadUtils.scala:56)
[2026-08-12T21:20:45.386+0000] {subprocess.py:93} INFO - 	at org.apache.spark.util.ThreadUtils$.awaitResult(ThreadUtils.scala:310)
[2026-08-12T21:20:45.398+0000] {subprocess.py:93} INFO - 	at org.apache.spark.rpc.RpcTimeout.awaitResult(RpcTimeout.scala:75)
[2026-08-12T21:20:45.423+0000] {subprocess.py:93} INFO - 	at org.apache.spark.rpc.RpcEnv.setupEndpointRefByURI(RpcEnv.scala:102)
[2026-08-12T21:20:45.439+0000] {subprocess.py:93} INFO - 	at org.apache.spark.rpc.RpcEnv.setupEndpointRef(RpcEnv.scala:110)
[2026-08-12T21:20:45.488+0000] {subprocess.py:93} INFO - 	at org.apache.spark.util.RpcUtils$.makeDriverRef(RpcUtils.scala:36)
[2026-08-12T21:20:45.531+0000] {subprocess.py:93} INFO - 	at org.apache.spark.storage.BlockManagerMasterEndpoint.driverEndpoint$lzycompute(BlockManagerMasterEndpoint.scala:124)
[2026-08-12T21:20:45.607+0000] {subprocess.py:93} INFO - 	at org.apache.spark.storage.BlockManagerMasterEndpoint.org$apache$spark$storage$BlockManagerMasterEndpoint$$driverEndpoint(BlockManagerMasterEndpoint.scala:123)
[2026-08-12T21:20:45.667+0000] {subprocess.py:93} INFO - 	at org.apache.spark.storage.BlockManagerMasterEndpoint.isExecutorAlive$lzycompute$1(BlockManagerMasterEndpoint.scala:688)
[2026-08-12T21:20:45.704+0000] {subprocess.py:93} INFO - 	at org.apache.spark.storage.BlockManagerMasterEndpoint.isExecutorAlive$1(BlockManagerMasterEndpoint.scala:687)
[2026-08-12T21:20:45.733+0000] {subprocess.py:93} INFO - 	at org.apache.spark.storage.BlockManagerMasterEndpoint.org$apache$spark$storage$BlockManagerMasterEndpoint$$register(BlockManagerMasterEndpoint.scala:725)
[2026-08-12T21:20:45.839+0000] {subprocess.py:93} INFO - 	at org.apache.spark.storage.BlockManagerMasterEndpoint$$anonfun$receiveAndReply$1.applyOrElse(BlockManagerMasterEndpoint.scala:133)
[2026-08-12T21:20:45.855+0000] {subprocess.py:93} INFO - 	at org.apache.spark.rpc.netty.Inbox.$anonfun$process$1(Inbox.scala:103)
[2026-08-12T21:20:45.932+0000] {subprocess.py:93} INFO - 	at org.apache.spark.rpc.netty.Inbox.safelyCall(Inbox.scala:213)
[2026-08-12T21:20:45.997+0000] {subprocess.py:93} INFO - 	at org.apache.spark.rpc.netty.Inbox.process(Inbox.scala:100)
[2026-08-12T21:20:46.013+0000] {subprocess.py:93} INFO - 	at org.apache.spark.rpc.netty.MessageLoop.org$apache$spark$rpc$netty$MessageLoop$$receiveLoop(MessageLoop.scala:75)
[2026-08-12T21:20:46.022+0000] {subprocess.py:93} INFO - 	at org.apache.spark.rpc.netty.MessageLoop$$anon$1.run(MessageLoop.scala:41)
[2026-08-12T21:20:46.250+0000] {subprocess.py:93} INFO - 	... 3 more
[2026-08-12T21:20:46.293+0000] {subprocess.py:93} INFO - Caused by: org.apache.spark.rpc.RpcEndpointNotFoundException: Cannot find endpoint: spark://CoarseGrainedScheduler@4099a95615c9:36011
[2026-08-12T21:20:46.313+0000] {subprocess.py:93} INFO - 	at org.apache.spark.rpc.netty.NettyRpcEnv.$anonfun$asyncSetupEndpointRefByURI$1(NettyRpcEnv.scala:148)
[2026-08-12T21:20:46.428+0000] {subprocess.py:93} INFO - 	at org.apache.spark.rpc.netty.NettyRpcEnv.$anonfun$asyncSetupEndpointRefByURI$1$adapted(NettyRpcEnv.scala:144)
[2026-08-12T21:20:46.444+0000] {subprocess.py:93} INFO - 	at scala.concurrent.Future.$anonfun$flatMap$1(Future.scala:307)
[2026-08-12T21:20:46.459+0000] {subprocess.py:93} INFO - 	at scala.concurrent.impl.Promise.$anonfun$transformWith$1(Promise.scala:41)
[2026-08-12T21:20:46.493+0000] {subprocess.py:93} INFO - 	at scala.concurrent.impl.CallbackRunnable.run(Promise.scala:64)
[2026-08-12T21:20:46.514+0000] {subprocess.py:93} INFO - 	at org.apache.spark.util.ThreadUtils$$anon$1.execute(ThreadUtils.scala:99)
[2026-08-12T21:20:46.518+0000] {subprocess.py:93} INFO - 	at scala.concurrent.impl.ExecutionContextImpl$$anon$4.execute(ExecutionContextImpl.scala:138)
[2026-08-12T21:20:46.520+0000] {subprocess.py:93} INFO - 	at scala.concurrent.impl.CallbackRunnable.executeWithValue(Promise.scala:72)
[2026-08-12T21:20:46.524+0000] {subprocess.py:93} INFO - 	at scala.concurrent.impl.Promise$DefaultPromise.dispatchOrAddCallback(Promise.scala:316)
[2026-08-12T21:20:46.577+0000] {subprocess.py:93} INFO - 	at scala.concurrent.impl.Promise$DefaultPromise.onComplete(Promise.scala:307)
[2026-08-12T21:20:46.589+0000] {subprocess.py:93} INFO - 	at scala.concurrent.impl.Promise.transformWith(Promise.scala:40)
[2026-08-12T21:20:46.595+0000] {subprocess.py:93} INFO - 	at scala.concurrent.impl.Promise.transformWith$(Promise.scala:38)
[2026-08-12T21:20:46.629+0000] {subprocess.py:93} INFO - 	at scala.concurrent.impl.Promise$DefaultPromise.transformWith(Promise.scala:187)
[2026-08-12T21:20:46.635+0000] {subprocess.py:93} INFO - 	at scala.concurrent.Future.flatMap(Future.scala:306)
[2026-08-12T21:20:46.661+0000] {subprocess.py:93} INFO - 	at scala.concurrent.Future.flatMap$(Future.scala:306)
[2026-08-12T21:20:46.678+0000] {subprocess.py:93} INFO - 	at scala.concurrent.impl.Promise$DefaultPromise.flatMap(Promise.scala:187)
[2026-08-12T21:20:46.726+0000] {subprocess.py:93} INFO - 	at org.apache.spark.rpc.netty.NettyRpcEnv.asyncSetupEndpointRefByURI(NettyRpcEnv.scala:150)
[2026-08-12T21:20:46.743+0000] {subprocess.py:93} INFO - 	... 17 more
[2026-08-12T21:20:46.756+0000] {subprocess.py:93} INFO - 26/08/12 21:17:45 ERROR Inbox: Ignoring error
[2026-08-12T21:20:46.779+0000] {subprocess.py:93} INFO - org.apache.spark.SparkException: Exception thrown in awaitResult:
[2026-08-12T21:20:46.800+0000] {subprocess.py:93} INFO - 	at org.apache.spark.util.SparkThreadUtils$.awaitResult(SparkThreadUtils.scala:56)
[2026-08-12T21:20:46.836+0000] {subprocess.py:93} INFO - 	at org.apache.spark.util.ThreadUtils$.awaitResult(ThreadUtils.scala:310)
[2026-08-12T21:20:46.880+0000] {subprocess.py:93} INFO - 	at org.apache.spark.rpc.RpcTimeout.awaitResult(RpcTimeout.scala:75)
[2026-08-12T21:20:46.897+0000] {subprocess.py:93} INFO - 	at org.apache.spark.rpc.RpcEnv.setupEndpointRefByURI(RpcEnv.scala:102)
[2026-08-12T21:20:46.979+0000] {subprocess.py:93} INFO - 	at org.apache.spark.rpc.RpcEnv.setupEndpointRef(RpcEnv.scala:110)
[2026-08-12T21:20:47.063+0000] {subprocess.py:93} INFO - 	at org.apache.spark.util.RpcUtils$.makeDriverRef(RpcUtils.scala:36)
[2026-08-12T21:20:47.191+0000] {subprocess.py:93} INFO - 	at org.apache.spark.storage.BlockManagerMasterEndpoint.driverEndpoint$lzycompute(BlockManagerMasterEndpoint.scala:124)
[2026-08-12T21:20:47.218+0000] {subprocess.py:93} INFO - 	at org.apache.spark.storage.BlockManagerMasterEndpoint.org$apache$spark$storage$BlockManagerMasterEndpoint$$driverEndpoint(BlockManagerMasterEndpoint.scala:123)
[2026-08-12T21:20:47.227+0000] {subprocess.py:93} INFO - 	at org.apache.spark.storage.BlockManagerMasterEndpoint.isExecutorAlive$lzycompute$1(BlockManagerMasterEndpoint.scala:688)
[2026-08-12T21:20:47.292+0000] {subprocess.py:93} INFO - 	at org.apache.spark.storage.BlockManagerMasterEndpoint.isExecutorAlive$1(BlockManagerMasterEndpoint.scala:687)
[2026-08-12T21:20:47.324+0000] {subprocess.py:93} INFO - 	at org.apache.spark.storage.BlockManagerMasterEndpoint.org$apache$spark$storage$BlockManagerMasterEndpoint$$register(BlockManagerMasterEndpoint.scala:725)
[2026-08-12T21:20:47.328+0000] {subprocess.py:93} INFO - 	at org.apache.spark.storage.BlockManagerMasterEndpoint$$anonfun$receiveAndReply$1.applyOrElse(BlockManagerMasterEndpoint.scala:133)
[2026-08-12T21:20:47.338+0000] {subprocess.py:93} INFO - 	at org.apache.spark.rpc.netty.Inbox.$anonfun$process$1(Inbox.scala:103)
[2026-08-12T21:20:47.347+0000] {subprocess.py:93} INFO - 	at org.apache.spark.rpc.netty.Inbox.safelyCall(Inbox.scala:213)
[2026-08-12T21:20:47.442+0000] {subprocess.py:93} INFO - 	at org.apache.spark.rpc.netty.Inbox.process(Inbox.scala:100)
[2026-08-12T21:20:47.524+0000] {subprocess.py:93} INFO - 	at org.apache.spark.rpc.netty.MessageLoop.org$apache$spark$rpc$netty$MessageLoop$$receiveLoop(MessageLoop.scala:75)
[2026-08-12T21:20:47.638+0000] {subprocess.py:93} INFO - 	at org.apache.spark.rpc.netty.MessageLoop$$anon$1.run(MessageLoop.scala:41)
[2026-08-12T21:20:47.714+0000] {subprocess.py:93} INFO - 	at java.base/java.util.concurrent.ThreadPoolExecutor.runWorker(ThreadPoolExecutor.java:1136)
[2026-08-12T21:20:47.791+0000] {subprocess.py:93} INFO - 	at java.base/java.util.concurrent.ThreadPoolExecutor$Worker.run(ThreadPoolExecutor.java:635)
[2026-08-12T21:20:47.824+0000] {subprocess.py:93} INFO - 	at java.base/java.lang.Thread.run(Thread.java:840)
[2026-08-12T21:20:47.832+0000] {subprocess.py:93} INFO - Caused by: org.apache.spark.rpc.RpcEndpointNotFoundException: Cannot find endpoint: spark://CoarseGrainedScheduler@4099a95615c9:36011
[2026-08-12T21:20:47.840+0000] {subprocess.py:93} INFO - 	at org.apache.spark.rpc.netty.NettyRpcEnv.$anonfun$asyncSetupEndpointRefByURI$1(NettyRpcEnv.scala:148)
[2026-08-12T21:20:47.851+0000] {subprocess.py:93} INFO - 	at org.apache.spark.rpc.netty.NettyRpcEnv.$anonfun$asyncSetupEndpointRefByURI$1$adapted(NettyRpcEnv.scala:144)
[2026-08-12T21:20:47.856+0000] {subprocess.py:93} INFO - 	at scala.concurrent.Future.$anonfun$flatMap$1(Future.scala:307)
[2026-08-12T21:20:47.870+0000] {subprocess.py:93} INFO - 	at scala.concurrent.impl.Promise.$anonfun$transformWith$1(Promise.scala:41)
[2026-08-12T21:20:47.875+0000] {subprocess.py:93} INFO - 	at scala.concurrent.impl.CallbackRunnable.run(Promise.scala:64)
[2026-08-12T21:20:47.879+0000] {subprocess.py:93} INFO - 	at org.apache.spark.util.ThreadUtils$$anon$1.execute(ThreadUtils.scala:99)
[2026-08-12T21:20:47.897+0000] {subprocess.py:93} INFO - 	at scala.concurrent.impl.ExecutionContextImpl$$anon$4.execute(ExecutionContextImpl.scala:138)
[2026-08-12T21:20:47.908+0000] {subprocess.py:93} INFO - 	at scala.concurrent.impl.CallbackRunnable.executeWithValue(Promise.scala:72)
[2026-08-12T21:20:47.932+0000] {subprocess.py:93} INFO - 	at scala.concurrent.impl.Promise$DefaultPromise.$anonfun$tryComplete$1(Promise.scala:288)
[2026-08-12T21:20:48.016+0000] {subprocess.py:93} INFO - 	at scala.concurrent.impl.Promise$DefaultPromise.$anonfun$tryComplete$1$adapted(Promise.scala:288)
[2026-08-12T21:20:48.033+0000] {subprocess.py:93} INFO - 	at scala.concurrent.impl.Promise$DefaultPromise.tryComplete(Promise.scala:288)
[2026-08-12T21:20:48.151+0000] {subprocess.py:93} INFO - 	at scala.concurrent.Promise.complete(Promise.scala:53)
[2026-08-12T21:20:48.199+0000] {subprocess.py:93} INFO - 	at scala.concurrent.Promise.complete$(Promise.scala:52)
[2026-08-12T21:20:48.353+0000] {subprocess.py:93} INFO - 	at scala.concurrent.impl.Promise$DefaultPromise.complete(Promise.scala:187)
[2026-08-12T21:20:48.401+0000] {subprocess.py:93} INFO - 	at scala.concurrent.impl.Promise.$anonfun$transform$1(Promise.scala:33)
[2026-08-12T21:20:48.414+0000] {subprocess.py:93} INFO - 	at scala.concurrent.impl.CallbackRunnable.run(Promise.scala:64)
[2026-08-12T21:20:48.450+0000] {subprocess.py:93} INFO - 	at org.apache.spark.util.ThreadUtils$$anon$1.execute(ThreadUtils.scala:99)
[2026-08-12T21:20:48.471+0000] {subprocess.py:93} INFO - 	at scala.concurrent.impl.ExecutionContextImpl$$anon$4.execute(ExecutionContextImpl.scala:138)
[2026-08-12T21:20:48.489+0000] {subprocess.py:93} INFO - 	at scala.concurrent.impl.CallbackRunnable.executeWithValue(Promise.scala:72)
[2026-08-12T21:20:48.611+0000] {subprocess.py:93} INFO - 	at scala.concurrent.impl.Promise$DefaultPromise.$anonfun$tryComplete$1(Promise.scala:288)
[2026-08-12T21:20:48.628+0000] {subprocess.py:93} INFO - 	at scala.concurrent.impl.Promise$DefaultPromise.$anonfun$tryComplete$1$adapted(Promise.scala:288)
[2026-08-12T21:20:48.673+0000] {subprocess.py:93} INFO - 	at scala.concurrent.impl.Promise$DefaultPromise.tryComplete(Promise.scala:288)
[2026-08-12T21:20:48.709+0000] {subprocess.py:93} INFO - 	at scala.concurrent.Promise.complete(Promise.scala:53)
[2026-08-12T21:20:48.729+0000] {subprocess.py:93} INFO - 	at scala.concurrent.Promise.complete$(Promise.scala:52)
[2026-08-12T21:20:48.754+0000] {subprocess.py:93} INFO - 	at scala.concurrent.impl.Promise$DefaultPromise.complete(Promise.scala:187)
[2026-08-12T21:20:48.807+0000] {subprocess.py:93} INFO - 	at scala.concurrent.impl.Promise.$anonfun$transform$1(Promise.scala:33)
[2026-08-12T21:20:48.817+0000] {subprocess.py:93} INFO - 	at scala.concurrent.impl.CallbackRunnable.run(Promise.scala:64)
[2026-08-12T21:20:48.920+0000] {subprocess.py:93} INFO - 	at scala.concurrent.BatchingExecutor$Batch.processBatch$1(BatchingExecutor.scala:67)
[2026-08-12T21:20:48.982+0000] {subprocess.py:93} INFO - 	at scala.concurrent.BatchingExecutor$Batch.$anonfun$run$1(BatchingExecutor.scala:82)
[2026-08-12T21:20:49.039+0000] {subprocess.py:93} INFO - 	at scala.runtime.java8.JFunction0$mcV$sp.apply(JFunction0$mcV$sp.java:23)
[2026-08-12T21:20:49.079+0000] {subprocess.py:93} INFO - 	at scala.concurrent.BlockContext$.withBlockContext(BlockContext.scala:85)
[2026-08-12T21:20:49.349+0000] {subprocess.py:93} INFO - 	at scala.concurrent.BatchingExecutor$Batch.run(BatchingExecutor.scala:59)
[2026-08-12T21:20:49.409+0000] {subprocess.py:93} INFO - 	at scala.concurrent.Future$InternalCallbackExecutor$.unbatchedExecute(Future.scala:875)
[2026-08-12T21:20:49.414+0000] {subprocess.py:93} INFO - 	at scala.concurrent.BatchingExecutor.execute(BatchingExecutor.scala:110)
[2026-08-12T21:20:49.418+0000] {subprocess.py:93} INFO - 	at scala.concurrent.BatchingExecutor.execute$(BatchingExecutor.scala:107)
[2026-08-12T21:20:49.471+0000] {subprocess.py:93} INFO - 	at scala.concurrent.Future$InternalCallbackExecutor$.execute(Future.scala:873)
[2026-08-12T21:20:49.668+0000] {subprocess.py:93} INFO - 	at scala.concurrent.impl.CallbackRunnable.executeWithValue(Promise.scala:72)
[2026-08-12T21:20:49.709+0000] {subprocess.py:93} INFO - 	at scala.concurrent.impl.Promise$DefaultPromise.$anonfun$tryComplete$1(Promise.scala:288)
[2026-08-12T21:20:49.765+0000] {subprocess.py:93} INFO - 	at scala.concurrent.impl.Promise$DefaultPromise.$anonfun$tryComplete$1$adapted(Promise.scala:288)
[2026-08-12T21:20:49.777+0000] {subprocess.py:93} INFO - 	at scala.concurrent.impl.Promise$DefaultPromise.tryComplete(Promise.scala:288)
[2026-08-12T21:20:49.782+0000] {subprocess.py:93} INFO - 	at scala.concurrent.Promise.trySuccess(Promise.scala:94)
[2026-08-12T21:20:49.862+0000] {subprocess.py:93} INFO - 	at scala.concurrent.Promise.trySuccess$(Promise.scala:94)
[2026-08-12T21:20:49.872+0000] {subprocess.py:93} INFO - 	at scala.concurrent.impl.Promise$DefaultPromise.trySuccess(Promise.scala:187)
[2026-08-12T21:20:49.947+0000] {subprocess.py:93} INFO - 	at org.apache.spark.rpc.netty.NettyRpcEnv.onSuccess$1(NettyRpcEnv.scala:225)
[2026-08-12T21:20:50.016+0000] {subprocess.py:93} INFO - 	at org.apache.spark.rpc.netty.NettyRpcEnv.$anonfun$askAbortable$5(NettyRpcEnv.scala:239)
[2026-08-12T21:20:50.086+0000] {subprocess.py:93} INFO - 	at org.apache.spark.rpc.netty.NettyRpcEnv.$anonfun$askAbortable$5$adapted(NettyRpcEnv.scala:238)
[2026-08-12T21:20:50.101+0000] {subprocess.py:93} INFO - 	at scala.concurrent.impl.CallbackRunnable.run(Promise.scala:64)
[2026-08-12T21:20:50.120+0000] {subprocess.py:93} INFO - 	at org.apache.spark.util.ThreadUtils$$anon$1.execute(ThreadUtils.scala:99)
[2026-08-12T21:20:50.174+0000] {subprocess.py:93} INFO - 	at scala.concurrent.impl.ExecutionContextImpl$$anon$4.execute(ExecutionContextImpl.scala:138)
[2026-08-12T21:20:50.271+0000] {subprocess.py:93} INFO - 	at scala.concurrent.impl.CallbackRunnable.executeWithValue(Promise.scala:72)
[2026-08-12T21:20:50.307+0000] {subprocess.py:93} INFO - 	at scala.concurrent.impl.Promise$DefaultPromise.$anonfun$tryComplete$1(Promise.scala:288)
[2026-08-12T21:20:50.327+0000] {subprocess.py:93} INFO - 	at scala.concurrent.impl.Promise$DefaultPromise.$anonfun$tryComplete$1$adapted(Promise.scala:288)
[2026-08-12T21:20:50.370+0000] {subprocess.py:93} INFO - 	at scala.concurrent.impl.Promise$DefaultPromise.tryComplete(Promise.scala:288)
[2026-08-12T21:20:50.448+0000] {subprocess.py:93} INFO - 	at scala.concurrent.Promise.complete(Promise.scala:53)
[2026-08-12T21:20:50.469+0000] {subprocess.py:93} INFO - 	at scala.concurrent.Promise.complete$(Promise.scala:52)
[2026-08-12T21:20:50.554+0000] {subprocess.py:93} INFO - 	at scala.concurrent.impl.Promise$DefaultPromise.complete(Promise.scala:187)
[2026-08-12T21:20:50.599+0000] {subprocess.py:93} INFO - 	at scala.concurrent.Promise.success(Promise.scala:86)
[2026-08-12T21:20:50.726+0000] {subprocess.py:93} INFO - 	at scala.concurrent.Promise.success$(Promise.scala:86)
[2026-08-12T21:20:50.744+0000] {subprocess.py:93} INFO - 	at scala.concurrent.impl.Promise$DefaultPromise.success(Promise.scala:187)
[2026-08-12T21:20:50.793+0000] {subprocess.py:93} INFO - 	at org.apache.spark.rpc.netty.LocalNettyRpcCallContext.send(NettyRpcCallContext.scala:50)
[2026-08-12T21:20:50.801+0000] {subprocess.py:93} INFO - 	at org.apache.spark.rpc.netty.NettyRpcCallContext.reply(NettyRpcCallContext.scala:32)
[2026-08-12T21:20:50.936+0000] {subprocess.py:93} INFO - 	at org.apache.spark.rpc.netty.RpcEndpointVerifier$$anonfun$receiveAndReply$1.applyOrElse(RpcEndpointVerifier.scala:31)
[2026-08-12T21:20:50.964+0000] {subprocess.py:93} INFO - 	... 8 more
[2026-08-12T21:20:50.978+0000] {subprocess.py:93} INFO - 26/08/12 21:17:45 WARN Executor: Issue communicating with driver in heartbeater
[2026-08-12T21:20:51.041+0000] {subprocess.py:93} INFO - org.apache.spark.SparkException: Exception thrown in awaitResult:
[2026-08-12T21:20:51.083+0000] {subprocess.py:93} INFO - 	at org.apache.spark.util.SparkThreadUtils$.awaitResult(SparkThreadUtils.scala:56)
[2026-08-12T21:20:51.109+0000] {subprocess.py:93} INFO - 	at org.apache.spark.util.ThreadUtils$.awaitResult(ThreadUtils.scala:310)
[2026-08-12T21:20:51.146+0000] {subprocess.py:93} INFO - 	at org.apache.spark.rpc.RpcTimeout.awaitResult(RpcTimeout.scala:75)
[2026-08-12T21:20:51.182+0000] {subprocess.py:93} INFO - 	at org.apache.spark.rpc.RpcEndpointRef.askSync(RpcEndpointRef.scala:101)
[2026-08-12T21:20:51.196+0000] {subprocess.py:93} INFO - 	at org.apache.spark.rpc.RpcEndpointRef.askSync(RpcEndpointRef.scala:85)
[2026-08-12T21:20:51.329+0000] {subprocess.py:93} INFO - 	at org.apache.spark.storage.BlockManagerMaster.registerBlockManager(BlockManagerMaster.scala:80)
[2026-08-12T21:20:51.373+0000] {subprocess.py:93} INFO - 	at org.apache.spark.storage.BlockManager.reregister(BlockManager.scala:642)
[2026-08-12T21:20:51.392+0000] {subprocess.py:93} INFO - 	at org.apache.spark.executor.Executor.reportHeartBeat(Executor.scala:1223)
[2026-08-12T21:20:51.430+0000] {subprocess.py:93} INFO - 	at org.apache.spark.executor.Executor.$anonfun$heartbeater$1(Executor.scala:295)
[2026-08-12T21:20:51.598+0000] {subprocess.py:93} INFO - 	at scala.runtime.java8.JFunction0$mcV$sp.apply(JFunction0$mcV$sp.java:23)
[2026-08-12T21:20:51.631+0000] {subprocess.py:93} INFO - 	at org.apache.spark.util.Utils$.logUncaughtExceptions(Utils.scala:1928)
[2026-08-12T21:20:51.826+0000] {subprocess.py:93} INFO - 	at org.apache.spark.Heartbeater$$anon$1.run(Heartbeater.scala:46)
[2026-08-12T21:20:51.851+0000] {subprocess.py:93} INFO - 	at java.base/java.util.concurrent.Executors$RunnableAdapter.call(Executors.java:539)
[2026-08-12T21:20:51.860+0000] {subprocess.py:93} INFO - 	at java.base/java.util.concurrent.FutureTask.runAndReset(FutureTask.java:305)
[2026-08-12T21:20:51.864+0000] {subprocess.py:93} INFO - 	at java.base/java.util.concurrent.ScheduledThreadPoolExecutor$ScheduledFutureTask.run(ScheduledThreadPoolExecutor.java:305)
[2026-08-12T21:20:51.909+0000] {subprocess.py:93} INFO - 	at java.base/java.util.concurrent.ThreadPoolExecutor.runWorker(ThreadPoolExecutor.java:1136)
[2026-08-12T21:20:51.935+0000] {subprocess.py:93} INFO - 	at java.base/java.util.concurrent.ThreadPoolExecutor$Worker.run(ThreadPoolExecutor.java:635)
[2026-08-12T21:20:51.972+0000] {subprocess.py:93} INFO - 	at java.base/java.lang.Thread.run(Thread.java:840)
[2026-08-12T21:20:52.060+0000] {subprocess.py:93} INFO - Caused by: org.apache.spark.SparkException: Exception thrown in awaitResult:
[2026-08-12T21:20:52.070+0000] {subprocess.py:93} INFO - 	at org.apache.spark.util.SparkThreadUtils$.awaitResult(SparkThreadUtils.scala:56)
[2026-08-12T21:20:52.129+0000] {subprocess.py:93} INFO - 	at org.apache.spark.util.ThreadUtils$.awaitResult(ThreadUtils.scala:310)
[2026-08-12T21:20:52.155+0000] {subprocess.py:93} INFO - 	at org.apache.spark.rpc.RpcTimeout.awaitResult(RpcTimeout.scala:75)
[2026-08-12T21:20:52.172+0000] {subprocess.py:93} INFO - 	at org.apache.spark.rpc.RpcEnv.setupEndpointRefByURI(RpcEnv.scala:102)
[2026-08-12T21:20:52.222+0000] {subprocess.py:93} INFO - 	at org.apache.spark.rpc.RpcEnv.setupEndpointRef(RpcEnv.scala:110)
[2026-08-12T21:20:52.227+0000] {subprocess.py:93} INFO - 	at org.apache.spark.util.RpcUtils$.makeDriverRef(RpcUtils.scala:36)
[2026-08-12T21:20:52.255+0000] {subprocess.py:93} INFO - 	at org.apache.spark.storage.BlockManagerMasterEndpoint.driverEndpoint$lzycompute(BlockManagerMasterEndpoint.scala:124)
[2026-08-12T21:20:52.281+0000] {subprocess.py:93} INFO - 	at org.apache.spark.storage.BlockManagerMasterEndpoint.org$apache$spark$storage$BlockManagerMasterEndpoint$$driverEndpoint(BlockManagerMasterEndpoint.scala:123)
[2026-08-12T21:20:52.303+0000] {subprocess.py:93} INFO - 	at org.apache.spark.storage.BlockManagerMasterEndpoint.isExecutorAlive$lzycompute$1(BlockManagerMasterEndpoint.scala:688)
[2026-08-12T21:20:52.323+0000] {subprocess.py:93} INFO - 	at org.apache.spark.storage.BlockManagerMasterEndpoint.isExecutorAlive$1(BlockManagerMasterEndpoint.scala:687)
[2026-08-12T21:20:52.335+0000] {subprocess.py:93} INFO - 	at org.apache.spark.storage.BlockManagerMasterEndpoint.org$apache$spark$storage$BlockManagerMasterEndpoint$$register(BlockManagerMasterEndpoint.scala:725)
[2026-08-12T21:20:52.342+0000] {subprocess.py:93} INFO - 	at org.apache.spark.storage.BlockManagerMasterEndpoint$$anonfun$receiveAndReply$1.applyOrElse(BlockManagerMasterEndpoint.scala:133)
[2026-08-12T21:20:52.417+0000] {subprocess.py:93} INFO - 	at org.apache.spark.rpc.netty.Inbox.$anonfun$process$1(Inbox.scala:103)
[2026-08-12T21:20:52.425+0000] {subprocess.py:93} INFO - 	at org.apache.spark.rpc.netty.Inbox.safelyCall(Inbox.scala:213)
[2026-08-12T21:20:52.455+0000] {subprocess.py:93} INFO - 	at org.apache.spark.rpc.netty.Inbox.process(Inbox.scala:100)
[2026-08-12T21:20:52.476+0000] {subprocess.py:93} INFO - 	at org.apache.spark.rpc.netty.MessageLoop.org$apache$spark$rpc$netty$MessageLoop$$receiveLoop(MessageLoop.scala:75)
[2026-08-12T21:20:52.514+0000] {subprocess.py:93} INFO - 	at org.apache.spark.rpc.netty.MessageLoop$$anon$1.run(MessageLoop.scala:41)
[2026-08-12T21:20:52.619+0000] {subprocess.py:93} INFO - 	... 3 more
[2026-08-12T21:20:52.704+0000] {subprocess.py:93} INFO - Caused by: org.apache.spark.rpc.RpcEndpointNotFoundException: Cannot find endpoint: spark://CoarseGrainedScheduler@4099a95615c9:36011
[2026-08-12T21:20:52.711+0000] {subprocess.py:93} INFO - 	at org.apache.spark.rpc.netty.NettyRpcEnv.$anonfun$asyncSetupEndpointRefByURI$1(NettyRpcEnv.scala:148)
[2026-08-12T21:20:52.725+0000] {subprocess.py:93} INFO - 	at org.apache.spark.rpc.netty.NettyRpcEnv.$anonfun$asyncSetupEndpointRefByURI$1$adapted(NettyRpcEnv.scala:144)
[2026-08-12T21:20:52.755+0000] {subprocess.py:93} INFO - 	at scala.concurrent.Future.$anonfun$flatMap$1(Future.scala:307)
[2026-08-12T21:20:52.765+0000] {subprocess.py:93} INFO - 	at scala.concurrent.impl.Promise.$anonfun$transformWith$1(Promise.scala:41)
[2026-08-12T21:20:52.782+0000] {subprocess.py:93} INFO - 	at scala.concurrent.impl.CallbackRunnable.run(Promise.scala:64)
[2026-08-12T21:20:52.801+0000] {subprocess.py:93} INFO - 	at org.apache.spark.util.ThreadUtils$$anon$1.execute(ThreadUtils.scala:99)
[2026-08-12T21:20:52.835+0000] {subprocess.py:93} INFO - 	at scala.concurrent.impl.ExecutionContextImpl$$anon$4.execute(ExecutionContextImpl.scala:138)
[2026-08-12T21:20:52.863+0000] {subprocess.py:93} INFO - 	at scala.concurrent.impl.CallbackRunnable.executeWithValue(Promise.scala:72)
[2026-08-12T21:20:52.875+0000] {subprocess.py:93} INFO - 	at scala.concurrent.impl.Promise$DefaultPromise.$anonfun$tryComplete$1(Promise.scala:288)
[2026-08-12T21:20:52.880+0000] {subprocess.py:93} INFO - 	at scala.concurrent.impl.Promise$DefaultPromise.$anonfun$tryComplete$1$adapted(Promise.scala:288)
[2026-08-12T21:20:52.946+0000] {subprocess.py:93} INFO - 	at scala.concurrent.impl.Promise$DefaultPromise.tryComplete(Promise.scala:288)
[2026-08-12T21:20:52.965+0000] {subprocess.py:93} INFO - 	at scala.concurrent.Promise.complete(Promise.scala:53)
[2026-08-12T21:20:52.997+0000] {subprocess.py:93} INFO - 	at scala.concurrent.Promise.complete$(Promise.scala:52)
[2026-08-12T21:20:53.003+0000] {subprocess.py:93} INFO - 	at scala.concurrent.impl.Promise$DefaultPromise.complete(Promise.scala:187)
[2026-08-12T21:20:53.006+0000] {subprocess.py:93} INFO - 	at scala.concurrent.impl.Promise.$anonfun$transform$1(Promise.scala:33)
[2026-08-12T21:20:53.021+0000] {subprocess.py:93} INFO - 	at scala.concurrent.impl.CallbackRunnable.run(Promise.scala:64)
[2026-08-12T21:20:53.104+0000] {subprocess.py:93} INFO - 	at org.apache.spark.util.ThreadUtils$$anon$1.execute(ThreadUtils.scala:99)
[2026-08-12T21:20:53.131+0000] {subprocess.py:93} INFO - 	at scala.concurrent.impl.ExecutionContextImpl$$anon$4.execute(ExecutionContextImpl.scala:138)
[2026-08-12T21:20:53.137+0000] {subprocess.py:93} INFO - 	at scala.concurrent.impl.CallbackRunnable.executeWithValue(Promise.scala:72)
[2026-08-12T21:20:53.163+0000] {subprocess.py:93} INFO - 	at scala.concurrent.impl.Promise$DefaultPromise.$anonfun$tryComplete$1(Promise.scala:288)
[2026-08-12T21:20:53.241+0000] {subprocess.py:93} INFO - 	at scala.concurrent.impl.Promise$DefaultPromise.$anonfun$tryComplete$1$adapted(Promise.scala:288)
[2026-08-12T21:20:53.273+0000] {subprocess.py:93} INFO - 	at scala.concurrent.impl.Promise$DefaultPromise.tryComplete(Promise.scala:288)
[2026-08-12T21:20:53.313+0000] {subprocess.py:93} INFO - 	at scala.concurrent.Promise.complete(Promise.scala:53)
[2026-08-12T21:20:53.398+0000] {subprocess.py:93} INFO - 	at scala.concurrent.Promise.complete$(Promise.scala:52)
[2026-08-12T21:20:53.544+0000] {subprocess.py:93} INFO - 	at scala.concurrent.impl.Promise$DefaultPromise.complete(Promise.scala:187)
[2026-08-12T21:20:53.586+0000] {subprocess.py:93} INFO - 	at scala.concurrent.impl.Promise.$anonfun$transform$1(Promise.scala:33)
[2026-08-12T21:20:53.636+0000] {subprocess.py:93} INFO - 	at scala.concurrent.impl.CallbackRunnable.run(Promise.scala:64)
[2026-08-12T21:20:54.171+0000] {subprocess.py:93} INFO - 	at scala.concurrent.BatchingExecutor$Batch.processBatch$1(BatchingExecutor.scala:67)
[2026-08-12T21:20:54.185+0000] {subprocess.py:93} INFO - 	at scala.concurrent.BatchingExecutor$Batch.$anonfun$run$1(BatchingExecutor.scala:82)
[2026-08-12T21:20:54.226+0000] {subprocess.py:93} INFO - 	at scala.runtime.java8.JFunction0$mcV$sp.apply(JFunction0$mcV$sp.java:23)
[2026-08-12T21:20:54.330+0000] {subprocess.py:93} INFO - 	at scala.concurrent.BlockContext$.withBlockContext(BlockContext.scala:85)
[2026-08-12T21:20:54.524+0000] {subprocess.py:93} INFO - 	at scala.concurrent.BatchingExecutor$Batch.run(BatchingExecutor.scala:59)
[2026-08-12T21:20:54.571+0000] {subprocess.py:93} INFO - 	at scala.concurrent.Future$InternalCallbackExecutor$.unbatchedExecute(Future.scala:875)
[2026-08-12T21:20:54.599+0000] {subprocess.py:93} INFO - 	at scala.concurrent.BatchingExecutor.execute(BatchingExecutor.scala:110)
[2026-08-12T21:20:54.635+0000] {subprocess.py:93} INFO - 	at scala.concurrent.BatchingExecutor.execute$(BatchingExecutor.scala:107)
[2026-08-12T21:20:54.665+0000] {subprocess.py:93} INFO - 	at scala.concurrent.Future$InternalCallbackExecutor$.execute(Future.scala:873)
[2026-08-12T21:20:54.713+0000] {subprocess.py:93} INFO - 	at scala.concurrent.impl.CallbackRunnable.executeWithValue(Promise.scala:72)
[2026-08-12T21:20:54.717+0000] {subprocess.py:93} INFO - 	at scala.concurrent.impl.Promise$DefaultPromise.$anonfun$tryComplete$1(Promise.scala:288)
[2026-08-12T21:20:54.752+0000] {subprocess.py:93} INFO - 	at scala.concurrent.impl.Promise$DefaultPromise.$anonfun$tryComplete$1$adapted(Promise.scala:288)
[2026-08-12T21:20:54.770+0000] {subprocess.py:93} INFO - 	at scala.concurrent.impl.Promise$DefaultPromise.tryComplete(Promise.scala:288)
[2026-08-12T21:20:55.150+0000] {subprocess.py:93} INFO - 	at scala.concurrent.Promise.trySuccess(Promise.scala:94)
[2026-08-12T21:20:55.301+0000] {subprocess.py:93} INFO - 	at scala.concurrent.Promise.trySuccess$(Promise.scala:94)
[2026-08-12T21:20:55.314+0000] {subprocess.py:93} INFO - 	at scala.concurrent.impl.Promise$DefaultPromise.trySuccess(Promise.scala:187)
[2026-08-12T21:20:55.344+0000] {subprocess.py:93} INFO - 	at org.apache.spark.rpc.netty.NettyRpcEnv.onSuccess$1(NettyRpcEnv.scala:225)
[2026-08-12T21:20:55.350+0000] {subprocess.py:93} INFO - 	at org.apache.spark.rpc.netty.NettyRpcEnv.$anonfun$askAbortable$5(NettyRpcEnv.scala:239)
[2026-08-12T21:20:55.411+0000] {subprocess.py:93} INFO - 	at org.apache.spark.rpc.netty.NettyRpcEnv.$anonfun$askAbortable$5$adapted(NettyRpcEnv.scala:238)
[2026-08-12T21:20:55.560+0000] {subprocess.py:93} INFO - 	at scala.concurrent.impl.CallbackRunnable.run(Promise.scala:64)
[2026-08-12T21:20:55.631+0000] {subprocess.py:93} INFO - 	at org.apache.spark.util.ThreadUtils$$anon$1.execute(ThreadUtils.scala:99)
[2026-08-12T21:20:55.713+0000] {subprocess.py:93} INFO - 	at scala.concurrent.impl.ExecutionContextImpl$$anon$4.execute(ExecutionContextImpl.scala:138)
[2026-08-12T21:20:55.755+0000] {subprocess.py:93} INFO - 	at scala.concurrent.impl.CallbackRunnable.executeWithValue(Promise.scala:72)
[2026-08-12T21:20:55.773+0000] {subprocess.py:93} INFO - 	at scala.concurrent.impl.Promise$DefaultPromise.$anonfun$tryComplete$1(Promise.scala:288)
[2026-08-12T21:20:55.824+0000] {subprocess.py:93} INFO - 	at scala.concurrent.impl.Promise$DefaultPromise.$anonfun$tryComplete$1$adapted(Promise.scala:288)
[2026-08-12T21:20:55.869+0000] {subprocess.py:93} INFO - 	at scala.concurrent.impl.Promise$DefaultPromise.tryComplete(Promise.scala:288)
[2026-08-12T21:20:55.877+0000] {subprocess.py:93} INFO - 	at scala.concurrent.Promise.complete(Promise.scala:53)
[2026-08-12T21:20:56.034+0000] {subprocess.py:93} INFO - 	at scala.concurrent.Promise.complete$(Promise.scala:52)
[2026-08-12T21:20:56.135+0000] {subprocess.py:93} INFO - 	at scala.concurrent.impl.Promise$DefaultPromise.complete(Promise.scala:187)
[2026-08-12T21:20:56.175+0000] {subprocess.py:93} INFO - 	at scala.concurrent.Promise.success(Promise.scala:86)
[2026-08-12T21:20:56.186+0000] {subprocess.py:93} INFO - 	at scala.concurrent.Promise.success$(Promise.scala:86)
[2026-08-12T21:20:56.192+0000] {subprocess.py:93} INFO - 	at scala.concurrent.impl.Promise$DefaultPromise.success(Promise.scala:187)
[2026-08-12T21:20:56.208+0000] {subprocess.py:93} INFO - 	at org.apache.spark.rpc.netty.LocalNettyRpcCallContext.send(NettyRpcCallContext.scala:50)
[2026-08-12T21:20:56.214+0000] {subprocess.py:93} INFO - 	at org.apache.spark.rpc.netty.NettyRpcCallContext.reply(NettyRpcCallContext.scala:32)
[2026-08-12T21:20:56.252+0000] {subprocess.py:93} INFO - 	at org.apache.spark.rpc.netty.RpcEndpointVerifier$$anonfun$receiveAndReply$1.applyOrElse(RpcEndpointVerifier.scala:31)
[2026-08-12T21:20:56.257+0000] {subprocess.py:93} INFO - 	... 8 more
[2026-08-12T21:20:56.288+0000] {subprocess.py:93} INFO - 26/08/12 21:17:46 ERROR Inbox: Ignoring error
[2026-08-12T21:20:56.295+0000] {subprocess.py:93} INFO - org.apache.spark.SparkException: Exception thrown in awaitResult:
[2026-08-12T21:20:56.342+0000] {subprocess.py:93} INFO - 	at org.apache.spark.util.SparkThreadUtils$.awaitResult(SparkThreadUtils.scala:56)
[2026-08-12T21:20:56.350+0000] {subprocess.py:93} INFO - 	at org.apache.spark.util.ThreadUtils$.awaitResult(ThreadUtils.scala:310)
[2026-08-12T21:20:56.377+0000] {subprocess.py:93} INFO - 	at org.apache.spark.rpc.RpcTimeout.awaitResult(RpcTimeout.scala:75)
[2026-08-12T21:20:56.387+0000] {subprocess.py:93} INFO - 	at org.apache.spark.rpc.RpcEnv.setupEndpointRefByURI(RpcEnv.scala:102)
[2026-08-12T21:20:56.395+0000] {subprocess.py:93} INFO - 	at org.apache.spark.rpc.RpcEnv.setupEndpointRef(RpcEnv.scala:110)
[2026-08-12T21:20:56.412+0000] {subprocess.py:93} INFO - 	at org.apache.spark.util.RpcUtils$.makeDriverRef(RpcUtils.scala:36)
[2026-08-12T21:20:56.418+0000] {subprocess.py:93} INFO - 	at org.apache.spark.storage.BlockManagerMasterEndpoint.driverEndpoint$lzycompute(BlockManagerMasterEndpoint.scala:124)
[2026-08-12T21:20:56.430+0000] {subprocess.py:93} INFO - 	at org.apache.spark.storage.BlockManagerMasterEndpoint.org$apache$spark$storage$BlockManagerMasterEndpoint$$driverEndpoint(BlockManagerMasterEndpoint.scala:123)
[2026-08-12T21:20:56.451+0000] {subprocess.py:93} INFO - 	at org.apache.spark.storage.BlockManagerMasterEndpoint.isExecutorAlive$lzycompute$1(BlockManagerMasterEndpoint.scala:688)
[2026-08-12T21:20:56.464+0000] {subprocess.py:93} INFO - 	at org.apache.spark.storage.BlockManagerMasterEndpoint.isExecutorAlive$1(BlockManagerMasterEndpoint.scala:687)
[2026-08-12T21:20:56.481+0000] {subprocess.py:93} INFO - 	at org.apache.spark.storage.BlockManagerMasterEndpoint.org$apache$spark$storage$BlockManagerMasterEndpoint$$register(BlockManagerMasterEndpoint.scala:725)
[2026-08-12T21:20:56.489+0000] {subprocess.py:93} INFO - 	at org.apache.spark.storage.BlockManagerMasterEndpoint$$anonfun$receiveAndReply$1.applyOrElse(BlockManagerMasterEndpoint.scala:133)
[2026-08-12T21:20:56.521+0000] {subprocess.py:93} INFO - 	at org.apache.spark.rpc.netty.Inbox.$anonfun$process$1(Inbox.scala:103)
[2026-08-12T21:20:56.531+0000] {subprocess.py:93} INFO - 	at org.apache.spark.rpc.netty.Inbox.safelyCall(Inbox.scala:213)
[2026-08-12T21:20:56.534+0000] {subprocess.py:93} INFO - 	at org.apache.spark.rpc.netty.Inbox.process(Inbox.scala:100)
[2026-08-12T21:20:56.545+0000] {subprocess.py:93} INFO - 	at org.apache.spark.rpc.netty.MessageLoop.org$apache$spark$rpc$netty$MessageLoop$$receiveLoop(MessageLoop.scala:75)
[2026-08-12T21:20:56.561+0000] {subprocess.py:93} INFO - 	at org.apache.spark.rpc.netty.MessageLoop$$anon$1.run(MessageLoop.scala:41)
[2026-08-12T21:20:56.566+0000] {subprocess.py:93} INFO - 	at java.base/java.util.concurrent.ThreadPoolExecutor.runWorker(ThreadPoolExecutor.java:1136)
[2026-08-12T21:20:56.574+0000] {subprocess.py:93} INFO - 	at java.base/java.util.concurrent.ThreadPoolExecutor$Worker.run(ThreadPoolExecutor.java:635)
[2026-08-12T21:20:56.578+0000] {subprocess.py:93} INFO - 	at java.base/java.lang.Thread.run(Thread.java:840)
[2026-08-12T21:20:56.583+0000] {subprocess.py:93} INFO - Caused by: org.apache.spark.rpc.RpcEndpointNotFoundException: Cannot find endpoint: spark://CoarseGrainedScheduler@4099a95615c9:36011
[2026-08-12T21:20:56.595+0000] {subprocess.py:93} INFO - 	at org.apache.spark.rpc.netty.NettyRpcEnv.$anonfun$asyncSetupEndpointRefByURI$1(NettyRpcEnv.scala:148)
[2026-08-12T21:20:56.601+0000] {subprocess.py:93} INFO - 	at org.apache.spark.rpc.netty.NettyRpcEnv.$anonfun$asyncSetupEndpointRefByURI$1$adapted(NettyRpcEnv.scala:144)
[2026-08-12T21:20:56.614+0000] {subprocess.py:93} INFO - 	at scala.concurrent.Future.$anonfun$flatMap$1(Future.scala:307)
[2026-08-12T21:20:56.628+0000] {subprocess.py:93} INFO - 	at scala.concurrent.impl.Promise.$anonfun$transformWith$1(Promise.scala:41)
[2026-08-12T21:20:56.737+0000] {subprocess.py:93} INFO - 	at scala.concurrent.impl.CallbackRunnable.run(Promise.scala:64)
[2026-08-12T21:20:56.802+0000] {subprocess.py:93} INFO - 	at org.apache.spark.util.ThreadUtils$$anon$1.execute(ThreadUtils.scala:99)
[2026-08-12T21:20:56.807+0000] {subprocess.py:93} INFO - 	at scala.concurrent.impl.ExecutionContextImpl$$anon$4.execute(ExecutionContextImpl.scala:138)
[2026-08-12T21:20:56.837+0000] {subprocess.py:93} INFO - 	at scala.concurrent.impl.CallbackRunnable.executeWithValue(Promise.scala:72)
[2026-08-12T21:20:57.245+0000] {subprocess.py:93} INFO - 	at scala.concurrent.impl.Promise$DefaultPromise.dispatchOrAddCallback(Promise.scala:316)
[2026-08-12T21:20:57.328+0000] {subprocess.py:93} INFO - 	at scala.concurrent.impl.Promise$DefaultPromise.onComplete(Promise.scala:307)
[2026-08-12T21:20:57.591+0000] {subprocess.py:93} INFO - 	at scala.concurrent.impl.Promise.transformWith(Promise.scala:40)
[2026-08-12T21:20:57.619+0000] {subprocess.py:93} INFO - 	at scala.concurrent.impl.Promise.transformWith$(Promise.scala:38)
[2026-08-12T21:20:57.637+0000] {subprocess.py:93} INFO - 	at scala.concurrent.impl.Promise$DefaultPromise.transformWith(Promise.scala:187)
[2026-08-12T21:20:57.679+0000] {subprocess.py:93} INFO - 	at scala.concurrent.Future.flatMap(Future.scala:306)
[2026-08-12T21:20:57.735+0000] {subprocess.py:93} INFO - 	at scala.concurrent.Future.flatMap$(Future.scala:306)
[2026-08-12T21:20:57.769+0000] {subprocess.py:93} INFO - 	at scala.concurrent.impl.Promise$DefaultPromise.flatMap(Promise.scala:187)
[2026-08-12T21:20:57.813+0000] {subprocess.py:93} INFO - 	at org.apache.spark.rpc.netty.NettyRpcEnv.asyncSetupEndpointRefByURI(NettyRpcEnv.scala:150)
[2026-08-12T21:20:57.846+0000] {subprocess.py:93} INFO - 	... 17 more
[2026-08-12T21:20:57.895+0000] {subprocess.py:93} INFO - 26/08/12 21:17:46 WARN Executor: Issue communicating with driver in heartbeater
[2026-08-12T21:20:58.269+0000] {subprocess.py:93} INFO - org.apache.spark.SparkException: Exception thrown in awaitResult:
[2026-08-12T21:20:58.334+0000] {subprocess.py:93} INFO - 	at org.apache.spark.util.SparkThreadUtils$.awaitResult(SparkThreadUtils.scala:56)
[2026-08-12T21:20:58.347+0000] {subprocess.py:93} INFO - 	at org.apache.spark.util.ThreadUtils$.awaitResult(ThreadUtils.scala:310)
[2026-08-12T21:20:58.423+0000] {subprocess.py:93} INFO - 	at org.apache.spark.rpc.RpcTimeout.awaitResult(RpcTimeout.scala:75)
[2026-08-12T21:20:58.640+0000] {subprocess.py:93} INFO - 	at org.apache.spark.rpc.RpcEndpointRef.askSync(RpcEndpointRef.scala:101)
[2026-08-12T21:20:58.674+0000] {subprocess.py:93} INFO - 	at org.apache.spark.rpc.RpcEndpointRef.askSync(RpcEndpointRef.scala:85)
[2026-08-12T21:20:58.716+0000] {subprocess.py:93} INFO - 	at org.apache.spark.storage.BlockManagerMaster.registerBlockManager(BlockManagerMaster.scala:80)
[2026-08-12T21:20:58.737+0000] {subprocess.py:93} INFO - 	at org.apache.spark.storage.BlockManager.reregister(BlockManager.scala:642)
[2026-08-12T21:20:58.774+0000] {subprocess.py:93} INFO - 	at org.apache.spark.executor.Executor.reportHeartBeat(Executor.scala:1223)
[2026-08-12T21:20:58.872+0000] {subprocess.py:93} INFO - 	at org.apache.spark.executor.Executor.$anonfun$heartbeater$1(Executor.scala:295)
[2026-08-12T21:20:58.917+0000] {subprocess.py:93} INFO - 	at scala.runtime.java8.JFunction0$mcV$sp.apply(JFunction0$mcV$sp.java:23)
[2026-08-12T21:20:58.960+0000] {subprocess.py:93} INFO - 	at org.apache.spark.util.Utils$.logUncaughtExceptions(Utils.scala:1928)
[2026-08-12T21:20:59.006+0000] {subprocess.py:93} INFO - 	at org.apache.spark.Heartbeater$$anon$1.run(Heartbeater.scala:46)
[2026-08-12T21:20:59.156+0000] {subprocess.py:93} INFO - 	at java.base/java.util.concurrent.Executors$RunnableAdapter.call(Executors.java:539)
[2026-08-12T21:20:59.222+0000] {subprocess.py:93} INFO - 	at java.base/java.util.concurrent.FutureTask.runAndReset(FutureTask.java:305)
[2026-08-12T21:20:59.287+0000] {subprocess.py:93} INFO - 	at java.base/java.util.concurrent.ScheduledThreadPoolExecutor$ScheduledFutureTask.run(ScheduledThreadPoolExecutor.java:305)
[2026-08-12T21:20:59.397+0000] {subprocess.py:93} INFO - 	at java.base/java.util.concurrent.ThreadPoolExecutor.runWorker(ThreadPoolExecutor.java:1136)
[2026-08-12T21:20:59.468+0000] {subprocess.py:93} INFO - 	at java.base/java.util.concurrent.ThreadPoolExecutor$Worker.run(ThreadPoolExecutor.java:635)
[2026-08-12T21:20:59.484+0000] {subprocess.py:93} INFO - 	at java.base/java.lang.Thread.run(Thread.java:840)
[2026-08-12T21:20:59.504+0000] {subprocess.py:93} INFO - Caused by: org.apache.spark.SparkException: Exception thrown in awaitResult:
[2026-08-12T21:20:59.530+0000] {subprocess.py:93} INFO - 	at org.apache.spark.util.SparkThreadUtils$.awaitResult(SparkThreadUtils.scala:56)
[2026-08-12T21:20:59.591+0000] {subprocess.py:93} INFO - 	at org.apache.spark.util.ThreadUtils$.awaitResult(ThreadUtils.scala:310)
[2026-08-12T21:20:59.639+0000] {subprocess.py:93} INFO - 	at org.apache.spark.rpc.RpcTimeout.awaitResult(RpcTimeout.scala:75)
[2026-08-12T21:20:59.688+0000] {subprocess.py:93} INFO - 	at org.apache.spark.rpc.RpcEnv.setupEndpointRefByURI(RpcEnv.scala:102)
[2026-08-12T21:20:59.904+0000] {subprocess.py:93} INFO - 	at org.apache.spark.rpc.RpcEnv.setupEndpointRef(RpcEnv.scala:110)
[2026-08-12T21:21:00.115+0000] {subprocess.py:93} INFO - 	at org.apache.spark.util.RpcUtils$.makeDriverRef(RpcUtils.scala:36)
[2026-08-12T21:21:00.155+0000] {subprocess.py:93} INFO - 	at org.apache.spark.storage.BlockManagerMasterEndpoint.driverEndpoint$lzycompute(BlockManagerMasterEndpoint.scala:124)
[2026-08-12T21:21:00.195+0000] {subprocess.py:93} INFO - 	at org.apache.spark.storage.BlockManagerMasterEndpoint.org$apache$spark$storage$BlockManagerMasterEndpoint$$driverEndpoint(BlockManagerMasterEndpoint.scala:123)
[2026-08-12T21:21:00.225+0000] {subprocess.py:93} INFO - 	at org.apache.spark.storage.BlockManagerMasterEndpoint.isExecutorAlive$lzycompute$1(BlockManagerMasterEndpoint.scala:688)
[2026-08-12T21:21:00.242+0000] {subprocess.py:93} INFO - 	at org.apache.spark.storage.BlockManagerMasterEndpoint.isExecutorAlive$1(BlockManagerMasterEndpoint.scala:687)
[2026-08-12T21:21:00.506+0000] {subprocess.py:93} INFO - 	at org.apache.spark.storage.BlockManagerMasterEndpoint.org$apache$spark$storage$BlockManagerMasterEndpoint$$register(BlockManagerMasterEndpoint.scala:725)
[2026-08-12T21:21:00.528+0000] {subprocess.py:93} INFO - 	at org.apache.spark.storage.BlockManagerMasterEndpoint$$anonfun$receiveAndReply$1.applyOrElse(BlockManagerMasterEndpoint.scala:133)
[2026-08-12T21:21:00.591+0000] {subprocess.py:93} INFO - 	at org.apache.spark.rpc.netty.Inbox.$anonfun$process$1(Inbox.scala:103)
[2026-08-12T21:21:00.628+0000] {subprocess.py:93} INFO - 	at org.apache.spark.rpc.netty.Inbox.safelyCall(Inbox.scala:213)
[2026-08-12T21:21:00.644+0000] {subprocess.py:93} INFO - 	at org.apache.spark.rpc.netty.Inbox.process(Inbox.scala:100)
[2026-08-12T21:21:00.685+0000] {subprocess.py:93} INFO - 	at org.apache.spark.rpc.netty.MessageLoop.org$apache$spark$rpc$netty$MessageLoop$$receiveLoop(MessageLoop.scala:75)
[2026-08-12T21:21:00.723+0000] {subprocess.py:93} INFO - 	at org.apache.spark.rpc.netty.MessageLoop$$anon$1.run(MessageLoop.scala:41)
[2026-08-12T21:21:00.759+0000] {subprocess.py:93} INFO - 	... 3 more
[2026-08-12T21:21:00.773+0000] {subprocess.py:93} INFO - Caused by: org.apache.spark.rpc.RpcEndpointNotFoundException: Cannot find endpoint: spark://CoarseGrainedScheduler@4099a95615c9:36011
[2026-08-12T21:21:00.791+0000] {subprocess.py:93} INFO - 	at org.apache.spark.rpc.netty.NettyRpcEnv.$anonfun$asyncSetupEndpointRefByURI$1(NettyRpcEnv.scala:148)
[2026-08-12T21:21:00.810+0000] {subprocess.py:93} INFO - 	at org.apache.spark.rpc.netty.NettyRpcEnv.$anonfun$asyncSetupEndpointRefByURI$1$adapted(NettyRpcEnv.scala:144)
[2026-08-12T21:21:00.838+0000] {subprocess.py:93} INFO - 	at scala.concurrent.Future.$anonfun$flatMap$1(Future.scala:307)
[2026-08-12T21:21:00.948+0000] {subprocess.py:93} INFO - 	at scala.concurrent.impl.Promise.$anonfun$transformWith$1(Promise.scala:41)
[2026-08-12T21:21:00.962+0000] {subprocess.py:93} INFO - 	at scala.concurrent.impl.CallbackRunnable.run(Promise.scala:64)
[2026-08-12T21:21:01.063+0000] {subprocess.py:93} INFO - 	at org.apache.spark.util.ThreadUtils$$anon$1.execute(ThreadUtils.scala:99)
[2026-08-12T21:21:01.087+0000] {subprocess.py:93} INFO - 	at scala.concurrent.impl.ExecutionContextImpl$$anon$4.execute(ExecutionContextImpl.scala:138)
[2026-08-12T21:21:01.107+0000] {subprocess.py:93} INFO - 	at scala.concurrent.impl.CallbackRunnable.executeWithValue(Promise.scala:72)
[2026-08-12T21:21:01.219+0000] {subprocess.py:93} INFO - 	at scala.concurrent.impl.Promise$DefaultPromise.dispatchOrAddCallback(Promise.scala:316)
[2026-08-12T21:21:01.226+0000] {subprocess.py:93} INFO - 	at scala.concurrent.impl.Promise$DefaultPromise.onComplete(Promise.scala:307)
[2026-08-12T21:21:01.313+0000] {subprocess.py:93} INFO - 	at scala.concurrent.impl.Promise.transformWith(Promise.scala:40)
[2026-08-12T21:21:01.316+0000] {subprocess.py:93} INFO - 	at scala.concurrent.impl.Promise.transformWith$(Promise.scala:38)
[2026-08-12T21:21:01.470+0000] {subprocess.py:93} INFO - 	at scala.concurrent.impl.Promise$DefaultPromise.transformWith(Promise.scala:187)
[2026-08-12T21:21:01.495+0000] {subprocess.py:93} INFO - 	at scala.concurrent.Future.flatMap(Future.scala:306)
[2026-08-12T21:21:01.520+0000] {subprocess.py:93} INFO - 	at scala.concurrent.Future.flatMap$(Future.scala:306)
[2026-08-12T21:21:01.535+0000] {subprocess.py:93} INFO - 	at scala.concurrent.impl.Promise$DefaultPromise.flatMap(Promise.scala:187)
[2026-08-12T21:21:01.604+0000] {subprocess.py:93} INFO - 	at org.apache.spark.rpc.netty.NettyRpcEnv.asyncSetupEndpointRefByURI(NettyRpcEnv.scala:150)
[2026-08-12T21:21:01.625+0000] {subprocess.py:93} INFO - 	... 17 more
[2026-08-12T21:21:01.649+0000] {subprocess.py:93} INFO - 26/08/12 21:17:46 ERROR Inbox: Ignoring error
[2026-08-12T21:21:01.677+0000] {subprocess.py:93} INFO - org.apache.spark.SparkException: Exception thrown in awaitResult:
[2026-08-12T21:21:01.682+0000] {subprocess.py:93} INFO - 	at org.apache.spark.util.SparkThreadUtils$.awaitResult(SparkThreadUtils.scala:56)
[2026-08-12T21:21:01.689+0000] {subprocess.py:93} INFO - 	at org.apache.spark.util.ThreadUtils$.awaitResult(ThreadUtils.scala:310)
[2026-08-12T21:21:01.751+0000] {subprocess.py:93} INFO - 	at org.apache.spark.rpc.RpcTimeout.awaitResult(RpcTimeout.scala:75)
[2026-08-12T21:21:02.103+0000] {subprocess.py:93} INFO - 	at org.apache.spark.rpc.RpcEnv.setupEndpointRefByURI(RpcEnv.scala:102)
[2026-08-12T21:21:02.166+0000] {subprocess.py:93} INFO - 	at org.apache.spark.rpc.RpcEnv.setupEndpointRef(RpcEnv.scala:110)
[2026-08-12T21:21:02.173+0000] {subprocess.py:93} INFO - 	at org.apache.spark.util.RpcUtils$.makeDriverRef(RpcUtils.scala:36)
[2026-08-12T21:21:02.217+0000] {subprocess.py:93} INFO - 	at org.apache.spark.storage.BlockManagerMasterEndpoint.driverEndpoint$lzycompute(BlockManagerMasterEndpoint.scala:124)
[2026-08-12T21:21:02.231+0000] {subprocess.py:93} INFO - 	at org.apache.spark.storage.BlockManagerMasterEndpoint.org$apache$spark$storage$BlockManagerMasterEndpoint$$driverEndpoint(BlockManagerMasterEndpoint.scala:123)
[2026-08-12T21:21:02.282+0000] {subprocess.py:93} INFO - 	at org.apache.spark.storage.BlockManagerMasterEndpoint.isExecutorAlive$lzycompute$1(BlockManagerMasterEndpoint.scala:688)
[2026-08-12T21:21:02.321+0000] {subprocess.py:93} INFO - 	at org.apache.spark.storage.BlockManagerMasterEndpoint.isExecutorAlive$1(BlockManagerMasterEndpoint.scala:687)
[2026-08-12T21:21:02.362+0000] {subprocess.py:93} INFO - 	at org.apache.spark.storage.BlockManagerMasterEndpoint.org$apache$spark$storage$BlockManagerMasterEndpoint$$register(BlockManagerMasterEndpoint.scala:725)
[2026-08-12T21:21:02.469+0000] {subprocess.py:93} INFO - 	at org.apache.spark.storage.BlockManagerMasterEndpoint$$anonfun$receiveAndReply$1.applyOrElse(BlockManagerMasterEndpoint.scala:133)
[2026-08-12T21:21:02.503+0000] {subprocess.py:93} INFO - 	at org.apache.spark.rpc.netty.Inbox.$anonfun$process$1(Inbox.scala:103)
[2026-08-12T21:21:02.759+0000] {subprocess.py:93} INFO - 	at org.apache.spark.rpc.netty.Inbox.safelyCall(Inbox.scala:213)
[2026-08-12T21:21:02.846+0000] {subprocess.py:93} INFO - 	at org.apache.spark.rpc.netty.Inbox.process(Inbox.scala:100)
[2026-08-12T21:21:02.862+0000] {subprocess.py:93} INFO - 	at org.apache.spark.rpc.netty.MessageLoop.org$apache$spark$rpc$netty$MessageLoop$$receiveLoop(MessageLoop.scala:75)
[2026-08-12T21:21:03.135+0000] {subprocess.py:93} INFO - 	at org.apache.spark.rpc.netty.MessageLoop$$anon$1.run(MessageLoop.scala:41)
[2026-08-12T21:21:03.187+0000] {subprocess.py:93} INFO - 	at java.base/java.util.concurrent.ThreadPoolExecutor.runWorker(ThreadPoolExecutor.java:1136)
[2026-08-12T21:21:03.276+0000] {subprocess.py:93} INFO - 	at java.base/java.util.concurrent.ThreadPoolExecutor$Worker.run(ThreadPoolExecutor.java:635)
[2026-08-12T21:21:03.399+0000] {subprocess.py:93} INFO - 	at java.base/java.lang.Thread.run(Thread.java:840)
[2026-08-12T21:21:03.443+0000] {subprocess.py:93} INFO - Caused by: org.apache.spark.rpc.RpcEndpointNotFoundException: Cannot find endpoint: spark://CoarseGrainedScheduler@4099a95615c9:36011
[2026-08-12T21:21:03.474+0000] {subprocess.py:93} INFO - 	at org.apache.spark.rpc.netty.NettyRpcEnv.$anonfun$asyncSetupEndpointRefByURI$1(NettyRpcEnv.scala:148)
[2026-08-12T21:21:03.491+0000] {subprocess.py:93} INFO - 	at org.apache.spark.rpc.netty.NettyRpcEnv.$anonfun$asyncSetupEndpointRefByURI$1$adapted(NettyRpcEnv.scala:144)
[2026-08-12T21:21:03.529+0000] {subprocess.py:93} INFO - 	at scala.concurrent.Future.$anonfun$flatMap$1(Future.scala:307)
[2026-08-12T21:21:03.592+0000] {subprocess.py:93} INFO - 	at scala.concurrent.impl.Promise.$anonfun$transformWith$1(Promise.scala:41)
[2026-08-12T21:21:03.645+0000] {subprocess.py:93} INFO - 	at scala.concurrent.impl.CallbackRunnable.run(Promise.scala:64)
[2026-08-12T21:21:03.679+0000] {subprocess.py:93} INFO - 	at org.apache.spark.util.ThreadUtils$$anon$1.execute(ThreadUtils.scala:99)
[2026-08-12T21:21:03.748+0000] {subprocess.py:93} INFO - 	at scala.concurrent.impl.ExecutionContextImpl$$anon$4.execute(ExecutionContextImpl.scala:138)
[2026-08-12T21:21:03.758+0000] {subprocess.py:93} INFO - 	at scala.concurrent.impl.CallbackRunnable.executeWithValue(Promise.scala:72)
[2026-08-12T21:21:03.778+0000] {subprocess.py:93} INFO - 	at scala.concurrent.impl.Promise$DefaultPromise.$anonfun$tryComplete$1(Promise.scala:288)
[2026-08-12T21:21:04.175+0000] {subprocess.py:93} INFO - 	at scala.concurrent.impl.Promise$DefaultPromise.$anonfun$tryComplete$1$adapted(Promise.scala:288)
[2026-08-12T21:21:04.218+0000] {subprocess.py:93} INFO - 	at scala.concurrent.impl.Promise$DefaultPromise.tryComplete(Promise.scala:288)
[2026-08-12T21:21:04.224+0000] {subprocess.py:93} INFO - 	at scala.concurrent.Promise.complete(Promise.scala:53)
[2026-08-12T21:21:04.238+0000] {subprocess.py:93} INFO - 	at scala.concurrent.Promise.complete$(Promise.scala:52)
[2026-08-12T21:21:04.241+0000] {subprocess.py:93} INFO - 	at scala.concurrent.impl.Promise$DefaultPromise.complete(Promise.scala:187)
[2026-08-12T21:21:04.261+0000] {subprocess.py:93} INFO - 	at scala.concurrent.impl.Promise.$anonfun$transform$1(Promise.scala:33)
[2026-08-12T21:21:04.352+0000] {subprocess.py:93} INFO - 	at scala.concurrent.impl.CallbackRunnable.run(Promise.scala:64)
[2026-08-12T21:21:04.408+0000] {subprocess.py:93} INFO - 	at org.apache.spark.util.ThreadUtils$$anon$1.execute(ThreadUtils.scala:99)
[2026-08-12T21:21:04.423+0000] {subprocess.py:93} INFO - 	at scala.concurrent.impl.ExecutionContextImpl$$anon$4.execute(ExecutionContextImpl.scala:138)
[2026-08-12T21:21:04.455+0000] {subprocess.py:93} INFO - 	at scala.concurrent.impl.CallbackRunnable.executeWithValue(Promise.scala:72)
[2026-08-12T21:21:04.517+0000] {subprocess.py:93} INFO - 	at scala.concurrent.impl.Promise$DefaultPromise.$anonfun$tryComplete$1(Promise.scala:288)
[2026-08-12T21:21:04.563+0000] {subprocess.py:93} INFO - 	at scala.concurrent.impl.Promise$DefaultPromise.$anonfun$tryComplete$1$adapted(Promise.scala:288)
[2026-08-12T21:21:04.582+0000] {subprocess.py:93} INFO - 	at scala.concurrent.impl.Promise$DefaultPromise.tryComplete(Promise.scala:288)
[2026-08-12T21:21:04.586+0000] {subprocess.py:93} INFO - 	at scala.concurrent.Promise.complete(Promise.scala:53)
[2026-08-12T21:21:04.601+0000] {subprocess.py:93} INFO - 	at scala.concurrent.Promise.complete$(Promise.scala:52)
[2026-08-12T21:21:04.607+0000] {subprocess.py:93} INFO - 	at scala.concurrent.impl.Promise$DefaultPromise.complete(Promise.scala:187)
[2026-08-12T21:21:04.799+0000] {subprocess.py:93} INFO - 	at scala.concurrent.impl.Promise.$anonfun$transform$1(Promise.scala:33)
[2026-08-12T21:21:04.894+0000] {subprocess.py:93} INFO - 	at scala.concurrent.impl.CallbackRunnable.run(Promise.scala:64)
[2026-08-12T21:21:04.955+0000] {subprocess.py:93} INFO - 	at scala.concurrent.BatchingExecutor$Batch.processBatch$1(BatchingExecutor.scala:67)
[2026-08-12T21:21:04.975+0000] {subprocess.py:93} INFO - 	at scala.concurrent.BatchingExecutor$Batch.$anonfun$run$1(BatchingExecutor.scala:82)
[2026-08-12T21:21:04.988+0000] {subprocess.py:93} INFO - 	at scala.runtime.java8.JFunction0$mcV$sp.apply(JFunction0$mcV$sp.java:23)
[2026-08-12T21:21:05.054+0000] {subprocess.py:93} INFO - 	at scala.concurrent.BlockContext$.withBlockContext(BlockContext.scala:85)
[2026-08-12T21:21:05.074+0000] {subprocess.py:93} INFO - 	at scala.concurrent.BatchingExecutor$Batch.run(BatchingExecutor.scala:59)
[2026-08-12T21:21:05.205+0000] {subprocess.py:93} INFO - 	at scala.concurrent.Future$InternalCallbackExecutor$.unbatchedExecute(Future.scala:875)
[2026-08-12T21:21:05.327+0000] {subprocess.py:93} INFO - 	at scala.concurrent.BatchingExecutor.execute(BatchingExecutor.scala:110)
[2026-08-12T21:21:05.351+0000] {subprocess.py:93} INFO - 	at scala.concurrent.BatchingExecutor.execute$(BatchingExecutor.scala:107)
[2026-08-12T21:21:05.396+0000] {subprocess.py:93} INFO - 	at scala.concurrent.Future$InternalCallbackExecutor$.execute(Future.scala:873)
[2026-08-12T21:21:05.427+0000] {subprocess.py:93} INFO - 	at scala.concurrent.impl.CallbackRunnable.executeWithValue(Promise.scala:72)
[2026-08-12T21:21:05.538+0000] {subprocess.py:93} INFO - 	at scala.concurrent.impl.Promise$DefaultPromise.$anonfun$tryComplete$1(Promise.scala:288)
[2026-08-12T21:21:05.555+0000] {subprocess.py:93} INFO - 	at scala.concurrent.impl.Promise$DefaultPromise.$anonfun$tryComplete$1$adapted(Promise.scala:288)
[2026-08-12T21:21:05.572+0000] {subprocess.py:93} INFO - 	at scala.concurrent.impl.Promise$DefaultPromise.tryComplete(Promise.scala:288)
[2026-08-12T21:21:05.598+0000] {subprocess.py:93} INFO - 	at scala.concurrent.Promise.trySuccess(Promise.scala:94)
[2026-08-12T21:21:05.610+0000] {subprocess.py:93} INFO - 	at scala.concurrent.Promise.trySuccess$(Promise.scala:94)
[2026-08-12T21:21:05.619+0000] {subprocess.py:93} INFO - 	at scala.concurrent.impl.Promise$DefaultPromise.trySuccess(Promise.scala:187)
[2026-08-12T21:21:05.688+0000] {subprocess.py:93} INFO - 	at org.apache.spark.rpc.netty.NettyRpcEnv.onSuccess$1(NettyRpcEnv.scala:225)
[2026-08-12T21:21:05.694+0000] {subprocess.py:93} INFO - 	at org.apache.spark.rpc.netty.NettyRpcEnv.$anonfun$askAbortable$5(NettyRpcEnv.scala:239)
[2026-08-12T21:21:05.712+0000] {subprocess.py:93} INFO - 	at org.apache.spark.rpc.netty.NettyRpcEnv.$anonfun$askAbortable$5$adapted(NettyRpcEnv.scala:238)
[2026-08-12T21:21:05.729+0000] {subprocess.py:93} INFO - 	at scala.concurrent.impl.CallbackRunnable.run(Promise.scala:64)
[2026-08-12T21:21:05.745+0000] {subprocess.py:93} INFO - 	at org.apache.spark.util.ThreadUtils$$anon$1.execute(ThreadUtils.scala:99)
[2026-08-12T21:21:05.767+0000] {subprocess.py:93} INFO - 	at scala.concurrent.impl.ExecutionContextImpl$$anon$4.execute(ExecutionContextImpl.scala:138)
[2026-08-12T21:21:05.775+0000] {subprocess.py:93} INFO - 	at scala.concurrent.impl.CallbackRunnable.executeWithValue(Promise.scala:72)
[2026-08-12T21:21:05.985+0000] {subprocess.py:93} INFO - 	at scala.concurrent.impl.Promise$DefaultPromise.$anonfun$tryComplete$1(Promise.scala:288)
[2026-08-12T21:21:06.466+0000] {subprocess.py:93} INFO - 	at scala.concurrent.impl.Promise$DefaultPromise.$anonfun$tryComplete$1$adapted(Promise.scala:288)
[2026-08-12T21:21:06.582+0000] {subprocess.py:93} INFO - 	at scala.concurrent.impl.Promise$DefaultPromise.tryComplete(Promise.scala:288)
[2026-08-12T21:21:06.753+0000] {subprocess.py:93} INFO - 	at scala.concurrent.Promise.complete(Promise.scala:53)
[2026-08-12T21:21:06.775+0000] {subprocess.py:93} INFO - 	at scala.concurrent.Promise.complete$(Promise.scala:52)
[2026-08-12T21:21:06.830+0000] {subprocess.py:93} INFO - 	at scala.concurrent.impl.Promise$DefaultPromise.complete(Promise.scala:187)
[2026-08-12T21:21:06.876+0000] {subprocess.py:93} INFO - 	at scala.concurrent.Promise.success(Promise.scala:86)
[2026-08-12T21:21:07.149+0000] {subprocess.py:93} INFO - 	at scala.concurrent.Promise.success$(Promise.scala:86)
[2026-08-12T21:21:07.168+0000] {subprocess.py:93} INFO - 	at scala.concurrent.impl.Promise$DefaultPromise.success(Promise.scala:187)
[2026-08-12T21:21:07.194+0000] {subprocess.py:93} INFO - 	at org.apache.spark.rpc.netty.LocalNettyRpcCallContext.send(NettyRpcCallContext.scala:50)
[2026-08-12T21:21:07.238+0000] {subprocess.py:93} INFO - 	at org.apache.spark.rpc.netty.NettyRpcCallContext.reply(NettyRpcCallContext.scala:32)
[2026-08-12T21:21:07.259+0000] {subprocess.py:93} INFO - 	at org.apache.spark.rpc.netty.RpcEndpointVerifier$$anonfun$receiveAndReply$1.applyOrElse(RpcEndpointVerifier.scala:31)
[2026-08-12T21:21:07.496+0000] {subprocess.py:93} INFO - 	... 8 more
[2026-08-12T21:21:07.555+0000] {subprocess.py:93} INFO - 26/08/12 21:17:46 WARN Executor: Issue communicating with driver in heartbeater
[2026-08-12T21:21:07.606+0000] {subprocess.py:93} INFO - org.apache.spark.SparkException: Exception thrown in awaitResult:
[2026-08-12T21:21:07.659+0000] {subprocess.py:93} INFO - 	at org.apache.spark.util.SparkThreadUtils$.awaitResult(SparkThreadUtils.scala:56)
[2026-08-12T21:21:07.744+0000] {subprocess.py:93} INFO - 	at org.apache.spark.util.ThreadUtils$.awaitResult(ThreadUtils.scala:310)
[2026-08-12T21:21:07.838+0000] {subprocess.py:93} INFO - 	at org.apache.spark.rpc.RpcTimeout.awaitResult(RpcTimeout.scala:75)
[2026-08-12T21:21:07.926+0000] {subprocess.py:93} INFO - 	at org.apache.spark.rpc.RpcEndpointRef.askSync(RpcEndpointRef.scala:101)
[2026-08-12T21:21:07.929+0000] {subprocess.py:93} INFO - 	at org.apache.spark.rpc.RpcEndpointRef.askSync(RpcEndpointRef.scala:85)
[2026-08-12T21:21:07.936+0000] {subprocess.py:93} INFO - 	at org.apache.spark.storage.BlockManagerMaster.registerBlockManager(BlockManagerMaster.scala:80)
[2026-08-12T21:21:07.985+0000] {subprocess.py:93} INFO - 	at org.apache.spark.storage.BlockManager.reregister(BlockManager.scala:642)
[2026-08-12T21:21:08.018+0000] {subprocess.py:93} INFO - 	at org.apache.spark.executor.Executor.reportHeartBeat(Executor.scala:1223)
[2026-08-12T21:21:08.057+0000] {subprocess.py:93} INFO - 	at org.apache.spark.executor.Executor.$anonfun$heartbeater$1(Executor.scala:295)
[2026-08-12T21:21:08.083+0000] {subprocess.py:93} INFO - 	at scala.runtime.java8.JFunction0$mcV$sp.apply(JFunction0$mcV$sp.java:23)
[2026-08-12T21:21:07.577+0000] {job.py:239} ERROR - Job heartbeat failed with error
Traceback (most recent call last):
  File "/home/airflow/.local/lib/python3.12/site-packages/sqlalchemy/engine/base.py", line 3371, in _wrap_pool_connect
    return fn()
           ^^^^
  File "/home/airflow/.local/lib/python3.12/site-packages/sqlalchemy/pool/base.py", line 327, in connect
    return _ConnectionFairy._checkout(self)
           ^^^^^^^^^^^^^^^^^^^^^^^^^^^^^^^^
  File "/home/airflow/.local/lib/python3.12/site-packages/sqlalchemy/pool/base.py", line 894, in _checkout
    fairy = _ConnectionRecord.checkout(pool)
            ^^^^^^^^^^^^^^^^^^^^^^^^^^^^^^^^
  File "/home/airflow/.local/lib/python3.12/site-packages/sqlalchemy/pool/base.py", line 493, in checkout
    rec = pool._do_get()
          ^^^^^^^^^^^^^^
  File "/home/airflow/.local/lib/python3.12/site-packages/sqlalchemy/pool/impl.py", line 256, in _do_get
    return self._create_connection()
           ^^^^^^^^^^^^^^^^^^^^^^^^^
  File "/home/airflow/.local/lib/python3.12/site-packages/sqlalchemy/pool/base.py", line 273, in _create_connection
    return _ConnectionRecord(self)
           ^^^^^^^^^^^^^^^^^^^^^^^
  File "/home/airflow/.local/lib/python3.12/site-packages/sqlalchemy/pool/base.py", line 388, in __init__
    self.__connect()
  File "/home/airflow/.local/lib/python3.12/site-packages/sqlalchemy/pool/base.py", line 690, in __connect
    with util.safe_reraise():
  File "/home/airflow/.local/lib/python3.12/site-packages/sqlalchemy/util/langhelpers.py", line 70, in __exit__
    compat.raise_(
  File "/home/airflow/.local/lib/python3.12/site-packages/sqlalchemy/util/compat.py", line 211, in raise_
    raise exception
  File "/home/airflow/.local/lib/python3.12/site-packages/sqlalchemy/pool/base.py", line 686, in __connect
    self.dbapi_connection = connection = pool._invoke_creator(self)
                                         ^^^^^^^^^^^^^^^^^^^^^^^^^^
  File "/home/airflow/.local/lib/python3.12/site-packages/sqlalchemy/engine/create.py", line 574, in connect
    return dialect.connect(*cargs, **cparams)
           ^^^^^^^^^^^^^^^^^^^^^^^^^^^^^^^^^^
  File "/home/airflow/.local/lib/python3.12/site-packages/sqlalchemy/engine/default.py", line 598, in connect
    return self.dbapi.connect(*cargs, **cparams)
           ^^^^^^^^^^^^^^^^^^^^^^^^^^^^^^^^^^^^^
  File "/home/airflow/.local/lib/python3.12/site-packages/psycopg2/__init__.py", line 122, in connect
    conn = _connect(dsn, connection_factory=connection_factory, **kwasync)
           ^^^^^^^^^^^^^^^^^^^^^^^^^^^^^^^^^^^^^^^^^^^^^^^^^^^^^^^^^^^^^^^
psycopg2.OperationalError: could not translate host name "postgres" to address: Temporary failure in name resolution


The above exception was the direct cause of the following exception:

Traceback (most recent call last):
  File "/home/airflow/.local/lib/python3.12/site-packages/airflow/jobs/job.py", line 233, in heartbeat
    heartbeat_callback(session)
  File "/home/airflow/.local/lib/python3.12/site-packages/airflow/utils/session.py", line 94, in wrapper
    return func(*args, **kwargs)
           ^^^^^^^^^^^^^^^^^^^^^
  File "/home/airflow/.local/lib/python3.12/site-packages/airflow/jobs/local_task_job_runner.py", line 279, in heartbeat_callback
    self.task_instance.refresh_from_db()
  File "/home/airflow/.local/lib/python3.12/site-packages/airflow/utils/session.py", line 97, in wrapper
    return func(*args, session=session, **kwargs)
           ^^^^^^^^^^^^^^^^^^^^^^^^^^^^^^^^^^^^^^
  File "/home/airflow/.local/lib/python3.12/site-packages/airflow/models/taskinstance.py", line 2349, in refresh_from_db
    _refresh_from_db(task_instance=self, session=session, lock_for_update=lock_for_update)
  File "/home/airflow/.local/lib/python3.12/site-packages/airflow/models/taskinstance.py", line 872, in _refresh_from_db
    ti = TaskInstance.get_task_instance(
         ^^^^^^^^^^^^^^^^^^^^^^^^^^^^^^^
  File "/home/airflow/.local/lib/python3.12/site-packages/airflow/api_internal/internal_api_call.py", line 139, in wrapper
    return func(*args, **kwargs)
           ^^^^^^^^^^^^^^^^^^^^^
  File "/home/airflow/.local/lib/python3.12/site-packages/airflow/utils/session.py", line 94, in wrapper
    return func(*args, **kwargs)
           ^^^^^^^^^^^^^^^^^^^^^
  File "/home/airflow/.local/lib/python3.12/site-packages/airflow/models/taskinstance.py", line 2335, in get_task_instance
    return query.one_or_none()
           ^^^^^^^^^^^^^^^^^^^
  File "/home/airflow/.local/lib/python3.12/site-packages/sqlalchemy/orm/query.py", line 2850, in one_or_none
    return self._iter().one_or_none()
           ^^^^^^^^^^^^
  File "/home/airflow/.local/lib/python3.12/site-packages/sqlalchemy/orm/query.py", line 2916, in _iter
    result = self.session.execute(
             ^^^^^^^^^^^^^^^^^^^^^
  File "/home/airflow/.local/lib/python3.12/site-packages/sqlalchemy/orm/session.py", line 1716, in execute
    conn = self._connection_for_bind(bind)
           ^^^^^^^^^^^^^^^^^^^^^^^^^^^^^^^
  File "/home/airflow/.local/lib/python3.12/site-packages/sqlalchemy/orm/session.py", line 1555, in _connection_for_bind
    return self._transaction._connection_for_bind(
           ^^^^^^^^^^^^^^^^^^^^^^^^^^^^^^^^^^^^^^^
  File "/home/airflow/.local/lib/python3.12/site-packages/sqlalchemy/orm/session.py", line 750, in _connection_for_bind
    conn = bind.connect()
           ^^^^^^^^^^^^^^
  File "/home/airflow/.local/lib/python3.12/site-packages/sqlalchemy/future/engine.py", line 412, in connect
    return super(Engine, self).connect()
           ^^^^^^^^^^^^^^^^^^^^^^^^^^^^^
  File "/home/airflow/.local/lib/python3.12/site-packages/sqlalchemy/engine/base.py", line 3325, in connect
    return self._connection_cls(self, close_with_result=close_with_result)
           ^^^^^^^^^^^^^^^^^^^^^^^^^^^^^^^^^^^^^^^^^^^^^^^^^^^^^^^^^^^^^^^
  File "/home/airflow/.local/lib/python3.12/site-packages/sqlalchemy/engine/base.py", line 96, in __init__
    else engine.raw_connection()
         ^^^^^^^^^^^^^^^^^^^^^^^
  File "/home/airflow/.local/lib/python3.12/site-packages/sqlalchemy/engine/base.py", line 3404, in raw_connection
    return self._wrap_pool_connect(self.pool.connect, _connection)
           ^^^^^^^^^^^^^^^^^^^^^^^^^^^^^^^^^^^^^^^^^^^^^^^^^^^^^^^
  File "/home/airflow/.local/lib/python3.12/site-packages/sqlalchemy/engine/base.py", line 3374, in _wrap_pool_connect
    Connection._handle_dbapi_exception_noconnection(
  File "/home/airflow/.local/lib/python3.12/site-packages/sqlalchemy/engine/base.py", line 2208, in _handle_dbapi_exception_noconnection
    util.raise_(
  File "/home/airflow/.local/lib/python3.12/site-packages/sqlalchemy/util/compat.py", line 211, in raise_
    raise exception
  File "/home/airflow/.local/lib/python3.12/site-packages/sqlalchemy/engine/base.py", line 3371, in _wrap_pool_connect
    return fn()
           ^^^^
  File "/home/airflow/.local/lib/python3.12/site-packages/sqlalchemy/pool/base.py", line 327, in connect
    return _ConnectionFairy._checkout(self)
           ^^^^^^^^^^^^^^^^^^^^^^^^^^^^^^^^
  File "/home/airflow/.local/lib/python3.12/site-packages/sqlalchemy/pool/base.py", line 894, in _checkout
    fairy = _ConnectionRecord.checkout(pool)
            ^^^^^^^^^^^^^^^^^^^^^^^^^^^^^^^^
  File "/home/airflow/.local/lib/python3.12/site-packages/sqlalchemy/pool/base.py", line 493, in checkout
    rec = pool._do_get()
          ^^^^^^^^^^^^^^
  File "/home/airflow/.local/lib/python3.12/site-packages/sqlalchemy/pool/impl.py", line 256, in _do_get
    return self._create_connection()
           ^^^^^^^^^^^^^^^^^^^^^^^^^
  File "/home/airflow/.local/lib/python3.12/site-packages/sqlalchemy/pool/base.py", line 273, in _create_connection
    return _ConnectionRecord(self)
           ^^^^^^^^^^^^^^^^^^^^^^^
  File "/home/airflow/.local/lib/python3.12/site-packages/sqlalchemy/pool/base.py", line 388, in __init__
    self.__connect()
  File "/home/airflow/.local/lib/python3.12/site-packages/sqlalchemy/pool/base.py", line 690, in __connect
    with util.safe_reraise():
  File "/home/airflow/.local/lib/python3.12/site-packages/sqlalchemy/util/langhelpers.py", line 70, in __exit__
    compat.raise_(
  File "/home/airflow/.local/lib/python3.12/site-packages/sqlalchemy/util/compat.py", line 211, in raise_
    raise exception
  File "/home/airflow/.local/lib/python3.12/site-packages/sqlalchemy/pool/base.py", line 686, in __connect
    self.dbapi_connection = connection = pool._invoke_creator(self)
                                         ^^^^^^^^^^^^^^^^^^^^^^^^^^
  File "/home/airflow/.local/lib/python3.12/site-packages/sqlalchemy/engine/create.py", line 574, in connect
    return dialect.connect(*cargs, **cparams)
           ^^^^^^^^^^^^^^^^^^^^^^^^^^^^^^^^^^
  File "/home/airflow/.local/lib/python3.12/site-packages/sqlalchemy/engine/default.py", line 598, in connect
    return self.dbapi.connect(*cargs, **cparams)
           ^^^^^^^^^^^^^^^^^^^^^^^^^^^^^^^^^^^^^
  File "/home/airflow/.local/lib/python3.12/site-packages/psycopg2/__init__.py", line 122, in connect
    conn = _connect(dsn, connection_factory=connection_factory, **kwasync)
           ^^^^^^^^^^^^^^^^^^^^^^^^^^^^^^^^^^^^^^^^^^^^^^^^^^^^^^^^^^^^^^^
sqlalchemy.exc.OperationalError: (psycopg2.OperationalError) could not translate host name "postgres" to address: Temporary failure in name resolution

(Background on this error at: https://sqlalche.me/e/14/e3q8)
[2026-08-12T21:21:08.114+0000] {subprocess.py:93} INFO - 	at org.apache.spark.util.Utils$.logUncaughtExceptions(Utils.scala:1928)
[2026-08-12T21:21:08.192+0000] {job.py:254} ERROR - Job heartbeat failed with error. Scheduler is in unhealthy state
[2026-08-12T21:21:08.346+0000] {subprocess.py:93} INFO - 	at org.apache.spark.Heartbeater$$anon$1.run(Heartbeater.scala:46)
[2026-08-12T21:21:08.652+0000] {subprocess.py:93} INFO - 	at java.base/java.util.concurrent.Executors$RunnableAdapter.call(Executors.java:539)
[2026-08-12T21:21:08.721+0000] {subprocess.py:93} INFO - 	at java.base/java.util.concurrent.FutureTask.runAndReset(FutureTask.java:305)
[2026-08-12T21:21:08.732+0000] {subprocess.py:93} INFO - 	at java.base/java.util.concurrent.ScheduledThreadPoolExecutor$ScheduledFutureTask.run(ScheduledThreadPoolExecutor.java:305)
[2026-08-12T21:21:08.744+0000] {subprocess.py:93} INFO - 	at java.base/java.util.concurrent.ThreadPoolExecutor.runWorker(ThreadPoolExecutor.java:1136)
[2026-08-12T21:21:08.747+0000] {subprocess.py:93} INFO - 	at java.base/java.util.concurrent.ThreadPoolExecutor$Worker.run(ThreadPoolExecutor.java:635)
[2026-08-12T21:21:08.756+0000] {subprocess.py:93} INFO - 	at java.base/java.lang.Thread.run(Thread.java:840)
[2026-08-12T21:21:08.768+0000] {subprocess.py:93} INFO - Caused by: org.apache.spark.SparkException: Exception thrown in awaitResult:
[2026-08-12T21:21:08.772+0000] {subprocess.py:93} INFO - 	at org.apache.spark.util.SparkThreadUtils$.awaitResult(SparkThreadUtils.scala:56)
[2026-08-12T21:21:08.791+0000] {subprocess.py:93} INFO - 	at org.apache.spark.util.ThreadUtils$.awaitResult(ThreadUtils.scala:310)
[2026-08-12T21:21:08.837+0000] {subprocess.py:93} INFO - 	at org.apache.spark.rpc.RpcTimeout.awaitResult(RpcTimeout.scala:75)
[2026-08-12T21:21:08.875+0000] {subprocess.py:93} INFO - 	at org.apache.spark.rpc.RpcEnv.setupEndpointRefByURI(RpcEnv.scala:102)
[2026-08-12T21:21:08.906+0000] {subprocess.py:93} INFO - 	at org.apache.spark.rpc.RpcEnv.setupEndpointRef(RpcEnv.scala:110)
[2026-08-12T21:21:08.952+0000] {subprocess.py:93} INFO - 	at org.apache.spark.util.RpcUtils$.makeDriverRef(RpcUtils.scala:36)
[2026-08-12T21:21:09.003+0000] {subprocess.py:93} INFO - 	at org.apache.spark.storage.BlockManagerMasterEndpoint.driverEndpoint$lzycompute(BlockManagerMasterEndpoint.scala:124)
[2026-08-12T21:21:09.075+0000] {subprocess.py:93} INFO - 	at org.apache.spark.storage.BlockManagerMasterEndpoint.org$apache$spark$storage$BlockManagerMasterEndpoint$$driverEndpoint(BlockManagerMasterEndpoint.scala:123)
[2026-08-12T21:21:09.166+0000] {subprocess.py:93} INFO - 	at org.apache.spark.storage.BlockManagerMasterEndpoint.isExecutorAlive$lzycompute$1(BlockManagerMasterEndpoint.scala:688)
[2026-08-12T21:21:09.189+0000] {subprocess.py:93} INFO - 	at org.apache.spark.storage.BlockManagerMasterEndpoint.isExecutorAlive$1(BlockManagerMasterEndpoint.scala:687)
[2026-08-12T21:21:09.197+0000] {subprocess.py:93} INFO - 	at org.apache.spark.storage.BlockManagerMasterEndpoint.org$apache$spark$storage$BlockManagerMasterEndpoint$$register(BlockManagerMasterEndpoint.scala:725)
[2026-08-12T21:21:09.314+0000] {subprocess.py:93} INFO - 	at org.apache.spark.storage.BlockManagerMasterEndpoint$$anonfun$receiveAndReply$1.applyOrElse(BlockManagerMasterEndpoint.scala:133)
[2026-08-12T21:21:09.342+0000] {subprocess.py:93} INFO - 	at org.apache.spark.rpc.netty.Inbox.$anonfun$process$1(Inbox.scala:103)
[2026-08-12T21:21:09.409+0000] {subprocess.py:93} INFO - 	at org.apache.spark.rpc.netty.Inbox.safelyCall(Inbox.scala:213)
[2026-08-12T21:21:09.415+0000] {subprocess.py:93} INFO - 	at org.apache.spark.rpc.netty.Inbox.process(Inbox.scala:100)
[2026-08-12T21:21:09.447+0000] {subprocess.py:93} INFO - 	at org.apache.spark.rpc.netty.MessageLoop.org$apache$spark$rpc$netty$MessageLoop$$receiveLoop(MessageLoop.scala:75)
[2026-08-12T21:21:09.464+0000] {subprocess.py:93} INFO - 	at org.apache.spark.rpc.netty.MessageLoop$$anon$1.run(MessageLoop.scala:41)
[2026-08-12T21:21:09.479+0000] {subprocess.py:93} INFO - 	... 3 more
[2026-08-12T21:21:09.487+0000] {subprocess.py:93} INFO - Caused by: org.apache.spark.rpc.RpcEndpointNotFoundException: Cannot find endpoint: spark://CoarseGrainedScheduler@4099a95615c9:36011
[2026-08-12T21:21:09.524+0000] {subprocess.py:93} INFO - 	at org.apache.spark.rpc.netty.NettyRpcEnv.$anonfun$asyncSetupEndpointRefByURI$1(NettyRpcEnv.scala:148)
[2026-08-12T21:21:09.542+0000] {subprocess.py:93} INFO - 	at org.apache.spark.rpc.netty.NettyRpcEnv.$anonfun$asyncSetupEndpointRefByURI$1$adapted(NettyRpcEnv.scala:144)
[2026-08-12T21:21:09.553+0000] {subprocess.py:93} INFO - 	at scala.concurrent.Future.$anonfun$flatMap$1(Future.scala:307)
[2026-08-12T21:21:09.624+0000] {subprocess.py:93} INFO - 	at scala.concurrent.impl.Promise.$anonfun$transformWith$1(Promise.scala:41)
[2026-08-12T21:21:09.644+0000] {subprocess.py:93} INFO - 	at scala.concurrent.impl.CallbackRunnable.run(Promise.scala:64)
[2026-08-12T21:21:09.663+0000] {subprocess.py:93} INFO - 	at org.apache.spark.util.ThreadUtils$$anon$1.execute(ThreadUtils.scala:99)
[2026-08-12T21:21:09.689+0000] {subprocess.py:93} INFO - 	at scala.concurrent.impl.ExecutionContextImpl$$anon$4.execute(ExecutionContextImpl.scala:138)
[2026-08-12T21:21:09.819+0000] {subprocess.py:93} INFO - 	at scala.concurrent.impl.CallbackRunnable.executeWithValue(Promise.scala:72)
[2026-08-12T21:21:09.835+0000] {subprocess.py:93} INFO - 	at scala.concurrent.impl.Promise$DefaultPromise.$anonfun$tryComplete$1(Promise.scala:288)
[2026-08-12T21:21:09.909+0000] {subprocess.py:93} INFO - 	at scala.concurrent.impl.Promise$DefaultPromise.$anonfun$tryComplete$1$adapted(Promise.scala:288)
[2026-08-12T21:21:09.925+0000] {subprocess.py:93} INFO - 	at scala.concurrent.impl.Promise$DefaultPromise.tryComplete(Promise.scala:288)
[2026-08-12T21:21:09.969+0000] {subprocess.py:93} INFO - 	at scala.concurrent.Promise.complete(Promise.scala:53)
[2026-08-12T21:21:09.989+0000] {subprocess.py:93} INFO - 	at scala.concurrent.Promise.complete$(Promise.scala:52)
[2026-08-12T21:21:10.073+0000] {subprocess.py:93} INFO - 	at scala.concurrent.impl.Promise$DefaultPromise.complete(Promise.scala:187)
[2026-08-12T21:21:10.091+0000] {subprocess.py:93} INFO - 	at scala.concurrent.impl.Promise.$anonfun$transform$1(Promise.scala:33)
[2026-08-12T21:21:10.151+0000] {subprocess.py:93} INFO - 	at scala.concurrent.impl.CallbackRunnable.run(Promise.scala:64)
[2026-08-12T21:21:10.188+0000] {subprocess.py:93} INFO - 	at org.apache.spark.util.ThreadUtils$$anon$1.execute(ThreadUtils.scala:99)
[2026-08-12T21:21:10.202+0000] {subprocess.py:93} INFO - 	at scala.concurrent.impl.ExecutionContextImpl$$anon$4.execute(ExecutionContextImpl.scala:138)
[2026-08-12T21:21:10.213+0000] {subprocess.py:93} INFO - 	at scala.concurrent.impl.CallbackRunnable.executeWithValue(Promise.scala:72)
[2026-08-12T21:21:10.338+0000] {subprocess.py:93} INFO - 	at scala.concurrent.impl.Promise$DefaultPromise.$anonfun$tryComplete$1(Promise.scala:288)
[2026-08-12T21:21:10.746+0000] {subprocess.py:93} INFO - 	at scala.concurrent.impl.Promise$DefaultPromise.$anonfun$tryComplete$1$adapted(Promise.scala:288)
[2026-08-12T21:21:10.771+0000] {subprocess.py:93} INFO - 	at scala.concurrent.impl.Promise$DefaultPromise.tryComplete(Promise.scala:288)
[2026-08-12T21:21:10.816+0000] {subprocess.py:93} INFO - 	at scala.concurrent.Promise.complete(Promise.scala:53)
[2026-08-12T21:21:10.906+0000] {subprocess.py:93} INFO - 	at scala.concurrent.Promise.complete$(Promise.scala:52)
[2026-08-12T21:21:10.938+0000] {subprocess.py:93} INFO - 	at scala.concurrent.impl.Promise$DefaultPromise.complete(Promise.scala:187)
[2026-08-12T21:21:10.970+0000] {subprocess.py:93} INFO - 	at scala.concurrent.impl.Promise.$anonfun$transform$1(Promise.scala:33)
[2026-08-12T21:21:11.007+0000] {subprocess.py:93} INFO - 	at scala.concurrent.impl.CallbackRunnable.run(Promise.scala:64)
[2026-08-12T21:21:11.145+0000] {subprocess.py:93} INFO - 	at scala.concurrent.BatchingExecutor$Batch.processBatch$1(BatchingExecutor.scala:67)
[2026-08-12T21:21:11.186+0000] {subprocess.py:93} INFO - 	at scala.concurrent.BatchingExecutor$Batch.$anonfun$run$1(BatchingExecutor.scala:82)
[2026-08-12T21:21:11.209+0000] {subprocess.py:93} INFO - 	at scala.runtime.java8.JFunction0$mcV$sp.apply(JFunction0$mcV$sp.java:23)
[2026-08-12T21:21:11.231+0000] {subprocess.py:93} INFO - 	at scala.concurrent.BlockContext$.withBlockContext(BlockContext.scala:85)
[2026-08-12T21:21:11.263+0000] {subprocess.py:93} INFO - 	at scala.concurrent.BatchingExecutor$Batch.run(BatchingExecutor.scala:59)
[2026-08-12T21:21:11.331+0000] {subprocess.py:93} INFO - 	at scala.concurrent.Future$InternalCallbackExecutor$.unbatchedExecute(Future.scala:875)
[2026-08-12T21:21:11.356+0000] {subprocess.py:93} INFO - 	at scala.concurrent.BatchingExecutor.execute(BatchingExecutor.scala:110)
[2026-08-12T21:21:11.371+0000] {subprocess.py:93} INFO - 	at scala.concurrent.BatchingExecutor.execute$(BatchingExecutor.scala:107)
[2026-08-12T21:21:11.391+0000] {subprocess.py:93} INFO - 	at scala.concurrent.Future$InternalCallbackExecutor$.execute(Future.scala:873)
[2026-08-12T21:21:11.410+0000] {subprocess.py:93} INFO - 	at scala.concurrent.impl.CallbackRunnable.executeWithValue(Promise.scala:72)
[2026-08-12T21:21:11.417+0000] {subprocess.py:93} INFO - 	at scala.concurrent.impl.Promise$DefaultPromise.$anonfun$tryComplete$1(Promise.scala:288)
[2026-08-12T21:21:11.476+0000] {subprocess.py:93} INFO - 	at scala.concurrent.impl.Promise$DefaultPromise.$anonfun$tryComplete$1$adapted(Promise.scala:288)
[2026-08-12T21:21:11.508+0000] {subprocess.py:93} INFO - 	at scala.concurrent.impl.Promise$DefaultPromise.tryComplete(Promise.scala:288)
[2026-08-12T21:21:11.531+0000] {subprocess.py:93} INFO - 	at scala.concurrent.Promise.trySuccess(Promise.scala:94)
[2026-08-12T21:21:11.586+0000] {subprocess.py:93} INFO - 	at scala.concurrent.Promise.trySuccess$(Promise.scala:94)
[2026-08-12T21:21:11.593+0000] {subprocess.py:93} INFO - 	at scala.concurrent.impl.Promise$DefaultPromise.trySuccess(Promise.scala:187)
[2026-08-12T21:21:11.607+0000] {subprocess.py:93} INFO - 	at org.apache.spark.rpc.netty.NettyRpcEnv.onSuccess$1(NettyRpcEnv.scala:225)
[2026-08-12T21:21:11.611+0000] {subprocess.py:93} INFO - 	at org.apache.spark.rpc.netty.NettyRpcEnv.$anonfun$askAbortable$5(NettyRpcEnv.scala:239)
[2026-08-12T21:21:11.657+0000] {subprocess.py:93} INFO - 	at org.apache.spark.rpc.netty.NettyRpcEnv.$anonfun$askAbortable$5$adapted(NettyRpcEnv.scala:238)
[2026-08-12T21:21:11.696+0000] {subprocess.py:93} INFO - 	at scala.concurrent.impl.CallbackRunnable.run(Promise.scala:64)
[2026-08-12T21:21:11.760+0000] {subprocess.py:93} INFO - 	at org.apache.spark.util.ThreadUtils$$anon$1.execute(ThreadUtils.scala:99)
[2026-08-12T21:21:11.814+0000] {subprocess.py:93} INFO - 	at scala.concurrent.impl.ExecutionContextImpl$$anon$4.execute(ExecutionContextImpl.scala:138)
[2026-08-12T21:21:11.850+0000] {subprocess.py:93} INFO - 	at scala.concurrent.impl.CallbackRunnable.executeWithValue(Promise.scala:72)
[2026-08-12T21:21:11.892+0000] {subprocess.py:93} INFO - 	at scala.concurrent.impl.Promise$DefaultPromise.$anonfun$tryComplete$1(Promise.scala:288)
[2026-08-12T21:21:11.916+0000] {subprocess.py:93} INFO - 	at scala.concurrent.impl.Promise$DefaultPromise.$anonfun$tryComplete$1$adapted(Promise.scala:288)
[2026-08-12T21:21:11.947+0000] {subprocess.py:93} INFO - 	at scala.concurrent.impl.Promise$DefaultPromise.tryComplete(Promise.scala:288)
[2026-08-12T21:21:11.958+0000] {subprocess.py:93} INFO - 	at scala.concurrent.Promise.complete(Promise.scala:53)
[2026-08-12T21:21:11.974+0000] {subprocess.py:93} INFO - 	at scala.concurrent.Promise.complete$(Promise.scala:52)
[2026-08-12T21:21:11.996+0000] {subprocess.py:93} INFO - 	at scala.concurrent.impl.Promise$DefaultPromise.complete(Promise.scala:187)
[2026-08-12T21:21:12.150+0000] {subprocess.py:93} INFO - 	at scala.concurrent.Promise.success(Promise.scala:86)
[2026-08-12T21:21:12.169+0000] {subprocess.py:93} INFO - 	at scala.concurrent.Promise.success$(Promise.scala:86)
[2026-08-12T21:21:12.237+0000] {subprocess.py:93} INFO - 	at scala.concurrent.impl.Promise$DefaultPromise.success(Promise.scala:187)
[2026-08-12T21:21:12.369+0000] {subprocess.py:93} INFO - 	at org.apache.spark.rpc.netty.LocalNettyRpcCallContext.send(NettyRpcCallContext.scala:50)
[2026-08-12T21:21:12.387+0000] {subprocess.py:93} INFO - 	at org.apache.spark.rpc.netty.NettyRpcCallContext.reply(NettyRpcCallContext.scala:32)
[2026-08-12T21:21:12.777+0000] {subprocess.py:93} INFO - 	at org.apache.spark.rpc.netty.RpcEndpointVerifier$$anonfun$receiveAndReply$1.applyOrElse(RpcEndpointVerifier.scala:31)
[2026-08-12T21:21:12.892+0000] {subprocess.py:93} INFO - 	... 8 more
[2026-08-12T21:21:12.990+0000] {subprocess.py:93} INFO - 26/08/12 21:17:50 WARN Executor: Issue communicating with driver in heartbeater
[2026-08-12T21:21:12.994+0000] {subprocess.py:93} INFO - org.apache.spark.SparkException: Exception thrown in awaitResult:
[2026-08-12T21:21:13.300+0000] {subprocess.py:93} INFO - 	at org.apache.spark.util.SparkThreadUtils$.awaitResult(SparkThreadUtils.scala:56)
[2026-08-12T21:21:13.354+0000] {subprocess.py:93} INFO - 	at org.apache.spark.util.ThreadUtils$.awaitResult(ThreadUtils.scala:310)
[2026-08-12T21:21:13.371+0000] {subprocess.py:93} INFO - 	at org.apache.spark.rpc.RpcTimeout.awaitResult(RpcTimeout.scala:75)
[2026-08-12T21:21:13.378+0000] {subprocess.py:93} INFO - 	at org.apache.spark.rpc.RpcEndpointRef.askSync(RpcEndpointRef.scala:101)
[2026-08-12T21:21:13.392+0000] {subprocess.py:93} INFO - 	at org.apache.spark.rpc.RpcEndpointRef.askSync(RpcEndpointRef.scala:85)
[2026-08-12T21:21:13.412+0000] {subprocess.py:93} INFO - 	at org.apache.spark.storage.BlockManagerMaster.registerBlockManager(BlockManagerMaster.scala:80)
[2026-08-12T21:21:13.457+0000] {subprocess.py:93} INFO - 	at org.apache.spark.storage.BlockManager.reregister(BlockManager.scala:642)
[2026-08-12T21:21:13.491+0000] {subprocess.py:93} INFO - 	at org.apache.spark.executor.Executor.reportHeartBeat(Executor.scala:1223)
[2026-08-12T21:21:13.510+0000] {subprocess.py:93} INFO - 	at org.apache.spark.executor.Executor.$anonfun$heartbeater$1(Executor.scala:295)
[2026-08-12T21:21:13.542+0000] {subprocess.py:93} INFO - 	at scala.runtime.java8.JFunction0$mcV$sp.apply(JFunction0$mcV$sp.java:23)
[2026-08-12T21:21:13.560+0000] {subprocess.py:93} INFO - 	at org.apache.spark.util.Utils$.logUncaughtExceptions(Utils.scala:1928)
[2026-08-12T21:21:13.750+0000] {job.py:229} INFO - Heartbeat recovered after 16.37 seconds
[2026-08-12T21:21:13.734+0000] {subprocess.py:93} INFO - 	at org.apache.spark.Heartbeater$$anon$1.run(Heartbeater.scala:46)
[2026-08-12T21:21:13.905+0000] {subprocess.py:93} INFO - 	at java.base/java.util.concurrent.Executors$RunnableAdapter.call(Executors.java:539)
[2026-08-12T21:21:14.386+0000] {subprocess.py:93} INFO - 	at java.base/java.util.concurrent.FutureTask.runAndReset(FutureTask.java:305)
[2026-08-12T21:21:14.429+0000] {subprocess.py:93} INFO - 	at java.base/java.util.concurrent.ScheduledThreadPoolExecutor$ScheduledFutureTask.run(ScheduledThreadPoolExecutor.java:305)
[2026-08-12T21:21:14.453+0000] {subprocess.py:93} INFO - 	at java.base/java.util.concurrent.ThreadPoolExecutor.runWorker(ThreadPoolExecutor.java:1136)
[2026-08-12T21:21:14.519+0000] {subprocess.py:93} INFO - 	at java.base/java.util.concurrent.ThreadPoolExecutor$Worker.run(ThreadPoolExecutor.java:635)
[2026-08-12T21:21:14.602+0000] {subprocess.py:93} INFO - 	at java.base/java.lang.Thread.run(Thread.java:840)
[2026-08-12T21:21:14.627+0000] {subprocess.py:93} INFO - Caused by: org.apache.spark.SparkException: Exception thrown in awaitResult:
[2026-08-12T21:21:14.892+0000] {subprocess.py:93} INFO - 	at org.apache.spark.util.SparkThreadUtils$.awaitResult(SparkThreadUtils.scala:56)
[2026-08-12T21:21:14.964+0000] {subprocess.py:93} INFO - 	at org.apache.spark.util.ThreadUtils$.awaitResult(ThreadUtils.scala:310)
[2026-08-12T21:21:15.141+0000] {subprocess.py:93} INFO - 	at org.apache.spark.rpc.RpcTimeout.awaitResult(RpcTimeout.scala:75)
[2026-08-12T21:21:15.176+0000] {subprocess.py:93} INFO - 	at org.apache.spark.rpc.RpcEnv.setupEndpointRefByURI(RpcEnv.scala:102)
[2026-08-12T21:21:15.579+0000] {subprocess.py:93} INFO - 	at org.apache.spark.rpc.RpcEnv.setupEndpointRef(RpcEnv.scala:110)
[2026-08-12T21:21:15.631+0000] {subprocess.py:93} INFO - 	at org.apache.spark.util.RpcUtils$.makeDriverRef(RpcUtils.scala:36)
[2026-08-12T21:21:15.664+0000] {subprocess.py:93} INFO - 	at org.apache.spark.storage.BlockManagerMasterEndpoint.driverEndpoint$lzycompute(BlockManagerMasterEndpoint.scala:124)
[2026-08-12T21:21:15.682+0000] {subprocess.py:93} INFO - 	at org.apache.spark.storage.BlockManagerMasterEndpoint.org$apache$spark$storage$BlockManagerMasterEndpoint$$driverEndpoint(BlockManagerMasterEndpoint.scala:123)
[2026-08-12T21:21:15.785+0000] {subprocess.py:93} INFO - 	at org.apache.spark.storage.BlockManagerMasterEndpoint.isExecutorAlive$lzycompute$1(BlockManagerMasterEndpoint.scala:688)
[2026-08-12T21:21:15.801+0000] {subprocess.py:93} INFO - 	at org.apache.spark.storage.BlockManagerMasterEndpoint.isExecutorAlive$1(BlockManagerMasterEndpoint.scala:687)
[2026-08-12T21:21:15.804+0000] {subprocess.py:93} INFO - 	at org.apache.spark.storage.BlockManagerMasterEndpoint.org$apache$spark$storage$BlockManagerMasterEndpoint$$register(BlockManagerMasterEndpoint.scala:725)
[2026-08-12T21:21:15.824+0000] {subprocess.py:93} INFO - 	at org.apache.spark.storage.BlockManagerMasterEndpoint$$anonfun$receiveAndReply$1.applyOrElse(BlockManagerMasterEndpoint.scala:133)
[2026-08-12T21:21:15.827+0000] {subprocess.py:93} INFO - 	at org.apache.spark.rpc.netty.Inbox.$anonfun$process$1(Inbox.scala:103)
[2026-08-12T21:21:15.835+0000] {subprocess.py:93} INFO - 	at org.apache.spark.rpc.netty.Inbox.safelyCall(Inbox.scala:213)
[2026-08-12T21:21:15.868+0000] {subprocess.py:93} INFO - 	at org.apache.spark.rpc.netty.Inbox.process(Inbox.scala:100)
[2026-08-12T21:21:15.940+0000] {subprocess.py:93} INFO - 	at org.apache.spark.rpc.netty.MessageLoop.org$apache$spark$rpc$netty$MessageLoop$$receiveLoop(MessageLoop.scala:75)
[2026-08-12T21:21:15.995+0000] {subprocess.py:93} INFO - 	at org.apache.spark.rpc.netty.MessageLoop$$anon$1.run(MessageLoop.scala:41)
[2026-08-12T21:21:16.006+0000] {subprocess.py:93} INFO - 	... 3 more
[2026-08-12T21:21:16.051+0000] {subprocess.py:93} INFO - Caused by: org.apache.spark.rpc.RpcEndpointNotFoundException: Cannot find endpoint: spark://CoarseGrainedScheduler@4099a95615c9:36011
[2026-08-12T21:21:16.054+0000] {subprocess.py:93} INFO - 	at org.apache.spark.rpc.netty.NettyRpcEnv.$anonfun$asyncSetupEndpointRefByURI$1(NettyRpcEnv.scala:148)
[2026-08-12T21:21:16.057+0000] {subprocess.py:93} INFO - 	at org.apache.spark.rpc.netty.NettyRpcEnv.$anonfun$asyncSetupEndpointRefByURI$1$adapted(NettyRpcEnv.scala:144)
[2026-08-12T21:21:16.104+0000] {subprocess.py:93} INFO - 	at scala.concurrent.Future.$anonfun$flatMap$1(Future.scala:307)
[2026-08-12T21:21:16.110+0000] {subprocess.py:93} INFO - 	at scala.concurrent.impl.Promise.$anonfun$transformWith$1(Promise.scala:41)
[2026-08-12T21:21:16.223+0000] {subprocess.py:93} INFO - 	at scala.concurrent.impl.CallbackRunnable.run(Promise.scala:64)
[2026-08-12T21:21:16.246+0000] {subprocess.py:93} INFO - 	at org.apache.spark.util.ThreadUtils$$anon$1.execute(ThreadUtils.scala:99)
[2026-08-12T21:21:16.341+0000] {subprocess.py:93} INFO - 	at scala.concurrent.impl.ExecutionContextImpl$$anon$4.execute(ExecutionContextImpl.scala:138)
[2026-08-12T21:21:16.365+0000] {subprocess.py:93} INFO - 	at scala.concurrent.impl.CallbackRunnable.executeWithValue(Promise.scala:72)
[2026-08-12T21:21:16.425+0000] {subprocess.py:93} INFO - 	at scala.concurrent.impl.Promise$DefaultPromise.dispatchOrAddCallback(Promise.scala:316)
[2026-08-12T21:21:16.679+0000] {subprocess.py:93} INFO - 	at scala.concurrent.impl.Promise$DefaultPromise.onComplete(Promise.scala:307)
[2026-08-12T21:21:16.701+0000] {subprocess.py:93} INFO - 	at scala.concurrent.impl.Promise.transformWith(Promise.scala:40)
[2026-08-12T21:21:16.811+0000] {subprocess.py:93} INFO - 	at scala.concurrent.impl.Promise.transformWith$(Promise.scala:38)
[2026-08-12T21:21:16.854+0000] {subprocess.py:93} INFO - 	at scala.concurrent.impl.Promise$DefaultPromise.transformWith(Promise.scala:187)
[2026-08-12T21:21:16.870+0000] {subprocess.py:93} INFO - 	at scala.concurrent.Future.flatMap(Future.scala:306)
[2026-08-12T21:21:16.873+0000] {subprocess.py:93} INFO - 	at scala.concurrent.Future.flatMap$(Future.scala:306)
[2026-08-12T21:21:16.886+0000] {subprocess.py:93} INFO - 	at scala.concurrent.impl.Promise$DefaultPromise.flatMap(Promise.scala:187)
[2026-08-12T21:21:16.902+0000] {subprocess.py:93} INFO - 	at org.apache.spark.rpc.netty.NettyRpcEnv.asyncSetupEndpointRefByURI(NettyRpcEnv.scala:150)
[2026-08-12T21:21:16.918+0000] {subprocess.py:93} INFO - 	... 17 more
[2026-08-12T21:21:16.954+0000] {subprocess.py:93} INFO - 26/08/12 21:17:50 ERROR Inbox: Ignoring error
[2026-08-12T21:21:16.974+0000] {subprocess.py:93} INFO - org.apache.spark.SparkException: Exception thrown in awaitResult:
[2026-08-12T21:21:17.026+0000] {subprocess.py:93} INFO - 	at org.apache.spark.util.SparkThreadUtils$.awaitResult(SparkThreadUtils.scala:56)
[2026-08-12T21:21:17.108+0000] {subprocess.py:93} INFO - 	at org.apache.spark.util.ThreadUtils$.awaitResult(ThreadUtils.scala:310)
[2026-08-12T21:21:17.129+0000] {subprocess.py:93} INFO - 	at org.apache.spark.rpc.RpcTimeout.awaitResult(RpcTimeout.scala:75)
[2026-08-12T21:21:17.144+0000] {subprocess.py:93} INFO - 	at org.apache.spark.rpc.RpcEnv.setupEndpointRefByURI(RpcEnv.scala:102)
[2026-08-12T21:21:17.159+0000] {subprocess.py:93} INFO - 	at org.apache.spark.rpc.RpcEnv.setupEndpointRef(RpcEnv.scala:110)
[2026-08-12T21:21:17.208+0000] {subprocess.py:93} INFO - 	at org.apache.spark.util.RpcUtils$.makeDriverRef(RpcUtils.scala:36)
[2026-08-12T21:21:17.224+0000] {subprocess.py:93} INFO - 	at org.apache.spark.storage.BlockManagerMasterEndpoint.driverEndpoint$lzycompute(BlockManagerMasterEndpoint.scala:124)
[2026-08-12T21:21:17.240+0000] {subprocess.py:93} INFO - 	at org.apache.spark.storage.BlockManagerMasterEndpoint.org$apache$spark$storage$BlockManagerMasterEndpoint$$driverEndpoint(BlockManagerMasterEndpoint.scala:123)
[2026-08-12T21:21:17.258+0000] {subprocess.py:93} INFO - 	at org.apache.spark.storage.BlockManagerMasterEndpoint.isExecutorAlive$lzycompute$1(BlockManagerMasterEndpoint.scala:688)
[2026-08-12T21:21:17.277+0000] {subprocess.py:93} INFO - 	at org.apache.spark.storage.BlockManagerMasterEndpoint.isExecutorAlive$1(BlockManagerMasterEndpoint.scala:687)
[2026-08-12T21:21:17.337+0000] {subprocess.py:93} INFO - 	at org.apache.spark.storage.BlockManagerMasterEndpoint.org$apache$spark$storage$BlockManagerMasterEndpoint$$register(BlockManagerMasterEndpoint.scala:725)
[2026-08-12T21:21:17.348+0000] {subprocess.py:93} INFO - 	at org.apache.spark.storage.BlockManagerMasterEndpoint$$anonfun$receiveAndReply$1.applyOrElse(BlockManagerMasterEndpoint.scala:133)
[2026-08-12T21:21:17.360+0000] {subprocess.py:93} INFO - 	at org.apache.spark.rpc.netty.Inbox.$anonfun$process$1(Inbox.scala:103)
[2026-08-12T21:21:17.416+0000] {subprocess.py:93} INFO - 	at org.apache.spark.rpc.netty.Inbox.safelyCall(Inbox.scala:213)
[2026-08-12T21:21:17.419+0000] {subprocess.py:93} INFO - 	at org.apache.spark.rpc.netty.Inbox.process(Inbox.scala:100)
[2026-08-12T21:21:17.439+0000] {subprocess.py:93} INFO - 	at org.apache.spark.rpc.netty.MessageLoop.org$apache$spark$rpc$netty$MessageLoop$$receiveLoop(MessageLoop.scala:75)
[2026-08-12T21:21:17.518+0000] {subprocess.py:93} INFO - 	at org.apache.spark.rpc.netty.MessageLoop$$anon$1.run(MessageLoop.scala:41)
[2026-08-12T21:21:17.526+0000] {subprocess.py:93} INFO - 	at java.base/java.util.concurrent.ThreadPoolExecutor.runWorker(ThreadPoolExecutor.java:1136)
[2026-08-12T21:21:17.541+0000] {subprocess.py:93} INFO - 	at java.base/java.util.concurrent.ThreadPoolExecutor$Worker.run(ThreadPoolExecutor.java:635)
[2026-08-12T21:21:17.562+0000] {subprocess.py:93} INFO - 	at java.base/java.lang.Thread.run(Thread.java:840)
[2026-08-12T21:21:17.575+0000] {subprocess.py:93} INFO - Caused by: org.apache.spark.rpc.RpcEndpointNotFoundException: Cannot find endpoint: spark://CoarseGrainedScheduler@4099a95615c9:36011
[2026-08-12T21:21:17.620+0000] {subprocess.py:93} INFO - 	at org.apache.spark.rpc.netty.NettyRpcEnv.$anonfun$asyncSetupEndpointRefByURI$1(NettyRpcEnv.scala:148)
[2026-08-12T21:21:17.652+0000] {subprocess.py:93} INFO - 	at org.apache.spark.rpc.netty.NettyRpcEnv.$anonfun$asyncSetupEndpointRefByURI$1$adapted(NettyRpcEnv.scala:144)
[2026-08-12T21:21:17.671+0000] {subprocess.py:93} INFO - 	at scala.concurrent.Future.$anonfun$flatMap$1(Future.scala:307)
[2026-08-12T21:21:17.772+0000] {subprocess.py:93} INFO - 	at scala.concurrent.impl.Promise.$anonfun$transformWith$1(Promise.scala:41)
[2026-08-12T21:21:17.776+0000] {subprocess.py:93} INFO - 	at scala.concurrent.impl.CallbackRunnable.run(Promise.scala:64)
[2026-08-12T21:21:17.867+0000] {subprocess.py:93} INFO - 	at org.apache.spark.util.ThreadUtils$$anon$1.execute(ThreadUtils.scala:99)
[2026-08-12T21:21:17.890+0000] {subprocess.py:93} INFO - 	at scala.concurrent.impl.ExecutionContextImpl$$anon$4.execute(ExecutionContextImpl.scala:138)
[2026-08-12T21:21:17.920+0000] {subprocess.py:93} INFO - 	at scala.concurrent.impl.CallbackRunnable.executeWithValue(Promise.scala:72)
[2026-08-12T21:21:17.941+0000] {subprocess.py:93} INFO - 	at scala.concurrent.impl.Promise$DefaultPromise.dispatchOrAddCallback(Promise.scala:316)
[2026-08-12T21:21:17.947+0000] {subprocess.py:93} INFO - 	at scala.concurrent.impl.Promise$DefaultPromise.onComplete(Promise.scala:307)
[2026-08-12T21:21:17.993+0000] {subprocess.py:93} INFO - 	at scala.concurrent.impl.Promise.transformWith(Promise.scala:40)
[2026-08-12T21:21:18.087+0000] {subprocess.py:93} INFO - 	at scala.concurrent.impl.Promise.transformWith$(Promise.scala:38)
[2026-08-12T21:21:18.120+0000] {subprocess.py:93} INFO - 	at scala.concurrent.impl.Promise$DefaultPromise.transformWith(Promise.scala:187)
[2026-08-12T21:21:18.229+0000] {subprocess.py:93} INFO - 	at scala.concurrent.Future.flatMap(Future.scala:306)
[2026-08-12T21:21:18.283+0000] {subprocess.py:93} INFO - 	at scala.concurrent.Future.flatMap$(Future.scala:306)
[2026-08-12T21:21:18.356+0000] {subprocess.py:93} INFO - 	at scala.concurrent.impl.Promise$DefaultPromise.flatMap(Promise.scala:187)
[2026-08-12T21:21:18.455+0000] {subprocess.py:93} INFO - 	at org.apache.spark.rpc.netty.NettyRpcEnv.asyncSetupEndpointRefByURI(NettyRpcEnv.scala:150)
[2026-08-12T21:21:18.529+0000] {subprocess.py:93} INFO - 	... 17 more
[2026-08-12T21:21:18.542+0000] {subprocess.py:93} INFO - 26/08/12 21:20:39 WARN Executor: Issue communicating with driver in heartbeater
[2026-08-12T21:21:18.564+0000] {subprocess.py:93} INFO - org.apache.spark.SparkException: Exception thrown in awaitResult:
[2026-08-12T21:21:18.598+0000] {subprocess.py:93} INFO - 	at org.apache.spark.util.SparkThreadUtils$.awaitResult(SparkThreadUtils.scala:56)
[2026-08-12T21:21:18.759+0000] {subprocess.py:93} INFO - 	at org.apache.spark.util.ThreadUtils$.awaitResult(ThreadUtils.scala:310)
[2026-08-12T21:21:18.813+0000] {subprocess.py:93} INFO - 	at org.apache.spark.rpc.RpcTimeout.awaitResult(RpcTimeout.scala:75)
[2026-08-12T21:21:18.827+0000] {subprocess.py:93} INFO - 	at org.apache.spark.rpc.RpcEndpointRef.askSync(RpcEndpointRef.scala:101)
[2026-08-12T21:21:18.877+0000] {subprocess.py:93} INFO - 	at org.apache.spark.rpc.RpcEndpointRef.askSync(RpcEndpointRef.scala:85)
[2026-08-12T21:21:18.895+0000] {subprocess.py:93} INFO - 	at org.apache.spark.storage.BlockManagerMaster.registerBlockManager(BlockManagerMaster.scala:80)
[2026-08-12T21:21:18.963+0000] {subprocess.py:93} INFO - 	at org.apache.spark.storage.BlockManager.reregister(BlockManager.scala:642)
[2026-08-12T21:21:19.019+0000] {subprocess.py:93} INFO - 	at org.apache.spark.executor.Executor.reportHeartBeat(Executor.scala:1223)
[2026-08-12T21:21:19.059+0000] {subprocess.py:93} INFO - 	at org.apache.spark.executor.Executor.$anonfun$heartbeater$1(Executor.scala:295)
[2026-08-12T21:21:19.078+0000] {subprocess.py:93} INFO - 	at scala.runtime.java8.JFunction0$mcV$sp.apply(JFunction0$mcV$sp.java:23)
[2026-08-12T21:21:19.091+0000] {subprocess.py:93} INFO - 	at org.apache.spark.util.Utils$.logUncaughtExceptions(Utils.scala:1928)
[2026-08-12T21:21:19.195+0000] {subprocess.py:93} INFO - 	at org.apache.spark.Heartbeater$$anon$1.run(Heartbeater.scala:46)
[2026-08-12T21:21:19.290+0000] {subprocess.py:93} INFO - 	at java.base/java.util.concurrent.Executors$RunnableAdapter.call(Executors.java:539)
[2026-08-12T21:21:19.318+0000] {subprocess.py:93} INFO - 	at java.base/java.util.concurrent.FutureTask.runAndReset(FutureTask.java:305)
[2026-08-12T21:21:19.339+0000] {subprocess.py:93} INFO - 	at java.base/java.util.concurrent.ScheduledThreadPoolExecutor$ScheduledFutureTask.run(ScheduledThreadPoolExecutor.java:305)
[2026-08-12T21:21:19.370+0000] {subprocess.py:93} INFO - 	at java.base/java.util.concurrent.ThreadPoolExecutor.runWorker(ThreadPoolExecutor.java:1136)
[2026-08-12T21:21:19.561+0000] {subprocess.py:93} INFO - 	at java.base/java.util.concurrent.ThreadPoolExecutor$Worker.run(ThreadPoolExecutor.java:635)
[2026-08-12T21:21:19.576+0000] {subprocess.py:93} INFO - 	at java.base/java.lang.Thread.run(Thread.java:840)
[2026-08-12T21:21:19.605+0000] {subprocess.py:93} INFO - Caused by: org.apache.spark.SparkException: Exception thrown in awaitResult:
[2026-08-12T21:21:19.612+0000] {subprocess.py:93} INFO - 	at org.apache.spark.util.SparkThreadUtils$.awaitResult(SparkThreadUtils.scala:56)
[2026-08-12T21:21:19.688+0000] {subprocess.py:93} INFO - 	at org.apache.spark.util.ThreadUtils$.awaitResult(ThreadUtils.scala:310)
[2026-08-12T21:21:19.703+0000] {subprocess.py:93} INFO - 	at org.apache.spark.rpc.RpcTimeout.awaitResult(RpcTimeout.scala:75)
[2026-08-12T21:21:19.708+0000] {subprocess.py:93} INFO - 	at org.apache.spark.rpc.RpcEnv.setupEndpointRefByURI(RpcEnv.scala:102)
[2026-08-12T21:21:19.718+0000] {subprocess.py:93} INFO - 	at org.apache.spark.rpc.RpcEnv.setupEndpointRef(RpcEnv.scala:110)
[2026-08-12T21:21:19.730+0000] {subprocess.py:93} INFO - 	at org.apache.spark.util.RpcUtils$.makeDriverRef(RpcUtils.scala:36)
[2026-08-12T21:21:19.734+0000] {subprocess.py:93} INFO - 	at org.apache.spark.storage.BlockManagerMasterEndpoint.driverEndpoint$lzycompute(BlockManagerMasterEndpoint.scala:124)
[2026-08-12T21:21:19.762+0000] {subprocess.py:93} INFO - 	at org.apache.spark.storage.BlockManagerMasterEndpoint.org$apache$spark$storage$BlockManagerMasterEndpoint$$driverEndpoint(BlockManagerMasterEndpoint.scala:123)
[2026-08-12T21:21:19.775+0000] {subprocess.py:93} INFO - 	at org.apache.spark.storage.BlockManagerMasterEndpoint.isExecutorAlive$lzycompute$1(BlockManagerMasterEndpoint.scala:688)
[2026-08-12T21:21:19.778+0000] {subprocess.py:93} INFO - 	at org.apache.spark.storage.BlockManagerMasterEndpoint.isExecutorAlive$1(BlockManagerMasterEndpoint.scala:687)
[2026-08-12T21:21:19.912+0000] {subprocess.py:93} INFO - 	at org.apache.spark.storage.BlockManagerMasterEndpoint.org$apache$spark$storage$BlockManagerMasterEndpoint$$register(BlockManagerMasterEndpoint.scala:725)
[2026-08-12T21:21:19.928+0000] {subprocess.py:93} INFO - 	at org.apache.spark.storage.BlockManagerMasterEndpoint$$anonfun$receiveAndReply$1.applyOrElse(BlockManagerMasterEndpoint.scala:133)
[2026-08-12T21:21:19.962+0000] {subprocess.py:93} INFO - 	at org.apache.spark.rpc.netty.Inbox.$anonfun$process$1(Inbox.scala:103)
[2026-08-12T21:21:19.997+0000] {subprocess.py:93} INFO - 	at org.apache.spark.rpc.netty.Inbox.safelyCall(Inbox.scala:213)
[2026-08-12T21:21:20.014+0000] {subprocess.py:93} INFO - 	at org.apache.spark.rpc.netty.Inbox.process(Inbox.scala:100)
[2026-08-12T21:21:20.105+0000] {subprocess.py:93} INFO - 	at org.apache.spark.rpc.netty.MessageLoop.org$apache$spark$rpc$netty$MessageLoop$$receiveLoop(MessageLoop.scala:75)
[2026-08-12T21:21:20.123+0000] {subprocess.py:93} INFO - 	at org.apache.spark.rpc.netty.MessageLoop$$anon$1.run(MessageLoop.scala:41)
[2026-08-12T21:21:20.150+0000] {subprocess.py:93} INFO - 	... 3 more
[2026-08-12T21:21:20.249+0000] {subprocess.py:93} INFO - Caused by: org.apache.spark.rpc.RpcEndpointNotFoundException: Cannot find endpoint: spark://CoarseGrainedScheduler@4099a95615c9:36011
[2026-08-12T21:21:20.316+0000] {subprocess.py:93} INFO - 	at org.apache.spark.rpc.netty.NettyRpcEnv.$anonfun$asyncSetupEndpointRefByURI$1(NettyRpcEnv.scala:148)
[2026-08-12T21:21:20.335+0000] {subprocess.py:93} INFO - 	at org.apache.spark.rpc.netty.NettyRpcEnv.$anonfun$asyncSetupEndpointRefByURI$1$adapted(NettyRpcEnv.scala:144)
[2026-08-12T21:21:20.354+0000] {subprocess.py:93} INFO - 	at scala.concurrent.Future.$anonfun$flatMap$1(Future.scala:307)
[2026-08-12T21:21:20.376+0000] {subprocess.py:93} INFO - 	at scala.concurrent.impl.Promise.$anonfun$transformWith$1(Promise.scala:41)
[2026-08-12T21:21:20.408+0000] {subprocess.py:93} INFO - 	at scala.concurrent.impl.CallbackRunnable.run(Promise.scala:64)
[2026-08-12T21:21:20.435+0000] {subprocess.py:93} INFO - 	at org.apache.spark.util.ThreadUtils$$anon$1.execute(ThreadUtils.scala:99)
[2026-08-12T21:21:20.476+0000] {subprocess.py:93} INFO - 	at scala.concurrent.impl.ExecutionContextImpl$$anon$4.execute(ExecutionContextImpl.scala:138)
[2026-08-12T21:21:20.495+0000] {subprocess.py:93} INFO - 	at scala.concurrent.impl.CallbackRunnable.executeWithValue(Promise.scala:72)
[2026-08-12T21:21:20.505+0000] {subprocess.py:93} INFO - 	at scala.concurrent.impl.Promise$DefaultPromise.$anonfun$tryComplete$1(Promise.scala:288)
[2026-08-12T21:21:20.540+0000] {subprocess.py:93} INFO - 	at scala.concurrent.impl.Promise$DefaultPromise.$anonfun$tryComplete$1$adapted(Promise.scala:288)
[2026-08-12T21:21:20.568+0000] {subprocess.py:93} INFO - 	at scala.concurrent.impl.Promise$DefaultPromise.tryComplete(Promise.scala:288)
[2026-08-12T21:21:20.585+0000] {subprocess.py:93} INFO - 	at scala.concurrent.Promise.complete(Promise.scala:53)
[2026-08-12T21:21:20.601+0000] {subprocess.py:93} INFO - 	at scala.concurrent.Promise.complete$(Promise.scala:52)
[2026-08-12T21:21:20.616+0000] {subprocess.py:93} INFO - 	at scala.concurrent.impl.Promise$DefaultPromise.complete(Promise.scala:187)
[2026-08-12T21:21:20.728+0000] {subprocess.py:93} INFO - 	at scala.concurrent.impl.Promise.$anonfun$transform$1(Promise.scala:33)
[2026-08-12T21:21:20.777+0000] {subprocess.py:93} INFO - 	at scala.concurrent.impl.CallbackRunnable.run(Promise.scala:64)
[2026-08-12T21:21:20.793+0000] {subprocess.py:93} INFO - 	at org.apache.spark.util.ThreadUtils$$anon$1.execute(ThreadUtils.scala:99)
[2026-08-12T21:21:20.811+0000] {subprocess.py:93} INFO - 	at scala.concurrent.impl.ExecutionContextImpl$$anon$4.execute(ExecutionContextImpl.scala:138)
[2026-08-12T21:21:20.827+0000] {subprocess.py:93} INFO - 	at scala.concurrent.impl.CallbackRunnable.executeWithValue(Promise.scala:72)
[2026-08-12T21:21:20.849+0000] {subprocess.py:93} INFO - 	at scala.concurrent.impl.Promise$DefaultPromise.$anonfun$tryComplete$1(Promise.scala:288)
[2026-08-12T21:21:20.862+0000] {subprocess.py:93} INFO - 	at scala.concurrent.impl.Promise$DefaultPromise.$anonfun$tryComplete$1$adapted(Promise.scala:288)
[2026-08-12T21:21:20.879+0000] {subprocess.py:93} INFO - 	at scala.concurrent.impl.Promise$DefaultPromise.tryComplete(Promise.scala:288)
[2026-08-12T21:21:20.894+0000] {subprocess.py:93} INFO - 	at scala.concurrent.Promise.complete(Promise.scala:53)
[2026-08-12T21:21:20.911+0000] {subprocess.py:93} INFO - 	at scala.concurrent.Promise.complete$(Promise.scala:52)
[2026-08-12T21:21:20.928+0000] {subprocess.py:93} INFO - 	at scala.concurrent.impl.Promise$DefaultPromise.complete(Promise.scala:187)
[2026-08-12T21:21:20.941+0000] {subprocess.py:93} INFO - 	at scala.concurrent.impl.Promise.$anonfun$transform$1(Promise.scala:33)
[2026-08-12T21:21:20.961+0000] {subprocess.py:93} INFO - 	at scala.concurrent.impl.CallbackRunnable.run(Promise.scala:64)
[2026-08-12T21:21:21.060+0000] {subprocess.py:93} INFO - 	at scala.concurrent.BatchingExecutor$Batch.processBatch$1(BatchingExecutor.scala:67)
[2026-08-12T21:21:21.096+0000] {subprocess.py:93} INFO - 	at scala.concurrent.BatchingExecutor$Batch.$anonfun$run$1(BatchingExecutor.scala:82)
[2026-08-12T21:21:21.156+0000] {subprocess.py:93} INFO - 	at scala.runtime.java8.JFunction0$mcV$sp.apply(JFunction0$mcV$sp.java:23)
[2026-08-12T21:21:21.162+0000] {subprocess.py:93} INFO - 	at scala.concurrent.BlockContext$.withBlockContext(BlockContext.scala:85)
[2026-08-12T21:21:21.208+0000] {subprocess.py:93} INFO - 	at scala.concurrent.BatchingExecutor$Batch.run(BatchingExecutor.scala:59)
[2026-08-12T21:21:21.217+0000] {subprocess.py:93} INFO - 	at scala.concurrent.Future$InternalCallbackExecutor$.unbatchedExecute(Future.scala:875)
[2026-08-12T21:21:21.227+0000] {subprocess.py:93} INFO - 	at scala.concurrent.BatchingExecutor.execute(BatchingExecutor.scala:110)
[2026-08-12T21:21:21.234+0000] {subprocess.py:93} INFO - 	at scala.concurrent.BatchingExecutor.execute$(BatchingExecutor.scala:107)
[2026-08-12T21:21:21.255+0000] {subprocess.py:93} INFO - 	at scala.concurrent.Future$InternalCallbackExecutor$.execute(Future.scala:873)
[2026-08-12T21:21:21.337+0000] {subprocess.py:93} INFO - 	at scala.concurrent.impl.CallbackRunnable.executeWithValue(Promise.scala:72)
[2026-08-12T21:21:21.356+0000] {subprocess.py:93} INFO - 	at scala.concurrent.impl.Promise$DefaultPromise.$anonfun$tryComplete$1(Promise.scala:288)
[2026-08-12T21:21:21.375+0000] {subprocess.py:93} INFO - 	at scala.concurrent.impl.Promise$DefaultPromise.$anonfun$tryComplete$1$adapted(Promise.scala:288)
[2026-08-12T21:21:21.406+0000] {subprocess.py:93} INFO - 	at scala.concurrent.impl.Promise$DefaultPromise.tryComplete(Promise.scala:288)
[2026-08-12T21:21:21.434+0000] {subprocess.py:93} INFO - 	at scala.concurrent.Promise.trySuccess(Promise.scala:94)
[2026-08-12T21:21:21.577+0000] {subprocess.py:93} INFO - 	at scala.concurrent.Promise.trySuccess$(Promise.scala:94)
[2026-08-12T21:21:21.652+0000] {subprocess.py:93} INFO - 	at scala.concurrent.impl.Promise$DefaultPromise.trySuccess(Promise.scala:187)
[2026-08-12T21:21:21.775+0000] {subprocess.py:93} INFO - 	at org.apache.spark.rpc.netty.NettyRpcEnv.onSuccess$1(NettyRpcEnv.scala:225)
[2026-08-12T21:21:21.810+0000] {subprocess.py:93} INFO - 	at org.apache.spark.rpc.netty.NettyRpcEnv.$anonfun$askAbortable$5(NettyRpcEnv.scala:239)
[2026-08-12T21:21:21.833+0000] {subprocess.py:93} INFO - 	at org.apache.spark.rpc.netty.NettyRpcEnv.$anonfun$askAbortable$5$adapted(NettyRpcEnv.scala:238)
[2026-08-12T21:21:21.919+0000] {subprocess.py:93} INFO - 	at scala.concurrent.impl.CallbackRunnable.run(Promise.scala:64)
[2026-08-12T21:21:21.965+0000] {subprocess.py:93} INFO - 	at org.apache.spark.util.ThreadUtils$$anon$1.execute(ThreadUtils.scala:99)
[2026-08-12T21:21:22.033+0000] {subprocess.py:93} INFO - 	at scala.concurrent.impl.ExecutionContextImpl$$anon$4.execute(ExecutionContextImpl.scala:138)
[2026-08-12T21:21:22.095+0000] {subprocess.py:93} INFO - 	at scala.concurrent.impl.CallbackRunnable.executeWithValue(Promise.scala:72)
[2026-08-12T21:21:22.106+0000] {subprocess.py:93} INFO - 	at scala.concurrent.impl.Promise$DefaultPromise.$anonfun$tryComplete$1(Promise.scala:288)
[2026-08-12T21:21:22.122+0000] {subprocess.py:93} INFO - 	at scala.concurrent.impl.Promise$DefaultPromise.$anonfun$tryComplete$1$adapted(Promise.scala:288)
[2026-08-12T21:21:22.143+0000] {subprocess.py:93} INFO - 	at scala.concurrent.impl.Promise$DefaultPromise.tryComplete(Promise.scala:288)
[2026-08-12T21:21:22.156+0000] {subprocess.py:93} INFO - 	at scala.concurrent.Promise.complete(Promise.scala:53)
[2026-08-12T21:21:22.187+0000] {subprocess.py:93} INFO - 	at scala.concurrent.Promise.complete$(Promise.scala:52)
[2026-08-12T21:21:22.205+0000] {subprocess.py:93} INFO - 	at scala.concurrent.impl.Promise$DefaultPromise.complete(Promise.scala:187)
[2026-08-12T21:21:22.221+0000] {subprocess.py:93} INFO - 	at scala.concurrent.Promise.success(Promise.scala:86)
[2026-08-12T21:21:22.238+0000] {subprocess.py:93} INFO - 	at scala.concurrent.Promise.success$(Promise.scala:86)
[2026-08-12T21:21:22.363+0000] {subprocess.py:93} INFO - 	at scala.concurrent.impl.Promise$DefaultPromise.success(Promise.scala:187)
[2026-08-12T21:21:22.401+0000] {subprocess.py:93} INFO - 	at org.apache.spark.rpc.netty.LocalNettyRpcCallContext.send(NettyRpcCallContext.scala:50)
[2026-08-12T21:21:22.428+0000] {subprocess.py:93} INFO - 	at org.apache.spark.rpc.netty.NettyRpcCallContext.reply(NettyRpcCallContext.scala:32)
[2026-08-12T21:21:22.480+0000] {subprocess.py:93} INFO - 	at org.apache.spark.rpc.netty.RpcEndpointVerifier$$anonfun$receiveAndReply$1.applyOrElse(RpcEndpointVerifier.scala:31)
[2026-08-12T21:21:22.520+0000] {subprocess.py:93} INFO - 	... 8 more
[2026-08-12T21:21:22.551+0000] {subprocess.py:93} INFO - 26/08/12 21:20:39 ERROR Inbox: Ignoring error
[2026-08-12T21:21:22.606+0000] {subprocess.py:93} INFO - org.apache.spark.SparkException: Exception thrown in awaitResult:
[2026-08-12T21:21:22.914+0000] {subprocess.py:93} INFO - 	at org.apache.spark.util.SparkThreadUtils$.awaitResult(SparkThreadUtils.scala:56)
[2026-08-12T21:21:22.933+0000] {subprocess.py:93} INFO - 	at org.apache.spark.util.ThreadUtils$.awaitResult(ThreadUtils.scala:310)
[2026-08-12T21:21:23.014+0000] {subprocess.py:93} INFO - 	at org.apache.spark.rpc.RpcTimeout.awaitResult(RpcTimeout.scala:75)
[2026-08-12T21:21:23.062+0000] {subprocess.py:93} INFO - 	at org.apache.spark.rpc.RpcEnv.setupEndpointRefByURI(RpcEnv.scala:102)
[2026-08-12T21:21:23.578+0000] {subprocess.py:93} INFO - 	at org.apache.spark.rpc.RpcEnv.setupEndpointRef(RpcEnv.scala:110)
[2026-08-12T21:21:23.739+0000] {subprocess.py:93} INFO - 	at org.apache.spark.util.RpcUtils$.makeDriverRef(RpcUtils.scala:36)
[2026-08-12T21:21:23.819+0000] {subprocess.py:93} INFO - 	at org.apache.spark.storage.BlockManagerMasterEndpoint.driverEndpoint$lzycompute(BlockManagerMasterEndpoint.scala:124)
[2026-08-12T21:21:24.306+0000] {subprocess.py:93} INFO - 	at org.apache.spark.storage.BlockManagerMasterEndpoint.org$apache$spark$storage$BlockManagerMasterEndpoint$$driverEndpoint(BlockManagerMasterEndpoint.scala:123)
[2026-08-12T21:21:24.434+0000] {subprocess.py:93} INFO - 	at org.apache.spark.storage.BlockManagerMasterEndpoint.isExecutorAlive$lzycompute$1(BlockManagerMasterEndpoint.scala:688)
[2026-08-12T21:21:24.453+0000] {subprocess.py:93} INFO - 	at org.apache.spark.storage.BlockManagerMasterEndpoint.isExecutorAlive$1(BlockManagerMasterEndpoint.scala:687)
[2026-08-12T21:21:24.459+0000] {subprocess.py:93} INFO - 	at org.apache.spark.storage.BlockManagerMasterEndpoint.org$apache$spark$storage$BlockManagerMasterEndpoint$$register(BlockManagerMasterEndpoint.scala:725)
[2026-08-12T21:21:24.484+0000] {subprocess.py:93} INFO - 	at org.apache.spark.storage.BlockManagerMasterEndpoint$$anonfun$receiveAndReply$1.applyOrElse(BlockManagerMasterEndpoint.scala:133)
[2026-08-12T21:21:24.536+0000] {subprocess.py:93} INFO - 	at org.apache.spark.rpc.netty.Inbox.$anonfun$process$1(Inbox.scala:103)
[2026-08-12T21:21:24.553+0000] {subprocess.py:93} INFO - 	at org.apache.spark.rpc.netty.Inbox.safelyCall(Inbox.scala:213)
[2026-08-12T21:21:24.612+0000] {subprocess.py:93} INFO - 	at org.apache.spark.rpc.netty.Inbox.process(Inbox.scala:100)
[2026-08-12T21:21:24.695+0000] {subprocess.py:93} INFO - 	at org.apache.spark.rpc.netty.MessageLoop.org$apache$spark$rpc$netty$MessageLoop$$receiveLoop(MessageLoop.scala:75)
[2026-08-12T21:21:24.742+0000] {subprocess.py:93} INFO - 	at org.apache.spark.rpc.netty.MessageLoop$$anon$1.run(MessageLoop.scala:41)
[2026-08-12T21:21:24.824+0000] {subprocess.py:93} INFO - 	at java.base/java.util.concurrent.ThreadPoolExecutor.runWorker(ThreadPoolExecutor.java:1136)
[2026-08-12T21:21:24.903+0000] {subprocess.py:93} INFO - 	at java.base/java.util.concurrent.ThreadPoolExecutor$Worker.run(ThreadPoolExecutor.java:635)
[2026-08-12T21:21:24.991+0000] {subprocess.py:93} INFO - 	at java.base/java.lang.Thread.run(Thread.java:840)
[2026-08-12T21:21:25.047+0000] {subprocess.py:93} INFO - Caused by: org.apache.spark.rpc.RpcEndpointNotFoundException: Cannot find endpoint: spark://CoarseGrainedScheduler@4099a95615c9:36011
[2026-08-12T21:21:25.065+0000] {subprocess.py:93} INFO - 	at org.apache.spark.rpc.netty.NettyRpcEnv.$anonfun$asyncSetupEndpointRefByURI$1(NettyRpcEnv.scala:148)
[2026-08-12T21:21:25.098+0000] {subprocess.py:93} INFO - 	at org.apache.spark.rpc.netty.NettyRpcEnv.$anonfun$asyncSetupEndpointRefByURI$1$adapted(NettyRpcEnv.scala:144)
[2026-08-12T21:21:25.103+0000] {subprocess.py:93} INFO - 	at scala.concurrent.Future.$anonfun$flatMap$1(Future.scala:307)
[2026-08-12T21:21:25.141+0000] {subprocess.py:93} INFO - 	at scala.concurrent.impl.Promise.$anonfun$transformWith$1(Promise.scala:41)
[2026-08-12T21:21:25.159+0000] {subprocess.py:93} INFO - 	at scala.concurrent.impl.CallbackRunnable.run(Promise.scala:64)
[2026-08-12T21:21:25.176+0000] {subprocess.py:93} INFO - 	at org.apache.spark.util.ThreadUtils$$anon$1.execute(ThreadUtils.scala:99)
[2026-08-12T21:21:25.206+0000] {subprocess.py:93} INFO - 	at scala.concurrent.impl.ExecutionContextImpl$$anon$4.execute(ExecutionContextImpl.scala:138)
[2026-08-12T21:21:25.230+0000] {subprocess.py:93} INFO - 	at scala.concurrent.impl.CallbackRunnable.executeWithValue(Promise.scala:72)
[2026-08-12T21:21:25.250+0000] {subprocess.py:93} INFO - 	at scala.concurrent.impl.Promise$DefaultPromise.$anonfun$tryComplete$1(Promise.scala:288)
[2026-08-12T21:21:25.544+0000] {subprocess.py:93} INFO - 	at scala.concurrent.impl.Promise$DefaultPromise.$anonfun$tryComplete$1$adapted(Promise.scala:288)
[2026-08-12T21:21:25.622+0000] {subprocess.py:93} INFO - 	at scala.concurrent.impl.Promise$DefaultPromise.tryComplete(Promise.scala:288)
[2026-08-12T21:21:25.698+0000] {subprocess.py:93} INFO - 	at scala.concurrent.Promise.complete(Promise.scala:53)
[2026-08-12T21:21:25.794+0000] {subprocess.py:93} INFO - 	at scala.concurrent.Promise.complete$(Promise.scala:52)
[2026-08-12T21:21:25.826+0000] {subprocess.py:93} INFO - 	at scala.concurrent.impl.Promise$DefaultPromise.complete(Promise.scala:187)
[2026-08-12T21:21:25.887+0000] {subprocess.py:93} INFO - 	at scala.concurrent.impl.Promise.$anonfun$transform$1(Promise.scala:33)
[2026-08-12T21:21:25.891+0000] {subprocess.py:93} INFO - 	at scala.concurrent.impl.CallbackRunnable.run(Promise.scala:64)
[2026-08-12T21:21:25.929+0000] {subprocess.py:93} INFO - 	at org.apache.spark.util.ThreadUtils$$anon$1.execute(ThreadUtils.scala:99)
[2026-08-12T21:21:25.972+0000] {subprocess.py:93} INFO - 	at scala.concurrent.impl.ExecutionContextImpl$$anon$4.execute(ExecutionContextImpl.scala:138)
[2026-08-12T21:21:25.977+0000] {subprocess.py:93} INFO - 	at scala.concurrent.impl.CallbackRunnable.executeWithValue(Promise.scala:72)
[2026-08-12T21:21:26.044+0000] {subprocess.py:93} INFO - 	at scala.concurrent.impl.Promise$DefaultPromise.$anonfun$tryComplete$1(Promise.scala:288)
[2026-08-12T21:21:26.052+0000] {subprocess.py:93} INFO - 	at scala.concurrent.impl.Promise$DefaultPromise.$anonfun$tryComplete$1$adapted(Promise.scala:288)
[2026-08-12T21:21:26.164+0000] {subprocess.py:93} INFO - 	at scala.concurrent.impl.Promise$DefaultPromise.tryComplete(Promise.scala:288)
[2026-08-12T21:21:26.183+0000] {subprocess.py:93} INFO - 	at scala.concurrent.Promise.complete(Promise.scala:53)
[2026-08-12T21:21:26.203+0000] {subprocess.py:93} INFO - 	at scala.concurrent.Promise.complete$(Promise.scala:52)
[2026-08-12T21:21:26.219+0000] {subprocess.py:93} INFO - 	at scala.concurrent.impl.Promise$DefaultPromise.complete(Promise.scala:187)
[2026-08-12T21:21:26.267+0000] {subprocess.py:93} INFO - 	at scala.concurrent.impl.Promise.$anonfun$transform$1(Promise.scala:33)
[2026-08-12T21:21:26.365+0000] {subprocess.py:93} INFO - 	at scala.concurrent.impl.CallbackRunnable.run(Promise.scala:64)
[2026-08-12T21:21:26.458+0000] {subprocess.py:93} INFO - 	at scala.concurrent.BatchingExecutor$Batch.processBatch$1(BatchingExecutor.scala:67)
[2026-08-12T21:21:26.512+0000] {subprocess.py:93} INFO - 	at scala.concurrent.BatchingExecutor$Batch.$anonfun$run$1(BatchingExecutor.scala:82)
[2026-08-12T21:21:26.550+0000] {subprocess.py:93} INFO - 	at scala.runtime.java8.JFunction0$mcV$sp.apply(JFunction0$mcV$sp.java:23)
[2026-08-12T21:21:26.554+0000] {subprocess.py:93} INFO - 	at scala.concurrent.BlockContext$.withBlockContext(BlockContext.scala:85)
[2026-08-12T21:21:26.568+0000] {subprocess.py:93} INFO - 	at scala.concurrent.BatchingExecutor$Batch.run(BatchingExecutor.scala:59)
[2026-08-12T21:21:26.630+0000] {subprocess.py:93} INFO - 	at scala.concurrent.Future$InternalCallbackExecutor$.unbatchedExecute(Future.scala:875)
[2026-08-12T21:21:26.662+0000] {subprocess.py:93} INFO - 	at scala.concurrent.BatchingExecutor.execute(BatchingExecutor.scala:110)
[2026-08-12T21:21:26.698+0000] {subprocess.py:93} INFO - 	at scala.concurrent.BatchingExecutor.execute$(BatchingExecutor.scala:107)
[2026-08-12T21:21:26.744+0000] {subprocess.py:93} INFO - 	at scala.concurrent.Future$InternalCallbackExecutor$.execute(Future.scala:873)
[2026-08-12T21:21:26.816+0000] {subprocess.py:93} INFO - 	at scala.concurrent.impl.CallbackRunnable.executeWithValue(Promise.scala:72)
[2026-08-12T21:21:26.970+0000] {subprocess.py:93} INFO - 	at scala.concurrent.impl.Promise$DefaultPromise.$anonfun$tryComplete$1(Promise.scala:288)
[2026-08-12T21:21:27.070+0000] {subprocess.py:93} INFO - 	at scala.concurrent.impl.Promise$DefaultPromise.$anonfun$tryComplete$1$adapted(Promise.scala:288)
[2026-08-12T21:21:27.107+0000] {subprocess.py:93} INFO - 	at scala.concurrent.impl.Promise$DefaultPromise.tryComplete(Promise.scala:288)
[2026-08-12T21:21:27.135+0000] {subprocess.py:93} INFO - 	at scala.concurrent.Promise.trySuccess(Promise.scala:94)
[2026-08-12T21:21:27.246+0000] {subprocess.py:93} INFO - 	at scala.concurrent.Promise.trySuccess$(Promise.scala:94)
[2026-08-12T21:21:27.264+0000] {subprocess.py:93} INFO - 	at scala.concurrent.impl.Promise$DefaultPromise.trySuccess(Promise.scala:187)
[2026-08-12T21:21:27.282+0000] {subprocess.py:93} INFO - 	at org.apache.spark.rpc.netty.NettyRpcEnv.onSuccess$1(NettyRpcEnv.scala:225)
[2026-08-12T21:21:27.296+0000] {subprocess.py:93} INFO - 	at org.apache.spark.rpc.netty.NettyRpcEnv.$anonfun$askAbortable$5(NettyRpcEnv.scala:239)
[2026-08-12T21:21:27.330+0000] {subprocess.py:93} INFO - 	at org.apache.spark.rpc.netty.NettyRpcEnv.$anonfun$askAbortable$5$adapted(NettyRpcEnv.scala:238)
[2026-08-12T21:21:27.406+0000] {subprocess.py:93} INFO - 	at scala.concurrent.impl.CallbackRunnable.run(Promise.scala:64)
[2026-08-12T21:21:27.505+0000] {subprocess.py:93} INFO - 	at org.apache.spark.util.ThreadUtils$$anon$1.execute(ThreadUtils.scala:99)
[2026-08-12T21:21:27.508+0000] {subprocess.py:93} INFO - 	at scala.concurrent.impl.ExecutionContextImpl$$anon$4.execute(ExecutionContextImpl.scala:138)
[2026-08-12T21:21:27.511+0000] {subprocess.py:93} INFO - 	at scala.concurrent.impl.CallbackRunnable.executeWithValue(Promise.scala:72)
[2026-08-12T21:21:27.513+0000] {subprocess.py:93} INFO - 	at scala.concurrent.impl.Promise$DefaultPromise.$anonfun$tryComplete$1(Promise.scala:288)
[2026-08-12T21:21:27.521+0000] {subprocess.py:93} INFO - 	at scala.concurrent.impl.Promise$DefaultPromise.$anonfun$tryComplete$1$adapted(Promise.scala:288)
[2026-08-12T21:21:27.527+0000] {subprocess.py:93} INFO - 	at scala.concurrent.impl.Promise$DefaultPromise.tryComplete(Promise.scala:288)
[2026-08-12T21:21:27.530+0000] {subprocess.py:93} INFO - 	at scala.concurrent.Promise.complete(Promise.scala:53)
[2026-08-12T21:21:27.537+0000] {subprocess.py:93} INFO - 	at scala.concurrent.Promise.complete$(Promise.scala:52)
[2026-08-12T21:21:27.540+0000] {subprocess.py:93} INFO - 	at scala.concurrent.impl.Promise$DefaultPromise.complete(Promise.scala:187)
[2026-08-12T21:21:27.555+0000] {subprocess.py:93} INFO - 	at scala.concurrent.Promise.success(Promise.scala:86)
[2026-08-12T21:21:27.559+0000] {subprocess.py:93} INFO - 	at scala.concurrent.Promise.success$(Promise.scala:86)
[2026-08-12T21:21:27.614+0000] {subprocess.py:93} INFO - 	at scala.concurrent.impl.Promise$DefaultPromise.success(Promise.scala:187)
[2026-08-12T21:21:27.619+0000] {subprocess.py:93} INFO - 	at org.apache.spark.rpc.netty.LocalNettyRpcCallContext.send(NettyRpcCallContext.scala:50)
[2026-08-12T21:21:27.622+0000] {subprocess.py:93} INFO - 	at org.apache.spark.rpc.netty.NettyRpcCallContext.reply(NettyRpcCallContext.scala:32)
[2026-08-12T21:21:27.640+0000] {subprocess.py:93} INFO - 	at org.apache.spark.rpc.netty.RpcEndpointVerifier$$anonfun$receiveAndReply$1.applyOrElse(RpcEndpointVerifier.scala:31)
[2026-08-12T21:21:27.669+0000] {subprocess.py:93} INFO - 	... 8 more
[2026-08-12T21:21:27.688+0000] {subprocess.py:93} INFO - 26/08/12 21:20:48 ERROR Inbox: Ignoring error
[2026-08-12T21:21:27.715+0000] {subprocess.py:93} INFO - org.apache.spark.SparkException: Exception thrown in awaitResult:
[2026-08-12T21:21:27.725+0000] {subprocess.py:93} INFO - 	at org.apache.spark.util.SparkThreadUtils$.awaitResult(SparkThreadUtils.scala:56)
[2026-08-12T21:21:27.744+0000] {subprocess.py:93} INFO - 	at org.apache.spark.util.ThreadUtils$.awaitResult(ThreadUtils.scala:310)
[2026-08-12T21:21:27.750+0000] {subprocess.py:93} INFO - 	at org.apache.spark.rpc.RpcTimeout.awaitResult(RpcTimeout.scala:75)
[2026-08-12T21:21:27.791+0000] {subprocess.py:93} INFO - 	at org.apache.spark.rpc.RpcEnv.setupEndpointRefByURI(RpcEnv.scala:102)
[2026-08-12T21:21:27.806+0000] {subprocess.py:93} INFO - 	at org.apache.spark.rpc.RpcEnv.setupEndpointRef(RpcEnv.scala:110)
[2026-08-12T21:21:27.837+0000] {subprocess.py:93} INFO - 	at org.apache.spark.util.RpcUtils$.makeDriverRef(RpcUtils.scala:36)
[2026-08-12T21:21:27.914+0000] {subprocess.py:93} INFO - 	at org.apache.spark.storage.BlockManagerMasterEndpoint.driverEndpoint$lzycompute(BlockManagerMasterEndpoint.scala:124)
[2026-08-12T21:21:27.923+0000] {subprocess.py:93} INFO - 	at org.apache.spark.storage.BlockManagerMasterEndpoint.org$apache$spark$storage$BlockManagerMasterEndpoint$$driverEndpoint(BlockManagerMasterEndpoint.scala:123)
[2026-08-12T21:21:27.927+0000] {subprocess.py:93} INFO - 	at org.apache.spark.storage.BlockManagerMasterEndpoint.isExecutorAlive$lzycompute$1(BlockManagerMasterEndpoint.scala:688)
[2026-08-12T21:21:27.929+0000] {subprocess.py:93} INFO - 	at org.apache.spark.storage.BlockManagerMasterEndpoint.isExecutorAlive$1(BlockManagerMasterEndpoint.scala:687)
[2026-08-12T21:21:27.942+0000] {subprocess.py:93} INFO - 	at org.apache.spark.storage.BlockManagerMasterEndpoint.org$apache$spark$storage$BlockManagerMasterEndpoint$$register(BlockManagerMasterEndpoint.scala:725)
[2026-08-12T21:21:27.949+0000] {subprocess.py:93} INFO - 	at org.apache.spark.storage.BlockManagerMasterEndpoint$$anonfun$receiveAndReply$1.applyOrElse(BlockManagerMasterEndpoint.scala:133)
[2026-08-12T21:21:27.954+0000] {subprocess.py:93} INFO - 	at org.apache.spark.rpc.netty.Inbox.$anonfun$process$1(Inbox.scala:103)
[2026-08-12T21:21:27.965+0000] {subprocess.py:93} INFO - 	at org.apache.spark.rpc.netty.Inbox.safelyCall(Inbox.scala:213)
[2026-08-12T21:21:27.990+0000] {subprocess.py:93} INFO - 	at org.apache.spark.rpc.netty.Inbox.process(Inbox.scala:100)
[2026-08-12T21:21:27.999+0000] {subprocess.py:93} INFO - 	at org.apache.spark.rpc.netty.MessageLoop.org$apache$spark$rpc$netty$MessageLoop$$receiveLoop(MessageLoop.scala:75)
[2026-08-12T21:21:28.010+0000] {subprocess.py:93} INFO - 	at org.apache.spark.rpc.netty.MessageLoop$$anon$1.run(MessageLoop.scala:41)
[2026-08-12T21:21:28.025+0000] {subprocess.py:93} INFO - 	at java.base/java.util.concurrent.ThreadPoolExecutor.runWorker(ThreadPoolExecutor.java:1136)
[2026-08-12T21:21:28.041+0000] {subprocess.py:93} INFO - 	at java.base/java.util.concurrent.ThreadPoolExecutor$Worker.run(ThreadPoolExecutor.java:635)
[2026-08-12T21:21:28.058+0000] {subprocess.py:93} INFO - 	at java.base/java.lang.Thread.run(Thread.java:840)
[2026-08-12T21:21:28.081+0000] {subprocess.py:93} INFO - Caused by: org.apache.spark.rpc.RpcEndpointNotFoundException: Cannot find endpoint: spark://CoarseGrainedScheduler@4099a95615c9:36011
[2026-08-12T21:21:28.123+0000] {subprocess.py:93} INFO - 	at org.apache.spark.rpc.netty.NettyRpcEnv.$anonfun$asyncSetupEndpointRefByURI$1(NettyRpcEnv.scala:148)
[2026-08-12T21:21:28.138+0000] {subprocess.py:93} INFO - 	at org.apache.spark.rpc.netty.NettyRpcEnv.$anonfun$asyncSetupEndpointRefByURI$1$adapted(NettyRpcEnv.scala:144)
[2026-08-12T21:21:28.142+0000] {subprocess.py:93} INFO - 	at scala.concurrent.Future.$anonfun$flatMap$1(Future.scala:307)
[2026-08-12T21:21:28.146+0000] {subprocess.py:93} INFO - 	at scala.concurrent.impl.Promise.$anonfun$transformWith$1(Promise.scala:41)
[2026-08-12T21:21:28.150+0000] {subprocess.py:93} INFO - 	at scala.concurrent.impl.CallbackRunnable.run(Promise.scala:64)
[2026-08-12T21:21:28.157+0000] {subprocess.py:93} INFO - 	at org.apache.spark.util.ThreadUtils$$anon$1.execute(ThreadUtils.scala:99)
[2026-08-12T21:21:28.160+0000] {subprocess.py:93} INFO - 	at scala.concurrent.impl.ExecutionContextImpl$$anon$4.execute(ExecutionContextImpl.scala:138)
[2026-08-12T21:21:28.173+0000] {subprocess.py:93} INFO - 	at scala.concurrent.impl.CallbackRunnable.executeWithValue(Promise.scala:72)
[2026-08-12T21:21:28.180+0000] {subprocess.py:93} INFO - 	at scala.concurrent.impl.Promise$DefaultPromise.dispatchOrAddCallback(Promise.scala:316)
[2026-08-12T21:21:28.191+0000] {subprocess.py:93} INFO - 	at scala.concurrent.impl.Promise$DefaultPromise.onComplete(Promise.scala:307)
[2026-08-12T21:21:28.195+0000] {subprocess.py:93} INFO - 	at scala.concurrent.impl.Promise.transformWith(Promise.scala:40)
[2026-08-12T21:21:28.210+0000] {subprocess.py:93} INFO - 	at scala.concurrent.impl.Promise.transformWith$(Promise.scala:38)
[2026-08-12T21:21:28.218+0000] {subprocess.py:93} INFO - 	at scala.concurrent.impl.Promise$DefaultPromise.transformWith(Promise.scala:187)
[2026-08-12T21:21:28.221+0000] {subprocess.py:93} INFO - 	at scala.concurrent.Future.flatMap(Future.scala:306)
[2026-08-12T21:21:28.225+0000] {subprocess.py:93} INFO - 	at scala.concurrent.Future.flatMap$(Future.scala:306)
[2026-08-12T21:21:28.230+0000] {subprocess.py:93} INFO - 	at scala.concurrent.impl.Promise$DefaultPromise.flatMap(Promise.scala:187)
[2026-08-12T21:21:28.247+0000] {subprocess.py:93} INFO - 	at org.apache.spark.rpc.netty.NettyRpcEnv.asyncSetupEndpointRefByURI(NettyRpcEnv.scala:150)
[2026-08-12T21:21:28.251+0000] {subprocess.py:93} INFO - 	... 17 more
[2026-08-12T21:21:28.254+0000] {subprocess.py:93} INFO - 26/08/12 21:20:48 WARN Executor: Issue communicating with driver in heartbeater
[2026-08-12T21:21:28.258+0000] {subprocess.py:93} INFO - org.apache.spark.SparkException: Exception thrown in awaitResult:
[2026-08-12T21:21:28.267+0000] {subprocess.py:93} INFO - 	at org.apache.spark.util.SparkThreadUtils$.awaitResult(SparkThreadUtils.scala:56)
[2026-08-12T21:21:28.275+0000] {subprocess.py:93} INFO - 	at org.apache.spark.util.ThreadUtils$.awaitResult(ThreadUtils.scala:310)
[2026-08-12T21:21:28.286+0000] {subprocess.py:93} INFO - 	at org.apache.spark.rpc.RpcTimeout.awaitResult(RpcTimeout.scala:75)
[2026-08-12T21:21:28.300+0000] {subprocess.py:93} INFO - 	at org.apache.spark.rpc.RpcEndpointRef.askSync(RpcEndpointRef.scala:101)
[2026-08-12T21:21:28.303+0000] {subprocess.py:93} INFO - 	at org.apache.spark.rpc.RpcEndpointRef.askSync(RpcEndpointRef.scala:85)
[2026-08-12T21:21:28.316+0000] {subprocess.py:93} INFO - 	at org.apache.spark.storage.BlockManagerMaster.registerBlockManager(BlockManagerMaster.scala:80)
[2026-08-12T21:21:28.340+0000] {subprocess.py:93} INFO - 	at org.apache.spark.storage.BlockManager.reregister(BlockManager.scala:642)
[2026-08-12T21:21:28.346+0000] {subprocess.py:93} INFO - 	at org.apache.spark.executor.Executor.reportHeartBeat(Executor.scala:1223)
[2026-08-12T21:21:28.380+0000] {subprocess.py:93} INFO - 	at org.apache.spark.executor.Executor.$anonfun$heartbeater$1(Executor.scala:295)
[2026-08-12T21:21:28.399+0000] {subprocess.py:93} INFO - 	at scala.runtime.java8.JFunction0$mcV$sp.apply(JFunction0$mcV$sp.java:23)
[2026-08-12T21:21:28.426+0000] {subprocess.py:93} INFO - 	at org.apache.spark.util.Utils$.logUncaughtExceptions(Utils.scala:1928)
[2026-08-12T21:21:28.452+0000] {subprocess.py:93} INFO - 	at org.apache.spark.Heartbeater$$anon$1.run(Heartbeater.scala:46)
[2026-08-12T21:21:28.468+0000] {subprocess.py:93} INFO - 	at java.base/java.util.concurrent.Executors$RunnableAdapter.call(Executors.java:539)
[2026-08-12T21:21:28.507+0000] {subprocess.py:93} INFO - 	at java.base/java.util.concurrent.FutureTask.runAndReset(FutureTask.java:305)
[2026-08-12T21:21:28.527+0000] {subprocess.py:93} INFO - 	at java.base/java.util.concurrent.ScheduledThreadPoolExecutor$ScheduledFutureTask.run(ScheduledThreadPoolExecutor.java:305)
[2026-08-12T21:21:28.540+0000] {subprocess.py:93} INFO - 	at java.base/java.util.concurrent.ThreadPoolExecutor.runWorker(ThreadPoolExecutor.java:1136)
[2026-08-12T21:21:28.554+0000] {subprocess.py:93} INFO - 	at java.base/java.util.concurrent.ThreadPoolExecutor$Worker.run(ThreadPoolExecutor.java:635)
[2026-08-12T21:21:28.560+0000] {subprocess.py:93} INFO - 	at java.base/java.lang.Thread.run(Thread.java:840)
[2026-08-12T21:21:28.564+0000] {subprocess.py:93} INFO - Caused by: org.apache.spark.SparkException: Exception thrown in awaitResult:
[2026-08-12T21:21:28.586+0000] {subprocess.py:93} INFO - 	at org.apache.spark.util.SparkThreadUtils$.awaitResult(SparkThreadUtils.scala:56)
[2026-08-12T21:21:28.593+0000] {subprocess.py:93} INFO - 	at org.apache.spark.util.ThreadUtils$.awaitResult(ThreadUtils.scala:310)
[2026-08-12T21:21:28.605+0000] {subprocess.py:93} INFO - 	at org.apache.spark.rpc.RpcTimeout.awaitResult(RpcTimeout.scala:75)
[2026-08-12T21:21:28.616+0000] {subprocess.py:93} INFO - 	at org.apache.spark.rpc.RpcEnv.setupEndpointRefByURI(RpcEnv.scala:102)
[2026-08-12T21:21:28.623+0000] {subprocess.py:93} INFO - 	at org.apache.spark.rpc.RpcEnv.setupEndpointRef(RpcEnv.scala:110)
[2026-08-12T21:21:28.643+0000] {subprocess.py:93} INFO - 	at org.apache.spark.util.RpcUtils$.makeDriverRef(RpcUtils.scala:36)
[2026-08-12T21:21:28.653+0000] {subprocess.py:93} INFO - 	at org.apache.spark.storage.BlockManagerMasterEndpoint.driverEndpoint$lzycompute(BlockManagerMasterEndpoint.scala:124)
[2026-08-12T21:21:28.659+0000] {subprocess.py:93} INFO - 	at org.apache.spark.storage.BlockManagerMasterEndpoint.org$apache$spark$storage$BlockManagerMasterEndpoint$$driverEndpoint(BlockManagerMasterEndpoint.scala:123)
[2026-08-12T21:21:28.664+0000] {subprocess.py:93} INFO - 	at org.apache.spark.storage.BlockManagerMasterEndpoint.isExecutorAlive$lzycompute$1(BlockManagerMasterEndpoint.scala:688)
[2026-08-12T21:21:28.674+0000] {subprocess.py:93} INFO - 	at org.apache.spark.storage.BlockManagerMasterEndpoint.isExecutorAlive$1(BlockManagerMasterEndpoint.scala:687)
[2026-08-12T21:21:28.681+0000] {subprocess.py:93} INFO - 	at org.apache.spark.storage.BlockManagerMasterEndpoint.org$apache$spark$storage$BlockManagerMasterEndpoint$$register(BlockManagerMasterEndpoint.scala:725)
[2026-08-12T21:21:28.709+0000] {subprocess.py:93} INFO - 	at org.apache.spark.storage.BlockManagerMasterEndpoint$$anonfun$receiveAndReply$1.applyOrElse(BlockManagerMasterEndpoint.scala:133)
[2026-08-12T21:21:28.714+0000] {subprocess.py:93} INFO - 	at org.apache.spark.rpc.netty.Inbox.$anonfun$process$1(Inbox.scala:103)
[2026-08-12T21:21:28.717+0000] {subprocess.py:93} INFO - 	at org.apache.spark.rpc.netty.Inbox.safelyCall(Inbox.scala:213)
[2026-08-12T21:21:28.731+0000] {subprocess.py:93} INFO - 	at org.apache.spark.rpc.netty.Inbox.process(Inbox.scala:100)
[2026-08-12T21:21:28.733+0000] {subprocess.py:93} INFO - 	at org.apache.spark.rpc.netty.MessageLoop.org$apache$spark$rpc$netty$MessageLoop$$receiveLoop(MessageLoop.scala:75)
[2026-08-12T21:21:28.738+0000] {subprocess.py:93} INFO - 	at org.apache.spark.rpc.netty.MessageLoop$$anon$1.run(MessageLoop.scala:41)
[2026-08-12T21:21:28.742+0000] {subprocess.py:93} INFO - 	... 3 more
[2026-08-12T21:21:28.745+0000] {subprocess.py:93} INFO - Caused by: org.apache.spark.rpc.RpcEndpointNotFoundException: Cannot find endpoint: spark://CoarseGrainedScheduler@4099a95615c9:36011
[2026-08-12T21:21:28.754+0000] {subprocess.py:93} INFO - 	at org.apache.spark.rpc.netty.NettyRpcEnv.$anonfun$asyncSetupEndpointRefByURI$1(NettyRpcEnv.scala:148)
[2026-08-12T21:21:28.757+0000] {subprocess.py:93} INFO - 	at org.apache.spark.rpc.netty.NettyRpcEnv.$anonfun$asyncSetupEndpointRefByURI$1$adapted(NettyRpcEnv.scala:144)
[2026-08-12T21:21:28.762+0000] {subprocess.py:93} INFO - 	at scala.concurrent.Future.$anonfun$flatMap$1(Future.scala:307)
[2026-08-12T21:21:28.765+0000] {subprocess.py:93} INFO - 	at scala.concurrent.impl.Promise.$anonfun$transformWith$1(Promise.scala:41)
[2026-08-12T21:21:28.768+0000] {subprocess.py:93} INFO - 	at scala.concurrent.impl.CallbackRunnable.run(Promise.scala:64)
[2026-08-12T21:21:28.772+0000] {subprocess.py:93} INFO - 	at org.apache.spark.util.ThreadUtils$$anon$1.execute(ThreadUtils.scala:99)
[2026-08-12T21:21:28.778+0000] {subprocess.py:93} INFO - 	at scala.concurrent.impl.ExecutionContextImpl$$anon$4.execute(ExecutionContextImpl.scala:138)
[2026-08-12T21:21:28.781+0000] {subprocess.py:93} INFO - 	at scala.concurrent.impl.CallbackRunnable.executeWithValue(Promise.scala:72)
[2026-08-12T21:21:28.783+0000] {subprocess.py:93} INFO - 	at scala.concurrent.impl.Promise$DefaultPromise.dispatchOrAddCallback(Promise.scala:316)
[2026-08-12T21:21:28.787+0000] {subprocess.py:93} INFO - 	at scala.concurrent.impl.Promise$DefaultPromise.onComplete(Promise.scala:307)
[2026-08-12T21:21:28.792+0000] {subprocess.py:93} INFO - 	at scala.concurrent.impl.Promise.transformWith(Promise.scala:40)
[2026-08-12T21:21:28.796+0000] {subprocess.py:93} INFO - 	at scala.concurrent.impl.Promise.transformWith$(Promise.scala:38)
[2026-08-12T21:21:28.799+0000] {subprocess.py:93} INFO - 	at scala.concurrent.impl.Promise$DefaultPromise.transformWith(Promise.scala:187)
[2026-08-12T21:21:28.801+0000] {subprocess.py:93} INFO - 	at scala.concurrent.Future.flatMap(Future.scala:306)
[2026-08-12T21:21:28.813+0000] {subprocess.py:93} INFO - 	at scala.concurrent.Future.flatMap$(Future.scala:306)
[2026-08-12T21:21:28.818+0000] {subprocess.py:93} INFO - 	at scala.concurrent.impl.Promise$DefaultPromise.flatMap(Promise.scala:187)
[2026-08-12T21:21:28.831+0000] {subprocess.py:93} INFO - 	at org.apache.spark.rpc.netty.NettyRpcEnv.asyncSetupEndpointRefByURI(NettyRpcEnv.scala:150)
[2026-08-12T21:21:28.835+0000] {subprocess.py:93} INFO - 	... 17 more
[2026-08-12T21:21:28.837+0000] {subprocess.py:93} INFO - 26/08/12 21:20:55 ERROR Inbox: Ignoring error
[2026-08-12T21:21:28.840+0000] {subprocess.py:93} INFO - org.apache.spark.SparkException: Exception thrown in awaitResult:
[2026-08-12T21:21:28.852+0000] {subprocess.py:93} INFO - 	at org.apache.spark.util.SparkThreadUtils$.awaitResult(SparkThreadUtils.scala:56)
[2026-08-12T21:21:28.859+0000] {subprocess.py:93} INFO - 	at org.apache.spark.util.ThreadUtils$.awaitResult(ThreadUtils.scala:310)
[2026-08-12T21:21:28.863+0000] {subprocess.py:93} INFO - 	at org.apache.spark.rpc.RpcTimeout.awaitResult(RpcTimeout.scala:75)
[2026-08-12T21:21:28.866+0000] {subprocess.py:93} INFO - 	at org.apache.spark.rpc.RpcEnv.setupEndpointRefByURI(RpcEnv.scala:102)
[2026-08-12T21:21:28.874+0000] {subprocess.py:93} INFO - 	at org.apache.spark.rpc.RpcEnv.setupEndpointRef(RpcEnv.scala:110)
[2026-08-12T21:21:28.879+0000] {subprocess.py:93} INFO - 	at org.apache.spark.util.RpcUtils$.makeDriverRef(RpcUtils.scala:36)
[2026-08-12T21:21:28.883+0000] {subprocess.py:93} INFO - 	at org.apache.spark.storage.BlockManagerMasterEndpoint.driverEndpoint$lzycompute(BlockManagerMasterEndpoint.scala:124)
[2026-08-12T21:21:28.885+0000] {subprocess.py:93} INFO - 	at org.apache.spark.storage.BlockManagerMasterEndpoint.org$apache$spark$storage$BlockManagerMasterEndpoint$$driverEndpoint(BlockManagerMasterEndpoint.scala:123)
[2026-08-12T21:21:28.888+0000] {subprocess.py:93} INFO - 	at org.apache.spark.storage.BlockManagerMasterEndpoint.isExecutorAlive$lzycompute$1(BlockManagerMasterEndpoint.scala:688)
[2026-08-12T21:21:28.891+0000] {subprocess.py:93} INFO - 	at org.apache.spark.storage.BlockManagerMasterEndpoint.isExecutorAlive$1(BlockManagerMasterEndpoint.scala:687)
[2026-08-12T21:21:28.897+0000] {subprocess.py:93} INFO - 	at org.apache.spark.storage.BlockManagerMasterEndpoint.org$apache$spark$storage$BlockManagerMasterEndpoint$$register(BlockManagerMasterEndpoint.scala:725)
[2026-08-12T21:21:28.900+0000] {subprocess.py:93} INFO - 	at org.apache.spark.storage.BlockManagerMasterEndpoint$$anonfun$receiveAndReply$1.applyOrElse(BlockManagerMasterEndpoint.scala:133)
[2026-08-12T21:21:28.902+0000] {subprocess.py:93} INFO - 	at org.apache.spark.rpc.netty.Inbox.$anonfun$process$1(Inbox.scala:103)
[2026-08-12T21:21:28.905+0000] {subprocess.py:93} INFO - 	at org.apache.spark.rpc.netty.Inbox.safelyCall(Inbox.scala:213)
[2026-08-12T21:21:28.911+0000] {subprocess.py:93} INFO - 	at org.apache.spark.rpc.netty.Inbox.process(Inbox.scala:100)
[2026-08-12T21:21:28.915+0000] {subprocess.py:93} INFO - 	at org.apache.spark.rpc.netty.MessageLoop.org$apache$spark$rpc$netty$MessageLoop$$receiveLoop(MessageLoop.scala:75)
[2026-08-12T21:21:28.918+0000] {subprocess.py:93} INFO - 	at org.apache.spark.rpc.netty.MessageLoop$$anon$1.run(MessageLoop.scala:41)
[2026-08-12T21:21:28.922+0000] {subprocess.py:93} INFO - 	at java.base/java.util.concurrent.ThreadPoolExecutor.runWorker(ThreadPoolExecutor.java:1136)
[2026-08-12T21:21:28.932+0000] {subprocess.py:93} INFO - 	at java.base/java.util.concurrent.ThreadPoolExecutor$Worker.run(ThreadPoolExecutor.java:635)
[2026-08-12T21:21:28.936+0000] {subprocess.py:93} INFO - 	at java.base/java.lang.Thread.run(Thread.java:840)
[2026-08-12T21:21:28.943+0000] {subprocess.py:93} INFO - Caused by: org.apache.spark.rpc.RpcEndpointNotFoundException: Cannot find endpoint: spark://CoarseGrainedScheduler@4099a95615c9:36011
[2026-08-12T21:21:28.988+0000] {subprocess.py:93} INFO - 	at org.apache.spark.rpc.netty.NettyRpcEnv.$anonfun$asyncSetupEndpointRefByURI$1(NettyRpcEnv.scala:148)
[2026-08-12T21:21:28.995+0000] {subprocess.py:93} INFO - 	at org.apache.spark.rpc.netty.NettyRpcEnv.$anonfun$asyncSetupEndpointRefByURI$1$adapted(NettyRpcEnv.scala:144)
[2026-08-12T21:21:29.013+0000] {subprocess.py:93} INFO - 	at scala.concurrent.Future.$anonfun$flatMap$1(Future.scala:307)
[2026-08-12T21:21:29.036+0000] {subprocess.py:93} INFO - 	at scala.concurrent.impl.Promise.$anonfun$transformWith$1(Promise.scala:41)
[2026-08-12T21:21:29.038+0000] {subprocess.py:93} INFO - 	at scala.concurrent.impl.CallbackRunnable.run(Promise.scala:64)
[2026-08-12T21:21:29.041+0000] {subprocess.py:93} INFO - 	at org.apache.spark.util.ThreadUtils$$anon$1.execute(ThreadUtils.scala:99)
[2026-08-12T21:21:29.059+0000] {subprocess.py:93} INFO - 	at scala.concurrent.impl.ExecutionContextImpl$$anon$4.execute(ExecutionContextImpl.scala:138)
[2026-08-12T21:21:29.101+0000] {subprocess.py:93} INFO - 	at scala.concurrent.impl.CallbackRunnable.executeWithValue(Promise.scala:72)
[2026-08-12T21:21:29.107+0000] {subprocess.py:93} INFO - 	at scala.concurrent.impl.Promise$DefaultPromise.dispatchOrAddCallback(Promise.scala:316)
[2026-08-12T21:21:29.117+0000] {subprocess.py:93} INFO - 	at scala.concurrent.impl.Promise$DefaultPromise.onComplete(Promise.scala:307)
[2026-08-12T21:21:29.123+0000] {subprocess.py:93} INFO - 	at scala.concurrent.impl.Promise.transformWith(Promise.scala:40)
[2026-08-12T21:21:29.126+0000] {subprocess.py:93} INFO - 	at scala.concurrent.impl.Promise.transformWith$(Promise.scala:38)
[2026-08-12T21:21:29.131+0000] {subprocess.py:93} INFO - 	at scala.concurrent.impl.Promise$DefaultPromise.transformWith(Promise.scala:187)
[2026-08-12T21:21:29.136+0000] {subprocess.py:93} INFO - 	at scala.concurrent.Future.flatMap(Future.scala:306)
[2026-08-12T21:21:29.139+0000] {subprocess.py:93} INFO - 	at scala.concurrent.Future.flatMap$(Future.scala:306)
[2026-08-12T21:21:29.141+0000] {subprocess.py:93} INFO - 	at scala.concurrent.impl.Promise$DefaultPromise.flatMap(Promise.scala:187)
[2026-08-12T21:21:29.143+0000] {subprocess.py:93} INFO - 	at org.apache.spark.rpc.netty.NettyRpcEnv.asyncSetupEndpointRefByURI(NettyRpcEnv.scala:150)
[2026-08-12T21:21:29.149+0000] {subprocess.py:93} INFO - 	... 17 more
[2026-08-12T21:21:29.152+0000] {subprocess.py:93} INFO - 26/08/12 21:20:55 WARN Executor: Issue communicating with driver in heartbeater
[2026-08-12T21:21:29.162+0000] {subprocess.py:93} INFO - org.apache.spark.SparkException: Exception thrown in awaitResult:
[2026-08-12T21:21:29.165+0000] {subprocess.py:93} INFO - 	at org.apache.spark.util.SparkThreadUtils$.awaitResult(SparkThreadUtils.scala:56)
[2026-08-12T21:21:29.167+0000] {subprocess.py:93} INFO - 	at org.apache.spark.util.ThreadUtils$.awaitResult(ThreadUtils.scala:310)
[2026-08-12T21:21:29.170+0000] {subprocess.py:93} INFO - 	at org.apache.spark.rpc.RpcTimeout.awaitResult(RpcTimeout.scala:75)
[2026-08-12T21:21:29.173+0000] {subprocess.py:93} INFO - 	at org.apache.spark.rpc.RpcEndpointRef.askSync(RpcEndpointRef.scala:101)
[2026-08-12T21:21:29.175+0000] {subprocess.py:93} INFO - 	at org.apache.spark.rpc.RpcEndpointRef.askSync(RpcEndpointRef.scala:85)
[2026-08-12T21:21:29.189+0000] {subprocess.py:93} INFO - 	at org.apache.spark.storage.BlockManagerMaster.registerBlockManager(BlockManagerMaster.scala:80)
[2026-08-12T21:21:29.203+0000] {subprocess.py:93} INFO - 	at org.apache.spark.storage.BlockManager.reregister(BlockManager.scala:642)
[2026-08-12T21:21:29.220+0000] {subprocess.py:93} INFO - 	at org.apache.spark.executor.Executor.reportHeartBeat(Executor.scala:1223)
[2026-08-12T21:21:29.225+0000] {subprocess.py:93} INFO - 	at org.apache.spark.executor.Executor.$anonfun$heartbeater$1(Executor.scala:295)
[2026-08-12T21:21:29.236+0000] {subprocess.py:93} INFO - 	at scala.runtime.java8.JFunction0$mcV$sp.apply(JFunction0$mcV$sp.java:23)
[2026-08-12T21:21:29.239+0000] {subprocess.py:93} INFO - 	at org.apache.spark.util.Utils$.logUncaughtExceptions(Utils.scala:1928)
[2026-08-12T21:21:29.245+0000] {subprocess.py:93} INFO - 	at org.apache.spark.Heartbeater$$anon$1.run(Heartbeater.scala:46)
[2026-08-12T21:21:29.258+0000] {subprocess.py:93} INFO - 	at java.base/java.util.concurrent.Executors$RunnableAdapter.call(Executors.java:539)
[2026-08-12T21:21:29.261+0000] {subprocess.py:93} INFO - 	at java.base/java.util.concurrent.FutureTask.runAndReset(FutureTask.java:305)
[2026-08-12T21:21:29.265+0000] {subprocess.py:93} INFO - 	at java.base/java.util.concurrent.ScheduledThreadPoolExecutor$ScheduledFutureTask.run(ScheduledThreadPoolExecutor.java:305)
[2026-08-12T21:21:29.272+0000] {subprocess.py:93} INFO - 	at java.base/java.util.concurrent.ThreadPoolExecutor.runWorker(ThreadPoolExecutor.java:1136)
[2026-08-12T21:21:29.274+0000] {subprocess.py:93} INFO - 	at java.base/java.util.concurrent.ThreadPoolExecutor$Worker.run(ThreadPoolExecutor.java:635)
[2026-08-12T21:21:29.278+0000] {subprocess.py:93} INFO - 	at java.base/java.lang.Thread.run(Thread.java:840)
[2026-08-12T21:21:29.281+0000] {subprocess.py:93} INFO - Caused by: org.apache.spark.SparkException: Exception thrown in awaitResult:
[2026-08-12T21:21:29.286+0000] {subprocess.py:93} INFO - 	at org.apache.spark.util.SparkThreadUtils$.awaitResult(SparkThreadUtils.scala:56)
[2026-08-12T21:21:29.296+0000] {subprocess.py:93} INFO - 	at org.apache.spark.util.ThreadUtils$.awaitResult(ThreadUtils.scala:310)
[2026-08-12T21:21:29.299+0000] {subprocess.py:93} INFO - 	at org.apache.spark.rpc.RpcTimeout.awaitResult(RpcTimeout.scala:75)
[2026-08-12T21:21:29.301+0000] {subprocess.py:93} INFO - 	at org.apache.spark.rpc.RpcEnv.setupEndpointRefByURI(RpcEnv.scala:102)
[2026-08-12T21:21:29.305+0000] {subprocess.py:93} INFO - 	at org.apache.spark.rpc.RpcEnv.setupEndpointRef(RpcEnv.scala:110)
[2026-08-12T21:21:29.309+0000] {subprocess.py:93} INFO - 	at org.apache.spark.util.RpcUtils$.makeDriverRef(RpcUtils.scala:36)
[2026-08-12T21:21:29.311+0000] {subprocess.py:93} INFO - 	at org.apache.spark.storage.BlockManagerMasterEndpoint.driverEndpoint$lzycompute(BlockManagerMasterEndpoint.scala:124)
[2026-08-12T21:21:29.316+0000] {subprocess.py:93} INFO - 	at org.apache.spark.storage.BlockManagerMasterEndpoint.org$apache$spark$storage$BlockManagerMasterEndpoint$$driverEndpoint(BlockManagerMasterEndpoint.scala:123)
[2026-08-12T21:21:29.318+0000] {subprocess.py:93} INFO - 	at org.apache.spark.storage.BlockManagerMasterEndpoint.isExecutorAlive$lzycompute$1(BlockManagerMasterEndpoint.scala:688)
[2026-08-12T21:21:29.322+0000] {subprocess.py:93} INFO - 	at org.apache.spark.storage.BlockManagerMasterEndpoint.isExecutorAlive$1(BlockManagerMasterEndpoint.scala:687)
[2026-08-12T21:21:29.325+0000] {subprocess.py:93} INFO - 	at org.apache.spark.storage.BlockManagerMasterEndpoint.org$apache$spark$storage$BlockManagerMasterEndpoint$$register(BlockManagerMasterEndpoint.scala:725)
[2026-08-12T21:21:29.328+0000] {subprocess.py:93} INFO - 	at org.apache.spark.storage.BlockManagerMasterEndpoint$$anonfun$receiveAndReply$1.applyOrElse(BlockManagerMasterEndpoint.scala:133)
[2026-08-12T21:21:29.333+0000] {subprocess.py:93} INFO - 	at org.apache.spark.rpc.netty.Inbox.$anonfun$process$1(Inbox.scala:103)
[2026-08-12T21:21:29.337+0000] {subprocess.py:93} INFO - 	at org.apache.spark.rpc.netty.Inbox.safelyCall(Inbox.scala:213)
[2026-08-12T21:21:29.339+0000] {subprocess.py:93} INFO - 	at org.apache.spark.rpc.netty.Inbox.process(Inbox.scala:100)
[2026-08-12T21:21:29.342+0000] {subprocess.py:93} INFO - 	at org.apache.spark.rpc.netty.MessageLoop.org$apache$spark$rpc$netty$MessageLoop$$receiveLoop(MessageLoop.scala:75)
[2026-08-12T21:21:29.344+0000] {subprocess.py:93} INFO - 	at org.apache.spark.rpc.netty.MessageLoop$$anon$1.run(MessageLoop.scala:41)
[2026-08-12T21:21:29.347+0000] {subprocess.py:93} INFO - 	... 3 more
[2026-08-12T21:21:29.352+0000] {subprocess.py:93} INFO - Caused by: org.apache.spark.rpc.RpcEndpointNotFoundException: Cannot find endpoint: spark://CoarseGrainedScheduler@4099a95615c9:36011
[2026-08-12T21:21:29.354+0000] {subprocess.py:93} INFO - 	at org.apache.spark.rpc.netty.NettyRpcEnv.$anonfun$asyncSetupEndpointRefByURI$1(NettyRpcEnv.scala:148)
[2026-08-12T21:21:29.357+0000] {subprocess.py:93} INFO - 	at org.apache.spark.rpc.netty.NettyRpcEnv.$anonfun$asyncSetupEndpointRefByURI$1$adapted(NettyRpcEnv.scala:144)
[2026-08-12T21:21:29.360+0000] {subprocess.py:93} INFO - 	at scala.concurrent.Future.$anonfun$flatMap$1(Future.scala:307)
[2026-08-12T21:21:29.363+0000] {subprocess.py:93} INFO - 	at scala.concurrent.impl.Promise.$anonfun$transformWith$1(Promise.scala:41)
[2026-08-12T21:21:29.367+0000] {subprocess.py:93} INFO - 	at scala.concurrent.impl.CallbackRunnable.run(Promise.scala:64)
[2026-08-12T21:21:29.371+0000] {subprocess.py:93} INFO - 	at org.apache.spark.util.ThreadUtils$$anon$1.execute(ThreadUtils.scala:99)
[2026-08-12T21:21:29.376+0000] {subprocess.py:93} INFO - 	at scala.concurrent.impl.ExecutionContextImpl$$anon$4.execute(ExecutionContextImpl.scala:138)
[2026-08-12T21:21:29.380+0000] {subprocess.py:93} INFO - 	at scala.concurrent.impl.CallbackRunnable.executeWithValue(Promise.scala:72)
[2026-08-12T21:21:29.383+0000] {subprocess.py:93} INFO - 	at scala.concurrent.impl.Promise$DefaultPromise.dispatchOrAddCallback(Promise.scala:316)
[2026-08-12T21:21:29.391+0000] {subprocess.py:93} INFO - 	at scala.concurrent.impl.Promise$DefaultPromise.onComplete(Promise.scala:307)
[2026-08-12T21:21:29.394+0000] {subprocess.py:93} INFO - 	at scala.concurrent.impl.Promise.transformWith(Promise.scala:40)
[2026-08-12T21:21:29.398+0000] {subprocess.py:93} INFO - 	at scala.concurrent.impl.Promise.transformWith$(Promise.scala:38)
[2026-08-12T21:21:29.401+0000] {subprocess.py:93} INFO - 	at scala.concurrent.impl.Promise$DefaultPromise.transformWith(Promise.scala:187)
[2026-08-12T21:21:29.405+0000] {subprocess.py:93} INFO - 	at scala.concurrent.Future.flatMap(Future.scala:306)
[2026-08-12T21:21:29.420+0000] {subprocess.py:93} INFO - 	at scala.concurrent.Future.flatMap$(Future.scala:306)
[2026-08-12T21:21:29.433+0000] {subprocess.py:93} INFO - 	at scala.concurrent.impl.Promise$DefaultPromise.flatMap(Promise.scala:187)
[2026-08-12T21:21:29.436+0000] {subprocess.py:93} INFO - 	at org.apache.spark.rpc.netty.NettyRpcEnv.asyncSetupEndpointRefByURI(NettyRpcEnv.scala:150)
[2026-08-12T21:21:29.439+0000] {subprocess.py:93} INFO - 	... 17 more
[2026-08-12T21:21:29.443+0000] {subprocess.py:93} INFO - 26/08/12 21:21:04 ERROR Inbox: Ignoring error
[2026-08-12T21:21:29.450+0000] {subprocess.py:93} INFO - org.apache.spark.SparkException: Exception thrown in awaitResult:
[2026-08-12T21:21:29.455+0000] {subprocess.py:93} INFO - 	at org.apache.spark.util.SparkThreadUtils$.awaitResult(SparkThreadUtils.scala:56)
[2026-08-12T21:21:29.459+0000] {subprocess.py:93} INFO - 	at org.apache.spark.util.ThreadUtils$.awaitResult(ThreadUtils.scala:310)
[2026-08-12T21:21:29.461+0000] {subprocess.py:93} INFO - 	at org.apache.spark.rpc.RpcTimeout.awaitResult(RpcTimeout.scala:75)
[2026-08-12T21:21:29.463+0000] {subprocess.py:93} INFO - 	at org.apache.spark.rpc.RpcEnv.setupEndpointRefByURI(RpcEnv.scala:102)
[2026-08-12T21:21:29.467+0000] {subprocess.py:93} INFO - 	at org.apache.spark.rpc.RpcEnv.setupEndpointRef(RpcEnv.scala:110)
[2026-08-12T21:21:29.469+0000] {subprocess.py:93} INFO - 	at org.apache.spark.util.RpcUtils$.makeDriverRef(RpcUtils.scala:36)
[2026-08-12T21:21:29.472+0000] {subprocess.py:93} INFO - 	at org.apache.spark.storage.BlockManagerMasterEndpoint.driverEndpoint$lzycompute(BlockManagerMasterEndpoint.scala:124)
[2026-08-12T21:21:29.477+0000] {subprocess.py:93} INFO - 	at org.apache.spark.storage.BlockManagerMasterEndpoint.org$apache$spark$storage$BlockManagerMasterEndpoint$$driverEndpoint(BlockManagerMasterEndpoint.scala:123)
[2026-08-12T21:21:29.486+0000] {subprocess.py:93} INFO - 	at org.apache.spark.storage.BlockManagerMasterEndpoint.isExecutorAlive$lzycompute$1(BlockManagerMasterEndpoint.scala:688)
[2026-08-12T21:21:29.491+0000] {subprocess.py:93} INFO - 	at org.apache.spark.storage.BlockManagerMasterEndpoint.isExecutorAlive$1(BlockManagerMasterEndpoint.scala:687)
[2026-08-12T21:21:29.496+0000] {subprocess.py:93} INFO - 	at org.apache.spark.storage.BlockManagerMasterEndpoint.org$apache$spark$storage$BlockManagerMasterEndpoint$$register(BlockManagerMasterEndpoint.scala:725)
[2026-08-12T21:21:29.500+0000] {subprocess.py:93} INFO - 	at org.apache.spark.storage.BlockManagerMasterEndpoint$$anonfun$receiveAndReply$1.applyOrElse(BlockManagerMasterEndpoint.scala:133)
[2026-08-12T21:21:29.503+0000] {subprocess.py:93} INFO - 	at org.apache.spark.rpc.netty.Inbox.$anonfun$process$1(Inbox.scala:103)
[2026-08-12T21:21:29.505+0000] {subprocess.py:93} INFO - 	at org.apache.spark.rpc.netty.Inbox.safelyCall(Inbox.scala:213)
[2026-08-12T21:21:29.509+0000] {subprocess.py:93} INFO - 	at org.apache.spark.rpc.netty.Inbox.process(Inbox.scala:100)
[2026-08-12T21:21:29.511+0000] {subprocess.py:93} INFO - 	at org.apache.spark.rpc.netty.MessageLoop.org$apache$spark$rpc$netty$MessageLoop$$receiveLoop(MessageLoop.scala:75)
[2026-08-12T21:21:29.514+0000] {subprocess.py:93} INFO - 	at org.apache.spark.rpc.netty.MessageLoop$$anon$1.run(MessageLoop.scala:41)
[2026-08-12T21:21:29.519+0000] {subprocess.py:93} INFO - 	at java.base/java.util.concurrent.ThreadPoolExecutor.runWorker(ThreadPoolExecutor.java:1136)
[2026-08-12T21:21:29.521+0000] {subprocess.py:93} INFO - 	at java.base/java.util.concurrent.ThreadPoolExecutor$Worker.run(ThreadPoolExecutor.java:635)
[2026-08-12T21:21:29.526+0000] {subprocess.py:93} INFO - 	at java.base/java.lang.Thread.run(Thread.java:840)
[2026-08-12T21:21:29.530+0000] {subprocess.py:93} INFO - Caused by: org.apache.spark.rpc.RpcEndpointNotFoundException: Cannot find endpoint: spark://CoarseGrainedScheduler@4099a95615c9:36011
[2026-08-12T21:21:29.539+0000] {subprocess.py:93} INFO - 	at org.apache.spark.rpc.netty.NettyRpcEnv.$anonfun$asyncSetupEndpointRefByURI$1(NettyRpcEnv.scala:148)
[2026-08-12T21:21:29.575+0000] {subprocess.py:93} INFO - 	at org.apache.spark.rpc.netty.NettyRpcEnv.$anonfun$asyncSetupEndpointRefByURI$1$adapted(NettyRpcEnv.scala:144)
[2026-08-12T21:21:29.578+0000] {subprocess.py:93} INFO - 	at scala.concurrent.Future.$anonfun$flatMap$1(Future.scala:307)
[2026-08-12T21:21:29.615+0000] {subprocess.py:93} INFO - 	at scala.concurrent.impl.Promise.$anonfun$transformWith$1(Promise.scala:41)
[2026-08-12T21:21:29.682+0000] {subprocess.py:93} INFO - 	at scala.concurrent.impl.CallbackRunnable.run(Promise.scala:64)
[2026-08-12T21:21:29.714+0000] {subprocess.py:93} INFO - 	at org.apache.spark.util.ThreadUtils$$anon$1.execute(ThreadUtils.scala:99)
[2026-08-12T21:21:29.753+0000] {subprocess.py:93} INFO - 	at scala.concurrent.impl.ExecutionContextImpl$$anon$4.execute(ExecutionContextImpl.scala:138)
[2026-08-12T21:21:29.762+0000] {subprocess.py:93} INFO - 	at scala.concurrent.impl.CallbackRunnable.executeWithValue(Promise.scala:72)
[2026-08-12T21:21:29.915+0000] {subprocess.py:93} INFO - 	at scala.concurrent.impl.Promise$DefaultPromise.$anonfun$tryComplete$1(Promise.scala:288)
[2026-08-12T21:21:30.025+0000] {subprocess.py:93} INFO - 	at scala.concurrent.impl.Promise$DefaultPromise.$anonfun$tryComplete$1$adapted(Promise.scala:288)
[2026-08-12T21:21:30.178+0000] {subprocess.py:93} INFO - 	at scala.concurrent.impl.Promise$DefaultPromise.tryComplete(Promise.scala:288)
[2026-08-12T21:21:30.224+0000] {subprocess.py:93} INFO - 	at scala.concurrent.Promise.complete(Promise.scala:53)
[2026-08-12T21:21:30.497+0000] {subprocess.py:93} INFO - 	at scala.concurrent.Promise.complete$(Promise.scala:52)
[2026-08-12T21:21:30.579+0000] {subprocess.py:93} INFO - 	at scala.concurrent.impl.Promise$DefaultPromise.complete(Promise.scala:187)
[2026-08-12T21:21:30.601+0000] {subprocess.py:93} INFO - 	at scala.concurrent.impl.Promise.$anonfun$transform$1(Promise.scala:33)
[2026-08-12T21:21:30.619+0000] {subprocess.py:93} INFO - 	at scala.concurrent.impl.CallbackRunnable.run(Promise.scala:64)
[2026-08-12T21:21:30.660+0000] {subprocess.py:93} INFO - 	at org.apache.spark.util.ThreadUtils$$anon$1.execute(ThreadUtils.scala:99)
[2026-08-12T21:21:30.713+0000] {subprocess.py:93} INFO - 	at scala.concurrent.impl.ExecutionContextImpl$$anon$4.execute(ExecutionContextImpl.scala:138)
[2026-08-12T21:21:30.723+0000] {subprocess.py:93} INFO - 	at scala.concurrent.impl.CallbackRunnable.executeWithValue(Promise.scala:72)
[2026-08-12T21:21:30.729+0000] {subprocess.py:93} INFO - 	at scala.concurrent.impl.Promise$DefaultPromise.$anonfun$tryComplete$1(Promise.scala:288)
[2026-08-12T21:21:30.735+0000] {subprocess.py:93} INFO - 	at scala.concurrent.impl.Promise$DefaultPromise.$anonfun$tryComplete$1$adapted(Promise.scala:288)
[2026-08-12T21:21:30.750+0000] {subprocess.py:93} INFO - 	at scala.concurrent.impl.Promise$DefaultPromise.tryComplete(Promise.scala:288)
[2026-08-12T21:21:30.757+0000] {subprocess.py:93} INFO - 	at scala.concurrent.Promise.complete(Promise.scala:53)
[2026-08-12T21:21:30.763+0000] {subprocess.py:93} INFO - 	at scala.concurrent.Promise.complete$(Promise.scala:52)
[2026-08-12T21:21:30.769+0000] {subprocess.py:93} INFO - 	at scala.concurrent.impl.Promise$DefaultPromise.complete(Promise.scala:187)
[2026-08-12T21:21:30.773+0000] {subprocess.py:93} INFO - 	at scala.concurrent.impl.Promise.$anonfun$transform$1(Promise.scala:33)
[2026-08-12T21:21:30.777+0000] {subprocess.py:93} INFO - 	at scala.concurrent.impl.CallbackRunnable.run(Promise.scala:64)
[2026-08-12T21:21:30.840+0000] {subprocess.py:93} INFO - 	at scala.concurrent.BatchingExecutor$Batch.processBatch$1(BatchingExecutor.scala:67)
[2026-08-12T21:21:30.857+0000] {subprocess.py:93} INFO - 	at scala.concurrent.BatchingExecutor$Batch.$anonfun$run$1(BatchingExecutor.scala:82)
[2026-08-12T21:21:30.862+0000] {subprocess.py:93} INFO - 	at scala.runtime.java8.JFunction0$mcV$sp.apply(JFunction0$mcV$sp.java:23)
[2026-08-12T21:21:30.870+0000] {subprocess.py:93} INFO - 	at scala.concurrent.BlockContext$.withBlockContext(BlockContext.scala:85)
[2026-08-12T21:21:30.900+0000] {subprocess.py:93} INFO - 	at scala.concurrent.BatchingExecutor$Batch.run(BatchingExecutor.scala:59)
[2026-08-12T21:21:30.944+0000] {subprocess.py:93} INFO - 	at scala.concurrent.Future$InternalCallbackExecutor$.unbatchedExecute(Future.scala:875)
[2026-08-12T21:21:31.089+0000] {subprocess.py:93} INFO - 	at scala.concurrent.BatchingExecutor.execute(BatchingExecutor.scala:110)
[2026-08-12T21:21:31.125+0000] {subprocess.py:93} INFO - 	at scala.concurrent.BatchingExecutor.execute$(BatchingExecutor.scala:107)
[2026-08-12T21:21:31.163+0000] {subprocess.py:93} INFO - 	at scala.concurrent.Future$InternalCallbackExecutor$.execute(Future.scala:873)
[2026-08-12T21:21:31.213+0000] {subprocess.py:93} INFO - 	at scala.concurrent.impl.CallbackRunnable.executeWithValue(Promise.scala:72)
[2026-08-12T21:21:31.237+0000] {subprocess.py:93} INFO - 	at scala.concurrent.impl.Promise$DefaultPromise.$anonfun$tryComplete$1(Promise.scala:288)
[2026-08-12T21:21:31.248+0000] {subprocess.py:93} INFO - 	at scala.concurrent.impl.Promise$DefaultPromise.$anonfun$tryComplete$1$adapted(Promise.scala:288)
[2026-08-12T21:21:31.263+0000] {subprocess.py:93} INFO - 	at scala.concurrent.impl.Promise$DefaultPromise.tryComplete(Promise.scala:288)
[2026-08-12T21:21:31.267+0000] {subprocess.py:93} INFO - 	at scala.concurrent.Promise.trySuccess(Promise.scala:94)
[2026-08-12T21:21:31.300+0000] {subprocess.py:93} INFO - 	at scala.concurrent.Promise.trySuccess$(Promise.scala:94)
[2026-08-12T21:21:31.311+0000] {subprocess.py:93} INFO - 	at scala.concurrent.impl.Promise$DefaultPromise.trySuccess(Promise.scala:187)
[2026-08-12T21:21:31.327+0000] {subprocess.py:93} INFO - 	at org.apache.spark.rpc.netty.NettyRpcEnv.onSuccess$1(NettyRpcEnv.scala:225)
[2026-08-12T21:21:31.408+0000] {subprocess.py:93} INFO - 	at org.apache.spark.rpc.netty.NettyRpcEnv.$anonfun$askAbortable$5(NettyRpcEnv.scala:239)
[2026-08-12T21:21:31.441+0000] {subprocess.py:93} INFO - 	at org.apache.spark.rpc.netty.NettyRpcEnv.$anonfun$askAbortable$5$adapted(NettyRpcEnv.scala:238)
[2026-08-12T21:21:31.469+0000] {subprocess.py:93} INFO - 	at scala.concurrent.impl.CallbackRunnable.run(Promise.scala:64)
[2026-08-12T21:21:31.497+0000] {subprocess.py:93} INFO - 	at org.apache.spark.util.ThreadUtils$$anon$1.execute(ThreadUtils.scala:99)
[2026-08-12T21:21:31.506+0000] {subprocess.py:93} INFO - 	at scala.concurrent.impl.ExecutionContextImpl$$anon$4.execute(ExecutionContextImpl.scala:138)
[2026-08-12T21:21:31.569+0000] {subprocess.py:93} INFO - 	at scala.concurrent.impl.CallbackRunnable.executeWithValue(Promise.scala:72)
[2026-08-12T21:21:31.574+0000] {subprocess.py:93} INFO - 	at scala.concurrent.impl.Promise$DefaultPromise.$anonfun$tryComplete$1(Promise.scala:288)
[2026-08-12T21:21:31.603+0000] {subprocess.py:93} INFO - 	at scala.concurrent.impl.Promise$DefaultPromise.$anonfun$tryComplete$1$adapted(Promise.scala:288)
[2026-08-12T21:21:31.655+0000] {subprocess.py:93} INFO - 	at scala.concurrent.impl.Promise$DefaultPromise.tryComplete(Promise.scala:288)
[2026-08-12T21:21:31.692+0000] {subprocess.py:93} INFO - 	at scala.concurrent.Promise.complete(Promise.scala:53)
[2026-08-12T21:21:31.759+0000] {subprocess.py:93} INFO - 	at scala.concurrent.Promise.complete$(Promise.scala:52)
[2026-08-12T21:21:31.831+0000] {subprocess.py:93} INFO - 	at scala.concurrent.impl.Promise$DefaultPromise.complete(Promise.scala:187)
[2026-08-12T21:21:31.857+0000] {subprocess.py:93} INFO - 	at scala.concurrent.Promise.success(Promise.scala:86)
[2026-08-12T21:21:31.867+0000] {subprocess.py:93} INFO - 	at scala.concurrent.Promise.success$(Promise.scala:86)
[2026-08-12T21:21:31.906+0000] {subprocess.py:93} INFO - 	at scala.concurrent.impl.Promise$DefaultPromise.success(Promise.scala:187)
[2026-08-12T21:21:31.982+0000] {subprocess.py:93} INFO - 	at org.apache.spark.rpc.netty.LocalNettyRpcCallContext.send(NettyRpcCallContext.scala:50)
[2026-08-12T21:21:32.006+0000] {subprocess.py:93} INFO - 	at org.apache.spark.rpc.netty.NettyRpcCallContext.reply(NettyRpcCallContext.scala:32)
[2026-08-12T21:21:32.072+0000] {subprocess.py:93} INFO - 	at org.apache.spark.rpc.netty.RpcEndpointVerifier$$anonfun$receiveAndReply$1.applyOrElse(RpcEndpointVerifier.scala:31)
[2026-08-12T21:21:32.125+0000] {subprocess.py:93} INFO - 	... 8 more
[2026-08-12T21:21:32.148+0000] {subprocess.py:93} INFO - 26/08/12 21:21:04 WARN Executor: Issue communicating with driver in heartbeater
[2026-08-12T21:21:32.240+0000] {subprocess.py:93} INFO - org.apache.spark.SparkException: Exception thrown in awaitResult:
[2026-08-12T21:21:32.263+0000] {subprocess.py:93} INFO - 	at org.apache.spark.util.SparkThreadUtils$.awaitResult(SparkThreadUtils.scala:56)
[2026-08-12T21:21:32.288+0000] {subprocess.py:93} INFO - 	at org.apache.spark.util.ThreadUtils$.awaitResult(ThreadUtils.scala:310)
[2026-08-12T21:21:32.331+0000] {subprocess.py:93} INFO - 	at org.apache.spark.rpc.RpcTimeout.awaitResult(RpcTimeout.scala:75)
[2026-08-12T21:21:32.389+0000] {subprocess.py:93} INFO - 	at org.apache.spark.rpc.RpcEndpointRef.askSync(RpcEndpointRef.scala:101)
[2026-08-12T21:21:32.452+0000] {subprocess.py:93} INFO - 	at org.apache.spark.rpc.RpcEndpointRef.askSync(RpcEndpointRef.scala:85)
[2026-08-12T21:21:32.457+0000] {subprocess.py:93} INFO - 	at org.apache.spark.storage.BlockManagerMaster.registerBlockManager(BlockManagerMaster.scala:80)
[2026-08-12T21:21:32.466+0000] {subprocess.py:93} INFO - 	at org.apache.spark.storage.BlockManager.reregister(BlockManager.scala:642)
[2026-08-12T21:21:32.473+0000] {subprocess.py:93} INFO - 	at org.apache.spark.executor.Executor.reportHeartBeat(Executor.scala:1223)
[2026-08-12T21:21:32.476+0000] {subprocess.py:93} INFO - 	at org.apache.spark.executor.Executor.$anonfun$heartbeater$1(Executor.scala:295)
[2026-08-12T21:21:32.480+0000] {subprocess.py:93} INFO - 	at scala.runtime.java8.JFunction0$mcV$sp.apply(JFunction0$mcV$sp.java:23)
[2026-08-12T21:21:32.510+0000] {subprocess.py:93} INFO - 	at org.apache.spark.util.Utils$.logUncaughtExceptions(Utils.scala:1928)
[2026-08-12T21:21:32.533+0000] {subprocess.py:93} INFO - 	at org.apache.spark.Heartbeater$$anon$1.run(Heartbeater.scala:46)
[2026-08-12T21:21:32.561+0000] {subprocess.py:93} INFO - 	at java.base/java.util.concurrent.Executors$RunnableAdapter.call(Executors.java:539)
[2026-08-12T21:21:32.611+0000] {subprocess.py:93} INFO - 	at java.base/java.util.concurrent.FutureTask.runAndReset(FutureTask.java:305)
[2026-08-12T21:21:32.642+0000] {subprocess.py:93} INFO - 	at java.base/java.util.concurrent.ScheduledThreadPoolExecutor$ScheduledFutureTask.run(ScheduledThreadPoolExecutor.java:305)
[2026-08-12T21:21:32.658+0000] {subprocess.py:93} INFO - 	at java.base/java.util.concurrent.ThreadPoolExecutor.runWorker(ThreadPoolExecutor.java:1136)
[2026-08-12T21:21:32.676+0000] {subprocess.py:93} INFO - 	at java.base/java.util.concurrent.ThreadPoolExecutor$Worker.run(ThreadPoolExecutor.java:635)
[2026-08-12T21:21:32.695+0000] {subprocess.py:93} INFO - 	at java.base/java.lang.Thread.run(Thread.java:840)
[2026-08-12T21:21:32.701+0000] {subprocess.py:93} INFO - Caused by: org.apache.spark.SparkException: Exception thrown in awaitResult:
[2026-08-12T21:21:32.723+0000] {subprocess.py:93} INFO - 	at org.apache.spark.util.SparkThreadUtils$.awaitResult(SparkThreadUtils.scala:56)
[2026-08-12T21:21:32.738+0000] {subprocess.py:93} INFO - 	at org.apache.spark.util.ThreadUtils$.awaitResult(ThreadUtils.scala:310)
[2026-08-12T21:21:32.753+0000] {subprocess.py:93} INFO - 	at org.apache.spark.rpc.RpcTimeout.awaitResult(RpcTimeout.scala:75)
[2026-08-12T21:21:32.758+0000] {subprocess.py:93} INFO - 	at org.apache.spark.rpc.RpcEnv.setupEndpointRefByURI(RpcEnv.scala:102)
[2026-08-12T21:21:32.802+0000] {subprocess.py:93} INFO - 	at org.apache.spark.rpc.RpcEnv.setupEndpointRef(RpcEnv.scala:110)
[2026-08-12T21:21:32.809+0000] {subprocess.py:93} INFO - 	at org.apache.spark.util.RpcUtils$.makeDriverRef(RpcUtils.scala:36)
[2026-08-12T21:21:32.839+0000] {subprocess.py:93} INFO - 	at org.apache.spark.storage.BlockManagerMasterEndpoint.driverEndpoint$lzycompute(BlockManagerMasterEndpoint.scala:124)
[2026-08-12T21:21:32.849+0000] {subprocess.py:93} INFO - 	at org.apache.spark.storage.BlockManagerMasterEndpoint.org$apache$spark$storage$BlockManagerMasterEndpoint$$driverEndpoint(BlockManagerMasterEndpoint.scala:123)
[2026-08-12T21:21:32.855+0000] {subprocess.py:93} INFO - 	at org.apache.spark.storage.BlockManagerMasterEndpoint.isExecutorAlive$lzycompute$1(BlockManagerMasterEndpoint.scala:688)
[2026-08-12T21:21:32.858+0000] {subprocess.py:93} INFO - 	at org.apache.spark.storage.BlockManagerMasterEndpoint.isExecutorAlive$1(BlockManagerMasterEndpoint.scala:687)
[2026-08-12T21:21:32.868+0000] {subprocess.py:93} INFO - 	at org.apache.spark.storage.BlockManagerMasterEndpoint.org$apache$spark$storage$BlockManagerMasterEndpoint$$register(BlockManagerMasterEndpoint.scala:725)
[2026-08-12T21:21:32.895+0000] {subprocess.py:93} INFO - 	at org.apache.spark.storage.BlockManagerMasterEndpoint$$anonfun$receiveAndReply$1.applyOrElse(BlockManagerMasterEndpoint.scala:133)
[2026-08-12T21:21:32.976+0000] {subprocess.py:93} INFO - 	at org.apache.spark.rpc.netty.Inbox.$anonfun$process$1(Inbox.scala:103)
[2026-08-12T21:21:33.022+0000] {subprocess.py:93} INFO - 	at org.apache.spark.rpc.netty.Inbox.safelyCall(Inbox.scala:213)
[2026-08-12T21:21:33.048+0000] {subprocess.py:93} INFO - 	at org.apache.spark.rpc.netty.Inbox.process(Inbox.scala:100)
[2026-08-12T21:21:33.212+0000] {subprocess.py:93} INFO - 	at org.apache.spark.rpc.netty.MessageLoop.org$apache$spark$rpc$netty$MessageLoop$$receiveLoop(MessageLoop.scala:75)
[2026-08-12T21:21:33.259+0000] {subprocess.py:93} INFO - 	at org.apache.spark.rpc.netty.MessageLoop$$anon$1.run(MessageLoop.scala:41)
[2026-08-12T21:21:33.330+0000] {subprocess.py:93} INFO - 	... 3 more
[2026-08-12T21:21:33.337+0000] {subprocess.py:93} INFO - Caused by: org.apache.spark.rpc.RpcEndpointNotFoundException: Cannot find endpoint: spark://CoarseGrainedScheduler@4099a95615c9:36011
[2026-08-12T21:21:33.409+0000] {subprocess.py:93} INFO - 	at org.apache.spark.rpc.netty.NettyRpcEnv.$anonfun$asyncSetupEndpointRefByURI$1(NettyRpcEnv.scala:148)
[2026-08-12T21:21:33.463+0000] {subprocess.py:93} INFO - 	at org.apache.spark.rpc.netty.NettyRpcEnv.$anonfun$asyncSetupEndpointRefByURI$1$adapted(NettyRpcEnv.scala:144)
[2026-08-12T21:21:33.619+0000] {subprocess.py:93} INFO - 	at scala.concurrent.Future.$anonfun$flatMap$1(Future.scala:307)
[2026-08-12T21:21:33.721+0000] {subprocess.py:93} INFO - 	at scala.concurrent.impl.Promise.$anonfun$transformWith$1(Promise.scala:41)
[2026-08-12T21:21:33.743+0000] {subprocess.py:93} INFO - 	at scala.concurrent.impl.CallbackRunnable.run(Promise.scala:64)
[2026-08-12T21:21:33.846+0000] {subprocess.py:93} INFO - 	at org.apache.spark.util.ThreadUtils$$anon$1.execute(ThreadUtils.scala:99)
[2026-08-12T21:21:33.863+0000] {subprocess.py:93} INFO - 	at scala.concurrent.impl.ExecutionContextImpl$$anon$4.execute(ExecutionContextImpl.scala:138)
[2026-08-12T21:21:33.905+0000] {subprocess.py:93} INFO - 	at scala.concurrent.impl.CallbackRunnable.executeWithValue(Promise.scala:72)
[2026-08-12T21:21:33.925+0000] {subprocess.py:93} INFO - 	at scala.concurrent.impl.Promise$DefaultPromise.$anonfun$tryComplete$1(Promise.scala:288)
[2026-08-12T21:21:33.933+0000] {subprocess.py:93} INFO - 	at scala.concurrent.impl.Promise$DefaultPromise.$anonfun$tryComplete$1$adapted(Promise.scala:288)
[2026-08-12T21:21:34.118+0000] {subprocess.py:93} INFO - 	at scala.concurrent.impl.Promise$DefaultPromise.tryComplete(Promise.scala:288)
[2026-08-12T21:21:34.156+0000] {subprocess.py:93} INFO - 	at scala.concurrent.Promise.complete(Promise.scala:53)
[2026-08-12T21:21:34.187+0000] {subprocess.py:93} INFO - 	at scala.concurrent.Promise.complete$(Promise.scala:52)
[2026-08-12T21:21:34.194+0000] {subprocess.py:93} INFO - 	at scala.concurrent.impl.Promise$DefaultPromise.complete(Promise.scala:187)
[2026-08-12T21:21:34.248+0000] {subprocess.py:93} INFO - 	at scala.concurrent.impl.Promise.$anonfun$transform$1(Promise.scala:33)
[2026-08-12T21:21:34.252+0000] {subprocess.py:93} INFO - 	at scala.concurrent.impl.CallbackRunnable.run(Promise.scala:64)
[2026-08-12T21:21:34.282+0000] {subprocess.py:93} INFO - 	at org.apache.spark.util.ThreadUtils$$anon$1.execute(ThreadUtils.scala:99)
[2026-08-12T21:21:34.285+0000] {subprocess.py:93} INFO - 	at scala.concurrent.impl.ExecutionContextImpl$$anon$4.execute(ExecutionContextImpl.scala:138)
[2026-08-12T21:21:34.302+0000] {subprocess.py:93} INFO - 	at scala.concurrent.impl.CallbackRunnable.executeWithValue(Promise.scala:72)
[2026-08-12T21:21:34.385+0000] {subprocess.py:93} INFO - 	at scala.concurrent.impl.Promise$DefaultPromise.$anonfun$tryComplete$1(Promise.scala:288)
[2026-08-12T21:21:34.404+0000] {subprocess.py:93} INFO - 	at scala.concurrent.impl.Promise$DefaultPromise.$anonfun$tryComplete$1$adapted(Promise.scala:288)
[2026-08-12T21:21:34.418+0000] {subprocess.py:93} INFO - 	at scala.concurrent.impl.Promise$DefaultPromise.tryComplete(Promise.scala:288)
[2026-08-12T21:21:34.441+0000] {subprocess.py:93} INFO - 	at scala.concurrent.Promise.complete(Promise.scala:53)
[2026-08-12T21:21:34.450+0000] {subprocess.py:93} INFO - 	at scala.concurrent.Promise.complete$(Promise.scala:52)
[2026-08-12T21:21:34.474+0000] {subprocess.py:93} INFO - 	at scala.concurrent.impl.Promise$DefaultPromise.complete(Promise.scala:187)
[2026-08-12T21:21:34.525+0000] {subprocess.py:93} INFO - 	at scala.concurrent.impl.Promise.$anonfun$transform$1(Promise.scala:33)
[2026-08-12T21:21:34.551+0000] {subprocess.py:93} INFO - 	at scala.concurrent.impl.CallbackRunnable.run(Promise.scala:64)
[2026-08-12T21:21:34.584+0000] {subprocess.py:93} INFO - 	at scala.concurrent.BatchingExecutor$Batch.processBatch$1(BatchingExecutor.scala:67)
[2026-08-12T21:21:34.763+0000] {subprocess.py:93} INFO - 	at scala.concurrent.BatchingExecutor$Batch.$anonfun$run$1(BatchingExecutor.scala:82)
[2026-08-12T21:21:34.813+0000] {subprocess.py:93} INFO - 	at scala.runtime.java8.JFunction0$mcV$sp.apply(JFunction0$mcV$sp.java:23)
[2026-08-12T21:21:34.838+0000] {subprocess.py:93} INFO - 	at scala.concurrent.BlockContext$.withBlockContext(BlockContext.scala:85)
[2026-08-12T21:21:34.858+0000] {subprocess.py:93} INFO - 	at scala.concurrent.BatchingExecutor$Batch.run(BatchingExecutor.scala:59)
[2026-08-12T21:21:34.883+0000] {subprocess.py:93} INFO - 	at scala.concurrent.Future$InternalCallbackExecutor$.unbatchedExecute(Future.scala:875)
[2026-08-12T21:21:34.930+0000] {subprocess.py:93} INFO - 	at scala.concurrent.BatchingExecutor.execute(BatchingExecutor.scala:110)
[2026-08-12T21:21:34.994+0000] {subprocess.py:93} INFO - 	at scala.concurrent.BatchingExecutor.execute$(BatchingExecutor.scala:107)
[2026-08-12T21:21:35.016+0000] {subprocess.py:93} INFO - 	at scala.concurrent.Future$InternalCallbackExecutor$.execute(Future.scala:873)
[2026-08-12T21:21:35.024+0000] {subprocess.py:93} INFO - 	at scala.concurrent.impl.CallbackRunnable.executeWithValue(Promise.scala:72)
[2026-08-12T21:21:35.102+0000] {subprocess.py:93} INFO - 	at scala.concurrent.impl.Promise$DefaultPromise.$anonfun$tryComplete$1(Promise.scala:288)
[2026-08-12T21:21:35.106+0000] {subprocess.py:93} INFO - 	at scala.concurrent.impl.Promise$DefaultPromise.$anonfun$tryComplete$1$adapted(Promise.scala:288)
[2026-08-12T21:21:35.125+0000] {subprocess.py:93} INFO - 	at scala.concurrent.impl.Promise$DefaultPromise.tryComplete(Promise.scala:288)
[2026-08-12T21:21:35.240+0000] {subprocess.py:93} INFO - 	at scala.concurrent.Promise.trySuccess(Promise.scala:94)
[2026-08-12T21:21:35.260+0000] {subprocess.py:93} INFO - 	at scala.concurrent.Promise.trySuccess$(Promise.scala:94)
[2026-08-12T21:21:35.279+0000] {subprocess.py:93} INFO - 	at scala.concurrent.impl.Promise$DefaultPromise.trySuccess(Promise.scala:187)
[2026-08-12T21:21:35.296+0000] {subprocess.py:93} INFO - 	at org.apache.spark.rpc.netty.NettyRpcEnv.onSuccess$1(NettyRpcEnv.scala:225)
[2026-08-12T21:21:35.298+0000] {subprocess.py:93} INFO - 	at org.apache.spark.rpc.netty.NettyRpcEnv.$anonfun$askAbortable$5(NettyRpcEnv.scala:239)
[2026-08-12T21:21:35.320+0000] {subprocess.py:93} INFO - 	at org.apache.spark.rpc.netty.NettyRpcEnv.$anonfun$askAbortable$5$adapted(NettyRpcEnv.scala:238)
[2026-08-12T21:21:35.345+0000] {subprocess.py:93} INFO - 	at scala.concurrent.impl.CallbackRunnable.run(Promise.scala:64)
[2026-08-12T21:21:35.378+0000] {subprocess.py:93} INFO - 	at org.apache.spark.util.ThreadUtils$$anon$1.execute(ThreadUtils.scala:99)
[2026-08-12T21:21:35.392+0000] {subprocess.py:93} INFO - 	at scala.concurrent.impl.ExecutionContextImpl$$anon$4.execute(ExecutionContextImpl.scala:138)
[2026-08-12T21:21:35.400+0000] {subprocess.py:93} INFO - 	at scala.concurrent.impl.CallbackRunnable.executeWithValue(Promise.scala:72)
[2026-08-12T21:21:35.455+0000] {subprocess.py:93} INFO - 	at scala.concurrent.impl.Promise$DefaultPromise.$anonfun$tryComplete$1(Promise.scala:288)
[2026-08-12T21:21:35.463+0000] {subprocess.py:93} INFO - 	at scala.concurrent.impl.Promise$DefaultPromise.$anonfun$tryComplete$1$adapted(Promise.scala:288)
[2026-08-12T21:21:35.471+0000] {subprocess.py:93} INFO - 	at scala.concurrent.impl.Promise$DefaultPromise.tryComplete(Promise.scala:288)
[2026-08-12T21:21:35.554+0000] {subprocess.py:93} INFO - 	at scala.concurrent.Promise.complete(Promise.scala:53)
[2026-08-12T21:21:35.576+0000] {subprocess.py:93} INFO - 	at scala.concurrent.Promise.complete$(Promise.scala:52)
[2026-08-12T21:21:35.589+0000] {subprocess.py:93} INFO - 	at scala.concurrent.impl.Promise$DefaultPromise.complete(Promise.scala:187)
[2026-08-12T21:21:35.606+0000] {subprocess.py:93} INFO - 	at scala.concurrent.Promise.success(Promise.scala:86)
[2026-08-12T21:21:35.618+0000] {subprocess.py:93} INFO - 	at scala.concurrent.Promise.success$(Promise.scala:86)
[2026-08-12T21:21:35.660+0000] {subprocess.py:93} INFO - 	at scala.concurrent.impl.Promise$DefaultPromise.success(Promise.scala:187)
[2026-08-12T21:21:35.679+0000] {subprocess.py:93} INFO - 	at org.apache.spark.rpc.netty.LocalNettyRpcCallContext.send(NettyRpcCallContext.scala:50)
[2026-08-12T21:21:35.708+0000] {subprocess.py:93} INFO - 	at org.apache.spark.rpc.netty.NettyRpcCallContext.reply(NettyRpcCallContext.scala:32)
[2026-08-12T21:21:35.718+0000] {subprocess.py:93} INFO - 	at org.apache.spark.rpc.netty.RpcEndpointVerifier$$anonfun$receiveAndReply$1.applyOrElse(RpcEndpointVerifier.scala:31)
[2026-08-12T21:21:35.725+0000] {subprocess.py:93} INFO - 	... 8 more
[2026-08-12T21:21:35.748+0000] {subprocess.py:93} INFO - 26/08/12 21:21:12 ERROR Inbox: Ignoring error
[2026-08-12T21:21:35.758+0000] {subprocess.py:93} INFO - org.apache.spark.SparkException: Exception thrown in awaitResult:
[2026-08-12T21:21:35.788+0000] {subprocess.py:93} INFO - 	at org.apache.spark.util.SparkThreadUtils$.awaitResult(SparkThreadUtils.scala:56)
[2026-08-12T21:21:35.808+0000] {subprocess.py:93} INFO - 	at org.apache.spark.util.ThreadUtils$.awaitResult(ThreadUtils.scala:310)
[2026-08-12T21:21:35.815+0000] {subprocess.py:93} INFO - 	at org.apache.spark.rpc.RpcTimeout.awaitResult(RpcTimeout.scala:75)
[2026-08-12T21:21:35.842+0000] {subprocess.py:93} INFO - 	at org.apache.spark.rpc.RpcEnv.setupEndpointRefByURI(RpcEnv.scala:102)
[2026-08-12T21:21:35.934+0000] {subprocess.py:93} INFO - 	at org.apache.spark.rpc.RpcEnv.setupEndpointRef(RpcEnv.scala:110)
[2026-08-12T21:21:35.975+0000] {subprocess.py:93} INFO - 	at org.apache.spark.util.RpcUtils$.makeDriverRef(RpcUtils.scala:36)
[2026-08-12T21:21:36.032+0000] {subprocess.py:93} INFO - 	at org.apache.spark.storage.BlockManagerMasterEndpoint.driverEndpoint$lzycompute(BlockManagerMasterEndpoint.scala:124)
[2026-08-12T21:21:36.046+0000] {subprocess.py:93} INFO - 	at org.apache.spark.storage.BlockManagerMasterEndpoint.org$apache$spark$storage$BlockManagerMasterEndpoint$$driverEndpoint(BlockManagerMasterEndpoint.scala:123)
[2026-08-12T21:21:36.062+0000] {subprocess.py:93} INFO - 	at org.apache.spark.storage.BlockManagerMasterEndpoint.isExecutorAlive$lzycompute$1(BlockManagerMasterEndpoint.scala:688)
[2026-08-12T21:21:36.069+0000] {subprocess.py:93} INFO - 	at org.apache.spark.storage.BlockManagerMasterEndpoint.isExecutorAlive$1(BlockManagerMasterEndpoint.scala:687)
[2026-08-12T21:21:36.114+0000] {subprocess.py:93} INFO - 	at org.apache.spark.storage.BlockManagerMasterEndpoint.org$apache$spark$storage$BlockManagerMasterEndpoint$$register(BlockManagerMasterEndpoint.scala:725)
[2026-08-12T21:21:36.146+0000] {subprocess.py:93} INFO - 	at org.apache.spark.storage.BlockManagerMasterEndpoint$$anonfun$receiveAndReply$1.applyOrElse(BlockManagerMasterEndpoint.scala:133)
[2026-08-12T21:21:36.165+0000] {subprocess.py:93} INFO - 	at org.apache.spark.rpc.netty.Inbox.$anonfun$process$1(Inbox.scala:103)
[2026-08-12T21:21:36.211+0000] {subprocess.py:93} INFO - 	at org.apache.spark.rpc.netty.Inbox.safelyCall(Inbox.scala:213)
[2026-08-12T21:21:36.229+0000] {subprocess.py:93} INFO - 	at org.apache.spark.rpc.netty.Inbox.process(Inbox.scala:100)
[2026-08-12T21:21:36.261+0000] {subprocess.py:93} INFO - 	at org.apache.spark.rpc.netty.MessageLoop.org$apache$spark$rpc$netty$MessageLoop$$receiveLoop(MessageLoop.scala:75)
[2026-08-12T21:21:36.336+0000] {subprocess.py:93} INFO - 	at org.apache.spark.rpc.netty.MessageLoop$$anon$1.run(MessageLoop.scala:41)
[2026-08-12T21:21:36.458+0000] {subprocess.py:93} INFO - 	at java.base/java.util.concurrent.ThreadPoolExecutor.runWorker(ThreadPoolExecutor.java:1136)
[2026-08-12T21:21:36.553+0000] {subprocess.py:93} INFO - 	at java.base/java.util.concurrent.ThreadPoolExecutor$Worker.run(ThreadPoolExecutor.java:635)
[2026-08-12T21:21:36.747+0000] {subprocess.py:93} INFO - 	at java.base/java.lang.Thread.run(Thread.java:840)
[2026-08-12T21:21:36.772+0000] {subprocess.py:93} INFO - Caused by: org.apache.spark.rpc.RpcEndpointNotFoundException: Cannot find endpoint: spark://CoarseGrainedScheduler@4099a95615c9:36011
[2026-08-12T21:21:36.785+0000] {subprocess.py:93} INFO - 	at org.apache.spark.rpc.netty.NettyRpcEnv.$anonfun$asyncSetupEndpointRefByURI$1(NettyRpcEnv.scala:148)
[2026-08-12T21:21:36.812+0000] {subprocess.py:93} INFO - 	at org.apache.spark.rpc.netty.NettyRpcEnv.$anonfun$asyncSetupEndpointRefByURI$1$adapted(NettyRpcEnv.scala:144)
[2026-08-12T21:21:36.906+0000] {subprocess.py:93} INFO - 	at scala.concurrent.Future.$anonfun$flatMap$1(Future.scala:307)
[2026-08-12T21:21:36.926+0000] {subprocess.py:93} INFO - 	at scala.concurrent.impl.Promise.$anonfun$transformWith$1(Promise.scala:41)
[2026-08-12T21:21:37.203+0000] {subprocess.py:93} INFO - 	at scala.concurrent.impl.CallbackRunnable.run(Promise.scala:64)
[2026-08-12T21:21:37.258+0000] {subprocess.py:93} INFO - 	at org.apache.spark.util.ThreadUtils$$anon$1.execute(ThreadUtils.scala:99)
[2026-08-12T21:21:37.288+0000] {subprocess.py:93} INFO - 	at scala.concurrent.impl.ExecutionContextImpl$$anon$4.execute(ExecutionContextImpl.scala:138)
[2026-08-12T21:21:37.336+0000] {subprocess.py:93} INFO - 	at scala.concurrent.impl.CallbackRunnable.executeWithValue(Promise.scala:72)
[2026-08-12T21:21:37.346+0000] {subprocess.py:93} INFO - 	at scala.concurrent.impl.Promise$DefaultPromise.$anonfun$tryComplete$1(Promise.scala:288)
[2026-08-12T21:21:37.381+0000] {subprocess.py:93} INFO - 	at scala.concurrent.impl.Promise$DefaultPromise.$anonfun$tryComplete$1$adapted(Promise.scala:288)
[2026-08-12T21:21:37.425+0000] {subprocess.py:93} INFO - 	at scala.concurrent.impl.Promise$DefaultPromise.tryComplete(Promise.scala:288)
[2026-08-12T21:21:37.522+0000] {subprocess.py:93} INFO - 	at scala.concurrent.Promise.complete(Promise.scala:53)
[2026-08-12T21:21:37.536+0000] {subprocess.py:93} INFO - 	at scala.concurrent.Promise.complete$(Promise.scala:52)
[2026-08-12T21:21:37.557+0000] {subprocess.py:93} INFO - 	at scala.concurrent.impl.Promise$DefaultPromise.complete(Promise.scala:187)
[2026-08-12T21:21:37.589+0000] {subprocess.py:93} INFO - 	at scala.concurrent.impl.Promise.$anonfun$transform$1(Promise.scala:33)
[2026-08-12T21:21:37.629+0000] {subprocess.py:93} INFO - 	at scala.concurrent.impl.CallbackRunnable.run(Promise.scala:64)
[2026-08-12T21:21:37.656+0000] {subprocess.py:93} INFO - 	at org.apache.spark.util.ThreadUtils$$anon$1.execute(ThreadUtils.scala:99)
[2026-08-12T21:21:37.674+0000] {subprocess.py:93} INFO - 	at scala.concurrent.impl.ExecutionContextImpl$$anon$4.execute(ExecutionContextImpl.scala:138)
[2026-08-12T21:21:37.688+0000] {subprocess.py:93} INFO - 	at scala.concurrent.impl.CallbackRunnable.executeWithValue(Promise.scala:72)
[2026-08-12T21:21:37.701+0000] {subprocess.py:93} INFO - 	at scala.concurrent.impl.Promise$DefaultPromise.$anonfun$tryComplete$1(Promise.scala:288)
[2026-08-12T21:21:37.727+0000] {subprocess.py:93} INFO - 	at scala.concurrent.impl.Promise$DefaultPromise.$anonfun$tryComplete$1$adapted(Promise.scala:288)
[2026-08-12T21:21:37.744+0000] {subprocess.py:93} INFO - 	at scala.concurrent.impl.Promise$DefaultPromise.tryComplete(Promise.scala:288)
[2026-08-12T21:21:37.757+0000] {subprocess.py:93} INFO - 	at scala.concurrent.Promise.complete(Promise.scala:53)
[2026-08-12T21:21:37.768+0000] {subprocess.py:93} INFO - 	at scala.concurrent.Promise.complete$(Promise.scala:52)
[2026-08-12T21:21:37.799+0000] {subprocess.py:93} INFO - 	at scala.concurrent.impl.Promise$DefaultPromise.complete(Promise.scala:187)
[2026-08-12T21:21:37.815+0000] {subprocess.py:93} INFO - 	at scala.concurrent.impl.Promise.$anonfun$transform$1(Promise.scala:33)
[2026-08-12T21:21:37.832+0000] {subprocess.py:93} INFO - 	at scala.concurrent.impl.CallbackRunnable.run(Promise.scala:64)
[2026-08-12T21:21:37.841+0000] {subprocess.py:93} INFO - 	at scala.concurrent.BatchingExecutor$Batch.processBatch$1(BatchingExecutor.scala:67)
[2026-08-12T21:21:37.862+0000] {subprocess.py:93} INFO - 	at scala.concurrent.BatchingExecutor$Batch.$anonfun$run$1(BatchingExecutor.scala:82)
[2026-08-12T21:21:37.878+0000] {subprocess.py:93} INFO - 	at scala.runtime.java8.JFunction0$mcV$sp.apply(JFunction0$mcV$sp.java:23)
[2026-08-12T21:21:37.881+0000] {subprocess.py:93} INFO - 	at scala.concurrent.BlockContext$.withBlockContext(BlockContext.scala:85)
[2026-08-12T21:21:37.924+0000] {subprocess.py:93} INFO - 	at scala.concurrent.BatchingExecutor$Batch.run(BatchingExecutor.scala:59)
[2026-08-12T21:21:37.927+0000] {subprocess.py:93} INFO - 	at scala.concurrent.Future$InternalCallbackExecutor$.unbatchedExecute(Future.scala:875)
[2026-08-12T21:21:37.971+0000] {subprocess.py:93} INFO - 	at scala.concurrent.BatchingExecutor.execute(BatchingExecutor.scala:110)
[2026-08-12T21:21:37.990+0000] {subprocess.py:93} INFO - 	at scala.concurrent.BatchingExecutor.execute$(BatchingExecutor.scala:107)
[2026-08-12T21:21:38.038+0000] {subprocess.py:93} INFO - 	at scala.concurrent.Future$InternalCallbackExecutor$.execute(Future.scala:873)
[2026-08-12T21:21:38.042+0000] {subprocess.py:93} INFO - 	at scala.concurrent.impl.CallbackRunnable.executeWithValue(Promise.scala:72)
[2026-08-12T21:21:38.056+0000] {subprocess.py:93} INFO - 	at scala.concurrent.impl.Promise$DefaultPromise.$anonfun$tryComplete$1(Promise.scala:288)
[2026-08-12T21:21:38.070+0000] {subprocess.py:93} INFO - 	at scala.concurrent.impl.Promise$DefaultPromise.$anonfun$tryComplete$1$adapted(Promise.scala:288)
[2026-08-12T21:21:38.073+0000] {subprocess.py:93} INFO - 	at scala.concurrent.impl.Promise$DefaultPromise.tryComplete(Promise.scala:288)
[2026-08-12T21:21:38.097+0000] {subprocess.py:93} INFO - 	at scala.concurrent.Promise.trySuccess(Promise.scala:94)
[2026-08-12T21:21:38.104+0000] {subprocess.py:93} INFO - 	at scala.concurrent.Promise.trySuccess$(Promise.scala:94)
[2026-08-12T21:21:38.119+0000] {subprocess.py:93} INFO - 	at scala.concurrent.impl.Promise$DefaultPromise.trySuccess(Promise.scala:187)
[2026-08-12T21:21:38.135+0000] {subprocess.py:93} INFO - 	at org.apache.spark.rpc.netty.NettyRpcEnv.onSuccess$1(NettyRpcEnv.scala:225)
[2026-08-12T21:21:38.177+0000] {subprocess.py:93} INFO - 	at org.apache.spark.rpc.netty.NettyRpcEnv.$anonfun$askAbortable$5(NettyRpcEnv.scala:239)
[2026-08-12T21:21:38.196+0000] {subprocess.py:93} INFO - 	at org.apache.spark.rpc.netty.NettyRpcEnv.$anonfun$askAbortable$5$adapted(NettyRpcEnv.scala:238)
[2026-08-12T21:21:38.215+0000] {subprocess.py:93} INFO - 	at scala.concurrent.impl.CallbackRunnable.run(Promise.scala:64)
[2026-08-12T21:21:38.310+0000] {subprocess.py:93} INFO - 	at org.apache.spark.util.ThreadUtils$$anon$1.execute(ThreadUtils.scala:99)
[2026-08-12T21:21:38.431+0000] {subprocess.py:93} INFO - 	at scala.concurrent.impl.ExecutionContextImpl$$anon$4.execute(ExecutionContextImpl.scala:138)
[2026-08-12T21:21:38.493+0000] {subprocess.py:93} INFO - 	at scala.concurrent.impl.CallbackRunnable.executeWithValue(Promise.scala:72)
[2026-08-12T21:21:38.509+0000] {subprocess.py:93} INFO - 	at scala.concurrent.impl.Promise$DefaultPromise.$anonfun$tryComplete$1(Promise.scala:288)
[2026-08-12T21:21:38.527+0000] {subprocess.py:93} INFO - 	at scala.concurrent.impl.Promise$DefaultPromise.$anonfun$tryComplete$1$adapted(Promise.scala:288)
[2026-08-12T21:21:38.694+0000] {subprocess.py:93} INFO - 	at scala.concurrent.impl.Promise$DefaultPromise.tryComplete(Promise.scala:288)
[2026-08-12T21:21:38.701+0000] {subprocess.py:93} INFO - 	at scala.concurrent.Promise.complete(Promise.scala:53)
[2026-08-12T21:21:38.749+0000] {subprocess.py:93} INFO - 	at scala.concurrent.Promise.complete$(Promise.scala:52)
[2026-08-12T21:21:38.758+0000] {subprocess.py:93} INFO - 	at scala.concurrent.impl.Promise$DefaultPromise.complete(Promise.scala:187)
[2026-08-12T21:21:38.780+0000] {subprocess.py:93} INFO - 	at scala.concurrent.Promise.success(Promise.scala:86)
[2026-08-12T21:21:38.799+0000] {subprocess.py:93} INFO - 	at scala.concurrent.Promise.success$(Promise.scala:86)
[2026-08-12T21:21:38.903+0000] {subprocess.py:93} INFO - 	at scala.concurrent.impl.Promise$DefaultPromise.success(Promise.scala:187)
[2026-08-12T21:21:38.933+0000] {subprocess.py:93} INFO - 	at org.apache.spark.rpc.netty.LocalNettyRpcCallContext.send(NettyRpcCallContext.scala:50)
[2026-08-12T21:21:38.990+0000] {subprocess.py:93} INFO - 	at org.apache.spark.rpc.netty.NettyRpcCallContext.reply(NettyRpcCallContext.scala:32)
[2026-08-12T21:21:39.015+0000] {subprocess.py:93} INFO - 	at org.apache.spark.rpc.netty.RpcEndpointVerifier$$anonfun$receiveAndReply$1.applyOrElse(RpcEndpointVerifier.scala:31)
[2026-08-12T21:21:39.087+0000] {subprocess.py:93} INFO - 	... 8 more
[2026-08-12T21:21:39.272+0000] {subprocess.py:93} INFO - 26/08/12 21:21:12 WARN Executor: Issue communicating with driver in heartbeater
[2026-08-12T21:21:39.320+0000] {subprocess.py:93} INFO - org.apache.spark.SparkException: Exception thrown in awaitResult:
[2026-08-12T21:21:39.336+0000] {subprocess.py:93} INFO - 	at org.apache.spark.util.SparkThreadUtils$.awaitResult(SparkThreadUtils.scala:56)
[2026-08-12T21:21:39.441+0000] {subprocess.py:93} INFO - 	at org.apache.spark.util.ThreadUtils$.awaitResult(ThreadUtils.scala:310)
[2026-08-12T21:21:39.502+0000] {subprocess.py:93} INFO - 	at org.apache.spark.rpc.RpcTimeout.awaitResult(RpcTimeout.scala:75)
[2026-08-12T21:21:39.540+0000] {subprocess.py:93} INFO - 	at org.apache.spark.rpc.RpcEndpointRef.askSync(RpcEndpointRef.scala:101)
[2026-08-12T21:21:39.648+0000] {subprocess.py:93} INFO - 	at org.apache.spark.rpc.RpcEndpointRef.askSync(RpcEndpointRef.scala:85)
[2026-08-12T21:21:39.671+0000] {subprocess.py:93} INFO - 	at org.apache.spark.storage.BlockManagerMaster.registerBlockManager(BlockManagerMaster.scala:80)
[2026-08-12T21:21:40.767+0000] {subprocess.py:93} INFO - 	at org.apache.spark.storage.BlockManager.reregister(BlockManager.scala:642)
[2026-08-12T21:21:41.023+0000] {subprocess.py:93} INFO - 	at org.apache.spark.executor.Executor.reportHeartBeat(Executor.scala:1223)
[2026-08-12T21:21:41.237+0000] {subprocess.py:93} INFO - 	at org.apache.spark.executor.Executor.$anonfun$heartbeater$1(Executor.scala:295)
[2026-08-12T21:21:41.408+0000] {subprocess.py:93} INFO - 	at scala.runtime.java8.JFunction0$mcV$sp.apply(JFunction0$mcV$sp.java:23)
[2026-08-12T21:21:43.422+0000] {subprocess.py:93} INFO - 	at org.apache.spark.util.Utils$.logUncaughtExceptions(Utils.scala:1928)
[2026-08-12T21:21:43.460+0000] {subprocess.py:93} INFO - 	at org.apache.spark.Heartbeater$$anon$1.run(Heartbeater.scala:46)
[2026-08-12T21:21:43.469+0000] {subprocess.py:93} INFO - 	at java.base/java.util.concurrent.Executors$RunnableAdapter.call(Executors.java:539)
[2026-08-12T21:21:43.471+0000] {subprocess.py:93} INFO - 	at java.base/java.util.concurrent.FutureTask.runAndReset(FutureTask.java:305)
[2026-08-12T21:21:43.488+0000] {subprocess.py:93} INFO - 	at java.base/java.util.concurrent.ScheduledThreadPoolExecutor$ScheduledFutureTask.run(ScheduledThreadPoolExecutor.java:305)
[2026-08-12T21:21:43.495+0000] {subprocess.py:93} INFO - 	at java.base/java.util.concurrent.ThreadPoolExecutor.runWorker(ThreadPoolExecutor.java:1136)
[2026-08-12T21:21:43.501+0000] {subprocess.py:93} INFO - 	at java.base/java.util.concurrent.ThreadPoolExecutor$Worker.run(ThreadPoolExecutor.java:635)
[2026-08-12T21:21:43.508+0000] {subprocess.py:93} INFO - 	at java.base/java.lang.Thread.run(Thread.java:840)
[2026-08-12T21:21:43.510+0000] {subprocess.py:93} INFO - Caused by: org.apache.spark.SparkException: Exception thrown in awaitResult:
[2026-08-12T21:21:43.524+0000] {subprocess.py:93} INFO - 	at org.apache.spark.util.SparkThreadUtils$.awaitResult(SparkThreadUtils.scala:56)
[2026-08-12T21:21:43.541+0000] {subprocess.py:93} INFO - 	at org.apache.spark.util.ThreadUtils$.awaitResult(ThreadUtils.scala:310)
[2026-08-12T21:21:43.549+0000] {subprocess.py:93} INFO - 	at org.apache.spark.rpc.RpcTimeout.awaitResult(RpcTimeout.scala:75)
[2026-08-12T21:21:43.572+0000] {subprocess.py:93} INFO - 	at org.apache.spark.rpc.RpcEnv.setupEndpointRefByURI(RpcEnv.scala:102)
[2026-08-12T21:21:43.575+0000] {subprocess.py:93} INFO - 	at org.apache.spark.rpc.RpcEnv.setupEndpointRef(RpcEnv.scala:110)
[2026-08-12T21:21:43.579+0000] {subprocess.py:93} INFO - 	at org.apache.spark.util.RpcUtils$.makeDriverRef(RpcUtils.scala:36)
[2026-08-12T21:21:43.582+0000] {subprocess.py:93} INFO - 	at org.apache.spark.storage.BlockManagerMasterEndpoint.driverEndpoint$lzycompute(BlockManagerMasterEndpoint.scala:124)
[2026-08-12T21:21:43.587+0000] {subprocess.py:93} INFO - 	at org.apache.spark.storage.BlockManagerMasterEndpoint.org$apache$spark$storage$BlockManagerMasterEndpoint$$driverEndpoint(BlockManagerMasterEndpoint.scala:123)
[2026-08-12T21:21:43.595+0000] {subprocess.py:93} INFO - 	at org.apache.spark.storage.BlockManagerMasterEndpoint.isExecutorAlive$lzycompute$1(BlockManagerMasterEndpoint.scala:688)
[2026-08-12T21:21:43.597+0000] {subprocess.py:93} INFO - 	at org.apache.spark.storage.BlockManagerMasterEndpoint.isExecutorAlive$1(BlockManagerMasterEndpoint.scala:687)
[2026-08-12T21:21:43.600+0000] {subprocess.py:93} INFO - 	at org.apache.spark.storage.BlockManagerMasterEndpoint.org$apache$spark$storage$BlockManagerMasterEndpoint$$register(BlockManagerMasterEndpoint.scala:725)
[2026-08-12T21:21:43.603+0000] {subprocess.py:93} INFO - 	at org.apache.spark.storage.BlockManagerMasterEndpoint$$anonfun$receiveAndReply$1.applyOrElse(BlockManagerMasterEndpoint.scala:133)
[2026-08-12T21:21:43.607+0000] {subprocess.py:93} INFO - 	at org.apache.spark.rpc.netty.Inbox.$anonfun$process$1(Inbox.scala:103)
[2026-08-12T21:21:43.611+0000] {subprocess.py:93} INFO - 	at org.apache.spark.rpc.netty.Inbox.safelyCall(Inbox.scala:213)
[2026-08-12T21:21:43.615+0000] {subprocess.py:93} INFO - 	at org.apache.spark.rpc.netty.Inbox.process(Inbox.scala:100)
[2026-08-12T21:21:43.617+0000] {subprocess.py:93} INFO - 	at org.apache.spark.rpc.netty.MessageLoop.org$apache$spark$rpc$netty$MessageLoop$$receiveLoop(MessageLoop.scala:75)
[2026-08-12T21:21:43.620+0000] {subprocess.py:93} INFO - 	at org.apache.spark.rpc.netty.MessageLoop$$anon$1.run(MessageLoop.scala:41)
[2026-08-12T21:21:43.625+0000] {subprocess.py:93} INFO - 	... 3 more
[2026-08-12T21:21:43.630+0000] {subprocess.py:93} INFO - Caused by: org.apache.spark.rpc.RpcEndpointNotFoundException: Cannot find endpoint: spark://CoarseGrainedScheduler@4099a95615c9:36011
[2026-08-12T21:21:43.634+0000] {subprocess.py:93} INFO - 	at org.apache.spark.rpc.netty.NettyRpcEnv.$anonfun$asyncSetupEndpointRefByURI$1(NettyRpcEnv.scala:148)
[2026-08-12T21:21:43.637+0000] {subprocess.py:93} INFO - 	at org.apache.spark.rpc.netty.NettyRpcEnv.$anonfun$asyncSetupEndpointRefByURI$1$adapted(NettyRpcEnv.scala:144)
[2026-08-12T21:21:43.640+0000] {subprocess.py:93} INFO - 	at scala.concurrent.Future.$anonfun$flatMap$1(Future.scala:307)
[2026-08-12T21:21:43.645+0000] {subprocess.py:93} INFO - 	at scala.concurrent.impl.Promise.$anonfun$transformWith$1(Promise.scala:41)
[2026-08-12T21:21:43.647+0000] {subprocess.py:93} INFO - 	at scala.concurrent.impl.CallbackRunnable.run(Promise.scala:64)
[2026-08-12T21:21:43.653+0000] {subprocess.py:93} INFO - 	at org.apache.spark.util.ThreadUtils$$anon$1.execute(ThreadUtils.scala:99)
[2026-08-12T21:21:43.656+0000] {subprocess.py:93} INFO - 	at scala.concurrent.impl.ExecutionContextImpl$$anon$4.execute(ExecutionContextImpl.scala:138)
[2026-08-12T21:21:43.659+0000] {subprocess.py:93} INFO - 	at scala.concurrent.impl.CallbackRunnable.executeWithValue(Promise.scala:72)
[2026-08-12T21:21:43.662+0000] {subprocess.py:93} INFO - 	at scala.concurrent.impl.Promise$DefaultPromise.$anonfun$tryComplete$1(Promise.scala:288)
[2026-08-12T21:21:43.665+0000] {subprocess.py:93} INFO - 	at scala.concurrent.impl.Promise$DefaultPromise.$anonfun$tryComplete$1$adapted(Promise.scala:288)
[2026-08-12T21:21:43.670+0000] {subprocess.py:93} INFO - 	at scala.concurrent.impl.Promise$DefaultPromise.tryComplete(Promise.scala:288)
[2026-08-12T21:21:43.673+0000] {subprocess.py:93} INFO - 	at scala.concurrent.Promise.complete(Promise.scala:53)
[2026-08-12T21:21:43.676+0000] {subprocess.py:93} INFO - 	at scala.concurrent.Promise.complete$(Promise.scala:52)
[2026-08-12T21:21:43.679+0000] {subprocess.py:93} INFO - 	at scala.concurrent.impl.Promise$DefaultPromise.complete(Promise.scala:187)
[2026-08-12T21:21:43.682+0000] {subprocess.py:93} INFO - 	at scala.concurrent.impl.Promise.$anonfun$transform$1(Promise.scala:33)
[2026-08-12T21:21:43.687+0000] {subprocess.py:93} INFO - 	at scala.concurrent.impl.CallbackRunnable.run(Promise.scala:64)
[2026-08-12T21:21:43.691+0000] {subprocess.py:93} INFO - 	at org.apache.spark.util.ThreadUtils$$anon$1.execute(ThreadUtils.scala:99)
[2026-08-12T21:21:43.696+0000] {subprocess.py:93} INFO - 	at scala.concurrent.impl.ExecutionContextImpl$$anon$4.execute(ExecutionContextImpl.scala:138)
[2026-08-12T21:21:43.698+0000] {subprocess.py:93} INFO - 	at scala.concurrent.impl.CallbackRunnable.executeWithValue(Promise.scala:72)
[2026-08-12T21:21:43.701+0000] {subprocess.py:93} INFO - 	at scala.concurrent.impl.Promise$DefaultPromise.$anonfun$tryComplete$1(Promise.scala:288)
[2026-08-12T21:21:43.703+0000] {subprocess.py:93} INFO - 	at scala.concurrent.impl.Promise$DefaultPromise.$anonfun$tryComplete$1$adapted(Promise.scala:288)
[2026-08-12T21:21:43.707+0000] {subprocess.py:93} INFO - 	at scala.concurrent.impl.Promise$DefaultPromise.tryComplete(Promise.scala:288)
[2026-08-12T21:21:43.709+0000] {subprocess.py:93} INFO - 	at scala.concurrent.Promise.complete(Promise.scala:53)
[2026-08-12T21:21:43.712+0000] {subprocess.py:93} INFO - 	at scala.concurrent.Promise.complete$(Promise.scala:52)
[2026-08-12T21:21:43.715+0000] {subprocess.py:93} INFO - 	at scala.concurrent.impl.Promise$DefaultPromise.complete(Promise.scala:187)
[2026-08-12T21:21:45.998+0000] {subprocess.py:93} INFO - 	at scala.concurrent.impl.Promise.$anonfun$transform$1(Promise.scala:33)
[2026-08-12T21:21:46.003+0000] {subprocess.py:93} INFO - 	at scala.concurrent.impl.CallbackRunnable.run(Promise.scala:64)
[2026-08-12T21:21:46.006+0000] {subprocess.py:93} INFO - 	at scala.concurrent.BatchingExecutor$Batch.processBatch$1(BatchingExecutor.scala:67)
[2026-08-12T21:21:46.010+0000] {subprocess.py:93} INFO - 	at scala.concurrent.BatchingExecutor$Batch.$anonfun$run$1(BatchingExecutor.scala:82)
[2026-08-12T21:21:46.012+0000] {subprocess.py:93} INFO - 	at scala.runtime.java8.JFunction0$mcV$sp.apply(JFunction0$mcV$sp.java:23)
[2026-08-12T21:21:46.016+0000] {subprocess.py:93} INFO - 	at scala.concurrent.BlockContext$.withBlockContext(BlockContext.scala:85)
[2026-08-12T21:21:46.019+0000] {subprocess.py:93} INFO - 	at scala.concurrent.BatchingExecutor$Batch.run(BatchingExecutor.scala:59)
[2026-08-12T21:21:46.023+0000] {subprocess.py:93} INFO - 	at scala.concurrent.Future$InternalCallbackExecutor$.unbatchedExecute(Future.scala:875)
[2026-08-12T21:21:46.025+0000] {subprocess.py:93} INFO - 	at scala.concurrent.BatchingExecutor.execute(BatchingExecutor.scala:110)
[2026-08-12T21:21:46.034+0000] {subprocess.py:93} INFO - 	at scala.concurrent.BatchingExecutor.execute$(BatchingExecutor.scala:107)
[2026-08-12T21:21:46.037+0000] {subprocess.py:93} INFO - 	at scala.concurrent.Future$InternalCallbackExecutor$.execute(Future.scala:873)
[2026-08-12T21:21:46.039+0000] {subprocess.py:93} INFO - 	at scala.concurrent.impl.CallbackRunnable.executeWithValue(Promise.scala:72)
[2026-08-12T21:21:46.041+0000] {subprocess.py:93} INFO - 	at scala.concurrent.impl.Promise$DefaultPromise.$anonfun$tryComplete$1(Promise.scala:288)
[2026-08-12T21:21:46.044+0000] {subprocess.py:93} INFO - 	at scala.concurrent.impl.Promise$DefaultPromise.$anonfun$tryComplete$1$adapted(Promise.scala:288)
[2026-08-12T21:21:46.046+0000] {subprocess.py:93} INFO - 	at scala.concurrent.impl.Promise$DefaultPromise.tryComplete(Promise.scala:288)
[2026-08-12T21:21:46.048+0000] {subprocess.py:93} INFO - 	at scala.concurrent.Promise.trySuccess(Promise.scala:94)
[2026-08-12T21:21:46.051+0000] {subprocess.py:93} INFO - 	at scala.concurrent.Promise.trySuccess$(Promise.scala:94)
[2026-08-12T21:21:46.053+0000] {subprocess.py:93} INFO - 	at scala.concurrent.impl.Promise$DefaultPromise.trySuccess(Promise.scala:187)
[2026-08-12T21:21:46.055+0000] {subprocess.py:93} INFO - 	at org.apache.spark.rpc.netty.NettyRpcEnv.onSuccess$1(NettyRpcEnv.scala:225)
[2026-08-12T21:21:46.057+0000] {subprocess.py:93} INFO - 	at org.apache.spark.rpc.netty.NettyRpcEnv.$anonfun$askAbortable$5(NettyRpcEnv.scala:239)
[2026-08-12T21:21:46.060+0000] {subprocess.py:93} INFO - 	at org.apache.spark.rpc.netty.NettyRpcEnv.$anonfun$askAbortable$5$adapted(NettyRpcEnv.scala:238)
[2026-08-12T21:21:46.062+0000] {subprocess.py:93} INFO - 	at scala.concurrent.impl.CallbackRunnable.run(Promise.scala:64)
[2026-08-12T21:21:46.065+0000] {subprocess.py:93} INFO - 	at org.apache.spark.util.ThreadUtils$$anon$1.execute(ThreadUtils.scala:99)
[2026-08-12T21:21:46.069+0000] {subprocess.py:93} INFO - 	at scala.concurrent.impl.ExecutionContextImpl$$anon$4.execute(ExecutionContextImpl.scala:138)
[2026-08-12T21:21:46.071+0000] {subprocess.py:93} INFO - 	at scala.concurrent.impl.CallbackRunnable.executeWithValue(Promise.scala:72)
[2026-08-12T21:21:46.073+0000] {subprocess.py:93} INFO - 	at scala.concurrent.impl.Promise$DefaultPromise.$anonfun$tryComplete$1(Promise.scala:288)
[2026-08-12T21:21:46.076+0000] {subprocess.py:93} INFO - 	at scala.concurrent.impl.Promise$DefaultPromise.$anonfun$tryComplete$1$adapted(Promise.scala:288)
[2026-08-12T21:21:46.078+0000] {subprocess.py:93} INFO - 	at scala.concurrent.impl.Promise$DefaultPromise.tryComplete(Promise.scala:288)
[2026-08-12T21:21:46.081+0000] {subprocess.py:93} INFO - 	at scala.concurrent.Promise.complete(Promise.scala:53)
[2026-08-12T21:21:46.084+0000] {subprocess.py:93} INFO - 	at scala.concurrent.Promise.complete$(Promise.scala:52)
[2026-08-12T21:21:46.086+0000] {subprocess.py:93} INFO - 	at scala.concurrent.impl.Promise$DefaultPromise.complete(Promise.scala:187)
[2026-08-12T21:21:46.089+0000] {subprocess.py:93} INFO - 	at scala.concurrent.Promise.success(Promise.scala:86)
[2026-08-12T21:21:46.092+0000] {subprocess.py:93} INFO - 	at scala.concurrent.Promise.success$(Promise.scala:86)
[2026-08-12T21:21:46.097+0000] {subprocess.py:93} INFO - 	at scala.concurrent.impl.Promise$DefaultPromise.success(Promise.scala:187)
[2026-08-12T21:21:46.110+0000] {subprocess.py:93} INFO - 	at org.apache.spark.rpc.netty.LocalNettyRpcCallContext.send(NettyRpcCallContext.scala:50)
[2026-08-12T21:21:46.115+0000] {subprocess.py:93} INFO - 	at org.apache.spark.rpc.netty.NettyRpcCallContext.reply(NettyRpcCallContext.scala:32)
[2026-08-12T21:21:46.120+0000] {subprocess.py:93} INFO - 	at org.apache.spark.rpc.netty.RpcEndpointVerifier$$anonfun$receiveAndReply$1.applyOrElse(RpcEndpointVerifier.scala:31)
[2026-08-12T21:21:46.125+0000] {subprocess.py:93} INFO - 	... 8 more
[2026-08-12T21:21:46.136+0000] {subprocess.py:93} INFO - 26/08/12 21:21:22 ERROR Inbox: Ignoring error
[2026-08-12T21:21:46.144+0000] {subprocess.py:93} INFO - org.apache.spark.SparkException: Exception thrown in awaitResult:
[2026-08-12T21:21:46.150+0000] {subprocess.py:93} INFO - 	at org.apache.spark.util.SparkThreadUtils$.awaitResult(SparkThreadUtils.scala:56)
[2026-08-12T21:21:46.152+0000] {subprocess.py:93} INFO - 	at org.apache.spark.util.ThreadUtils$.awaitResult(ThreadUtils.scala:310)
[2026-08-12T21:21:46.155+0000] {subprocess.py:93} INFO - 	at org.apache.spark.rpc.RpcTimeout.awaitResult(RpcTimeout.scala:75)
[2026-08-12T21:21:46.159+0000] {subprocess.py:93} INFO - 	at org.apache.spark.rpc.RpcEnv.setupEndpointRefByURI(RpcEnv.scala:102)
[2026-08-12T21:21:46.163+0000] {subprocess.py:93} INFO - 	at org.apache.spark.rpc.RpcEnv.setupEndpointRef(RpcEnv.scala:110)
[2026-08-12T21:21:46.166+0000] {subprocess.py:93} INFO - 	at org.apache.spark.util.RpcUtils$.makeDriverRef(RpcUtils.scala:36)
[2026-08-12T21:21:46.173+0000] {subprocess.py:93} INFO - 	at org.apache.spark.storage.BlockManagerMasterEndpoint.driverEndpoint$lzycompute(BlockManagerMasterEndpoint.scala:124)
[2026-08-12T21:21:46.176+0000] {subprocess.py:93} INFO - 	at org.apache.spark.storage.BlockManagerMasterEndpoint.org$apache$spark$storage$BlockManagerMasterEndpoint$$driverEndpoint(BlockManagerMasterEndpoint.scala:123)
[2026-08-12T21:21:46.180+0000] {subprocess.py:93} INFO - 	at org.apache.spark.storage.BlockManagerMasterEndpoint.isExecutorAlive$lzycompute$1(BlockManagerMasterEndpoint.scala:688)
[2026-08-12T21:21:46.182+0000] {subprocess.py:93} INFO - 	at org.apache.spark.storage.BlockManagerMasterEndpoint.isExecutorAlive$1(BlockManagerMasterEndpoint.scala:687)
[2026-08-12T21:21:46.185+0000] {subprocess.py:93} INFO - 	at org.apache.spark.storage.BlockManagerMasterEndpoint.org$apache$spark$storage$BlockManagerMasterEndpoint$$register(BlockManagerMasterEndpoint.scala:725)
[2026-08-12T21:21:46.188+0000] {subprocess.py:93} INFO - 	at org.apache.spark.storage.BlockManagerMasterEndpoint$$anonfun$receiveAndReply$1.applyOrElse(BlockManagerMasterEndpoint.scala:133)
[2026-08-12T21:21:46.190+0000] {subprocess.py:93} INFO - 	at org.apache.spark.rpc.netty.Inbox.$anonfun$process$1(Inbox.scala:103)
[2026-08-12T21:21:46.198+0000] {subprocess.py:93} INFO - 	at org.apache.spark.rpc.netty.Inbox.safelyCall(Inbox.scala:213)
[2026-08-12T21:21:46.202+0000] {subprocess.py:93} INFO - 	at org.apache.spark.rpc.netty.Inbox.process(Inbox.scala:100)
[2026-08-12T21:21:46.209+0000] {subprocess.py:93} INFO - 	at org.apache.spark.rpc.netty.MessageLoop.org$apache$spark$rpc$netty$MessageLoop$$receiveLoop(MessageLoop.scala:75)
[2026-08-12T21:21:46.214+0000] {subprocess.py:93} INFO - 	at org.apache.spark.rpc.netty.MessageLoop$$anon$1.run(MessageLoop.scala:41)
[2026-08-12T21:21:46.220+0000] {subprocess.py:93} INFO - 	at java.base/java.util.concurrent.ThreadPoolExecutor.runWorker(ThreadPoolExecutor.java:1136)
[2026-08-12T21:21:46.223+0000] {subprocess.py:93} INFO - 	at java.base/java.util.concurrent.ThreadPoolExecutor$Worker.run(ThreadPoolExecutor.java:635)
[2026-08-12T21:21:46.227+0000] {subprocess.py:93} INFO - 	at java.base/java.lang.Thread.run(Thread.java:840)
[2026-08-12T21:21:46.231+0000] {subprocess.py:93} INFO - Caused by: org.apache.spark.rpc.RpcEndpointNotFoundException: Cannot find endpoint: spark://CoarseGrainedScheduler@4099a95615c9:36011
[2026-08-12T21:21:46.235+0000] {subprocess.py:93} INFO - 	at org.apache.spark.rpc.netty.NettyRpcEnv.$anonfun$asyncSetupEndpointRefByURI$1(NettyRpcEnv.scala:148)
[2026-08-12T21:21:46.239+0000] {subprocess.py:93} INFO - 	at org.apache.spark.rpc.netty.NettyRpcEnv.$anonfun$asyncSetupEndpointRefByURI$1$adapted(NettyRpcEnv.scala:144)
[2026-08-12T21:21:46.247+0000] {subprocess.py:93} INFO - 	at scala.concurrent.Future.$anonfun$flatMap$1(Future.scala:307)
[2026-08-12T21:21:46.254+0000] {subprocess.py:93} INFO - 	at scala.concurrent.impl.Promise.$anonfun$transformWith$1(Promise.scala:41)
[2026-08-12T21:21:46.260+0000] {subprocess.py:93} INFO - 	at scala.concurrent.impl.CallbackRunnable.run(Promise.scala:64)
[2026-08-12T21:21:46.264+0000] {subprocess.py:93} INFO - 	at org.apache.spark.util.ThreadUtils$$anon$1.execute(ThreadUtils.scala:99)
[2026-08-12T21:21:46.267+0000] {subprocess.py:93} INFO - 	at scala.concurrent.impl.ExecutionContextImpl$$anon$4.execute(ExecutionContextImpl.scala:138)
[2026-08-12T21:21:46.280+0000] {subprocess.py:93} INFO - 	at scala.concurrent.impl.CallbackRunnable.executeWithValue(Promise.scala:72)
[2026-08-12T21:21:46.285+0000] {subprocess.py:93} INFO - 	at scala.concurrent.impl.Promise$DefaultPromise.$anonfun$tryComplete$1(Promise.scala:288)
[2026-08-12T21:21:46.288+0000] {subprocess.py:93} INFO - 	at scala.concurrent.impl.Promise$DefaultPromise.$anonfun$tryComplete$1$adapted(Promise.scala:288)
[2026-08-12T21:21:46.295+0000] {subprocess.py:93} INFO - 	at scala.concurrent.impl.Promise$DefaultPromise.tryComplete(Promise.scala:288)
[2026-08-12T21:21:46.304+0000] {subprocess.py:93} INFO - 	at scala.concurrent.Promise.complete(Promise.scala:53)
[2026-08-12T21:21:46.307+0000] {subprocess.py:93} INFO - 	at scala.concurrent.Promise.complete$(Promise.scala:52)
[2026-08-12T21:21:46.311+0000] {subprocess.py:93} INFO - 	at scala.concurrent.impl.Promise$DefaultPromise.complete(Promise.scala:187)
[2026-08-12T21:21:46.314+0000] {subprocess.py:93} INFO - 	at scala.concurrent.impl.Promise.$anonfun$transform$1(Promise.scala:33)
[2026-08-12T21:21:46.318+0000] {subprocess.py:93} INFO - 	at scala.concurrent.impl.CallbackRunnable.run(Promise.scala:64)
[2026-08-12T21:21:46.321+0000] {subprocess.py:93} INFO - 	at org.apache.spark.util.ThreadUtils$$anon$1.execute(ThreadUtils.scala:99)
[2026-08-12T21:21:46.333+0000] {subprocess.py:93} INFO - 	at scala.concurrent.impl.ExecutionContextImpl$$anon$4.execute(ExecutionContextImpl.scala:138)
[2026-08-12T21:21:46.337+0000] {subprocess.py:93} INFO - 	at scala.concurrent.impl.CallbackRunnable.executeWithValue(Promise.scala:72)
[2026-08-12T21:21:46.341+0000] {subprocess.py:93} INFO - 	at scala.concurrent.impl.Promise$DefaultPromise.$anonfun$tryComplete$1(Promise.scala:288)
[2026-08-12T21:21:46.347+0000] {subprocess.py:93} INFO - 	at scala.concurrent.impl.Promise$DefaultPromise.$anonfun$tryComplete$1$adapted(Promise.scala:288)
[2026-08-12T21:21:46.352+0000] {subprocess.py:93} INFO - 	at scala.concurrent.impl.Promise$DefaultPromise.tryComplete(Promise.scala:288)
[2026-08-12T21:21:46.361+0000] {subprocess.py:93} INFO - 	at scala.concurrent.Promise.complete(Promise.scala:53)
[2026-08-12T21:21:46.369+0000] {subprocess.py:93} INFO - 	at scala.concurrent.Promise.complete$(Promise.scala:52)
[2026-08-12T21:21:46.372+0000] {subprocess.py:93} INFO - 	at scala.concurrent.impl.Promise$DefaultPromise.complete(Promise.scala:187)
[2026-08-12T21:21:46.375+0000] {subprocess.py:93} INFO - 	at scala.concurrent.impl.Promise.$anonfun$transform$1(Promise.scala:33)
[2026-08-12T21:21:46.379+0000] {subprocess.py:93} INFO - 	at scala.concurrent.impl.CallbackRunnable.run(Promise.scala:64)
[2026-08-12T21:21:46.382+0000] {subprocess.py:93} INFO - 	at scala.concurrent.BatchingExecutor$Batch.processBatch$1(BatchingExecutor.scala:67)
[2026-08-12T21:21:46.385+0000] {subprocess.py:93} INFO - 	at scala.concurrent.BatchingExecutor$Batch.$anonfun$run$1(BatchingExecutor.scala:82)
[2026-08-12T21:21:46.389+0000] {subprocess.py:93} INFO - 	at scala.runtime.java8.JFunction0$mcV$sp.apply(JFunction0$mcV$sp.java:23)
[2026-08-12T21:21:46.396+0000] {subprocess.py:93} INFO - 	at scala.concurrent.BlockContext$.withBlockContext(BlockContext.scala:85)
[2026-08-12T21:21:46.406+0000] {subprocess.py:93} INFO - 	at scala.concurrent.BatchingExecutor$Batch.run(BatchingExecutor.scala:59)
[2026-08-12T21:21:46.415+0000] {subprocess.py:93} INFO - 	at scala.concurrent.Future$InternalCallbackExecutor$.unbatchedExecute(Future.scala:875)
[2026-08-12T21:21:46.418+0000] {subprocess.py:93} INFO - 	at scala.concurrent.BatchingExecutor.execute(BatchingExecutor.scala:110)
[2026-08-12T21:21:46.421+0000] {subprocess.py:93} INFO - 	at scala.concurrent.BatchingExecutor.execute$(BatchingExecutor.scala:107)
[2026-08-12T21:21:46.424+0000] {subprocess.py:93} INFO - 	at scala.concurrent.Future$InternalCallbackExecutor$.execute(Future.scala:873)
[2026-08-12T21:21:46.427+0000] {subprocess.py:93} INFO - 	at scala.concurrent.impl.CallbackRunnable.executeWithValue(Promise.scala:72)
[2026-08-12T21:21:46.430+0000] {subprocess.py:93} INFO - 	at scala.concurrent.impl.Promise$DefaultPromise.$anonfun$tryComplete$1(Promise.scala:288)
[2026-08-12T21:21:46.438+0000] {subprocess.py:93} INFO - 	at scala.concurrent.impl.Promise$DefaultPromise.$anonfun$tryComplete$1$adapted(Promise.scala:288)
[2026-08-12T21:21:46.446+0000] {subprocess.py:93} INFO - 	at scala.concurrent.impl.Promise$DefaultPromise.tryComplete(Promise.scala:288)
[2026-08-12T21:21:46.452+0000] {subprocess.py:93} INFO - 	at scala.concurrent.Promise.trySuccess(Promise.scala:94)
[2026-08-12T21:21:46.455+0000] {subprocess.py:93} INFO - 	at scala.concurrent.Promise.trySuccess$(Promise.scala:94)
[2026-08-12T21:21:46.458+0000] {subprocess.py:93} INFO - 	at scala.concurrent.impl.Promise$DefaultPromise.trySuccess(Promise.scala:187)
[2026-08-12T21:21:46.461+0000] {subprocess.py:93} INFO - 	at org.apache.spark.rpc.netty.NettyRpcEnv.onSuccess$1(NettyRpcEnv.scala:225)
[2026-08-12T21:21:46.468+0000] {subprocess.py:93} INFO - 	at org.apache.spark.rpc.netty.NettyRpcEnv.$anonfun$askAbortable$5(NettyRpcEnv.scala:239)
[2026-08-12T21:21:46.471+0000] {subprocess.py:93} INFO - 	at org.apache.spark.rpc.netty.NettyRpcEnv.$anonfun$askAbortable$5$adapted(NettyRpcEnv.scala:238)
[2026-08-12T21:21:46.474+0000] {subprocess.py:93} INFO - 	at scala.concurrent.impl.CallbackRunnable.run(Promise.scala:64)
[2026-08-12T21:21:46.479+0000] {subprocess.py:93} INFO - 	at org.apache.spark.util.ThreadUtils$$anon$1.execute(ThreadUtils.scala:99)
[2026-08-12T21:21:46.506+0000] {subprocess.py:93} INFO - 	at scala.concurrent.impl.ExecutionContextImpl$$anon$4.execute(ExecutionContextImpl.scala:138)
[2026-08-12T21:21:46.510+0000] {subprocess.py:93} INFO - 	at scala.concurrent.impl.CallbackRunnable.executeWithValue(Promise.scala:72)
[2026-08-12T21:21:46.515+0000] {subprocess.py:93} INFO - 	at scala.concurrent.impl.Promise$DefaultPromise.$anonfun$tryComplete$1(Promise.scala:288)
[2026-08-12T21:21:46.518+0000] {subprocess.py:93} INFO - 	at scala.concurrent.impl.Promise$DefaultPromise.$anonfun$tryComplete$1$adapted(Promise.scala:288)
[2026-08-12T21:21:46.522+0000] {subprocess.py:93} INFO - 	at scala.concurrent.impl.Promise$DefaultPromise.tryComplete(Promise.scala:288)
[2026-08-12T21:21:46.525+0000] {subprocess.py:93} INFO - 	at scala.concurrent.Promise.complete(Promise.scala:53)
[2026-08-12T21:21:46.535+0000] {subprocess.py:93} INFO - 	at scala.concurrent.Promise.complete$(Promise.scala:52)
[2026-08-12T21:21:46.541+0000] {subprocess.py:93} INFO - 	at scala.concurrent.impl.Promise$DefaultPromise.complete(Promise.scala:187)
[2026-08-12T21:21:46.555+0000] {subprocess.py:93} INFO - 	at scala.concurrent.Promise.success(Promise.scala:86)
[2026-08-12T21:21:46.558+0000] {subprocess.py:93} INFO - 	at scala.concurrent.Promise.success$(Promise.scala:86)
[2026-08-12T21:21:46.562+0000] {subprocess.py:93} INFO - 	at scala.concurrent.impl.Promise$DefaultPromise.success(Promise.scala:187)
[2026-08-12T21:21:46.565+0000] {subprocess.py:93} INFO - 	at org.apache.spark.rpc.netty.LocalNettyRpcCallContext.send(NettyRpcCallContext.scala:50)
[2026-08-12T21:21:46.568+0000] {subprocess.py:93} INFO - 	at org.apache.spark.rpc.netty.NettyRpcCallContext.reply(NettyRpcCallContext.scala:32)
[2026-08-12T21:21:46.572+0000] {subprocess.py:93} INFO - 	at org.apache.spark.rpc.netty.RpcEndpointVerifier$$anonfun$receiveAndReply$1.applyOrElse(RpcEndpointVerifier.scala:31)
[2026-08-12T21:21:46.575+0000] {subprocess.py:93} INFO - 	... 8 more
[2026-08-12T21:21:46.578+0000] {subprocess.py:93} INFO - 26/08/12 21:21:22 WARN Executor: Issue communicating with driver in heartbeater
[2026-08-12T21:21:46.581+0000] {subprocess.py:93} INFO - org.apache.spark.SparkException: Exception thrown in awaitResult:
[2026-08-12T21:21:46.584+0000] {subprocess.py:93} INFO - 	at org.apache.spark.util.SparkThreadUtils$.awaitResult(SparkThreadUtils.scala:56)
[2026-08-12T21:21:46.586+0000] {subprocess.py:93} INFO - 	at org.apache.spark.util.ThreadUtils$.awaitResult(ThreadUtils.scala:310)
[2026-08-12T21:21:46.589+0000] {subprocess.py:93} INFO - 	at org.apache.spark.rpc.RpcTimeout.awaitResult(RpcTimeout.scala:75)
[2026-08-12T21:21:46.591+0000] {subprocess.py:93} INFO - 	at org.apache.spark.rpc.RpcEndpointRef.askSync(RpcEndpointRef.scala:101)
[2026-08-12T21:21:46.598+0000] {subprocess.py:93} INFO - 	at org.apache.spark.rpc.RpcEndpointRef.askSync(RpcEndpointRef.scala:85)
[2026-08-12T21:21:46.601+0000] {subprocess.py:93} INFO - 	at org.apache.spark.storage.BlockManagerMaster.registerBlockManager(BlockManagerMaster.scala:80)
[2026-08-12T21:21:46.627+0000] {subprocess.py:93} INFO - 	at org.apache.spark.storage.BlockManager.reregister(BlockManager.scala:642)
[2026-08-12T21:21:46.631+0000] {subprocess.py:93} INFO - 	at org.apache.spark.executor.Executor.reportHeartBeat(Executor.scala:1223)
[2026-08-12T21:21:46.637+0000] {subprocess.py:93} INFO - 	at org.apache.spark.executor.Executor.$anonfun$heartbeater$1(Executor.scala:295)
[2026-08-12T21:21:46.641+0000] {subprocess.py:93} INFO - 	at scala.runtime.java8.JFunction0$mcV$sp.apply(JFunction0$mcV$sp.java:23)
[2026-08-12T21:21:46.645+0000] {subprocess.py:93} INFO - 	at org.apache.spark.util.Utils$.logUncaughtExceptions(Utils.scala:1928)
[2026-08-12T21:21:46.649+0000] {subprocess.py:93} INFO - 	at org.apache.spark.Heartbeater$$anon$1.run(Heartbeater.scala:46)
[2026-08-12T21:21:46.652+0000] {subprocess.py:93} INFO - 	at java.base/java.util.concurrent.Executors$RunnableAdapter.call(Executors.java:539)
[2026-08-12T21:21:46.655+0000] {subprocess.py:93} INFO - 	at java.base/java.util.concurrent.FutureTask.runAndReset(FutureTask.java:305)
[2026-08-12T21:21:46.657+0000] {subprocess.py:93} INFO - 	at java.base/java.util.concurrent.ScheduledThreadPoolExecutor$ScheduledFutureTask.run(ScheduledThreadPoolExecutor.java:305)
[2026-08-12T21:21:46.661+0000] {subprocess.py:93} INFO - 	at java.base/java.util.concurrent.ThreadPoolExecutor.runWorker(ThreadPoolExecutor.java:1136)
[2026-08-12T21:21:46.663+0000] {subprocess.py:93} INFO - 	at java.base/java.util.concurrent.ThreadPoolExecutor$Worker.run(ThreadPoolExecutor.java:635)
[2026-08-12T21:21:46.666+0000] {subprocess.py:93} INFO - 	at java.base/java.lang.Thread.run(Thread.java:840)
[2026-08-12T21:21:46.669+0000] {subprocess.py:93} INFO - Caused by: org.apache.spark.SparkException: Exception thrown in awaitResult:
[2026-08-12T21:21:46.672+0000] {subprocess.py:93} INFO - 	at org.apache.spark.util.SparkThreadUtils$.awaitResult(SparkThreadUtils.scala:56)
[2026-08-12T21:21:46.679+0000] {subprocess.py:93} INFO - 	at org.apache.spark.util.ThreadUtils$.awaitResult(ThreadUtils.scala:310)
[2026-08-12T21:21:46.682+0000] {subprocess.py:93} INFO - 	at org.apache.spark.rpc.RpcTimeout.awaitResult(RpcTimeout.scala:75)
[2026-08-12T21:21:46.685+0000] {subprocess.py:93} INFO - 	at org.apache.spark.rpc.RpcEnv.setupEndpointRefByURI(RpcEnv.scala:102)
[2026-08-12T21:21:46.688+0000] {subprocess.py:93} INFO - 	at org.apache.spark.rpc.RpcEnv.setupEndpointRef(RpcEnv.scala:110)
[2026-08-12T21:21:46.690+0000] {subprocess.py:93} INFO - 	at org.apache.spark.util.RpcUtils$.makeDriverRef(RpcUtils.scala:36)
[2026-08-12T21:21:46.693+0000] {subprocess.py:93} INFO - 	at org.apache.spark.storage.BlockManagerMasterEndpoint.driverEndpoint$lzycompute(BlockManagerMasterEndpoint.scala:124)
[2026-08-12T21:21:46.696+0000] {subprocess.py:93} INFO - 	at org.apache.spark.storage.BlockManagerMasterEndpoint.org$apache$spark$storage$BlockManagerMasterEndpoint$$driverEndpoint(BlockManagerMasterEndpoint.scala:123)
[2026-08-12T21:21:46.701+0000] {subprocess.py:93} INFO - 	at org.apache.spark.storage.BlockManagerMasterEndpoint.isExecutorAlive$lzycompute$1(BlockManagerMasterEndpoint.scala:688)
[2026-08-12T21:21:46.703+0000] {subprocess.py:93} INFO - 	at org.apache.spark.storage.BlockManagerMasterEndpoint.isExecutorAlive$1(BlockManagerMasterEndpoint.scala:687)
[2026-08-12T21:21:46.705+0000] {subprocess.py:93} INFO - 	at org.apache.spark.storage.BlockManagerMasterEndpoint.org$apache$spark$storage$BlockManagerMasterEndpoint$$register(BlockManagerMasterEndpoint.scala:725)
[2026-08-12T21:21:46.707+0000] {subprocess.py:93} INFO - 	at org.apache.spark.storage.BlockManagerMasterEndpoint$$anonfun$receiveAndReply$1.applyOrElse(BlockManagerMasterEndpoint.scala:133)
[2026-08-12T21:21:46.710+0000] {subprocess.py:93} INFO - 	at org.apache.spark.rpc.netty.Inbox.$anonfun$process$1(Inbox.scala:103)
[2026-08-12T21:21:46.713+0000] {subprocess.py:93} INFO - 	at org.apache.spark.rpc.netty.Inbox.safelyCall(Inbox.scala:213)
[2026-08-12T21:21:46.715+0000] {subprocess.py:93} INFO - 	at org.apache.spark.rpc.netty.Inbox.process(Inbox.scala:100)
[2026-08-12T21:21:46.718+0000] {subprocess.py:93} INFO - 	at org.apache.spark.rpc.netty.MessageLoop.org$apache$spark$rpc$netty$MessageLoop$$receiveLoop(MessageLoop.scala:75)
[2026-08-12T21:21:46.721+0000] {subprocess.py:93} INFO - 	at org.apache.spark.rpc.netty.MessageLoop$$anon$1.run(MessageLoop.scala:41)
[2026-08-12T21:21:46.723+0000] {subprocess.py:93} INFO - 	... 3 more
[2026-08-12T21:21:46.726+0000] {subprocess.py:93} INFO - Caused by: org.apache.spark.rpc.RpcEndpointNotFoundException: Cannot find endpoint: spark://CoarseGrainedScheduler@4099a95615c9:36011
[2026-08-12T21:21:46.728+0000] {subprocess.py:93} INFO - 	at org.apache.spark.rpc.netty.NettyRpcEnv.$anonfun$asyncSetupEndpointRefByURI$1(NettyRpcEnv.scala:148)
[2026-08-12T21:21:46.730+0000] {subprocess.py:93} INFO - 	at org.apache.spark.rpc.netty.NettyRpcEnv.$anonfun$asyncSetupEndpointRefByURI$1$adapted(NettyRpcEnv.scala:144)
[2026-08-12T21:21:46.733+0000] {subprocess.py:93} INFO - 	at scala.concurrent.Future.$anonfun$flatMap$1(Future.scala:307)
[2026-08-12T21:21:46.734+0000] {subprocess.py:93} INFO - 	at scala.concurrent.impl.Promise.$anonfun$transformWith$1(Promise.scala:41)
[2026-08-12T21:21:46.737+0000] {subprocess.py:93} INFO - 	at scala.concurrent.impl.CallbackRunnable.run(Promise.scala:64)
[2026-08-12T21:21:46.739+0000] {subprocess.py:93} INFO - 	at org.apache.spark.util.ThreadUtils$$anon$1.execute(ThreadUtils.scala:99)
[2026-08-12T21:21:46.741+0000] {subprocess.py:93} INFO - 	at scala.concurrent.impl.ExecutionContextImpl$$anon$4.execute(ExecutionContextImpl.scala:138)
[2026-08-12T21:21:46.744+0000] {subprocess.py:93} INFO - 	at scala.concurrent.impl.CallbackRunnable.executeWithValue(Promise.scala:72)
[2026-08-12T21:21:46.746+0000] {subprocess.py:93} INFO - 	at scala.concurrent.impl.Promise$DefaultPromise.$anonfun$tryComplete$1(Promise.scala:288)
[2026-08-12T21:21:46.760+0000] {subprocess.py:93} INFO - 	at scala.concurrent.impl.Promise$DefaultPromise.$anonfun$tryComplete$1$adapted(Promise.scala:288)
[2026-08-12T21:21:47.556+0000] {subprocess.py:93} INFO - 	at scala.concurrent.impl.Promise$DefaultPromise.tryComplete(Promise.scala:288)
[2026-08-12T21:21:47.561+0000] {subprocess.py:93} INFO - 	at scala.concurrent.Promise.complete(Promise.scala:53)
[2026-08-12T21:21:47.566+0000] {subprocess.py:93} INFO - 	at scala.concurrent.Promise.complete$(Promise.scala:52)
[2026-08-12T21:21:47.569+0000] {subprocess.py:93} INFO - 	at scala.concurrent.impl.Promise$DefaultPromise.complete(Promise.scala:187)
[2026-08-12T21:21:47.571+0000] {subprocess.py:93} INFO - 	at scala.concurrent.impl.Promise.$anonfun$transform$1(Promise.scala:33)
[2026-08-12T21:21:47.573+0000] {subprocess.py:93} INFO - 	at scala.concurrent.impl.CallbackRunnable.run(Promise.scala:64)
[2026-08-12T21:21:47.575+0000] {subprocess.py:93} INFO - 	at org.apache.spark.util.ThreadUtils$$anon$1.execute(ThreadUtils.scala:99)
[2026-08-12T21:21:47.578+0000] {subprocess.py:93} INFO - 	at scala.concurrent.impl.ExecutionContextImpl$$anon$4.execute(ExecutionContextImpl.scala:138)
[2026-08-12T21:21:47.581+0000] {subprocess.py:93} INFO - 	at scala.concurrent.impl.CallbackRunnable.executeWithValue(Promise.scala:72)
[2026-08-12T21:21:47.585+0000] {subprocess.py:93} INFO - 	at scala.concurrent.impl.Promise$DefaultPromise.$anonfun$tryComplete$1(Promise.scala:288)
[2026-08-12T21:21:47.587+0000] {subprocess.py:93} INFO - 	at scala.concurrent.impl.Promise$DefaultPromise.$anonfun$tryComplete$1$adapted(Promise.scala:288)
[2026-08-12T21:21:47.590+0000] {subprocess.py:93} INFO - 	at scala.concurrent.impl.Promise$DefaultPromise.tryComplete(Promise.scala:288)
[2026-08-12T21:21:47.592+0000] {subprocess.py:93} INFO - 	at scala.concurrent.Promise.complete(Promise.scala:53)
[2026-08-12T21:21:47.595+0000] {subprocess.py:93} INFO - 	at scala.concurrent.Promise.complete$(Promise.scala:52)
[2026-08-12T21:21:47.597+0000] {subprocess.py:93} INFO - 	at scala.concurrent.impl.Promise$DefaultPromise.complete(Promise.scala:187)
[2026-08-12T21:21:47.600+0000] {subprocess.py:93} INFO - 	at scala.concurrent.impl.Promise.$anonfun$transform$1(Promise.scala:33)
[2026-08-12T21:21:47.602+0000] {subprocess.py:93} INFO - 	at scala.concurrent.impl.CallbackRunnable.run(Promise.scala:64)
[2026-08-12T21:21:47.605+0000] {subprocess.py:93} INFO - 	at scala.concurrent.BatchingExecutor$Batch.processBatch$1(BatchingExecutor.scala:67)
[2026-08-12T21:21:47.607+0000] {subprocess.py:93} INFO - 	at scala.concurrent.BatchingExecutor$Batch.$anonfun$run$1(BatchingExecutor.scala:82)
[2026-08-12T21:21:47.609+0000] {subprocess.py:93} INFO - 	at scala.runtime.java8.JFunction0$mcV$sp.apply(JFunction0$mcV$sp.java:23)
[2026-08-12T21:21:47.612+0000] {subprocess.py:93} INFO - 	at scala.concurrent.BlockContext$.withBlockContext(BlockContext.scala:85)
[2026-08-12T21:21:47.614+0000] {subprocess.py:93} INFO - 	at scala.concurrent.BatchingExecutor$Batch.run(BatchingExecutor.scala:59)
[2026-08-12T21:21:47.616+0000] {subprocess.py:93} INFO - 	at scala.concurrent.Future$InternalCallbackExecutor$.unbatchedExecute(Future.scala:875)
[2026-08-12T21:21:47.618+0000] {subprocess.py:93} INFO - 	at scala.concurrent.BatchingExecutor.execute(BatchingExecutor.scala:110)
[2026-08-12T21:21:47.621+0000] {subprocess.py:93} INFO - 	at scala.concurrent.BatchingExecutor.execute$(BatchingExecutor.scala:107)
[2026-08-12T21:21:47.623+0000] {subprocess.py:93} INFO - 	at scala.concurrent.Future$InternalCallbackExecutor$.execute(Future.scala:873)
[2026-08-12T21:21:47.626+0000] {subprocess.py:93} INFO - 	at scala.concurrent.impl.CallbackRunnable.executeWithValue(Promise.scala:72)
[2026-08-12T21:21:47.630+0000] {subprocess.py:93} INFO - 	at scala.concurrent.impl.Promise$DefaultPromise.$anonfun$tryComplete$1(Promise.scala:288)
[2026-08-12T21:21:47.633+0000] {subprocess.py:93} INFO - 	at scala.concurrent.impl.Promise$DefaultPromise.$anonfun$tryComplete$1$adapted(Promise.scala:288)
[2026-08-12T21:21:47.636+0000] {subprocess.py:93} INFO - 	at scala.concurrent.impl.Promise$DefaultPromise.tryComplete(Promise.scala:288)
[2026-08-12T21:21:47.638+0000] {subprocess.py:93} INFO - 	at scala.concurrent.Promise.trySuccess(Promise.scala:94)
[2026-08-12T21:21:47.641+0000] {subprocess.py:93} INFO - 	at scala.concurrent.Promise.trySuccess$(Promise.scala:94)
[2026-08-12T21:21:47.643+0000] {subprocess.py:93} INFO - 	at scala.concurrent.impl.Promise$DefaultPromise.trySuccess(Promise.scala:187)
[2026-08-12T21:21:47.645+0000] {subprocess.py:93} INFO - 	at org.apache.spark.rpc.netty.NettyRpcEnv.onSuccess$1(NettyRpcEnv.scala:225)
[2026-08-12T21:21:47.648+0000] {subprocess.py:93} INFO - 	at org.apache.spark.rpc.netty.NettyRpcEnv.$anonfun$askAbortable$5(NettyRpcEnv.scala:239)
[2026-08-12T21:21:47.651+0000] {subprocess.py:93} INFO - 	at org.apache.spark.rpc.netty.NettyRpcEnv.$anonfun$askAbortable$5$adapted(NettyRpcEnv.scala:238)
[2026-08-12T21:21:47.653+0000] {subprocess.py:93} INFO - 	at scala.concurrent.impl.CallbackRunnable.run(Promise.scala:64)
[2026-08-12T21:21:47.655+0000] {subprocess.py:93} INFO - 	at org.apache.spark.util.ThreadUtils$$anon$1.execute(ThreadUtils.scala:99)
[2026-08-12T21:21:47.658+0000] {subprocess.py:93} INFO - 	at scala.concurrent.impl.ExecutionContextImpl$$anon$4.execute(ExecutionContextImpl.scala:138)
[2026-08-12T21:21:47.661+0000] {subprocess.py:93} INFO - 	at scala.concurrent.impl.CallbackRunnable.executeWithValue(Promise.scala:72)
[2026-08-12T21:21:47.666+0000] {subprocess.py:93} INFO - 	at scala.concurrent.impl.Promise$DefaultPromise.$anonfun$tryComplete$1(Promise.scala:288)
[2026-08-12T21:21:47.668+0000] {subprocess.py:93} INFO - 	at scala.concurrent.impl.Promise$DefaultPromise.$anonfun$tryComplete$1$adapted(Promise.scala:288)
[2026-08-12T21:21:47.671+0000] {subprocess.py:93} INFO - 	at scala.concurrent.impl.Promise$DefaultPromise.tryComplete(Promise.scala:288)
[2026-08-12T21:21:47.673+0000] {subprocess.py:93} INFO - 	at scala.concurrent.Promise.complete(Promise.scala:53)
[2026-08-12T21:21:47.676+0000] {subprocess.py:93} INFO - 	at scala.concurrent.Promise.complete$(Promise.scala:52)
[2026-08-12T21:21:47.678+0000] {subprocess.py:93} INFO - 	at scala.concurrent.impl.Promise$DefaultPromise.complete(Promise.scala:187)
[2026-08-12T21:21:47.681+0000] {subprocess.py:93} INFO - 	at scala.concurrent.Promise.success(Promise.scala:86)
[2026-08-12T21:21:47.683+0000] {subprocess.py:93} INFO - 	at scala.concurrent.Promise.success$(Promise.scala:86)
[2026-08-12T21:21:47.687+0000] {subprocess.py:93} INFO - 	at scala.concurrent.impl.Promise$DefaultPromise.success(Promise.scala:187)
[2026-08-12T21:21:47.690+0000] {subprocess.py:93} INFO - 	at org.apache.spark.rpc.netty.LocalNettyRpcCallContext.send(NettyRpcCallContext.scala:50)
[2026-08-12T21:21:47.692+0000] {subprocess.py:93} INFO - 	at org.apache.spark.rpc.netty.NettyRpcCallContext.reply(NettyRpcCallContext.scala:32)
[2026-08-12T21:21:47.696+0000] {subprocess.py:93} INFO - 	at org.apache.spark.rpc.netty.RpcEndpointVerifier$$anonfun$receiveAndReply$1.applyOrElse(RpcEndpointVerifier.scala:31)
[2026-08-12T21:21:47.698+0000] {subprocess.py:93} INFO - 	... 8 more
[2026-08-12T21:21:47.700+0000] {subprocess.py:93} INFO - 26/08/12 21:21:28 ERROR Inbox: Ignoring error
[2026-08-12T21:21:47.703+0000] {subprocess.py:93} INFO - org.apache.spark.SparkException: Exception thrown in awaitResult:
[2026-08-12T21:21:47.707+0000] {subprocess.py:93} INFO - 	at org.apache.spark.util.SparkThreadUtils$.awaitResult(SparkThreadUtils.scala:56)
[2026-08-12T21:21:47.710+0000] {subprocess.py:93} INFO - 	at org.apache.spark.util.ThreadUtils$.awaitResult(ThreadUtils.scala:310)
[2026-08-12T21:21:47.713+0000] {subprocess.py:93} INFO - 	at org.apache.spark.rpc.RpcTimeout.awaitResult(RpcTimeout.scala:75)
[2026-08-12T21:21:47.716+0000] {subprocess.py:93} INFO - 	at org.apache.spark.rpc.RpcEnv.setupEndpointRefByURI(RpcEnv.scala:102)
[2026-08-12T21:21:47.719+0000] {subprocess.py:93} INFO - 	at org.apache.spark.rpc.RpcEnv.setupEndpointRef(RpcEnv.scala:110)
[2026-08-12T21:21:47.721+0000] {subprocess.py:93} INFO - 	at org.apache.spark.util.RpcUtils$.makeDriverRef(RpcUtils.scala:36)
[2026-08-12T21:21:47.724+0000] {subprocess.py:93} INFO - 	at org.apache.spark.storage.BlockManagerMasterEndpoint.driverEndpoint$lzycompute(BlockManagerMasterEndpoint.scala:124)
[2026-08-12T21:21:47.727+0000] {subprocess.py:93} INFO - 	at org.apache.spark.storage.BlockManagerMasterEndpoint.org$apache$spark$storage$BlockManagerMasterEndpoint$$driverEndpoint(BlockManagerMasterEndpoint.scala:123)
[2026-08-12T21:21:47.731+0000] {subprocess.py:93} INFO - 	at org.apache.spark.storage.BlockManagerMasterEndpoint.isExecutorAlive$lzycompute$1(BlockManagerMasterEndpoint.scala:688)
[2026-08-12T21:21:47.734+0000] {subprocess.py:93} INFO - 	at org.apache.spark.storage.BlockManagerMasterEndpoint.isExecutorAlive$1(BlockManagerMasterEndpoint.scala:687)
[2026-08-12T21:21:47.736+0000] {subprocess.py:93} INFO - 	at org.apache.spark.storage.BlockManagerMasterEndpoint.org$apache$spark$storage$BlockManagerMasterEndpoint$$register(BlockManagerMasterEndpoint.scala:725)
[2026-08-12T21:21:47.739+0000] {subprocess.py:93} INFO - 	at org.apache.spark.storage.BlockManagerMasterEndpoint$$anonfun$receiveAndReply$1.applyOrElse(BlockManagerMasterEndpoint.scala:133)
[2026-08-12T21:21:47.741+0000] {subprocess.py:93} INFO - 	at org.apache.spark.rpc.netty.Inbox.$anonfun$process$1(Inbox.scala:103)
[2026-08-12T21:21:47.744+0000] {subprocess.py:93} INFO - 	at org.apache.spark.rpc.netty.Inbox.safelyCall(Inbox.scala:213)
[2026-08-12T21:21:47.747+0000] {subprocess.py:93} INFO - 	at org.apache.spark.rpc.netty.Inbox.process(Inbox.scala:100)
[2026-08-12T21:21:47.749+0000] {subprocess.py:93} INFO - 	at org.apache.spark.rpc.netty.MessageLoop.org$apache$spark$rpc$netty$MessageLoop$$receiveLoop(MessageLoop.scala:75)
[2026-08-12T21:21:47.752+0000] {subprocess.py:93} INFO - 	at org.apache.spark.rpc.netty.MessageLoop$$anon$1.run(MessageLoop.scala:41)
[2026-08-12T21:21:47.755+0000] {subprocess.py:93} INFO - 	at java.base/java.util.concurrent.ThreadPoolExecutor.runWorker(ThreadPoolExecutor.java:1136)
[2026-08-12T21:21:47.758+0000] {subprocess.py:93} INFO - 	at java.base/java.util.concurrent.ThreadPoolExecutor$Worker.run(ThreadPoolExecutor.java:635)
[2026-08-12T21:21:47.761+0000] {subprocess.py:93} INFO - 	at java.base/java.lang.Thread.run(Thread.java:840)
[2026-08-12T21:21:47.764+0000] {subprocess.py:93} INFO - Caused by: org.apache.spark.rpc.RpcEndpointNotFoundException: Cannot find endpoint: spark://CoarseGrainedScheduler@4099a95615c9:36011
[2026-08-12T21:21:47.767+0000] {subprocess.py:93} INFO - 	at org.apache.spark.rpc.netty.NettyRpcEnv.$anonfun$asyncSetupEndpointRefByURI$1(NettyRpcEnv.scala:148)
[2026-08-12T21:21:47.779+0000] {subprocess.py:93} INFO - 	at org.apache.spark.rpc.netty.NettyRpcEnv.$anonfun$asyncSetupEndpointRefByURI$1$adapted(NettyRpcEnv.scala:144)
[2026-08-12T21:21:47.782+0000] {subprocess.py:93} INFO - 	at scala.concurrent.Future.$anonfun$flatMap$1(Future.scala:307)
[2026-08-12T21:21:47.784+0000] {subprocess.py:93} INFO - 	at scala.concurrent.impl.Promise.$anonfun$transformWith$1(Promise.scala:41)
[2026-08-12T21:21:47.786+0000] {subprocess.py:93} INFO - 	at scala.concurrent.impl.CallbackRunnable.run(Promise.scala:64)
[2026-08-12T21:21:47.790+0000] {subprocess.py:93} INFO - 	at org.apache.spark.util.ThreadUtils$$anon$1.execute(ThreadUtils.scala:99)
[2026-08-12T21:21:47.792+0000] {subprocess.py:93} INFO - 	at scala.concurrent.impl.ExecutionContextImpl$$anon$4.execute(ExecutionContextImpl.scala:138)
[2026-08-12T21:21:47.794+0000] {subprocess.py:93} INFO - 	at scala.concurrent.impl.CallbackRunnable.executeWithValue(Promise.scala:72)
[2026-08-12T21:21:47.796+0000] {subprocess.py:93} INFO - 	at scala.concurrent.impl.Promise$DefaultPromise.$anonfun$tryComplete$1(Promise.scala:288)
[2026-08-12T21:21:47.800+0000] {subprocess.py:93} INFO - 	at scala.concurrent.impl.Promise$DefaultPromise.$anonfun$tryComplete$1$adapted(Promise.scala:288)
[2026-08-12T21:21:47.803+0000] {subprocess.py:93} INFO - 	at scala.concurrent.impl.Promise$DefaultPromise.tryComplete(Promise.scala:288)
[2026-08-12T21:21:47.805+0000] {subprocess.py:93} INFO - 	at scala.concurrent.Promise.complete(Promise.scala:53)
[2026-08-12T21:21:47.808+0000] {subprocess.py:93} INFO - 	at scala.concurrent.Promise.complete$(Promise.scala:52)
[2026-08-12T21:21:47.811+0000] {subprocess.py:93} INFO - 	at scala.concurrent.impl.Promise$DefaultPromise.complete(Promise.scala:187)
[2026-08-12T21:21:47.814+0000] {subprocess.py:93} INFO - 	at scala.concurrent.impl.Promise.$anonfun$transform$1(Promise.scala:33)
[2026-08-12T21:21:47.817+0000] {subprocess.py:93} INFO - 	at scala.concurrent.impl.CallbackRunnable.run(Promise.scala:64)
[2026-08-12T21:21:47.819+0000] {subprocess.py:93} INFO - 	at org.apache.spark.util.ThreadUtils$$anon$1.execute(ThreadUtils.scala:99)
[2026-08-12T21:21:47.822+0000] {subprocess.py:93} INFO - 	at scala.concurrent.impl.ExecutionContextImpl$$anon$4.execute(ExecutionContextImpl.scala:138)
[2026-08-12T21:21:47.824+0000] {subprocess.py:93} INFO - 	at scala.concurrent.impl.CallbackRunnable.executeWithValue(Promise.scala:72)
[2026-08-12T21:21:47.827+0000] {subprocess.py:93} INFO - 	at scala.concurrent.impl.Promise$DefaultPromise.$anonfun$tryComplete$1(Promise.scala:288)
[2026-08-12T21:21:47.829+0000] {subprocess.py:93} INFO - 	at scala.concurrent.impl.Promise$DefaultPromise.$anonfun$tryComplete$1$adapted(Promise.scala:288)
[2026-08-12T21:21:47.830+0000] {subprocess.py:93} INFO - 	at scala.concurrent.impl.Promise$DefaultPromise.tryComplete(Promise.scala:288)
[2026-08-12T21:21:47.833+0000] {subprocess.py:93} INFO - 	at scala.concurrent.Promise.complete(Promise.scala:53)
[2026-08-12T21:21:47.836+0000] {subprocess.py:93} INFO - 	at scala.concurrent.Promise.complete$(Promise.scala:52)
[2026-08-12T21:21:47.839+0000] {subprocess.py:93} INFO - 	at scala.concurrent.impl.Promise$DefaultPromise.complete(Promise.scala:187)
[2026-08-12T21:21:47.841+0000] {subprocess.py:93} INFO - 	at scala.concurrent.impl.Promise.$anonfun$transform$1(Promise.scala:33)
[2026-08-12T21:21:47.843+0000] {subprocess.py:93} INFO - 	at scala.concurrent.impl.CallbackRunnable.run(Promise.scala:64)
[2026-08-12T21:21:47.845+0000] {subprocess.py:93} INFO - 	at scala.concurrent.BatchingExecutor$Batch.processBatch$1(BatchingExecutor.scala:67)
[2026-08-12T21:21:47.847+0000] {subprocess.py:93} INFO - 	at scala.concurrent.BatchingExecutor$Batch.$anonfun$run$1(BatchingExecutor.scala:82)
[2026-08-12T21:21:47.849+0000] {subprocess.py:93} INFO - 	at scala.runtime.java8.JFunction0$mcV$sp.apply(JFunction0$mcV$sp.java:23)
[2026-08-12T21:21:47.851+0000] {subprocess.py:93} INFO - 	at scala.concurrent.BlockContext$.withBlockContext(BlockContext.scala:85)
[2026-08-12T21:21:47.854+0000] {subprocess.py:93} INFO - 	at scala.concurrent.BatchingExecutor$Batch.run(BatchingExecutor.scala:59)
[2026-08-12T21:21:47.856+0000] {subprocess.py:93} INFO - 	at scala.concurrent.Future$InternalCallbackExecutor$.unbatchedExecute(Future.scala:875)
[2026-08-12T21:21:47.859+0000] {subprocess.py:93} INFO - 	at scala.concurrent.BatchingExecutor.execute(BatchingExecutor.scala:110)
[2026-08-12T21:21:47.861+0000] {subprocess.py:93} INFO - 	at scala.concurrent.BatchingExecutor.execute$(BatchingExecutor.scala:107)
[2026-08-12T21:21:47.863+0000] {subprocess.py:93} INFO - 	at scala.concurrent.Future$InternalCallbackExecutor$.execute(Future.scala:873)
[2026-08-12T21:21:47.865+0000] {subprocess.py:93} INFO - 	at scala.concurrent.impl.CallbackRunnable.executeWithValue(Promise.scala:72)
[2026-08-12T21:21:47.867+0000] {subprocess.py:93} INFO - 	at scala.concurrent.impl.Promise$DefaultPromise.$anonfun$tryComplete$1(Promise.scala:288)
[2026-08-12T21:21:47.870+0000] {subprocess.py:93} INFO - 	at scala.concurrent.impl.Promise$DefaultPromise.$anonfun$tryComplete$1$adapted(Promise.scala:288)
[2026-08-12T21:21:47.872+0000] {subprocess.py:93} INFO - 	at scala.concurrent.impl.Promise$DefaultPromise.tryComplete(Promise.scala:288)
[2026-08-12T21:21:47.874+0000] {subprocess.py:93} INFO - 	at scala.concurrent.Promise.trySuccess(Promise.scala:94)
[2026-08-12T21:21:47.876+0000] {subprocess.py:93} INFO - 	at scala.concurrent.Promise.trySuccess$(Promise.scala:94)
[2026-08-12T21:21:47.878+0000] {subprocess.py:93} INFO - 	at scala.concurrent.impl.Promise$DefaultPromise.trySuccess(Promise.scala:187)
[2026-08-12T21:21:47.880+0000] {subprocess.py:93} INFO - 	at org.apache.spark.rpc.netty.NettyRpcEnv.onSuccess$1(NettyRpcEnv.scala:225)
[2026-08-12T21:21:47.882+0000] {subprocess.py:93} INFO - 	at org.apache.spark.rpc.netty.NettyRpcEnv.$anonfun$askAbortable$5(NettyRpcEnv.scala:239)
[2026-08-12T21:21:47.884+0000] {subprocess.py:93} INFO - 	at org.apache.spark.rpc.netty.NettyRpcEnv.$anonfun$askAbortable$5$adapted(NettyRpcEnv.scala:238)
[2026-08-12T21:21:47.887+0000] {subprocess.py:93} INFO - 	at scala.concurrent.impl.CallbackRunnable.run(Promise.scala:64)
[2026-08-12T21:21:47.890+0000] {subprocess.py:93} INFO - 	at org.apache.spark.util.ThreadUtils$$anon$1.execute(ThreadUtils.scala:99)
[2026-08-12T21:21:47.892+0000] {subprocess.py:93} INFO - 	at scala.concurrent.impl.ExecutionContextImpl$$anon$4.execute(ExecutionContextImpl.scala:138)
[2026-08-12T21:21:47.893+0000] {subprocess.py:93} INFO - 	at scala.concurrent.impl.CallbackRunnable.executeWithValue(Promise.scala:72)
[2026-08-12T21:21:47.895+0000] {subprocess.py:93} INFO - 	at scala.concurrent.impl.Promise$DefaultPromise.$anonfun$tryComplete$1(Promise.scala:288)
[2026-08-12T21:21:47.897+0000] {subprocess.py:93} INFO - 	at scala.concurrent.impl.Promise$DefaultPromise.$anonfun$tryComplete$1$adapted(Promise.scala:288)
[2026-08-12T21:21:47.899+0000] {subprocess.py:93} INFO - 	at scala.concurrent.impl.Promise$DefaultPromise.tryComplete(Promise.scala:288)
[2026-08-12T21:21:47.901+0000] {subprocess.py:93} INFO - 	at scala.concurrent.Promise.complete(Promise.scala:53)
[2026-08-12T21:21:47.902+0000] {subprocess.py:93} INFO - 	at scala.concurrent.Promise.complete$(Promise.scala:52)
[2026-08-12T21:21:47.904+0000] {subprocess.py:93} INFO - 	at scala.concurrent.impl.Promise$DefaultPromise.complete(Promise.scala:187)
[2026-08-12T21:21:47.906+0000] {subprocess.py:93} INFO - 	at scala.concurrent.Promise.success(Promise.scala:86)
[2026-08-12T21:21:47.908+0000] {subprocess.py:93} INFO - 	at scala.concurrent.Promise.success$(Promise.scala:86)
[2026-08-12T21:21:47.910+0000] {subprocess.py:93} INFO - 	at scala.concurrent.impl.Promise$DefaultPromise.success(Promise.scala:187)
[2026-08-12T21:21:47.912+0000] {subprocess.py:93} INFO - 	at org.apache.spark.rpc.netty.LocalNettyRpcCallContext.send(NettyRpcCallContext.scala:50)
[2026-08-12T21:21:47.914+0000] {subprocess.py:93} INFO - 	at org.apache.spark.rpc.netty.NettyRpcCallContext.reply(NettyRpcCallContext.scala:32)
[2026-08-12T21:21:47.916+0000] {subprocess.py:93} INFO - 	at org.apache.spark.rpc.netty.RpcEndpointVerifier$$anonfun$receiveAndReply$1.applyOrElse(RpcEndpointVerifier.scala:31)
[2026-08-12T21:21:47.918+0000] {subprocess.py:93} INFO - 	... 8 more
[2026-08-12T21:21:47.920+0000] {subprocess.py:93} INFO - 26/08/12 21:21:28 WARN Executor: Issue communicating with driver in heartbeater
[2026-08-12T21:21:47.922+0000] {subprocess.py:93} INFO - org.apache.spark.SparkException: Exception thrown in awaitResult:
[2026-08-12T21:21:47.924+0000] {subprocess.py:93} INFO - 	at org.apache.spark.util.SparkThreadUtils$.awaitResult(SparkThreadUtils.scala:56)
[2026-08-12T21:21:47.926+0000] {subprocess.py:93} INFO - 	at org.apache.spark.util.ThreadUtils$.awaitResult(ThreadUtils.scala:310)
[2026-08-12T21:21:47.928+0000] {subprocess.py:93} INFO - 	at org.apache.spark.rpc.RpcTimeout.awaitResult(RpcTimeout.scala:75)
[2026-08-12T21:21:47.930+0000] {subprocess.py:93} INFO - 	at org.apache.spark.rpc.RpcEndpointRef.askSync(RpcEndpointRef.scala:101)
[2026-08-12T21:21:47.932+0000] {subprocess.py:93} INFO - 	at org.apache.spark.rpc.RpcEndpointRef.askSync(RpcEndpointRef.scala:85)
[2026-08-12T21:21:47.934+0000] {subprocess.py:93} INFO - 	at org.apache.spark.storage.BlockManagerMaster.registerBlockManager(BlockManagerMaster.scala:80)
[2026-08-12T21:21:47.936+0000] {subprocess.py:93} INFO - 	at org.apache.spark.storage.BlockManager.reregister(BlockManager.scala:642)
[2026-08-12T21:21:47.938+0000] {subprocess.py:93} INFO - 	at org.apache.spark.executor.Executor.reportHeartBeat(Executor.scala:1223)
[2026-08-12T21:21:47.940+0000] {subprocess.py:93} INFO - 	at org.apache.spark.executor.Executor.$anonfun$heartbeater$1(Executor.scala:295)
[2026-08-12T21:21:47.942+0000] {subprocess.py:93} INFO - 	at scala.runtime.java8.JFunction0$mcV$sp.apply(JFunction0$mcV$sp.java:23)
[2026-08-12T21:21:47.945+0000] {subprocess.py:93} INFO - 	at org.apache.spark.util.Utils$.logUncaughtExceptions(Utils.scala:1928)
[2026-08-12T21:21:47.947+0000] {subprocess.py:93} INFO - 	at org.apache.spark.Heartbeater$$anon$1.run(Heartbeater.scala:46)
[2026-08-12T21:21:47.949+0000] {subprocess.py:93} INFO - 	at java.base/java.util.concurrent.Executors$RunnableAdapter.call(Executors.java:539)
[2026-08-12T21:21:47.953+0000] {subprocess.py:93} INFO - 	at java.base/java.util.concurrent.FutureTask.runAndReset(FutureTask.java:305)
[2026-08-12T21:21:47.957+0000] {subprocess.py:93} INFO - 	at java.base/java.util.concurrent.ScheduledThreadPoolExecutor$ScheduledFutureTask.run(ScheduledThreadPoolExecutor.java:305)
[2026-08-12T21:21:47.965+0000] {subprocess.py:93} INFO - 	at java.base/java.util.concurrent.ThreadPoolExecutor.runWorker(ThreadPoolExecutor.java:1136)
[2026-08-12T21:21:47.977+0000] {subprocess.py:93} INFO - 	at java.base/java.util.concurrent.ThreadPoolExecutor$Worker.run(ThreadPoolExecutor.java:635)
[2026-08-12T21:21:47.986+0000] {subprocess.py:93} INFO - 	at java.base/java.lang.Thread.run(Thread.java:840)
[2026-08-12T21:21:48.003+0000] {subprocess.py:93} INFO - Caused by: org.apache.spark.SparkException: Exception thrown in awaitResult:
[2026-08-12T21:21:48.015+0000] {subprocess.py:93} INFO - 	at org.apache.spark.util.SparkThreadUtils$.awaitResult(SparkThreadUtils.scala:56)
[2026-08-12T21:21:48.033+0000] {subprocess.py:93} INFO - 	at org.apache.spark.util.ThreadUtils$.awaitResult(ThreadUtils.scala:310)
[2026-08-12T21:21:48.040+0000] {subprocess.py:93} INFO - 	at org.apache.spark.rpc.RpcTimeout.awaitResult(RpcTimeout.scala:75)
[2026-08-12T21:21:48.049+0000] {subprocess.py:93} INFO - 	at org.apache.spark.rpc.RpcEnv.setupEndpointRefByURI(RpcEnv.scala:102)
[2026-08-12T21:21:48.056+0000] {subprocess.py:93} INFO - 	at org.apache.spark.rpc.RpcEnv.setupEndpointRef(RpcEnv.scala:110)
[2026-08-12T21:21:48.083+0000] {subprocess.py:93} INFO - 	at org.apache.spark.util.RpcUtils$.makeDriverRef(RpcUtils.scala:36)
[2026-08-12T21:21:48.090+0000] {subprocess.py:93} INFO - 	at org.apache.spark.storage.BlockManagerMasterEndpoint.driverEndpoint$lzycompute(BlockManagerMasterEndpoint.scala:124)
[2026-08-12T21:21:48.100+0000] {subprocess.py:93} INFO - 	at org.apache.spark.storage.BlockManagerMasterEndpoint.org$apache$spark$storage$BlockManagerMasterEndpoint$$driverEndpoint(BlockManagerMasterEndpoint.scala:123)
[2026-08-12T21:21:48.102+0000] {subprocess.py:93} INFO - 	at org.apache.spark.storage.BlockManagerMasterEndpoint.isExecutorAlive$lzycompute$1(BlockManagerMasterEndpoint.scala:688)
[2026-08-12T21:21:48.105+0000] {subprocess.py:93} INFO - 	at org.apache.spark.storage.BlockManagerMasterEndpoint.isExecutorAlive$1(BlockManagerMasterEndpoint.scala:687)
[2026-08-12T21:21:48.108+0000] {subprocess.py:93} INFO - 	at org.apache.spark.storage.BlockManagerMasterEndpoint.org$apache$spark$storage$BlockManagerMasterEndpoint$$register(BlockManagerMasterEndpoint.scala:725)
[2026-08-12T21:21:48.118+0000] {subprocess.py:93} INFO - 	at org.apache.spark.storage.BlockManagerMasterEndpoint$$anonfun$receiveAndReply$1.applyOrElse(BlockManagerMasterEndpoint.scala:133)
[2026-08-12T21:21:48.123+0000] {subprocess.py:93} INFO - 	at org.apache.spark.rpc.netty.Inbox.$anonfun$process$1(Inbox.scala:103)
[2026-08-12T21:21:48.126+0000] {subprocess.py:93} INFO - 	at org.apache.spark.rpc.netty.Inbox.safelyCall(Inbox.scala:213)
[2026-08-12T21:21:48.131+0000] {subprocess.py:93} INFO - 	at org.apache.spark.rpc.netty.Inbox.process(Inbox.scala:100)
[2026-08-12T21:21:48.136+0000] {subprocess.py:93} INFO - 	at org.apache.spark.rpc.netty.MessageLoop.org$apache$spark$rpc$netty$MessageLoop$$receiveLoop(MessageLoop.scala:75)
[2026-08-12T21:21:48.140+0000] {subprocess.py:93} INFO - 	at org.apache.spark.rpc.netty.MessageLoop$$anon$1.run(MessageLoop.scala:41)
[2026-08-12T21:21:48.154+0000] {subprocess.py:93} INFO - 	... 3 more
[2026-08-12T21:21:48.173+0000] {subprocess.py:93} INFO - Caused by: org.apache.spark.rpc.RpcEndpointNotFoundException: Cannot find endpoint: spark://CoarseGrainedScheduler@4099a95615c9:36011
[2026-08-12T21:21:48.212+0000] {subprocess.py:93} INFO - 	at org.apache.spark.rpc.netty.NettyRpcEnv.$anonfun$asyncSetupEndpointRefByURI$1(NettyRpcEnv.scala:148)
[2026-08-12T21:21:48.243+0000] {subprocess.py:93} INFO - 	at org.apache.spark.rpc.netty.NettyRpcEnv.$anonfun$asyncSetupEndpointRefByURI$1$adapted(NettyRpcEnv.scala:144)
[2026-08-12T21:21:48.349+0000] {subprocess.py:93} INFO - 	at scala.concurrent.Future.$anonfun$flatMap$1(Future.scala:307)
[2026-08-12T21:21:48.361+0000] {subprocess.py:93} INFO - 	at scala.concurrent.impl.Promise.$anonfun$transformWith$1(Promise.scala:41)
[2026-08-12T21:21:48.364+0000] {subprocess.py:93} INFO - 	at scala.concurrent.impl.CallbackRunnable.run(Promise.scala:64)
[2026-08-12T21:21:48.403+0000] {subprocess.py:93} INFO - 	at org.apache.spark.util.ThreadUtils$$anon$1.execute(ThreadUtils.scala:99)
[2026-08-12T21:21:48.438+0000] {subprocess.py:93} INFO - 	at scala.concurrent.impl.ExecutionContextImpl$$anon$4.execute(ExecutionContextImpl.scala:138)
[2026-08-12T21:21:48.452+0000] {subprocess.py:93} INFO - 	at scala.concurrent.impl.CallbackRunnable.executeWithValue(Promise.scala:72)
[2026-08-12T21:21:48.492+0000] {subprocess.py:93} INFO - 	at scala.concurrent.impl.Promise$DefaultPromise.$anonfun$tryComplete$1(Promise.scala:288)
[2026-08-12T21:21:48.508+0000] {subprocess.py:93} INFO - 	at scala.concurrent.impl.Promise$DefaultPromise.$anonfun$tryComplete$1$adapted(Promise.scala:288)
[2026-08-12T21:21:48.511+0000] {subprocess.py:93} INFO - 	at scala.concurrent.impl.Promise$DefaultPromise.tryComplete(Promise.scala:288)
[2026-08-12T21:21:48.522+0000] {subprocess.py:93} INFO - 	at scala.concurrent.Promise.complete(Promise.scala:53)
[2026-08-12T21:21:48.528+0000] {subprocess.py:93} INFO - 	at scala.concurrent.Promise.complete$(Promise.scala:52)
[2026-08-12T21:21:48.531+0000] {subprocess.py:93} INFO - 	at scala.concurrent.impl.Promise$DefaultPromise.complete(Promise.scala:187)
[2026-08-12T21:21:48.534+0000] {subprocess.py:93} INFO - 	at scala.concurrent.impl.Promise.$anonfun$transform$1(Promise.scala:33)
[2026-08-12T21:21:48.542+0000] {subprocess.py:93} INFO - 	at scala.concurrent.impl.CallbackRunnable.run(Promise.scala:64)
[2026-08-12T21:21:48.546+0000] {subprocess.py:93} INFO - 	at org.apache.spark.util.ThreadUtils$$anon$1.execute(ThreadUtils.scala:99)
[2026-08-12T21:21:48.558+0000] {subprocess.py:93} INFO - 	at scala.concurrent.impl.ExecutionContextImpl$$anon$4.execute(ExecutionContextImpl.scala:138)
[2026-08-12T21:21:48.572+0000] {subprocess.py:93} INFO - 	at scala.concurrent.impl.CallbackRunnable.executeWithValue(Promise.scala:72)
[2026-08-12T21:21:48.647+0000] {subprocess.py:93} INFO - 	at scala.concurrent.impl.Promise$DefaultPromise.$anonfun$tryComplete$1(Promise.scala:288)
[2026-08-12T21:21:48.651+0000] {subprocess.py:93} INFO - 	at scala.concurrent.impl.Promise$DefaultPromise.$anonfun$tryComplete$1$adapted(Promise.scala:288)
[2026-08-12T21:21:48.676+0000] {subprocess.py:93} INFO - 	at scala.concurrent.impl.Promise$DefaultPromise.tryComplete(Promise.scala:288)
[2026-08-12T21:21:48.693+0000] {subprocess.py:93} INFO - 	at scala.concurrent.Promise.complete(Promise.scala:53)
[2026-08-12T21:21:48.716+0000] {subprocess.py:93} INFO - 	at scala.concurrent.Promise.complete$(Promise.scala:52)
[2026-08-12T21:21:48.720+0000] {subprocess.py:93} INFO - 	at scala.concurrent.impl.Promise$DefaultPromise.complete(Promise.scala:187)
[2026-08-12T21:21:48.724+0000] {subprocess.py:93} INFO - 	at scala.concurrent.impl.Promise.$anonfun$transform$1(Promise.scala:33)
[2026-08-12T21:21:48.729+0000] {subprocess.py:93} INFO - 	at scala.concurrent.impl.CallbackRunnable.run(Promise.scala:64)
[2026-08-12T21:21:48.737+0000] {subprocess.py:93} INFO - 	at scala.concurrent.BatchingExecutor$Batch.processBatch$1(BatchingExecutor.scala:67)
[2026-08-12T21:21:48.742+0000] {subprocess.py:93} INFO - 	at scala.concurrent.BatchingExecutor$Batch.$anonfun$run$1(BatchingExecutor.scala:82)
[2026-08-12T21:21:48.754+0000] {subprocess.py:93} INFO - 	at scala.runtime.java8.JFunction0$mcV$sp.apply(JFunction0$mcV$sp.java:23)
[2026-08-12T21:21:48.777+0000] {subprocess.py:93} INFO - 	at scala.concurrent.BlockContext$.withBlockContext(BlockContext.scala:85)
[2026-08-12T21:21:48.791+0000] {subprocess.py:93} INFO - 	at scala.concurrent.BatchingExecutor$Batch.run(BatchingExecutor.scala:59)
[2026-08-12T21:21:48.793+0000] {subprocess.py:93} INFO - 	at scala.concurrent.Future$InternalCallbackExecutor$.unbatchedExecute(Future.scala:875)
[2026-08-12T21:21:48.800+0000] {subprocess.py:93} INFO - 	at scala.concurrent.BatchingExecutor.execute(BatchingExecutor.scala:110)
[2026-08-12T21:21:48.813+0000] {subprocess.py:93} INFO - 	at scala.concurrent.BatchingExecutor.execute$(BatchingExecutor.scala:107)
[2026-08-12T21:21:48.816+0000] {subprocess.py:93} INFO - 	at scala.concurrent.Future$InternalCallbackExecutor$.execute(Future.scala:873)
[2026-08-12T21:21:48.818+0000] {subprocess.py:93} INFO - 	at scala.concurrent.impl.CallbackRunnable.executeWithValue(Promise.scala:72)
[2026-08-12T21:21:48.827+0000] {subprocess.py:93} INFO - 	at scala.concurrent.impl.Promise$DefaultPromise.$anonfun$tryComplete$1(Promise.scala:288)
[2026-08-12T21:21:48.850+0000] {subprocess.py:93} INFO - 	at scala.concurrent.impl.Promise$DefaultPromise.$anonfun$tryComplete$1$adapted(Promise.scala:288)
[2026-08-12T21:21:48.860+0000] {subprocess.py:93} INFO - 	at scala.concurrent.impl.Promise$DefaultPromise.tryComplete(Promise.scala:288)
[2026-08-12T21:21:48.863+0000] {subprocess.py:93} INFO - 	at scala.concurrent.Promise.trySuccess(Promise.scala:94)
[2026-08-12T21:21:48.869+0000] {subprocess.py:93} INFO - 	at scala.concurrent.Promise.trySuccess$(Promise.scala:94)
[2026-08-12T21:21:48.885+0000] {subprocess.py:93} INFO - 	at scala.concurrent.impl.Promise$DefaultPromise.trySuccess(Promise.scala:187)
[2026-08-12T21:21:48.912+0000] {subprocess.py:93} INFO - 	at org.apache.spark.rpc.netty.NettyRpcEnv.onSuccess$1(NettyRpcEnv.scala:225)
[2026-08-12T21:21:48.916+0000] {subprocess.py:93} INFO - 	at org.apache.spark.rpc.netty.NettyRpcEnv.$anonfun$askAbortable$5(NettyRpcEnv.scala:239)
[2026-08-12T21:21:48.919+0000] {subprocess.py:93} INFO - 	at org.apache.spark.rpc.netty.NettyRpcEnv.$anonfun$askAbortable$5$adapted(NettyRpcEnv.scala:238)
[2026-08-12T21:21:48.934+0000] {subprocess.py:93} INFO - 	at scala.concurrent.impl.CallbackRunnable.run(Promise.scala:64)
[2026-08-12T21:21:48.940+0000] {subprocess.py:93} INFO - 	at org.apache.spark.util.ThreadUtils$$anon$1.execute(ThreadUtils.scala:99)
[2026-08-12T21:21:48.956+0000] {subprocess.py:93} INFO - 	at scala.concurrent.impl.ExecutionContextImpl$$anon$4.execute(ExecutionContextImpl.scala:138)
[2026-08-12T21:21:48.964+0000] {subprocess.py:93} INFO - 	at scala.concurrent.impl.CallbackRunnable.executeWithValue(Promise.scala:72)
[2026-08-12T21:21:48.972+0000] {subprocess.py:93} INFO - 	at scala.concurrent.impl.Promise$DefaultPromise.$anonfun$tryComplete$1(Promise.scala:288)
[2026-08-12T21:21:48.983+0000] {subprocess.py:93} INFO - 	at scala.concurrent.impl.Promise$DefaultPromise.$anonfun$tryComplete$1$adapted(Promise.scala:288)
[2026-08-12T21:21:48.990+0000] {subprocess.py:93} INFO - 	at scala.concurrent.impl.Promise$DefaultPromise.tryComplete(Promise.scala:288)
[2026-08-12T21:21:49.006+0000] {subprocess.py:93} INFO - 	at scala.concurrent.Promise.complete(Promise.scala:53)
[2026-08-12T21:21:49.014+0000] {subprocess.py:93} INFO - 	at scala.concurrent.Promise.complete$(Promise.scala:52)
[2026-08-12T21:21:49.020+0000] {subprocess.py:93} INFO - 	at scala.concurrent.impl.Promise$DefaultPromise.complete(Promise.scala:187)
[2026-08-12T21:21:49.031+0000] {subprocess.py:93} INFO - 	at scala.concurrent.Promise.success(Promise.scala:86)
[2026-08-12T21:21:49.044+0000] {subprocess.py:93} INFO - 	at scala.concurrent.Promise.success$(Promise.scala:86)
[2026-08-12T21:21:49.048+0000] {subprocess.py:93} INFO - 	at scala.concurrent.impl.Promise$DefaultPromise.success(Promise.scala:187)
[2026-08-12T21:21:49.051+0000] {subprocess.py:93} INFO - 	at org.apache.spark.rpc.netty.LocalNettyRpcCallContext.send(NettyRpcCallContext.scala:50)
[2026-08-12T21:21:49.068+0000] {subprocess.py:93} INFO - 	at org.apache.spark.rpc.netty.NettyRpcCallContext.reply(NettyRpcCallContext.scala:32)
[2026-08-12T21:21:49.073+0000] {subprocess.py:93} INFO - 	at org.apache.spark.rpc.netty.RpcEndpointVerifier$$anonfun$receiveAndReply$1.applyOrElse(RpcEndpointVerifier.scala:31)
[2026-08-12T21:21:49.077+0000] {subprocess.py:93} INFO - 	... 8 more
[2026-08-12T21:21:49.084+0000] {subprocess.py:93} INFO - 26/08/12 21:21:29 WARN Executor: Issue communicating with driver in heartbeater
[2026-08-12T21:21:49.097+0000] {subprocess.py:93} INFO - org.apache.spark.SparkException: Exception thrown in awaitResult:
[2026-08-12T21:21:49.121+0000] {subprocess.py:93} INFO - 	at org.apache.spark.util.SparkThreadUtils$.awaitResult(SparkThreadUtils.scala:56)
[2026-08-12T21:21:49.128+0000] {subprocess.py:93} INFO - 	at org.apache.spark.util.ThreadUtils$.awaitResult(ThreadUtils.scala:310)
[2026-08-12T21:21:49.135+0000] {subprocess.py:93} INFO - 	at org.apache.spark.rpc.RpcTimeout.awaitResult(RpcTimeout.scala:75)
[2026-08-12T21:21:49.144+0000] {subprocess.py:93} INFO - 	at org.apache.spark.rpc.RpcEndpointRef.askSync(RpcEndpointRef.scala:101)
[2026-08-12T21:21:49.148+0000] {subprocess.py:93} INFO - 	at org.apache.spark.rpc.RpcEndpointRef.askSync(RpcEndpointRef.scala:85)
[2026-08-12T21:21:49.151+0000] {subprocess.py:93} INFO - 	at org.apache.spark.storage.BlockManagerMaster.registerBlockManager(BlockManagerMaster.scala:80)
[2026-08-12T21:21:49.156+0000] {subprocess.py:93} INFO - 	at org.apache.spark.storage.BlockManager.reregister(BlockManager.scala:642)
[2026-08-12T21:21:49.159+0000] {subprocess.py:93} INFO - 	at org.apache.spark.executor.Executor.reportHeartBeat(Executor.scala:1223)
[2026-08-12T21:21:49.162+0000] {subprocess.py:93} INFO - 	at org.apache.spark.executor.Executor.$anonfun$heartbeater$1(Executor.scala:295)
[2026-08-12T21:21:49.167+0000] {subprocess.py:93} INFO - 	at scala.runtime.java8.JFunction0$mcV$sp.apply(JFunction0$mcV$sp.java:23)
[2026-08-12T21:21:49.170+0000] {subprocess.py:93} INFO - 	at org.apache.spark.util.Utils$.logUncaughtExceptions(Utils.scala:1928)
[2026-08-12T21:21:49.181+0000] {subprocess.py:93} INFO - 	at org.apache.spark.Heartbeater$$anon$1.run(Heartbeater.scala:46)
[2026-08-12T21:21:49.198+0000] {subprocess.py:93} INFO - 	at java.base/java.util.concurrent.Executors$RunnableAdapter.call(Executors.java:539)
[2026-08-12T21:21:49.219+0000] {subprocess.py:93} INFO - 	at java.base/java.util.concurrent.FutureTask.runAndReset(FutureTask.java:305)
[2026-08-12T21:21:49.223+0000] {subprocess.py:93} INFO - 	at java.base/java.util.concurrent.ScheduledThreadPoolExecutor$ScheduledFutureTask.run(ScheduledThreadPoolExecutor.java:305)
[2026-08-12T21:21:49.244+0000] {subprocess.py:93} INFO - 	at java.base/java.util.concurrent.ThreadPoolExecutor.runWorker(ThreadPoolExecutor.java:1136)
[2026-08-12T21:21:49.249+0000] {subprocess.py:93} INFO - 	at java.base/java.util.concurrent.ThreadPoolExecutor$Worker.run(ThreadPoolExecutor.java:635)
[2026-08-12T21:21:49.251+0000] {subprocess.py:93} INFO - 	at java.base/java.lang.Thread.run(Thread.java:840)
[2026-08-12T21:21:49.254+0000] {subprocess.py:93} INFO - Caused by: org.apache.spark.SparkException: Exception thrown in awaitResult:
[2026-08-12T21:21:49.257+0000] {subprocess.py:93} INFO - 	at org.apache.spark.util.SparkThreadUtils$.awaitResult(SparkThreadUtils.scala:56)
[2026-08-12T21:21:49.265+0000] {subprocess.py:93} INFO - 	at org.apache.spark.util.ThreadUtils$.awaitResult(ThreadUtils.scala:310)
[2026-08-12T21:21:49.292+0000] {subprocess.py:93} INFO - 	at org.apache.spark.rpc.RpcTimeout.awaitResult(RpcTimeout.scala:75)
[2026-08-12T21:21:49.297+0000] {subprocess.py:93} INFO - 	at org.apache.spark.rpc.RpcEnv.setupEndpointRefByURI(RpcEnv.scala:102)
[2026-08-12T21:21:49.312+0000] {subprocess.py:93} INFO - 	at org.apache.spark.rpc.RpcEnv.setupEndpointRef(RpcEnv.scala:110)
[2026-08-12T21:21:49.321+0000] {subprocess.py:93} INFO - 	at org.apache.spark.util.RpcUtils$.makeDriverRef(RpcUtils.scala:36)
[2026-08-12T21:21:49.324+0000] {subprocess.py:93} INFO - 	at org.apache.spark.storage.BlockManagerMasterEndpoint.driverEndpoint$lzycompute(BlockManagerMasterEndpoint.scala:124)
[2026-08-12T21:21:49.393+0000] {subprocess.py:93} INFO - 	at org.apache.spark.storage.BlockManagerMasterEndpoint.org$apache$spark$storage$BlockManagerMasterEndpoint$$driverEndpoint(BlockManagerMasterEndpoint.scala:123)
[2026-08-12T21:21:49.461+0000] {subprocess.py:93} INFO - 	at org.apache.spark.storage.BlockManagerMasterEndpoint.isExecutorAlive$lzycompute$1(BlockManagerMasterEndpoint.scala:688)
[2026-08-12T21:21:49.483+0000] {subprocess.py:93} INFO - 	at org.apache.spark.storage.BlockManagerMasterEndpoint.isExecutorAlive$1(BlockManagerMasterEndpoint.scala:687)
[2026-08-12T21:21:49.553+0000] {subprocess.py:93} INFO - 	at org.apache.spark.storage.BlockManagerMasterEndpoint.org$apache$spark$storage$BlockManagerMasterEndpoint$$register(BlockManagerMasterEndpoint.scala:725)
[2026-08-12T21:21:49.561+0000] {subprocess.py:93} INFO - 	at org.apache.spark.storage.BlockManagerMasterEndpoint$$anonfun$receiveAndReply$1.applyOrElse(BlockManagerMasterEndpoint.scala:133)
[2026-08-12T21:21:49.568+0000] {subprocess.py:93} INFO - 	at org.apache.spark.rpc.netty.Inbox.$anonfun$process$1(Inbox.scala:103)
[2026-08-12T21:21:49.596+0000] {subprocess.py:93} INFO - 	at org.apache.spark.rpc.netty.Inbox.safelyCall(Inbox.scala:213)
[2026-08-12T21:21:49.604+0000] {subprocess.py:93} INFO - 	at org.apache.spark.rpc.netty.Inbox.process(Inbox.scala:100)
[2026-08-12T21:21:49.606+0000] {subprocess.py:93} INFO - 	at org.apache.spark.rpc.netty.MessageLoop.org$apache$spark$rpc$netty$MessageLoop$$receiveLoop(MessageLoop.scala:75)
[2026-08-12T21:21:49.614+0000] {subprocess.py:93} INFO - 	at org.apache.spark.rpc.netty.MessageLoop$$anon$1.run(MessageLoop.scala:41)
[2026-08-12T21:21:49.632+0000] {subprocess.py:93} INFO - 	... 3 more
[2026-08-12T21:21:49.654+0000] {subprocess.py:93} INFO - Caused by: org.apache.spark.rpc.RpcEndpointNotFoundException: Cannot find endpoint: spark://CoarseGrainedScheduler@4099a95615c9:36011
[2026-08-12T21:21:49.666+0000] {subprocess.py:93} INFO - 	at org.apache.spark.rpc.netty.NettyRpcEnv.$anonfun$asyncSetupEndpointRefByURI$1(NettyRpcEnv.scala:148)
[2026-08-12T21:21:49.674+0000] {subprocess.py:93} INFO - 	at org.apache.spark.rpc.netty.NettyRpcEnv.$anonfun$asyncSetupEndpointRefByURI$1$adapted(NettyRpcEnv.scala:144)
[2026-08-12T21:21:49.688+0000] {subprocess.py:93} INFO - 	at scala.concurrent.Future.$anonfun$flatMap$1(Future.scala:307)
[2026-08-12T21:21:49.692+0000] {subprocess.py:93} INFO - 	at scala.concurrent.impl.Promise.$anonfun$transformWith$1(Promise.scala:41)
[2026-08-12T21:21:49.696+0000] {subprocess.py:93} INFO - 	at scala.concurrent.impl.CallbackRunnable.run(Promise.scala:64)
[2026-08-12T21:21:49.702+0000] {subprocess.py:93} INFO - 	at org.apache.spark.util.ThreadUtils$$anon$1.execute(ThreadUtils.scala:99)
[2026-08-12T21:21:49.707+0000] {subprocess.py:93} INFO - 	at scala.concurrent.impl.ExecutionContextImpl$$anon$4.execute(ExecutionContextImpl.scala:138)
[2026-08-12T21:21:49.711+0000] {subprocess.py:93} INFO - 	at scala.concurrent.impl.CallbackRunnable.executeWithValue(Promise.scala:72)
[2026-08-12T21:21:49.714+0000] {subprocess.py:93} INFO - 	at scala.concurrent.impl.Promise$DefaultPromise.$anonfun$tryComplete$1(Promise.scala:288)
[2026-08-12T21:21:49.718+0000] {subprocess.py:93} INFO - 	at scala.concurrent.impl.Promise$DefaultPromise.$anonfun$tryComplete$1$adapted(Promise.scala:288)
[2026-08-12T21:21:49.735+0000] {subprocess.py:93} INFO - 	at scala.concurrent.impl.Promise$DefaultPromise.tryComplete(Promise.scala:288)
[2026-08-12T21:21:49.750+0000] {subprocess.py:93} INFO - 	at scala.concurrent.Promise.complete(Promise.scala:53)
[2026-08-12T21:21:49.755+0000] {subprocess.py:93} INFO - 	at scala.concurrent.Promise.complete$(Promise.scala:52)
[2026-08-12T21:21:49.771+0000] {subprocess.py:93} INFO - 	at scala.concurrent.impl.Promise$DefaultPromise.complete(Promise.scala:187)
[2026-08-12T21:21:49.775+0000] {subprocess.py:93} INFO - 	at scala.concurrent.impl.Promise.$anonfun$transform$1(Promise.scala:33)
[2026-08-12T21:21:49.781+0000] {subprocess.py:93} INFO - 	at scala.concurrent.impl.CallbackRunnable.run(Promise.scala:64)
[2026-08-12T21:21:49.811+0000] {subprocess.py:93} INFO - 	at org.apache.spark.util.ThreadUtils$$anon$1.execute(ThreadUtils.scala:99)
[2026-08-12T21:21:49.843+0000] {subprocess.py:93} INFO - 	at scala.concurrent.impl.ExecutionContextImpl$$anon$4.execute(ExecutionContextImpl.scala:138)
[2026-08-12T21:21:49.855+0000] {subprocess.py:93} INFO - 	at scala.concurrent.impl.CallbackRunnable.executeWithValue(Promise.scala:72)
[2026-08-12T21:21:49.870+0000] {subprocess.py:93} INFO - 	at scala.concurrent.impl.Promise$DefaultPromise.$anonfun$tryComplete$1(Promise.scala:288)
[2026-08-12T21:21:49.886+0000] {subprocess.py:93} INFO - 	at scala.concurrent.impl.Promise$DefaultPromise.$anonfun$tryComplete$1$adapted(Promise.scala:288)
[2026-08-12T21:21:49.889+0000] {subprocess.py:93} INFO - 	at scala.concurrent.impl.Promise$DefaultPromise.tryComplete(Promise.scala:288)
[2026-08-12T21:21:49.900+0000] {subprocess.py:93} INFO - 	at scala.concurrent.Promise.complete(Promise.scala:53)
[2026-08-12T21:21:49.904+0000] {subprocess.py:93} INFO - 	at scala.concurrent.Promise.complete$(Promise.scala:52)
[2026-08-12T21:21:49.907+0000] {subprocess.py:93} INFO - 	at scala.concurrent.impl.Promise$DefaultPromise.complete(Promise.scala:187)
[2026-08-12T21:21:49.920+0000] {subprocess.py:93} INFO - 	at scala.concurrent.impl.Promise.$anonfun$transform$1(Promise.scala:33)
[2026-08-12T21:21:49.935+0000] {subprocess.py:93} INFO - 	at scala.concurrent.impl.CallbackRunnable.run(Promise.scala:64)
[2026-08-12T21:21:49.972+0000] {subprocess.py:93} INFO - 	at scala.concurrent.BatchingExecutor$Batch.processBatch$1(BatchingExecutor.scala:67)
[2026-08-12T21:21:49.992+0000] {subprocess.py:93} INFO - 	at scala.concurrent.BatchingExecutor$Batch.$anonfun$run$1(BatchingExecutor.scala:82)
[2026-08-12T21:21:50.049+0000] {subprocess.py:93} INFO - 	at scala.runtime.java8.JFunction0$mcV$sp.apply(JFunction0$mcV$sp.java:23)
[2026-08-12T21:21:50.114+0000] {subprocess.py:93} INFO - 	at scala.concurrent.BlockContext$.withBlockContext(BlockContext.scala:85)
[2026-08-12T21:21:50.181+0000] {subprocess.py:93} INFO - 	at scala.concurrent.BatchingExecutor$Batch.run(BatchingExecutor.scala:59)
[2026-08-12T21:21:50.234+0000] {subprocess.py:93} INFO - 	at scala.concurrent.Future$InternalCallbackExecutor$.unbatchedExecute(Future.scala:875)
[2026-08-12T21:21:50.283+0000] {subprocess.py:93} INFO - 	at scala.concurrent.BatchingExecutor.execute(BatchingExecutor.scala:110)
[2026-08-12T21:21:50.315+0000] {subprocess.py:93} INFO - 	at scala.concurrent.BatchingExecutor.execute$(BatchingExecutor.scala:107)
[2026-08-12T21:21:50.365+0000] {subprocess.py:93} INFO - 	at scala.concurrent.Future$InternalCallbackExecutor$.execute(Future.scala:873)
[2026-08-12T21:21:50.416+0000] {subprocess.py:93} INFO - 	at scala.concurrent.impl.CallbackRunnable.executeWithValue(Promise.scala:72)
[2026-08-12T21:21:50.467+0000] {subprocess.py:93} INFO - 	at scala.concurrent.impl.Promise$DefaultPromise.$anonfun$tryComplete$1(Promise.scala:288)
[2026-08-12T21:21:50.496+0000] {subprocess.py:93} INFO - 	at scala.concurrent.impl.Promise$DefaultPromise.$anonfun$tryComplete$1$adapted(Promise.scala:288)
[2026-08-12T21:21:50.540+0000] {subprocess.py:93} INFO - 	at scala.concurrent.impl.Promise$DefaultPromise.tryComplete(Promise.scala:288)
[2026-08-12T21:21:50.565+0000] {subprocess.py:93} INFO - 	at scala.concurrent.Promise.trySuccess(Promise.scala:94)
[2026-08-12T21:21:50.594+0000] {subprocess.py:93} INFO - 	at scala.concurrent.Promise.trySuccess$(Promise.scala:94)
[2026-08-12T21:21:50.621+0000] {subprocess.py:93} INFO - 	at scala.concurrent.impl.Promise$DefaultPromise.trySuccess(Promise.scala:187)
[2026-08-12T21:21:50.660+0000] {subprocess.py:93} INFO - 	at org.apache.spark.rpc.netty.NettyRpcEnv.onSuccess$1(NettyRpcEnv.scala:225)
[2026-08-12T21:21:50.730+0000] {subprocess.py:93} INFO - 	at org.apache.spark.rpc.netty.NettyRpcEnv.$anonfun$askAbortable$5(NettyRpcEnv.scala:239)
[2026-08-12T21:21:50.757+0000] {subprocess.py:93} INFO - 	at org.apache.spark.rpc.netty.NettyRpcEnv.$anonfun$askAbortable$5$adapted(NettyRpcEnv.scala:238)
[2026-08-12T21:21:50.799+0000] {subprocess.py:93} INFO - 	at scala.concurrent.impl.CallbackRunnable.run(Promise.scala:64)
[2026-08-12T21:21:50.816+0000] {subprocess.py:93} INFO - 	at org.apache.spark.util.ThreadUtils$$anon$1.execute(ThreadUtils.scala:99)
[2026-08-12T21:21:50.825+0000] {subprocess.py:93} INFO - 	at scala.concurrent.impl.ExecutionContextImpl$$anon$4.execute(ExecutionContextImpl.scala:138)
[2026-08-12T21:21:50.844+0000] {subprocess.py:93} INFO - 	at scala.concurrent.impl.CallbackRunnable.executeWithValue(Promise.scala:72)
[2026-08-12T21:21:50.852+0000] {subprocess.py:93} INFO - 	at scala.concurrent.impl.Promise$DefaultPromise.$anonfun$tryComplete$1(Promise.scala:288)
[2026-08-12T21:21:50.888+0000] {subprocess.py:93} INFO - 	at scala.concurrent.impl.Promise$DefaultPromise.$anonfun$tryComplete$1$adapted(Promise.scala:288)
[2026-08-12T21:21:50.906+0000] {subprocess.py:93} INFO - 	at scala.concurrent.impl.Promise$DefaultPromise.tryComplete(Promise.scala:288)
[2026-08-12T21:21:50.928+0000] {subprocess.py:93} INFO - 	at scala.concurrent.Promise.complete(Promise.scala:53)
[2026-08-12T21:21:50.932+0000] {subprocess.py:93} INFO - 	at scala.concurrent.Promise.complete$(Promise.scala:52)
[2026-08-12T21:21:50.937+0000] {subprocess.py:93} INFO - 	at scala.concurrent.impl.Promise$DefaultPromise.complete(Promise.scala:187)
[2026-08-12T21:21:50.960+0000] {subprocess.py:93} INFO - 	at scala.concurrent.Promise.success(Promise.scala:86)
[2026-08-12T21:21:50.967+0000] {subprocess.py:93} INFO - 	at scala.concurrent.Promise.success$(Promise.scala:86)
[2026-08-12T21:21:50.987+0000] {subprocess.py:93} INFO - 	at scala.concurrent.impl.Promise$DefaultPromise.success(Promise.scala:187)
[2026-08-12T21:21:51.000+0000] {subprocess.py:93} INFO - 	at org.apache.spark.rpc.netty.LocalNettyRpcCallContext.send(NettyRpcCallContext.scala:50)
[2026-08-12T21:21:51.022+0000] {subprocess.py:93} INFO - 	at org.apache.spark.rpc.netty.NettyRpcCallContext.reply(NettyRpcCallContext.scala:32)
[2026-08-12T21:21:51.090+0000] {subprocess.py:93} INFO - 	at org.apache.spark.rpc.netty.RpcEndpointVerifier$$anonfun$receiveAndReply$1.applyOrElse(RpcEndpointVerifier.scala:31)
[2026-08-12T21:21:51.108+0000] {subprocess.py:93} INFO - 	... 8 more
[2026-08-12T21:21:51.125+0000] {subprocess.py:93} INFO - 26/08/12 21:21:29 ERROR Inbox: Ignoring error
[2026-08-12T21:21:51.145+0000] {subprocess.py:93} INFO - org.apache.spark.SparkException: Exception thrown in awaitResult:
[2026-08-12T21:21:51.167+0000] {subprocess.py:93} INFO - 	at org.apache.spark.util.SparkThreadUtils$.awaitResult(SparkThreadUtils.scala:56)
[2026-08-12T21:21:51.180+0000] {subprocess.py:93} INFO - 	at org.apache.spark.util.ThreadUtils$.awaitResult(ThreadUtils.scala:310)
[2026-08-12T21:21:51.197+0000] {subprocess.py:93} INFO - 	at org.apache.spark.rpc.RpcTimeout.awaitResult(RpcTimeout.scala:75)
[2026-08-12T21:21:51.208+0000] {subprocess.py:93} INFO - 	at org.apache.spark.rpc.RpcEnv.setupEndpointRefByURI(RpcEnv.scala:102)
[2026-08-12T21:21:51.231+0000] {subprocess.py:93} INFO - 	at org.apache.spark.rpc.RpcEnv.setupEndpointRef(RpcEnv.scala:110)
[2026-08-12T21:21:51.249+0000] {subprocess.py:93} INFO - 	at org.apache.spark.util.RpcUtils$.makeDriverRef(RpcUtils.scala:36)
[2026-08-12T21:21:51.305+0000] {subprocess.py:93} INFO - 	at org.apache.spark.storage.BlockManagerMasterEndpoint.driverEndpoint$lzycompute(BlockManagerMasterEndpoint.scala:124)
[2026-08-12T21:21:51.324+0000] {subprocess.py:93} INFO - 	at org.apache.spark.storage.BlockManagerMasterEndpoint.org$apache$spark$storage$BlockManagerMasterEndpoint$$driverEndpoint(BlockManagerMasterEndpoint.scala:123)
[2026-08-12T21:21:51.360+0000] {subprocess.py:93} INFO - 	at org.apache.spark.storage.BlockManagerMasterEndpoint.isExecutorAlive$lzycompute$1(BlockManagerMasterEndpoint.scala:688)
[2026-08-12T21:21:51.433+0000] {subprocess.py:93} INFO - 	at org.apache.spark.storage.BlockManagerMasterEndpoint.isExecutorAlive$1(BlockManagerMasterEndpoint.scala:687)
[2026-08-12T21:21:51.475+0000] {subprocess.py:93} INFO - 	at org.apache.spark.storage.BlockManagerMasterEndpoint.org$apache$spark$storage$BlockManagerMasterEndpoint$$register(BlockManagerMasterEndpoint.scala:725)
[2026-08-12T21:21:51.491+0000] {subprocess.py:93} INFO - 	at org.apache.spark.storage.BlockManagerMasterEndpoint$$anonfun$receiveAndReply$1.applyOrElse(BlockManagerMasterEndpoint.scala:133)
[2026-08-12T21:21:51.509+0000] {subprocess.py:93} INFO - 	at org.apache.spark.rpc.netty.Inbox.$anonfun$process$1(Inbox.scala:103)
[2026-08-12T21:21:51.512+0000] {subprocess.py:93} INFO - 	at org.apache.spark.rpc.netty.Inbox.safelyCall(Inbox.scala:213)
[2026-08-12T21:21:51.566+0000] {subprocess.py:93} INFO - 	at org.apache.spark.rpc.netty.Inbox.process(Inbox.scala:100)
[2026-08-12T21:21:51.588+0000] {subprocess.py:93} INFO - 	at org.apache.spark.rpc.netty.MessageLoop.org$apache$spark$rpc$netty$MessageLoop$$receiveLoop(MessageLoop.scala:75)
[2026-08-12T21:21:51.604+0000] {subprocess.py:93} INFO - 	at org.apache.spark.rpc.netty.MessageLoop$$anon$1.run(MessageLoop.scala:41)
[2026-08-12T21:21:51.632+0000] {subprocess.py:93} INFO - 	at java.base/java.util.concurrent.ThreadPoolExecutor.runWorker(ThreadPoolExecutor.java:1136)
[2026-08-12T21:21:51.695+0000] {subprocess.py:93} INFO - 	at java.base/java.util.concurrent.ThreadPoolExecutor$Worker.run(ThreadPoolExecutor.java:635)
[2026-08-12T21:21:51.722+0000] {subprocess.py:93} INFO - 	at java.base/java.lang.Thread.run(Thread.java:840)
[2026-08-12T21:21:51.739+0000] {subprocess.py:93} INFO - Caused by: org.apache.spark.rpc.RpcEndpointNotFoundException: Cannot find endpoint: spark://CoarseGrainedScheduler@4099a95615c9:36011
[2026-08-12T21:21:51.780+0000] {subprocess.py:93} INFO - 	at org.apache.spark.rpc.netty.NettyRpcEnv.$anonfun$asyncSetupEndpointRefByURI$1(NettyRpcEnv.scala:148)
[2026-08-12T21:21:51.797+0000] {subprocess.py:93} INFO - 	at org.apache.spark.rpc.netty.NettyRpcEnv.$anonfun$asyncSetupEndpointRefByURI$1$adapted(NettyRpcEnv.scala:144)
[2026-08-12T21:21:51.805+0000] {subprocess.py:93} INFO - 	at scala.concurrent.Future.$anonfun$flatMap$1(Future.scala:307)
[2026-08-12T21:21:51.822+0000] {subprocess.py:93} INFO - 	at scala.concurrent.impl.Promise.$anonfun$transformWith$1(Promise.scala:41)
[2026-08-12T21:21:51.841+0000] {subprocess.py:93} INFO - 	at scala.concurrent.impl.CallbackRunnable.run(Promise.scala:64)
[2026-08-12T21:21:51.862+0000] {subprocess.py:93} INFO - 	at org.apache.spark.util.ThreadUtils$$anon$1.execute(ThreadUtils.scala:99)
[2026-08-12T21:21:51.878+0000] {subprocess.py:93} INFO - 	at scala.concurrent.impl.ExecutionContextImpl$$anon$4.execute(ExecutionContextImpl.scala:138)
[2026-08-12T21:21:51.891+0000] {subprocess.py:93} INFO - 	at scala.concurrent.impl.CallbackRunnable.executeWithValue(Promise.scala:72)
[2026-08-12T21:21:51.919+0000] {subprocess.py:93} INFO - 	at scala.concurrent.impl.Promise$DefaultPromise.$anonfun$tryComplete$1(Promise.scala:288)
[2026-08-12T21:21:51.979+0000] {subprocess.py:93} INFO - 	at scala.concurrent.impl.Promise$DefaultPromise.$anonfun$tryComplete$1$adapted(Promise.scala:288)
[2026-08-12T21:21:51.988+0000] {subprocess.py:93} INFO - 	at scala.concurrent.impl.Promise$DefaultPromise.tryComplete(Promise.scala:288)
[2026-08-12T21:21:51.992+0000] {subprocess.py:93} INFO - 	at scala.concurrent.Promise.complete(Promise.scala:53)
[2026-08-12T21:21:51.998+0000] {subprocess.py:93} INFO - 	at scala.concurrent.Promise.complete$(Promise.scala:52)
[2026-08-12T21:21:52.009+0000] {subprocess.py:93} INFO - 	at scala.concurrent.impl.Promise$DefaultPromise.complete(Promise.scala:187)
[2026-08-12T21:21:52.072+0000] {subprocess.py:93} INFO - 	at scala.concurrent.impl.Promise.$anonfun$transform$1(Promise.scala:33)
[2026-08-12T21:21:52.104+0000] {subprocess.py:93} INFO - 	at scala.concurrent.impl.CallbackRunnable.run(Promise.scala:64)
[2026-08-12T21:21:52.126+0000] {subprocess.py:93} INFO - 	at org.apache.spark.util.ThreadUtils$$anon$1.execute(ThreadUtils.scala:99)
[2026-08-12T21:21:52.232+0000] {subprocess.py:93} INFO - 	at scala.concurrent.impl.ExecutionContextImpl$$anon$4.execute(ExecutionContextImpl.scala:138)
[2026-08-12T21:21:52.288+0000] {subprocess.py:93} INFO - 	at scala.concurrent.impl.CallbackRunnable.executeWithValue(Promise.scala:72)
[2026-08-12T21:21:52.305+0000] {subprocess.py:93} INFO - 	at scala.concurrent.impl.Promise$DefaultPromise.$anonfun$tryComplete$1(Promise.scala:288)
[2026-08-12T21:21:52.334+0000] {subprocess.py:93} INFO - 	at scala.concurrent.impl.Promise$DefaultPromise.$anonfun$tryComplete$1$adapted(Promise.scala:288)
[2026-08-12T21:21:52.483+0000] {subprocess.py:93} INFO - 	at scala.concurrent.impl.Promise$DefaultPromise.tryComplete(Promise.scala:288)
[2026-08-12T21:21:52.564+0000] {subprocess.py:93} INFO - 	at scala.concurrent.Promise.complete(Promise.scala:53)
[2026-08-12T21:21:52.784+0000] {subprocess.py:93} INFO - 	at scala.concurrent.Promise.complete$(Promise.scala:52)
[2026-08-12T21:21:52.812+0000] {subprocess.py:93} INFO - 	at scala.concurrent.impl.Promise$DefaultPromise.complete(Promise.scala:187)
[2026-08-12T21:21:52.831+0000] {subprocess.py:93} INFO - 	at scala.concurrent.impl.Promise.$anonfun$transform$1(Promise.scala:33)
[2026-08-12T21:21:52.866+0000] {subprocess.py:93} INFO - 	at scala.concurrent.impl.CallbackRunnable.run(Promise.scala:64)
[2026-08-12T21:21:52.892+0000] {subprocess.py:93} INFO - 	at scala.concurrent.BatchingExecutor$Batch.processBatch$1(BatchingExecutor.scala:67)
[2026-08-12T21:21:52.898+0000] {subprocess.py:93} INFO - 	at scala.concurrent.BatchingExecutor$Batch.$anonfun$run$1(BatchingExecutor.scala:82)
[2026-08-12T21:21:52.913+0000] {subprocess.py:93} INFO - 	at scala.runtime.java8.JFunction0$mcV$sp.apply(JFunction0$mcV$sp.java:23)
[2026-08-12T21:21:52.929+0000] {subprocess.py:93} INFO - 	at scala.concurrent.BlockContext$.withBlockContext(BlockContext.scala:85)
[2026-08-12T21:21:52.945+0000] {subprocess.py:93} INFO - 	at scala.concurrent.BatchingExecutor$Batch.run(BatchingExecutor.scala:59)
[2026-08-12T21:21:52.960+0000] {subprocess.py:93} INFO - 	at scala.concurrent.Future$InternalCallbackExecutor$.unbatchedExecute(Future.scala:875)
[2026-08-12T21:21:52.977+0000] {subprocess.py:93} INFO - 	at scala.concurrent.BatchingExecutor.execute(BatchingExecutor.scala:110)
[2026-08-12T21:21:53.075+0000] {subprocess.py:93} INFO - 	at scala.concurrent.BatchingExecutor.execute$(BatchingExecutor.scala:107)
[2026-08-12T21:21:53.087+0000] {subprocess.py:93} INFO - 	at scala.concurrent.Future$InternalCallbackExecutor$.execute(Future.scala:873)
[2026-08-12T21:21:53.184+0000] {subprocess.py:93} INFO - 	at scala.concurrent.impl.CallbackRunnable.executeWithValue(Promise.scala:72)
[2026-08-12T21:21:53.276+0000] {subprocess.py:93} INFO - 	at scala.concurrent.impl.Promise$DefaultPromise.$anonfun$tryComplete$1(Promise.scala:288)
[2026-08-12T21:21:53.389+0000] {subprocess.py:93} INFO - 	at scala.concurrent.impl.Promise$DefaultPromise.$anonfun$tryComplete$1$adapted(Promise.scala:288)
[2026-08-12T21:21:53.549+0000] {subprocess.py:93} INFO - 	at scala.concurrent.impl.Promise$DefaultPromise.tryComplete(Promise.scala:288)
[2026-08-12T21:21:53.640+0000] {subprocess.py:93} INFO - 	at scala.concurrent.Promise.trySuccess(Promise.scala:94)
[2026-08-12T21:21:53.704+0000] {subprocess.py:93} INFO - 	at scala.concurrent.Promise.trySuccess$(Promise.scala:94)
[2026-08-12T21:21:53.712+0000] {subprocess.py:93} INFO - 	at scala.concurrent.impl.Promise$DefaultPromise.trySuccess(Promise.scala:187)
[2026-08-12T21:21:53.737+0000] {subprocess.py:93} INFO - 	at org.apache.spark.rpc.netty.NettyRpcEnv.onSuccess$1(NettyRpcEnv.scala:225)
[2026-08-12T21:21:53.825+0000] {subprocess.py:93} INFO - 	at org.apache.spark.rpc.netty.NettyRpcEnv.$anonfun$askAbortable$5(NettyRpcEnv.scala:239)
[2026-08-12T21:21:53.860+0000] {subprocess.py:93} INFO - 	at org.apache.spark.rpc.netty.NettyRpcEnv.$anonfun$askAbortable$5$adapted(NettyRpcEnv.scala:238)
[2026-08-12T21:21:53.903+0000] {subprocess.py:93} INFO - 	at scala.concurrent.impl.CallbackRunnable.run(Promise.scala:64)
[2026-08-12T21:21:53.949+0000] {subprocess.py:93} INFO - 	at org.apache.spark.util.ThreadUtils$$anon$1.execute(ThreadUtils.scala:99)
[2026-08-12T21:21:53.972+0000] {subprocess.py:93} INFO - 	at scala.concurrent.impl.ExecutionContextImpl$$anon$4.execute(ExecutionContextImpl.scala:138)
[2026-08-12T21:21:54.000+0000] {subprocess.py:93} INFO - 	at scala.concurrent.impl.CallbackRunnable.executeWithValue(Promise.scala:72)
[2026-08-12T21:21:54.034+0000] {subprocess.py:93} INFO - 	at scala.concurrent.impl.Promise$DefaultPromise.$anonfun$tryComplete$1(Promise.scala:288)
[2026-08-12T21:21:54.088+0000] {subprocess.py:93} INFO - 	at scala.concurrent.impl.Promise$DefaultPromise.$anonfun$tryComplete$1$adapted(Promise.scala:288)
[2026-08-12T21:21:54.093+0000] {subprocess.py:93} INFO - 	at scala.concurrent.impl.Promise$DefaultPromise.tryComplete(Promise.scala:288)
[2026-08-12T21:21:54.116+0000] {subprocess.py:93} INFO - 	at scala.concurrent.Promise.complete(Promise.scala:53)
[2026-08-12T21:21:54.218+0000] {subprocess.py:93} INFO - 	at scala.concurrent.Promise.complete$(Promise.scala:52)
[2026-08-12T21:21:54.234+0000] {subprocess.py:93} INFO - 	at scala.concurrent.impl.Promise$DefaultPromise.complete(Promise.scala:187)
[2026-08-12T21:21:54.314+0000] {subprocess.py:93} INFO - 	at scala.concurrent.Promise.success(Promise.scala:86)
[2026-08-12T21:21:54.435+0000] {subprocess.py:93} INFO - 	at scala.concurrent.Promise.success$(Promise.scala:86)
[2026-08-12T21:21:54.484+0000] {subprocess.py:93} INFO - 	at scala.concurrent.impl.Promise$DefaultPromise.success(Promise.scala:187)
[2026-08-12T21:21:54.489+0000] {subprocess.py:93} INFO - 	at org.apache.spark.rpc.netty.LocalNettyRpcCallContext.send(NettyRpcCallContext.scala:50)
[2026-08-12T21:21:54.503+0000] {subprocess.py:93} INFO - 	at org.apache.spark.rpc.netty.NettyRpcCallContext.reply(NettyRpcCallContext.scala:32)
[2026-08-12T21:21:54.509+0000] {subprocess.py:93} INFO - 	at org.apache.spark.rpc.netty.RpcEndpointVerifier$$anonfun$receiveAndReply$1.applyOrElse(RpcEndpointVerifier.scala:31)
[2026-08-12T21:21:54.526+0000] {subprocess.py:93} INFO - 	... 8 more
[2026-08-12T21:21:54.544+0000] {subprocess.py:93} INFO - 26/08/12 21:21:36 ERROR Inbox: Ignoring error
[2026-08-12T21:21:54.575+0000] {subprocess.py:93} INFO - org.apache.spark.SparkException: Exception thrown in awaitResult:
[2026-08-12T21:21:54.755+0000] {subprocess.py:93} INFO - 	at org.apache.spark.util.SparkThreadUtils$.awaitResult(SparkThreadUtils.scala:56)
[2026-08-12T21:21:54.835+0000] {subprocess.py:93} INFO - 	at org.apache.spark.util.ThreadUtils$.awaitResult(ThreadUtils.scala:310)
[2026-08-12T21:21:54.852+0000] {subprocess.py:93} INFO - 	at org.apache.spark.rpc.RpcTimeout.awaitResult(RpcTimeout.scala:75)
[2026-08-12T21:21:54.875+0000] {subprocess.py:93} INFO - 	at org.apache.spark.rpc.RpcEnv.setupEndpointRefByURI(RpcEnv.scala:102)
[2026-08-12T21:21:54.905+0000] {subprocess.py:93} INFO - 	at org.apache.spark.rpc.RpcEnv.setupEndpointRef(RpcEnv.scala:110)
[2026-08-12T21:21:54.929+0000] {subprocess.py:93} INFO - 	at org.apache.spark.util.RpcUtils$.makeDriverRef(RpcUtils.scala:36)
[2026-08-12T21:21:55.017+0000] {subprocess.py:93} INFO - 	at org.apache.spark.storage.BlockManagerMasterEndpoint.driverEndpoint$lzycompute(BlockManagerMasterEndpoint.scala:124)
[2026-08-12T21:21:55.039+0000] {subprocess.py:93} INFO - 	at org.apache.spark.storage.BlockManagerMasterEndpoint.org$apache$spark$storage$BlockManagerMasterEndpoint$$driverEndpoint(BlockManagerMasterEndpoint.scala:123)
[2026-08-12T21:21:55.049+0000] {subprocess.py:93} INFO - 	at org.apache.spark.storage.BlockManagerMasterEndpoint.isExecutorAlive$lzycompute$1(BlockManagerMasterEndpoint.scala:688)
[2026-08-12T21:21:55.060+0000] {subprocess.py:93} INFO - 	at org.apache.spark.storage.BlockManagerMasterEndpoint.isExecutorAlive$1(BlockManagerMasterEndpoint.scala:687)
[2026-08-12T21:21:55.090+0000] {subprocess.py:93} INFO - 	at org.apache.spark.storage.BlockManagerMasterEndpoint.org$apache$spark$storage$BlockManagerMasterEndpoint$$register(BlockManagerMasterEndpoint.scala:725)
[2026-08-12T21:21:55.173+0000] {subprocess.py:93} INFO - 	at org.apache.spark.storage.BlockManagerMasterEndpoint$$anonfun$receiveAndReply$1.applyOrElse(BlockManagerMasterEndpoint.scala:133)
[2026-08-12T21:21:55.215+0000] {subprocess.py:93} INFO - 	at org.apache.spark.rpc.netty.Inbox.$anonfun$process$1(Inbox.scala:103)
[2026-08-12T21:21:55.255+0000] {subprocess.py:93} INFO - 	at org.apache.spark.rpc.netty.Inbox.safelyCall(Inbox.scala:213)
[2026-08-12T21:21:55.261+0000] {subprocess.py:93} INFO - 	at org.apache.spark.rpc.netty.Inbox.process(Inbox.scala:100)
[2026-08-12T21:21:55.326+0000] {subprocess.py:93} INFO - 	at org.apache.spark.rpc.netty.MessageLoop.org$apache$spark$rpc$netty$MessageLoop$$receiveLoop(MessageLoop.scala:75)
[2026-08-12T21:21:55.420+0000] {subprocess.py:93} INFO - 	at org.apache.spark.rpc.netty.MessageLoop$$anon$1.run(MessageLoop.scala:41)
[2026-08-12T21:21:55.438+0000] {subprocess.py:93} INFO - 	at java.base/java.util.concurrent.ThreadPoolExecutor.runWorker(ThreadPoolExecutor.java:1136)
[2026-08-12T21:21:55.442+0000] {subprocess.py:93} INFO - 	at java.base/java.util.concurrent.ThreadPoolExecutor$Worker.run(ThreadPoolExecutor.java:635)
[2026-08-12T21:21:55.507+0000] {subprocess.py:93} INFO - 	at java.base/java.lang.Thread.run(Thread.java:840)
[2026-08-12T21:21:55.536+0000] {subprocess.py:93} INFO - Caused by: org.apache.spark.rpc.RpcEndpointNotFoundException: Cannot find endpoint: spark://CoarseGrainedScheduler@4099a95615c9:36011
[2026-08-12T21:21:55.553+0000] {subprocess.py:93} INFO - 	at org.apache.spark.rpc.netty.NettyRpcEnv.$anonfun$asyncSetupEndpointRefByURI$1(NettyRpcEnv.scala:148)
[2026-08-12T21:21:55.557+0000] {subprocess.py:93} INFO - 	at org.apache.spark.rpc.netty.NettyRpcEnv.$anonfun$asyncSetupEndpointRefByURI$1$adapted(NettyRpcEnv.scala:144)
[2026-08-12T21:21:55.597+0000] {subprocess.py:93} INFO - 	at scala.concurrent.Future.$anonfun$flatMap$1(Future.scala:307)
[2026-08-12T21:21:55.615+0000] {subprocess.py:93} INFO - 	at scala.concurrent.impl.Promise.$anonfun$transformWith$1(Promise.scala:41)
[2026-08-12T21:21:55.635+0000] {subprocess.py:93} INFO - 	at scala.concurrent.impl.CallbackRunnable.run(Promise.scala:64)
[2026-08-12T21:21:55.640+0000] {subprocess.py:93} INFO - 	at org.apache.spark.util.ThreadUtils$$anon$1.execute(ThreadUtils.scala:99)
[2026-08-12T21:21:55.648+0000] {subprocess.py:93} INFO - 	at scala.concurrent.impl.ExecutionContextImpl$$anon$4.execute(ExecutionContextImpl.scala:138)
[2026-08-12T21:21:55.666+0000] {subprocess.py:93} INFO - 	at scala.concurrent.impl.CallbackRunnable.executeWithValue(Promise.scala:72)
[2026-08-12T21:21:55.697+0000] {subprocess.py:93} INFO - 	at scala.concurrent.impl.Promise$DefaultPromise.$anonfun$tryComplete$1(Promise.scala:288)
[2026-08-12T21:21:55.821+0000] {subprocess.py:93} INFO - 	at scala.concurrent.impl.Promise$DefaultPromise.$anonfun$tryComplete$1$adapted(Promise.scala:288)
[2026-08-12T21:21:56.036+0000] {subprocess.py:93} INFO - 	at scala.concurrent.impl.Promise$DefaultPromise.tryComplete(Promise.scala:288)
[2026-08-12T21:21:56.039+0000] {subprocess.py:93} INFO - 	at scala.concurrent.Promise.complete(Promise.scala:53)
[2026-08-12T21:21:56.380+0000] {subprocess.py:93} INFO - 	at scala.concurrent.Promise.complete$(Promise.scala:52)
[2026-08-12T21:21:56.498+0000] {subprocess.py:93} INFO - 	at scala.concurrent.impl.Promise$DefaultPromise.complete(Promise.scala:187)
[2026-08-12T21:21:56.532+0000] {subprocess.py:93} INFO - 	at scala.concurrent.impl.Promise.$anonfun$transform$1(Promise.scala:33)
[2026-08-12T21:21:56.906+0000] {subprocess.py:93} INFO - 	at scala.concurrent.impl.CallbackRunnable.run(Promise.scala:64)
[2026-08-12T21:21:56.922+0000] {subprocess.py:93} INFO - 	at org.apache.spark.util.ThreadUtils$$anon$1.execute(ThreadUtils.scala:99)
[2026-08-12T21:21:56.938+0000] {subprocess.py:93} INFO - 	at scala.concurrent.impl.ExecutionContextImpl$$anon$4.execute(ExecutionContextImpl.scala:138)
[2026-08-12T21:21:56.958+0000] {subprocess.py:93} INFO - 	at scala.concurrent.impl.CallbackRunnable.executeWithValue(Promise.scala:72)
[2026-08-12T21:21:57.020+0000] {subprocess.py:93} INFO - 	at scala.concurrent.impl.Promise$DefaultPromise.$anonfun$tryComplete$1(Promise.scala:288)
[2026-08-12T21:21:57.053+0000] {subprocess.py:93} INFO - 	at scala.concurrent.impl.Promise$DefaultPromise.$anonfun$tryComplete$1$adapted(Promise.scala:288)
[2026-08-12T21:21:57.069+0000] {subprocess.py:93} INFO - 	at scala.concurrent.impl.Promise$DefaultPromise.tryComplete(Promise.scala:288)
[2026-08-12T21:21:57.092+0000] {subprocess.py:93} INFO - 	at scala.concurrent.Promise.complete(Promise.scala:53)
[2026-08-12T21:21:57.217+0000] {subprocess.py:93} INFO - 	at scala.concurrent.Promise.complete$(Promise.scala:52)
[2026-08-12T21:21:57.324+0000] {subprocess.py:93} INFO - 	at scala.concurrent.impl.Promise$DefaultPromise.complete(Promise.scala:187)
[2026-08-12T21:21:57.344+0000] {subprocess.py:93} INFO - 	at scala.concurrent.impl.Promise.$anonfun$transform$1(Promise.scala:33)
[2026-08-12T21:21:57.394+0000] {subprocess.py:93} INFO - 	at scala.concurrent.impl.CallbackRunnable.run(Promise.scala:64)
[2026-08-12T21:21:57.412+0000] {subprocess.py:93} INFO - 	at scala.concurrent.BatchingExecutor$Batch.processBatch$1(BatchingExecutor.scala:67)
[2026-08-12T21:21:57.449+0000] {subprocess.py:93} INFO - 	at scala.concurrent.BatchingExecutor$Batch.$anonfun$run$1(BatchingExecutor.scala:82)
[2026-08-12T21:21:57.470+0000] {subprocess.py:93} INFO - 	at scala.runtime.java8.JFunction0$mcV$sp.apply(JFunction0$mcV$sp.java:23)
[2026-08-12T21:21:57.536+0000] {subprocess.py:93} INFO - 	at scala.concurrent.BlockContext$.withBlockContext(BlockContext.scala:85)
[2026-08-12T21:21:57.557+0000] {subprocess.py:93} INFO - 	at scala.concurrent.BatchingExecutor$Batch.run(BatchingExecutor.scala:59)
[2026-08-12T21:21:57.621+0000] {subprocess.py:93} INFO - 	at scala.concurrent.Future$InternalCallbackExecutor$.unbatchedExecute(Future.scala:875)
[2026-08-12T21:21:57.633+0000] {subprocess.py:93} INFO - 	at scala.concurrent.BatchingExecutor.execute(BatchingExecutor.scala:110)
[2026-08-12T21:21:57.716+0000] {subprocess.py:93} INFO - 	at scala.concurrent.BatchingExecutor.execute$(BatchingExecutor.scala:107)
[2026-08-12T21:21:57.725+0000] {subprocess.py:93} INFO - 	at scala.concurrent.Future$InternalCallbackExecutor$.execute(Future.scala:873)
[2026-08-12T21:21:57.736+0000] {subprocess.py:93} INFO - 	at scala.concurrent.impl.CallbackRunnable.executeWithValue(Promise.scala:72)
[2026-08-12T21:21:57.748+0000] {subprocess.py:93} INFO - 	at scala.concurrent.impl.Promise$DefaultPromise.$anonfun$tryComplete$1(Promise.scala:288)
[2026-08-12T21:21:57.768+0000] {subprocess.py:93} INFO - 	at scala.concurrent.impl.Promise$DefaultPromise.$anonfun$tryComplete$1$adapted(Promise.scala:288)
[2026-08-12T21:21:57.783+0000] {subprocess.py:93} INFO - 	at scala.concurrent.impl.Promise$DefaultPromise.tryComplete(Promise.scala:288)
[2026-08-12T21:21:57.830+0000] {subprocess.py:93} INFO - 	at scala.concurrent.Promise.trySuccess(Promise.scala:94)
[2026-08-12T21:21:57.884+0000] {subprocess.py:93} INFO - 	at scala.concurrent.Promise.trySuccess$(Promise.scala:94)
[2026-08-12T21:21:57.984+0000] {subprocess.py:93} INFO - 	at scala.concurrent.impl.Promise$DefaultPromise.trySuccess(Promise.scala:187)
[2026-08-12T21:21:58.022+0000] {subprocess.py:93} INFO - 	at org.apache.spark.rpc.netty.NettyRpcEnv.onSuccess$1(NettyRpcEnv.scala:225)
[2026-08-12T21:21:58.146+0000] {subprocess.py:93} INFO - 	at org.apache.spark.rpc.netty.NettyRpcEnv.$anonfun$askAbortable$5(NettyRpcEnv.scala:239)
[2026-08-12T21:21:58.160+0000] {subprocess.py:93} INFO - 	at org.apache.spark.rpc.netty.NettyRpcEnv.$anonfun$askAbortable$5$adapted(NettyRpcEnv.scala:238)
[2026-08-12T21:21:58.178+0000] {subprocess.py:93} INFO - 	at scala.concurrent.impl.CallbackRunnable.run(Promise.scala:64)
[2026-08-12T21:21:58.207+0000] {subprocess.py:93} INFO - 	at org.apache.spark.util.ThreadUtils$$anon$1.execute(ThreadUtils.scala:99)
[2026-08-12T21:21:58.500+0000] {subprocess.py:93} INFO - 	at scala.concurrent.impl.ExecutionContextImpl$$anon$4.execute(ExecutionContextImpl.scala:138)
[2026-08-12T21:21:58.518+0000] {subprocess.py:93} INFO - 	at scala.concurrent.impl.CallbackRunnable.executeWithValue(Promise.scala:72)
[2026-08-12T21:21:58.523+0000] {subprocess.py:93} INFO - 	at scala.concurrent.impl.Promise$DefaultPromise.$anonfun$tryComplete$1(Promise.scala:288)
[2026-08-12T21:21:58.528+0000] {subprocess.py:93} INFO - 	at scala.concurrent.impl.Promise$DefaultPromise.$anonfun$tryComplete$1$adapted(Promise.scala:288)
[2026-08-12T21:21:58.535+0000] {subprocess.py:93} INFO - 	at scala.concurrent.impl.Promise$DefaultPromise.tryComplete(Promise.scala:288)
[2026-08-12T21:21:58.556+0000] {subprocess.py:93} INFO - 	at scala.concurrent.Promise.complete(Promise.scala:53)
[2026-08-12T21:21:58.565+0000] {subprocess.py:93} INFO - 	at scala.concurrent.Promise.complete$(Promise.scala:52)
[2026-08-12T21:21:58.575+0000] {subprocess.py:93} INFO - 	at scala.concurrent.impl.Promise$DefaultPromise.complete(Promise.scala:187)
[2026-08-12T21:21:58.599+0000] {subprocess.py:93} INFO - 	at scala.concurrent.Promise.success(Promise.scala:86)
[2026-08-12T21:21:58.624+0000] {subprocess.py:93} INFO - 	at scala.concurrent.Promise.success$(Promise.scala:86)
[2026-08-12T21:21:58.672+0000] {subprocess.py:93} INFO - 	at scala.concurrent.impl.Promise$DefaultPromise.success(Promise.scala:187)
[2026-08-12T21:21:58.675+0000] {subprocess.py:93} INFO - 	at org.apache.spark.rpc.netty.LocalNettyRpcCallContext.send(NettyRpcCallContext.scala:50)
[2026-08-12T21:21:58.682+0000] {subprocess.py:93} INFO - 	at org.apache.spark.rpc.netty.NettyRpcCallContext.reply(NettyRpcCallContext.scala:32)
[2026-08-12T21:21:58.693+0000] {subprocess.py:93} INFO - 	at org.apache.spark.rpc.netty.RpcEndpointVerifier$$anonfun$receiveAndReply$1.applyOrElse(RpcEndpointVerifier.scala:31)
[2026-08-12T21:21:58.699+0000] {subprocess.py:93} INFO - 	... 8 more
[2026-08-12T21:21:59.061+0000] {subprocess.py:93} INFO - 26/08/12 21:21:36 WARN Executor: Issue communicating with driver in heartbeater
[2026-08-12T21:21:59.134+0000] {subprocess.py:93} INFO - org.apache.spark.SparkException: Exception thrown in awaitResult:
[2026-08-12T21:21:59.213+0000] {subprocess.py:93} INFO - 	at org.apache.spark.util.SparkThreadUtils$.awaitResult(SparkThreadUtils.scala:56)
[2026-08-12T21:21:59.265+0000] {subprocess.py:93} INFO - 	at org.apache.spark.util.ThreadUtils$.awaitResult(ThreadUtils.scala:310)
[2026-08-12T21:21:59.407+0000] {subprocess.py:93} INFO - 	at org.apache.spark.rpc.RpcTimeout.awaitResult(RpcTimeout.scala:75)
[2026-08-12T21:21:59.540+0000] {subprocess.py:93} INFO - 	at org.apache.spark.rpc.RpcEndpointRef.askSync(RpcEndpointRef.scala:101)
[2026-08-12T21:21:59.628+0000] {subprocess.py:93} INFO - 	at org.apache.spark.rpc.RpcEndpointRef.askSync(RpcEndpointRef.scala:85)
[2026-08-12T21:21:59.773+0000] {subprocess.py:93} INFO - 	at org.apache.spark.storage.BlockManagerMaster.registerBlockManager(BlockManagerMaster.scala:80)
[2026-08-12T21:21:59.860+0000] {subprocess.py:93} INFO - 	at org.apache.spark.storage.BlockManager.reregister(BlockManager.scala:642)
[2026-08-12T21:21:59.930+0000] {subprocess.py:93} INFO - 	at org.apache.spark.executor.Executor.reportHeartBeat(Executor.scala:1223)
[2026-08-12T21:21:59.946+0000] {subprocess.py:93} INFO - 	at org.apache.spark.executor.Executor.$anonfun$heartbeater$1(Executor.scala:295)
[2026-08-12T21:21:59.983+0000] {subprocess.py:93} INFO - 	at scala.runtime.java8.JFunction0$mcV$sp.apply(JFunction0$mcV$sp.java:23)
[2026-08-12T21:21:59.988+0000] {subprocess.py:93} INFO - 	at org.apache.spark.util.Utils$.logUncaughtExceptions(Utils.scala:1928)
[2026-08-12T21:22:00.044+0000] {subprocess.py:93} INFO - 	at org.apache.spark.Heartbeater$$anon$1.run(Heartbeater.scala:46)
[2026-08-12T21:22:00.328+0000] {subprocess.py:93} INFO - 	at java.base/java.util.concurrent.Executors$RunnableAdapter.call(Executors.java:539)
[2026-08-12T21:22:00.451+0000] {subprocess.py:93} INFO - 	at java.base/java.util.concurrent.FutureTask.runAndReset(FutureTask.java:305)
[2026-08-12T21:22:00.460+0000] {subprocess.py:93} INFO - 	at java.base/java.util.concurrent.ScheduledThreadPoolExecutor$ScheduledFutureTask.run(ScheduledThreadPoolExecutor.java:305)
[2026-08-12T21:22:00.530+0000] {subprocess.py:93} INFO - 	at java.base/java.util.concurrent.ThreadPoolExecutor.runWorker(ThreadPoolExecutor.java:1136)
[2026-08-12T21:22:00.548+0000] {subprocess.py:93} INFO - 	at java.base/java.util.concurrent.ThreadPoolExecutor$Worker.run(ThreadPoolExecutor.java:635)
[2026-08-12T21:22:00.562+0000] {subprocess.py:93} INFO - 	at java.base/java.lang.Thread.run(Thread.java:840)
[2026-08-12T21:22:00.585+0000] {subprocess.py:93} INFO - Caused by: org.apache.spark.SparkException: Exception thrown in awaitResult:
[2026-08-12T21:22:00.594+0000] {subprocess.py:93} INFO - 	at org.apache.spark.util.SparkThreadUtils$.awaitResult(SparkThreadUtils.scala:56)
[2026-08-12T21:22:00.604+0000] {subprocess.py:93} INFO - 	at org.apache.spark.util.ThreadUtils$.awaitResult(ThreadUtils.scala:310)
[2026-08-12T21:22:00.621+0000] {subprocess.py:93} INFO - 	at org.apache.spark.rpc.RpcTimeout.awaitResult(RpcTimeout.scala:75)
[2026-08-12T21:22:00.637+0000] {subprocess.py:93} INFO - 	at org.apache.spark.rpc.RpcEnv.setupEndpointRefByURI(RpcEnv.scala:102)
[2026-08-12T21:22:00.652+0000] {subprocess.py:93} INFO - 	at org.apache.spark.rpc.RpcEnv.setupEndpointRef(RpcEnv.scala:110)
[2026-08-12T21:22:00.680+0000] {subprocess.py:93} INFO - 	at org.apache.spark.util.RpcUtils$.makeDriverRef(RpcUtils.scala:36)
[2026-08-12T21:22:00.863+0000] {subprocess.py:93} INFO - 	at org.apache.spark.storage.BlockManagerMasterEndpoint.driverEndpoint$lzycompute(BlockManagerMasterEndpoint.scala:124)
[2026-08-12T21:22:00.955+0000] {subprocess.py:93} INFO - 	at org.apache.spark.storage.BlockManagerMasterEndpoint.org$apache$spark$storage$BlockManagerMasterEndpoint$$driverEndpoint(BlockManagerMasterEndpoint.scala:123)
[2026-08-12T21:22:01.059+0000] {subprocess.py:93} INFO - 	at org.apache.spark.storage.BlockManagerMasterEndpoint.isExecutorAlive$lzycompute$1(BlockManagerMasterEndpoint.scala:688)
[2026-08-12T21:22:01.081+0000] {subprocess.py:93} INFO - 	at org.apache.spark.storage.BlockManagerMasterEndpoint.isExecutorAlive$1(BlockManagerMasterEndpoint.scala:687)
[2026-08-12T21:22:01.103+0000] {subprocess.py:93} INFO - 	at org.apache.spark.storage.BlockManagerMasterEndpoint.org$apache$spark$storage$BlockManagerMasterEndpoint$$register(BlockManagerMasterEndpoint.scala:725)
[2026-08-12T21:22:01.146+0000] {subprocess.py:93} INFO - 	at org.apache.spark.storage.BlockManagerMasterEndpoint$$anonfun$receiveAndReply$1.applyOrElse(BlockManagerMasterEndpoint.scala:133)
[2026-08-12T21:22:01.185+0000] {subprocess.py:93} INFO - 	at org.apache.spark.rpc.netty.Inbox.$anonfun$process$1(Inbox.scala:103)
[2026-08-12T21:22:01.205+0000] {subprocess.py:93} INFO - 	at org.apache.spark.rpc.netty.Inbox.safelyCall(Inbox.scala:213)
[2026-08-12T21:22:01.236+0000] {subprocess.py:93} INFO - 	at org.apache.spark.rpc.netty.Inbox.process(Inbox.scala:100)
[2026-08-12T21:22:01.253+0000] {subprocess.py:93} INFO - 	at org.apache.spark.rpc.netty.MessageLoop.org$apache$spark$rpc$netty$MessageLoop$$receiveLoop(MessageLoop.scala:75)
[2026-08-12T21:22:01.272+0000] {subprocess.py:93} INFO - 	at org.apache.spark.rpc.netty.MessageLoop$$anon$1.run(MessageLoop.scala:41)
[2026-08-12T21:22:01.286+0000] {subprocess.py:93} INFO - 	... 3 more
[2026-08-12T21:22:01.302+0000] {subprocess.py:93} INFO - Caused by: org.apache.spark.rpc.RpcEndpointNotFoundException: Cannot find endpoint: spark://CoarseGrainedScheduler@4099a95615c9:36011
[2026-08-12T21:22:01.339+0000] {subprocess.py:93} INFO - 	at org.apache.spark.rpc.netty.NettyRpcEnv.$anonfun$asyncSetupEndpointRefByURI$1(NettyRpcEnv.scala:148)
[2026-08-12T21:22:01.399+0000] {subprocess.py:93} INFO - 	at org.apache.spark.rpc.netty.NettyRpcEnv.$anonfun$asyncSetupEndpointRefByURI$1$adapted(NettyRpcEnv.scala:144)
[2026-08-12T21:22:01.414+0000] {subprocess.py:93} INFO - 	at scala.concurrent.Future.$anonfun$flatMap$1(Future.scala:307)
[2026-08-12T21:22:01.444+0000] {subprocess.py:93} INFO - 	at scala.concurrent.impl.Promise.$anonfun$transformWith$1(Promise.scala:41)
[2026-08-12T21:22:01.488+0000] {subprocess.py:93} INFO - 	at scala.concurrent.impl.CallbackRunnable.run(Promise.scala:64)
[2026-08-12T21:22:01.505+0000] {subprocess.py:93} INFO - 	at org.apache.spark.util.ThreadUtils$$anon$1.execute(ThreadUtils.scala:99)
[2026-08-12T21:22:01.611+0000] {subprocess.py:93} INFO - 	at scala.concurrent.impl.ExecutionContextImpl$$anon$4.execute(ExecutionContextImpl.scala:138)
[2026-08-12T21:22:01.667+0000] {subprocess.py:93} INFO - 	at scala.concurrent.impl.CallbackRunnable.executeWithValue(Promise.scala:72)
[2026-08-12T21:22:01.682+0000] {subprocess.py:93} INFO - 	at scala.concurrent.impl.Promise$DefaultPromise.$anonfun$tryComplete$1(Promise.scala:288)
[2026-08-12T21:22:01.747+0000] {subprocess.py:93} INFO - 	at scala.concurrent.impl.Promise$DefaultPromise.$anonfun$tryComplete$1$adapted(Promise.scala:288)
[2026-08-12T21:22:01.756+0000] {subprocess.py:93} INFO - 	at scala.concurrent.impl.Promise$DefaultPromise.tryComplete(Promise.scala:288)
[2026-08-12T21:22:01.763+0000] {subprocess.py:93} INFO - 	at scala.concurrent.Promise.complete(Promise.scala:53)
[2026-08-12T21:22:01.822+0000] {subprocess.py:93} INFO - 	at scala.concurrent.Promise.complete$(Promise.scala:52)
[2026-08-12T21:22:01.837+0000] {subprocess.py:93} INFO - 	at scala.concurrent.impl.Promise$DefaultPromise.complete(Promise.scala:187)
[2026-08-12T21:22:01.852+0000] {subprocess.py:93} INFO - 	at scala.concurrent.impl.Promise.$anonfun$transform$1(Promise.scala:33)
[2026-08-12T21:22:01.933+0000] {subprocess.py:93} INFO - 	at scala.concurrent.impl.CallbackRunnable.run(Promise.scala:64)
[2026-08-12T21:22:01.941+0000] {subprocess.py:93} INFO - 	at org.apache.spark.util.ThreadUtils$$anon$1.execute(ThreadUtils.scala:99)
[2026-08-12T21:22:01.963+0000] {subprocess.py:93} INFO - 	at scala.concurrent.impl.ExecutionContextImpl$$anon$4.execute(ExecutionContextImpl.scala:138)
[2026-08-12T21:22:02.020+0000] {subprocess.py:93} INFO - 	at scala.concurrent.impl.CallbackRunnable.executeWithValue(Promise.scala:72)
[2026-08-12T21:22:02.034+0000] {subprocess.py:93} INFO - 	at scala.concurrent.impl.Promise$DefaultPromise.$anonfun$tryComplete$1(Promise.scala:288)
[2026-08-12T21:22:02.038+0000] {subprocess.py:93} INFO - 	at scala.concurrent.impl.Promise$DefaultPromise.$anonfun$tryComplete$1$adapted(Promise.scala:288)
[2026-08-12T21:22:02.052+0000] {subprocess.py:93} INFO - 	at scala.concurrent.impl.Promise$DefaultPromise.tryComplete(Promise.scala:288)
[2026-08-12T21:22:02.075+0000] {subprocess.py:93} INFO - 	at scala.concurrent.Promise.complete(Promise.scala:53)
[2026-08-12T21:22:02.381+0000] {subprocess.py:93} INFO - 	at scala.concurrent.Promise.complete$(Promise.scala:52)
[2026-08-12T21:22:02.388+0000] {subprocess.py:93} INFO - 	at scala.concurrent.impl.Promise$DefaultPromise.complete(Promise.scala:187)
[2026-08-12T21:22:02.409+0000] {subprocess.py:93} INFO - 	at scala.concurrent.impl.Promise.$anonfun$transform$1(Promise.scala:33)
[2026-08-12T21:22:02.422+0000] {subprocess.py:93} INFO - 	at scala.concurrent.impl.CallbackRunnable.run(Promise.scala:64)
[2026-08-12T21:22:02.478+0000] {subprocess.py:93} INFO - 	at scala.concurrent.BatchingExecutor$Batch.processBatch$1(BatchingExecutor.scala:67)
[2026-08-12T21:22:02.569+0000] {subprocess.py:93} INFO - 	at scala.concurrent.BatchingExecutor$Batch.$anonfun$run$1(BatchingExecutor.scala:82)
[2026-08-12T21:22:02.660+0000] {subprocess.py:93} INFO - 	at scala.runtime.java8.JFunction0$mcV$sp.apply(JFunction0$mcV$sp.java:23)
[2026-08-12T21:22:02.765+0000] {subprocess.py:93} INFO - 	at scala.concurrent.BlockContext$.withBlockContext(BlockContext.scala:85)
[2026-08-12T21:22:02.770+0000] {subprocess.py:93} INFO - 	at scala.concurrent.BatchingExecutor$Batch.run(BatchingExecutor.scala:59)
[2026-08-12T21:22:02.778+0000] {subprocess.py:93} INFO - 	at scala.concurrent.Future$InternalCallbackExecutor$.unbatchedExecute(Future.scala:875)
[2026-08-12T21:22:02.841+0000] {subprocess.py:93} INFO - 	at scala.concurrent.BatchingExecutor.execute(BatchingExecutor.scala:110)
[2026-08-12T21:22:02.915+0000] {subprocess.py:93} INFO - 	at scala.concurrent.BatchingExecutor.execute$(BatchingExecutor.scala:107)
[2026-08-12T21:22:03.124+0000] {subprocess.py:93} INFO - 	at scala.concurrent.Future$InternalCallbackExecutor$.execute(Future.scala:873)
[2026-08-12T21:22:03.142+0000] {subprocess.py:93} INFO - 	at scala.concurrent.impl.CallbackRunnable.executeWithValue(Promise.scala:72)
[2026-08-12T21:22:03.163+0000] {subprocess.py:93} INFO - 	at scala.concurrent.impl.Promise$DefaultPromise.$anonfun$tryComplete$1(Promise.scala:288)
[2026-08-12T21:22:03.208+0000] {subprocess.py:93} INFO - 	at scala.concurrent.impl.Promise$DefaultPromise.$anonfun$tryComplete$1$adapted(Promise.scala:288)
[2026-08-12T21:22:03.241+0000] {subprocess.py:93} INFO - 	at scala.concurrent.impl.Promise$DefaultPromise.tryComplete(Promise.scala:288)
[2026-08-12T21:22:03.257+0000] {subprocess.py:93} INFO - 	at scala.concurrent.Promise.trySuccess(Promise.scala:94)
[2026-08-12T21:22:03.292+0000] {subprocess.py:93} INFO - 	at scala.concurrent.Promise.trySuccess$(Promise.scala:94)
[2026-08-12T21:22:03.296+0000] {subprocess.py:93} INFO - 	at scala.concurrent.impl.Promise$DefaultPromise.trySuccess(Promise.scala:187)
[2026-08-12T21:22:03.311+0000] {subprocess.py:93} INFO - 	at org.apache.spark.rpc.netty.NettyRpcEnv.onSuccess$1(NettyRpcEnv.scala:225)
[2026-08-12T21:22:03.314+0000] {subprocess.py:93} INFO - 	at org.apache.spark.rpc.netty.NettyRpcEnv.$anonfun$askAbortable$5(NettyRpcEnv.scala:239)
[2026-08-12T21:22:03.330+0000] {subprocess.py:93} INFO - 	at org.apache.spark.rpc.netty.NettyRpcEnv.$anonfun$askAbortable$5$adapted(NettyRpcEnv.scala:238)
[2026-08-12T21:22:03.338+0000] {subprocess.py:93} INFO - 	at scala.concurrent.impl.CallbackRunnable.run(Promise.scala:64)
[2026-08-12T21:22:03.347+0000] {subprocess.py:93} INFO - 	at org.apache.spark.util.ThreadUtils$$anon$1.execute(ThreadUtils.scala:99)
[2026-08-12T21:22:03.388+0000] {subprocess.py:93} INFO - 	at scala.concurrent.impl.ExecutionContextImpl$$anon$4.execute(ExecutionContextImpl.scala:138)
[2026-08-12T21:22:03.396+0000] {subprocess.py:93} INFO - 	at scala.concurrent.impl.CallbackRunnable.executeWithValue(Promise.scala:72)
[2026-08-12T21:22:03.412+0000] {subprocess.py:93} INFO - 	at scala.concurrent.impl.Promise$DefaultPromise.$anonfun$tryComplete$1(Promise.scala:288)
[2026-08-12T21:22:03.428+0000] {subprocess.py:93} INFO - 	at scala.concurrent.impl.Promise$DefaultPromise.$anonfun$tryComplete$1$adapted(Promise.scala:288)
[2026-08-12T21:22:03.436+0000] {subprocess.py:93} INFO - 	at scala.concurrent.impl.Promise$DefaultPromise.tryComplete(Promise.scala:288)
[2026-08-12T21:22:03.449+0000] {subprocess.py:93} INFO - 	at scala.concurrent.Promise.complete(Promise.scala:53)
[2026-08-12T21:22:03.458+0000] {subprocess.py:93} INFO - 	at scala.concurrent.Promise.complete$(Promise.scala:52)
[2026-08-12T21:22:03.464+0000] {subprocess.py:93} INFO - 	at scala.concurrent.impl.Promise$DefaultPromise.complete(Promise.scala:187)
[2026-08-12T21:22:03.474+0000] {subprocess.py:93} INFO - 	at scala.concurrent.Promise.success(Promise.scala:86)
[2026-08-12T21:22:03.576+0000] {subprocess.py:93} INFO - 	at scala.concurrent.Promise.success$(Promise.scala:86)
[2026-08-12T21:22:03.677+0000] {subprocess.py:93} INFO - 	at scala.concurrent.impl.Promise$DefaultPromise.success(Promise.scala:187)
[2026-08-12T21:22:03.733+0000] {subprocess.py:93} INFO - 	at org.apache.spark.rpc.netty.LocalNettyRpcCallContext.send(NettyRpcCallContext.scala:50)
[2026-08-12T21:22:03.749+0000] {subprocess.py:93} INFO - 	at org.apache.spark.rpc.netty.NettyRpcCallContext.reply(NettyRpcCallContext.scala:32)
[2026-08-12T21:22:03.764+0000] {subprocess.py:93} INFO - 	at org.apache.spark.rpc.netty.RpcEndpointVerifier$$anonfun$receiveAndReply$1.applyOrElse(RpcEndpointVerifier.scala:31)
[2026-08-12T21:22:03.809+0000] {subprocess.py:93} INFO - 	... 8 more
[2026-08-12T21:22:03.816+0000] {subprocess.py:93} INFO - 26/08/12 21:21:48 WARN Executor: Issue communicating with driver in heartbeater
[2026-08-12T21:22:03.870+0000] {subprocess.py:93} INFO - org.apache.spark.SparkException: Exception thrown in awaitResult:
[2026-08-12T21:22:03.905+0000] {subprocess.py:93} INFO - 	at org.apache.spark.util.SparkThreadUtils$.awaitResult(SparkThreadUtils.scala:56)
[2026-08-12T21:22:03.909+0000] {subprocess.py:93} INFO - 	at org.apache.spark.util.ThreadUtils$.awaitResult(ThreadUtils.scala:310)
[2026-08-12T21:22:03.915+0000] {subprocess.py:93} INFO - 	at org.apache.spark.rpc.RpcTimeout.awaitResult(RpcTimeout.scala:75)
[2026-08-12T21:22:03.925+0000] {subprocess.py:93} INFO - 	at org.apache.spark.rpc.RpcEndpointRef.askSync(RpcEndpointRef.scala:101)
[2026-08-12T21:22:03.939+0000] {subprocess.py:93} INFO - 	at org.apache.spark.rpc.RpcEndpointRef.askSync(RpcEndpointRef.scala:85)
[2026-08-12T21:22:03.946+0000] {subprocess.py:93} INFO - 	at org.apache.spark.storage.BlockManagerMaster.registerBlockManager(BlockManagerMaster.scala:80)
[2026-08-12T21:22:03.955+0000] {subprocess.py:93} INFO - 	at org.apache.spark.storage.BlockManager.reregister(BlockManager.scala:642)
[2026-08-12T21:22:03.958+0000] {subprocess.py:93} INFO - 	at org.apache.spark.executor.Executor.reportHeartBeat(Executor.scala:1223)
[2026-08-12T21:22:03.977+0000] {subprocess.py:93} INFO - 	at org.apache.spark.executor.Executor.$anonfun$heartbeater$1(Executor.scala:295)
[2026-08-12T21:22:04.000+0000] {subprocess.py:93} INFO - 	at scala.runtime.java8.JFunction0$mcV$sp.apply(JFunction0$mcV$sp.java:23)
[2026-08-12T21:22:04.022+0000] {subprocess.py:93} INFO - 	at org.apache.spark.util.Utils$.logUncaughtExceptions(Utils.scala:1928)
[2026-08-12T21:22:04.052+0000] {subprocess.py:93} INFO - 	at org.apache.spark.Heartbeater$$anon$1.run(Heartbeater.scala:46)
[2026-08-12T21:22:04.064+0000] {subprocess.py:93} INFO - 	at java.base/java.util.concurrent.Executors$RunnableAdapter.call(Executors.java:539)
[2026-08-12T21:22:04.074+0000] {subprocess.py:93} INFO - 	at java.base/java.util.concurrent.FutureTask.runAndReset(FutureTask.java:305)
[2026-08-12T21:22:04.085+0000] {subprocess.py:93} INFO - 	at java.base/java.util.concurrent.ScheduledThreadPoolExecutor$ScheduledFutureTask.run(ScheduledThreadPoolExecutor.java:305)
[2026-08-12T21:22:04.106+0000] {subprocess.py:93} INFO - 	at java.base/java.util.concurrent.ThreadPoolExecutor.runWorker(ThreadPoolExecutor.java:1136)
[2026-08-12T21:22:04.348+0000] {subprocess.py:93} INFO - 	at java.base/java.util.concurrent.ThreadPoolExecutor$Worker.run(ThreadPoolExecutor.java:635)
[2026-08-12T21:22:04.385+0000] {subprocess.py:93} INFO - 	at java.base/java.lang.Thread.run(Thread.java:840)
[2026-08-12T21:22:04.413+0000] {subprocess.py:93} INFO - Caused by: org.apache.spark.SparkException: Exception thrown in awaitResult:
[2026-08-12T21:22:04.429+0000] {subprocess.py:93} INFO - 	at org.apache.spark.util.SparkThreadUtils$.awaitResult(SparkThreadUtils.scala:56)
[2026-08-12T21:22:04.504+0000] {subprocess.py:93} INFO - 	at org.apache.spark.util.ThreadUtils$.awaitResult(ThreadUtils.scala:310)
[2026-08-12T21:22:04.628+0000] {subprocess.py:93} INFO - 	at org.apache.spark.rpc.RpcTimeout.awaitResult(RpcTimeout.scala:75)
[2026-08-12T21:22:04.669+0000] {subprocess.py:93} INFO - 	at org.apache.spark.rpc.RpcEnv.setupEndpointRefByURI(RpcEnv.scala:102)
[2026-08-12T21:22:04.690+0000] {subprocess.py:93} INFO - 	at org.apache.spark.rpc.RpcEnv.setupEndpointRef(RpcEnv.scala:110)
[2026-08-12T21:22:04.733+0000] {subprocess.py:93} INFO - 	at org.apache.spark.util.RpcUtils$.makeDriverRef(RpcUtils.scala:36)
[2026-08-12T21:22:04.740+0000] {subprocess.py:93} INFO - 	at org.apache.spark.storage.BlockManagerMasterEndpoint.driverEndpoint$lzycompute(BlockManagerMasterEndpoint.scala:124)
[2026-08-12T21:22:04.751+0000] {subprocess.py:93} INFO - 	at org.apache.spark.storage.BlockManagerMasterEndpoint.org$apache$spark$storage$BlockManagerMasterEndpoint$$driverEndpoint(BlockManagerMasterEndpoint.scala:123)
[2026-08-12T21:22:04.757+0000] {subprocess.py:93} INFO - 	at org.apache.spark.storage.BlockManagerMasterEndpoint.isExecutorAlive$lzycompute$1(BlockManagerMasterEndpoint.scala:688)
[2026-08-12T21:22:04.791+0000] {subprocess.py:93} INFO - 	at org.apache.spark.storage.BlockManagerMasterEndpoint.isExecutorAlive$1(BlockManagerMasterEndpoint.scala:687)
[2026-08-12T21:22:04.795+0000] {subprocess.py:93} INFO - 	at org.apache.spark.storage.BlockManagerMasterEndpoint.org$apache$spark$storage$BlockManagerMasterEndpoint$$register(BlockManagerMasterEndpoint.scala:725)
[2026-08-12T21:22:04.800+0000] {subprocess.py:93} INFO - 	at org.apache.spark.storage.BlockManagerMasterEndpoint$$anonfun$receiveAndReply$1.applyOrElse(BlockManagerMasterEndpoint.scala:133)
[2026-08-12T21:22:04.812+0000] {subprocess.py:93} INFO - 	at org.apache.spark.rpc.netty.Inbox.$anonfun$process$1(Inbox.scala:103)
[2026-08-12T21:22:04.817+0000] {subprocess.py:93} INFO - 	at org.apache.spark.rpc.netty.Inbox.safelyCall(Inbox.scala:213)
[2026-08-12T21:22:04.819+0000] {subprocess.py:93} INFO - 	at org.apache.spark.rpc.netty.Inbox.process(Inbox.scala:100)
[2026-08-12T21:22:04.822+0000] {subprocess.py:93} INFO - 	at org.apache.spark.rpc.netty.MessageLoop.org$apache$spark$rpc$netty$MessageLoop$$receiveLoop(MessageLoop.scala:75)
[2026-08-12T21:22:04.825+0000] {subprocess.py:93} INFO - 	at org.apache.spark.rpc.netty.MessageLoop$$anon$1.run(MessageLoop.scala:41)
[2026-08-12T21:22:04.832+0000] {subprocess.py:93} INFO - 	... 3 more
[2026-08-12T21:22:04.847+0000] {subprocess.py:93} INFO - Caused by: org.apache.spark.rpc.RpcEndpointNotFoundException: Cannot find endpoint: spark://CoarseGrainedScheduler@4099a95615c9:36011
[2026-08-12T21:22:04.851+0000] {subprocess.py:93} INFO - 	at org.apache.spark.rpc.netty.NettyRpcEnv.$anonfun$asyncSetupEndpointRefByURI$1(NettyRpcEnv.scala:148)
[2026-08-12T21:22:04.857+0000] {subprocess.py:93} INFO - 	at org.apache.spark.rpc.netty.NettyRpcEnv.$anonfun$asyncSetupEndpointRefByURI$1$adapted(NettyRpcEnv.scala:144)
[2026-08-12T21:22:04.863+0000] {subprocess.py:93} INFO - 	at scala.concurrent.Future.$anonfun$flatMap$1(Future.scala:307)
[2026-08-12T21:22:04.873+0000] {subprocess.py:93} INFO - 	at scala.concurrent.impl.Promise.$anonfun$transformWith$1(Promise.scala:41)
[2026-08-12T21:22:04.879+0000] {subprocess.py:93} INFO - 	at scala.concurrent.impl.CallbackRunnable.run(Promise.scala:64)
[2026-08-12T21:22:04.895+0000] {subprocess.py:93} INFO - 	at org.apache.spark.util.ThreadUtils$$anon$1.execute(ThreadUtils.scala:99)
[2026-08-12T21:22:04.902+0000] {subprocess.py:93} INFO - 	at scala.concurrent.impl.ExecutionContextImpl$$anon$4.execute(ExecutionContextImpl.scala:138)
[2026-08-12T21:22:04.904+0000] {subprocess.py:93} INFO - 	at scala.concurrent.impl.CallbackRunnable.executeWithValue(Promise.scala:72)
[2026-08-12T21:22:04.912+0000] {subprocess.py:93} INFO - 	at scala.concurrent.impl.Promise$DefaultPromise.$anonfun$tryComplete$1(Promise.scala:288)
[2026-08-12T21:22:04.916+0000] {subprocess.py:93} INFO - 	at scala.concurrent.impl.Promise$DefaultPromise.$anonfun$tryComplete$1$adapted(Promise.scala:288)
[2026-08-12T21:22:04.918+0000] {subprocess.py:93} INFO - 	at scala.concurrent.impl.Promise$DefaultPromise.tryComplete(Promise.scala:288)
[2026-08-12T21:22:04.933+0000] {subprocess.py:93} INFO - 	at scala.concurrent.Promise.complete(Promise.scala:53)
[2026-08-12T21:22:04.939+0000] {subprocess.py:93} INFO - 	at scala.concurrent.Promise.complete$(Promise.scala:52)
[2026-08-12T21:22:04.955+0000] {subprocess.py:93} INFO - 	at scala.concurrent.impl.Promise$DefaultPromise.complete(Promise.scala:187)
[2026-08-12T21:22:04.984+0000] {subprocess.py:93} INFO - 	at scala.concurrent.impl.Promise.$anonfun$transform$1(Promise.scala:33)
[2026-08-12T21:22:04.992+0000] {subprocess.py:93} INFO - 	at scala.concurrent.impl.CallbackRunnable.run(Promise.scala:64)
[2026-08-12T21:22:05.160+0000] {subprocess.py:93} INFO - 	at org.apache.spark.util.ThreadUtils$$anon$1.execute(ThreadUtils.scala:99)
[2026-08-12T21:22:05.269+0000] {subprocess.py:93} INFO - 	at scala.concurrent.impl.ExecutionContextImpl$$anon$4.execute(ExecutionContextImpl.scala:138)
[2026-08-12T21:22:05.283+0000] {subprocess.py:93} INFO - 	at scala.concurrent.impl.CallbackRunnable.executeWithValue(Promise.scala:72)
[2026-08-12T21:22:05.341+0000] {subprocess.py:93} INFO - 	at scala.concurrent.impl.Promise$DefaultPromise.$anonfun$tryComplete$1(Promise.scala:288)
[2026-08-12T21:22:05.389+0000] {subprocess.py:93} INFO - 	at scala.concurrent.impl.Promise$DefaultPromise.$anonfun$tryComplete$1$adapted(Promise.scala:288)
[2026-08-12T21:22:05.436+0000] {subprocess.py:93} INFO - 	at scala.concurrent.impl.Promise$DefaultPromise.tryComplete(Promise.scala:288)
[2026-08-12T21:22:05.459+0000] {subprocess.py:93} INFO - 	at scala.concurrent.Promise.complete(Promise.scala:53)
[2026-08-12T21:22:05.485+0000] {subprocess.py:93} INFO - 	at scala.concurrent.Promise.complete$(Promise.scala:52)
[2026-08-12T21:22:05.508+0000] {subprocess.py:93} INFO - 	at scala.concurrent.impl.Promise$DefaultPromise.complete(Promise.scala:187)
[2026-08-12T21:22:05.529+0000] {subprocess.py:93} INFO - 	at scala.concurrent.impl.Promise.$anonfun$transform$1(Promise.scala:33)
[2026-08-12T21:22:05.548+0000] {subprocess.py:93} INFO - 	at scala.concurrent.impl.CallbackRunnable.run(Promise.scala:64)
[2026-08-12T21:22:05.579+0000] {subprocess.py:93} INFO - 	at scala.concurrent.BatchingExecutor$Batch.processBatch$1(BatchingExecutor.scala:67)
[2026-08-12T21:22:05.584+0000] {subprocess.py:93} INFO - 	at scala.concurrent.BatchingExecutor$Batch.$anonfun$run$1(BatchingExecutor.scala:82)
[2026-08-12T21:22:05.587+0000] {subprocess.py:93} INFO - 	at scala.runtime.java8.JFunction0$mcV$sp.apply(JFunction0$mcV$sp.java:23)
[2026-08-12T21:22:05.597+0000] {subprocess.py:93} INFO - 	at scala.concurrent.BlockContext$.withBlockContext(BlockContext.scala:85)
[2026-08-12T21:22:05.608+0000] {subprocess.py:93} INFO - 	at scala.concurrent.BatchingExecutor$Batch.run(BatchingExecutor.scala:59)
[2026-08-12T21:22:05.640+0000] {subprocess.py:93} INFO - 	at scala.concurrent.Future$InternalCallbackExecutor$.unbatchedExecute(Future.scala:875)
[2026-08-12T21:22:05.678+0000] {subprocess.py:93} INFO - 	at scala.concurrent.BatchingExecutor.execute(BatchingExecutor.scala:110)
[2026-08-12T21:22:05.691+0000] {subprocess.py:93} INFO - 	at scala.concurrent.BatchingExecutor.execute$(BatchingExecutor.scala:107)
[2026-08-12T21:22:05.706+0000] {subprocess.py:93} INFO - 	at scala.concurrent.Future$InternalCallbackExecutor$.execute(Future.scala:873)
[2026-08-12T21:22:05.713+0000] {subprocess.py:93} INFO - 	at scala.concurrent.impl.CallbackRunnable.executeWithValue(Promise.scala:72)
[2026-08-12T21:22:05.748+0000] {subprocess.py:93} INFO - 	at scala.concurrent.impl.Promise$DefaultPromise.$anonfun$tryComplete$1(Promise.scala:288)
[2026-08-12T21:22:05.772+0000] {subprocess.py:93} INFO - 	at scala.concurrent.impl.Promise$DefaultPromise.$anonfun$tryComplete$1$adapted(Promise.scala:288)
[2026-08-12T21:22:05.819+0000] {subprocess.py:93} INFO - 	at scala.concurrent.impl.Promise$DefaultPromise.tryComplete(Promise.scala:288)
[2026-08-12T21:22:05.865+0000] {subprocess.py:93} INFO - 	at scala.concurrent.Promise.trySuccess(Promise.scala:94)
[2026-08-12T21:22:05.935+0000] {subprocess.py:93} INFO - 	at scala.concurrent.Promise.trySuccess$(Promise.scala:94)
[2026-08-12T21:22:05.944+0000] {subprocess.py:93} INFO - 	at scala.concurrent.impl.Promise$DefaultPromise.trySuccess(Promise.scala:187)
[2026-08-12T21:22:05.955+0000] {subprocess.py:93} INFO - 	at org.apache.spark.rpc.netty.NettyRpcEnv.onSuccess$1(NettyRpcEnv.scala:225)
[2026-08-12T21:22:05.958+0000] {subprocess.py:93} INFO - 	at org.apache.spark.rpc.netty.NettyRpcEnv.$anonfun$askAbortable$5(NettyRpcEnv.scala:239)
[2026-08-12T21:22:06.000+0000] {subprocess.py:93} INFO - 	at org.apache.spark.rpc.netty.NettyRpcEnv.$anonfun$askAbortable$5$adapted(NettyRpcEnv.scala:238)
[2026-08-12T21:22:06.016+0000] {subprocess.py:93} INFO - 	at scala.concurrent.impl.CallbackRunnable.run(Promise.scala:64)
[2026-08-12T21:22:06.032+0000] {subprocess.py:93} INFO - 	at org.apache.spark.util.ThreadUtils$$anon$1.execute(ThreadUtils.scala:99)
[2026-08-12T21:22:06.036+0000] {subprocess.py:93} INFO - 	at scala.concurrent.impl.ExecutionContextImpl$$anon$4.execute(ExecutionContextImpl.scala:138)
[2026-08-12T21:22:06.057+0000] {subprocess.py:93} INFO - 	at scala.concurrent.impl.CallbackRunnable.executeWithValue(Promise.scala:72)
[2026-08-12T21:22:06.068+0000] {subprocess.py:93} INFO - 	at scala.concurrent.impl.Promise$DefaultPromise.$anonfun$tryComplete$1(Promise.scala:288)
[2026-08-12T21:22:06.146+0000] {subprocess.py:93} INFO - 	at scala.concurrent.impl.Promise$DefaultPromise.$anonfun$tryComplete$1$adapted(Promise.scala:288)
[2026-08-12T21:22:06.153+0000] {subprocess.py:93} INFO - 	at scala.concurrent.impl.Promise$DefaultPromise.tryComplete(Promise.scala:288)
[2026-08-12T21:22:06.175+0000] {subprocess.py:93} INFO - 	at scala.concurrent.Promise.complete(Promise.scala:53)
[2026-08-12T21:22:06.251+0000] {subprocess.py:93} INFO - 	at scala.concurrent.Promise.complete$(Promise.scala:52)
[2026-08-12T21:22:06.255+0000] {subprocess.py:93} INFO - 	at scala.concurrent.impl.Promise$DefaultPromise.complete(Promise.scala:187)
[2026-08-12T21:22:06.260+0000] {subprocess.py:93} INFO - 	at scala.concurrent.Promise.success(Promise.scala:86)
[2026-08-12T21:22:06.268+0000] {subprocess.py:93} INFO - 	at scala.concurrent.Promise.success$(Promise.scala:86)
[2026-08-12T21:22:06.270+0000] {subprocess.py:93} INFO - 	at scala.concurrent.impl.Promise$DefaultPromise.success(Promise.scala:187)
[2026-08-12T21:22:06.273+0000] {subprocess.py:93} INFO - 	at org.apache.spark.rpc.netty.LocalNettyRpcCallContext.send(NettyRpcCallContext.scala:50)
[2026-08-12T21:22:06.282+0000] {subprocess.py:93} INFO - 	at org.apache.spark.rpc.netty.NettyRpcCallContext.reply(NettyRpcCallContext.scala:32)
[2026-08-12T21:22:06.285+0000] {subprocess.py:93} INFO - 	at org.apache.spark.rpc.netty.RpcEndpointVerifier$$anonfun$receiveAndReply$1.applyOrElse(RpcEndpointVerifier.scala:31)
[2026-08-12T21:22:06.296+0000] {subprocess.py:93} INFO - 	... 8 more
[2026-08-12T21:22:06.299+0000] {subprocess.py:93} INFO - 26/08/12 21:21:48 ERROR Inbox: Ignoring error
[2026-08-12T21:22:06.305+0000] {subprocess.py:93} INFO - org.apache.spark.SparkException: Exception thrown in awaitResult:
[2026-08-12T21:22:06.320+0000] {subprocess.py:93} INFO - 	at org.apache.spark.util.SparkThreadUtils$.awaitResult(SparkThreadUtils.scala:56)
[2026-08-12T21:22:06.325+0000] {subprocess.py:93} INFO - 	at org.apache.spark.util.ThreadUtils$.awaitResult(ThreadUtils.scala:310)
[2026-08-12T21:22:06.332+0000] {subprocess.py:93} INFO - 	at org.apache.spark.rpc.RpcTimeout.awaitResult(RpcTimeout.scala:75)
[2026-08-12T21:22:06.340+0000] {subprocess.py:93} INFO - 	at org.apache.spark.rpc.RpcEnv.setupEndpointRefByURI(RpcEnv.scala:102)
[2026-08-12T21:22:06.344+0000] {subprocess.py:93} INFO - 	at org.apache.spark.rpc.RpcEnv.setupEndpointRef(RpcEnv.scala:110)
[2026-08-12T21:22:06.347+0000] {subprocess.py:93} INFO - 	at org.apache.spark.util.RpcUtils$.makeDriverRef(RpcUtils.scala:36)
[2026-08-12T21:22:06.353+0000] {subprocess.py:93} INFO - 	at org.apache.spark.storage.BlockManagerMasterEndpoint.driverEndpoint$lzycompute(BlockManagerMasterEndpoint.scala:124)
[2026-08-12T21:22:06.366+0000] {subprocess.py:93} INFO - 	at org.apache.spark.storage.BlockManagerMasterEndpoint.org$apache$spark$storage$BlockManagerMasterEndpoint$$driverEndpoint(BlockManagerMasterEndpoint.scala:123)
[2026-08-12T21:22:06.376+0000] {subprocess.py:93} INFO - 	at org.apache.spark.storage.BlockManagerMasterEndpoint.isExecutorAlive$lzycompute$1(BlockManagerMasterEndpoint.scala:688)
[2026-08-12T21:22:06.381+0000] {subprocess.py:93} INFO - 	at org.apache.spark.storage.BlockManagerMasterEndpoint.isExecutorAlive$1(BlockManagerMasterEndpoint.scala:687)
[2026-08-12T21:22:06.388+0000] {subprocess.py:93} INFO - 	at org.apache.spark.storage.BlockManagerMasterEndpoint.org$apache$spark$storage$BlockManagerMasterEndpoint$$register(BlockManagerMasterEndpoint.scala:725)
[2026-08-12T21:22:06.401+0000] {subprocess.py:93} INFO - 	at org.apache.spark.storage.BlockManagerMasterEndpoint$$anonfun$receiveAndReply$1.applyOrElse(BlockManagerMasterEndpoint.scala:133)
[2026-08-12T21:22:06.408+0000] {subprocess.py:93} INFO - 	at org.apache.spark.rpc.netty.Inbox.$anonfun$process$1(Inbox.scala:103)
[2026-08-12T21:22:06.411+0000] {subprocess.py:93} INFO - 	at org.apache.spark.rpc.netty.Inbox.safelyCall(Inbox.scala:213)
[2026-08-12T21:22:06.428+0000] {subprocess.py:93} INFO - 	at org.apache.spark.rpc.netty.Inbox.process(Inbox.scala:100)
[2026-08-12T21:22:06.431+0000] {subprocess.py:93} INFO - 	at org.apache.spark.rpc.netty.MessageLoop.org$apache$spark$rpc$netty$MessageLoop$$receiveLoop(MessageLoop.scala:75)
[2026-08-12T21:22:06.441+0000] {subprocess.py:93} INFO - 	at org.apache.spark.rpc.netty.MessageLoop$$anon$1.run(MessageLoop.scala:41)
[2026-08-12T21:22:06.444+0000] {subprocess.py:93} INFO - 	at java.base/java.util.concurrent.ThreadPoolExecutor.runWorker(ThreadPoolExecutor.java:1136)
[2026-08-12T21:22:06.448+0000] {subprocess.py:93} INFO - 	at java.base/java.util.concurrent.ThreadPoolExecutor$Worker.run(ThreadPoolExecutor.java:635)
[2026-08-12T21:22:06.464+0000] {subprocess.py:93} INFO - 	at java.base/java.lang.Thread.run(Thread.java:840)
[2026-08-12T21:22:06.466+0000] {subprocess.py:93} INFO - Caused by: org.apache.spark.rpc.RpcEndpointNotFoundException: Cannot find endpoint: spark://CoarseGrainedScheduler@4099a95615c9:36011
[2026-08-12T21:22:06.478+0000] {subprocess.py:93} INFO - 	at org.apache.spark.rpc.netty.NettyRpcEnv.$anonfun$asyncSetupEndpointRefByURI$1(NettyRpcEnv.scala:148)
[2026-08-12T21:22:06.498+0000] {subprocess.py:93} INFO - 	at org.apache.spark.rpc.netty.NettyRpcEnv.$anonfun$asyncSetupEndpointRefByURI$1$adapted(NettyRpcEnv.scala:144)
[2026-08-12T21:22:06.501+0000] {subprocess.py:93} INFO - 	at scala.concurrent.Future.$anonfun$flatMap$1(Future.scala:307)
[2026-08-12T21:22:06.504+0000] {subprocess.py:93} INFO - 	at scala.concurrent.impl.Promise.$anonfun$transformWith$1(Promise.scala:41)
[2026-08-12T21:22:06.507+0000] {subprocess.py:93} INFO - 	at scala.concurrent.impl.CallbackRunnable.run(Promise.scala:64)
[2026-08-12T21:22:06.510+0000] {subprocess.py:93} INFO - 	at org.apache.spark.util.ThreadUtils$$anon$1.execute(ThreadUtils.scala:99)
[2026-08-12T21:22:06.512+0000] {subprocess.py:93} INFO - 	at scala.concurrent.impl.ExecutionContextImpl$$anon$4.execute(ExecutionContextImpl.scala:138)
[2026-08-12T21:22:06.516+0000] {subprocess.py:93} INFO - 	at scala.concurrent.impl.CallbackRunnable.executeWithValue(Promise.scala:72)
[2026-08-12T21:22:06.520+0000] {subprocess.py:93} INFO - 	at scala.concurrent.impl.Promise$DefaultPromise.$anonfun$tryComplete$1(Promise.scala:288)
[2026-08-12T21:22:06.525+0000] {subprocess.py:93} INFO - 	at scala.concurrent.impl.Promise$DefaultPromise.$anonfun$tryComplete$1$adapted(Promise.scala:288)
[2026-08-12T21:22:06.530+0000] {subprocess.py:93} INFO - 	at scala.concurrent.impl.Promise$DefaultPromise.tryComplete(Promise.scala:288)
[2026-08-12T21:22:06.552+0000] {subprocess.py:93} INFO - 	at scala.concurrent.Promise.complete(Promise.scala:53)
[2026-08-12T21:22:06.564+0000] {subprocess.py:93} INFO - 	at scala.concurrent.Promise.complete$(Promise.scala:52)
[2026-08-12T21:22:06.600+0000] {subprocess.py:93} INFO - 	at scala.concurrent.impl.Promise$DefaultPromise.complete(Promise.scala:187)
[2026-08-12T21:22:06.608+0000] {subprocess.py:93} INFO - 	at scala.concurrent.impl.Promise.$anonfun$transform$1(Promise.scala:33)
[2026-08-12T21:22:06.613+0000] {subprocess.py:93} INFO - 	at scala.concurrent.impl.CallbackRunnable.run(Promise.scala:64)
[2026-08-12T21:22:06.624+0000] {subprocess.py:93} INFO - 	at org.apache.spark.util.ThreadUtils$$anon$1.execute(ThreadUtils.scala:99)
[2026-08-12T21:22:06.630+0000] {subprocess.py:93} INFO - 	at scala.concurrent.impl.ExecutionContextImpl$$anon$4.execute(ExecutionContextImpl.scala:138)
[2026-08-12T21:22:06.656+0000] {subprocess.py:93} INFO - 	at scala.concurrent.impl.CallbackRunnable.executeWithValue(Promise.scala:72)
[2026-08-12T21:22:06.682+0000] {subprocess.py:93} INFO - 	at scala.concurrent.impl.Promise$DefaultPromise.$anonfun$tryComplete$1(Promise.scala:288)
[2026-08-12T21:22:06.713+0000] {subprocess.py:93} INFO - 	at scala.concurrent.impl.Promise$DefaultPromise.$anonfun$tryComplete$1$adapted(Promise.scala:288)
[2026-08-12T21:22:06.748+0000] {subprocess.py:93} INFO - 	at scala.concurrent.impl.Promise$DefaultPromise.tryComplete(Promise.scala:288)
[2026-08-12T21:22:06.757+0000] {subprocess.py:93} INFO - 	at scala.concurrent.Promise.complete(Promise.scala:53)
[2026-08-12T21:22:06.790+0000] {subprocess.py:93} INFO - 	at scala.concurrent.Promise.complete$(Promise.scala:52)
[2026-08-12T21:22:06.806+0000] {subprocess.py:93} INFO - 	at scala.concurrent.impl.Promise$DefaultPromise.complete(Promise.scala:187)
[2026-08-12T21:22:06.827+0000] {subprocess.py:93} INFO - 	at scala.concurrent.impl.Promise.$anonfun$transform$1(Promise.scala:33)
[2026-08-12T21:22:06.848+0000] {subprocess.py:93} INFO - 	at scala.concurrent.impl.CallbackRunnable.run(Promise.scala:64)
[2026-08-12T21:22:06.851+0000] {subprocess.py:93} INFO - 	at scala.concurrent.BatchingExecutor$Batch.processBatch$1(BatchingExecutor.scala:67)
[2026-08-12T21:22:06.952+0000] {subprocess.py:93} INFO - 	at scala.concurrent.BatchingExecutor$Batch.$anonfun$run$1(BatchingExecutor.scala:82)
[2026-08-12T21:22:06.980+0000] {subprocess.py:93} INFO - 	at scala.runtime.java8.JFunction0$mcV$sp.apply(JFunction0$mcV$sp.java:23)
[2026-08-12T21:22:07.018+0000] {subprocess.py:93} INFO - 	at scala.concurrent.BlockContext$.withBlockContext(BlockContext.scala:85)
[2026-08-12T21:22:07.033+0000] {subprocess.py:93} INFO - 	at scala.concurrent.BatchingExecutor$Batch.run(BatchingExecutor.scala:59)
[2026-08-12T21:22:07.045+0000] {subprocess.py:93} INFO - 	at scala.concurrent.Future$InternalCallbackExecutor$.unbatchedExecute(Future.scala:875)
[2026-08-12T21:22:07.068+0000] {subprocess.py:93} INFO - 	at scala.concurrent.BatchingExecutor.execute(BatchingExecutor.scala:110)
[2026-08-12T21:22:07.081+0000] {subprocess.py:93} INFO - 	at scala.concurrent.BatchingExecutor.execute$(BatchingExecutor.scala:107)
[2026-08-12T21:22:07.113+0000] {subprocess.py:93} INFO - 	at scala.concurrent.Future$InternalCallbackExecutor$.execute(Future.scala:873)
[2026-08-12T21:22:07.124+0000] {subprocess.py:93} INFO - 	at scala.concurrent.impl.CallbackRunnable.executeWithValue(Promise.scala:72)
[2026-08-12T21:22:07.131+0000] {subprocess.py:93} INFO - 	at scala.concurrent.impl.Promise$DefaultPromise.$anonfun$tryComplete$1(Promise.scala:288)
[2026-08-12T21:22:07.146+0000] {subprocess.py:93} INFO - 	at scala.concurrent.impl.Promise$DefaultPromise.$anonfun$tryComplete$1$adapted(Promise.scala:288)
[2026-08-12T21:22:07.168+0000] {subprocess.py:93} INFO - 	at scala.concurrent.impl.Promise$DefaultPromise.tryComplete(Promise.scala:288)
[2026-08-12T21:22:07.171+0000] {subprocess.py:93} INFO - 	at scala.concurrent.Promise.trySuccess(Promise.scala:94)
[2026-08-12T21:22:07.180+0000] {subprocess.py:93} INFO - 	at scala.concurrent.Promise.trySuccess$(Promise.scala:94)
[2026-08-12T21:22:07.241+0000] {subprocess.py:93} INFO - 	at scala.concurrent.impl.Promise$DefaultPromise.trySuccess(Promise.scala:187)
[2026-08-12T21:22:07.260+0000] {subprocess.py:93} INFO - 	at org.apache.spark.rpc.netty.NettyRpcEnv.onSuccess$1(NettyRpcEnv.scala:225)
[2026-08-12T21:22:07.270+0000] {subprocess.py:93} INFO - 	at org.apache.spark.rpc.netty.NettyRpcEnv.$anonfun$askAbortable$5(NettyRpcEnv.scala:239)
[2026-08-12T21:22:07.316+0000] {subprocess.py:93} INFO - 	at org.apache.spark.rpc.netty.NettyRpcEnv.$anonfun$askAbortable$5$adapted(NettyRpcEnv.scala:238)
[2026-08-12T21:22:07.321+0000] {subprocess.py:93} INFO - 	at scala.concurrent.impl.CallbackRunnable.run(Promise.scala:64)
[2026-08-12T21:22:07.345+0000] {subprocess.py:93} INFO - 	at org.apache.spark.util.ThreadUtils$$anon$1.execute(ThreadUtils.scala:99)
[2026-08-12T21:22:07.364+0000] {subprocess.py:93} INFO - 	at scala.concurrent.impl.ExecutionContextImpl$$anon$4.execute(ExecutionContextImpl.scala:138)
[2026-08-12T21:22:07.386+0000] {subprocess.py:93} INFO - 	at scala.concurrent.impl.CallbackRunnable.executeWithValue(Promise.scala:72)
[2026-08-12T21:22:07.403+0000] {subprocess.py:93} INFO - 	at scala.concurrent.impl.Promise$DefaultPromise.$anonfun$tryComplete$1(Promise.scala:288)
[2026-08-12T21:22:07.417+0000] {subprocess.py:93} INFO - 	at scala.concurrent.impl.Promise$DefaultPromise.$anonfun$tryComplete$1$adapted(Promise.scala:288)
[2026-08-12T21:22:07.431+0000] {subprocess.py:93} INFO - 	at scala.concurrent.impl.Promise$DefaultPromise.tryComplete(Promise.scala:288)
[2026-08-12T21:22:07.442+0000] {subprocess.py:93} INFO - 	at scala.concurrent.Promise.complete(Promise.scala:53)
[2026-08-12T21:22:07.448+0000] {subprocess.py:93} INFO - 	at scala.concurrent.Promise.complete$(Promise.scala:52)
[2026-08-12T21:22:07.456+0000] {subprocess.py:93} INFO - 	at scala.concurrent.impl.Promise$DefaultPromise.complete(Promise.scala:187)
[2026-08-12T21:22:07.465+0000] {subprocess.py:93} INFO - 	at scala.concurrent.Promise.success(Promise.scala:86)
[2026-08-12T21:22:07.485+0000] {subprocess.py:93} INFO - 	at scala.concurrent.Promise.success$(Promise.scala:86)
[2026-08-12T21:22:07.492+0000] {subprocess.py:93} INFO - 	at scala.concurrent.impl.Promise$DefaultPromise.success(Promise.scala:187)
[2026-08-12T21:22:07.503+0000] {subprocess.py:93} INFO - 	at org.apache.spark.rpc.netty.LocalNettyRpcCallContext.send(NettyRpcCallContext.scala:50)
[2026-08-12T21:22:07.506+0000] {subprocess.py:93} INFO - 	at org.apache.spark.rpc.netty.NettyRpcCallContext.reply(NettyRpcCallContext.scala:32)
[2026-08-12T21:22:07.520+0000] {subprocess.py:93} INFO - 	at org.apache.spark.rpc.netty.RpcEndpointVerifier$$anonfun$receiveAndReply$1.applyOrElse(RpcEndpointVerifier.scala:31)
[2026-08-12T21:22:07.549+0000] {subprocess.py:93} INFO - 	... 8 more
[2026-08-12T21:22:07.648+0000] {subprocess.py:93} INFO - 26/08/12 21:21:49 WARN Executor: Issue communicating with driver in heartbeater
[2026-08-12T21:22:07.734+0000] {subprocess.py:93} INFO - org.apache.spark.SparkException: Exception thrown in awaitResult:
[2026-08-12T21:22:07.791+0000] {subprocess.py:93} INFO - 	at org.apache.spark.util.SparkThreadUtils$.awaitResult(SparkThreadUtils.scala:56)
[2026-08-12T21:22:07.892+0000] {subprocess.py:93} INFO - 	at org.apache.spark.util.ThreadUtils$.awaitResult(ThreadUtils.scala:310)
[2026-08-12T21:22:07.899+0000] {subprocess.py:93} INFO - 	at org.apache.spark.rpc.RpcTimeout.awaitResult(RpcTimeout.scala:75)
[2026-08-12T21:22:07.938+0000] {subprocess.py:93} INFO - 	at org.apache.spark.rpc.RpcEndpointRef.askSync(RpcEndpointRef.scala:101)
[2026-08-12T21:22:08.002+0000] {subprocess.py:93} INFO - 	at org.apache.spark.rpc.RpcEndpointRef.askSync(RpcEndpointRef.scala:85)
[2026-08-12T21:22:08.051+0000] {subprocess.py:93} INFO - 	at org.apache.spark.storage.BlockManagerMaster.registerBlockManager(BlockManagerMaster.scala:80)
[2026-08-12T21:22:08.064+0000] {subprocess.py:93} INFO - 	at org.apache.spark.storage.BlockManager.reregister(BlockManager.scala:642)
[2026-08-12T21:22:08.068+0000] {subprocess.py:93} INFO - 	at org.apache.spark.executor.Executor.reportHeartBeat(Executor.scala:1223)
[2026-08-12T21:22:08.079+0000] {subprocess.py:93} INFO - 	at org.apache.spark.executor.Executor.$anonfun$heartbeater$1(Executor.scala:295)
[2026-08-12T21:22:08.090+0000] {subprocess.py:93} INFO - 	at scala.runtime.java8.JFunction0$mcV$sp.apply(JFunction0$mcV$sp.java:23)
[2026-08-12T21:22:08.095+0000] {subprocess.py:93} INFO - 	at org.apache.spark.util.Utils$.logUncaughtExceptions(Utils.scala:1928)
[2026-08-12T21:22:08.127+0000] {subprocess.py:93} INFO - 	at org.apache.spark.Heartbeater$$anon$1.run(Heartbeater.scala:46)
[2026-08-12T21:22:08.150+0000] {subprocess.py:93} INFO - 	at java.base/java.util.concurrent.Executors$RunnableAdapter.call(Executors.java:539)
[2026-08-12T21:22:08.167+0000] {subprocess.py:93} INFO - 	at java.base/java.util.concurrent.FutureTask.runAndReset(FutureTask.java:305)
[2026-08-12T21:22:08.183+0000] {subprocess.py:93} INFO - 	at java.base/java.util.concurrent.ScheduledThreadPoolExecutor$ScheduledFutureTask.run(ScheduledThreadPoolExecutor.java:305)
[2026-08-12T21:22:08.222+0000] {subprocess.py:93} INFO - 	at java.base/java.util.concurrent.ThreadPoolExecutor.runWorker(ThreadPoolExecutor.java:1136)
[2026-08-12T21:22:08.237+0000] {subprocess.py:93} INFO - 	at java.base/java.util.concurrent.ThreadPoolExecutor$Worker.run(ThreadPoolExecutor.java:635)
[2026-08-12T21:22:08.256+0000] {subprocess.py:93} INFO - 	at java.base/java.lang.Thread.run(Thread.java:840)
[2026-08-12T21:22:08.274+0000] {subprocess.py:93} INFO - Caused by: org.apache.spark.SparkException: Exception thrown in awaitResult:
[2026-08-12T21:22:08.308+0000] {subprocess.py:93} INFO - 	at org.apache.spark.util.SparkThreadUtils$.awaitResult(SparkThreadUtils.scala:56)
[2026-08-12T21:22:08.329+0000] {subprocess.py:93} INFO - 	at org.apache.spark.util.ThreadUtils$.awaitResult(ThreadUtils.scala:310)
[2026-08-12T21:22:08.361+0000] {subprocess.py:93} INFO - 	at org.apache.spark.rpc.RpcTimeout.awaitResult(RpcTimeout.scala:75)
[2026-08-12T21:22:08.409+0000] {subprocess.py:93} INFO - 	at org.apache.spark.rpc.RpcEnv.setupEndpointRefByURI(RpcEnv.scala:102)
[2026-08-12T21:22:08.451+0000] {subprocess.py:93} INFO - 	at org.apache.spark.rpc.RpcEnv.setupEndpointRef(RpcEnv.scala:110)
[2026-08-12T21:22:08.502+0000] {subprocess.py:93} INFO - 	at org.apache.spark.util.RpcUtils$.makeDriverRef(RpcUtils.scala:36)
[2026-08-12T21:22:08.504+0000] {subprocess.py:93} INFO - 	at org.apache.spark.storage.BlockManagerMasterEndpoint.driverEndpoint$lzycompute(BlockManagerMasterEndpoint.scala:124)
[2026-08-12T21:22:08.507+0000] {subprocess.py:93} INFO - 	at org.apache.spark.storage.BlockManagerMasterEndpoint.org$apache$spark$storage$BlockManagerMasterEndpoint$$driverEndpoint(BlockManagerMasterEndpoint.scala:123)
[2026-08-12T21:22:08.540+0000] {subprocess.py:93} INFO - 	at org.apache.spark.storage.BlockManagerMasterEndpoint.isExecutorAlive$lzycompute$1(BlockManagerMasterEndpoint.scala:688)
[2026-08-12T21:22:08.577+0000] {subprocess.py:93} INFO - 	at org.apache.spark.storage.BlockManagerMasterEndpoint.isExecutorAlive$1(BlockManagerMasterEndpoint.scala:687)
[2026-08-12T21:22:08.591+0000] {subprocess.py:93} INFO - 	at org.apache.spark.storage.BlockManagerMasterEndpoint.org$apache$spark$storage$BlockManagerMasterEndpoint$$register(BlockManagerMasterEndpoint.scala:725)
[2026-08-12T21:22:08.626+0000] {subprocess.py:93} INFO - 	at org.apache.spark.storage.BlockManagerMasterEndpoint$$anonfun$receiveAndReply$1.applyOrElse(BlockManagerMasterEndpoint.scala:133)
[2026-08-12T21:22:08.692+0000] {subprocess.py:93} INFO - 	at org.apache.spark.rpc.netty.Inbox.$anonfun$process$1(Inbox.scala:103)
[2026-08-12T21:22:08.719+0000] {subprocess.py:93} INFO - 	at org.apache.spark.rpc.netty.Inbox.safelyCall(Inbox.scala:213)
[2026-08-12T21:22:08.751+0000] {subprocess.py:93} INFO - 	at org.apache.spark.rpc.netty.Inbox.process(Inbox.scala:100)
[2026-08-12T21:22:08.771+0000] {subprocess.py:93} INFO - 	at org.apache.spark.rpc.netty.MessageLoop.org$apache$spark$rpc$netty$MessageLoop$$receiveLoop(MessageLoop.scala:75)
[2026-08-12T21:22:08.800+0000] {subprocess.py:93} INFO - 	at org.apache.spark.rpc.netty.MessageLoop$$anon$1.run(MessageLoop.scala:41)
[2026-08-12T21:22:08.805+0000] {subprocess.py:93} INFO - 	... 3 more
[2026-08-12T21:22:08.828+0000] {subprocess.py:93} INFO - Caused by: org.apache.spark.rpc.RpcEndpointNotFoundException: Cannot find endpoint: spark://CoarseGrainedScheduler@4099a95615c9:36011
[2026-08-12T21:22:08.846+0000] {subprocess.py:93} INFO - 	at org.apache.spark.rpc.netty.NettyRpcEnv.$anonfun$asyncSetupEndpointRefByURI$1(NettyRpcEnv.scala:148)
[2026-08-12T21:22:08.850+0000] {subprocess.py:93} INFO - 	at org.apache.spark.rpc.netty.NettyRpcEnv.$anonfun$asyncSetupEndpointRefByURI$1$adapted(NettyRpcEnv.scala:144)
[2026-08-12T21:22:08.881+0000] {subprocess.py:93} INFO - 	at scala.concurrent.Future.$anonfun$flatMap$1(Future.scala:307)
[2026-08-12T21:22:08.904+0000] {subprocess.py:93} INFO - 	at scala.concurrent.impl.Promise.$anonfun$transformWith$1(Promise.scala:41)
[2026-08-12T21:22:08.927+0000] {subprocess.py:93} INFO - 	at scala.concurrent.impl.CallbackRunnable.run(Promise.scala:64)
[2026-08-12T21:22:08.955+0000] {subprocess.py:93} INFO - 	at org.apache.spark.util.ThreadUtils$$anon$1.execute(ThreadUtils.scala:99)
[2026-08-12T21:22:08.967+0000] {subprocess.py:93} INFO - 	at scala.concurrent.impl.ExecutionContextImpl$$anon$4.execute(ExecutionContextImpl.scala:138)
[2026-08-12T21:22:08.991+0000] {subprocess.py:93} INFO - 	at scala.concurrent.impl.CallbackRunnable.executeWithValue(Promise.scala:72)
[2026-08-12T21:22:09.000+0000] {subprocess.py:93} INFO - 	at scala.concurrent.impl.Promise$DefaultPromise.$anonfun$tryComplete$1(Promise.scala:288)
[2026-08-12T21:22:09.022+0000] {subprocess.py:93} INFO - 	at scala.concurrent.impl.Promise$DefaultPromise.$anonfun$tryComplete$1$adapted(Promise.scala:288)
[2026-08-12T21:22:09.029+0000] {subprocess.py:93} INFO - 	at scala.concurrent.impl.Promise$DefaultPromise.tryComplete(Promise.scala:288)
[2026-08-12T21:22:09.038+0000] {subprocess.py:93} INFO - 	at scala.concurrent.Promise.complete(Promise.scala:53)
[2026-08-12T21:22:09.050+0000] {subprocess.py:93} INFO - 	at scala.concurrent.Promise.complete$(Promise.scala:52)
[2026-08-12T21:22:09.054+0000] {subprocess.py:93} INFO - 	at scala.concurrent.impl.Promise$DefaultPromise.complete(Promise.scala:187)
[2026-08-12T21:22:09.057+0000] {subprocess.py:93} INFO - 	at scala.concurrent.impl.Promise.$anonfun$transform$1(Promise.scala:33)
[2026-08-12T21:22:09.074+0000] {subprocess.py:93} INFO - 	at scala.concurrent.impl.CallbackRunnable.run(Promise.scala:64)
[2026-08-12T21:22:09.080+0000] {subprocess.py:93} INFO - 	at org.apache.spark.util.ThreadUtils$$anon$1.execute(ThreadUtils.scala:99)
[2026-08-12T21:22:09.147+0000] {subprocess.py:93} INFO - 	at scala.concurrent.impl.ExecutionContextImpl$$anon$4.execute(ExecutionContextImpl.scala:138)
[2026-08-12T21:22:09.169+0000] {subprocess.py:93} INFO - 	at scala.concurrent.impl.CallbackRunnable.executeWithValue(Promise.scala:72)
[2026-08-12T21:22:09.288+0000] {subprocess.py:93} INFO - 	at scala.concurrent.impl.Promise$DefaultPromise.$anonfun$tryComplete$1(Promise.scala:288)
[2026-08-12T21:22:09.318+0000] {subprocess.py:93} INFO - 	at scala.concurrent.impl.Promise$DefaultPromise.$anonfun$tryComplete$1$adapted(Promise.scala:288)
[2026-08-12T21:22:09.340+0000] {subprocess.py:93} INFO - 	at scala.concurrent.impl.Promise$DefaultPromise.tryComplete(Promise.scala:288)
[2026-08-12T21:22:09.366+0000] {subprocess.py:93} INFO - 	at scala.concurrent.Promise.complete(Promise.scala:53)
[2026-08-12T21:22:09.458+0000] {subprocess.py:93} INFO - 	at scala.concurrent.Promise.complete$(Promise.scala:52)
[2026-08-12T21:22:09.582+0000] {subprocess.py:93} INFO - 	at scala.concurrent.impl.Promise$DefaultPromise.complete(Promise.scala:187)
[2026-08-12T21:22:09.620+0000] {subprocess.py:93} INFO - 	at scala.concurrent.impl.Promise.$anonfun$transform$1(Promise.scala:33)
[2026-08-12T21:22:09.643+0000] {subprocess.py:93} INFO - 	at scala.concurrent.impl.CallbackRunnable.run(Promise.scala:64)
[2026-08-12T21:22:09.676+0000] {subprocess.py:93} INFO - 	at scala.concurrent.BatchingExecutor$Batch.processBatch$1(BatchingExecutor.scala:67)
[2026-08-12T21:22:09.687+0000] {subprocess.py:93} INFO - 	at scala.concurrent.BatchingExecutor$Batch.$anonfun$run$1(BatchingExecutor.scala:82)
[2026-08-12T21:22:09.694+0000] {subprocess.py:93} INFO - 	at scala.runtime.java8.JFunction0$mcV$sp.apply(JFunction0$mcV$sp.java:23)
[2026-08-12T21:22:09.710+0000] {subprocess.py:93} INFO - 	at scala.concurrent.BlockContext$.withBlockContext(BlockContext.scala:85)
[2026-08-12T21:22:09.859+0000] {subprocess.py:93} INFO - 	at scala.concurrent.BatchingExecutor$Batch.run(BatchingExecutor.scala:59)
[2026-08-12T21:22:09.883+0000] {subprocess.py:93} INFO - 	at scala.concurrent.Future$InternalCallbackExecutor$.unbatchedExecute(Future.scala:875)
[2026-08-12T21:22:09.953+0000] {subprocess.py:93} INFO - 	at scala.concurrent.BatchingExecutor.execute(BatchingExecutor.scala:110)
[2026-08-12T21:22:09.976+0000] {subprocess.py:93} INFO - 	at scala.concurrent.BatchingExecutor.execute$(BatchingExecutor.scala:107)
[2026-08-12T21:22:10.023+0000] {subprocess.py:93} INFO - 	at scala.concurrent.Future$InternalCallbackExecutor$.execute(Future.scala:873)
[2026-08-12T21:22:10.071+0000] {subprocess.py:93} INFO - 	at scala.concurrent.impl.CallbackRunnable.executeWithValue(Promise.scala:72)
[2026-08-12T21:22:10.212+0000] {subprocess.py:93} INFO - 	at scala.concurrent.impl.Promise$DefaultPromise.$anonfun$tryComplete$1(Promise.scala:288)
[2026-08-12T21:22:10.276+0000] {subprocess.py:93} INFO - 	at scala.concurrent.impl.Promise$DefaultPromise.$anonfun$tryComplete$1$adapted(Promise.scala:288)
[2026-08-12T21:22:10.584+0000] {subprocess.py:93} INFO - 	at scala.concurrent.impl.Promise$DefaultPromise.tryComplete(Promise.scala:288)
[2026-08-12T21:22:10.613+0000] {subprocess.py:93} INFO - 	at scala.concurrent.Promise.trySuccess(Promise.scala:94)
[2026-08-12T21:22:10.644+0000] {subprocess.py:93} INFO - 	at scala.concurrent.Promise.trySuccess$(Promise.scala:94)
[2026-08-12T21:22:10.681+0000] {subprocess.py:93} INFO - 	at scala.concurrent.impl.Promise$DefaultPromise.trySuccess(Promise.scala:187)
[2026-08-12T21:22:10.857+0000] {subprocess.py:93} INFO - 	at org.apache.spark.rpc.netty.NettyRpcEnv.onSuccess$1(NettyRpcEnv.scala:225)
[2026-08-12T21:22:10.896+0000] {subprocess.py:93} INFO - 	at org.apache.spark.rpc.netty.NettyRpcEnv.$anonfun$askAbortable$5(NettyRpcEnv.scala:239)
[2026-08-12T21:22:10.983+0000] {subprocess.py:93} INFO - 	at org.apache.spark.rpc.netty.NettyRpcEnv.$anonfun$askAbortable$5$adapted(NettyRpcEnv.scala:238)
[2026-08-12T21:22:11.034+0000] {subprocess.py:93} INFO - 	at scala.concurrent.impl.CallbackRunnable.run(Promise.scala:64)
[2026-08-12T21:22:11.042+0000] {subprocess.py:93} INFO - 	at org.apache.spark.util.ThreadUtils$$anon$1.execute(ThreadUtils.scala:99)
[2026-08-12T21:22:11.064+0000] {subprocess.py:93} INFO - 	at scala.concurrent.impl.ExecutionContextImpl$$anon$4.execute(ExecutionContextImpl.scala:138)
[2026-08-12T21:22:11.140+0000] {subprocess.py:93} INFO - 	at scala.concurrent.impl.CallbackRunnable.executeWithValue(Promise.scala:72)
[2026-08-12T21:22:11.244+0000] {subprocess.py:93} INFO - 	at scala.concurrent.impl.Promise$DefaultPromise.$anonfun$tryComplete$1(Promise.scala:288)
[2026-08-12T21:22:11.277+0000] {subprocess.py:93} INFO - 	at scala.concurrent.impl.Promise$DefaultPromise.$anonfun$tryComplete$1$adapted(Promise.scala:288)
[2026-08-12T21:22:11.412+0000] {subprocess.py:93} INFO - 	at scala.concurrent.impl.Promise$DefaultPromise.tryComplete(Promise.scala:288)
[2026-08-12T21:22:11.432+0000] {subprocess.py:93} INFO - 	at scala.concurrent.Promise.complete(Promise.scala:53)
[2026-08-12T21:22:11.464+0000] {subprocess.py:93} INFO - 	at scala.concurrent.Promise.complete$(Promise.scala:52)
[2026-08-12T21:22:11.502+0000] {subprocess.py:93} INFO - 	at scala.concurrent.impl.Promise$DefaultPromise.complete(Promise.scala:187)
[2026-08-12T21:22:11.556+0000] {subprocess.py:93} INFO - 	at scala.concurrent.Promise.success(Promise.scala:86)
[2026-08-12T21:22:11.618+0000] {subprocess.py:93} INFO - 	at scala.concurrent.Promise.success$(Promise.scala:86)
[2026-08-12T21:22:11.627+0000] {subprocess.py:93} INFO - 	at scala.concurrent.impl.Promise$DefaultPromise.success(Promise.scala:187)
[2026-08-12T21:22:11.712+0000] {subprocess.py:93} INFO - 	at org.apache.spark.rpc.netty.LocalNettyRpcCallContext.send(NettyRpcCallContext.scala:50)
[2026-08-12T21:22:11.725+0000] {subprocess.py:93} INFO - 	at org.apache.spark.rpc.netty.NettyRpcCallContext.reply(NettyRpcCallContext.scala:32)
[2026-08-12T21:22:11.769+0000] {subprocess.py:93} INFO - 	at org.apache.spark.rpc.netty.RpcEndpointVerifier$$anonfun$receiveAndReply$1.applyOrElse(RpcEndpointVerifier.scala:31)
[2026-08-12T21:22:11.821+0000] {subprocess.py:93} INFO - 	... 8 more
[2026-08-12T21:22:11.908+0000] {subprocess.py:93} INFO - 26/08/12 21:21:49 ERROR Inbox: Ignoring error
[2026-08-12T21:22:12.078+0000] {subprocess.py:93} INFO - org.apache.spark.SparkException: Exception thrown in awaitResult:
[2026-08-12T21:22:12.167+0000] {subprocess.py:93} INFO - 	at org.apache.spark.util.SparkThreadUtils$.awaitResult(SparkThreadUtils.scala:56)
[2026-08-12T21:22:12.359+0000] {subprocess.py:93} INFO - 	at org.apache.spark.util.ThreadUtils$.awaitResult(ThreadUtils.scala:310)
[2026-08-12T21:22:12.447+0000] {subprocess.py:93} INFO - 	at org.apache.spark.rpc.RpcTimeout.awaitResult(RpcTimeout.scala:75)
[2026-08-12T21:22:12.458+0000] {subprocess.py:93} INFO - 	at org.apache.spark.rpc.RpcEnv.setupEndpointRefByURI(RpcEnv.scala:102)
[2026-08-12T21:22:12.529+0000] {subprocess.py:93} INFO - 	at org.apache.spark.rpc.RpcEnv.setupEndpointRef(RpcEnv.scala:110)
[2026-08-12T21:22:12.536+0000] {subprocess.py:93} INFO - 	at org.apache.spark.util.RpcUtils$.makeDriverRef(RpcUtils.scala:36)
[2026-08-12T21:22:12.540+0000] {subprocess.py:93} INFO - 	at org.apache.spark.storage.BlockManagerMasterEndpoint.driverEndpoint$lzycompute(BlockManagerMasterEndpoint.scala:124)
[2026-08-12T21:22:12.545+0000] {subprocess.py:93} INFO - 	at org.apache.spark.storage.BlockManagerMasterEndpoint.org$apache$spark$storage$BlockManagerMasterEndpoint$$driverEndpoint(BlockManagerMasterEndpoint.scala:123)
[2026-08-12T21:22:12.555+0000] {subprocess.py:93} INFO - 	at org.apache.spark.storage.BlockManagerMasterEndpoint.isExecutorAlive$lzycompute$1(BlockManagerMasterEndpoint.scala:688)
[2026-08-12T21:22:12.558+0000] {subprocess.py:93} INFO - 	at org.apache.spark.storage.BlockManagerMasterEndpoint.isExecutorAlive$1(BlockManagerMasterEndpoint.scala:687)
[2026-08-12T21:22:12.574+0000] {subprocess.py:93} INFO - 	at org.apache.spark.storage.BlockManagerMasterEndpoint.org$apache$spark$storage$BlockManagerMasterEndpoint$$register(BlockManagerMasterEndpoint.scala:725)
[2026-08-12T21:22:12.619+0000] {subprocess.py:93} INFO - 	at org.apache.spark.storage.BlockManagerMasterEndpoint$$anonfun$receiveAndReply$1.applyOrElse(BlockManagerMasterEndpoint.scala:133)
[2026-08-12T21:22:12.634+0000] {subprocess.py:93} INFO - 	at org.apache.spark.rpc.netty.Inbox.$anonfun$process$1(Inbox.scala:103)
[2026-08-12T21:22:12.641+0000] {subprocess.py:93} INFO - 	at org.apache.spark.rpc.netty.Inbox.safelyCall(Inbox.scala:213)
[2026-08-12T21:22:12.651+0000] {subprocess.py:93} INFO - 	at org.apache.spark.rpc.netty.Inbox.process(Inbox.scala:100)
[2026-08-12T21:22:12.730+0000] {subprocess.py:93} INFO - 	at org.apache.spark.rpc.netty.MessageLoop.org$apache$spark$rpc$netty$MessageLoop$$receiveLoop(MessageLoop.scala:75)
[2026-08-12T21:22:12.744+0000] {subprocess.py:93} INFO - 	at org.apache.spark.rpc.netty.MessageLoop$$anon$1.run(MessageLoop.scala:41)
[2026-08-12T21:22:12.782+0000] {subprocess.py:93} INFO - 	at java.base/java.util.concurrent.ThreadPoolExecutor.runWorker(ThreadPoolExecutor.java:1136)
[2026-08-12T21:22:12.800+0000] {subprocess.py:93} INFO - 	at java.base/java.util.concurrent.ThreadPoolExecutor$Worker.run(ThreadPoolExecutor.java:635)
[2026-08-12T21:22:12.838+0000] {subprocess.py:93} INFO - 	at java.base/java.lang.Thread.run(Thread.java:840)
[2026-08-12T21:22:12.857+0000] {subprocess.py:93} INFO - Caused by: org.apache.spark.rpc.RpcEndpointNotFoundException: Cannot find endpoint: spark://CoarseGrainedScheduler@4099a95615c9:36011
[2026-08-12T21:22:12.943+0000] {subprocess.py:93} INFO - 	at org.apache.spark.rpc.netty.NettyRpcEnv.$anonfun$asyncSetupEndpointRefByURI$1(NettyRpcEnv.scala:148)
[2026-08-12T21:22:12.958+0000] {subprocess.py:93} INFO - 	at org.apache.spark.rpc.netty.NettyRpcEnv.$anonfun$asyncSetupEndpointRefByURI$1$adapted(NettyRpcEnv.scala:144)
[2026-08-12T21:22:12.974+0000] {subprocess.py:93} INFO - 	at scala.concurrent.Future.$anonfun$flatMap$1(Future.scala:307)
[2026-08-12T21:22:12.996+0000] {subprocess.py:93} INFO - 	at scala.concurrent.impl.Promise.$anonfun$transformWith$1(Promise.scala:41)
[2026-08-12T21:22:13.017+0000] {subprocess.py:93} INFO - 	at scala.concurrent.impl.CallbackRunnable.run(Promise.scala:64)
[2026-08-12T21:22:13.044+0000] {subprocess.py:93} INFO - 	at org.apache.spark.util.ThreadUtils$$anon$1.execute(ThreadUtils.scala:99)
[2026-08-12T21:22:13.051+0000] {subprocess.py:93} INFO - 	at scala.concurrent.impl.ExecutionContextImpl$$anon$4.execute(ExecutionContextImpl.scala:138)
[2026-08-12T21:22:13.066+0000] {subprocess.py:93} INFO - 	at scala.concurrent.impl.CallbackRunnable.executeWithValue(Promise.scala:72)
[2026-08-12T21:22:13.081+0000] {subprocess.py:93} INFO - 	at scala.concurrent.impl.Promise$DefaultPromise.$anonfun$tryComplete$1(Promise.scala:288)
[2026-08-12T21:22:13.096+0000] {subprocess.py:93} INFO - 	at scala.concurrent.impl.Promise$DefaultPromise.$anonfun$tryComplete$1$adapted(Promise.scala:288)
[2026-08-12T21:22:13.099+0000] {subprocess.py:93} INFO - 	at scala.concurrent.impl.Promise$DefaultPromise.tryComplete(Promise.scala:288)
[2026-08-12T21:22:13.128+0000] {subprocess.py:93} INFO - 	at scala.concurrent.Promise.complete(Promise.scala:53)
[2026-08-12T21:22:13.146+0000] {subprocess.py:93} INFO - 	at scala.concurrent.Promise.complete$(Promise.scala:52)
[2026-08-12T21:22:13.189+0000] {subprocess.py:93} INFO - 	at scala.concurrent.impl.Promise$DefaultPromise.complete(Promise.scala:187)
[2026-08-12T21:22:13.199+0000] {subprocess.py:93} INFO - 	at scala.concurrent.impl.Promise.$anonfun$transform$1(Promise.scala:33)
[2026-08-12T21:22:13.345+0000] {subprocess.py:93} INFO - 	at scala.concurrent.impl.CallbackRunnable.run(Promise.scala:64)
[2026-08-12T21:22:13.366+0000] {subprocess.py:93} INFO - 	at org.apache.spark.util.ThreadUtils$$anon$1.execute(ThreadUtils.scala:99)
[2026-08-12T21:22:13.388+0000] {subprocess.py:93} INFO - 	at scala.concurrent.impl.ExecutionContextImpl$$anon$4.execute(ExecutionContextImpl.scala:138)
[2026-08-12T21:22:13.401+0000] {subprocess.py:93} INFO - 	at scala.concurrent.impl.CallbackRunnable.executeWithValue(Promise.scala:72)
[2026-08-12T21:22:13.404+0000] {subprocess.py:93} INFO - 	at scala.concurrent.impl.Promise$DefaultPromise.$anonfun$tryComplete$1(Promise.scala:288)
[2026-08-12T21:22:13.422+0000] {subprocess.py:93} INFO - 	at scala.concurrent.impl.Promise$DefaultPromise.$anonfun$tryComplete$1$adapted(Promise.scala:288)
[2026-08-12T21:22:13.437+0000] {subprocess.py:93} INFO - 	at scala.concurrent.impl.Promise$DefaultPromise.tryComplete(Promise.scala:288)
[2026-08-12T21:22:13.448+0000] {subprocess.py:93} INFO - 	at scala.concurrent.Promise.complete(Promise.scala:53)
[2026-08-12T21:22:13.461+0000] {subprocess.py:93} INFO - 	at scala.concurrent.Promise.complete$(Promise.scala:52)
[2026-08-12T21:22:13.641+0000] {subprocess.py:93} INFO - 	at scala.concurrent.impl.Promise$DefaultPromise.complete(Promise.scala:187)
[2026-08-12T21:22:13.662+0000] {subprocess.py:93} INFO - 	at scala.concurrent.impl.Promise.$anonfun$transform$1(Promise.scala:33)
[2026-08-12T21:22:13.708+0000] {subprocess.py:93} INFO - 	at scala.concurrent.impl.CallbackRunnable.run(Promise.scala:64)
[2026-08-12T21:22:13.728+0000] {subprocess.py:93} INFO - 	at scala.concurrent.BatchingExecutor$Batch.processBatch$1(BatchingExecutor.scala:67)
[2026-08-12T21:22:13.752+0000] {subprocess.py:93} INFO - 	at scala.concurrent.BatchingExecutor$Batch.$anonfun$run$1(BatchingExecutor.scala:82)
[2026-08-12T21:22:13.801+0000] {subprocess.py:93} INFO - 	at scala.runtime.java8.JFunction0$mcV$sp.apply(JFunction0$mcV$sp.java:23)
[2026-08-12T21:22:13.907+0000] {subprocess.py:93} INFO - 	at scala.concurrent.BlockContext$.withBlockContext(BlockContext.scala:85)
[2026-08-12T21:22:13.912+0000] {subprocess.py:93} INFO - 	at scala.concurrent.BatchingExecutor$Batch.run(BatchingExecutor.scala:59)
[2026-08-12T21:22:13.932+0000] {subprocess.py:93} INFO - 	at scala.concurrent.Future$InternalCallbackExecutor$.unbatchedExecute(Future.scala:875)
[2026-08-12T21:22:13.989+0000] {subprocess.py:93} INFO - 	at scala.concurrent.BatchingExecutor.execute(BatchingExecutor.scala:110)
[2026-08-12T21:22:14.203+0000] {subprocess.py:93} INFO - 	at scala.concurrent.BatchingExecutor.execute$(BatchingExecutor.scala:107)
[2026-08-12T21:22:14.212+0000] {subprocess.py:93} INFO - 	at scala.concurrent.Future$InternalCallbackExecutor$.execute(Future.scala:873)
[2026-08-12T21:22:14.221+0000] {subprocess.py:93} INFO - 	at scala.concurrent.impl.CallbackRunnable.executeWithValue(Promise.scala:72)
[2026-08-12T21:22:14.232+0000] {subprocess.py:93} INFO - 	at scala.concurrent.impl.Promise$DefaultPromise.$anonfun$tryComplete$1(Promise.scala:288)
[2026-08-12T21:22:14.234+0000] {subprocess.py:93} INFO - 	at scala.concurrent.impl.Promise$DefaultPromise.$anonfun$tryComplete$1$adapted(Promise.scala:288)
[2026-08-12T21:22:14.237+0000] {subprocess.py:93} INFO - 	at scala.concurrent.impl.Promise$DefaultPromise.tryComplete(Promise.scala:288)
[2026-08-12T21:22:14.247+0000] {subprocess.py:93} INFO - 	at scala.concurrent.Promise.trySuccess(Promise.scala:94)
[2026-08-12T21:22:14.261+0000] {subprocess.py:93} INFO - 	at scala.concurrent.Promise.trySuccess$(Promise.scala:94)
[2026-08-12T21:22:14.266+0000] {subprocess.py:93} INFO - 	at scala.concurrent.impl.Promise$DefaultPromise.trySuccess(Promise.scala:187)
[2026-08-12T21:22:14.273+0000] {subprocess.py:93} INFO - 	at org.apache.spark.rpc.netty.NettyRpcEnv.onSuccess$1(NettyRpcEnv.scala:225)
[2026-08-12T21:22:14.283+0000] {subprocess.py:93} INFO - 	at org.apache.spark.rpc.netty.NettyRpcEnv.$anonfun$askAbortable$5(NettyRpcEnv.scala:239)
[2026-08-12T21:22:14.296+0000] {subprocess.py:93} INFO - 	at org.apache.spark.rpc.netty.NettyRpcEnv.$anonfun$askAbortable$5$adapted(NettyRpcEnv.scala:238)
[2026-08-12T21:22:14.304+0000] {subprocess.py:93} INFO - 	at scala.concurrent.impl.CallbackRunnable.run(Promise.scala:64)
[2026-08-12T21:22:14.318+0000] {subprocess.py:93} INFO - 	at org.apache.spark.util.ThreadUtils$$anon$1.execute(ThreadUtils.scala:99)
[2026-08-12T21:22:14.343+0000] {subprocess.py:93} INFO - 	at scala.concurrent.impl.ExecutionContextImpl$$anon$4.execute(ExecutionContextImpl.scala:138)
[2026-08-12T21:22:14.351+0000] {subprocess.py:93} INFO - 	at scala.concurrent.impl.CallbackRunnable.executeWithValue(Promise.scala:72)
[2026-08-12T21:22:14.355+0000] {subprocess.py:93} INFO - 	at scala.concurrent.impl.Promise$DefaultPromise.$anonfun$tryComplete$1(Promise.scala:288)
[2026-08-12T21:22:14.372+0000] {subprocess.py:93} INFO - 	at scala.concurrent.impl.Promise$DefaultPromise.$anonfun$tryComplete$1$adapted(Promise.scala:288)
[2026-08-12T21:22:14.387+0000] {subprocess.py:93} INFO - 	at scala.concurrent.impl.Promise$DefaultPromise.tryComplete(Promise.scala:288)
[2026-08-12T21:22:14.392+0000] {subprocess.py:93} INFO - 	at scala.concurrent.Promise.complete(Promise.scala:53)
[2026-08-12T21:22:14.406+0000] {subprocess.py:93} INFO - 	at scala.concurrent.Promise.complete$(Promise.scala:52)
[2026-08-12T21:22:14.412+0000] {subprocess.py:93} INFO - 	at scala.concurrent.impl.Promise$DefaultPromise.complete(Promise.scala:187)
[2026-08-12T21:22:14.469+0000] {subprocess.py:93} INFO - 	at scala.concurrent.Promise.success(Promise.scala:86)
[2026-08-12T21:22:14.490+0000] {subprocess.py:93} INFO - 	at scala.concurrent.Promise.success$(Promise.scala:86)
[2026-08-12T21:22:14.501+0000] {subprocess.py:93} INFO - 	at scala.concurrent.impl.Promise$DefaultPromise.success(Promise.scala:187)
[2026-08-12T21:22:14.510+0000] {subprocess.py:93} INFO - 	at org.apache.spark.rpc.netty.LocalNettyRpcCallContext.send(NettyRpcCallContext.scala:50)
[2026-08-12T21:22:14.559+0000] {subprocess.py:93} INFO - 	at org.apache.spark.rpc.netty.NettyRpcCallContext.reply(NettyRpcCallContext.scala:32)
[2026-08-12T21:22:14.581+0000] {subprocess.py:93} INFO - 	at org.apache.spark.rpc.netty.RpcEndpointVerifier$$anonfun$receiveAndReply$1.applyOrElse(RpcEndpointVerifier.scala:31)
[2026-08-12T21:22:14.604+0000] {subprocess.py:93} INFO - 	... 8 more
[2026-08-12T21:22:14.611+0000] {subprocess.py:93} INFO - 26/08/12 21:21:49 WARN Executor: Issue communicating with driver in heartbeater
[2026-08-12T21:22:14.628+0000] {subprocess.py:93} INFO - org.apache.spark.SparkException: Exception thrown in awaitResult:
[2026-08-12T21:22:14.652+0000] {subprocess.py:93} INFO - 	at org.apache.spark.util.SparkThreadUtils$.awaitResult(SparkThreadUtils.scala:56)
[2026-08-12T21:22:14.662+0000] {subprocess.py:93} INFO - 	at org.apache.spark.util.ThreadUtils$.awaitResult(ThreadUtils.scala:310)
[2026-08-12T21:22:14.672+0000] {subprocess.py:93} INFO - 	at org.apache.spark.rpc.RpcTimeout.awaitResult(RpcTimeout.scala:75)
[2026-08-12T21:22:14.715+0000] {subprocess.py:93} INFO - 	at org.apache.spark.rpc.RpcEndpointRef.askSync(RpcEndpointRef.scala:101)
[2026-08-12T21:22:14.728+0000] {subprocess.py:93} INFO - 	at org.apache.spark.rpc.RpcEndpointRef.askSync(RpcEndpointRef.scala:85)
[2026-08-12T21:22:14.779+0000] {subprocess.py:93} INFO - 	at org.apache.spark.storage.BlockManagerMaster.registerBlockManager(BlockManagerMaster.scala:80)
[2026-08-12T21:22:14.816+0000] {subprocess.py:93} INFO - 	at org.apache.spark.storage.BlockManager.reregister(BlockManager.scala:642)
[2026-08-12T21:22:14.875+0000] {subprocess.py:93} INFO - 	at org.apache.spark.executor.Executor.reportHeartBeat(Executor.scala:1223)
[2026-08-12T21:22:14.897+0000] {subprocess.py:93} INFO - 	at org.apache.spark.executor.Executor.$anonfun$heartbeater$1(Executor.scala:295)
[2026-08-12T21:22:14.910+0000] {subprocess.py:93} INFO - 	at scala.runtime.java8.JFunction0$mcV$sp.apply(JFunction0$mcV$sp.java:23)
[2026-08-12T21:22:14.924+0000] {subprocess.py:93} INFO - 	at org.apache.spark.util.Utils$.logUncaughtExceptions(Utils.scala:1928)
[2026-08-12T21:22:14.927+0000] {subprocess.py:93} INFO - 	at org.apache.spark.Heartbeater$$anon$1.run(Heartbeater.scala:46)
[2026-08-12T21:22:14.936+0000] {subprocess.py:93} INFO - 	at java.base/java.util.concurrent.Executors$RunnableAdapter.call(Executors.java:539)
[2026-08-12T21:22:14.948+0000] {subprocess.py:93} INFO - 	at java.base/java.util.concurrent.FutureTask.runAndReset(FutureTask.java:305)
[2026-08-12T21:22:14.955+0000] {subprocess.py:93} INFO - 	at java.base/java.util.concurrent.ScheduledThreadPoolExecutor$ScheduledFutureTask.run(ScheduledThreadPoolExecutor.java:305)
[2026-08-12T21:22:14.971+0000] {subprocess.py:93} INFO - 	at java.base/java.util.concurrent.ThreadPoolExecutor.runWorker(ThreadPoolExecutor.java:1136)
[2026-08-12T21:22:14.982+0000] {subprocess.py:93} INFO - 	at java.base/java.util.concurrent.ThreadPoolExecutor$Worker.run(ThreadPoolExecutor.java:635)
[2026-08-12T21:22:15.005+0000] {subprocess.py:93} INFO - 	at java.base/java.lang.Thread.run(Thread.java:840)
[2026-08-12T21:22:15.013+0000] {subprocess.py:93} INFO - Caused by: org.apache.spark.SparkException: Exception thrown in awaitResult:
[2026-08-12T21:22:15.045+0000] {subprocess.py:93} INFO - 	at org.apache.spark.util.SparkThreadUtils$.awaitResult(SparkThreadUtils.scala:56)
[2026-08-12T21:22:15.049+0000] {subprocess.py:93} INFO - 	at org.apache.spark.util.ThreadUtils$.awaitResult(ThreadUtils.scala:310)
[2026-08-12T21:22:15.062+0000] {subprocess.py:93} INFO - 	at org.apache.spark.rpc.RpcTimeout.awaitResult(RpcTimeout.scala:75)
[2026-08-12T21:22:15.085+0000] {subprocess.py:93} INFO - 	at org.apache.spark.rpc.RpcEnv.setupEndpointRefByURI(RpcEnv.scala:102)
[2026-08-12T21:22:15.123+0000] {subprocess.py:93} INFO - 	at org.apache.spark.rpc.RpcEnv.setupEndpointRef(RpcEnv.scala:110)
[2026-08-12T21:22:15.136+0000] {subprocess.py:93} INFO - 	at org.apache.spark.util.RpcUtils$.makeDriverRef(RpcUtils.scala:36)
[2026-08-12T21:22:15.155+0000] {subprocess.py:93} INFO - 	at org.apache.spark.storage.BlockManagerMasterEndpoint.driverEndpoint$lzycompute(BlockManagerMasterEndpoint.scala:124)
[2026-08-12T21:22:15.189+0000] {subprocess.py:93} INFO - 	at org.apache.spark.storage.BlockManagerMasterEndpoint.org$apache$spark$storage$BlockManagerMasterEndpoint$$driverEndpoint(BlockManagerMasterEndpoint.scala:123)
[2026-08-12T21:22:15.193+0000] {subprocess.py:93} INFO - 	at org.apache.spark.storage.BlockManagerMasterEndpoint.isExecutorAlive$lzycompute$1(BlockManagerMasterEndpoint.scala:688)
[2026-08-12T21:22:15.203+0000] {subprocess.py:93} INFO - 	at org.apache.spark.storage.BlockManagerMasterEndpoint.isExecutorAlive$1(BlockManagerMasterEndpoint.scala:687)
[2026-08-12T21:22:15.232+0000] {subprocess.py:93} INFO - 	at org.apache.spark.storage.BlockManagerMasterEndpoint.org$apache$spark$storage$BlockManagerMasterEndpoint$$register(BlockManagerMasterEndpoint.scala:725)
[2026-08-12T21:22:15.247+0000] {subprocess.py:93} INFO - 	at org.apache.spark.storage.BlockManagerMasterEndpoint$$anonfun$receiveAndReply$1.applyOrElse(BlockManagerMasterEndpoint.scala:133)
[2026-08-12T21:22:15.253+0000] {subprocess.py:93} INFO - 	at org.apache.spark.rpc.netty.Inbox.$anonfun$process$1(Inbox.scala:103)
[2026-08-12T21:22:15.272+0000] {subprocess.py:93} INFO - 	at org.apache.spark.rpc.netty.Inbox.safelyCall(Inbox.scala:213)
[2026-08-12T21:22:15.318+0000] {subprocess.py:93} INFO - 	at org.apache.spark.rpc.netty.Inbox.process(Inbox.scala:100)
[2026-08-12T21:22:15.334+0000] {subprocess.py:93} INFO - 	at org.apache.spark.rpc.netty.MessageLoop.org$apache$spark$rpc$netty$MessageLoop$$receiveLoop(MessageLoop.scala:75)
[2026-08-12T21:22:15.354+0000] {subprocess.py:93} INFO - 	at org.apache.spark.rpc.netty.MessageLoop$$anon$1.run(MessageLoop.scala:41)
[2026-08-12T21:22:15.367+0000] {subprocess.py:93} INFO - 	... 3 more
[2026-08-12T21:22:15.386+0000] {subprocess.py:93} INFO - Caused by: org.apache.spark.rpc.RpcEndpointNotFoundException: Cannot find endpoint: spark://CoarseGrainedScheduler@4099a95615c9:36011
[2026-08-12T21:22:15.402+0000] {subprocess.py:93} INFO - 	at org.apache.spark.rpc.netty.NettyRpcEnv.$anonfun$asyncSetupEndpointRefByURI$1(NettyRpcEnv.scala:148)
[2026-08-12T21:22:15.434+0000] {subprocess.py:93} INFO - 	at org.apache.spark.rpc.netty.NettyRpcEnv.$anonfun$asyncSetupEndpointRefByURI$1$adapted(NettyRpcEnv.scala:144)
[2026-08-12T21:22:15.464+0000] {subprocess.py:93} INFO - 	at scala.concurrent.Future.$anonfun$flatMap$1(Future.scala:307)
[2026-08-12T21:22:15.468+0000] {subprocess.py:93} INFO - 	at scala.concurrent.impl.Promise.$anonfun$transformWith$1(Promise.scala:41)
[2026-08-12T21:22:15.586+0000] {subprocess.py:93} INFO - 	at scala.concurrent.impl.CallbackRunnable.run(Promise.scala:64)
[2026-08-12T21:22:15.638+0000] {subprocess.py:93} INFO - 	at org.apache.spark.util.ThreadUtils$$anon$1.execute(ThreadUtils.scala:99)
[2026-08-12T21:22:15.643+0000] {subprocess.py:93} INFO - 	at scala.concurrent.impl.ExecutionContextImpl$$anon$4.execute(ExecutionContextImpl.scala:138)
[2026-08-12T21:22:15.654+0000] {subprocess.py:93} INFO - 	at scala.concurrent.impl.CallbackRunnable.executeWithValue(Promise.scala:72)
[2026-08-12T21:22:15.660+0000] {subprocess.py:93} INFO - 	at scala.concurrent.impl.Promise$DefaultPromise.dispatchOrAddCallback(Promise.scala:316)
[2026-08-12T21:22:15.676+0000] {subprocess.py:93} INFO - 	at scala.concurrent.impl.Promise$DefaultPromise.onComplete(Promise.scala:307)
[2026-08-12T21:22:15.680+0000] {subprocess.py:93} INFO - 	at scala.concurrent.impl.Promise.transformWith(Promise.scala:40)
[2026-08-12T21:22:15.688+0000] {subprocess.py:93} INFO - 	at scala.concurrent.impl.Promise.transformWith$(Promise.scala:38)
[2026-08-12T21:22:15.739+0000] {subprocess.py:93} INFO - 	at scala.concurrent.impl.Promise$DefaultPromise.transformWith(Promise.scala:187)
[2026-08-12T21:22:15.763+0000] {subprocess.py:93} INFO - 	at scala.concurrent.Future.flatMap(Future.scala:306)
[2026-08-12T21:22:15.771+0000] {subprocess.py:93} INFO - 	at scala.concurrent.Future.flatMap$(Future.scala:306)
[2026-08-12T21:22:15.780+0000] {subprocess.py:93} INFO - 	at scala.concurrent.impl.Promise$DefaultPromise.flatMap(Promise.scala:187)
[2026-08-12T21:22:15.791+0000] {subprocess.py:93} INFO - 	at org.apache.spark.rpc.netty.NettyRpcEnv.asyncSetupEndpointRefByURI(NettyRpcEnv.scala:150)
[2026-08-12T21:22:15.797+0000] {subprocess.py:93} INFO - 	... 17 more
[2026-08-12T21:22:15.807+0000] {subprocess.py:93} INFO - 26/08/12 21:21:49 ERROR Inbox: Ignoring error
[2026-08-12T21:22:15.811+0000] {subprocess.py:93} INFO - org.apache.spark.SparkException: Exception thrown in awaitResult:
[2026-08-12T21:22:15.815+0000] {subprocess.py:93} INFO - 	at org.apache.spark.util.SparkThreadUtils$.awaitResult(SparkThreadUtils.scala:56)
[2026-08-12T21:22:15.826+0000] {subprocess.py:93} INFO - 	at org.apache.spark.util.ThreadUtils$.awaitResult(ThreadUtils.scala:310)
[2026-08-12T21:22:15.830+0000] {subprocess.py:93} INFO - 	at org.apache.spark.rpc.RpcTimeout.awaitResult(RpcTimeout.scala:75)
[2026-08-12T21:22:15.836+0000] {subprocess.py:93} INFO - 	at org.apache.spark.rpc.RpcEnv.setupEndpointRefByURI(RpcEnv.scala:102)
[2026-08-12T21:22:15.841+0000] {subprocess.py:93} INFO - 	at org.apache.spark.rpc.RpcEnv.setupEndpointRef(RpcEnv.scala:110)
[2026-08-12T21:22:15.849+0000] {subprocess.py:93} INFO - 	at org.apache.spark.util.RpcUtils$.makeDriverRef(RpcUtils.scala:36)
[2026-08-12T21:22:15.856+0000] {subprocess.py:93} INFO - 	at org.apache.spark.storage.BlockManagerMasterEndpoint.driverEndpoint$lzycompute(BlockManagerMasterEndpoint.scala:124)
[2026-08-12T21:22:15.870+0000] {subprocess.py:93} INFO - 	at org.apache.spark.storage.BlockManagerMasterEndpoint.org$apache$spark$storage$BlockManagerMasterEndpoint$$driverEndpoint(BlockManagerMasterEndpoint.scala:123)
[2026-08-12T21:22:15.879+0000] {subprocess.py:93} INFO - 	at org.apache.spark.storage.BlockManagerMasterEndpoint.isExecutorAlive$lzycompute$1(BlockManagerMasterEndpoint.scala:688)
[2026-08-12T21:22:15.910+0000] {subprocess.py:93} INFO - 	at org.apache.spark.storage.BlockManagerMasterEndpoint.isExecutorAlive$1(BlockManagerMasterEndpoint.scala:687)
[2026-08-12T21:22:15.932+0000] {subprocess.py:93} INFO - 	at org.apache.spark.storage.BlockManagerMasterEndpoint.org$apache$spark$storage$BlockManagerMasterEndpoint$$register(BlockManagerMasterEndpoint.scala:725)
[2026-08-12T21:22:15.948+0000] {subprocess.py:93} INFO - 	at org.apache.spark.storage.BlockManagerMasterEndpoint$$anonfun$receiveAndReply$1.applyOrElse(BlockManagerMasterEndpoint.scala:133)
[2026-08-12T21:22:15.960+0000] {subprocess.py:93} INFO - 	at org.apache.spark.rpc.netty.Inbox.$anonfun$process$1(Inbox.scala:103)
[2026-08-12T21:22:15.968+0000] {subprocess.py:93} INFO - 	at org.apache.spark.rpc.netty.Inbox.safelyCall(Inbox.scala:213)
[2026-08-12T21:22:15.976+0000] {subprocess.py:93} INFO - 	at org.apache.spark.rpc.netty.Inbox.process(Inbox.scala:100)
[2026-08-12T21:22:15.978+0000] {subprocess.py:93} INFO - 	at org.apache.spark.rpc.netty.MessageLoop.org$apache$spark$rpc$netty$MessageLoop$$receiveLoop(MessageLoop.scala:75)
[2026-08-12T21:22:15.997+0000] {subprocess.py:93} INFO - 	at org.apache.spark.rpc.netty.MessageLoop$$anon$1.run(MessageLoop.scala:41)
[2026-08-12T21:22:16.006+0000] {subprocess.py:93} INFO - 	at java.base/java.util.concurrent.ThreadPoolExecutor.runWorker(ThreadPoolExecutor.java:1136)
[2026-08-12T21:22:16.022+0000] {subprocess.py:93} INFO - 	at java.base/java.util.concurrent.ThreadPoolExecutor$Worker.run(ThreadPoolExecutor.java:635)
[2026-08-12T21:22:16.036+0000] {subprocess.py:93} INFO - 	at java.base/java.lang.Thread.run(Thread.java:840)
[2026-08-12T21:22:16.068+0000] {subprocess.py:93} INFO - Caused by: org.apache.spark.rpc.RpcEndpointNotFoundException: Cannot find endpoint: spark://CoarseGrainedScheduler@4099a95615c9:36011
[2026-08-12T21:22:16.109+0000] {subprocess.py:93} INFO - 	at org.apache.spark.rpc.netty.NettyRpcEnv.$anonfun$asyncSetupEndpointRefByURI$1(NettyRpcEnv.scala:148)
[2026-08-12T21:22:16.135+0000] {subprocess.py:93} INFO - 	at org.apache.spark.rpc.netty.NettyRpcEnv.$anonfun$asyncSetupEndpointRefByURI$1$adapted(NettyRpcEnv.scala:144)
[2026-08-12T21:22:16.156+0000] {subprocess.py:93} INFO - 	at scala.concurrent.Future.$anonfun$flatMap$1(Future.scala:307)
[2026-08-12T21:22:16.170+0000] {subprocess.py:93} INFO - 	at scala.concurrent.impl.Promise.$anonfun$transformWith$1(Promise.scala:41)
[2026-08-12T21:22:16.186+0000] {subprocess.py:93} INFO - 	at scala.concurrent.impl.CallbackRunnable.run(Promise.scala:64)
[2026-08-12T21:22:16.206+0000] {subprocess.py:93} INFO - 	at org.apache.spark.util.ThreadUtils$$anon$1.execute(ThreadUtils.scala:99)
[2026-08-12T21:22:16.208+0000] {subprocess.py:93} INFO - 	at scala.concurrent.impl.ExecutionContextImpl$$anon$4.execute(ExecutionContextImpl.scala:138)
[2026-08-12T21:22:16.212+0000] {subprocess.py:93} INFO - 	at scala.concurrent.impl.CallbackRunnable.executeWithValue(Promise.scala:72)
[2026-08-12T21:22:16.224+0000] {subprocess.py:93} INFO - 	at scala.concurrent.impl.Promise$DefaultPromise.dispatchOrAddCallback(Promise.scala:316)
[2026-08-12T21:22:16.394+0000] {subprocess.py:93} INFO - 	at scala.concurrent.impl.Promise$DefaultPromise.onComplete(Promise.scala:307)
[2026-08-12T21:22:16.411+0000] {subprocess.py:93} INFO - 	at scala.concurrent.impl.Promise.transformWith(Promise.scala:40)
[2026-08-12T21:22:16.432+0000] {subprocess.py:93} INFO - 	at scala.concurrent.impl.Promise.transformWith$(Promise.scala:38)
[2026-08-12T21:22:16.456+0000] {subprocess.py:93} INFO - 	at scala.concurrent.impl.Promise$DefaultPromise.transformWith(Promise.scala:187)
[2026-08-12T21:22:16.504+0000] {subprocess.py:93} INFO - 	at scala.concurrent.Future.flatMap(Future.scala:306)
[2026-08-12T21:22:16.539+0000] {subprocess.py:93} INFO - 	at scala.concurrent.Future.flatMap$(Future.scala:306)
[2026-08-12T21:22:16.558+0000] {subprocess.py:93} INFO - 	at scala.concurrent.impl.Promise$DefaultPromise.flatMap(Promise.scala:187)
[2026-08-12T21:22:16.644+0000] {subprocess.py:93} INFO - 	at org.apache.spark.rpc.netty.NettyRpcEnv.asyncSetupEndpointRefByURI(NettyRpcEnv.scala:150)
[2026-08-12T21:22:16.747+0000] {subprocess.py:93} INFO - 	... 17 more
[2026-08-12T21:22:16.815+0000] {subprocess.py:93} INFO - 26/08/12 21:21:52 ERROR Inbox: Ignoring error
[2026-08-12T21:22:17.021+0000] {subprocess.py:93} INFO - org.apache.spark.SparkException: Exception thrown in awaitResult:
[2026-08-12T21:22:17.088+0000] {subprocess.py:93} INFO - 	at org.apache.spark.util.SparkThreadUtils$.awaitResult(SparkThreadUtils.scala:56)
[2026-08-12T21:22:17.164+0000] {subprocess.py:93} INFO - 	at org.apache.spark.util.ThreadUtils$.awaitResult(ThreadUtils.scala:310)
[2026-08-12T21:22:17.288+0000] {subprocess.py:93} INFO - 	at org.apache.spark.rpc.RpcTimeout.awaitResult(RpcTimeout.scala:75)
[2026-08-12T21:22:17.316+0000] {subprocess.py:93} INFO - 	at org.apache.spark.rpc.RpcEnv.setupEndpointRefByURI(RpcEnv.scala:102)
[2026-08-12T21:22:17.346+0000] {subprocess.py:93} INFO - 	at org.apache.spark.rpc.RpcEnv.setupEndpointRef(RpcEnv.scala:110)
[2026-08-12T21:22:17.357+0000] {subprocess.py:93} INFO - 	at org.apache.spark.util.RpcUtils$.makeDriverRef(RpcUtils.scala:36)
[2026-08-12T21:22:17.402+0000] {subprocess.py:93} INFO - 	at org.apache.spark.storage.BlockManagerMasterEndpoint.driverEndpoint$lzycompute(BlockManagerMasterEndpoint.scala:124)
[2026-08-12T21:22:17.415+0000] {subprocess.py:93} INFO - 	at org.apache.spark.storage.BlockManagerMasterEndpoint.org$apache$spark$storage$BlockManagerMasterEndpoint$$driverEndpoint(BlockManagerMasterEndpoint.scala:123)
[2026-08-12T21:22:17.481+0000] {subprocess.py:93} INFO - 	at org.apache.spark.storage.BlockManagerMasterEndpoint.isExecutorAlive$lzycompute$1(BlockManagerMasterEndpoint.scala:688)
[2026-08-12T21:22:17.505+0000] {subprocess.py:93} INFO - 	at org.apache.spark.storage.BlockManagerMasterEndpoint.isExecutorAlive$1(BlockManagerMasterEndpoint.scala:687)
[2026-08-12T21:22:17.510+0000] {subprocess.py:93} INFO - 	at org.apache.spark.storage.BlockManagerMasterEndpoint.org$apache$spark$storage$BlockManagerMasterEndpoint$$register(BlockManagerMasterEndpoint.scala:725)
[2026-08-12T21:22:17.518+0000] {subprocess.py:93} INFO - 	at org.apache.spark.storage.BlockManagerMasterEndpoint$$anonfun$receiveAndReply$1.applyOrElse(BlockManagerMasterEndpoint.scala:133)
[2026-08-12T21:22:17.528+0000] {subprocess.py:93} INFO - 	at org.apache.spark.rpc.netty.Inbox.$anonfun$process$1(Inbox.scala:103)
[2026-08-12T21:22:17.542+0000] {subprocess.py:93} INFO - 	at org.apache.spark.rpc.netty.Inbox.safelyCall(Inbox.scala:213)
[2026-08-12T21:22:17.555+0000] {subprocess.py:93} INFO - 	at org.apache.spark.rpc.netty.Inbox.process(Inbox.scala:100)
[2026-08-12T21:22:17.558+0000] {subprocess.py:93} INFO - 	at org.apache.spark.rpc.netty.MessageLoop.org$apache$spark$rpc$netty$MessageLoop$$receiveLoop(MessageLoop.scala:75)
[2026-08-12T21:22:17.569+0000] {subprocess.py:93} INFO - 	at org.apache.spark.rpc.netty.MessageLoop$$anon$1.run(MessageLoop.scala:41)
[2026-08-12T21:22:17.572+0000] {subprocess.py:93} INFO - 	at java.base/java.util.concurrent.ThreadPoolExecutor.runWorker(ThreadPoolExecutor.java:1136)
[2026-08-12T21:22:17.640+0000] {subprocess.py:93} INFO - 	at java.base/java.util.concurrent.ThreadPoolExecutor$Worker.run(ThreadPoolExecutor.java:635)
[2026-08-12T21:22:17.654+0000] {subprocess.py:93} INFO - 	at java.base/java.lang.Thread.run(Thread.java:840)
[2026-08-12T21:22:17.677+0000] {subprocess.py:93} INFO - Caused by: org.apache.spark.rpc.RpcEndpointNotFoundException: Cannot find endpoint: spark://CoarseGrainedScheduler@4099a95615c9:36011
[2026-08-12T21:22:17.694+0000] {subprocess.py:93} INFO - 	at org.apache.spark.rpc.netty.NettyRpcEnv.$anonfun$asyncSetupEndpointRefByURI$1(NettyRpcEnv.scala:148)
[2026-08-12T21:22:17.707+0000] {subprocess.py:93} INFO - 	at org.apache.spark.rpc.netty.NettyRpcEnv.$anonfun$asyncSetupEndpointRefByURI$1$adapted(NettyRpcEnv.scala:144)
[2026-08-12T21:22:17.718+0000] {subprocess.py:93} INFO - 	at scala.concurrent.Future.$anonfun$flatMap$1(Future.scala:307)
[2026-08-12T21:22:17.726+0000] {subprocess.py:93} INFO - 	at scala.concurrent.impl.Promise.$anonfun$transformWith$1(Promise.scala:41)
[2026-08-12T21:22:17.731+0000] {subprocess.py:93} INFO - 	at scala.concurrent.impl.CallbackRunnable.run(Promise.scala:64)
[2026-08-12T21:22:17.747+0000] {subprocess.py:93} INFO - 	at org.apache.spark.util.ThreadUtils$$anon$1.execute(ThreadUtils.scala:99)
[2026-08-12T21:22:17.751+0000] {subprocess.py:93} INFO - 	at scala.concurrent.impl.ExecutionContextImpl$$anon$4.execute(ExecutionContextImpl.scala:138)
[2026-08-12T21:22:17.762+0000] {subprocess.py:93} INFO - 	at scala.concurrent.impl.CallbackRunnable.executeWithValue(Promise.scala:72)
[2026-08-12T21:22:17.767+0000] {subprocess.py:93} INFO - 	at scala.concurrent.impl.Promise$DefaultPromise.dispatchOrAddCallback(Promise.scala:316)
[2026-08-12T21:22:17.783+0000] {subprocess.py:93} INFO - 	at scala.concurrent.impl.Promise$DefaultPromise.onComplete(Promise.scala:307)
[2026-08-12T21:22:17.788+0000] {subprocess.py:93} INFO - 	at scala.concurrent.impl.Promise.transformWith(Promise.scala:40)
[2026-08-12T21:22:17.793+0000] {subprocess.py:93} INFO - 	at scala.concurrent.impl.Promise.transformWith$(Promise.scala:38)
[2026-08-12T21:22:17.823+0000] {subprocess.py:93} INFO - 	at scala.concurrent.impl.Promise$DefaultPromise.transformWith(Promise.scala:187)
[2026-08-12T21:22:17.862+0000] {subprocess.py:93} INFO - 	at scala.concurrent.Future.flatMap(Future.scala:306)
[2026-08-12T21:22:17.870+0000] {subprocess.py:93} INFO - 	at scala.concurrent.Future.flatMap$(Future.scala:306)
[2026-08-12T21:22:17.885+0000] {subprocess.py:93} INFO - 	at scala.concurrent.impl.Promise$DefaultPromise.flatMap(Promise.scala:187)
[2026-08-12T21:22:17.894+0000] {subprocess.py:93} INFO - 	at org.apache.spark.rpc.netty.NettyRpcEnv.asyncSetupEndpointRefByURI(NettyRpcEnv.scala:150)
[2026-08-12T21:22:17.898+0000] {subprocess.py:93} INFO - 	... 17 more
[2026-08-12T21:22:17.932+0000] {subprocess.py:93} INFO - 26/08/12 21:21:52 WARN Executor: Issue communicating with driver in heartbeater
[2026-08-12T21:22:17.939+0000] {subprocess.py:93} INFO - org.apache.spark.SparkException: Exception thrown in awaitResult:
[2026-08-12T21:22:17.944+0000] {subprocess.py:93} INFO - 	at org.apache.spark.util.SparkThreadUtils$.awaitResult(SparkThreadUtils.scala:56)
[2026-08-12T21:22:17.970+0000] {subprocess.py:93} INFO - 	at org.apache.spark.util.ThreadUtils$.awaitResult(ThreadUtils.scala:310)
[2026-08-12T21:22:17.981+0000] {subprocess.py:93} INFO - 	at org.apache.spark.rpc.RpcTimeout.awaitResult(RpcTimeout.scala:75)
[2026-08-12T21:22:18.004+0000] {subprocess.py:93} INFO - 	at org.apache.spark.rpc.RpcEndpointRef.askSync(RpcEndpointRef.scala:101)
[2026-08-12T21:22:18.022+0000] {subprocess.py:93} INFO - 	at org.apache.spark.rpc.RpcEndpointRef.askSync(RpcEndpointRef.scala:85)
[2026-08-12T21:22:18.040+0000] {subprocess.py:93} INFO - 	at org.apache.spark.storage.BlockManagerMaster.registerBlockManager(BlockManagerMaster.scala:80)
[2026-08-12T21:22:18.072+0000] {subprocess.py:93} INFO - 	at org.apache.spark.storage.BlockManager.reregister(BlockManager.scala:642)
[2026-08-12T21:22:18.096+0000] {subprocess.py:93} INFO - 	at org.apache.spark.executor.Executor.reportHeartBeat(Executor.scala:1223)
[2026-08-12T21:22:18.124+0000] {subprocess.py:93} INFO - 	at org.apache.spark.executor.Executor.$anonfun$heartbeater$1(Executor.scala:295)
[2026-08-12T21:22:18.140+0000] {subprocess.py:93} INFO - 	at scala.runtime.java8.JFunction0$mcV$sp.apply(JFunction0$mcV$sp.java:23)
[2026-08-12T21:22:18.188+0000] {subprocess.py:93} INFO - 	at org.apache.spark.util.Utils$.logUncaughtExceptions(Utils.scala:1928)
[2026-08-12T21:22:18.284+0000] {subprocess.py:93} INFO - 	at org.apache.spark.Heartbeater$$anon$1.run(Heartbeater.scala:46)
[2026-08-12T21:22:18.304+0000] {subprocess.py:93} INFO - 	at java.base/java.util.concurrent.Executors$RunnableAdapter.call(Executors.java:539)
[2026-08-12T21:22:18.326+0000] {subprocess.py:93} INFO - 	at java.base/java.util.concurrent.FutureTask.runAndReset(FutureTask.java:305)
[2026-08-12T21:22:18.403+0000] {subprocess.py:93} INFO - 	at java.base/java.util.concurrent.ScheduledThreadPoolExecutor$ScheduledFutureTask.run(ScheduledThreadPoolExecutor.java:305)
[2026-08-12T21:22:18.477+0000] {subprocess.py:93} INFO - 	at java.base/java.util.concurrent.ThreadPoolExecutor.runWorker(ThreadPoolExecutor.java:1136)
[2026-08-12T21:22:18.493+0000] {subprocess.py:93} INFO - 	at java.base/java.util.concurrent.ThreadPoolExecutor$Worker.run(ThreadPoolExecutor.java:635)
[2026-08-12T21:22:18.589+0000] {subprocess.py:93} INFO - 	at java.base/java.lang.Thread.run(Thread.java:840)
[2026-08-12T21:22:18.605+0000] {subprocess.py:93} INFO - Caused by: org.apache.spark.SparkException: Exception thrown in awaitResult:
[2026-08-12T21:22:18.624+0000] {subprocess.py:93} INFO - 	at org.apache.spark.util.SparkThreadUtils$.awaitResult(SparkThreadUtils.scala:56)
[2026-08-12T21:22:18.653+0000] {subprocess.py:93} INFO - 	at org.apache.spark.util.ThreadUtils$.awaitResult(ThreadUtils.scala:310)
[2026-08-12T21:22:18.674+0000] {subprocess.py:93} INFO - 	at org.apache.spark.rpc.RpcTimeout.awaitResult(RpcTimeout.scala:75)
[2026-08-12T21:22:18.684+0000] {subprocess.py:93} INFO - 	at org.apache.spark.rpc.RpcEnv.setupEndpointRefByURI(RpcEnv.scala:102)
[2026-08-12T21:22:18.695+0000] {subprocess.py:93} INFO - 	at org.apache.spark.rpc.RpcEnv.setupEndpointRef(RpcEnv.scala:110)
[2026-08-12T21:22:18.699+0000] {subprocess.py:93} INFO - 	at org.apache.spark.util.RpcUtils$.makeDriverRef(RpcUtils.scala:36)
[2026-08-12T21:22:18.732+0000] {subprocess.py:93} INFO - 	at org.apache.spark.storage.BlockManagerMasterEndpoint.driverEndpoint$lzycompute(BlockManagerMasterEndpoint.scala:124)
[2026-08-12T21:22:18.735+0000] {subprocess.py:93} INFO - 	at org.apache.spark.storage.BlockManagerMasterEndpoint.org$apache$spark$storage$BlockManagerMasterEndpoint$$driverEndpoint(BlockManagerMasterEndpoint.scala:123)
[2026-08-12T21:22:18.740+0000] {subprocess.py:93} INFO - 	at org.apache.spark.storage.BlockManagerMasterEndpoint.isExecutorAlive$lzycompute$1(BlockManagerMasterEndpoint.scala:688)
[2026-08-12T21:22:18.793+0000] {subprocess.py:93} INFO - 	at org.apache.spark.storage.BlockManagerMasterEndpoint.isExecutorAlive$1(BlockManagerMasterEndpoint.scala:687)
[2026-08-12T21:22:18.849+0000] {subprocess.py:93} INFO - 	at org.apache.spark.storage.BlockManagerMasterEndpoint.org$apache$spark$storage$BlockManagerMasterEndpoint$$register(BlockManagerMasterEndpoint.scala:725)
[2026-08-12T21:22:18.869+0000] {subprocess.py:93} INFO - 	at org.apache.spark.storage.BlockManagerMasterEndpoint$$anonfun$receiveAndReply$1.applyOrElse(BlockManagerMasterEndpoint.scala:133)
[2026-08-12T21:22:18.948+0000] {subprocess.py:93} INFO - 	at org.apache.spark.rpc.netty.Inbox.$anonfun$process$1(Inbox.scala:103)
[2026-08-12T21:22:18.985+0000] {subprocess.py:93} INFO - 	at org.apache.spark.rpc.netty.Inbox.safelyCall(Inbox.scala:213)
[2026-08-12T21:22:19.029+0000] {subprocess.py:93} INFO - 	at org.apache.spark.rpc.netty.Inbox.process(Inbox.scala:100)
[2026-08-12T21:22:19.068+0000] {subprocess.py:93} INFO - 	at org.apache.spark.rpc.netty.MessageLoop.org$apache$spark$rpc$netty$MessageLoop$$receiveLoop(MessageLoop.scala:75)
[2026-08-12T21:22:19.090+0000] {subprocess.py:93} INFO - 	at org.apache.spark.rpc.netty.MessageLoop$$anon$1.run(MessageLoop.scala:41)
[2026-08-12T21:22:19.144+0000] {subprocess.py:93} INFO - 	... 3 more
[2026-08-12T21:22:19.160+0000] {subprocess.py:93} INFO - Caused by: org.apache.spark.rpc.RpcEndpointNotFoundException: Cannot find endpoint: spark://CoarseGrainedScheduler@4099a95615c9:36011
[2026-08-12T21:22:19.166+0000] {subprocess.py:93} INFO - 	at org.apache.spark.rpc.netty.NettyRpcEnv.$anonfun$asyncSetupEndpointRefByURI$1(NettyRpcEnv.scala:148)
[2026-08-12T21:22:19.196+0000] {subprocess.py:93} INFO - 	at org.apache.spark.rpc.netty.NettyRpcEnv.$anonfun$asyncSetupEndpointRefByURI$1$adapted(NettyRpcEnv.scala:144)
[2026-08-12T21:22:19.202+0000] {subprocess.py:93} INFO - 	at scala.concurrent.Future.$anonfun$flatMap$1(Future.scala:307)
[2026-08-12T21:22:19.293+0000] {subprocess.py:93} INFO - 	at scala.concurrent.impl.Promise.$anonfun$transformWith$1(Promise.scala:41)
[2026-08-12T21:22:19.296+0000] {subprocess.py:93} INFO - 	at scala.concurrent.impl.CallbackRunnable.run(Promise.scala:64)
[2026-08-12T21:22:19.300+0000] {subprocess.py:93} INFO - 	at org.apache.spark.util.ThreadUtils$$anon$1.execute(ThreadUtils.scala:99)
[2026-08-12T21:22:19.308+0000] {subprocess.py:93} INFO - 	at scala.concurrent.impl.ExecutionContextImpl$$anon$4.execute(ExecutionContextImpl.scala:138)
[2026-08-12T21:22:19.311+0000] {subprocess.py:93} INFO - 	at scala.concurrent.impl.CallbackRunnable.executeWithValue(Promise.scala:72)
[2026-08-12T21:22:19.336+0000] {subprocess.py:93} INFO - 	at scala.concurrent.impl.Promise$DefaultPromise.dispatchOrAddCallback(Promise.scala:316)
[2026-08-12T21:22:19.343+0000] {subprocess.py:93} INFO - 	at scala.concurrent.impl.Promise$DefaultPromise.onComplete(Promise.scala:307)
[2026-08-12T21:22:19.347+0000] {subprocess.py:93} INFO - 	at scala.concurrent.impl.Promise.transformWith(Promise.scala:40)
[2026-08-12T21:22:19.352+0000] {subprocess.py:93} INFO - 	at scala.concurrent.impl.Promise.transformWith$(Promise.scala:38)
[2026-08-12T21:22:19.425+0000] {subprocess.py:93} INFO - 	at scala.concurrent.impl.Promise$DefaultPromise.transformWith(Promise.scala:187)
[2026-08-12T21:22:19.454+0000] {subprocess.py:93} INFO - 	at scala.concurrent.Future.flatMap(Future.scala:306)
[2026-08-12T21:22:19.463+0000] {subprocess.py:93} INFO - 	at scala.concurrent.Future.flatMap$(Future.scala:306)
[2026-08-12T21:22:19.472+0000] {subprocess.py:93} INFO - 	at scala.concurrent.impl.Promise$DefaultPromise.flatMap(Promise.scala:187)
[2026-08-12T21:22:19.479+0000] {subprocess.py:93} INFO - 	at org.apache.spark.rpc.netty.NettyRpcEnv.asyncSetupEndpointRefByURI(NettyRpcEnv.scala:150)
[2026-08-12T21:22:19.499+0000] {subprocess.py:93} INFO - 	... 17 more
[2026-08-12T21:22:19.524+0000] {subprocess.py:93} INFO - 26/08/12 21:22:01 ERROR Inbox: Ignoring error
[2026-08-12T21:22:19.548+0000] {subprocess.py:93} INFO - org.apache.spark.SparkException: Exception thrown in awaitResult:
[2026-08-12T21:22:19.564+0000] {subprocess.py:93} INFO - 	at org.apache.spark.util.SparkThreadUtils$.awaitResult(SparkThreadUtils.scala:56)
[2026-08-12T21:22:19.597+0000] {subprocess.py:93} INFO - 	at org.apache.spark.util.ThreadUtils$.awaitResult(ThreadUtils.scala:310)
[2026-08-12T21:22:19.602+0000] {subprocess.py:93} INFO - 	at org.apache.spark.rpc.RpcTimeout.awaitResult(RpcTimeout.scala:75)
[2026-08-12T21:22:19.620+0000] {subprocess.py:93} INFO - 	at org.apache.spark.rpc.RpcEnv.setupEndpointRefByURI(RpcEnv.scala:102)
[2026-08-12T21:22:19.632+0000] {subprocess.py:93} INFO - 	at org.apache.spark.rpc.RpcEnv.setupEndpointRef(RpcEnv.scala:110)
[2026-08-12T21:22:19.647+0000] {subprocess.py:93} INFO - 	at org.apache.spark.util.RpcUtils$.makeDriverRef(RpcUtils.scala:36)
[2026-08-12T21:22:19.658+0000] {subprocess.py:93} INFO - 	at org.apache.spark.storage.BlockManagerMasterEndpoint.driverEndpoint$lzycompute(BlockManagerMasterEndpoint.scala:124)
[2026-08-12T21:22:19.692+0000] {subprocess.py:93} INFO - 	at org.apache.spark.storage.BlockManagerMasterEndpoint.org$apache$spark$storage$BlockManagerMasterEndpoint$$driverEndpoint(BlockManagerMasterEndpoint.scala:123)
[2026-08-12T21:22:19.703+0000] {subprocess.py:93} INFO - 	at org.apache.spark.storage.BlockManagerMasterEndpoint.isExecutorAlive$lzycompute$1(BlockManagerMasterEndpoint.scala:688)
[2026-08-12T21:22:19.714+0000] {subprocess.py:93} INFO - 	at org.apache.spark.storage.BlockManagerMasterEndpoint.isExecutorAlive$1(BlockManagerMasterEndpoint.scala:687)
[2026-08-12T21:22:19.744+0000] {subprocess.py:93} INFO - 	at org.apache.spark.storage.BlockManagerMasterEndpoint.org$apache$spark$storage$BlockManagerMasterEndpoint$$register(BlockManagerMasterEndpoint.scala:725)
[2026-08-12T21:22:19.776+0000] {subprocess.py:93} INFO - 	at org.apache.spark.storage.BlockManagerMasterEndpoint$$anonfun$receiveAndReply$1.applyOrElse(BlockManagerMasterEndpoint.scala:133)
[2026-08-12T21:22:19.824+0000] {subprocess.py:93} INFO - 	at org.apache.spark.rpc.netty.Inbox.$anonfun$process$1(Inbox.scala:103)
[2026-08-12T21:22:19.889+0000] {subprocess.py:93} INFO - 	at org.apache.spark.rpc.netty.Inbox.safelyCall(Inbox.scala:213)
[2026-08-12T21:22:19.896+0000] {subprocess.py:93} INFO - 	at org.apache.spark.rpc.netty.Inbox.process(Inbox.scala:100)
[2026-08-12T21:22:19.992+0000] {subprocess.py:93} INFO - 	at org.apache.spark.rpc.netty.MessageLoop.org$apache$spark$rpc$netty$MessageLoop$$receiveLoop(MessageLoop.scala:75)
[2026-08-12T21:22:20.028+0000] {subprocess.py:93} INFO - 	at org.apache.spark.rpc.netty.MessageLoop$$anon$1.run(MessageLoop.scala:41)
[2026-08-12T21:22:20.032+0000] {subprocess.py:93} INFO - 	at java.base/java.util.concurrent.ThreadPoolExecutor.runWorker(ThreadPoolExecutor.java:1136)
[2026-08-12T21:22:20.078+0000] {subprocess.py:93} INFO - 	at java.base/java.util.concurrent.ThreadPoolExecutor$Worker.run(ThreadPoolExecutor.java:635)
[2026-08-12T21:22:20.368+0000] {subprocess.py:93} INFO - 	at java.base/java.lang.Thread.run(Thread.java:840)
[2026-08-12T21:22:20.400+0000] {subprocess.py:93} INFO - Caused by: org.apache.spark.rpc.RpcEndpointNotFoundException: Cannot find endpoint: spark://CoarseGrainedScheduler@4099a95615c9:36011
[2026-08-12T21:22:20.411+0000] {subprocess.py:93} INFO - 	at org.apache.spark.rpc.netty.NettyRpcEnv.$anonfun$asyncSetupEndpointRefByURI$1(NettyRpcEnv.scala:148)
[2026-08-12T21:22:20.472+0000] {subprocess.py:93} INFO - 	at org.apache.spark.rpc.netty.NettyRpcEnv.$anonfun$asyncSetupEndpointRefByURI$1$adapted(NettyRpcEnv.scala:144)
[2026-08-12T21:22:20.484+0000] {subprocess.py:93} INFO - 	at scala.concurrent.Future.$anonfun$flatMap$1(Future.scala:307)
[2026-08-12T21:22:20.508+0000] {subprocess.py:93} INFO - 	at scala.concurrent.impl.Promise.$anonfun$transformWith$1(Promise.scala:41)
[2026-08-12T21:22:20.524+0000] {subprocess.py:93} INFO - 	at scala.concurrent.impl.CallbackRunnable.run(Promise.scala:64)
[2026-08-12T21:22:20.529+0000] {subprocess.py:93} INFO - 	at org.apache.spark.util.ThreadUtils$$anon$1.execute(ThreadUtils.scala:99)
[2026-08-12T21:22:20.598+0000] {subprocess.py:93} INFO - 	at scala.concurrent.impl.ExecutionContextImpl$$anon$4.execute(ExecutionContextImpl.scala:138)
[2026-08-12T21:22:20.616+0000] {subprocess.py:93} INFO - 	at scala.concurrent.impl.CallbackRunnable.executeWithValue(Promise.scala:72)
[2026-08-12T21:22:20.621+0000] {subprocess.py:93} INFO - 	at scala.concurrent.impl.Promise$DefaultPromise.$anonfun$tryComplete$1(Promise.scala:288)
[2026-08-12T21:22:20.633+0000] {subprocess.py:93} INFO - 	at scala.concurrent.impl.Promise$DefaultPromise.$anonfun$tryComplete$1$adapted(Promise.scala:288)
[2026-08-12T21:22:20.736+0000] {subprocess.py:93} INFO - 	at scala.concurrent.impl.Promise$DefaultPromise.tryComplete(Promise.scala:288)
[2026-08-12T21:22:20.756+0000] {subprocess.py:93} INFO - 	at scala.concurrent.Promise.complete(Promise.scala:53)
[2026-08-12T21:22:20.770+0000] {subprocess.py:93} INFO - 	at scala.concurrent.Promise.complete$(Promise.scala:52)
[2026-08-12T21:22:20.815+0000] {subprocess.py:93} INFO - 	at scala.concurrent.impl.Promise$DefaultPromise.complete(Promise.scala:187)
[2026-08-12T21:22:20.842+0000] {subprocess.py:93} INFO - 	at scala.concurrent.impl.Promise.$anonfun$transform$1(Promise.scala:33)
[2026-08-12T21:22:20.878+0000] {subprocess.py:93} INFO - 	at scala.concurrent.impl.CallbackRunnable.run(Promise.scala:64)
[2026-08-12T21:22:20.913+0000] {subprocess.py:93} INFO - 	at org.apache.spark.util.ThreadUtils$$anon$1.execute(ThreadUtils.scala:99)
[2026-08-12T21:22:20.936+0000] {subprocess.py:93} INFO - 	at scala.concurrent.impl.ExecutionContextImpl$$anon$4.execute(ExecutionContextImpl.scala:138)
[2026-08-12T21:22:20.952+0000] {subprocess.py:93} INFO - 	at scala.concurrent.impl.CallbackRunnable.executeWithValue(Promise.scala:72)
[2026-08-12T21:22:20.964+0000] {subprocess.py:93} INFO - 	at scala.concurrent.impl.Promise$DefaultPromise.$anonfun$tryComplete$1(Promise.scala:288)
[2026-08-12T21:22:20.980+0000] {subprocess.py:93} INFO - 	at scala.concurrent.impl.Promise$DefaultPromise.$anonfun$tryComplete$1$adapted(Promise.scala:288)
[2026-08-12T21:22:21.032+0000] {subprocess.py:93} INFO - 	at scala.concurrent.impl.Promise$DefaultPromise.tryComplete(Promise.scala:288)
[2026-08-12T21:22:21.050+0000] {subprocess.py:93} INFO - 	at scala.concurrent.Promise.complete(Promise.scala:53)
[2026-08-12T21:22:21.065+0000] {subprocess.py:93} INFO - 	at scala.concurrent.Promise.complete$(Promise.scala:52)
[2026-08-12T21:22:21.086+0000] {subprocess.py:93} INFO - 	at scala.concurrent.impl.Promise$DefaultPromise.complete(Promise.scala:187)
[2026-08-12T21:22:21.106+0000] {subprocess.py:93} INFO - 	at scala.concurrent.impl.Promise.$anonfun$transform$1(Promise.scala:33)
[2026-08-12T21:22:21.136+0000] {subprocess.py:93} INFO - 	at scala.concurrent.impl.CallbackRunnable.run(Promise.scala:64)
[2026-08-12T21:22:21.162+0000] {subprocess.py:93} INFO - 	at scala.concurrent.BatchingExecutor$Batch.processBatch$1(BatchingExecutor.scala:67)
[2026-08-12T21:22:21.173+0000] {subprocess.py:93} INFO - 	at scala.concurrent.BatchingExecutor$Batch.$anonfun$run$1(BatchingExecutor.scala:82)
[2026-08-12T21:22:21.288+0000] {subprocess.py:93} INFO - 	at scala.runtime.java8.JFunction0$mcV$sp.apply(JFunction0$mcV$sp.java:23)
[2026-08-12T21:22:21.523+0000] {subprocess.py:93} INFO - 	at scala.concurrent.BlockContext$.withBlockContext(BlockContext.scala:85)
[2026-08-12T21:22:21.548+0000] {subprocess.py:93} INFO - 	at scala.concurrent.BatchingExecutor$Batch.run(BatchingExecutor.scala:59)
[2026-08-12T21:22:21.581+0000] {subprocess.py:93} INFO - 	at scala.concurrent.Future$InternalCallbackExecutor$.unbatchedExecute(Future.scala:875)
[2026-08-12T21:22:21.608+0000] {subprocess.py:93} INFO - 	at scala.concurrent.BatchingExecutor.execute(BatchingExecutor.scala:110)
[2026-08-12T21:22:21.792+0000] {subprocess.py:93} INFO - 	at scala.concurrent.BatchingExecutor.execute$(BatchingExecutor.scala:107)
[2026-08-12T21:22:21.812+0000] {subprocess.py:93} INFO - 	at scala.concurrent.Future$InternalCallbackExecutor$.execute(Future.scala:873)
[2026-08-12T21:22:21.817+0000] {subprocess.py:93} INFO - 	at scala.concurrent.impl.CallbackRunnable.executeWithValue(Promise.scala:72)
[2026-08-12T21:22:21.852+0000] {subprocess.py:93} INFO - 	at scala.concurrent.impl.Promise$DefaultPromise.$anonfun$tryComplete$1(Promise.scala:288)
[2026-08-12T21:22:21.919+0000] {subprocess.py:93} INFO - 	at scala.concurrent.impl.Promise$DefaultPromise.$anonfun$tryComplete$1$adapted(Promise.scala:288)
[2026-08-12T21:22:21.956+0000] {subprocess.py:93} INFO - 	at scala.concurrent.impl.Promise$DefaultPromise.tryComplete(Promise.scala:288)
[2026-08-12T21:22:21.975+0000] {subprocess.py:93} INFO - 	at scala.concurrent.Promise.trySuccess(Promise.scala:94)
[2026-08-12T21:22:21.984+0000] {subprocess.py:93} INFO - 	at scala.concurrent.Promise.trySuccess$(Promise.scala:94)
[2026-08-12T21:22:21.988+0000] {subprocess.py:93} INFO - 	at scala.concurrent.impl.Promise$DefaultPromise.trySuccess(Promise.scala:187)
[2026-08-12T21:22:22.007+0000] {subprocess.py:93} INFO - 	at org.apache.spark.rpc.netty.NettyRpcEnv.onSuccess$1(NettyRpcEnv.scala:225)
[2026-08-12T21:22:22.010+0000] {subprocess.py:93} INFO - 	at org.apache.spark.rpc.netty.NettyRpcEnv.$anonfun$askAbortable$5(NettyRpcEnv.scala:239)
[2026-08-12T21:22:22.015+0000] {subprocess.py:93} INFO - 	at org.apache.spark.rpc.netty.NettyRpcEnv.$anonfun$askAbortable$5$adapted(NettyRpcEnv.scala:238)
[2026-08-12T21:22:22.019+0000] {subprocess.py:93} INFO - 	at scala.concurrent.impl.CallbackRunnable.run(Promise.scala:64)
[2026-08-12T21:22:22.029+0000] {subprocess.py:93} INFO - 	at org.apache.spark.util.ThreadUtils$$anon$1.execute(ThreadUtils.scala:99)
[2026-08-12T21:22:22.047+0000] {subprocess.py:93} INFO - 	at scala.concurrent.impl.ExecutionContextImpl$$anon$4.execute(ExecutionContextImpl.scala:138)
[2026-08-12T21:22:22.076+0000] {subprocess.py:93} INFO - 	at scala.concurrent.impl.CallbackRunnable.executeWithValue(Promise.scala:72)
[2026-08-12T21:22:22.112+0000] {subprocess.py:93} INFO - 	at scala.concurrent.impl.Promise$DefaultPromise.$anonfun$tryComplete$1(Promise.scala:288)
[2026-08-12T21:22:22.188+0000] {subprocess.py:93} INFO - 	at scala.concurrent.impl.Promise$DefaultPromise.$anonfun$tryComplete$1$adapted(Promise.scala:288)
[2026-08-12T21:22:22.194+0000] {subprocess.py:93} INFO - 	at scala.concurrent.impl.Promise$DefaultPromise.tryComplete(Promise.scala:288)
[2026-08-12T21:22:22.371+0000] {subprocess.py:93} INFO - 	at scala.concurrent.Promise.complete(Promise.scala:53)
[2026-08-12T21:22:22.426+0000] {subprocess.py:93} INFO - 	at scala.concurrent.Promise.complete$(Promise.scala:52)
[2026-08-12T21:22:22.449+0000] {subprocess.py:93} INFO - 	at scala.concurrent.impl.Promise$DefaultPromise.complete(Promise.scala:187)
[2026-08-12T21:22:22.480+0000] {subprocess.py:93} INFO - 	at scala.concurrent.Promise.success(Promise.scala:86)
[2026-08-12T21:22:22.492+0000] {subprocess.py:93} INFO - 	at scala.concurrent.Promise.success$(Promise.scala:86)
[2026-08-12T21:22:22.522+0000] {subprocess.py:93} INFO - 	at scala.concurrent.impl.Promise$DefaultPromise.success(Promise.scala:187)
[2026-08-12T21:22:22.530+0000] {subprocess.py:93} INFO - 	at org.apache.spark.rpc.netty.LocalNettyRpcCallContext.send(NettyRpcCallContext.scala:50)
[2026-08-12T21:22:22.550+0000] {subprocess.py:93} INFO - 	at org.apache.spark.rpc.netty.NettyRpcCallContext.reply(NettyRpcCallContext.scala:32)
[2026-08-12T21:22:22.575+0000] {subprocess.py:93} INFO - 	at org.apache.spark.rpc.netty.RpcEndpointVerifier$$anonfun$receiveAndReply$1.applyOrElse(RpcEndpointVerifier.scala:31)
[2026-08-12T21:22:22.596+0000] {subprocess.py:93} INFO - 	... 8 more
[2026-08-12T21:22:22.658+0000] {subprocess.py:93} INFO - 26/08/12 21:22:01 WARN Executor: Issue communicating with driver in heartbeater
[2026-08-12T21:22:22.676+0000] {subprocess.py:93} INFO - org.apache.spark.SparkException: Exception thrown in awaitResult:
[2026-08-12T21:22:22.692+0000] {subprocess.py:93} INFO - 	at org.apache.spark.util.SparkThreadUtils$.awaitResult(SparkThreadUtils.scala:56)
[2026-08-12T21:22:22.726+0000] {subprocess.py:93} INFO - 	at org.apache.spark.util.ThreadUtils$.awaitResult(ThreadUtils.scala:310)
[2026-08-12T21:22:22.780+0000] {subprocess.py:93} INFO - 	at org.apache.spark.rpc.RpcTimeout.awaitResult(RpcTimeout.scala:75)
[2026-08-12T21:22:22.793+0000] {subprocess.py:93} INFO - 	at org.apache.spark.rpc.RpcEndpointRef.askSync(RpcEndpointRef.scala:101)
[2026-08-12T21:22:22.857+0000] {subprocess.py:93} INFO - 	at org.apache.spark.rpc.RpcEndpointRef.askSync(RpcEndpointRef.scala:85)
[2026-08-12T21:22:22.892+0000] {subprocess.py:93} INFO - 	at org.apache.spark.storage.BlockManagerMaster.registerBlockManager(BlockManagerMaster.scala:80)
[2026-08-12T21:22:22.941+0000] {subprocess.py:93} INFO - 	at org.apache.spark.storage.BlockManager.reregister(BlockManager.scala:642)
[2026-08-12T21:22:23.046+0000] {subprocess.py:93} INFO - 	at org.apache.spark.executor.Executor.reportHeartBeat(Executor.scala:1223)
[2026-08-12T21:22:23.065+0000] {subprocess.py:93} INFO - 	at org.apache.spark.executor.Executor.$anonfun$heartbeater$1(Executor.scala:295)
[2026-08-12T21:22:23.081+0000] {subprocess.py:93} INFO - 	at scala.runtime.java8.JFunction0$mcV$sp.apply(JFunction0$mcV$sp.java:23)
[2026-08-12T21:22:23.114+0000] {subprocess.py:93} INFO - 	at org.apache.spark.util.Utils$.logUncaughtExceptions(Utils.scala:1928)
[2026-08-12T21:22:23.145+0000] {subprocess.py:93} INFO - 	at org.apache.spark.Heartbeater$$anon$1.run(Heartbeater.scala:46)
[2026-08-12T21:22:23.161+0000] {subprocess.py:93} INFO - 	at java.base/java.util.concurrent.Executors$RunnableAdapter.call(Executors.java:539)
[2026-08-12T21:22:23.178+0000] {subprocess.py:93} INFO - 	at java.base/java.util.concurrent.FutureTask.runAndReset(FutureTask.java:305)
[2026-08-12T21:22:23.284+0000] {subprocess.py:93} INFO - 	at java.base/java.util.concurrent.ScheduledThreadPoolExecutor$ScheduledFutureTask.run(ScheduledThreadPoolExecutor.java:305)
[2026-08-12T21:22:23.313+0000] {subprocess.py:93} INFO - 	at java.base/java.util.concurrent.ThreadPoolExecutor.runWorker(ThreadPoolExecutor.java:1136)
[2026-08-12T21:22:23.333+0000] {subprocess.py:93} INFO - 	at java.base/java.util.concurrent.ThreadPoolExecutor$Worker.run(ThreadPoolExecutor.java:635)
[2026-08-12T21:22:23.376+0000] {subprocess.py:93} INFO - 	at java.base/java.lang.Thread.run(Thread.java:840)
[2026-08-12T21:22:23.381+0000] {subprocess.py:93} INFO - Caused by: org.apache.spark.SparkException: Exception thrown in awaitResult:
[2026-08-12T21:22:23.383+0000] {subprocess.py:93} INFO - 	at org.apache.spark.util.SparkThreadUtils$.awaitResult(SparkThreadUtils.scala:56)
[2026-08-12T21:22:23.386+0000] {subprocess.py:93} INFO - 	at org.apache.spark.util.ThreadUtils$.awaitResult(ThreadUtils.scala:310)
[2026-08-12T21:22:23.398+0000] {subprocess.py:93} INFO - 	at org.apache.spark.rpc.RpcTimeout.awaitResult(RpcTimeout.scala:75)
[2026-08-12T21:22:23.416+0000] {subprocess.py:93} INFO - 	at org.apache.spark.rpc.RpcEnv.setupEndpointRefByURI(RpcEnv.scala:102)
[2026-08-12T21:22:23.449+0000] {subprocess.py:93} INFO - 	at org.apache.spark.rpc.RpcEnv.setupEndpointRef(RpcEnv.scala:110)
[2026-08-12T21:22:23.454+0000] {subprocess.py:93} INFO - 	at org.apache.spark.util.RpcUtils$.makeDriverRef(RpcUtils.scala:36)
[2026-08-12T21:22:23.464+0000] {subprocess.py:93} INFO - 	at org.apache.spark.storage.BlockManagerMasterEndpoint.driverEndpoint$lzycompute(BlockManagerMasterEndpoint.scala:124)
[2026-08-12T21:22:23.468+0000] {subprocess.py:93} INFO - 	at org.apache.spark.storage.BlockManagerMasterEndpoint.org$apache$spark$storage$BlockManagerMasterEndpoint$$driverEndpoint(BlockManagerMasterEndpoint.scala:123)
[2026-08-12T21:22:23.490+0000] {subprocess.py:93} INFO - 	at org.apache.spark.storage.BlockManagerMasterEndpoint.isExecutorAlive$lzycompute$1(BlockManagerMasterEndpoint.scala:688)
[2026-08-12T21:22:23.496+0000] {subprocess.py:93} INFO - 	at org.apache.spark.storage.BlockManagerMasterEndpoint.isExecutorAlive$1(BlockManagerMasterEndpoint.scala:687)
[2026-08-12T21:22:23.502+0000] {subprocess.py:93} INFO - 	at org.apache.spark.storage.BlockManagerMasterEndpoint.org$apache$spark$storage$BlockManagerMasterEndpoint$$register(BlockManagerMasterEndpoint.scala:725)
[2026-08-12T21:22:23.514+0000] {subprocess.py:93} INFO - 	at org.apache.spark.storage.BlockManagerMasterEndpoint$$anonfun$receiveAndReply$1.applyOrElse(BlockManagerMasterEndpoint.scala:133)
[2026-08-12T21:22:23.521+0000] {subprocess.py:93} INFO - 	at org.apache.spark.rpc.netty.Inbox.$anonfun$process$1(Inbox.scala:103)
[2026-08-12T21:22:23.536+0000] {subprocess.py:93} INFO - 	at org.apache.spark.rpc.netty.Inbox.safelyCall(Inbox.scala:213)
[2026-08-12T21:22:23.550+0000] {subprocess.py:93} INFO - 	at org.apache.spark.rpc.netty.Inbox.process(Inbox.scala:100)
[2026-08-12T21:22:23.559+0000] {subprocess.py:93} INFO - 	at org.apache.spark.rpc.netty.MessageLoop.org$apache$spark$rpc$netty$MessageLoop$$receiveLoop(MessageLoop.scala:75)
[2026-08-12T21:22:23.573+0000] {subprocess.py:93} INFO - 	at org.apache.spark.rpc.netty.MessageLoop$$anon$1.run(MessageLoop.scala:41)
[2026-08-12T21:22:23.605+0000] {subprocess.py:93} INFO - 	... 3 more
[2026-08-12T21:22:23.609+0000] {subprocess.py:93} INFO - Caused by: org.apache.spark.rpc.RpcEndpointNotFoundException: Cannot find endpoint: spark://CoarseGrainedScheduler@4099a95615c9:36011
[2026-08-12T21:22:23.620+0000] {subprocess.py:93} INFO - 	at org.apache.spark.rpc.netty.NettyRpcEnv.$anonfun$asyncSetupEndpointRefByURI$1(NettyRpcEnv.scala:148)
[2026-08-12T21:22:23.622+0000] {subprocess.py:93} INFO - 	at org.apache.spark.rpc.netty.NettyRpcEnv.$anonfun$asyncSetupEndpointRefByURI$1$adapted(NettyRpcEnv.scala:144)
[2026-08-12T21:22:23.634+0000] {subprocess.py:93} INFO - 	at scala.concurrent.Future.$anonfun$flatMap$1(Future.scala:307)
[2026-08-12T21:22:23.638+0000] {subprocess.py:93} INFO - 	at scala.concurrent.impl.Promise.$anonfun$transformWith$1(Promise.scala:41)
[2026-08-12T21:22:23.642+0000] {subprocess.py:93} INFO - 	at scala.concurrent.impl.CallbackRunnable.run(Promise.scala:64)
[2026-08-12T21:22:23.657+0000] {subprocess.py:93} INFO - 	at org.apache.spark.util.ThreadUtils$$anon$1.execute(ThreadUtils.scala:99)
[2026-08-12T21:22:23.677+0000] {subprocess.py:93} INFO - 	at scala.concurrent.impl.ExecutionContextImpl$$anon$4.execute(ExecutionContextImpl.scala:138)
[2026-08-12T21:22:23.774+0000] {subprocess.py:93} INFO - 	at scala.concurrent.impl.CallbackRunnable.executeWithValue(Promise.scala:72)
[2026-08-12T21:22:23.809+0000] {subprocess.py:93} INFO - 	at scala.concurrent.impl.Promise$DefaultPromise.$anonfun$tryComplete$1(Promise.scala:288)
[2026-08-12T21:22:23.822+0000] {subprocess.py:93} INFO - 	at scala.concurrent.impl.Promise$DefaultPromise.$anonfun$tryComplete$1$adapted(Promise.scala:288)
[2026-08-12T21:22:23.848+0000] {subprocess.py:93} INFO - 	at scala.concurrent.impl.Promise$DefaultPromise.tryComplete(Promise.scala:288)
[2026-08-12T21:22:23.871+0000] {subprocess.py:93} INFO - 	at scala.concurrent.Promise.complete(Promise.scala:53)
[2026-08-12T21:22:23.936+0000] {subprocess.py:93} INFO - 	at scala.concurrent.Promise.complete$(Promise.scala:52)
[2026-08-12T21:22:23.972+0000] {subprocess.py:93} INFO - 	at scala.concurrent.impl.Promise$DefaultPromise.complete(Promise.scala:187)
[2026-08-12T21:22:23.988+0000] {subprocess.py:93} INFO - 	at scala.concurrent.impl.Promise.$anonfun$transform$1(Promise.scala:33)
[2026-08-12T21:22:24.028+0000] {subprocess.py:93} INFO - 	at scala.concurrent.impl.CallbackRunnable.run(Promise.scala:64)
[2026-08-12T21:22:24.152+0000] {subprocess.py:93} INFO - 	at org.apache.spark.util.ThreadUtils$$anon$1.execute(ThreadUtils.scala:99)
[2026-08-12T21:22:24.194+0000] {subprocess.py:93} INFO - 	at scala.concurrent.impl.ExecutionContextImpl$$anon$4.execute(ExecutionContextImpl.scala:138)
[2026-08-12T21:22:24.206+0000] {subprocess.py:93} INFO - 	at scala.concurrent.impl.CallbackRunnable.executeWithValue(Promise.scala:72)
[2026-08-12T21:22:24.252+0000] {subprocess.py:93} INFO - 	at scala.concurrent.impl.Promise$DefaultPromise.$anonfun$tryComplete$1(Promise.scala:288)
[2026-08-12T21:22:24.284+0000] {subprocess.py:93} INFO - 	at scala.concurrent.impl.Promise$DefaultPromise.$anonfun$tryComplete$1$adapted(Promise.scala:288)
[2026-08-12T21:22:24.314+0000] {subprocess.py:93} INFO - 	at scala.concurrent.impl.Promise$DefaultPromise.tryComplete(Promise.scala:288)
[2026-08-12T21:22:24.334+0000] {subprocess.py:93} INFO - 	at scala.concurrent.Promise.complete(Promise.scala:53)
[2026-08-12T21:22:24.340+0000] {subprocess.py:93} INFO - 	at scala.concurrent.Promise.complete$(Promise.scala:52)
[2026-08-12T21:22:24.363+0000] {subprocess.py:93} INFO - 	at scala.concurrent.impl.Promise$DefaultPromise.complete(Promise.scala:187)
[2026-08-12T21:22:24.389+0000] {subprocess.py:93} INFO - 	at scala.concurrent.impl.Promise.$anonfun$transform$1(Promise.scala:33)
[2026-08-12T21:22:24.399+0000] {subprocess.py:93} INFO - 	at scala.concurrent.impl.CallbackRunnable.run(Promise.scala:64)
[2026-08-12T21:22:24.425+0000] {subprocess.py:93} INFO - 	at scala.concurrent.BatchingExecutor$Batch.processBatch$1(BatchingExecutor.scala:67)
[2026-08-12T21:22:24.453+0000] {subprocess.py:93} INFO - 	at scala.concurrent.BatchingExecutor$Batch.$anonfun$run$1(BatchingExecutor.scala:82)
[2026-08-12T21:22:24.463+0000] {subprocess.py:93} INFO - 	at scala.runtime.java8.JFunction0$mcV$sp.apply(JFunction0$mcV$sp.java:23)
[2026-08-12T21:22:24.542+0000] {subprocess.py:93} INFO - 	at scala.concurrent.BlockContext$.withBlockContext(BlockContext.scala:85)
[2026-08-12T21:22:24.560+0000] {subprocess.py:93} INFO - 	at scala.concurrent.BatchingExecutor$Batch.run(BatchingExecutor.scala:59)
[2026-08-12T21:22:24.582+0000] {subprocess.py:93} INFO - 	at scala.concurrent.Future$InternalCallbackExecutor$.unbatchedExecute(Future.scala:875)
[2026-08-12T21:22:24.602+0000] {subprocess.py:93} INFO - 	at scala.concurrent.BatchingExecutor.execute(BatchingExecutor.scala:110)
[2026-08-12T21:22:24.622+0000] {subprocess.py:93} INFO - 	at scala.concurrent.BatchingExecutor.execute$(BatchingExecutor.scala:107)
[2026-08-12T21:22:24.689+0000] {subprocess.py:93} INFO - 	at scala.concurrent.Future$InternalCallbackExecutor$.execute(Future.scala:873)
[2026-08-12T21:22:24.704+0000] {subprocess.py:93} INFO - 	at scala.concurrent.impl.CallbackRunnable.executeWithValue(Promise.scala:72)
[2026-08-12T21:22:24.711+0000] {subprocess.py:93} INFO - 	at scala.concurrent.impl.Promise$DefaultPromise.$anonfun$tryComplete$1(Promise.scala:288)
[2026-08-12T21:22:24.727+0000] {subprocess.py:93} INFO - 	at scala.concurrent.impl.Promise$DefaultPromise.$anonfun$tryComplete$1$adapted(Promise.scala:288)
[2026-08-12T21:22:24.743+0000] {subprocess.py:93} INFO - 	at scala.concurrent.impl.Promise$DefaultPromise.tryComplete(Promise.scala:288)
[2026-08-12T21:22:24.791+0000] {subprocess.py:93} INFO - 	at scala.concurrent.Promise.trySuccess(Promise.scala:94)
[2026-08-12T21:22:24.865+0000] {subprocess.py:93} INFO - 	at scala.concurrent.Promise.trySuccess$(Promise.scala:94)
[2026-08-12T21:22:24.904+0000] {subprocess.py:93} INFO - 	at scala.concurrent.impl.Promise$DefaultPromise.trySuccess(Promise.scala:187)
[2026-08-12T21:22:24.917+0000] {subprocess.py:93} INFO - 	at org.apache.spark.rpc.netty.NettyRpcEnv.onSuccess$1(NettyRpcEnv.scala:225)
[2026-08-12T21:22:24.966+0000] {subprocess.py:93} INFO - 	at org.apache.spark.rpc.netty.NettyRpcEnv.$anonfun$askAbortable$5(NettyRpcEnv.scala:239)
[2026-08-12T21:22:24.991+0000] {subprocess.py:93} INFO - 	at org.apache.spark.rpc.netty.NettyRpcEnv.$anonfun$askAbortable$5$adapted(NettyRpcEnv.scala:238)
[2026-08-12T21:22:25.005+0000] {subprocess.py:93} INFO - 	at scala.concurrent.impl.CallbackRunnable.run(Promise.scala:64)
[2026-08-12T21:22:25.050+0000] {subprocess.py:93} INFO - 	at org.apache.spark.util.ThreadUtils$$anon$1.execute(ThreadUtils.scala:99)
[2026-08-12T21:22:25.104+0000] {subprocess.py:93} INFO - 	at scala.concurrent.impl.ExecutionContextImpl$$anon$4.execute(ExecutionContextImpl.scala:138)
[2026-08-12T21:22:25.165+0000] {subprocess.py:93} INFO - 	at scala.concurrent.impl.CallbackRunnable.executeWithValue(Promise.scala:72)
[2026-08-12T21:22:25.192+0000] {subprocess.py:93} INFO - 	at scala.concurrent.impl.Promise$DefaultPromise.$anonfun$tryComplete$1(Promise.scala:288)
[2026-08-12T21:22:25.200+0000] {subprocess.py:93} INFO - 	at scala.concurrent.impl.Promise$DefaultPromise.$anonfun$tryComplete$1$adapted(Promise.scala:288)
[2026-08-12T21:22:25.236+0000] {subprocess.py:93} INFO - 	at scala.concurrent.impl.Promise$DefaultPromise.tryComplete(Promise.scala:288)
[2026-08-12T21:22:25.281+0000] {subprocess.py:93} INFO - 	at scala.concurrent.Promise.complete(Promise.scala:53)
[2026-08-12T21:22:25.308+0000] {subprocess.py:93} INFO - 	at scala.concurrent.Promise.complete$(Promise.scala:52)
[2026-08-12T21:22:25.363+0000] {subprocess.py:93} INFO - 	at scala.concurrent.impl.Promise$DefaultPromise.complete(Promise.scala:187)
[2026-08-12T21:22:25.427+0000] {subprocess.py:93} INFO - 	at scala.concurrent.Promise.success(Promise.scala:86)
[2026-08-12T21:22:25.509+0000] {subprocess.py:93} INFO - 	at scala.concurrent.Promise.success$(Promise.scala:86)
[2026-08-12T21:22:25.556+0000] {subprocess.py:93} INFO - 	at scala.concurrent.impl.Promise$DefaultPromise.success(Promise.scala:187)
[2026-08-12T21:22:25.571+0000] {subprocess.py:93} INFO - 	at org.apache.spark.rpc.netty.LocalNettyRpcCallContext.send(NettyRpcCallContext.scala:50)
[2026-08-12T21:22:25.575+0000] {subprocess.py:93} INFO - 	at org.apache.spark.rpc.netty.NettyRpcCallContext.reply(NettyRpcCallContext.scala:32)
[2026-08-12T21:22:25.697+0000] {subprocess.py:93} INFO - 	at org.apache.spark.rpc.netty.RpcEndpointVerifier$$anonfun$receiveAndReply$1.applyOrElse(RpcEndpointVerifier.scala:31)
[2026-08-12T21:22:25.765+0000] {subprocess.py:93} INFO - 	... 8 more
[2026-08-12T21:22:25.800+0000] {subprocess.py:93} INFO - 26/08/12 21:22:05 ERROR Inbox: Ignoring error
[2026-08-12T21:22:25.857+0000] {subprocess.py:93} INFO - org.apache.spark.SparkException: Exception thrown in awaitResult:
[2026-08-12T21:22:25.937+0000] {subprocess.py:93} INFO - 	at org.apache.spark.util.SparkThreadUtils$.awaitResult(SparkThreadUtils.scala:56)
[2026-08-12T21:22:25.962+0000] {subprocess.py:93} INFO - 	at org.apache.spark.util.ThreadUtils$.awaitResult(ThreadUtils.scala:310)
[2026-08-12T21:22:25.981+0000] {subprocess.py:93} INFO - 	at org.apache.spark.rpc.RpcTimeout.awaitResult(RpcTimeout.scala:75)
[2026-08-12T21:22:25.990+0000] {subprocess.py:93} INFO - 	at org.apache.spark.rpc.RpcEnv.setupEndpointRefByURI(RpcEnv.scala:102)
[2026-08-12T21:22:25.998+0000] {subprocess.py:93} INFO - 	at org.apache.spark.rpc.RpcEnv.setupEndpointRef(RpcEnv.scala:110)
[2026-08-12T21:22:26.018+0000] {subprocess.py:93} INFO - 	at org.apache.spark.util.RpcUtils$.makeDriverRef(RpcUtils.scala:36)
[2026-08-12T21:22:26.040+0000] {subprocess.py:93} INFO - 	at org.apache.spark.storage.BlockManagerMasterEndpoint.driverEndpoint$lzycompute(BlockManagerMasterEndpoint.scala:124)
[2026-08-12T21:22:26.052+0000] {subprocess.py:93} INFO - 	at org.apache.spark.storage.BlockManagerMasterEndpoint.org$apache$spark$storage$BlockManagerMasterEndpoint$$driverEndpoint(BlockManagerMasterEndpoint.scala:123)
[2026-08-12T21:22:26.104+0000] {subprocess.py:93} INFO - 	at org.apache.spark.storage.BlockManagerMasterEndpoint.isExecutorAlive$lzycompute$1(BlockManagerMasterEndpoint.scala:688)
[2026-08-12T21:22:26.233+0000] {subprocess.py:93} INFO - 	at org.apache.spark.storage.BlockManagerMasterEndpoint.isExecutorAlive$1(BlockManagerMasterEndpoint.scala:687)
[2026-08-12T21:22:26.267+0000] {subprocess.py:93} INFO - 	at org.apache.spark.storage.BlockManagerMasterEndpoint.org$apache$spark$storage$BlockManagerMasterEndpoint$$register(BlockManagerMasterEndpoint.scala:725)
[2026-08-12T21:22:26.287+0000] {subprocess.py:93} INFO - 	at org.apache.spark.storage.BlockManagerMasterEndpoint$$anonfun$receiveAndReply$1.applyOrElse(BlockManagerMasterEndpoint.scala:133)
[2026-08-12T21:22:26.325+0000] {subprocess.py:93} INFO - 	at org.apache.spark.rpc.netty.Inbox.$anonfun$process$1(Inbox.scala:103)
[2026-08-12T21:22:26.340+0000] {subprocess.py:93} INFO - 	at org.apache.spark.rpc.netty.Inbox.safelyCall(Inbox.scala:213)
[2026-08-12T21:22:26.372+0000] {subprocess.py:93} INFO - 	at org.apache.spark.rpc.netty.Inbox.process(Inbox.scala:100)
[2026-08-12T21:22:26.402+0000] {subprocess.py:93} INFO - 	at org.apache.spark.rpc.netty.MessageLoop.org$apache$spark$rpc$netty$MessageLoop$$receiveLoop(MessageLoop.scala:75)
[2026-08-12T21:22:26.417+0000] {subprocess.py:93} INFO - 	at org.apache.spark.rpc.netty.MessageLoop$$anon$1.run(MessageLoop.scala:41)
[2026-08-12T21:22:26.446+0000] {subprocess.py:93} INFO - 	at java.base/java.util.concurrent.ThreadPoolExecutor.runWorker(ThreadPoolExecutor.java:1136)
[2026-08-12T21:22:26.471+0000] {subprocess.py:93} INFO - 	at java.base/java.util.concurrent.ThreadPoolExecutor$Worker.run(ThreadPoolExecutor.java:635)
[2026-08-12T21:22:26.574+0000] {subprocess.py:93} INFO - 	at java.base/java.lang.Thread.run(Thread.java:840)
[2026-08-12T21:22:26.613+0000] {subprocess.py:93} INFO - Caused by: org.apache.spark.rpc.RpcEndpointNotFoundException: Cannot find endpoint: spark://CoarseGrainedScheduler@4099a95615c9:36011
[2026-08-12T21:22:26.632+0000] {subprocess.py:93} INFO - 	at org.apache.spark.rpc.netty.NettyRpcEnv.$anonfun$asyncSetupEndpointRefByURI$1(NettyRpcEnv.scala:148)
[2026-08-12T21:22:26.692+0000] {subprocess.py:93} INFO - 	at org.apache.spark.rpc.netty.NettyRpcEnv.$anonfun$asyncSetupEndpointRefByURI$1$adapted(NettyRpcEnv.scala:144)
[2026-08-12T21:22:26.720+0000] {subprocess.py:93} INFO - 	at scala.concurrent.Future.$anonfun$flatMap$1(Future.scala:307)
[2026-08-12T21:22:26.739+0000] {subprocess.py:93} INFO - 	at scala.concurrent.impl.Promise.$anonfun$transformWith$1(Promise.scala:41)
[2026-08-12T21:22:26.748+0000] {subprocess.py:93} INFO - 	at scala.concurrent.impl.CallbackRunnable.run(Promise.scala:64)
[2026-08-12T21:22:26.824+0000] {subprocess.py:93} INFO - 	at org.apache.spark.util.ThreadUtils$$anon$1.execute(ThreadUtils.scala:99)
[2026-08-12T21:22:26.879+0000] {subprocess.py:93} INFO - 	at scala.concurrent.impl.ExecutionContextImpl$$anon$4.execute(ExecutionContextImpl.scala:138)
[2026-08-12T21:22:27.108+0000] {subprocess.py:93} INFO - 	at scala.concurrent.impl.CallbackRunnable.executeWithValue(Promise.scala:72)
[2026-08-12T21:22:27.130+0000] {subprocess.py:93} INFO - 	at scala.concurrent.impl.Promise$DefaultPromise.$anonfun$tryComplete$1(Promise.scala:288)
[2026-08-12T21:22:27.165+0000] {subprocess.py:93} INFO - 	at scala.concurrent.impl.Promise$DefaultPromise.$anonfun$tryComplete$1$adapted(Promise.scala:288)
[2026-08-12T21:22:27.192+0000] {subprocess.py:93} INFO - 	at scala.concurrent.impl.Promise$DefaultPromise.tryComplete(Promise.scala:288)
[2026-08-12T21:22:27.242+0000] {subprocess.py:93} INFO - 	at scala.concurrent.Promise.complete(Promise.scala:53)
[2026-08-12T21:22:27.278+0000] {subprocess.py:93} INFO - 	at scala.concurrent.Promise.complete$(Promise.scala:52)
[2026-08-12T21:22:27.601+0000] {subprocess.py:93} INFO - 	at scala.concurrent.impl.Promise$DefaultPromise.complete(Promise.scala:187)
[2026-08-12T21:22:27.737+0000] {subprocess.py:93} INFO - 	at scala.concurrent.impl.Promise.$anonfun$transform$1(Promise.scala:33)
[2026-08-12T21:22:27.749+0000] {subprocess.py:93} INFO - 	at scala.concurrent.impl.CallbackRunnable.run(Promise.scala:64)
[2026-08-12T21:22:27.757+0000] {subprocess.py:93} INFO - 	at org.apache.spark.util.ThreadUtils$$anon$1.execute(ThreadUtils.scala:99)
[2026-08-12T21:22:27.893+0000] {subprocess.py:93} INFO - 	at scala.concurrent.impl.ExecutionContextImpl$$anon$4.execute(ExecutionContextImpl.scala:138)
[2026-08-12T21:22:28.026+0000] {subprocess.py:93} INFO - 	at scala.concurrent.impl.CallbackRunnable.executeWithValue(Promise.scala:72)
[2026-08-12T21:22:28.146+0000] {subprocess.py:93} INFO - 	at scala.concurrent.impl.Promise$DefaultPromise.$anonfun$tryComplete$1(Promise.scala:288)
[2026-08-12T21:22:28.177+0000] {subprocess.py:93} INFO - 	at scala.concurrent.impl.Promise$DefaultPromise.$anonfun$tryComplete$1$adapted(Promise.scala:288)
[2026-08-12T21:22:28.209+0000] {subprocess.py:93} INFO - 	at scala.concurrent.impl.Promise$DefaultPromise.tryComplete(Promise.scala:288)
[2026-08-12T21:22:28.310+0000] {subprocess.py:93} INFO - 	at scala.concurrent.Promise.complete(Promise.scala:53)
[2026-08-12T21:22:28.327+0000] {subprocess.py:93} INFO - 	at scala.concurrent.Promise.complete$(Promise.scala:52)
[2026-08-12T21:22:28.359+0000] {subprocess.py:93} INFO - 	at scala.concurrent.impl.Promise$DefaultPromise.complete(Promise.scala:187)
[2026-08-12T21:22:28.377+0000] {subprocess.py:93} INFO - 	at scala.concurrent.impl.Promise.$anonfun$transform$1(Promise.scala:33)
[2026-08-12T21:22:28.423+0000] {subprocess.py:93} INFO - 	at scala.concurrent.impl.CallbackRunnable.run(Promise.scala:64)
[2026-08-12T21:22:28.581+0000] {subprocess.py:93} INFO - 	at scala.concurrent.BatchingExecutor$Batch.processBatch$1(BatchingExecutor.scala:67)
[2026-08-12T21:22:28.647+0000] {subprocess.py:93} INFO - 	at scala.concurrent.BatchingExecutor$Batch.$anonfun$run$1(BatchingExecutor.scala:82)
[2026-08-12T21:22:28.690+0000] {subprocess.py:93} INFO - 	at scala.runtime.java8.JFunction0$mcV$sp.apply(JFunction0$mcV$sp.java:23)
[2026-08-12T21:22:28.712+0000] {subprocess.py:93} INFO - 	at scala.concurrent.BlockContext$.withBlockContext(BlockContext.scala:85)
[2026-08-12T21:22:28.739+0000] {subprocess.py:93} INFO - 	at scala.concurrent.BatchingExecutor$Batch.run(BatchingExecutor.scala:59)
[2026-08-12T21:22:28.753+0000] {subprocess.py:93} INFO - 	at scala.concurrent.Future$InternalCallbackExecutor$.unbatchedExecute(Future.scala:875)
[2026-08-12T21:22:28.773+0000] {subprocess.py:93} INFO - 	at scala.concurrent.BatchingExecutor.execute(BatchingExecutor.scala:110)
[2026-08-12T21:22:28.798+0000] {subprocess.py:93} INFO - 	at scala.concurrent.BatchingExecutor.execute$(BatchingExecutor.scala:107)
[2026-08-12T21:22:28.817+0000] {subprocess.py:93} INFO - 	at scala.concurrent.Future$InternalCallbackExecutor$.execute(Future.scala:873)
[2026-08-12T21:22:28.835+0000] {subprocess.py:93} INFO - 	at scala.concurrent.impl.CallbackRunnable.executeWithValue(Promise.scala:72)
[2026-08-12T21:22:28.857+0000] {subprocess.py:93} INFO - 	at scala.concurrent.impl.Promise$DefaultPromise.$anonfun$tryComplete$1(Promise.scala:288)
[2026-08-12T21:22:28.993+0000] {subprocess.py:93} INFO - 	at scala.concurrent.impl.Promise$DefaultPromise.$anonfun$tryComplete$1$adapted(Promise.scala:288)
[2026-08-12T21:22:29.175+0000] {subprocess.py:93} INFO - 	at scala.concurrent.impl.Promise$DefaultPromise.tryComplete(Promise.scala:288)
[2026-08-12T21:22:29.276+0000] {subprocess.py:93} INFO - 	at scala.concurrent.Promise.trySuccess(Promise.scala:94)
[2026-08-12T21:22:29.318+0000] {subprocess.py:93} INFO - 	at scala.concurrent.Promise.trySuccess$(Promise.scala:94)
[2026-08-12T21:22:29.362+0000] {subprocess.py:93} INFO - 	at scala.concurrent.impl.Promise$DefaultPromise.trySuccess(Promise.scala:187)
[2026-08-12T21:22:29.472+0000] {subprocess.py:93} INFO - 	at org.apache.spark.rpc.netty.NettyRpcEnv.onSuccess$1(NettyRpcEnv.scala:225)
[2026-08-12T21:22:29.540+0000] {subprocess.py:93} INFO - 	at org.apache.spark.rpc.netty.NettyRpcEnv.$anonfun$askAbortable$5(NettyRpcEnv.scala:239)
[2026-08-12T21:22:29.628+0000] {subprocess.py:93} INFO - 	at org.apache.spark.rpc.netty.NettyRpcEnv.$anonfun$askAbortable$5$adapted(NettyRpcEnv.scala:238)
[2026-08-12T21:22:29.683+0000] {subprocess.py:93} INFO - 	at scala.concurrent.impl.CallbackRunnable.run(Promise.scala:64)
[2026-08-12T21:22:29.833+0000] {subprocess.py:93} INFO - 	at org.apache.spark.util.ThreadUtils$$anon$1.execute(ThreadUtils.scala:99)
[2026-08-12T21:22:29.951+0000] {subprocess.py:93} INFO - 	at scala.concurrent.impl.ExecutionContextImpl$$anon$4.execute(ExecutionContextImpl.scala:138)
[2026-08-12T21:22:30.036+0000] {subprocess.py:93} INFO - 	at scala.concurrent.impl.CallbackRunnable.executeWithValue(Promise.scala:72)
[2026-08-12T21:22:30.068+0000] {subprocess.py:93} INFO - 	at scala.concurrent.impl.Promise$DefaultPromise.$anonfun$tryComplete$1(Promise.scala:288)
[2026-08-12T21:22:30.088+0000] {subprocess.py:93} INFO - 	at scala.concurrent.impl.Promise$DefaultPromise.$anonfun$tryComplete$1$adapted(Promise.scala:288)
[2026-08-12T21:22:30.139+0000] {subprocess.py:93} INFO - 	at scala.concurrent.impl.Promise$DefaultPromise.tryComplete(Promise.scala:288)
[2026-08-12T21:22:30.170+0000] {subprocess.py:93} INFO - 	at scala.concurrent.Promise.complete(Promise.scala:53)
[2026-08-12T21:22:30.188+0000] {subprocess.py:93} INFO - 	at scala.concurrent.Promise.complete$(Promise.scala:52)
[2026-08-12T21:22:30.273+0000] {subprocess.py:93} INFO - 	at scala.concurrent.impl.Promise$DefaultPromise.complete(Promise.scala:187)
[2026-08-12T21:22:30.288+0000] {subprocess.py:93} INFO - 	at scala.concurrent.Promise.success(Promise.scala:86)
[2026-08-12T21:22:30.327+0000] {subprocess.py:93} INFO - 	at scala.concurrent.Promise.success$(Promise.scala:86)
[2026-08-12T21:22:30.357+0000] {subprocess.py:93} INFO - 	at scala.concurrent.impl.Promise$DefaultPromise.success(Promise.scala:187)
[2026-08-12T21:22:30.397+0000] {subprocess.py:93} INFO - 	at org.apache.spark.rpc.netty.LocalNettyRpcCallContext.send(NettyRpcCallContext.scala:50)
[2026-08-12T21:22:30.420+0000] {subprocess.py:93} INFO - 	at org.apache.spark.rpc.netty.NettyRpcCallContext.reply(NettyRpcCallContext.scala:32)
[2026-08-12T21:22:30.448+0000] {subprocess.py:93} INFO - 	at org.apache.spark.rpc.netty.RpcEndpointVerifier$$anonfun$receiveAndReply$1.applyOrElse(RpcEndpointVerifier.scala:31)
[2026-08-12T21:22:30.656+0000] {subprocess.py:93} INFO - 	... 8 more
[2026-08-12T21:22:30.765+0000] {subprocess.py:93} INFO - 26/08/12 21:22:05 WARN Executor: Issue communicating with driver in heartbeater
[2026-08-12T21:22:30.891+0000] {subprocess.py:93} INFO - org.apache.spark.SparkException: Exception thrown in awaitResult:
[2026-08-12T21:22:30.947+0000] {subprocess.py:93} INFO - 	at org.apache.spark.util.SparkThreadUtils$.awaitResult(SparkThreadUtils.scala:56)
[2026-08-12T21:22:31.110+0000] {subprocess.py:93} INFO - 	at org.apache.spark.util.ThreadUtils$.awaitResult(ThreadUtils.scala:310)
[2026-08-12T21:22:31.159+0000] {subprocess.py:93} INFO - 	at org.apache.spark.rpc.RpcTimeout.awaitResult(RpcTimeout.scala:75)
[2026-08-12T21:22:31.179+0000] {subprocess.py:93} INFO - 	at org.apache.spark.rpc.RpcEndpointRef.askSync(RpcEndpointRef.scala:101)
[2026-08-12T21:22:31.228+0000] {subprocess.py:93} INFO - 	at org.apache.spark.rpc.RpcEndpointRef.askSync(RpcEndpointRef.scala:85)
[2026-08-12T21:22:31.245+0000] {subprocess.py:93} INFO - 	at org.apache.spark.storage.BlockManagerMaster.registerBlockManager(BlockManagerMaster.scala:80)
[2026-08-12T21:22:31.389+0000] {subprocess.py:93} INFO - 	at org.apache.spark.storage.BlockManager.reregister(BlockManager.scala:642)
[2026-08-12T21:22:31.441+0000] {subprocess.py:93} INFO - 	at org.apache.spark.executor.Executor.reportHeartBeat(Executor.scala:1223)
[2026-08-12T21:22:31.456+0000] {subprocess.py:93} INFO - 	at org.apache.spark.executor.Executor.$anonfun$heartbeater$1(Executor.scala:295)
[2026-08-12T21:22:31.490+0000] {subprocess.py:93} INFO - 	at scala.runtime.java8.JFunction0$mcV$sp.apply(JFunction0$mcV$sp.java:23)
[2026-08-12T21:22:31.535+0000] {subprocess.py:93} INFO - 	at org.apache.spark.util.Utils$.logUncaughtExceptions(Utils.scala:1928)
[2026-08-12T21:22:31.554+0000] {subprocess.py:93} INFO - 	at org.apache.spark.Heartbeater$$anon$1.run(Heartbeater.scala:46)
[2026-08-12T21:22:31.570+0000] {subprocess.py:93} INFO - 	at java.base/java.util.concurrent.Executors$RunnableAdapter.call(Executors.java:539)
[2026-08-12T21:22:31.589+0000] {subprocess.py:93} INFO - 	at java.base/java.util.concurrent.FutureTask.runAndReset(FutureTask.java:305)
[2026-08-12T21:22:31.612+0000] {subprocess.py:93} INFO - 	at java.base/java.util.concurrent.ScheduledThreadPoolExecutor$ScheduledFutureTask.run(ScheduledThreadPoolExecutor.java:305)
[2026-08-12T21:22:31.637+0000] {subprocess.py:93} INFO - 	at java.base/java.util.concurrent.ThreadPoolExecutor.runWorker(ThreadPoolExecutor.java:1136)
[2026-08-12T21:22:31.676+0000] {subprocess.py:93} INFO - 	at java.base/java.util.concurrent.ThreadPoolExecutor$Worker.run(ThreadPoolExecutor.java:635)
[2026-08-12T21:22:31.704+0000] {subprocess.py:93} INFO - 	at java.base/java.lang.Thread.run(Thread.java:840)
[2026-08-12T21:22:31.712+0000] {subprocess.py:93} INFO - Caused by: org.apache.spark.SparkException: Exception thrown in awaitResult:
[2026-08-12T21:22:31.729+0000] {subprocess.py:93} INFO - 	at org.apache.spark.util.SparkThreadUtils$.awaitResult(SparkThreadUtils.scala:56)
[2026-08-12T21:22:31.738+0000] {subprocess.py:93} INFO - 	at org.apache.spark.util.ThreadUtils$.awaitResult(ThreadUtils.scala:310)
[2026-08-12T21:22:31.759+0000] {subprocess.py:93} INFO - 	at org.apache.spark.rpc.RpcTimeout.awaitResult(RpcTimeout.scala:75)
[2026-08-12T21:22:31.779+0000] {subprocess.py:93} INFO - 	at org.apache.spark.rpc.RpcEnv.setupEndpointRefByURI(RpcEnv.scala:102)
[2026-08-12T21:22:31.813+0000] {subprocess.py:93} INFO - 	at org.apache.spark.rpc.RpcEnv.setupEndpointRef(RpcEnv.scala:110)
[2026-08-12T21:22:31.829+0000] {subprocess.py:93} INFO - 	at org.apache.spark.util.RpcUtils$.makeDriverRef(RpcUtils.scala:36)
[2026-08-12T21:22:31.841+0000] {subprocess.py:93} INFO - 	at org.apache.spark.storage.BlockManagerMasterEndpoint.driverEndpoint$lzycompute(BlockManagerMasterEndpoint.scala:124)
[2026-08-12T21:22:31.914+0000] {subprocess.py:93} INFO - 	at org.apache.spark.storage.BlockManagerMasterEndpoint.org$apache$spark$storage$BlockManagerMasterEndpoint$$driverEndpoint(BlockManagerMasterEndpoint.scala:123)
[2026-08-12T21:22:31.937+0000] {subprocess.py:93} INFO - 	at org.apache.spark.storage.BlockManagerMasterEndpoint.isExecutorAlive$lzycompute$1(BlockManagerMasterEndpoint.scala:688)
[2026-08-12T21:22:31.959+0000] {subprocess.py:93} INFO - 	at org.apache.spark.storage.BlockManagerMasterEndpoint.isExecutorAlive$1(BlockManagerMasterEndpoint.scala:687)
[2026-08-12T21:22:31.973+0000] {subprocess.py:93} INFO - 	at org.apache.spark.storage.BlockManagerMasterEndpoint.org$apache$spark$storage$BlockManagerMasterEndpoint$$register(BlockManagerMasterEndpoint.scala:725)
[2026-08-12T21:22:31.995+0000] {subprocess.py:93} INFO - 	at org.apache.spark.storage.BlockManagerMasterEndpoint$$anonfun$receiveAndReply$1.applyOrElse(BlockManagerMasterEndpoint.scala:133)
[2026-08-12T21:22:32.012+0000] {subprocess.py:93} INFO - 	at org.apache.spark.rpc.netty.Inbox.$anonfun$process$1(Inbox.scala:103)
[2026-08-12T21:22:32.027+0000] {subprocess.py:93} INFO - 	at org.apache.spark.rpc.netty.Inbox.safelyCall(Inbox.scala:213)
[2026-08-12T21:22:32.096+0000] {subprocess.py:93} INFO - 	at org.apache.spark.rpc.netty.Inbox.process(Inbox.scala:100)
[2026-08-12T21:22:32.121+0000] {subprocess.py:93} INFO - 	at org.apache.spark.rpc.netty.MessageLoop.org$apache$spark$rpc$netty$MessageLoop$$receiveLoop(MessageLoop.scala:75)
[2026-08-12T21:22:32.140+0000] {subprocess.py:93} INFO - 	at org.apache.spark.rpc.netty.MessageLoop$$anon$1.run(MessageLoop.scala:41)
[2026-08-12T21:22:32.159+0000] {subprocess.py:93} INFO - 	... 3 more
[2026-08-12T21:22:32.202+0000] {subprocess.py:93} INFO - Caused by: org.apache.spark.rpc.RpcEndpointNotFoundException: Cannot find endpoint: spark://CoarseGrainedScheduler@4099a95615c9:36011
[2026-08-12T21:22:32.217+0000] {subprocess.py:93} INFO - 	at org.apache.spark.rpc.netty.NettyRpcEnv.$anonfun$asyncSetupEndpointRefByURI$1(NettyRpcEnv.scala:148)
[2026-08-12T21:22:32.249+0000] {subprocess.py:93} INFO - 	at org.apache.spark.rpc.netty.NettyRpcEnv.$anonfun$asyncSetupEndpointRefByURI$1$adapted(NettyRpcEnv.scala:144)
[2026-08-12T21:22:32.264+0000] {subprocess.py:93} INFO - 	at scala.concurrent.Future.$anonfun$flatMap$1(Future.scala:307)
[2026-08-12T21:22:32.284+0000] {subprocess.py:93} INFO - 	at scala.concurrent.impl.Promise.$anonfun$transformWith$1(Promise.scala:41)
[2026-08-12T21:22:32.320+0000] {subprocess.py:93} INFO - 	at scala.concurrent.impl.CallbackRunnable.run(Promise.scala:64)
[2026-08-12T21:22:32.335+0000] {subprocess.py:93} INFO - 	at org.apache.spark.util.ThreadUtils$$anon$1.execute(ThreadUtils.scala:99)
[2026-08-12T21:22:32.378+0000] {subprocess.py:93} INFO - 	at scala.concurrent.impl.ExecutionContextImpl$$anon$4.execute(ExecutionContextImpl.scala:138)
[2026-08-12T21:22:32.401+0000] {subprocess.py:93} INFO - 	at scala.concurrent.impl.CallbackRunnable.executeWithValue(Promise.scala:72)
[2026-08-12T21:22:32.482+0000] {subprocess.py:93} INFO - 	at scala.concurrent.impl.Promise$DefaultPromise.$anonfun$tryComplete$1(Promise.scala:288)
[2026-08-12T21:22:32.494+0000] {subprocess.py:93} INFO - 	at scala.concurrent.impl.Promise$DefaultPromise.$anonfun$tryComplete$1$adapted(Promise.scala:288)
[2026-08-12T21:22:32.520+0000] {subprocess.py:93} INFO - 	at scala.concurrent.impl.Promise$DefaultPromise.tryComplete(Promise.scala:288)
[2026-08-12T21:22:32.527+0000] {subprocess.py:93} INFO - 	at scala.concurrent.Promise.complete(Promise.scala:53)
[2026-08-12T21:22:32.600+0000] {subprocess.py:93} INFO - 	at scala.concurrent.Promise.complete$(Promise.scala:52)
[2026-08-12T21:22:32.618+0000] {subprocess.py:93} INFO - 	at scala.concurrent.impl.Promise$DefaultPromise.complete(Promise.scala:187)
[2026-08-12T21:22:32.623+0000] {subprocess.py:93} INFO - 	at scala.concurrent.impl.Promise.$anonfun$transform$1(Promise.scala:33)
[2026-08-12T21:22:32.645+0000] {subprocess.py:93} INFO - 	at scala.concurrent.impl.CallbackRunnable.run(Promise.scala:64)
[2026-08-12T21:22:32.684+0000] {subprocess.py:93} INFO - 	at org.apache.spark.util.ThreadUtils$$anon$1.execute(ThreadUtils.scala:99)
[2026-08-12T21:22:32.707+0000] {subprocess.py:93} INFO - 	at scala.concurrent.impl.ExecutionContextImpl$$anon$4.execute(ExecutionContextImpl.scala:138)
[2026-08-12T21:22:32.726+0000] {subprocess.py:93} INFO - 	at scala.concurrent.impl.CallbackRunnable.executeWithValue(Promise.scala:72)
[2026-08-12T21:22:32.736+0000] {subprocess.py:93} INFO - 	at scala.concurrent.impl.Promise$DefaultPromise.$anonfun$tryComplete$1(Promise.scala:288)
[2026-08-12T21:22:32.746+0000] {subprocess.py:93} INFO - 	at scala.concurrent.impl.Promise$DefaultPromise.$anonfun$tryComplete$1$adapted(Promise.scala:288)
[2026-08-12T21:22:32.805+0000] {subprocess.py:93} INFO - 	at scala.concurrent.impl.Promise$DefaultPromise.tryComplete(Promise.scala:288)
[2026-08-12T21:22:32.810+0000] {subprocess.py:93} INFO - 	at scala.concurrent.Promise.complete(Promise.scala:53)
[2026-08-12T21:22:32.814+0000] {subprocess.py:93} INFO - 	at scala.concurrent.Promise.complete$(Promise.scala:52)
[2026-08-12T21:22:32.832+0000] {subprocess.py:93} INFO - 	at scala.concurrent.impl.Promise$DefaultPromise.complete(Promise.scala:187)
[2026-08-12T21:22:32.838+0000] {subprocess.py:93} INFO - 	at scala.concurrent.impl.Promise.$anonfun$transform$1(Promise.scala:33)
[2026-08-12T21:22:32.854+0000] {subprocess.py:93} INFO - 	at scala.concurrent.impl.CallbackRunnable.run(Promise.scala:64)
[2026-08-12T21:22:32.857+0000] {subprocess.py:93} INFO - 	at scala.concurrent.BatchingExecutor$Batch.processBatch$1(BatchingExecutor.scala:67)
[2026-08-12T21:22:32.893+0000] {subprocess.py:93} INFO - 	at scala.concurrent.BatchingExecutor$Batch.$anonfun$run$1(BatchingExecutor.scala:82)
[2026-08-12T21:22:32.900+0000] {subprocess.py:93} INFO - 	at scala.runtime.java8.JFunction0$mcV$sp.apply(JFunction0$mcV$sp.java:23)
[2026-08-12T21:22:32.924+0000] {subprocess.py:93} INFO - 	at scala.concurrent.BlockContext$.withBlockContext(BlockContext.scala:85)
[2026-08-12T21:22:32.928+0000] {subprocess.py:93} INFO - 	at scala.concurrent.BatchingExecutor$Batch.run(BatchingExecutor.scala:59)
[2026-08-12T21:22:32.932+0000] {subprocess.py:93} INFO - 	at scala.concurrent.Future$InternalCallbackExecutor$.unbatchedExecute(Future.scala:875)
[2026-08-12T21:22:32.939+0000] {subprocess.py:93} INFO - 	at scala.concurrent.BatchingExecutor.execute(BatchingExecutor.scala:110)
[2026-08-12T21:22:32.944+0000] {subprocess.py:93} INFO - 	at scala.concurrent.BatchingExecutor.execute$(BatchingExecutor.scala:107)
[2026-08-12T21:22:32.952+0000] {subprocess.py:93} INFO - 	at scala.concurrent.Future$InternalCallbackExecutor$.execute(Future.scala:873)
[2026-08-12T21:22:32.962+0000] {subprocess.py:93} INFO - 	at scala.concurrent.impl.CallbackRunnable.executeWithValue(Promise.scala:72)
[2026-08-12T21:22:32.965+0000] {subprocess.py:93} INFO - 	at scala.concurrent.impl.Promise$DefaultPromise.$anonfun$tryComplete$1(Promise.scala:288)
[2026-08-12T21:22:32.972+0000] {subprocess.py:93} INFO - 	at scala.concurrent.impl.Promise$DefaultPromise.$anonfun$tryComplete$1$adapted(Promise.scala:288)
[2026-08-12T21:22:32.975+0000] {subprocess.py:93} INFO - 	at scala.concurrent.impl.Promise$DefaultPromise.tryComplete(Promise.scala:288)
[2026-08-12T21:22:32.978+0000] {subprocess.py:93} INFO - 	at scala.concurrent.Promise.trySuccess(Promise.scala:94)
[2026-08-12T21:22:32.984+0000] {subprocess.py:93} INFO - 	at scala.concurrent.Promise.trySuccess$(Promise.scala:94)
[2026-08-12T21:22:32.999+0000] {subprocess.py:93} INFO - 	at scala.concurrent.impl.Promise$DefaultPromise.trySuccess(Promise.scala:187)
[2026-08-12T21:22:33.002+0000] {subprocess.py:93} INFO - 	at org.apache.spark.rpc.netty.NettyRpcEnv.onSuccess$1(NettyRpcEnv.scala:225)
[2026-08-12T21:22:33.010+0000] {subprocess.py:93} INFO - 	at org.apache.spark.rpc.netty.NettyRpcEnv.$anonfun$askAbortable$5(NettyRpcEnv.scala:239)
[2026-08-12T21:22:33.015+0000] {subprocess.py:93} INFO - 	at org.apache.spark.rpc.netty.NettyRpcEnv.$anonfun$askAbortable$5$adapted(NettyRpcEnv.scala:238)
[2026-08-12T21:22:33.018+0000] {subprocess.py:93} INFO - 	at scala.concurrent.impl.CallbackRunnable.run(Promise.scala:64)
[2026-08-12T21:22:33.043+0000] {subprocess.py:93} INFO - 	at org.apache.spark.util.ThreadUtils$$anon$1.execute(ThreadUtils.scala:99)
[2026-08-12T21:22:33.097+0000] {subprocess.py:93} INFO - 	at scala.concurrent.impl.ExecutionContextImpl$$anon$4.execute(ExecutionContextImpl.scala:138)
[2026-08-12T21:22:33.105+0000] {subprocess.py:93} INFO - 	at scala.concurrent.impl.CallbackRunnable.executeWithValue(Promise.scala:72)
[2026-08-12T21:22:33.127+0000] {subprocess.py:93} INFO - 	at scala.concurrent.impl.Promise$DefaultPromise.$anonfun$tryComplete$1(Promise.scala:288)
[2026-08-12T21:22:33.137+0000] {subprocess.py:93} INFO - 	at scala.concurrent.impl.Promise$DefaultPromise.$anonfun$tryComplete$1$adapted(Promise.scala:288)
[2026-08-12T21:22:33.142+0000] {subprocess.py:93} INFO - 	at scala.concurrent.impl.Promise$DefaultPromise.tryComplete(Promise.scala:288)
[2026-08-12T21:22:33.155+0000] {subprocess.py:93} INFO - 	at scala.concurrent.Promise.complete(Promise.scala:53)
[2026-08-12T21:22:33.158+0000] {subprocess.py:93} INFO - 	at scala.concurrent.Promise.complete$(Promise.scala:52)
[2026-08-12T21:22:33.165+0000] {subprocess.py:93} INFO - 	at scala.concurrent.impl.Promise$DefaultPromise.complete(Promise.scala:187)
[2026-08-12T21:22:33.182+0000] {subprocess.py:93} INFO - 	at scala.concurrent.Promise.success(Promise.scala:86)
[2026-08-12T21:22:33.191+0000] {subprocess.py:93} INFO - 	at scala.concurrent.Promise.success$(Promise.scala:86)
[2026-08-12T21:22:33.195+0000] {subprocess.py:93} INFO - 	at scala.concurrent.impl.Promise$DefaultPromise.success(Promise.scala:187)
[2026-08-12T21:22:33.216+0000] {subprocess.py:93} INFO - 	at org.apache.spark.rpc.netty.LocalNettyRpcCallContext.send(NettyRpcCallContext.scala:50)
[2026-08-12T21:22:33.246+0000] {subprocess.py:93} INFO - 	at org.apache.spark.rpc.netty.NettyRpcCallContext.reply(NettyRpcCallContext.scala:32)
[2026-08-12T21:22:33.272+0000] {subprocess.py:93} INFO - 	at org.apache.spark.rpc.netty.RpcEndpointVerifier$$anonfun$receiveAndReply$1.applyOrElse(RpcEndpointVerifier.scala:31)
[2026-08-12T21:22:33.279+0000] {subprocess.py:93} INFO - 	... 8 more
[2026-08-12T21:22:33.318+0000] {subprocess.py:93} INFO - 26/08/12 21:22:11 ERROR Inbox: Ignoring error
[2026-08-12T21:22:33.326+0000] {subprocess.py:93} INFO - org.apache.spark.SparkException: Exception thrown in awaitResult:
[2026-08-12T21:22:33.338+0000] {subprocess.py:93} INFO - 	at org.apache.spark.util.SparkThreadUtils$.awaitResult(SparkThreadUtils.scala:56)
[2026-08-12T21:22:33.354+0000] {subprocess.py:93} INFO - 	at org.apache.spark.util.ThreadUtils$.awaitResult(ThreadUtils.scala:310)
[2026-08-12T21:22:33.362+0000] {subprocess.py:93} INFO - 	at org.apache.spark.rpc.RpcTimeout.awaitResult(RpcTimeout.scala:75)
[2026-08-12T21:22:33.371+0000] {subprocess.py:93} INFO - 	at org.apache.spark.rpc.RpcEnv.setupEndpointRefByURI(RpcEnv.scala:102)
[2026-08-12T21:22:33.381+0000] {subprocess.py:93} INFO - 	at org.apache.spark.rpc.RpcEnv.setupEndpointRef(RpcEnv.scala:110)
[2026-08-12T21:22:33.416+0000] {subprocess.py:93} INFO - 	at org.apache.spark.util.RpcUtils$.makeDriverRef(RpcUtils.scala:36)
[2026-08-12T21:22:33.428+0000] {subprocess.py:93} INFO - 	at org.apache.spark.storage.BlockManagerMasterEndpoint.driverEndpoint$lzycompute(BlockManagerMasterEndpoint.scala:124)
[2026-08-12T21:22:33.444+0000] {subprocess.py:93} INFO - 	at org.apache.spark.storage.BlockManagerMasterEndpoint.org$apache$spark$storage$BlockManagerMasterEndpoint$$driverEndpoint(BlockManagerMasterEndpoint.scala:123)
[2026-08-12T21:22:33.456+0000] {subprocess.py:93} INFO - 	at org.apache.spark.storage.BlockManagerMasterEndpoint.isExecutorAlive$lzycompute$1(BlockManagerMasterEndpoint.scala:688)
[2026-08-12T21:22:33.473+0000] {subprocess.py:93} INFO - 	at org.apache.spark.storage.BlockManagerMasterEndpoint.isExecutorAlive$1(BlockManagerMasterEndpoint.scala:687)
[2026-08-12T21:22:33.484+0000] {subprocess.py:93} INFO - 	at org.apache.spark.storage.BlockManagerMasterEndpoint.org$apache$spark$storage$BlockManagerMasterEndpoint$$register(BlockManagerMasterEndpoint.scala:725)
[2026-08-12T21:22:33.496+0000] {subprocess.py:93} INFO - 	at org.apache.spark.storage.BlockManagerMasterEndpoint$$anonfun$receiveAndReply$1.applyOrElse(BlockManagerMasterEndpoint.scala:133)
[2026-08-12T21:22:33.543+0000] {subprocess.py:93} INFO - 	at org.apache.spark.rpc.netty.Inbox.$anonfun$process$1(Inbox.scala:103)
[2026-08-12T21:22:33.562+0000] {subprocess.py:93} INFO - 	at org.apache.spark.rpc.netty.Inbox.safelyCall(Inbox.scala:213)
[2026-08-12T21:22:33.576+0000] {subprocess.py:93} INFO - 	at org.apache.spark.rpc.netty.Inbox.process(Inbox.scala:100)
[2026-08-12T21:22:33.711+0000] {subprocess.py:93} INFO - 	at org.apache.spark.rpc.netty.MessageLoop.org$apache$spark$rpc$netty$MessageLoop$$receiveLoop(MessageLoop.scala:75)
[2026-08-12T21:22:33.731+0000] {subprocess.py:93} INFO - 	at org.apache.spark.rpc.netty.MessageLoop$$anon$1.run(MessageLoop.scala:41)
[2026-08-12T21:22:33.736+0000] {subprocess.py:93} INFO - 	at java.base/java.util.concurrent.ThreadPoolExecutor.runWorker(ThreadPoolExecutor.java:1136)
[2026-08-12T21:22:33.782+0000] {subprocess.py:93} INFO - 	at java.base/java.util.concurrent.ThreadPoolExecutor$Worker.run(ThreadPoolExecutor.java:635)
[2026-08-12T21:22:33.788+0000] {subprocess.py:93} INFO - 	at java.base/java.lang.Thread.run(Thread.java:840)
[2026-08-12T21:22:33.791+0000] {subprocess.py:93} INFO - Caused by: org.apache.spark.rpc.RpcEndpointNotFoundException: Cannot find endpoint: spark://CoarseGrainedScheduler@4099a95615c9:36011
[2026-08-12T21:22:33.805+0000] {subprocess.py:93} INFO - 	at org.apache.spark.rpc.netty.NettyRpcEnv.$anonfun$asyncSetupEndpointRefByURI$1(NettyRpcEnv.scala:148)
[2026-08-12T21:22:33.814+0000] {subprocess.py:93} INFO - 	at org.apache.spark.rpc.netty.NettyRpcEnv.$anonfun$asyncSetupEndpointRefByURI$1$adapted(NettyRpcEnv.scala:144)
[2026-08-12T21:22:33.866+0000] {subprocess.py:93} INFO - 	at scala.concurrent.Future.$anonfun$flatMap$1(Future.scala:307)
[2026-08-12T21:22:33.882+0000] {subprocess.py:93} INFO - 	at scala.concurrent.impl.Promise.$anonfun$transformWith$1(Promise.scala:41)
[2026-08-12T21:22:33.895+0000] {subprocess.py:93} INFO - 	at scala.concurrent.impl.CallbackRunnable.run(Promise.scala:64)
[2026-08-12T21:22:33.902+0000] {subprocess.py:93} INFO - 	at org.apache.spark.util.ThreadUtils$$anon$1.execute(ThreadUtils.scala:99)
[2026-08-12T21:22:33.921+0000] {subprocess.py:93} INFO - 	at scala.concurrent.impl.ExecutionContextImpl$$anon$4.execute(ExecutionContextImpl.scala:138)
[2026-08-12T21:22:33.928+0000] {subprocess.py:93} INFO - 	at scala.concurrent.impl.CallbackRunnable.executeWithValue(Promise.scala:72)
[2026-08-12T21:22:34.022+0000] {subprocess.py:93} INFO - 	at scala.concurrent.impl.Promise$DefaultPromise.dispatchOrAddCallback(Promise.scala:316)
[2026-08-12T21:22:34.039+0000] {subprocess.py:93} INFO - 	at scala.concurrent.impl.Promise$DefaultPromise.onComplete(Promise.scala:307)
[2026-08-12T21:22:34.048+0000] {subprocess.py:93} INFO - 	at scala.concurrent.impl.Promise.transformWith(Promise.scala:40)
[2026-08-12T21:22:34.066+0000] {subprocess.py:93} INFO - 	at scala.concurrent.impl.Promise.transformWith$(Promise.scala:38)
[2026-08-12T21:22:34.105+0000] {subprocess.py:93} INFO - 	at scala.concurrent.impl.Promise$DefaultPromise.transformWith(Promise.scala:187)
[2026-08-12T21:22:34.308+0000] {subprocess.py:93} INFO - 	at scala.concurrent.Future.flatMap(Future.scala:306)
[2026-08-12T21:22:34.887+0000] {subprocess.py:93} INFO - 	at scala.concurrent.Future.flatMap$(Future.scala:306)
[2026-08-12T21:22:35.472+0000] {subprocess.py:93} INFO - 	at scala.concurrent.impl.Promise$DefaultPromise.flatMap(Promise.scala:187)
[2026-08-12T21:22:35.951+0000] {subprocess.py:93} INFO - 	at org.apache.spark.rpc.netty.NettyRpcEnv.asyncSetupEndpointRefByURI(NettyRpcEnv.scala:150)
[2026-08-12T21:22:36.973+0000] {subprocess.py:93} INFO - 	... 17 more
[2026-08-12T21:22:37.777+0000] {subprocess.py:93} INFO - 26/08/12 21:22:11 WARN Executor: Issue communicating with driver in heartbeater
[2026-08-12T21:22:39.159+0000] {subprocess.py:93} INFO - org.apache.spark.SparkException: Exception thrown in awaitResult:
[2026-08-12T21:22:39.581+0000] {subprocess.py:93} INFO - 	at org.apache.spark.util.SparkThreadUtils$.awaitResult(SparkThreadUtils.scala:56)
[2026-08-12T21:22:51.438+0000] {subprocess.py:93} INFO - 	at org.apache.spark.util.ThreadUtils$.awaitResult(ThreadUtils.scala:310)
[2026-08-12T21:23:03.611+0000] {subprocess.py:93} INFO - 	at org.apache.spark.rpc.RpcTimeout.awaitResult(RpcTimeout.scala:75)
[2026-08-12T21:23:12.747+0000] {subprocess.py:93} INFO - 	at org.apache.spark.rpc.RpcEndpointRef.askSync(RpcEndpointRef.scala:101)
[2026-08-12T21:23:25.943+0000] {subprocess.py:93} INFO - 	at org.apache.spark.rpc.RpcEndpointRef.askSync(RpcEndpointRef.scala:85)
[2026-08-12T21:23:29.192+0000] {subprocess.py:93} INFO - 	at org.apache.spark.storage.BlockManagerMaster.registerBlockManager(BlockManagerMaster.scala:80)
[2026-08-12T21:23:29.227+0000] {subprocess.py:93} INFO - 	at org.apache.spark.storage.BlockManager.reregister(BlockManager.scala:642)
[2026-08-12T21:23:29.420+0000] {subprocess.py:93} INFO - 	at org.apache.spark.executor.Executor.reportHeartBeat(Executor.scala:1223)
[2026-08-12T21:23:29.436+0000] {subprocess.py:93} INFO - 	at org.apache.spark.executor.Executor.$anonfun$heartbeater$1(Executor.scala:295)
[2026-08-12T21:23:29.454+0000] {subprocess.py:93} INFO - 	at scala.runtime.java8.JFunction0$mcV$sp.apply(JFunction0$mcV$sp.java:23)
[2026-08-12T21:23:29.495+0000] {subprocess.py:93} INFO - 	at org.apache.spark.util.Utils$.logUncaughtExceptions(Utils.scala:1928)
[2026-08-12T21:23:29.520+0000] {subprocess.py:93} INFO - 	at org.apache.spark.Heartbeater$$anon$1.run(Heartbeater.scala:46)
[2026-08-12T21:23:29.524+0000] {subprocess.py:93} INFO - 	at java.base/java.util.concurrent.Executors$RunnableAdapter.call(Executors.java:539)
[2026-08-12T21:23:29.560+0000] {subprocess.py:93} INFO - 	at java.base/java.util.concurrent.FutureTask.runAndReset(FutureTask.java:305)
[2026-08-12T21:23:29.575+0000] {subprocess.py:93} INFO - 	at java.base/java.util.concurrent.ScheduledThreadPoolExecutor$ScheduledFutureTask.run(ScheduledThreadPoolExecutor.java:305)
[2026-08-12T21:23:29.597+0000] {subprocess.py:93} INFO - 	at java.base/java.util.concurrent.ThreadPoolExecutor.runWorker(ThreadPoolExecutor.java:1136)
[2026-08-12T21:23:29.617+0000] {subprocess.py:93} INFO - 	at java.base/java.util.concurrent.ThreadPoolExecutor$Worker.run(ThreadPoolExecutor.java:635)
[2026-08-12T21:23:29.627+0000] {subprocess.py:93} INFO - 	at java.base/java.lang.Thread.run(Thread.java:840)
[2026-08-12T21:23:29.676+0000] {subprocess.py:93} INFO - Caused by: org.apache.spark.SparkException: Exception thrown in awaitResult:
[2026-08-12T21:23:29.705+0000] {subprocess.py:93} INFO - 	at org.apache.spark.util.SparkThreadUtils$.awaitResult(SparkThreadUtils.scala:56)
[2026-08-12T21:23:29.719+0000] {subprocess.py:93} INFO - 	at org.apache.spark.util.ThreadUtils$.awaitResult(ThreadUtils.scala:310)
[2026-08-12T21:23:29.734+0000] {subprocess.py:93} INFO - 	at org.apache.spark.rpc.RpcTimeout.awaitResult(RpcTimeout.scala:75)
[2026-08-12T21:23:29.740+0000] {subprocess.py:93} INFO - 	at org.apache.spark.rpc.RpcEnv.setupEndpointRefByURI(RpcEnv.scala:102)
[2026-08-12T21:23:29.754+0000] {subprocess.py:93} INFO - 	at org.apache.spark.rpc.RpcEnv.setupEndpointRef(RpcEnv.scala:110)
[2026-08-12T21:23:29.772+0000] {subprocess.py:93} INFO - 	at org.apache.spark.util.RpcUtils$.makeDriverRef(RpcUtils.scala:36)
[2026-08-12T21:23:29.784+0000] {subprocess.py:93} INFO - 	at org.apache.spark.storage.BlockManagerMasterEndpoint.driverEndpoint$lzycompute(BlockManagerMasterEndpoint.scala:124)
[2026-08-12T21:23:29.793+0000] {subprocess.py:93} INFO - 	at org.apache.spark.storage.BlockManagerMasterEndpoint.org$apache$spark$storage$BlockManagerMasterEndpoint$$driverEndpoint(BlockManagerMasterEndpoint.scala:123)
[2026-08-12T21:23:29.807+0000] {subprocess.py:93} INFO - 	at org.apache.spark.storage.BlockManagerMasterEndpoint.isExecutorAlive$lzycompute$1(BlockManagerMasterEndpoint.scala:688)
[2026-08-12T21:23:29.826+0000] {subprocess.py:93} INFO - 	at org.apache.spark.storage.BlockManagerMasterEndpoint.isExecutorAlive$1(BlockManagerMasterEndpoint.scala:687)
[2026-08-12T21:23:29.830+0000] {subprocess.py:93} INFO - 	at org.apache.spark.storage.BlockManagerMasterEndpoint.org$apache$spark$storage$BlockManagerMasterEndpoint$$register(BlockManagerMasterEndpoint.scala:725)
[2026-08-12T21:23:29.846+0000] {subprocess.py:93} INFO - 	at org.apache.spark.storage.BlockManagerMasterEndpoint$$anonfun$receiveAndReply$1.applyOrElse(BlockManagerMasterEndpoint.scala:133)
[2026-08-12T21:23:29.864+0000] {subprocess.py:93} INFO - 	at org.apache.spark.rpc.netty.Inbox.$anonfun$process$1(Inbox.scala:103)
[2026-08-12T21:23:29.875+0000] {subprocess.py:93} INFO - 	at org.apache.spark.rpc.netty.Inbox.safelyCall(Inbox.scala:213)
[2026-08-12T21:23:29.878+0000] {subprocess.py:93} INFO - 	at org.apache.spark.rpc.netty.Inbox.process(Inbox.scala:100)
[2026-08-12T21:23:29.894+0000] {subprocess.py:93} INFO - 	at org.apache.spark.rpc.netty.MessageLoop.org$apache$spark$rpc$netty$MessageLoop$$receiveLoop(MessageLoop.scala:75)
[2026-08-12T21:23:29.902+0000] {subprocess.py:93} INFO - 	at org.apache.spark.rpc.netty.MessageLoop$$anon$1.run(MessageLoop.scala:41)
[2026-08-12T21:23:29.904+0000] {subprocess.py:93} INFO - 	... 3 more
[2026-08-12T21:23:29.945+0000] {subprocess.py:93} INFO - Caused by: org.apache.spark.rpc.RpcEndpointNotFoundException: Cannot find endpoint: spark://CoarseGrainedScheduler@4099a95615c9:36011
[2026-08-12T21:23:29.964+0000] {subprocess.py:93} INFO - 	at org.apache.spark.rpc.netty.NettyRpcEnv.$anonfun$asyncSetupEndpointRefByURI$1(NettyRpcEnv.scala:148)
[2026-08-12T21:23:29.983+0000] {subprocess.py:93} INFO - 	at org.apache.spark.rpc.netty.NettyRpcEnv.$anonfun$asyncSetupEndpointRefByURI$1$adapted(NettyRpcEnv.scala:144)
[2026-08-12T21:23:30.004+0000] {subprocess.py:93} INFO - 	at scala.concurrent.Future.$anonfun$flatMap$1(Future.scala:307)
[2026-08-12T21:23:30.033+0000] {subprocess.py:93} INFO - 	at scala.concurrent.impl.Promise.$anonfun$transformWith$1(Promise.scala:41)
[2026-08-12T21:23:30.041+0000] {subprocess.py:93} INFO - 	at scala.concurrent.impl.CallbackRunnable.run(Promise.scala:64)
[2026-08-12T21:23:30.088+0000] {subprocess.py:93} INFO - 	at org.apache.spark.util.ThreadUtils$$anon$1.execute(ThreadUtils.scala:99)
[2026-08-12T21:23:30.158+0000] {subprocess.py:93} INFO - 	at scala.concurrent.impl.ExecutionContextImpl$$anon$4.execute(ExecutionContextImpl.scala:138)
[2026-08-12T21:23:30.200+0000] {subprocess.py:93} INFO - 	at scala.concurrent.impl.CallbackRunnable.executeWithValue(Promise.scala:72)
[2026-08-12T21:23:30.352+0000] {subprocess.py:93} INFO - 	at scala.concurrent.impl.Promise$DefaultPromise.dispatchOrAddCallback(Promise.scala:316)
[2026-08-12T21:23:30.378+0000] {subprocess.py:93} INFO - 	at scala.concurrent.impl.Promise$DefaultPromise.onComplete(Promise.scala:307)
[2026-08-12T21:23:30.410+0000] {subprocess.py:93} INFO - 	at scala.concurrent.impl.Promise.transformWith(Promise.scala:40)
[2026-08-12T21:23:30.429+0000] {subprocess.py:93} INFO - 	at scala.concurrent.impl.Promise.transformWith$(Promise.scala:38)
[2026-08-12T21:23:30.443+0000] {subprocess.py:93} INFO - 	at scala.concurrent.impl.Promise$DefaultPromise.transformWith(Promise.scala:187)
[2026-08-12T21:23:30.521+0000] {subprocess.py:93} INFO - 	at scala.concurrent.Future.flatMap(Future.scala:306)
[2026-08-12T21:23:30.628+0000] {subprocess.py:93} INFO - 	at scala.concurrent.Future.flatMap$(Future.scala:306)
[2026-08-12T21:23:30.670+0000] {subprocess.py:93} INFO - 	at scala.concurrent.impl.Promise$DefaultPromise.flatMap(Promise.scala:187)
[2026-08-12T21:23:30.703+0000] {subprocess.py:93} INFO - 	at org.apache.spark.rpc.netty.NettyRpcEnv.asyncSetupEndpointRefByURI(NettyRpcEnv.scala:150)
[2026-08-12T21:23:30.766+0000] {subprocess.py:93} INFO - 	... 17 more
[2026-08-12T21:23:30.848+0000] {subprocess.py:93} INFO - 26/08/12 21:22:14 WARN Executor: Issue communicating with driver in heartbeater
[2026-08-12T21:23:30.985+0000] {subprocess.py:93} INFO - org.apache.spark.SparkException: Exception thrown in awaitResult:
[2026-08-12T21:23:31.029+0000] {subprocess.py:93} INFO - 	at org.apache.spark.util.SparkThreadUtils$.awaitResult(SparkThreadUtils.scala:56)
[2026-08-12T21:23:31.068+0000] {subprocess.py:93} INFO - 	at org.apache.spark.util.ThreadUtils$.awaitResult(ThreadUtils.scala:310)
[2026-08-12T21:23:31.157+0000] {subprocess.py:93} INFO - 	at org.apache.spark.rpc.RpcTimeout.awaitResult(RpcTimeout.scala:75)
[2026-08-12T21:23:31.278+0000] {subprocess.py:93} INFO - 	at org.apache.spark.rpc.RpcEndpointRef.askSync(RpcEndpointRef.scala:101)
[2026-08-12T21:23:31.338+0000] {subprocess.py:93} INFO - 	at org.apache.spark.rpc.RpcEndpointRef.askSync(RpcEndpointRef.scala:85)
[2026-08-12T21:23:31.674+0000] {subprocess.py:93} INFO - 	at org.apache.spark.storage.BlockManagerMaster.registerBlockManager(BlockManagerMaster.scala:80)
[2026-08-12T21:23:31.695+0000] {subprocess.py:93} INFO - 	at org.apache.spark.storage.BlockManager.reregister(BlockManager.scala:642)
[2026-08-12T21:23:31.728+0000] {subprocess.py:93} INFO - 	at org.apache.spark.executor.Executor.reportHeartBeat(Executor.scala:1223)
[2026-08-12T21:23:31.740+0000] {subprocess.py:93} INFO - 	at org.apache.spark.executor.Executor.$anonfun$heartbeater$1(Executor.scala:295)
[2026-08-12T21:23:31.761+0000] {subprocess.py:93} INFO - 	at scala.runtime.java8.JFunction0$mcV$sp.apply(JFunction0$mcV$sp.java:23)
[2026-08-12T21:23:31.766+0000] {subprocess.py:93} INFO - 	at org.apache.spark.util.Utils$.logUncaughtExceptions(Utils.scala:1928)
[2026-08-12T21:23:31.769+0000] {subprocess.py:93} INFO - 	at org.apache.spark.Heartbeater$$anon$1.run(Heartbeater.scala:46)
[2026-08-12T21:23:31.776+0000] {subprocess.py:93} INFO - 	at java.base/java.util.concurrent.Executors$RunnableAdapter.call(Executors.java:539)
[2026-08-12T21:23:31.797+0000] {subprocess.py:93} INFO - 	at java.base/java.util.concurrent.FutureTask.runAndReset(FutureTask.java:305)
[2026-08-12T21:23:31.812+0000] {subprocess.py:93} INFO - 	at java.base/java.util.concurrent.ScheduledThreadPoolExecutor$ScheduledFutureTask.run(ScheduledThreadPoolExecutor.java:305)
[2026-08-12T21:23:31.817+0000] {subprocess.py:93} INFO - 	at java.base/java.util.concurrent.ThreadPoolExecutor.runWorker(ThreadPoolExecutor.java:1136)
[2026-08-12T21:23:31.822+0000] {subprocess.py:93} INFO - 	at java.base/java.util.concurrent.ThreadPoolExecutor$Worker.run(ThreadPoolExecutor.java:635)
[2026-08-12T21:23:31.831+0000] {subprocess.py:93} INFO - 	at java.base/java.lang.Thread.run(Thread.java:840)
[2026-08-12T21:23:31.843+0000] {subprocess.py:93} INFO - Caused by: org.apache.spark.SparkException: Exception thrown in awaitResult:
[2026-08-12T21:23:31.850+0000] {subprocess.py:93} INFO - 	at org.apache.spark.util.SparkThreadUtils$.awaitResult(SparkThreadUtils.scala:56)
[2026-08-12T21:23:31.867+0000] {subprocess.py:93} INFO - 	at org.apache.spark.util.ThreadUtils$.awaitResult(ThreadUtils.scala:310)
[2026-08-12T21:23:31.936+0000] {subprocess.py:93} INFO - 	at org.apache.spark.rpc.RpcTimeout.awaitResult(RpcTimeout.scala:75)
[2026-08-12T21:23:31.949+0000] {subprocess.py:93} INFO - 	at org.apache.spark.rpc.RpcEnv.setupEndpointRefByURI(RpcEnv.scala:102)
[2026-08-12T21:23:31.986+0000] {subprocess.py:93} INFO - 	at org.apache.spark.rpc.RpcEnv.setupEndpointRef(RpcEnv.scala:110)
[2026-08-12T21:23:31.989+0000] {subprocess.py:93} INFO - 	at org.apache.spark.util.RpcUtils$.makeDriverRef(RpcUtils.scala:36)
[2026-08-12T21:23:32.017+0000] {subprocess.py:93} INFO - 	at org.apache.spark.storage.BlockManagerMasterEndpoint.driverEndpoint$lzycompute(BlockManagerMasterEndpoint.scala:124)
[2026-08-12T21:23:32.048+0000] {subprocess.py:93} INFO - 	at org.apache.spark.storage.BlockManagerMasterEndpoint.org$apache$spark$storage$BlockManagerMasterEndpoint$$driverEndpoint(BlockManagerMasterEndpoint.scala:123)
[2026-08-12T21:23:32.085+0000] {subprocess.py:93} INFO - 	at org.apache.spark.storage.BlockManagerMasterEndpoint.isExecutorAlive$lzycompute$1(BlockManagerMasterEndpoint.scala:688)
[2026-08-12T21:23:32.097+0000] {subprocess.py:93} INFO - 	at org.apache.spark.storage.BlockManagerMasterEndpoint.isExecutorAlive$1(BlockManagerMasterEndpoint.scala:687)
[2026-08-12T21:23:32.148+0000] {subprocess.py:93} INFO - 	at org.apache.spark.storage.BlockManagerMasterEndpoint.org$apache$spark$storage$BlockManagerMasterEndpoint$$register(BlockManagerMasterEndpoint.scala:725)
[2026-08-12T21:23:32.160+0000] {subprocess.py:93} INFO - 	at org.apache.spark.storage.BlockManagerMasterEndpoint$$anonfun$receiveAndReply$1.applyOrElse(BlockManagerMasterEndpoint.scala:133)
[2026-08-12T21:23:32.180+0000] {subprocess.py:93} INFO - 	at org.apache.spark.rpc.netty.Inbox.$anonfun$process$1(Inbox.scala:103)
[2026-08-12T21:23:32.183+0000] {subprocess.py:93} INFO - 	at org.apache.spark.rpc.netty.Inbox.safelyCall(Inbox.scala:213)
[2026-08-12T21:23:32.205+0000] {subprocess.py:93} INFO - 	at org.apache.spark.rpc.netty.Inbox.process(Inbox.scala:100)
[2026-08-12T21:23:32.256+0000] {subprocess.py:93} INFO - 	at org.apache.spark.rpc.netty.MessageLoop.org$apache$spark$rpc$netty$MessageLoop$$receiveLoop(MessageLoop.scala:75)
[2026-08-12T21:23:32.359+0000] {subprocess.py:93} INFO - 	at org.apache.spark.rpc.netty.MessageLoop$$anon$1.run(MessageLoop.scala:41)
[2026-08-12T21:23:32.393+0000] {subprocess.py:93} INFO - 	... 3 more
[2026-08-12T21:23:32.496+0000] {subprocess.py:93} INFO - Caused by: org.apache.spark.rpc.RpcEndpointNotFoundException: Cannot find endpoint: spark://CoarseGrainedScheduler@4099a95615c9:36011
[2026-08-12T21:23:32.512+0000] {subprocess.py:93} INFO - 	at org.apache.spark.rpc.netty.NettyRpcEnv.$anonfun$asyncSetupEndpointRefByURI$1(NettyRpcEnv.scala:148)
[2026-08-12T21:23:32.625+0000] {subprocess.py:93} INFO - 	at org.apache.spark.rpc.netty.NettyRpcEnv.$anonfun$asyncSetupEndpointRefByURI$1$adapted(NettyRpcEnv.scala:144)
[2026-08-12T21:23:32.648+0000] {subprocess.py:93} INFO - 	at scala.concurrent.Future.$anonfun$flatMap$1(Future.scala:307)
[2026-08-12T21:23:32.661+0000] {subprocess.py:93} INFO - 	at scala.concurrent.impl.Promise.$anonfun$transformWith$1(Promise.scala:41)
[2026-08-12T21:23:32.670+0000] {subprocess.py:93} INFO - 	at scala.concurrent.impl.CallbackRunnable.run(Promise.scala:64)
[2026-08-12T21:23:32.678+0000] {subprocess.py:93} INFO - 	at org.apache.spark.util.ThreadUtils$$anon$1.execute(ThreadUtils.scala:99)
[2026-08-12T21:23:32.686+0000] {subprocess.py:93} INFO - 	at scala.concurrent.impl.ExecutionContextImpl$$anon$4.execute(ExecutionContextImpl.scala:138)
[2026-08-12T21:23:32.716+0000] {subprocess.py:93} INFO - 	at scala.concurrent.impl.CallbackRunnable.executeWithValue(Promise.scala:72)
[2026-08-12T21:23:32.719+0000] {subprocess.py:93} INFO - 	at scala.concurrent.impl.Promise$DefaultPromise.$anonfun$tryComplete$1(Promise.scala:288)
[2026-08-12T21:23:32.884+0000] {subprocess.py:93} INFO - 	at scala.concurrent.impl.Promise$DefaultPromise.$anonfun$tryComplete$1$adapted(Promise.scala:288)
[2026-08-12T21:23:32.911+0000] {subprocess.py:93} INFO - 	at scala.concurrent.impl.Promise$DefaultPromise.tryComplete(Promise.scala:288)
[2026-08-12T21:23:32.949+0000] {subprocess.py:93} INFO - 	at scala.concurrent.Promise.complete(Promise.scala:53)
[2026-08-12T21:23:32.967+0000] {subprocess.py:93} INFO - 	at scala.concurrent.Promise.complete$(Promise.scala:52)
[2026-08-12T21:23:32.984+0000] {subprocess.py:93} INFO - 	at scala.concurrent.impl.Promise$DefaultPromise.complete(Promise.scala:187)
[2026-08-12T21:23:32.967+0000] {job.py:229} INFO - Heartbeat recovered after 68.94 seconds
[2026-08-12T21:23:33.003+0000] {subprocess.py:93} INFO - 	at scala.concurrent.impl.Promise.$anonfun$transform$1(Promise.scala:33)
[2026-08-12T21:23:33.056+0000] {subprocess.py:93} INFO - 	at scala.concurrent.impl.CallbackRunnable.run(Promise.scala:64)
[2026-08-12T21:23:33.073+0000] {subprocess.py:93} INFO - 	at org.apache.spark.util.ThreadUtils$$anon$1.execute(ThreadUtils.scala:99)
[2026-08-12T21:23:33.084+0000] {subprocess.py:93} INFO - 	at scala.concurrent.impl.ExecutionContextImpl$$anon$4.execute(ExecutionContextImpl.scala:138)
[2026-08-12T21:23:33.087+0000] {subprocess.py:93} INFO - 	at scala.concurrent.impl.CallbackRunnable.executeWithValue(Promise.scala:72)
[2026-08-12T21:23:33.117+0000] {subprocess.py:93} INFO - 	at scala.concurrent.impl.Promise$DefaultPromise.$anonfun$tryComplete$1(Promise.scala:288)
[2026-08-12T21:23:33.124+0000] {subprocess.py:93} INFO - 	at scala.concurrent.impl.Promise$DefaultPromise.$anonfun$tryComplete$1$adapted(Promise.scala:288)
[2026-08-12T21:23:33.141+0000] {subprocess.py:93} INFO - 	at scala.concurrent.impl.Promise$DefaultPromise.tryComplete(Promise.scala:288)
[2026-08-12T21:23:33.143+0000] {subprocess.py:93} INFO - 	at scala.concurrent.Promise.complete(Promise.scala:53)
[2026-08-12T21:23:33.153+0000] {subprocess.py:93} INFO - 	at scala.concurrent.Promise.complete$(Promise.scala:52)
[2026-08-12T21:23:33.169+0000] {subprocess.py:93} INFO - 	at scala.concurrent.impl.Promise$DefaultPromise.complete(Promise.scala:187)
[2026-08-12T21:23:33.182+0000] {subprocess.py:93} INFO - 	at scala.concurrent.impl.Promise.$anonfun$transform$1(Promise.scala:33)
[2026-08-12T21:23:33.189+0000] {subprocess.py:93} INFO - 	at scala.concurrent.impl.CallbackRunnable.run(Promise.scala:64)
[2026-08-12T21:23:33.226+0000] {subprocess.py:93} INFO - 	at scala.concurrent.BatchingExecutor$Batch.processBatch$1(BatchingExecutor.scala:67)
[2026-08-12T21:23:33.237+0000] {subprocess.py:93} INFO - 	at scala.concurrent.BatchingExecutor$Batch.$anonfun$run$1(BatchingExecutor.scala:82)
[2026-08-12T21:23:33.247+0000] {subprocess.py:93} INFO - 	at scala.runtime.java8.JFunction0$mcV$sp.apply(JFunction0$mcV$sp.java:23)
[2026-08-12T21:23:33.252+0000] {subprocess.py:93} INFO - 	at scala.concurrent.BlockContext$.withBlockContext(BlockContext.scala:85)
[2026-08-12T21:23:33.264+0000] {subprocess.py:93} INFO - 	at scala.concurrent.BatchingExecutor$Batch.run(BatchingExecutor.scala:59)
[2026-08-12T21:23:33.272+0000] {subprocess.py:93} INFO - 	at scala.concurrent.Future$InternalCallbackExecutor$.unbatchedExecute(Future.scala:875)
[2026-08-12T21:23:33.471+0000] {subprocess.py:93} INFO - 	at scala.concurrent.BatchingExecutor.execute(BatchingExecutor.scala:110)
[2026-08-12T21:23:33.509+0000] {subprocess.py:93} INFO - 	at scala.concurrent.BatchingExecutor.execute$(BatchingExecutor.scala:107)
[2026-08-12T21:23:33.512+0000] {subprocess.py:93} INFO - 	at scala.concurrent.Future$InternalCallbackExecutor$.execute(Future.scala:873)
[2026-08-12T21:23:33.514+0000] {subprocess.py:93} INFO - 	at scala.concurrent.impl.CallbackRunnable.executeWithValue(Promise.scala:72)
[2026-08-12T21:23:33.527+0000] {subprocess.py:93} INFO - 	at scala.concurrent.impl.Promise$DefaultPromise.$anonfun$tryComplete$1(Promise.scala:288)
[2026-08-12T21:23:33.536+0000] {subprocess.py:93} INFO - 	at scala.concurrent.impl.Promise$DefaultPromise.$anonfun$tryComplete$1$adapted(Promise.scala:288)
[2026-08-12T21:23:33.551+0000] {subprocess.py:93} INFO - 	at scala.concurrent.impl.Promise$DefaultPromise.tryComplete(Promise.scala:288)
[2026-08-12T21:23:33.568+0000] {subprocess.py:93} INFO - 	at scala.concurrent.Promise.trySuccess(Promise.scala:94)
[2026-08-12T21:23:33.577+0000] {subprocess.py:93} INFO - 	at scala.concurrent.Promise.trySuccess$(Promise.scala:94)
[2026-08-12T21:23:33.583+0000] {subprocess.py:93} INFO - 	at scala.concurrent.impl.Promise$DefaultPromise.trySuccess(Promise.scala:187)
[2026-08-12T21:23:33.598+0000] {subprocess.py:93} INFO - 	at org.apache.spark.rpc.netty.NettyRpcEnv.onSuccess$1(NettyRpcEnv.scala:225)
[2026-08-12T21:23:33.603+0000] {subprocess.py:93} INFO - 	at org.apache.spark.rpc.netty.NettyRpcEnv.$anonfun$askAbortable$5(NettyRpcEnv.scala:239)
[2026-08-12T21:23:33.612+0000] {subprocess.py:93} INFO - 	at org.apache.spark.rpc.netty.NettyRpcEnv.$anonfun$askAbortable$5$adapted(NettyRpcEnv.scala:238)
[2026-08-12T21:23:33.619+0000] {subprocess.py:93} INFO - 	at scala.concurrent.impl.CallbackRunnable.run(Promise.scala:64)
[2026-08-12T21:23:33.639+0000] {subprocess.py:93} INFO - 	at org.apache.spark.util.ThreadUtils$$anon$1.execute(ThreadUtils.scala:99)
[2026-08-12T21:23:33.668+0000] {subprocess.py:93} INFO - 	at scala.concurrent.impl.ExecutionContextImpl$$anon$4.execute(ExecutionContextImpl.scala:138)
[2026-08-12T21:23:33.673+0000] {subprocess.py:93} INFO - 	at scala.concurrent.impl.CallbackRunnable.executeWithValue(Promise.scala:72)
[2026-08-12T21:23:33.683+0000] {subprocess.py:93} INFO - 	at scala.concurrent.impl.Promise$DefaultPromise.$anonfun$tryComplete$1(Promise.scala:288)
[2026-08-12T21:23:33.699+0000] {subprocess.py:93} INFO - 	at scala.concurrent.impl.Promise$DefaultPromise.$anonfun$tryComplete$1$adapted(Promise.scala:288)
[2026-08-12T21:23:33.722+0000] {subprocess.py:93} INFO - 	at scala.concurrent.impl.Promise$DefaultPromise.tryComplete(Promise.scala:288)
[2026-08-12T21:23:33.870+0000] {subprocess.py:93} INFO - 	at scala.concurrent.Promise.complete(Promise.scala:53)
[2026-08-12T21:23:33.884+0000] {subprocess.py:93} INFO - 	at scala.concurrent.Promise.complete$(Promise.scala:52)
[2026-08-12T21:23:33.896+0000] {subprocess.py:93} INFO - 	at scala.concurrent.impl.Promise$DefaultPromise.complete(Promise.scala:187)
[2026-08-12T21:23:33.903+0000] {subprocess.py:93} INFO - 	at scala.concurrent.Promise.success(Promise.scala:86)
[2026-08-12T21:23:33.951+0000] {subprocess.py:93} INFO - 	at scala.concurrent.Promise.success$(Promise.scala:86)
[2026-08-12T21:23:33.970+0000] {subprocess.py:93} INFO - 	at scala.concurrent.impl.Promise$DefaultPromise.success(Promise.scala:187)
[2026-08-12T21:23:33.984+0000] {subprocess.py:93} INFO - 	at org.apache.spark.rpc.netty.LocalNettyRpcCallContext.send(NettyRpcCallContext.scala:50)
[2026-08-12T21:23:33.993+0000] {subprocess.py:93} INFO - 	at org.apache.spark.rpc.netty.NettyRpcCallContext.reply(NettyRpcCallContext.scala:32)
[2026-08-12T21:23:33.996+0000] {subprocess.py:93} INFO - 	at org.apache.spark.rpc.netty.RpcEndpointVerifier$$anonfun$receiveAndReply$1.applyOrElse(RpcEndpointVerifier.scala:31)
[2026-08-12T21:23:33.999+0000] {subprocess.py:93} INFO - 	... 8 more
[2026-08-12T21:23:34.004+0000] {subprocess.py:93} INFO - 26/08/12 21:22:14 ERROR Inbox: Ignoring error
[2026-08-12T21:23:34.012+0000] {subprocess.py:93} INFO - org.apache.spark.SparkException: Exception thrown in awaitResult:
[2026-08-12T21:23:34.016+0000] {subprocess.py:93} INFO - 	at org.apache.spark.util.SparkThreadUtils$.awaitResult(SparkThreadUtils.scala:56)
[2026-08-12T21:23:34.020+0000] {subprocess.py:93} INFO - 	at org.apache.spark.util.ThreadUtils$.awaitResult(ThreadUtils.scala:310)
[2026-08-12T21:23:34.031+0000] {subprocess.py:93} INFO - 	at org.apache.spark.rpc.RpcTimeout.awaitResult(RpcTimeout.scala:75)
[2026-08-12T21:23:34.038+0000] {subprocess.py:93} INFO - 	at org.apache.spark.rpc.RpcEnv.setupEndpointRefByURI(RpcEnv.scala:102)
[2026-08-12T21:23:34.052+0000] {subprocess.py:93} INFO - 	at org.apache.spark.rpc.RpcEnv.setupEndpointRef(RpcEnv.scala:110)
[2026-08-12T21:23:34.056+0000] {subprocess.py:93} INFO - 	at org.apache.spark.util.RpcUtils$.makeDriverRef(RpcUtils.scala:36)
[2026-08-12T21:23:34.065+0000] {subprocess.py:93} INFO - 	at org.apache.spark.storage.BlockManagerMasterEndpoint.driverEndpoint$lzycompute(BlockManagerMasterEndpoint.scala:124)
[2026-08-12T21:23:34.074+0000] {subprocess.py:93} INFO - 	at org.apache.spark.storage.BlockManagerMasterEndpoint.org$apache$spark$storage$BlockManagerMasterEndpoint$$driverEndpoint(BlockManagerMasterEndpoint.scala:123)
[2026-08-12T21:23:34.087+0000] {subprocess.py:93} INFO - 	at org.apache.spark.storage.BlockManagerMasterEndpoint.isExecutorAlive$lzycompute$1(BlockManagerMasterEndpoint.scala:688)
[2026-08-12T21:23:34.090+0000] {subprocess.py:93} INFO - 	at org.apache.spark.storage.BlockManagerMasterEndpoint.isExecutorAlive$1(BlockManagerMasterEndpoint.scala:687)
[2026-08-12T21:23:34.095+0000] {subprocess.py:93} INFO - 	at org.apache.spark.storage.BlockManagerMasterEndpoint.org$apache$spark$storage$BlockManagerMasterEndpoint$$register(BlockManagerMasterEndpoint.scala:725)
[2026-08-12T21:23:34.116+0000] {subprocess.py:93} INFO - 	at org.apache.spark.storage.BlockManagerMasterEndpoint$$anonfun$receiveAndReply$1.applyOrElse(BlockManagerMasterEndpoint.scala:133)
[2026-08-12T21:23:34.121+0000] {subprocess.py:93} INFO - 	at org.apache.spark.rpc.netty.Inbox.$anonfun$process$1(Inbox.scala:103)
[2026-08-12T21:23:34.145+0000] {subprocess.py:93} INFO - 	at org.apache.spark.rpc.netty.Inbox.safelyCall(Inbox.scala:213)
[2026-08-12T21:23:34.177+0000] {subprocess.py:93} INFO - 	at org.apache.spark.rpc.netty.Inbox.process(Inbox.scala:100)
[2026-08-12T21:23:34.194+0000] {subprocess.py:93} INFO - 	at org.apache.spark.rpc.netty.MessageLoop.org$apache$spark$rpc$netty$MessageLoop$$receiveLoop(MessageLoop.scala:75)
[2026-08-12T21:23:34.216+0000] {subprocess.py:93} INFO - 	at org.apache.spark.rpc.netty.MessageLoop$$anon$1.run(MessageLoop.scala:41)
[2026-08-12T21:23:34.251+0000] {subprocess.py:93} INFO - 	at java.base/java.util.concurrent.ThreadPoolExecutor.runWorker(ThreadPoolExecutor.java:1136)
[2026-08-12T21:23:34.300+0000] {subprocess.py:93} INFO - 	at java.base/java.util.concurrent.ThreadPoolExecutor$Worker.run(ThreadPoolExecutor.java:635)
[2026-08-12T21:23:34.308+0000] {subprocess.py:93} INFO - 	at java.base/java.lang.Thread.run(Thread.java:840)
[2026-08-12T21:23:34.330+0000] {subprocess.py:93} INFO - Caused by: org.apache.spark.rpc.RpcEndpointNotFoundException: Cannot find endpoint: spark://CoarseGrainedScheduler@4099a95615c9:36011
[2026-08-12T21:23:34.345+0000] {subprocess.py:93} INFO - 	at org.apache.spark.rpc.netty.NettyRpcEnv.$anonfun$asyncSetupEndpointRefByURI$1(NettyRpcEnv.scala:148)
[2026-08-12T21:23:34.366+0000] {subprocess.py:93} INFO - 	at org.apache.spark.rpc.netty.NettyRpcEnv.$anonfun$asyncSetupEndpointRefByURI$1$adapted(NettyRpcEnv.scala:144)
[2026-08-12T21:23:34.400+0000] {subprocess.py:93} INFO - 	at scala.concurrent.Future.$anonfun$flatMap$1(Future.scala:307)
[2026-08-12T21:23:34.421+0000] {subprocess.py:93} INFO - 	at scala.concurrent.impl.Promise.$anonfun$transformWith$1(Promise.scala:41)
[2026-08-12T21:23:34.503+0000] {subprocess.py:93} INFO - 	at scala.concurrent.impl.CallbackRunnable.run(Promise.scala:64)
[2026-08-12T21:23:34.516+0000] {subprocess.py:93} INFO - 	at org.apache.spark.util.ThreadUtils$$anon$1.execute(ThreadUtils.scala:99)
[2026-08-12T21:23:34.668+0000] {subprocess.py:93} INFO - 	at scala.concurrent.impl.ExecutionContextImpl$$anon$4.execute(ExecutionContextImpl.scala:138)
[2026-08-12T21:23:34.707+0000] {subprocess.py:93} INFO - 	at scala.concurrent.impl.CallbackRunnable.executeWithValue(Promise.scala:72)
[2026-08-12T21:23:34.736+0000] {subprocess.py:93} INFO - 	at scala.concurrent.impl.Promise$DefaultPromise.$anonfun$tryComplete$1(Promise.scala:288)
[2026-08-12T21:23:34.788+0000] {subprocess.py:93} INFO - 	at scala.concurrent.impl.Promise$DefaultPromise.$anonfun$tryComplete$1$adapted(Promise.scala:288)
[2026-08-12T21:23:34.812+0000] {subprocess.py:93} INFO - 	at scala.concurrent.impl.Promise$DefaultPromise.tryComplete(Promise.scala:288)
[2026-08-12T21:23:34.949+0000] {subprocess.py:93} INFO - 	at scala.concurrent.Promise.complete(Promise.scala:53)
[2026-08-12T21:23:34.961+0000] {subprocess.py:93} INFO - 	at scala.concurrent.Promise.complete$(Promise.scala:52)
[2026-08-12T21:23:35.075+0000] {subprocess.py:93} INFO - 	at scala.concurrent.impl.Promise$DefaultPromise.complete(Promise.scala:187)
[2026-08-12T21:23:35.118+0000] {subprocess.py:93} INFO - 	at scala.concurrent.impl.Promise.$anonfun$transform$1(Promise.scala:33)
[2026-08-12T21:23:35.156+0000] {subprocess.py:93} INFO - 	at scala.concurrent.impl.CallbackRunnable.run(Promise.scala:64)
[2026-08-12T21:23:35.232+0000] {subprocess.py:93} INFO - 	at org.apache.spark.util.ThreadUtils$$anon$1.execute(ThreadUtils.scala:99)
[2026-08-12T21:23:35.260+0000] {subprocess.py:93} INFO - 	at scala.concurrent.impl.ExecutionContextImpl$$anon$4.execute(ExecutionContextImpl.scala:138)
[2026-08-12T21:23:35.296+0000] {subprocess.py:93} INFO - 	at scala.concurrent.impl.CallbackRunnable.executeWithValue(Promise.scala:72)
[2026-08-12T21:23:35.318+0000] {subprocess.py:93} INFO - 	at scala.concurrent.impl.Promise$DefaultPromise.$anonfun$tryComplete$1(Promise.scala:288)
[2026-08-12T21:23:35.340+0000] {subprocess.py:93} INFO - 	at scala.concurrent.impl.Promise$DefaultPromise.$anonfun$tryComplete$1$adapted(Promise.scala:288)
[2026-08-12T21:23:35.376+0000] {subprocess.py:93} INFO - 	at scala.concurrent.impl.Promise$DefaultPromise.tryComplete(Promise.scala:288)
[2026-08-12T21:23:35.393+0000] {subprocess.py:93} INFO - 	at scala.concurrent.Promise.complete(Promise.scala:53)
[2026-08-12T21:23:35.410+0000] {subprocess.py:93} INFO - 	at scala.concurrent.Promise.complete$(Promise.scala:52)
[2026-08-12T21:23:35.415+0000] {subprocess.py:93} INFO - 	at scala.concurrent.impl.Promise$DefaultPromise.complete(Promise.scala:187)
[2026-08-12T21:23:35.443+0000] {subprocess.py:93} INFO - 	at scala.concurrent.impl.Promise.$anonfun$transform$1(Promise.scala:33)
[2026-08-12T21:23:35.450+0000] {subprocess.py:93} INFO - 	at scala.concurrent.impl.CallbackRunnable.run(Promise.scala:64)
[2026-08-12T21:23:35.520+0000] {subprocess.py:93} INFO - 	at scala.concurrent.BatchingExecutor$Batch.processBatch$1(BatchingExecutor.scala:67)
[2026-08-12T21:23:35.687+0000] {subprocess.py:93} INFO - 	at scala.concurrent.BatchingExecutor$Batch.$anonfun$run$1(BatchingExecutor.scala:82)
[2026-08-12T21:23:35.702+0000] {subprocess.py:93} INFO - 	at scala.runtime.java8.JFunction0$mcV$sp.apply(JFunction0$mcV$sp.java:23)
[2026-08-12T21:23:35.748+0000] {subprocess.py:93} INFO - 	at scala.concurrent.BlockContext$.withBlockContext(BlockContext.scala:85)
[2026-08-12T21:23:36.002+0000] {subprocess.py:93} INFO - 	at scala.concurrent.BatchingExecutor$Batch.run(BatchingExecutor.scala:59)
[2026-08-12T21:23:36.043+0000] {subprocess.py:93} INFO - 	at scala.concurrent.Future$InternalCallbackExecutor$.unbatchedExecute(Future.scala:875)
[2026-08-12T21:23:36.069+0000] {subprocess.py:93} INFO - 	at scala.concurrent.BatchingExecutor.execute(BatchingExecutor.scala:110)
[2026-08-12T21:23:36.160+0000] {subprocess.py:93} INFO - 	at scala.concurrent.BatchingExecutor.execute$(BatchingExecutor.scala:107)
[2026-08-12T21:23:36.200+0000] {subprocess.py:93} INFO - 	at scala.concurrent.Future$InternalCallbackExecutor$.execute(Future.scala:873)
[2026-08-12T21:23:36.209+0000] {subprocess.py:93} INFO - 	at scala.concurrent.impl.CallbackRunnable.executeWithValue(Promise.scala:72)
[2026-08-12T21:23:36.241+0000] {subprocess.py:93} INFO - 	at scala.concurrent.impl.Promise$DefaultPromise.$anonfun$tryComplete$1(Promise.scala:288)
[2026-08-12T21:23:36.350+0000] {subprocess.py:93} INFO - 	at scala.concurrent.impl.Promise$DefaultPromise.$anonfun$tryComplete$1$adapted(Promise.scala:288)
[2026-08-12T21:23:36.576+0000] {subprocess.py:93} INFO - 	at scala.concurrent.impl.Promise$DefaultPromise.tryComplete(Promise.scala:288)
[2026-08-12T21:23:36.611+0000] {subprocess.py:93} INFO - 	at scala.concurrent.Promise.trySuccess(Promise.scala:94)
[2026-08-12T21:23:36.662+0000] {subprocess.py:93} INFO - 	at scala.concurrent.Promise.trySuccess$(Promise.scala:94)
[2026-08-12T21:23:36.696+0000] {subprocess.py:93} INFO - 	at scala.concurrent.impl.Promise$DefaultPromise.trySuccess(Promise.scala:187)
[2026-08-12T21:23:36.760+0000] {subprocess.py:93} INFO - 	at org.apache.spark.rpc.netty.NettyRpcEnv.onSuccess$1(NettyRpcEnv.scala:225)
[2026-08-12T21:23:36.857+0000] {subprocess.py:93} INFO - 	at org.apache.spark.rpc.netty.NettyRpcEnv.$anonfun$askAbortable$5(NettyRpcEnv.scala:239)
[2026-08-12T21:23:36.916+0000] {subprocess.py:93} INFO - 	at org.apache.spark.rpc.netty.NettyRpcEnv.$anonfun$askAbortable$5$adapted(NettyRpcEnv.scala:238)
[2026-08-12T21:23:36.937+0000] {subprocess.py:93} INFO - 	at scala.concurrent.impl.CallbackRunnable.run(Promise.scala:64)
[2026-08-12T21:23:37.034+0000] {subprocess.py:93} INFO - 	at org.apache.spark.util.ThreadUtils$$anon$1.execute(ThreadUtils.scala:99)
[2026-08-12T21:23:37.040+0000] {subprocess.py:93} INFO - 	at scala.concurrent.impl.ExecutionContextImpl$$anon$4.execute(ExecutionContextImpl.scala:138)
[2026-08-12T21:23:37.066+0000] {subprocess.py:93} INFO - 	at scala.concurrent.impl.CallbackRunnable.executeWithValue(Promise.scala:72)
[2026-08-12T21:23:37.124+0000] {subprocess.py:93} INFO - 	at scala.concurrent.impl.Promise$DefaultPromise.$anonfun$tryComplete$1(Promise.scala:288)
[2026-08-12T21:23:37.143+0000] {subprocess.py:93} INFO - 	at scala.concurrent.impl.Promise$DefaultPromise.$anonfun$tryComplete$1$adapted(Promise.scala:288)
[2026-08-12T21:23:37.159+0000] {subprocess.py:93} INFO - 	at scala.concurrent.impl.Promise$DefaultPromise.tryComplete(Promise.scala:288)
[2026-08-12T21:23:37.203+0000] {subprocess.py:93} INFO - 	at scala.concurrent.Promise.complete(Promise.scala:53)
[2026-08-12T21:23:37.234+0000] {subprocess.py:93} INFO - 	at scala.concurrent.Promise.complete$(Promise.scala:52)
[2026-08-12T21:23:37.394+0000] {subprocess.py:93} INFO - 	at scala.concurrent.impl.Promise$DefaultPromise.complete(Promise.scala:187)
[2026-08-12T21:23:37.435+0000] {subprocess.py:93} INFO - 	at scala.concurrent.Promise.success(Promise.scala:86)
[2026-08-12T21:23:37.442+0000] {subprocess.py:93} INFO - 	at scala.concurrent.Promise.success$(Promise.scala:86)
[2026-08-12T21:23:37.455+0000] {subprocess.py:93} INFO - 	at scala.concurrent.impl.Promise$DefaultPromise.success(Promise.scala:187)
[2026-08-12T21:23:37.463+0000] {subprocess.py:93} INFO - 	at org.apache.spark.rpc.netty.LocalNettyRpcCallContext.send(NettyRpcCallContext.scala:50)
[2026-08-12T21:23:37.502+0000] {subprocess.py:93} INFO - 	at org.apache.spark.rpc.netty.NettyRpcCallContext.reply(NettyRpcCallContext.scala:32)
[2026-08-12T21:23:37.545+0000] {subprocess.py:93} INFO - 	at org.apache.spark.rpc.netty.RpcEndpointVerifier$$anonfun$receiveAndReply$1.applyOrElse(RpcEndpointVerifier.scala:31)
[2026-08-12T21:23:37.566+0000] {subprocess.py:93} INFO - 	... 8 more
[2026-08-12T21:23:37.592+0000] {subprocess.py:93} INFO - 26/08/12 21:22:17 ERROR Inbox: Ignoring error
[2026-08-12T21:23:37.614+0000] {subprocess.py:93} INFO - org.apache.spark.SparkException: Exception thrown in awaitResult:
[2026-08-12T21:23:37.652+0000] {subprocess.py:93} INFO - 	at org.apache.spark.util.SparkThreadUtils$.awaitResult(SparkThreadUtils.scala:56)
[2026-08-12T21:23:37.670+0000] {subprocess.py:93} INFO - 	at org.apache.spark.util.ThreadUtils$.awaitResult(ThreadUtils.scala:310)
[2026-08-12T21:23:37.673+0000] {subprocess.py:93} INFO - 	at org.apache.spark.rpc.RpcTimeout.awaitResult(RpcTimeout.scala:75)
[2026-08-12T21:23:37.677+0000] {subprocess.py:93} INFO - 	at org.apache.spark.rpc.RpcEnv.setupEndpointRefByURI(RpcEnv.scala:102)
[2026-08-12T21:23:37.720+0000] {subprocess.py:93} INFO - 	at org.apache.spark.rpc.RpcEnv.setupEndpointRef(RpcEnv.scala:110)
[2026-08-12T21:23:37.726+0000] {subprocess.py:93} INFO - 	at org.apache.spark.util.RpcUtils$.makeDriverRef(RpcUtils.scala:36)
[2026-08-12T21:23:37.734+0000] {subprocess.py:93} INFO - 	at org.apache.spark.storage.BlockManagerMasterEndpoint.driverEndpoint$lzycompute(BlockManagerMasterEndpoint.scala:124)
[2026-08-12T21:23:37.750+0000] {subprocess.py:93} INFO - 	at org.apache.spark.storage.BlockManagerMasterEndpoint.org$apache$spark$storage$BlockManagerMasterEndpoint$$driverEndpoint(BlockManagerMasterEndpoint.scala:123)
[2026-08-12T21:23:37.754+0000] {subprocess.py:93} INFO - 	at org.apache.spark.storage.BlockManagerMasterEndpoint.isExecutorAlive$lzycompute$1(BlockManagerMasterEndpoint.scala:688)
[2026-08-12T21:23:37.766+0000] {subprocess.py:93} INFO - 	at org.apache.spark.storage.BlockManagerMasterEndpoint.isExecutorAlive$1(BlockManagerMasterEndpoint.scala:687)
[2026-08-12T21:23:37.771+0000] {subprocess.py:93} INFO - 	at org.apache.spark.storage.BlockManagerMasterEndpoint.org$apache$spark$storage$BlockManagerMasterEndpoint$$register(BlockManagerMasterEndpoint.scala:725)
[2026-08-12T21:23:37.826+0000] {subprocess.py:93} INFO - 	at org.apache.spark.storage.BlockManagerMasterEndpoint$$anonfun$receiveAndReply$1.applyOrElse(BlockManagerMasterEndpoint.scala:133)
[2026-08-12T21:23:37.839+0000] {subprocess.py:93} INFO - 	at org.apache.spark.rpc.netty.Inbox.$anonfun$process$1(Inbox.scala:103)
[2026-08-12T21:23:37.855+0000] {subprocess.py:93} INFO - 	at org.apache.spark.rpc.netty.Inbox.safelyCall(Inbox.scala:213)
[2026-08-12T21:23:37.868+0000] {subprocess.py:93} INFO - 	at org.apache.spark.rpc.netty.Inbox.process(Inbox.scala:100)
[2026-08-12T21:23:37.873+0000] {subprocess.py:93} INFO - 	at org.apache.spark.rpc.netty.MessageLoop.org$apache$spark$rpc$netty$MessageLoop$$receiveLoop(MessageLoop.scala:75)
[2026-08-12T21:23:37.902+0000] {subprocess.py:93} INFO - 	at org.apache.spark.rpc.netty.MessageLoop$$anon$1.run(MessageLoop.scala:41)
[2026-08-12T21:23:37.911+0000] {subprocess.py:93} INFO - 	at java.base/java.util.concurrent.ThreadPoolExecutor.runWorker(ThreadPoolExecutor.java:1136)
[2026-08-12T21:23:37.940+0000] {subprocess.py:93} INFO - 	at java.base/java.util.concurrent.ThreadPoolExecutor$Worker.run(ThreadPoolExecutor.java:635)
[2026-08-12T21:23:37.966+0000] {subprocess.py:93} INFO - 	at java.base/java.lang.Thread.run(Thread.java:840)
[2026-08-12T21:23:37.980+0000] {subprocess.py:93} INFO - Caused by: org.apache.spark.rpc.RpcEndpointNotFoundException: Cannot find endpoint: spark://CoarseGrainedScheduler@4099a95615c9:36011
[2026-08-12T21:23:38.006+0000] {subprocess.py:93} INFO - 	at org.apache.spark.rpc.netty.NettyRpcEnv.$anonfun$asyncSetupEndpointRefByURI$1(NettyRpcEnv.scala:148)
[2026-08-12T21:23:38.017+0000] {subprocess.py:93} INFO - 	at org.apache.spark.rpc.netty.NettyRpcEnv.$anonfun$asyncSetupEndpointRefByURI$1$adapted(NettyRpcEnv.scala:144)
[2026-08-12T21:23:38.027+0000] {subprocess.py:93} INFO - 	at scala.concurrent.Future.$anonfun$flatMap$1(Future.scala:307)
[2026-08-12T21:23:38.041+0000] {subprocess.py:93} INFO - 	at scala.concurrent.impl.Promise.$anonfun$transformWith$1(Promise.scala:41)
[2026-08-12T21:23:38.051+0000] {subprocess.py:93} INFO - 	at scala.concurrent.impl.CallbackRunnable.run(Promise.scala:64)
[2026-08-12T21:23:38.068+0000] {subprocess.py:93} INFO - 	at org.apache.spark.util.ThreadUtils$$anon$1.execute(ThreadUtils.scala:99)
[2026-08-12T21:23:38.094+0000] {subprocess.py:93} INFO - 	at scala.concurrent.impl.ExecutionContextImpl$$anon$4.execute(ExecutionContextImpl.scala:138)
[2026-08-12T21:23:38.119+0000] {subprocess.py:93} INFO - 	at scala.concurrent.impl.CallbackRunnable.executeWithValue(Promise.scala:72)
[2026-08-12T21:23:38.150+0000] {subprocess.py:93} INFO - 	at scala.concurrent.impl.Promise$DefaultPromise.dispatchOrAddCallback(Promise.scala:316)
[2026-08-12T21:23:38.197+0000] {subprocess.py:93} INFO - 	at scala.concurrent.impl.Promise$DefaultPromise.onComplete(Promise.scala:307)
[2026-08-12T21:23:38.265+0000] {subprocess.py:93} INFO - 	at scala.concurrent.impl.Promise.transformWith(Promise.scala:40)
[2026-08-12T21:23:38.287+0000] {subprocess.py:93} INFO - 	at scala.concurrent.impl.Promise.transformWith$(Promise.scala:38)
[2026-08-12T21:23:38.321+0000] {subprocess.py:93} INFO - 	at scala.concurrent.impl.Promise$DefaultPromise.transformWith(Promise.scala:187)
[2026-08-12T21:23:38.338+0000] {subprocess.py:93} INFO - 	at scala.concurrent.Future.flatMap(Future.scala:306)
[2026-08-12T21:23:38.357+0000] {subprocess.py:93} INFO - 	at scala.concurrent.Future.flatMap$(Future.scala:306)
[2026-08-12T21:23:38.393+0000] {subprocess.py:93} INFO - 	at scala.concurrent.impl.Promise$DefaultPromise.flatMap(Promise.scala:187)
[2026-08-12T21:23:38.411+0000] {subprocess.py:93} INFO - 	at org.apache.spark.rpc.netty.NettyRpcEnv.asyncSetupEndpointRefByURI(NettyRpcEnv.scala:150)
[2026-08-12T21:23:38.465+0000] {subprocess.py:93} INFO - 	... 17 more
[2026-08-12T21:23:38.488+0000] {subprocess.py:93} INFO - 26/08/12 21:22:17 WARN Executor: Issue communicating with driver in heartbeater
[2026-08-12T21:23:38.547+0000] {subprocess.py:93} INFO - org.apache.spark.SparkException: Exception thrown in awaitResult:
[2026-08-12T21:23:38.557+0000] {subprocess.py:93} INFO - 	at org.apache.spark.util.SparkThreadUtils$.awaitResult(SparkThreadUtils.scala:56)
[2026-08-12T21:23:38.570+0000] {subprocess.py:93} INFO - 	at org.apache.spark.util.ThreadUtils$.awaitResult(ThreadUtils.scala:310)
[2026-08-12T21:23:38.605+0000] {subprocess.py:93} INFO - 	at org.apache.spark.rpc.RpcTimeout.awaitResult(RpcTimeout.scala:75)
[2026-08-12T21:23:38.620+0000] {subprocess.py:93} INFO - 	at org.apache.spark.rpc.RpcEndpointRef.askSync(RpcEndpointRef.scala:101)
[2026-08-12T21:23:38.639+0000] {subprocess.py:93} INFO - 	at org.apache.spark.rpc.RpcEndpointRef.askSync(RpcEndpointRef.scala:85)
[2026-08-12T21:23:38.670+0000] {subprocess.py:93} INFO - 	at org.apache.spark.storage.BlockManagerMaster.registerBlockManager(BlockManagerMaster.scala:80)
[2026-08-12T21:23:38.676+0000] {subprocess.py:93} INFO - 	at org.apache.spark.storage.BlockManager.reregister(BlockManager.scala:642)
[2026-08-12T21:23:38.720+0000] {subprocess.py:93} INFO - 	at org.apache.spark.executor.Executor.reportHeartBeat(Executor.scala:1223)
[2026-08-12T21:23:38.723+0000] {subprocess.py:93} INFO - 	at org.apache.spark.executor.Executor.$anonfun$heartbeater$1(Executor.scala:295)
[2026-08-12T21:23:38.726+0000] {subprocess.py:93} INFO - 	at scala.runtime.java8.JFunction0$mcV$sp.apply(JFunction0$mcV$sp.java:23)
[2026-08-12T21:23:38.730+0000] {subprocess.py:93} INFO - 	at org.apache.spark.util.Utils$.logUncaughtExceptions(Utils.scala:1928)
[2026-08-12T21:23:38.735+0000] {subprocess.py:93} INFO - 	at org.apache.spark.Heartbeater$$anon$1.run(Heartbeater.scala:46)
[2026-08-12T21:23:38.740+0000] {subprocess.py:93} INFO - 	at java.base/java.util.concurrent.Executors$RunnableAdapter.call(Executors.java:539)
[2026-08-12T21:23:38.743+0000] {subprocess.py:93} INFO - 	at java.base/java.util.concurrent.FutureTask.runAndReset(FutureTask.java:305)
[2026-08-12T21:23:38.746+0000] {subprocess.py:93} INFO - 	at java.base/java.util.concurrent.ScheduledThreadPoolExecutor$ScheduledFutureTask.run(ScheduledThreadPoolExecutor.java:305)
[2026-08-12T21:23:38.758+0000] {subprocess.py:93} INFO - 	at java.base/java.util.concurrent.ThreadPoolExecutor.runWorker(ThreadPoolExecutor.java:1136)
[2026-08-12T21:23:38.762+0000] {subprocess.py:93} INFO - 	at java.base/java.util.concurrent.ThreadPoolExecutor$Worker.run(ThreadPoolExecutor.java:635)
[2026-08-12T21:23:38.772+0000] {subprocess.py:93} INFO - 	at java.base/java.lang.Thread.run(Thread.java:840)
[2026-08-12T21:23:38.785+0000] {subprocess.py:93} INFO - Caused by: org.apache.spark.SparkException: Exception thrown in awaitResult:
[2026-08-12T21:23:38.818+0000] {subprocess.py:93} INFO - 	at org.apache.spark.util.SparkThreadUtils$.awaitResult(SparkThreadUtils.scala:56)
[2026-08-12T21:23:38.875+0000] {subprocess.py:93} INFO - 	at org.apache.spark.util.ThreadUtils$.awaitResult(ThreadUtils.scala:310)
[2026-08-12T21:23:38.877+0000] {subprocess.py:93} INFO - 	at org.apache.spark.rpc.RpcTimeout.awaitResult(RpcTimeout.scala:75)
[2026-08-12T21:23:38.893+0000] {subprocess.py:93} INFO - 	at org.apache.spark.rpc.RpcEnv.setupEndpointRefByURI(RpcEnv.scala:102)
[2026-08-12T21:23:38.926+0000] {subprocess.py:93} INFO - 	at org.apache.spark.rpc.RpcEnv.setupEndpointRef(RpcEnv.scala:110)
[2026-08-12T21:23:39.026+0000] {subprocess.py:93} INFO - 	at org.apache.spark.util.RpcUtils$.makeDriverRef(RpcUtils.scala:36)
[2026-08-12T21:23:39.037+0000] {subprocess.py:93} INFO - 	at org.apache.spark.storage.BlockManagerMasterEndpoint.driverEndpoint$lzycompute(BlockManagerMasterEndpoint.scala:124)
[2026-08-12T21:23:39.093+0000] {subprocess.py:93} INFO - 	at org.apache.spark.storage.BlockManagerMasterEndpoint.org$apache$spark$storage$BlockManagerMasterEndpoint$$driverEndpoint(BlockManagerMasterEndpoint.scala:123)
[2026-08-12T21:23:39.122+0000] {subprocess.py:93} INFO - 	at org.apache.spark.storage.BlockManagerMasterEndpoint.isExecutorAlive$lzycompute$1(BlockManagerMasterEndpoint.scala:688)
[2026-08-12T21:23:39.230+0000] {subprocess.py:93} INFO - 	at org.apache.spark.storage.BlockManagerMasterEndpoint.isExecutorAlive$1(BlockManagerMasterEndpoint.scala:687)
[2026-08-12T21:23:39.265+0000] {subprocess.py:93} INFO - 	at org.apache.spark.storage.BlockManagerMasterEndpoint.org$apache$spark$storage$BlockManagerMasterEndpoint$$register(BlockManagerMasterEndpoint.scala:725)
[2026-08-12T21:23:39.283+0000] {subprocess.py:93} INFO - 	at org.apache.spark.storage.BlockManagerMasterEndpoint$$anonfun$receiveAndReply$1.applyOrElse(BlockManagerMasterEndpoint.scala:133)
[2026-08-12T21:23:39.308+0000] {subprocess.py:93} INFO - 	at org.apache.spark.rpc.netty.Inbox.$anonfun$process$1(Inbox.scala:103)
[2026-08-12T21:23:39.398+0000] {subprocess.py:93} INFO - 	at org.apache.spark.rpc.netty.Inbox.safelyCall(Inbox.scala:213)
[2026-08-12T21:23:39.499+0000] {subprocess.py:93} INFO - 	at org.apache.spark.rpc.netty.Inbox.process(Inbox.scala:100)
[2026-08-12T21:23:39.543+0000] {subprocess.py:93} INFO - 	at org.apache.spark.rpc.netty.MessageLoop.org$apache$spark$rpc$netty$MessageLoop$$receiveLoop(MessageLoop.scala:75)
[2026-08-12T21:23:39.562+0000] {subprocess.py:93} INFO - 	at org.apache.spark.rpc.netty.MessageLoop$$anon$1.run(MessageLoop.scala:41)
[2026-08-12T21:23:39.606+0000] {subprocess.py:93} INFO - 	... 3 more
[2026-08-12T21:23:39.637+0000] {subprocess.py:93} INFO - Caused by: org.apache.spark.rpc.RpcEndpointNotFoundException: Cannot find endpoint: spark://CoarseGrainedScheduler@4099a95615c9:36011
[2026-08-12T21:23:39.660+0000] {subprocess.py:93} INFO - 	at org.apache.spark.rpc.netty.NettyRpcEnv.$anonfun$asyncSetupEndpointRefByURI$1(NettyRpcEnv.scala:148)
[2026-08-12T21:23:39.699+0000] {subprocess.py:93} INFO - 	at org.apache.spark.rpc.netty.NettyRpcEnv.$anonfun$asyncSetupEndpointRefByURI$1$adapted(NettyRpcEnv.scala:144)
[2026-08-12T21:23:39.716+0000] {subprocess.py:93} INFO - 	at scala.concurrent.Future.$anonfun$flatMap$1(Future.scala:307)
[2026-08-12T21:23:39.738+0000] {subprocess.py:93} INFO - 	at scala.concurrent.impl.Promise.$anonfun$transformWith$1(Promise.scala:41)
[2026-08-12T21:23:39.746+0000] {subprocess.py:93} INFO - 	at scala.concurrent.impl.CallbackRunnable.run(Promise.scala:64)
[2026-08-12T21:23:39.750+0000] {subprocess.py:93} INFO - 	at org.apache.spark.util.ThreadUtils$$anon$1.execute(ThreadUtils.scala:99)
[2026-08-12T21:23:39.761+0000] {subprocess.py:93} INFO - 	at scala.concurrent.impl.ExecutionContextImpl$$anon$4.execute(ExecutionContextImpl.scala:138)
[2026-08-12T21:23:39.766+0000] {subprocess.py:93} INFO - 	at scala.concurrent.impl.CallbackRunnable.executeWithValue(Promise.scala:72)
[2026-08-12T21:23:39.777+0000] {subprocess.py:93} INFO - 	at scala.concurrent.impl.Promise$DefaultPromise.dispatchOrAddCallback(Promise.scala:316)
[2026-08-12T21:23:39.783+0000] {subprocess.py:93} INFO - 	at scala.concurrent.impl.Promise$DefaultPromise.onComplete(Promise.scala:307)
[2026-08-12T21:23:39.787+0000] {subprocess.py:93} INFO - 	at scala.concurrent.impl.Promise.transformWith(Promise.scala:40)
[2026-08-12T21:23:39.799+0000] {subprocess.py:93} INFO - 	at scala.concurrent.impl.Promise.transformWith$(Promise.scala:38)
[2026-08-12T21:23:39.803+0000] {subprocess.py:93} INFO - 	at scala.concurrent.impl.Promise$DefaultPromise.transformWith(Promise.scala:187)
[2026-08-12T21:23:39.815+0000] {subprocess.py:93} INFO - 	at scala.concurrent.Future.flatMap(Future.scala:306)
[2026-08-12T21:23:39.820+0000] {subprocess.py:93} INFO - 	at scala.concurrent.Future.flatMap$(Future.scala:306)
[2026-08-12T21:23:39.833+0000] {subprocess.py:93} INFO - 	at scala.concurrent.impl.Promise$DefaultPromise.flatMap(Promise.scala:187)
[2026-08-12T21:23:39.839+0000] {subprocess.py:93} INFO - 	at org.apache.spark.rpc.netty.NettyRpcEnv.asyncSetupEndpointRefByURI(NettyRpcEnv.scala:150)
[2026-08-12T21:23:39.852+0000] {subprocess.py:93} INFO - 	... 17 more
[2026-08-12T21:23:39.869+0000] {subprocess.py:93} INFO - 26/08/12 21:22:21 ERROR Inbox: Ignoring error
[2026-08-12T21:23:39.877+0000] {subprocess.py:93} INFO - org.apache.spark.SparkException: Exception thrown in awaitResult:
[2026-08-12T21:23:39.880+0000] {subprocess.py:93} INFO - 	at org.apache.spark.util.SparkThreadUtils$.awaitResult(SparkThreadUtils.scala:56)
[2026-08-12T21:23:39.885+0000] {subprocess.py:93} INFO - 	at org.apache.spark.util.ThreadUtils$.awaitResult(ThreadUtils.scala:310)
[2026-08-12T21:23:39.893+0000] {subprocess.py:93} INFO - 	at org.apache.spark.rpc.RpcTimeout.awaitResult(RpcTimeout.scala:75)
[2026-08-12T21:23:39.899+0000] {subprocess.py:93} INFO - 	at org.apache.spark.rpc.RpcEnv.setupEndpointRefByURI(RpcEnv.scala:102)
[2026-08-12T21:23:39.905+0000] {subprocess.py:93} INFO - 	at org.apache.spark.rpc.RpcEnv.setupEndpointRef(RpcEnv.scala:110)
[2026-08-12T21:23:39.908+0000] {subprocess.py:93} INFO - 	at org.apache.spark.util.RpcUtils$.makeDriverRef(RpcUtils.scala:36)
[2026-08-12T21:23:39.912+0000] {subprocess.py:93} INFO - 	at org.apache.spark.storage.BlockManagerMasterEndpoint.driverEndpoint$lzycompute(BlockManagerMasterEndpoint.scala:124)
[2026-08-12T21:23:39.923+0000] {subprocess.py:93} INFO - 	at org.apache.spark.storage.BlockManagerMasterEndpoint.org$apache$spark$storage$BlockManagerMasterEndpoint$$driverEndpoint(BlockManagerMasterEndpoint.scala:123)
[2026-08-12T21:23:39.926+0000] {subprocess.py:93} INFO - 	at org.apache.spark.storage.BlockManagerMasterEndpoint.isExecutorAlive$lzycompute$1(BlockManagerMasterEndpoint.scala:688)
[2026-08-12T21:23:39.944+0000] {subprocess.py:93} INFO - 	at org.apache.spark.storage.BlockManagerMasterEndpoint.isExecutorAlive$1(BlockManagerMasterEndpoint.scala:687)
[2026-08-12T21:23:39.950+0000] {subprocess.py:93} INFO - 	at org.apache.spark.storage.BlockManagerMasterEndpoint.org$apache$spark$storage$BlockManagerMasterEndpoint$$register(BlockManagerMasterEndpoint.scala:725)
[2026-08-12T21:23:39.964+0000] {subprocess.py:93} INFO - 	at org.apache.spark.storage.BlockManagerMasterEndpoint$$anonfun$receiveAndReply$1.applyOrElse(BlockManagerMasterEndpoint.scala:133)
[2026-08-12T21:23:39.970+0000] {subprocess.py:93} INFO - 	at org.apache.spark.rpc.netty.Inbox.$anonfun$process$1(Inbox.scala:103)
[2026-08-12T21:23:40.019+0000] {subprocess.py:93} INFO - 	at org.apache.spark.rpc.netty.Inbox.safelyCall(Inbox.scala:213)
[2026-08-12T21:23:40.025+0000] {subprocess.py:93} INFO - 	at org.apache.spark.rpc.netty.Inbox.process(Inbox.scala:100)
[2026-08-12T21:23:40.028+0000] {subprocess.py:93} INFO - 	at org.apache.spark.rpc.netty.MessageLoop.org$apache$spark$rpc$netty$MessageLoop$$receiveLoop(MessageLoop.scala:75)
[2026-08-12T21:23:40.079+0000] {subprocess.py:93} INFO - 	at org.apache.spark.rpc.netty.MessageLoop$$anon$1.run(MessageLoop.scala:41)
[2026-08-12T21:23:40.088+0000] {subprocess.py:93} INFO - 	at java.base/java.util.concurrent.ThreadPoolExecutor.runWorker(ThreadPoolExecutor.java:1136)
[2026-08-12T21:23:40.091+0000] {subprocess.py:93} INFO - 	at java.base/java.util.concurrent.ThreadPoolExecutor$Worker.run(ThreadPoolExecutor.java:635)
[2026-08-12T21:23:40.112+0000] {subprocess.py:93} INFO - 	at java.base/java.lang.Thread.run(Thread.java:840)
[2026-08-12T21:23:40.114+0000] {subprocess.py:93} INFO - Caused by: org.apache.spark.rpc.RpcEndpointNotFoundException: Cannot find endpoint: spark://CoarseGrainedScheduler@4099a95615c9:36011
[2026-08-12T21:23:40.121+0000] {subprocess.py:93} INFO - 	at org.apache.spark.rpc.netty.NettyRpcEnv.$anonfun$asyncSetupEndpointRefByURI$1(NettyRpcEnv.scala:148)
[2026-08-12T21:23:40.127+0000] {subprocess.py:93} INFO - 	at org.apache.spark.rpc.netty.NettyRpcEnv.$anonfun$asyncSetupEndpointRefByURI$1$adapted(NettyRpcEnv.scala:144)
[2026-08-12T21:23:40.135+0000] {subprocess.py:93} INFO - 	at scala.concurrent.Future.$anonfun$flatMap$1(Future.scala:307)
[2026-08-12T21:23:40.138+0000] {subprocess.py:93} INFO - 	at scala.concurrent.impl.Promise.$anonfun$transformWith$1(Promise.scala:41)
[2026-08-12T21:23:40.140+0000] {subprocess.py:93} INFO - 	at scala.concurrent.impl.CallbackRunnable.run(Promise.scala:64)
[2026-08-12T21:23:40.146+0000] {subprocess.py:93} INFO - 	at org.apache.spark.util.ThreadUtils$$anon$1.execute(ThreadUtils.scala:99)
[2026-08-12T21:23:40.153+0000] {subprocess.py:93} INFO - 	at scala.concurrent.impl.ExecutionContextImpl$$anon$4.execute(ExecutionContextImpl.scala:138)
[2026-08-12T21:23:40.156+0000] {subprocess.py:93} INFO - 	at scala.concurrent.impl.CallbackRunnable.executeWithValue(Promise.scala:72)
[2026-08-12T21:23:40.171+0000] {subprocess.py:93} INFO - 	at scala.concurrent.impl.Promise$DefaultPromise.$anonfun$tryComplete$1(Promise.scala:288)
[2026-08-12T21:23:40.186+0000] {subprocess.py:93} INFO - 	at scala.concurrent.impl.Promise$DefaultPromise.$anonfun$tryComplete$1$adapted(Promise.scala:288)
[2026-08-12T21:23:40.197+0000] {subprocess.py:93} INFO - 	at scala.concurrent.impl.Promise$DefaultPromise.tryComplete(Promise.scala:288)
[2026-08-12T21:23:40.204+0000] {subprocess.py:93} INFO - 	at scala.concurrent.Promise.complete(Promise.scala:53)
[2026-08-12T21:23:40.207+0000] {subprocess.py:93} INFO - 	at scala.concurrent.Promise.complete$(Promise.scala:52)
[2026-08-12T21:23:40.218+0000] {subprocess.py:93} INFO - 	at scala.concurrent.impl.Promise$DefaultPromise.complete(Promise.scala:187)
[2026-08-12T21:23:40.226+0000] {subprocess.py:93} INFO - 	at scala.concurrent.impl.Promise.$anonfun$transform$1(Promise.scala:33)
[2026-08-12T21:23:40.235+0000] {subprocess.py:93} INFO - 	at scala.concurrent.impl.CallbackRunnable.run(Promise.scala:64)
[2026-08-12T21:23:40.242+0000] {subprocess.py:93} INFO - 	at org.apache.spark.util.ThreadUtils$$anon$1.execute(ThreadUtils.scala:99)
[2026-08-12T21:23:40.254+0000] {subprocess.py:93} INFO - 	at scala.concurrent.impl.ExecutionContextImpl$$anon$4.execute(ExecutionContextImpl.scala:138)
[2026-08-12T21:23:40.280+0000] {subprocess.py:93} INFO - 	at scala.concurrent.impl.CallbackRunnable.executeWithValue(Promise.scala:72)
[2026-08-12T21:23:40.290+0000] {subprocess.py:93} INFO - 	at scala.concurrent.impl.Promise$DefaultPromise.$anonfun$tryComplete$1(Promise.scala:288)
[2026-08-12T21:23:40.303+0000] {subprocess.py:93} INFO - 	at scala.concurrent.impl.Promise$DefaultPromise.$anonfun$tryComplete$1$adapted(Promise.scala:288)
[2026-08-12T21:23:40.314+0000] {subprocess.py:93} INFO - 	at scala.concurrent.impl.Promise$DefaultPromise.tryComplete(Promise.scala:288)
[2026-08-12T21:23:40.316+0000] {subprocess.py:93} INFO - 	at scala.concurrent.Promise.complete(Promise.scala:53)
[2026-08-12T21:23:40.323+0000] {subprocess.py:93} INFO - 	at scala.concurrent.Promise.complete$(Promise.scala:52)
[2026-08-12T21:23:40.338+0000] {subprocess.py:93} INFO - 	at scala.concurrent.impl.Promise$DefaultPromise.complete(Promise.scala:187)
[2026-08-12T21:23:40.343+0000] {subprocess.py:93} INFO - 	at scala.concurrent.impl.Promise.$anonfun$transform$1(Promise.scala:33)
[2026-08-12T21:23:40.381+0000] {subprocess.py:93} INFO - 	at scala.concurrent.impl.CallbackRunnable.run(Promise.scala:64)
[2026-08-12T21:23:40.388+0000] {subprocess.py:93} INFO - 	at scala.concurrent.BatchingExecutor$Batch.processBatch$1(BatchingExecutor.scala:67)
[2026-08-12T21:23:40.401+0000] {subprocess.py:93} INFO - 	at scala.concurrent.BatchingExecutor$Batch.$anonfun$run$1(BatchingExecutor.scala:82)
[2026-08-12T21:23:40.422+0000] {subprocess.py:93} INFO - 	at scala.runtime.java8.JFunction0$mcV$sp.apply(JFunction0$mcV$sp.java:23)
[2026-08-12T21:23:40.434+0000] {subprocess.py:93} INFO - 	at scala.concurrent.BlockContext$.withBlockContext(BlockContext.scala:85)
[2026-08-12T21:23:40.438+0000] {subprocess.py:93} INFO - 	at scala.concurrent.BatchingExecutor$Batch.run(BatchingExecutor.scala:59)
[2026-08-12T21:23:40.454+0000] {subprocess.py:93} INFO - 	at scala.concurrent.Future$InternalCallbackExecutor$.unbatchedExecute(Future.scala:875)
[2026-08-12T21:23:40.466+0000] {subprocess.py:93} INFO - 	at scala.concurrent.BatchingExecutor.execute(BatchingExecutor.scala:110)
[2026-08-12T21:23:40.474+0000] {subprocess.py:93} INFO - 	at scala.concurrent.BatchingExecutor.execute$(BatchingExecutor.scala:107)
[2026-08-12T21:23:40.484+0000] {subprocess.py:93} INFO - 	at scala.concurrent.Future$InternalCallbackExecutor$.execute(Future.scala:873)
[2026-08-12T21:23:40.504+0000] {subprocess.py:93} INFO - 	at scala.concurrent.impl.CallbackRunnable.executeWithValue(Promise.scala:72)
[2026-08-12T21:23:40.528+0000] {subprocess.py:93} INFO - 	at scala.concurrent.impl.Promise$DefaultPromise.$anonfun$tryComplete$1(Promise.scala:288)
[2026-08-12T21:23:40.541+0000] {subprocess.py:93} INFO - 	at scala.concurrent.impl.Promise$DefaultPromise.$anonfun$tryComplete$1$adapted(Promise.scala:288)
[2026-08-12T21:23:40.562+0000] {subprocess.py:93} INFO - 	at scala.concurrent.impl.Promise$DefaultPromise.tryComplete(Promise.scala:288)
[2026-08-12T21:23:40.584+0000] {subprocess.py:93} INFO - 	at scala.concurrent.Promise.trySuccess(Promise.scala:94)
[2026-08-12T21:23:40.601+0000] {subprocess.py:93} INFO - 	at scala.concurrent.Promise.trySuccess$(Promise.scala:94)
[2026-08-12T21:23:40.617+0000] {subprocess.py:93} INFO - 	at scala.concurrent.impl.Promise$DefaultPromise.trySuccess(Promise.scala:187)
[2026-08-12T21:23:40.642+0000] {subprocess.py:93} INFO - 	at org.apache.spark.rpc.netty.NettyRpcEnv.onSuccess$1(NettyRpcEnv.scala:225)
[2026-08-12T21:23:40.655+0000] {subprocess.py:93} INFO - 	at org.apache.spark.rpc.netty.NettyRpcEnv.$anonfun$askAbortable$5(NettyRpcEnv.scala:239)
[2026-08-12T21:23:40.665+0000] {subprocess.py:93} INFO - 	at org.apache.spark.rpc.netty.NettyRpcEnv.$anonfun$askAbortable$5$adapted(NettyRpcEnv.scala:238)
[2026-08-12T21:23:40.673+0000] {subprocess.py:93} INFO - 	at scala.concurrent.impl.CallbackRunnable.run(Promise.scala:64)
[2026-08-12T21:23:40.685+0000] {subprocess.py:93} INFO - 	at org.apache.spark.util.ThreadUtils$$anon$1.execute(ThreadUtils.scala:99)
[2026-08-12T21:23:40.719+0000] {subprocess.py:93} INFO - 	at scala.concurrent.impl.ExecutionContextImpl$$anon$4.execute(ExecutionContextImpl.scala:138)
[2026-08-12T21:23:40.750+0000] {subprocess.py:93} INFO - 	at scala.concurrent.impl.CallbackRunnable.executeWithValue(Promise.scala:72)
[2026-08-12T21:23:40.774+0000] {subprocess.py:93} INFO - 	at scala.concurrent.impl.Promise$DefaultPromise.$anonfun$tryComplete$1(Promise.scala:288)
[2026-08-12T21:23:40.906+0000] {subprocess.py:93} INFO - 	at scala.concurrent.impl.Promise$DefaultPromise.$anonfun$tryComplete$1$adapted(Promise.scala:288)
[2026-08-12T21:23:40.939+0000] {subprocess.py:93} INFO - 	at scala.concurrent.impl.Promise$DefaultPromise.tryComplete(Promise.scala:288)
[2026-08-12T21:23:40.966+0000] {subprocess.py:93} INFO - 	at scala.concurrent.Promise.complete(Promise.scala:53)
[2026-08-12T21:23:40.993+0000] {subprocess.py:93} INFO - 	at scala.concurrent.Promise.complete$(Promise.scala:52)
[2026-08-12T21:23:41.040+0000] {subprocess.py:93} INFO - 	at scala.concurrent.impl.Promise$DefaultPromise.complete(Promise.scala:187)
[2026-08-12T21:23:41.046+0000] {subprocess.py:93} INFO - 	at scala.concurrent.Promise.success(Promise.scala:86)
[2026-08-12T21:23:41.073+0000] {subprocess.py:93} INFO - 	at scala.concurrent.Promise.success$(Promise.scala:86)
[2026-08-12T21:23:41.084+0000] {subprocess.py:93} INFO - 	at scala.concurrent.impl.Promise$DefaultPromise.success(Promise.scala:187)
[2026-08-12T21:23:41.108+0000] {subprocess.py:93} INFO - 	at org.apache.spark.rpc.netty.LocalNettyRpcCallContext.send(NettyRpcCallContext.scala:50)
[2026-08-12T21:23:41.124+0000] {subprocess.py:93} INFO - 	at org.apache.spark.rpc.netty.NettyRpcCallContext.reply(NettyRpcCallContext.scala:32)
[2026-08-12T21:23:41.151+0000] {subprocess.py:93} INFO - 	at org.apache.spark.rpc.netty.RpcEndpointVerifier$$anonfun$receiveAndReply$1.applyOrElse(RpcEndpointVerifier.scala:31)
[2026-08-12T21:23:41.162+0000] {subprocess.py:93} INFO - 	... 8 more
[2026-08-12T21:23:41.170+0000] {subprocess.py:93} INFO - 26/08/12 21:22:21 WARN Executor: Issue communicating with driver in heartbeater
[2026-08-12T21:23:41.184+0000] {subprocess.py:93} INFO - org.apache.spark.SparkException: Exception thrown in awaitResult:
[2026-08-12T21:23:41.186+0000] {subprocess.py:93} INFO - 	at org.apache.spark.util.SparkThreadUtils$.awaitResult(SparkThreadUtils.scala:56)
[2026-08-12T21:23:41.189+0000] {subprocess.py:93} INFO - 	at org.apache.spark.util.ThreadUtils$.awaitResult(ThreadUtils.scala:310)
[2026-08-12T21:23:41.198+0000] {subprocess.py:93} INFO - 	at org.apache.spark.rpc.RpcTimeout.awaitResult(RpcTimeout.scala:75)
[2026-08-12T21:23:41.212+0000] {subprocess.py:93} INFO - 	at org.apache.spark.rpc.RpcEndpointRef.askSync(RpcEndpointRef.scala:101)
[2026-08-12T21:23:41.231+0000] {subprocess.py:93} INFO - 	at org.apache.spark.rpc.RpcEndpointRef.askSync(RpcEndpointRef.scala:85)
[2026-08-12T21:23:41.258+0000] {subprocess.py:93} INFO - 	at org.apache.spark.storage.BlockManagerMaster.registerBlockManager(BlockManagerMaster.scala:80)
[2026-08-12T21:23:41.261+0000] {subprocess.py:93} INFO - 	at org.apache.spark.storage.BlockManager.reregister(BlockManager.scala:642)
[2026-08-12T21:23:41.281+0000] {subprocess.py:93} INFO - 	at org.apache.spark.executor.Executor.reportHeartBeat(Executor.scala:1223)
[2026-08-12T21:23:41.285+0000] {subprocess.py:93} INFO - 	at org.apache.spark.executor.Executor.$anonfun$heartbeater$1(Executor.scala:295)
[2026-08-12T21:23:41.299+0000] {subprocess.py:93} INFO - 	at scala.runtime.java8.JFunction0$mcV$sp.apply(JFunction0$mcV$sp.java:23)
[2026-08-12T21:23:41.331+0000] {subprocess.py:93} INFO - 	at org.apache.spark.util.Utils$.logUncaughtExceptions(Utils.scala:1928)
[2026-08-12T21:23:41.337+0000] {subprocess.py:93} INFO - 	at org.apache.spark.Heartbeater$$anon$1.run(Heartbeater.scala:46)
[2026-08-12T21:23:41.387+0000] {subprocess.py:93} INFO - 	at java.base/java.util.concurrent.Executors$RunnableAdapter.call(Executors.java:539)
[2026-08-12T21:23:41.414+0000] {subprocess.py:93} INFO - 	at java.base/java.util.concurrent.FutureTask.runAndReset(FutureTask.java:305)
[2026-08-12T21:23:41.433+0000] {subprocess.py:93} INFO - 	at java.base/java.util.concurrent.ScheduledThreadPoolExecutor$ScheduledFutureTask.run(ScheduledThreadPoolExecutor.java:305)
[2026-08-12T21:23:41.448+0000] {subprocess.py:93} INFO - 	at java.base/java.util.concurrent.ThreadPoolExecutor.runWorker(ThreadPoolExecutor.java:1136)
[2026-08-12T21:23:41.474+0000] {subprocess.py:93} INFO - 	at java.base/java.util.concurrent.ThreadPoolExecutor$Worker.run(ThreadPoolExecutor.java:635)
[2026-08-12T21:23:41.482+0000] {subprocess.py:93} INFO - 	at java.base/java.lang.Thread.run(Thread.java:840)
[2026-08-12T21:23:41.490+0000] {subprocess.py:93} INFO - Caused by: org.apache.spark.SparkException: Exception thrown in awaitResult:
[2026-08-12T21:23:41.498+0000] {subprocess.py:93} INFO - 	at org.apache.spark.util.SparkThreadUtils$.awaitResult(SparkThreadUtils.scala:56)
[2026-08-12T21:23:41.506+0000] {subprocess.py:93} INFO - 	at org.apache.spark.util.ThreadUtils$.awaitResult(ThreadUtils.scala:310)
[2026-08-12T21:23:41.510+0000] {subprocess.py:93} INFO - 	at org.apache.spark.rpc.RpcTimeout.awaitResult(RpcTimeout.scala:75)
[2026-08-12T21:23:41.521+0000] {subprocess.py:93} INFO - 	at org.apache.spark.rpc.RpcEnv.setupEndpointRefByURI(RpcEnv.scala:102)
[2026-08-12T21:23:41.524+0000] {subprocess.py:93} INFO - 	at org.apache.spark.rpc.RpcEnv.setupEndpointRef(RpcEnv.scala:110)
[2026-08-12T21:23:41.526+0000] {subprocess.py:93} INFO - 	at org.apache.spark.util.RpcUtils$.makeDriverRef(RpcUtils.scala:36)
[2026-08-12T21:23:41.535+0000] {subprocess.py:93} INFO - 	at org.apache.spark.storage.BlockManagerMasterEndpoint.driverEndpoint$lzycompute(BlockManagerMasterEndpoint.scala:124)
[2026-08-12T21:23:41.544+0000] {subprocess.py:93} INFO - 	at org.apache.spark.storage.BlockManagerMasterEndpoint.org$apache$spark$storage$BlockManagerMasterEndpoint$$driverEndpoint(BlockManagerMasterEndpoint.scala:123)
[2026-08-12T21:23:41.554+0000] {subprocess.py:93} INFO - 	at org.apache.spark.storage.BlockManagerMasterEndpoint.isExecutorAlive$lzycompute$1(BlockManagerMasterEndpoint.scala:688)
[2026-08-12T21:23:41.573+0000] {subprocess.py:93} INFO - 	at org.apache.spark.storage.BlockManagerMasterEndpoint.isExecutorAlive$1(BlockManagerMasterEndpoint.scala:687)
[2026-08-12T21:23:41.599+0000] {subprocess.py:93} INFO - 	at org.apache.spark.storage.BlockManagerMasterEndpoint.org$apache$spark$storage$BlockManagerMasterEndpoint$$register(BlockManagerMasterEndpoint.scala:725)
[2026-08-12T21:23:41.641+0000] {subprocess.py:93} INFO - 	at org.apache.spark.storage.BlockManagerMasterEndpoint$$anonfun$receiveAndReply$1.applyOrElse(BlockManagerMasterEndpoint.scala:133)
[2026-08-12T21:23:41.656+0000] {subprocess.py:93} INFO - 	at org.apache.spark.rpc.netty.Inbox.$anonfun$process$1(Inbox.scala:103)
[2026-08-12T21:23:41.723+0000] {subprocess.py:93} INFO - 	at org.apache.spark.rpc.netty.Inbox.safelyCall(Inbox.scala:213)
[2026-08-12T21:23:41.739+0000] {subprocess.py:93} INFO - 	at org.apache.spark.rpc.netty.Inbox.process(Inbox.scala:100)
[2026-08-12T21:23:41.760+0000] {subprocess.py:93} INFO - 	at org.apache.spark.rpc.netty.MessageLoop.org$apache$spark$rpc$netty$MessageLoop$$receiveLoop(MessageLoop.scala:75)
[2026-08-12T21:23:41.780+0000] {subprocess.py:93} INFO - 	at org.apache.spark.rpc.netty.MessageLoop$$anon$1.run(MessageLoop.scala:41)
[2026-08-12T21:23:41.829+0000] {subprocess.py:93} INFO - 	... 3 more
[2026-08-12T21:23:41.897+0000] {subprocess.py:93} INFO - Caused by: org.apache.spark.rpc.RpcEndpointNotFoundException: Cannot find endpoint: spark://CoarseGrainedScheduler@4099a95615c9:36011
[2026-08-12T21:23:42.020+0000] {subprocess.py:93} INFO - 	at org.apache.spark.rpc.netty.NettyRpcEnv.$anonfun$asyncSetupEndpointRefByURI$1(NettyRpcEnv.scala:148)
[2026-08-12T21:23:42.058+0000] {subprocess.py:93} INFO - 	at org.apache.spark.rpc.netty.NettyRpcEnv.$anonfun$asyncSetupEndpointRefByURI$1$adapted(NettyRpcEnv.scala:144)
[2026-08-12T21:23:42.077+0000] {subprocess.py:93} INFO - 	at scala.concurrent.Future.$anonfun$flatMap$1(Future.scala:307)
[2026-08-12T21:23:42.119+0000] {subprocess.py:93} INFO - 	at scala.concurrent.impl.Promise.$anonfun$transformWith$1(Promise.scala:41)
[2026-08-12T21:23:42.137+0000] {subprocess.py:93} INFO - 	at scala.concurrent.impl.CallbackRunnable.run(Promise.scala:64)
[2026-08-12T21:23:42.239+0000] {subprocess.py:93} INFO - 	at org.apache.spark.util.ThreadUtils$$anon$1.execute(ThreadUtils.scala:99)
[2026-08-12T21:23:42.276+0000] {subprocess.py:93} INFO - 	at scala.concurrent.impl.ExecutionContextImpl$$anon$4.execute(ExecutionContextImpl.scala:138)
[2026-08-12T21:23:42.282+0000] {subprocess.py:93} INFO - 	at scala.concurrent.impl.CallbackRunnable.executeWithValue(Promise.scala:72)
[2026-08-12T21:23:42.290+0000] {subprocess.py:93} INFO - 	at scala.concurrent.impl.Promise$DefaultPromise.$anonfun$tryComplete$1(Promise.scala:288)
[2026-08-12T21:23:42.316+0000] {subprocess.py:93} INFO - 	at scala.concurrent.impl.Promise$DefaultPromise.$anonfun$tryComplete$1$adapted(Promise.scala:288)
[2026-08-12T21:23:42.324+0000] {subprocess.py:93} INFO - 	at scala.concurrent.impl.Promise$DefaultPromise.tryComplete(Promise.scala:288)
[2026-08-12T21:23:42.332+0000] {subprocess.py:93} INFO - 	at scala.concurrent.Promise.complete(Promise.scala:53)
[2026-08-12T21:23:42.338+0000] {subprocess.py:93} INFO - 	at scala.concurrent.Promise.complete$(Promise.scala:52)
[2026-08-12T21:23:42.352+0000] {subprocess.py:93} INFO - 	at scala.concurrent.impl.Promise$DefaultPromise.complete(Promise.scala:187)
[2026-08-12T21:23:42.368+0000] {subprocess.py:93} INFO - 	at scala.concurrent.impl.Promise.$anonfun$transform$1(Promise.scala:33)
[2026-08-12T21:23:42.391+0000] {subprocess.py:93} INFO - 	at scala.concurrent.impl.CallbackRunnable.run(Promise.scala:64)
[2026-08-12T21:23:42.406+0000] {subprocess.py:93} INFO - 	at org.apache.spark.util.ThreadUtils$$anon$1.execute(ThreadUtils.scala:99)
[2026-08-12T21:23:42.411+0000] {subprocess.py:93} INFO - 	at scala.concurrent.impl.ExecutionContextImpl$$anon$4.execute(ExecutionContextImpl.scala:138)
[2026-08-12T21:23:42.426+0000] {subprocess.py:93} INFO - 	at scala.concurrent.impl.CallbackRunnable.executeWithValue(Promise.scala:72)
[2026-08-12T21:23:42.441+0000] {subprocess.py:93} INFO - 	at scala.concurrent.impl.Promise$DefaultPromise.$anonfun$tryComplete$1(Promise.scala:288)
[2026-08-12T21:23:42.457+0000] {subprocess.py:93} INFO - 	at scala.concurrent.impl.Promise$DefaultPromise.$anonfun$tryComplete$1$adapted(Promise.scala:288)
[2026-08-12T21:23:42.477+0000] {subprocess.py:93} INFO - 	at scala.concurrent.impl.Promise$DefaultPromise.tryComplete(Promise.scala:288)
[2026-08-12T21:23:42.512+0000] {subprocess.py:93} INFO - 	at scala.concurrent.Promise.complete(Promise.scala:53)
[2026-08-12T21:23:42.544+0000] {subprocess.py:93} INFO - 	at scala.concurrent.Promise.complete$(Promise.scala:52)
[2026-08-12T21:23:42.566+0000] {subprocess.py:93} INFO - 	at scala.concurrent.impl.Promise$DefaultPromise.complete(Promise.scala:187)
[2026-08-12T21:23:42.642+0000] {subprocess.py:93} INFO - 	at scala.concurrent.impl.Promise.$anonfun$transform$1(Promise.scala:33)
[2026-08-12T21:23:42.677+0000] {subprocess.py:93} INFO - 	at scala.concurrent.impl.CallbackRunnable.run(Promise.scala:64)
[2026-08-12T21:23:42.709+0000] {subprocess.py:93} INFO - 	at scala.concurrent.BatchingExecutor$Batch.processBatch$1(BatchingExecutor.scala:67)
[2026-08-12T21:23:42.719+0000] {subprocess.py:93} INFO - 	at scala.concurrent.BatchingExecutor$Batch.$anonfun$run$1(BatchingExecutor.scala:82)
[2026-08-12T21:23:42.836+0000] {subprocess.py:93} INFO - 	at scala.runtime.java8.JFunction0$mcV$sp.apply(JFunction0$mcV$sp.java:23)
[2026-08-12T21:23:42.862+0000] {subprocess.py:93} INFO - 	at scala.concurrent.BlockContext$.withBlockContext(BlockContext.scala:85)
[2026-08-12T21:23:42.875+0000] {subprocess.py:93} INFO - 	at scala.concurrent.BatchingExecutor$Batch.run(BatchingExecutor.scala:59)
[2026-08-12T21:23:42.905+0000] {subprocess.py:93} INFO - 	at scala.concurrent.Future$InternalCallbackExecutor$.unbatchedExecute(Future.scala:875)
[2026-08-12T21:23:42.963+0000] {subprocess.py:93} INFO - 	at scala.concurrent.BatchingExecutor.execute(BatchingExecutor.scala:110)
[2026-08-12T21:23:42.986+0000] {subprocess.py:93} INFO - 	at scala.concurrent.BatchingExecutor.execute$(BatchingExecutor.scala:107)
[2026-08-12T21:23:43.009+0000] {subprocess.py:93} INFO - 	at scala.concurrent.Future$InternalCallbackExecutor$.execute(Future.scala:873)
[2026-08-12T21:23:43.023+0000] {subprocess.py:93} INFO - 	at scala.concurrent.impl.CallbackRunnable.executeWithValue(Promise.scala:72)
[2026-08-12T21:23:43.027+0000] {subprocess.py:93} INFO - 	at scala.concurrent.impl.Promise$DefaultPromise.$anonfun$tryComplete$1(Promise.scala:288)
[2026-08-12T21:23:43.063+0000] {subprocess.py:93} INFO - 	at scala.concurrent.impl.Promise$DefaultPromise.$anonfun$tryComplete$1$adapted(Promise.scala:288)
[2026-08-12T21:23:43.079+0000] {subprocess.py:93} INFO - 	at scala.concurrent.impl.Promise$DefaultPromise.tryComplete(Promise.scala:288)
[2026-08-12T21:23:43.109+0000] {subprocess.py:93} INFO - 	at scala.concurrent.Promise.trySuccess(Promise.scala:94)
[2026-08-12T21:23:43.126+0000] {subprocess.py:93} INFO - 	at scala.concurrent.Promise.trySuccess$(Promise.scala:94)
[2026-08-12T21:23:43.129+0000] {subprocess.py:93} INFO - 	at scala.concurrent.impl.Promise$DefaultPromise.trySuccess(Promise.scala:187)
[2026-08-12T21:23:43.142+0000] {subprocess.py:93} INFO - 	at org.apache.spark.rpc.netty.NettyRpcEnv.onSuccess$1(NettyRpcEnv.scala:225)
[2026-08-12T21:23:43.147+0000] {subprocess.py:93} INFO - 	at org.apache.spark.rpc.netty.NettyRpcEnv.$anonfun$askAbortable$5(NettyRpcEnv.scala:239)
[2026-08-12T21:23:43.166+0000] {subprocess.py:93} INFO - 	at org.apache.spark.rpc.netty.NettyRpcEnv.$anonfun$askAbortable$5$adapted(NettyRpcEnv.scala:238)
[2026-08-12T21:23:43.178+0000] {subprocess.py:93} INFO - 	at scala.concurrent.impl.CallbackRunnable.run(Promise.scala:64)
[2026-08-12T21:23:43.239+0000] {subprocess.py:93} INFO - 	at org.apache.spark.util.ThreadUtils$$anon$1.execute(ThreadUtils.scala:99)
[2026-08-12T21:23:43.248+0000] {subprocess.py:93} INFO - 	at scala.concurrent.impl.ExecutionContextImpl$$anon$4.execute(ExecutionContextImpl.scala:138)
[2026-08-12T21:23:43.266+0000] {subprocess.py:93} INFO - 	at scala.concurrent.impl.CallbackRunnable.executeWithValue(Promise.scala:72)
[2026-08-12T21:23:43.328+0000] {subprocess.py:93} INFO - 	at scala.concurrent.impl.Promise$DefaultPromise.$anonfun$tryComplete$1(Promise.scala:288)
[2026-08-12T21:23:43.362+0000] {subprocess.py:93} INFO - 	at scala.concurrent.impl.Promise$DefaultPromise.$anonfun$tryComplete$1$adapted(Promise.scala:288)
[2026-08-12T21:23:43.379+0000] {subprocess.py:93} INFO - 	at scala.concurrent.impl.Promise$DefaultPromise.tryComplete(Promise.scala:288)
[2026-08-12T21:23:43.403+0000] {subprocess.py:93} INFO - 	at scala.concurrent.Promise.complete(Promise.scala:53)
[2026-08-12T21:23:43.458+0000] {subprocess.py:93} INFO - 	at scala.concurrent.Promise.complete$(Promise.scala:52)
[2026-08-12T21:23:43.463+0000] {subprocess.py:93} INFO - 	at scala.concurrent.impl.Promise$DefaultPromise.complete(Promise.scala:187)
[2026-08-12T21:23:43.472+0000] {subprocess.py:93} INFO - 	at scala.concurrent.Promise.success(Promise.scala:86)
[2026-08-12T21:23:43.483+0000] {subprocess.py:93} INFO - 	at scala.concurrent.Promise.success$(Promise.scala:86)
[2026-08-12T21:23:43.491+0000] {subprocess.py:93} INFO - 	at scala.concurrent.impl.Promise$DefaultPromise.success(Promise.scala:187)
[2026-08-12T21:23:43.497+0000] {subprocess.py:93} INFO - 	at org.apache.spark.rpc.netty.LocalNettyRpcCallContext.send(NettyRpcCallContext.scala:50)
[2026-08-12T21:23:43.501+0000] {subprocess.py:93} INFO - 	at org.apache.spark.rpc.netty.NettyRpcCallContext.reply(NettyRpcCallContext.scala:32)
[2026-08-12T21:23:43.508+0000] {subprocess.py:93} INFO - 	at org.apache.spark.rpc.netty.RpcEndpointVerifier$$anonfun$receiveAndReply$1.applyOrElse(RpcEndpointVerifier.scala:31)
[2026-08-12T21:23:43.517+0000] {subprocess.py:93} INFO - 	... 8 more
[2026-08-12T21:23:43.527+0000] {subprocess.py:93} INFO - 26/08/12 21:22:28 ERROR Inbox: Ignoring error
[2026-08-12T21:23:43.534+0000] {subprocess.py:93} INFO - org.apache.spark.SparkException: Exception thrown in awaitResult:
[2026-08-12T21:23:43.547+0000] {subprocess.py:93} INFO - 	at org.apache.spark.util.SparkThreadUtils$.awaitResult(SparkThreadUtils.scala:56)
[2026-08-12T21:23:43.560+0000] {subprocess.py:93} INFO - 	at org.apache.spark.util.ThreadUtils$.awaitResult(ThreadUtils.scala:310)
[2026-08-12T21:23:43.575+0000] {subprocess.py:93} INFO - 	at org.apache.spark.rpc.RpcTimeout.awaitResult(RpcTimeout.scala:75)
[2026-08-12T21:23:43.606+0000] {subprocess.py:93} INFO - 	at org.apache.spark.rpc.RpcEnv.setupEndpointRefByURI(RpcEnv.scala:102)
[2026-08-12T21:23:43.625+0000] {subprocess.py:93} INFO - 	at org.apache.spark.rpc.RpcEnv.setupEndpointRef(RpcEnv.scala:110)
[2026-08-12T21:23:43.632+0000] {subprocess.py:93} INFO - 	at org.apache.spark.util.RpcUtils$.makeDriverRef(RpcUtils.scala:36)
[2026-08-12T21:23:43.660+0000] {subprocess.py:93} INFO - 	at org.apache.spark.storage.BlockManagerMasterEndpoint.driverEndpoint$lzycompute(BlockManagerMasterEndpoint.scala:124)
[2026-08-12T21:23:43.667+0000] {subprocess.py:93} INFO - 	at org.apache.spark.storage.BlockManagerMasterEndpoint.org$apache$spark$storage$BlockManagerMasterEndpoint$$driverEndpoint(BlockManagerMasterEndpoint.scala:123)
[2026-08-12T21:23:43.673+0000] {subprocess.py:93} INFO - 	at org.apache.spark.storage.BlockManagerMasterEndpoint.isExecutorAlive$lzycompute$1(BlockManagerMasterEndpoint.scala:688)
[2026-08-12T21:23:43.688+0000] {subprocess.py:93} INFO - 	at org.apache.spark.storage.BlockManagerMasterEndpoint.isExecutorAlive$1(BlockManagerMasterEndpoint.scala:687)
[2026-08-12T21:23:43.710+0000] {subprocess.py:93} INFO - 	at org.apache.spark.storage.BlockManagerMasterEndpoint.org$apache$spark$storage$BlockManagerMasterEndpoint$$register(BlockManagerMasterEndpoint.scala:725)
[2026-08-12T21:23:43.734+0000] {subprocess.py:93} INFO - 	at org.apache.spark.storage.BlockManagerMasterEndpoint$$anonfun$receiveAndReply$1.applyOrElse(BlockManagerMasterEndpoint.scala:133)
[2026-08-12T21:23:43.746+0000] {subprocess.py:93} INFO - 	at org.apache.spark.rpc.netty.Inbox.$anonfun$process$1(Inbox.scala:103)
[2026-08-12T21:23:43.761+0000] {subprocess.py:93} INFO - 	at org.apache.spark.rpc.netty.Inbox.safelyCall(Inbox.scala:213)
[2026-08-12T21:23:43.765+0000] {subprocess.py:93} INFO - 	at org.apache.spark.rpc.netty.Inbox.process(Inbox.scala:100)
[2026-08-12T21:23:43.823+0000] {subprocess.py:93} INFO - 	at org.apache.spark.rpc.netty.MessageLoop.org$apache$spark$rpc$netty$MessageLoop$$receiveLoop(MessageLoop.scala:75)
[2026-08-12T21:23:43.830+0000] {subprocess.py:93} INFO - 	at org.apache.spark.rpc.netty.MessageLoop$$anon$1.run(MessageLoop.scala:41)
[2026-08-12T21:23:43.843+0000] {subprocess.py:93} INFO - 	at java.base/java.util.concurrent.ThreadPoolExecutor.runWorker(ThreadPoolExecutor.java:1136)
[2026-08-12T21:23:43.867+0000] {subprocess.py:93} INFO - 	at java.base/java.util.concurrent.ThreadPoolExecutor$Worker.run(ThreadPoolExecutor.java:635)
[2026-08-12T21:23:43.877+0000] {subprocess.py:93} INFO - 	at java.base/java.lang.Thread.run(Thread.java:840)
[2026-08-12T21:23:43.880+0000] {subprocess.py:93} INFO - Caused by: org.apache.spark.rpc.RpcEndpointNotFoundException: Cannot find endpoint: spark://CoarseGrainedScheduler@4099a95615c9:36011
[2026-08-12T21:23:43.895+0000] {subprocess.py:93} INFO - 	at org.apache.spark.rpc.netty.NettyRpcEnv.$anonfun$asyncSetupEndpointRefByURI$1(NettyRpcEnv.scala:148)
[2026-08-12T21:23:43.901+0000] {subprocess.py:93} INFO - 	at org.apache.spark.rpc.netty.NettyRpcEnv.$anonfun$asyncSetupEndpointRefByURI$1$adapted(NettyRpcEnv.scala:144)
[2026-08-12T21:23:43.918+0000] {subprocess.py:93} INFO - 	at scala.concurrent.Future.$anonfun$flatMap$1(Future.scala:307)
[2026-08-12T21:23:43.973+0000] {subprocess.py:93} INFO - 	at scala.concurrent.impl.Promise.$anonfun$transformWith$1(Promise.scala:41)
[2026-08-12T21:23:44.095+0000] {subprocess.py:93} INFO - 	at scala.concurrent.impl.CallbackRunnable.run(Promise.scala:64)
[2026-08-12T21:23:44.150+0000] {subprocess.py:93} INFO - 	at org.apache.spark.util.ThreadUtils$$anon$1.execute(ThreadUtils.scala:99)
[2026-08-12T21:23:44.172+0000] {subprocess.py:93} INFO - 	at scala.concurrent.impl.ExecutionContextImpl$$anon$4.execute(ExecutionContextImpl.scala:138)
[2026-08-12T21:23:44.208+0000] {subprocess.py:93} INFO - 	at scala.concurrent.impl.CallbackRunnable.executeWithValue(Promise.scala:72)
[2026-08-12T21:23:44.243+0000] {subprocess.py:93} INFO - 	at scala.concurrent.impl.Promise$DefaultPromise.$anonfun$tryComplete$1(Promise.scala:288)
[2026-08-12T21:23:44.266+0000] {subprocess.py:93} INFO - 	at scala.concurrent.impl.Promise$DefaultPromise.$anonfun$tryComplete$1$adapted(Promise.scala:288)
[2026-08-12T21:23:44.309+0000] {subprocess.py:93} INFO - 	at scala.concurrent.impl.Promise$DefaultPromise.tryComplete(Promise.scala:288)
[2026-08-12T21:23:44.329+0000] {subprocess.py:93} INFO - 	at scala.concurrent.Promise.complete(Promise.scala:53)
[2026-08-12T21:23:44.357+0000] {subprocess.py:93} INFO - 	at scala.concurrent.Promise.complete$(Promise.scala:52)
[2026-08-12T21:23:44.382+0000] {subprocess.py:93} INFO - 	at scala.concurrent.impl.Promise$DefaultPromise.complete(Promise.scala:187)
[2026-08-12T21:23:44.396+0000] {subprocess.py:93} INFO - 	at scala.concurrent.impl.Promise.$anonfun$transform$1(Promise.scala:33)
[2026-08-12T21:23:44.458+0000] {subprocess.py:93} INFO - 	at scala.concurrent.impl.CallbackRunnable.run(Promise.scala:64)
[2026-08-12T21:23:44.479+0000] {subprocess.py:93} INFO - 	at org.apache.spark.util.ThreadUtils$$anon$1.execute(ThreadUtils.scala:99)
[2026-08-12T21:23:44.541+0000] {subprocess.py:93} INFO - 	at scala.concurrent.impl.ExecutionContextImpl$$anon$4.execute(ExecutionContextImpl.scala:138)
[2026-08-12T21:23:44.558+0000] {subprocess.py:93} INFO - 	at scala.concurrent.impl.CallbackRunnable.executeWithValue(Promise.scala:72)
[2026-08-12T21:23:44.575+0000] {subprocess.py:93} INFO - 	at scala.concurrent.impl.Promise$DefaultPromise.$anonfun$tryComplete$1(Promise.scala:288)
[2026-08-12T21:23:44.620+0000] {subprocess.py:93} INFO - 	at scala.concurrent.impl.Promise$DefaultPromise.$anonfun$tryComplete$1$adapted(Promise.scala:288)
[2026-08-12T21:23:44.636+0000] {subprocess.py:93} INFO - 	at scala.concurrent.impl.Promise$DefaultPromise.tryComplete(Promise.scala:288)
[2026-08-12T21:23:44.647+0000] {subprocess.py:93} INFO - 	at scala.concurrent.Promise.complete(Promise.scala:53)
[2026-08-12T21:23:44.706+0000] {subprocess.py:93} INFO - 	at scala.concurrent.Promise.complete$(Promise.scala:52)
[2026-08-12T21:23:44.710+0000] {subprocess.py:93} INFO - 	at scala.concurrent.impl.Promise$DefaultPromise.complete(Promise.scala:187)
[2026-08-12T21:23:44.719+0000] {subprocess.py:93} INFO - 	at scala.concurrent.impl.Promise.$anonfun$transform$1(Promise.scala:33)
[2026-08-12T21:23:44.724+0000] {subprocess.py:93} INFO - 	at scala.concurrent.impl.CallbackRunnable.run(Promise.scala:64)
[2026-08-12T21:23:44.731+0000] {subprocess.py:93} INFO - 	at scala.concurrent.BatchingExecutor$Batch.processBatch$1(BatchingExecutor.scala:67)
[2026-08-12T21:23:44.751+0000] {subprocess.py:93} INFO - 	at scala.concurrent.BatchingExecutor$Batch.$anonfun$run$1(BatchingExecutor.scala:82)
[2026-08-12T21:23:44.754+0000] {subprocess.py:93} INFO - 	at scala.runtime.java8.JFunction0$mcV$sp.apply(JFunction0$mcV$sp.java:23)
[2026-08-12T21:23:44.762+0000] {subprocess.py:93} INFO - 	at scala.concurrent.BlockContext$.withBlockContext(BlockContext.scala:85)
[2026-08-12T21:23:44.782+0000] {subprocess.py:93} INFO - 	at scala.concurrent.BatchingExecutor$Batch.run(BatchingExecutor.scala:59)
[2026-08-12T21:23:44.797+0000] {subprocess.py:93} INFO - 	at scala.concurrent.Future$InternalCallbackExecutor$.unbatchedExecute(Future.scala:875)
[2026-08-12T21:23:44.814+0000] {subprocess.py:93} INFO - 	at scala.concurrent.BatchingExecutor.execute(BatchingExecutor.scala:110)
[2026-08-12T21:23:44.817+0000] {subprocess.py:93} INFO - 	at scala.concurrent.BatchingExecutor.execute$(BatchingExecutor.scala:107)
[2026-08-12T21:23:44.824+0000] {subprocess.py:93} INFO - 	at scala.concurrent.Future$InternalCallbackExecutor$.execute(Future.scala:873)
[2026-08-12T21:23:44.842+0000] {subprocess.py:93} INFO - 	at scala.concurrent.impl.CallbackRunnable.executeWithValue(Promise.scala:72)
[2026-08-12T21:23:44.881+0000] {subprocess.py:93} INFO - 	at scala.concurrent.impl.Promise$DefaultPromise.$anonfun$tryComplete$1(Promise.scala:288)
[2026-08-12T21:23:44.887+0000] {subprocess.py:93} INFO - 	at scala.concurrent.impl.Promise$DefaultPromise.$anonfun$tryComplete$1$adapted(Promise.scala:288)
[2026-08-12T21:23:44.912+0000] {subprocess.py:93} INFO - 	at scala.concurrent.impl.Promise$DefaultPromise.tryComplete(Promise.scala:288)
[2026-08-12T21:23:44.925+0000] {subprocess.py:93} INFO - 	at scala.concurrent.Promise.trySuccess(Promise.scala:94)
[2026-08-12T21:23:44.958+0000] {subprocess.py:93} INFO - 	at scala.concurrent.Promise.trySuccess$(Promise.scala:94)
[2026-08-12T21:23:44.965+0000] {subprocess.py:93} INFO - 	at scala.concurrent.impl.Promise$DefaultPromise.trySuccess(Promise.scala:187)
[2026-08-12T21:23:44.976+0000] {subprocess.py:93} INFO - 	at org.apache.spark.rpc.netty.NettyRpcEnv.onSuccess$1(NettyRpcEnv.scala:225)
[2026-08-12T21:23:44.992+0000] {subprocess.py:93} INFO - 	at org.apache.spark.rpc.netty.NettyRpcEnv.$anonfun$askAbortable$5(NettyRpcEnv.scala:239)
[2026-08-12T21:23:44.998+0000] {subprocess.py:93} INFO - 	at org.apache.spark.rpc.netty.NettyRpcEnv.$anonfun$askAbortable$5$adapted(NettyRpcEnv.scala:238)
[2026-08-12T21:23:45.007+0000] {subprocess.py:93} INFO - 	at scala.concurrent.impl.CallbackRunnable.run(Promise.scala:64)
[2026-08-12T21:23:45.026+0000] {subprocess.py:93} INFO - 	at org.apache.spark.util.ThreadUtils$$anon$1.execute(ThreadUtils.scala:99)
[2026-08-12T21:23:45.029+0000] {subprocess.py:93} INFO - 	at scala.concurrent.impl.ExecutionContextImpl$$anon$4.execute(ExecutionContextImpl.scala:138)
[2026-08-12T21:23:45.036+0000] {subprocess.py:93} INFO - 	at scala.concurrent.impl.CallbackRunnable.executeWithValue(Promise.scala:72)
[2026-08-12T21:23:45.062+0000] {subprocess.py:93} INFO - 	at scala.concurrent.impl.Promise$DefaultPromise.$anonfun$tryComplete$1(Promise.scala:288)
[2026-08-12T21:23:45.083+0000] {subprocess.py:93} INFO - 	at scala.concurrent.impl.Promise$DefaultPromise.$anonfun$tryComplete$1$adapted(Promise.scala:288)
[2026-08-12T21:23:45.096+0000] {subprocess.py:93} INFO - 	at scala.concurrent.impl.Promise$DefaultPromise.tryComplete(Promise.scala:288)
[2026-08-12T21:23:45.106+0000] {subprocess.py:93} INFO - 	at scala.concurrent.Promise.complete(Promise.scala:53)
[2026-08-12T21:23:45.120+0000] {subprocess.py:93} INFO - 	at scala.concurrent.Promise.complete$(Promise.scala:52)
[2026-08-12T21:23:45.144+0000] {subprocess.py:93} INFO - 	at scala.concurrent.impl.Promise$DefaultPromise.complete(Promise.scala:187)
[2026-08-12T21:23:45.159+0000] {subprocess.py:93} INFO - 	at scala.concurrent.Promise.success(Promise.scala:86)
[2026-08-12T21:23:45.174+0000] {subprocess.py:93} INFO - 	at scala.concurrent.Promise.success$(Promise.scala:86)
[2026-08-12T21:23:45.183+0000] {subprocess.py:93} INFO - 	at scala.concurrent.impl.Promise$DefaultPromise.success(Promise.scala:187)
[2026-08-12T21:23:45.192+0000] {subprocess.py:93} INFO - 	at org.apache.spark.rpc.netty.LocalNettyRpcCallContext.send(NettyRpcCallContext.scala:50)
[2026-08-12T21:23:45.237+0000] {subprocess.py:93} INFO - 	at org.apache.spark.rpc.netty.NettyRpcCallContext.reply(NettyRpcCallContext.scala:32)
[2026-08-12T21:23:45.257+0000] {subprocess.py:93} INFO - 	at org.apache.spark.rpc.netty.RpcEndpointVerifier$$anonfun$receiveAndReply$1.applyOrElse(RpcEndpointVerifier.scala:31)
[2026-08-12T21:23:45.266+0000] {subprocess.py:93} INFO - 	... 8 more
[2026-08-12T21:23:45.313+0000] {subprocess.py:93} INFO - 26/08/12 21:22:29 WARN Executor: Issue communicating with driver in heartbeater
[2026-08-12T21:23:45.332+0000] {subprocess.py:93} INFO - org.apache.spark.SparkException: Exception thrown in awaitResult:
[2026-08-12T21:23:45.392+0000] {subprocess.py:93} INFO - 	at org.apache.spark.util.SparkThreadUtils$.awaitResult(SparkThreadUtils.scala:56)
[2026-08-12T21:23:45.414+0000] {subprocess.py:93} INFO - 	at org.apache.spark.util.ThreadUtils$.awaitResult(ThreadUtils.scala:310)
[2026-08-12T21:23:45.437+0000] {subprocess.py:93} INFO - 	at org.apache.spark.rpc.RpcTimeout.awaitResult(RpcTimeout.scala:75)
[2026-08-12T21:23:45.470+0000] {subprocess.py:93} INFO - 	at org.apache.spark.rpc.RpcEndpointRef.askSync(RpcEndpointRef.scala:101)
[2026-08-12T21:23:45.484+0000] {subprocess.py:93} INFO - 	at org.apache.spark.rpc.RpcEndpointRef.askSync(RpcEndpointRef.scala:85)
[2026-08-12T21:23:45.524+0000] {subprocess.py:93} INFO - 	at org.apache.spark.storage.BlockManagerMaster.registerBlockManager(BlockManagerMaster.scala:80)
[2026-08-12T21:23:45.540+0000] {subprocess.py:93} INFO - 	at org.apache.spark.storage.BlockManager.reregister(BlockManager.scala:642)
[2026-08-12T21:23:45.599+0000] {subprocess.py:93} INFO - 	at org.apache.spark.executor.Executor.reportHeartBeat(Executor.scala:1223)
[2026-08-12T21:23:45.637+0000] {subprocess.py:93} INFO - 	at org.apache.spark.executor.Executor.$anonfun$heartbeater$1(Executor.scala:295)
[2026-08-12T21:23:45.654+0000] {subprocess.py:93} INFO - 	at scala.runtime.java8.JFunction0$mcV$sp.apply(JFunction0$mcV$sp.java:23)
[2026-08-12T21:23:45.667+0000] {subprocess.py:93} INFO - 	at org.apache.spark.util.Utils$.logUncaughtExceptions(Utils.scala:1928)
[2026-08-12T21:23:45.690+0000] {subprocess.py:93} INFO - 	at org.apache.spark.Heartbeater$$anon$1.run(Heartbeater.scala:46)
[2026-08-12T21:23:45.711+0000] {subprocess.py:93} INFO - 	at java.base/java.util.concurrent.Executors$RunnableAdapter.call(Executors.java:539)
[2026-08-12T21:23:45.717+0000] {subprocess.py:93} INFO - 	at java.base/java.util.concurrent.FutureTask.runAndReset(FutureTask.java:305)
[2026-08-12T21:23:45.724+0000] {subprocess.py:93} INFO - 	at java.base/java.util.concurrent.ScheduledThreadPoolExecutor$ScheduledFutureTask.run(ScheduledThreadPoolExecutor.java:305)
[2026-08-12T21:23:45.743+0000] {subprocess.py:93} INFO - 	at java.base/java.util.concurrent.ThreadPoolExecutor.runWorker(ThreadPoolExecutor.java:1136)
[2026-08-12T21:23:45.759+0000] {subprocess.py:93} INFO - 	at java.base/java.util.concurrent.ThreadPoolExecutor$Worker.run(ThreadPoolExecutor.java:635)
[2026-08-12T21:23:45.783+0000] {subprocess.py:93} INFO - 	at java.base/java.lang.Thread.run(Thread.java:840)
[2026-08-12T21:23:45.791+0000] {subprocess.py:93} INFO - Caused by: org.apache.spark.SparkException: Exception thrown in awaitResult:
[2026-08-12T21:23:45.814+0000] {subprocess.py:93} INFO - 	at org.apache.spark.util.SparkThreadUtils$.awaitResult(SparkThreadUtils.scala:56)
[2026-08-12T21:23:45.829+0000] {subprocess.py:93} INFO - 	at org.apache.spark.util.ThreadUtils$.awaitResult(ThreadUtils.scala:310)
[2026-08-12T21:23:45.847+0000] {subprocess.py:93} INFO - 	at org.apache.spark.rpc.RpcTimeout.awaitResult(RpcTimeout.scala:75)
[2026-08-12T21:23:45.850+0000] {subprocess.py:93} INFO - 	at org.apache.spark.rpc.RpcEnv.setupEndpointRefByURI(RpcEnv.scala:102)
[2026-08-12T21:23:45.854+0000] {subprocess.py:93} INFO - 	at org.apache.spark.rpc.RpcEnv.setupEndpointRef(RpcEnv.scala:110)
[2026-08-12T21:23:45.858+0000] {subprocess.py:93} INFO - 	at org.apache.spark.util.RpcUtils$.makeDriverRef(RpcUtils.scala:36)
[2026-08-12T21:23:45.888+0000] {subprocess.py:93} INFO - 	at org.apache.spark.storage.BlockManagerMasterEndpoint.driverEndpoint$lzycompute(BlockManagerMasterEndpoint.scala:124)
[2026-08-12T21:23:45.895+0000] {subprocess.py:93} INFO - 	at org.apache.spark.storage.BlockManagerMasterEndpoint.org$apache$spark$storage$BlockManagerMasterEndpoint$$driverEndpoint(BlockManagerMasterEndpoint.scala:123)
[2026-08-12T21:23:45.933+0000] {subprocess.py:93} INFO - 	at org.apache.spark.storage.BlockManagerMasterEndpoint.isExecutorAlive$lzycompute$1(BlockManagerMasterEndpoint.scala:688)
[2026-08-12T21:23:45.947+0000] {subprocess.py:93} INFO - 	at org.apache.spark.storage.BlockManagerMasterEndpoint.isExecutorAlive$1(BlockManagerMasterEndpoint.scala:687)
[2026-08-12T21:23:45.952+0000] {subprocess.py:93} INFO - 	at org.apache.spark.storage.BlockManagerMasterEndpoint.org$apache$spark$storage$BlockManagerMasterEndpoint$$register(BlockManagerMasterEndpoint.scala:725)
[2026-08-12T21:23:45.970+0000] {subprocess.py:93} INFO - 	at org.apache.spark.storage.BlockManagerMasterEndpoint$$anonfun$receiveAndReply$1.applyOrElse(BlockManagerMasterEndpoint.scala:133)
[2026-08-12T21:23:45.990+0000] {subprocess.py:93} INFO - 	at org.apache.spark.rpc.netty.Inbox.$anonfun$process$1(Inbox.scala:103)
[2026-08-12T21:23:46.006+0000] {subprocess.py:93} INFO - 	at org.apache.spark.rpc.netty.Inbox.safelyCall(Inbox.scala:213)
[2026-08-12T21:23:46.030+0000] {subprocess.py:93} INFO - 	at org.apache.spark.rpc.netty.Inbox.process(Inbox.scala:100)
[2026-08-12T21:23:46.072+0000] {subprocess.py:93} INFO - 	at org.apache.spark.rpc.netty.MessageLoop.org$apache$spark$rpc$netty$MessageLoop$$receiveLoop(MessageLoop.scala:75)
[2026-08-12T21:23:46.087+0000] {subprocess.py:93} INFO - 	at org.apache.spark.rpc.netty.MessageLoop$$anon$1.run(MessageLoop.scala:41)
[2026-08-12T21:23:46.101+0000] {subprocess.py:93} INFO - 	... 3 more
[2026-08-12T21:23:46.115+0000] {subprocess.py:93} INFO - Caused by: org.apache.spark.rpc.RpcEndpointNotFoundException: Cannot find endpoint: spark://CoarseGrainedScheduler@4099a95615c9:36011
[2026-08-12T21:23:46.141+0000] {subprocess.py:93} INFO - 	at org.apache.spark.rpc.netty.NettyRpcEnv.$anonfun$asyncSetupEndpointRefByURI$1(NettyRpcEnv.scala:148)
[2026-08-12T21:23:46.153+0000] {subprocess.py:93} INFO - 	at org.apache.spark.rpc.netty.NettyRpcEnv.$anonfun$asyncSetupEndpointRefByURI$1$adapted(NettyRpcEnv.scala:144)
[2026-08-12T21:23:46.156+0000] {subprocess.py:93} INFO - 	at scala.concurrent.Future.$anonfun$flatMap$1(Future.scala:307)
[2026-08-12T21:23:46.169+0000] {subprocess.py:93} INFO - 	at scala.concurrent.impl.Promise.$anonfun$transformWith$1(Promise.scala:41)
[2026-08-12T21:23:46.176+0000] {subprocess.py:93} INFO - 	at scala.concurrent.impl.CallbackRunnable.run(Promise.scala:64)
[2026-08-12T21:23:46.184+0000] {subprocess.py:93} INFO - 	at org.apache.spark.util.ThreadUtils$$anon$1.execute(ThreadUtils.scala:99)
[2026-08-12T21:23:46.190+0000] {subprocess.py:93} INFO - 	at scala.concurrent.impl.ExecutionContextImpl$$anon$4.execute(ExecutionContextImpl.scala:138)
[2026-08-12T21:23:46.203+0000] {subprocess.py:93} INFO - 	at scala.concurrent.impl.CallbackRunnable.executeWithValue(Promise.scala:72)
[2026-08-12T21:23:46.209+0000] {subprocess.py:93} INFO - 	at scala.concurrent.impl.Promise$DefaultPromise.$anonfun$tryComplete$1(Promise.scala:288)
[2026-08-12T21:23:46.220+0000] {subprocess.py:93} INFO - 	at scala.concurrent.impl.Promise$DefaultPromise.$anonfun$tryComplete$1$adapted(Promise.scala:288)
[2026-08-12T21:23:46.226+0000] {subprocess.py:93} INFO - 	at scala.concurrent.impl.Promise$DefaultPromise.tryComplete(Promise.scala:288)
[2026-08-12T21:23:46.241+0000] {subprocess.py:93} INFO - 	at scala.concurrent.Promise.complete(Promise.scala:53)
[2026-08-12T21:23:46.256+0000] {subprocess.py:93} INFO - 	at scala.concurrent.Promise.complete$(Promise.scala:52)
[2026-08-12T21:23:46.268+0000] {subprocess.py:93} INFO - 	at scala.concurrent.impl.Promise$DefaultPromise.complete(Promise.scala:187)
[2026-08-12T21:23:46.272+0000] {subprocess.py:93} INFO - 	at scala.concurrent.impl.Promise.$anonfun$transform$1(Promise.scala:33)
[2026-08-12T21:23:46.287+0000] {subprocess.py:93} INFO - 	at scala.concurrent.impl.CallbackRunnable.run(Promise.scala:64)
[2026-08-12T21:23:46.290+0000] {subprocess.py:93} INFO - 	at org.apache.spark.util.ThreadUtils$$anon$1.execute(ThreadUtils.scala:99)
[2026-08-12T21:23:46.314+0000] {subprocess.py:93} INFO - 	at scala.concurrent.impl.ExecutionContextImpl$$anon$4.execute(ExecutionContextImpl.scala:138)
[2026-08-12T21:23:46.337+0000] {subprocess.py:93} INFO - 	at scala.concurrent.impl.CallbackRunnable.executeWithValue(Promise.scala:72)
[2026-08-12T21:23:46.384+0000] {subprocess.py:93} INFO - 	at scala.concurrent.impl.Promise$DefaultPromise.$anonfun$tryComplete$1(Promise.scala:288)
[2026-08-12T21:23:46.400+0000] {subprocess.py:93} INFO - 	at scala.concurrent.impl.Promise$DefaultPromise.$anonfun$tryComplete$1$adapted(Promise.scala:288)
[2026-08-12T21:23:46.437+0000] {subprocess.py:93} INFO - 	at scala.concurrent.impl.Promise$DefaultPromise.tryComplete(Promise.scala:288)
[2026-08-12T21:23:46.462+0000] {subprocess.py:93} INFO - 	at scala.concurrent.Promise.complete(Promise.scala:53)
[2026-08-12T21:23:46.480+0000] {subprocess.py:93} INFO - 	at scala.concurrent.Promise.complete$(Promise.scala:52)
[2026-08-12T21:23:46.511+0000] {subprocess.py:93} INFO - 	at scala.concurrent.impl.Promise$DefaultPromise.complete(Promise.scala:187)
[2026-08-12T21:23:46.518+0000] {subprocess.py:93} INFO - 	at scala.concurrent.impl.Promise.$anonfun$transform$1(Promise.scala:33)
[2026-08-12T21:23:46.538+0000] {subprocess.py:93} INFO - 	at scala.concurrent.impl.CallbackRunnable.run(Promise.scala:64)
[2026-08-12T21:23:46.576+0000] {subprocess.py:93} INFO - 	at scala.concurrent.BatchingExecutor$Batch.processBatch$1(BatchingExecutor.scala:67)
[2026-08-12T21:23:46.626+0000] {subprocess.py:93} INFO - 	at scala.concurrent.BatchingExecutor$Batch.$anonfun$run$1(BatchingExecutor.scala:82)
[2026-08-12T21:23:46.647+0000] {subprocess.py:93} INFO - 	at scala.runtime.java8.JFunction0$mcV$sp.apply(JFunction0$mcV$sp.java:23)
[2026-08-12T21:23:46.666+0000] {subprocess.py:93} INFO - 	at scala.concurrent.BlockContext$.withBlockContext(BlockContext.scala:85)
[2026-08-12T21:23:46.688+0000] {subprocess.py:93} INFO - 	at scala.concurrent.BatchingExecutor$Batch.run(BatchingExecutor.scala:59)
[2026-08-12T21:23:46.710+0000] {subprocess.py:93} INFO - 	at scala.concurrent.Future$InternalCallbackExecutor$.unbatchedExecute(Future.scala:875)
[2026-08-12T21:23:46.726+0000] {subprocess.py:93} INFO - 	at scala.concurrent.BatchingExecutor.execute(BatchingExecutor.scala:110)
[2026-08-12T21:23:46.730+0000] {subprocess.py:93} INFO - 	at scala.concurrent.BatchingExecutor.execute$(BatchingExecutor.scala:107)
[2026-08-12T21:23:46.762+0000] {subprocess.py:93} INFO - 	at scala.concurrent.Future$InternalCallbackExecutor$.execute(Future.scala:873)
[2026-08-12T21:23:46.776+0000] {subprocess.py:93} INFO - 	at scala.concurrent.impl.CallbackRunnable.executeWithValue(Promise.scala:72)
[2026-08-12T21:23:46.900+0000] {subprocess.py:93} INFO - 	at scala.concurrent.impl.Promise$DefaultPromise.$anonfun$tryComplete$1(Promise.scala:288)
[2026-08-12T21:23:46.907+0000] {subprocess.py:93} INFO - 	at scala.concurrent.impl.Promise$DefaultPromise.$anonfun$tryComplete$1$adapted(Promise.scala:288)
[2026-08-12T21:23:46.935+0000] {subprocess.py:93} INFO - 	at scala.concurrent.impl.Promise$DefaultPromise.tryComplete(Promise.scala:288)
[2026-08-12T21:23:46.963+0000] {subprocess.py:93} INFO - 	at scala.concurrent.Promise.trySuccess(Promise.scala:94)
[2026-08-12T21:23:46.972+0000] {subprocess.py:93} INFO - 	at scala.concurrent.Promise.trySuccess$(Promise.scala:94)
[2026-08-12T21:23:47.083+0000] {subprocess.py:93} INFO - 	at scala.concurrent.impl.Promise$DefaultPromise.trySuccess(Promise.scala:187)
[2026-08-12T21:23:47.182+0000] {subprocess.py:93} INFO - 	at org.apache.spark.rpc.netty.NettyRpcEnv.onSuccess$1(NettyRpcEnv.scala:225)
[2026-08-12T21:23:47.288+0000] {subprocess.py:93} INFO - 	at org.apache.spark.rpc.netty.NettyRpcEnv.$anonfun$askAbortable$5(NettyRpcEnv.scala:239)
[2026-08-12T21:23:47.314+0000] {subprocess.py:93} INFO - 	at org.apache.spark.rpc.netty.NettyRpcEnv.$anonfun$askAbortable$5$adapted(NettyRpcEnv.scala:238)
[2026-08-12T21:23:47.323+0000] {subprocess.py:93} INFO - 	at scala.concurrent.impl.CallbackRunnable.run(Promise.scala:64)
[2026-08-12T21:23:47.341+0000] {subprocess.py:93} INFO - 	at org.apache.spark.util.ThreadUtils$$anon$1.execute(ThreadUtils.scala:99)
[2026-08-12T21:23:47.359+0000] {subprocess.py:93} INFO - 	at scala.concurrent.impl.ExecutionContextImpl$$anon$4.execute(ExecutionContextImpl.scala:138)
[2026-08-12T21:23:47.435+0000] {subprocess.py:93} INFO - 	at scala.concurrent.impl.CallbackRunnable.executeWithValue(Promise.scala:72)
[2026-08-12T21:23:47.453+0000] {subprocess.py:93} INFO - 	at scala.concurrent.impl.Promise$DefaultPromise.$anonfun$tryComplete$1(Promise.scala:288)
[2026-08-12T21:23:47.484+0000] {subprocess.py:93} INFO - 	at scala.concurrent.impl.Promise$DefaultPromise.$anonfun$tryComplete$1$adapted(Promise.scala:288)
[2026-08-12T21:23:47.503+0000] {subprocess.py:93} INFO - 	at scala.concurrent.impl.Promise$DefaultPromise.tryComplete(Promise.scala:288)
[2026-08-12T21:23:47.523+0000] {subprocess.py:93} INFO - 	at scala.concurrent.Promise.complete(Promise.scala:53)
[2026-08-12T21:23:47.544+0000] {subprocess.py:93} INFO - 	at scala.concurrent.Promise.complete$(Promise.scala:52)
[2026-08-12T21:23:47.590+0000] {subprocess.py:93} INFO - 	at scala.concurrent.impl.Promise$DefaultPromise.complete(Promise.scala:187)
[2026-08-12T21:23:47.627+0000] {subprocess.py:93} INFO - 	at scala.concurrent.Promise.success(Promise.scala:86)
[2026-08-12T21:23:47.667+0000] {subprocess.py:93} INFO - 	at scala.concurrent.Promise.success$(Promise.scala:86)
[2026-08-12T21:23:47.715+0000] {subprocess.py:93} INFO - 	at scala.concurrent.impl.Promise$DefaultPromise.success(Promise.scala:187)
[2026-08-12T21:23:47.727+0000] {subprocess.py:93} INFO - 	at org.apache.spark.rpc.netty.LocalNettyRpcCallContext.send(NettyRpcCallContext.scala:50)
[2026-08-12T21:23:47.786+0000] {subprocess.py:93} INFO - 	at org.apache.spark.rpc.netty.NettyRpcCallContext.reply(NettyRpcCallContext.scala:32)
[2026-08-12T21:23:47.880+0000] {subprocess.py:93} INFO - 	at org.apache.spark.rpc.netty.RpcEndpointVerifier$$anonfun$receiveAndReply$1.applyOrElse(RpcEndpointVerifier.scala:31)
[2026-08-12T21:23:48.094+0000] {subprocess.py:93} INFO - 	... 8 more
[2026-08-12T21:23:48.142+0000] {subprocess.py:93} INFO - 26/08/12 21:23:29 ERROR Inbox: Ignoring error
[2026-08-12T21:23:48.158+0000] {subprocess.py:93} INFO - org.apache.spark.SparkException: Exception thrown in awaitResult:
[2026-08-12T21:23:48.167+0000] {subprocess.py:93} INFO - 	at org.apache.spark.util.SparkThreadUtils$.awaitResult(SparkThreadUtils.scala:56)
[2026-08-12T21:23:48.187+0000] {subprocess.py:93} INFO - 	at org.apache.spark.util.ThreadUtils$.awaitResult(ThreadUtils.scala:310)
[2026-08-12T21:23:48.194+0000] {subprocess.py:93} INFO - 	at org.apache.spark.rpc.RpcTimeout.awaitResult(RpcTimeout.scala:75)
[2026-08-12T21:23:48.217+0000] {subprocess.py:93} INFO - 	at org.apache.spark.rpc.RpcEnv.setupEndpointRefByURI(RpcEnv.scala:102)
[2026-08-12T21:23:48.280+0000] {subprocess.py:93} INFO - 	at org.apache.spark.rpc.RpcEnv.setupEndpointRef(RpcEnv.scala:110)
[2026-08-12T21:23:48.299+0000] {subprocess.py:93} INFO - 	at org.apache.spark.util.RpcUtils$.makeDriverRef(RpcUtils.scala:36)
[2026-08-12T21:23:48.389+0000] {subprocess.py:93} INFO - 	at org.apache.spark.storage.BlockManagerMasterEndpoint.driverEndpoint$lzycompute(BlockManagerMasterEndpoint.scala:124)
[2026-08-12T21:23:48.415+0000] {subprocess.py:93} INFO - 	at org.apache.spark.storage.BlockManagerMasterEndpoint.org$apache$spark$storage$BlockManagerMasterEndpoint$$driverEndpoint(BlockManagerMasterEndpoint.scala:123)
[2026-08-12T21:23:48.650+0000] {subprocess.py:93} INFO - 	at org.apache.spark.storage.BlockManagerMasterEndpoint.isExecutorAlive$lzycompute$1(BlockManagerMasterEndpoint.scala:688)
[2026-08-12T21:23:48.746+0000] {subprocess.py:93} INFO - 	at org.apache.spark.storage.BlockManagerMasterEndpoint.isExecutorAlive$1(BlockManagerMasterEndpoint.scala:687)
[2026-08-12T21:23:48.775+0000] {subprocess.py:93} INFO - 	at org.apache.spark.storage.BlockManagerMasterEndpoint.org$apache$spark$storage$BlockManagerMasterEndpoint$$register(BlockManagerMasterEndpoint.scala:725)
[2026-08-12T21:23:48.807+0000] {subprocess.py:93} INFO - 	at org.apache.spark.storage.BlockManagerMasterEndpoint$$anonfun$receiveAndReply$1.applyOrElse(BlockManagerMasterEndpoint.scala:133)
[2026-08-12T21:23:48.886+0000] {subprocess.py:93} INFO - 	at org.apache.spark.rpc.netty.Inbox.$anonfun$process$1(Inbox.scala:103)
[2026-08-12T21:23:48.910+0000] {subprocess.py:93} INFO - 	at org.apache.spark.rpc.netty.Inbox.safelyCall(Inbox.scala:213)
[2026-08-12T21:23:48.999+0000] {subprocess.py:93} INFO - 	at org.apache.spark.rpc.netty.Inbox.process(Inbox.scala:100)
[2026-08-12T21:23:49.020+0000] {subprocess.py:93} INFO - 	at org.apache.spark.rpc.netty.MessageLoop.org$apache$spark$rpc$netty$MessageLoop$$receiveLoop(MessageLoop.scala:75)
[2026-08-12T21:23:49.045+0000] {subprocess.py:93} INFO - 	at org.apache.spark.rpc.netty.MessageLoop$$anon$1.run(MessageLoop.scala:41)
[2026-08-12T21:23:49.055+0000] {subprocess.py:93} INFO - 	at java.base/java.util.concurrent.ThreadPoolExecutor.runWorker(ThreadPoolExecutor.java:1136)
[2026-08-12T21:23:49.178+0000] {subprocess.py:93} INFO - 	at java.base/java.util.concurrent.ThreadPoolExecutor$Worker.run(ThreadPoolExecutor.java:635)
[2026-08-12T21:23:49.180+0000] {subprocess.py:93} INFO - 	at java.base/java.lang.Thread.run(Thread.java:840)
[2026-08-12T21:23:49.204+0000] {subprocess.py:93} INFO - Caused by: org.apache.spark.rpc.RpcEndpointNotFoundException: Cannot find endpoint: spark://CoarseGrainedScheduler@4099a95615c9:36011
[2026-08-12T21:23:49.294+0000] {subprocess.py:93} INFO - 	at org.apache.spark.rpc.netty.NettyRpcEnv.$anonfun$asyncSetupEndpointRefByURI$1(NettyRpcEnv.scala:148)
[2026-08-12T21:23:49.314+0000] {subprocess.py:93} INFO - 	at org.apache.spark.rpc.netty.NettyRpcEnv.$anonfun$asyncSetupEndpointRefByURI$1$adapted(NettyRpcEnv.scala:144)
[2026-08-12T21:23:49.356+0000] {subprocess.py:93} INFO - 	at scala.concurrent.Future.$anonfun$flatMap$1(Future.scala:307)
[2026-08-12T21:23:49.385+0000] {subprocess.py:93} INFO - 	at scala.concurrent.impl.Promise.$anonfun$transformWith$1(Promise.scala:41)
[2026-08-12T21:23:49.406+0000] {subprocess.py:93} INFO - 	at scala.concurrent.impl.CallbackRunnable.run(Promise.scala:64)
[2026-08-12T21:23:49.425+0000] {subprocess.py:93} INFO - 	at org.apache.spark.util.ThreadUtils$$anon$1.execute(ThreadUtils.scala:99)
[2026-08-12T21:23:49.449+0000] {subprocess.py:93} INFO - 	at scala.concurrent.impl.ExecutionContextImpl$$anon$4.execute(ExecutionContextImpl.scala:138)
[2026-08-12T21:23:49.499+0000] {subprocess.py:93} INFO - 	at scala.concurrent.impl.CallbackRunnable.executeWithValue(Promise.scala:72)
[2026-08-12T21:23:49.528+0000] {subprocess.py:93} INFO - 	at scala.concurrent.impl.Promise$DefaultPromise.dispatchOrAddCallback(Promise.scala:316)
[2026-08-12T21:23:49.546+0000] {subprocess.py:93} INFO - 	at scala.concurrent.impl.Promise$DefaultPromise.onComplete(Promise.scala:307)
[2026-08-12T21:23:49.551+0000] {subprocess.py:93} INFO - 	at scala.concurrent.impl.Promise.transformWith(Promise.scala:40)
[2026-08-12T21:23:49.568+0000] {subprocess.py:93} INFO - 	at scala.concurrent.impl.Promise.transformWith$(Promise.scala:38)
[2026-08-12T21:23:49.577+0000] {subprocess.py:93} INFO - 	at scala.concurrent.impl.Promise$DefaultPromise.transformWith(Promise.scala:187)
[2026-08-12T21:23:49.588+0000] {subprocess.py:93} INFO - 	at scala.concurrent.Future.flatMap(Future.scala:306)
[2026-08-12T21:23:49.602+0000] {subprocess.py:93} INFO - 	at scala.concurrent.Future.flatMap$(Future.scala:306)
[2026-08-12T21:23:49.615+0000] {subprocess.py:93} INFO - 	at scala.concurrent.impl.Promise$DefaultPromise.flatMap(Promise.scala:187)
[2026-08-12T21:23:49.622+0000] {subprocess.py:93} INFO - 	at org.apache.spark.rpc.netty.NettyRpcEnv.asyncSetupEndpointRefByURI(NettyRpcEnv.scala:150)
[2026-08-12T21:23:49.635+0000] {subprocess.py:93} INFO - 	... 17 more
[2026-08-12T21:23:49.640+0000] {subprocess.py:93} INFO - 26/08/12 21:23:29 WARN Executor: Issue communicating with driver in heartbeater
[2026-08-12T21:23:49.657+0000] {subprocess.py:93} INFO - org.apache.spark.SparkException: Exception thrown in awaitResult:
[2026-08-12T21:23:49.666+0000] {subprocess.py:93} INFO - 	at org.apache.spark.util.SparkThreadUtils$.awaitResult(SparkThreadUtils.scala:56)
[2026-08-12T21:23:49.715+0000] {subprocess.py:93} INFO - 	at org.apache.spark.util.ThreadUtils$.awaitResult(ThreadUtils.scala:310)
[2026-08-12T21:23:49.740+0000] {subprocess.py:93} INFO - 	at org.apache.spark.rpc.RpcTimeout.awaitResult(RpcTimeout.scala:75)
[2026-08-12T21:23:49.748+0000] {subprocess.py:93} INFO - 	at org.apache.spark.rpc.RpcEndpointRef.askSync(RpcEndpointRef.scala:101)
[2026-08-12T21:23:49.753+0000] {subprocess.py:93} INFO - 	at org.apache.spark.rpc.RpcEndpointRef.askSync(RpcEndpointRef.scala:85)
[2026-08-12T21:23:49.770+0000] {subprocess.py:93} INFO - 	at org.apache.spark.storage.BlockManagerMaster.registerBlockManager(BlockManagerMaster.scala:80)
[2026-08-12T21:23:49.783+0000] {subprocess.py:93} INFO - 	at org.apache.spark.storage.BlockManager.reregister(BlockManager.scala:642)
[2026-08-12T21:23:49.792+0000] {subprocess.py:93} INFO - 	at org.apache.spark.executor.Executor.reportHeartBeat(Executor.scala:1223)
[2026-08-12T21:23:49.807+0000] {subprocess.py:93} INFO - 	at org.apache.spark.executor.Executor.$anonfun$heartbeater$1(Executor.scala:295)
[2026-08-12T21:23:49.809+0000] {subprocess.py:93} INFO - 	at scala.runtime.java8.JFunction0$mcV$sp.apply(JFunction0$mcV$sp.java:23)
[2026-08-12T21:23:49.839+0000] {subprocess.py:93} INFO - 	at org.apache.spark.util.Utils$.logUncaughtExceptions(Utils.scala:1928)
[2026-08-12T21:23:49.890+0000] {subprocess.py:93} INFO - 	at org.apache.spark.Heartbeater$$anon$1.run(Heartbeater.scala:46)
[2026-08-12T21:23:49.900+0000] {subprocess.py:93} INFO - 	at java.base/java.util.concurrent.Executors$RunnableAdapter.call(Executors.java:539)
[2026-08-12T21:23:49.925+0000] {subprocess.py:93} INFO - 	at java.base/java.util.concurrent.FutureTask.runAndReset(FutureTask.java:305)
[2026-08-12T21:23:49.941+0000] {subprocess.py:93} INFO - 	at java.base/java.util.concurrent.ScheduledThreadPoolExecutor$ScheduledFutureTask.run(ScheduledThreadPoolExecutor.java:305)
[2026-08-12T21:23:49.954+0000] {subprocess.py:93} INFO - 	at java.base/java.util.concurrent.ThreadPoolExecutor.runWorker(ThreadPoolExecutor.java:1136)
[2026-08-12T21:23:49.974+0000] {subprocess.py:93} INFO - 	at java.base/java.util.concurrent.ThreadPoolExecutor$Worker.run(ThreadPoolExecutor.java:635)
[2026-08-12T21:23:49.984+0000] {subprocess.py:93} INFO - 	at java.base/java.lang.Thread.run(Thread.java:840)
[2026-08-12T21:23:50.002+0000] {subprocess.py:93} INFO - Caused by: org.apache.spark.SparkException: Exception thrown in awaitResult:
[2026-08-12T21:23:50.010+0000] {subprocess.py:93} INFO - 	at org.apache.spark.util.SparkThreadUtils$.awaitResult(SparkThreadUtils.scala:56)
[2026-08-12T21:23:50.030+0000] {subprocess.py:93} INFO - 	at org.apache.spark.util.ThreadUtils$.awaitResult(ThreadUtils.scala:310)
[2026-08-12T21:23:50.053+0000] {subprocess.py:93} INFO - 	at org.apache.spark.rpc.RpcTimeout.awaitResult(RpcTimeout.scala:75)
[2026-08-12T21:23:50.058+0000] {subprocess.py:93} INFO - 	at org.apache.spark.rpc.RpcEnv.setupEndpointRefByURI(RpcEnv.scala:102)
[2026-08-12T21:23:50.073+0000] {subprocess.py:93} INFO - 	at org.apache.spark.rpc.RpcEnv.setupEndpointRef(RpcEnv.scala:110)
[2026-08-12T21:23:50.094+0000] {subprocess.py:93} INFO - 	at org.apache.spark.util.RpcUtils$.makeDriverRef(RpcUtils.scala:36)
[2026-08-12T21:23:50.101+0000] {subprocess.py:93} INFO - 	at org.apache.spark.storage.BlockManagerMasterEndpoint.driverEndpoint$lzycompute(BlockManagerMasterEndpoint.scala:124)
[2026-08-12T21:23:50.133+0000] {subprocess.py:93} INFO - 	at org.apache.spark.storage.BlockManagerMasterEndpoint.org$apache$spark$storage$BlockManagerMasterEndpoint$$driverEndpoint(BlockManagerMasterEndpoint.scala:123)
[2026-08-12T21:23:50.139+0000] {subprocess.py:93} INFO - 	at org.apache.spark.storage.BlockManagerMasterEndpoint.isExecutorAlive$lzycompute$1(BlockManagerMasterEndpoint.scala:688)
[2026-08-12T21:23:50.165+0000] {subprocess.py:93} INFO - 	at org.apache.spark.storage.BlockManagerMasterEndpoint.isExecutorAlive$1(BlockManagerMasterEndpoint.scala:687)
[2026-08-12T21:23:50.184+0000] {subprocess.py:93} INFO - 	at org.apache.spark.storage.BlockManagerMasterEndpoint.org$apache$spark$storage$BlockManagerMasterEndpoint$$register(BlockManagerMasterEndpoint.scala:725)
[2026-08-12T21:23:50.196+0000] {subprocess.py:93} INFO - 	at org.apache.spark.storage.BlockManagerMasterEndpoint$$anonfun$receiveAndReply$1.applyOrElse(BlockManagerMasterEndpoint.scala:133)
[2026-08-12T21:23:50.226+0000] {subprocess.py:93} INFO - 	at org.apache.spark.rpc.netty.Inbox.$anonfun$process$1(Inbox.scala:103)
[2026-08-12T21:23:50.238+0000] {subprocess.py:93} INFO - 	at org.apache.spark.rpc.netty.Inbox.safelyCall(Inbox.scala:213)
[2026-08-12T21:23:50.262+0000] {subprocess.py:93} INFO - 	at org.apache.spark.rpc.netty.Inbox.process(Inbox.scala:100)
[2026-08-12T21:23:50.280+0000] {subprocess.py:93} INFO - 	at org.apache.spark.rpc.netty.MessageLoop.org$apache$spark$rpc$netty$MessageLoop$$receiveLoop(MessageLoop.scala:75)
[2026-08-12T21:23:50.287+0000] {subprocess.py:93} INFO - 	at org.apache.spark.rpc.netty.MessageLoop$$anon$1.run(MessageLoop.scala:41)
[2026-08-12T21:23:50.317+0000] {subprocess.py:93} INFO - 	... 3 more
[2026-08-12T21:23:50.353+0000] {subprocess.py:93} INFO - Caused by: org.apache.spark.rpc.RpcEndpointNotFoundException: Cannot find endpoint: spark://CoarseGrainedScheduler@4099a95615c9:36011
[2026-08-12T21:23:50.375+0000] {subprocess.py:93} INFO - 	at org.apache.spark.rpc.netty.NettyRpcEnv.$anonfun$asyncSetupEndpointRefByURI$1(NettyRpcEnv.scala:148)
[2026-08-12T21:23:50.416+0000] {subprocess.py:93} INFO - 	at org.apache.spark.rpc.netty.NettyRpcEnv.$anonfun$asyncSetupEndpointRefByURI$1$adapted(NettyRpcEnv.scala:144)
[2026-08-12T21:23:50.429+0000] {subprocess.py:93} INFO - 	at scala.concurrent.Future.$anonfun$flatMap$1(Future.scala:307)
[2026-08-12T21:23:50.434+0000] {subprocess.py:93} INFO - 	at scala.concurrent.impl.Promise.$anonfun$transformWith$1(Promise.scala:41)
[2026-08-12T21:23:50.451+0000] {subprocess.py:93} INFO - 	at scala.concurrent.impl.CallbackRunnable.run(Promise.scala:64)
[2026-08-12T21:23:50.586+0000] {subprocess.py:93} INFO - 	at org.apache.spark.util.ThreadUtils$$anon$1.execute(ThreadUtils.scala:99)
[2026-08-12T21:23:50.610+0000] {subprocess.py:93} INFO - 	at scala.concurrent.impl.ExecutionContextImpl$$anon$4.execute(ExecutionContextImpl.scala:138)
[2026-08-12T21:23:50.626+0000] {subprocess.py:93} INFO - 	at scala.concurrent.impl.CallbackRunnable.executeWithValue(Promise.scala:72)
[2026-08-12T21:23:50.767+0000] {subprocess.py:93} INFO - 	at scala.concurrent.impl.Promise$DefaultPromise.dispatchOrAddCallback(Promise.scala:316)
[2026-08-12T21:23:50.772+0000] {subprocess.py:93} INFO - 	at scala.concurrent.impl.Promise$DefaultPromise.onComplete(Promise.scala:307)
[2026-08-12T21:23:50.822+0000] {subprocess.py:93} INFO - 	at scala.concurrent.impl.Promise.transformWith(Promise.scala:40)
[2026-08-12T21:23:50.864+0000] {subprocess.py:93} INFO - 	at scala.concurrent.impl.Promise.transformWith$(Promise.scala:38)
[2026-08-12T21:23:50.873+0000] {subprocess.py:93} INFO - 	at scala.concurrent.impl.Promise$DefaultPromise.transformWith(Promise.scala:187)
[2026-08-12T21:23:50.905+0000] {subprocess.py:93} INFO - 	at scala.concurrent.Future.flatMap(Future.scala:306)
[2026-08-12T21:23:50.915+0000] {subprocess.py:93} INFO - 	at scala.concurrent.Future.flatMap$(Future.scala:306)
[2026-08-12T21:23:50.922+0000] {subprocess.py:93} INFO - 	at scala.concurrent.impl.Promise$DefaultPromise.flatMap(Promise.scala:187)
[2026-08-12T21:23:50.926+0000] {subprocess.py:93} INFO - 	at org.apache.spark.rpc.netty.NettyRpcEnv.asyncSetupEndpointRefByURI(NettyRpcEnv.scala:150)
[2026-08-12T21:23:50.938+0000] {subprocess.py:93} INFO - 	... 17 more
[2026-08-12T21:23:50.969+0000] {subprocess.py:93} INFO - 26/08/12 21:23:32 WARN Executor: Issue communicating with driver in heartbeater
[2026-08-12T21:23:50.975+0000] {subprocess.py:93} INFO - org.apache.spark.SparkException: Exception thrown in awaitResult:
[2026-08-12T21:23:50.982+0000] {subprocess.py:93} INFO - 	at org.apache.spark.util.SparkThreadUtils$.awaitResult(SparkThreadUtils.scala:56)
[2026-08-12T21:23:50.987+0000] {subprocess.py:93} INFO - 	at org.apache.spark.util.ThreadUtils$.awaitResult(ThreadUtils.scala:310)
[2026-08-12T21:23:50.999+0000] {subprocess.py:93} INFO - 	at org.apache.spark.rpc.RpcTimeout.awaitResult(RpcTimeout.scala:75)
[2026-08-12T21:23:51.011+0000] {subprocess.py:93} INFO - 	at org.apache.spark.rpc.RpcEndpointRef.askSync(RpcEndpointRef.scala:101)
[2026-08-12T21:23:51.016+0000] {subprocess.py:93} INFO - 	at org.apache.spark.rpc.RpcEndpointRef.askSync(RpcEndpointRef.scala:85)
[2026-08-12T21:23:51.039+0000] {subprocess.py:93} INFO - 	at org.apache.spark.storage.BlockManagerMaster.registerBlockManager(BlockManagerMaster.scala:80)
[2026-08-12T21:23:51.069+0000] {subprocess.py:93} INFO - 	at org.apache.spark.storage.BlockManager.reregister(BlockManager.scala:642)
[2026-08-12T21:23:51.084+0000] {subprocess.py:93} INFO - 	at org.apache.spark.executor.Executor.reportHeartBeat(Executor.scala:1223)
[2026-08-12T21:23:51.106+0000] {subprocess.py:93} INFO - 	at org.apache.spark.executor.Executor.$anonfun$heartbeater$1(Executor.scala:295)
[2026-08-12T21:23:51.116+0000] {subprocess.py:93} INFO - 	at scala.runtime.java8.JFunction0$mcV$sp.apply(JFunction0$mcV$sp.java:23)
[2026-08-12T21:23:51.136+0000] {subprocess.py:93} INFO - 	at org.apache.spark.util.Utils$.logUncaughtExceptions(Utils.scala:1928)
[2026-08-12T21:23:51.146+0000] {subprocess.py:93} INFO - 	at org.apache.spark.Heartbeater$$anon$1.run(Heartbeater.scala:46)
[2026-08-12T21:23:51.199+0000] {subprocess.py:93} INFO - 	at java.base/java.util.concurrent.Executors$RunnableAdapter.call(Executors.java:539)
[2026-08-12T21:23:51.215+0000] {subprocess.py:93} INFO - 	at java.base/java.util.concurrent.FutureTask.runAndReset(FutureTask.java:305)
[2026-08-12T21:23:51.227+0000] {subprocess.py:93} INFO - 	at java.base/java.util.concurrent.ScheduledThreadPoolExecutor$ScheduledFutureTask.run(ScheduledThreadPoolExecutor.java:305)
[2026-08-12T21:23:51.242+0000] {subprocess.py:93} INFO - 	at java.base/java.util.concurrent.ThreadPoolExecutor.runWorker(ThreadPoolExecutor.java:1136)
[2026-08-12T21:23:51.259+0000] {subprocess.py:93} INFO - 	at java.base/java.util.concurrent.ThreadPoolExecutor$Worker.run(ThreadPoolExecutor.java:635)
[2026-08-12T21:23:51.271+0000] {subprocess.py:93} INFO - 	at java.base/java.lang.Thread.run(Thread.java:840)
[2026-08-12T21:23:51.281+0000] {subprocess.py:93} INFO - Caused by: org.apache.spark.SparkException: Exception thrown in awaitResult:
[2026-08-12T21:23:51.307+0000] {subprocess.py:93} INFO - 	at org.apache.spark.util.SparkThreadUtils$.awaitResult(SparkThreadUtils.scala:56)
[2026-08-12T21:23:51.311+0000] {subprocess.py:93} INFO - 	at org.apache.spark.util.ThreadUtils$.awaitResult(ThreadUtils.scala:310)
[2026-08-12T21:23:51.325+0000] {subprocess.py:93} INFO - 	at org.apache.spark.rpc.RpcTimeout.awaitResult(RpcTimeout.scala:75)
[2026-08-12T21:23:51.334+0000] {subprocess.py:93} INFO - 	at org.apache.spark.rpc.RpcEnv.setupEndpointRefByURI(RpcEnv.scala:102)
[2026-08-12T21:23:51.343+0000] {subprocess.py:93} INFO - 	at org.apache.spark.rpc.RpcEnv.setupEndpointRef(RpcEnv.scala:110)
[2026-08-12T21:23:51.346+0000] {subprocess.py:93} INFO - 	at org.apache.spark.util.RpcUtils$.makeDriverRef(RpcUtils.scala:36)
[2026-08-12T21:23:51.354+0000] {subprocess.py:93} INFO - 	at org.apache.spark.storage.BlockManagerMasterEndpoint.driverEndpoint$lzycompute(BlockManagerMasterEndpoint.scala:124)
[2026-08-12T21:23:51.371+0000] {subprocess.py:93} INFO - 	at org.apache.spark.storage.BlockManagerMasterEndpoint.org$apache$spark$storage$BlockManagerMasterEndpoint$$driverEndpoint(BlockManagerMasterEndpoint.scala:123)
[2026-08-12T21:23:51.385+0000] {subprocess.py:93} INFO - 	at org.apache.spark.storage.BlockManagerMasterEndpoint.isExecutorAlive$lzycompute$1(BlockManagerMasterEndpoint.scala:688)
[2026-08-12T21:23:51.387+0000] {subprocess.py:93} INFO - 	at org.apache.spark.storage.BlockManagerMasterEndpoint.isExecutorAlive$1(BlockManagerMasterEndpoint.scala:687)
[2026-08-12T21:23:51.422+0000] {subprocess.py:93} INFO - 	at org.apache.spark.storage.BlockManagerMasterEndpoint.org$apache$spark$storage$BlockManagerMasterEndpoint$$register(BlockManagerMasterEndpoint.scala:725)
[2026-08-12T21:23:51.433+0000] {subprocess.py:93} INFO - 	at org.apache.spark.storage.BlockManagerMasterEndpoint$$anonfun$receiveAndReply$1.applyOrElse(BlockManagerMasterEndpoint.scala:133)
[2026-08-12T21:23:51.437+0000] {subprocess.py:93} INFO - 	at org.apache.spark.rpc.netty.Inbox.$anonfun$process$1(Inbox.scala:103)
[2026-08-12T21:23:51.442+0000] {subprocess.py:93} INFO - 	at org.apache.spark.rpc.netty.Inbox.safelyCall(Inbox.scala:213)
[2026-08-12T21:23:51.455+0000] {subprocess.py:93} INFO - 	at org.apache.spark.rpc.netty.Inbox.process(Inbox.scala:100)
[2026-08-12T21:23:51.470+0000] {subprocess.py:93} INFO - 	at org.apache.spark.rpc.netty.MessageLoop.org$apache$spark$rpc$netty$MessageLoop$$receiveLoop(MessageLoop.scala:75)
[2026-08-12T21:23:51.482+0000] {subprocess.py:93} INFO - 	at org.apache.spark.rpc.netty.MessageLoop$$anon$1.run(MessageLoop.scala:41)
[2026-08-12T21:23:51.491+0000] {subprocess.py:93} INFO - 	... 3 more
[2026-08-12T21:23:51.529+0000] {subprocess.py:93} INFO - Caused by: org.apache.spark.rpc.RpcEndpointNotFoundException: Cannot find endpoint: spark://CoarseGrainedScheduler@4099a95615c9:36011
[2026-08-12T21:23:51.535+0000] {subprocess.py:93} INFO - 	at org.apache.spark.rpc.netty.NettyRpcEnv.$anonfun$asyncSetupEndpointRefByURI$1(NettyRpcEnv.scala:148)
[2026-08-12T21:23:51.550+0000] {subprocess.py:93} INFO - 	at org.apache.spark.rpc.netty.NettyRpcEnv.$anonfun$asyncSetupEndpointRefByURI$1$adapted(NettyRpcEnv.scala:144)
[2026-08-12T21:23:51.568+0000] {subprocess.py:93} INFO - 	at scala.concurrent.Future.$anonfun$flatMap$1(Future.scala:307)
[2026-08-12T21:23:51.593+0000] {subprocess.py:93} INFO - 	at scala.concurrent.impl.Promise.$anonfun$transformWith$1(Promise.scala:41)
[2026-08-12T21:23:51.713+0000] {subprocess.py:93} INFO - 	at scala.concurrent.impl.CallbackRunnable.run(Promise.scala:64)
[2026-08-12T21:23:51.726+0000] {subprocess.py:93} INFO - 	at org.apache.spark.util.ThreadUtils$$anon$1.execute(ThreadUtils.scala:99)
[2026-08-12T21:23:51.763+0000] {subprocess.py:93} INFO - 	at scala.concurrent.impl.ExecutionContextImpl$$anon$4.execute(ExecutionContextImpl.scala:138)
[2026-08-12T21:23:51.790+0000] {subprocess.py:93} INFO - 	at scala.concurrent.impl.CallbackRunnable.executeWithValue(Promise.scala:72)
[2026-08-12T21:23:51.811+0000] {subprocess.py:93} INFO - 	at scala.concurrent.impl.Promise$DefaultPromise.dispatchOrAddCallback(Promise.scala:316)
[2026-08-12T21:23:51.830+0000] {subprocess.py:93} INFO - 	at scala.concurrent.impl.Promise$DefaultPromise.onComplete(Promise.scala:307)
[2026-08-12T21:23:51.863+0000] {subprocess.py:93} INFO - 	at scala.concurrent.impl.Promise.transformWith(Promise.scala:40)
[2026-08-12T21:23:51.870+0000] {subprocess.py:93} INFO - 	at scala.concurrent.impl.Promise.transformWith$(Promise.scala:38)
[2026-08-12T21:23:51.922+0000] {subprocess.py:93} INFO - 	at scala.concurrent.impl.Promise$DefaultPromise.transformWith(Promise.scala:187)
[2026-08-12T21:23:51.959+0000] {subprocess.py:93} INFO - 	at scala.concurrent.Future.flatMap(Future.scala:306)
[2026-08-12T21:23:52.030+0000] {subprocess.py:93} INFO - 	at scala.concurrent.Future.flatMap$(Future.scala:306)
[2026-08-12T21:23:52.091+0000] {subprocess.py:93} INFO - 	at scala.concurrent.impl.Promise$DefaultPromise.flatMap(Promise.scala:187)
[2026-08-12T21:23:52.095+0000] {subprocess.py:93} INFO - 	at org.apache.spark.rpc.netty.NettyRpcEnv.asyncSetupEndpointRefByURI(NettyRpcEnv.scala:150)
[2026-08-12T21:23:52.131+0000] {subprocess.py:93} INFO - 	... 17 more
[2026-08-12T21:23:52.166+0000] {subprocess.py:93} INFO - 26/08/12 21:23:32 ERROR Inbox: Ignoring error
[2026-08-12T21:23:52.202+0000] {subprocess.py:93} INFO - org.apache.spark.SparkException: Exception thrown in awaitResult:
[2026-08-12T21:23:52.488+0000] {subprocess.py:93} INFO - 	at org.apache.spark.util.SparkThreadUtils$.awaitResult(SparkThreadUtils.scala:56)
[2026-08-12T21:23:52.538+0000] {subprocess.py:93} INFO - 	at org.apache.spark.util.ThreadUtils$.awaitResult(ThreadUtils.scala:310)
[2026-08-12T21:23:52.545+0000] {subprocess.py:93} INFO - 	at org.apache.spark.rpc.RpcTimeout.awaitResult(RpcTimeout.scala:75)
[2026-08-12T21:23:52.551+0000] {subprocess.py:93} INFO - 	at org.apache.spark.rpc.RpcEnv.setupEndpointRefByURI(RpcEnv.scala:102)
[2026-08-12T21:23:52.564+0000] {subprocess.py:93} INFO - 	at org.apache.spark.rpc.RpcEnv.setupEndpointRef(RpcEnv.scala:110)
[2026-08-12T21:23:52.568+0000] {subprocess.py:93} INFO - 	at org.apache.spark.util.RpcUtils$.makeDriverRef(RpcUtils.scala:36)
[2026-08-12T21:23:52.611+0000] {subprocess.py:93} INFO - 	at org.apache.spark.storage.BlockManagerMasterEndpoint.driverEndpoint$lzycompute(BlockManagerMasterEndpoint.scala:124)
[2026-08-12T21:23:52.627+0000] {subprocess.py:93} INFO - 	at org.apache.spark.storage.BlockManagerMasterEndpoint.org$apache$spark$storage$BlockManagerMasterEndpoint$$driverEndpoint(BlockManagerMasterEndpoint.scala:123)
[2026-08-12T21:23:52.636+0000] {subprocess.py:93} INFO - 	at org.apache.spark.storage.BlockManagerMasterEndpoint.isExecutorAlive$lzycompute$1(BlockManagerMasterEndpoint.scala:688)
[2026-08-12T21:23:52.709+0000] {subprocess.py:93} INFO - 	at org.apache.spark.storage.BlockManagerMasterEndpoint.isExecutorAlive$1(BlockManagerMasterEndpoint.scala:687)
[2026-08-12T21:23:52.732+0000] {subprocess.py:93} INFO - 	at org.apache.spark.storage.BlockManagerMasterEndpoint.org$apache$spark$storage$BlockManagerMasterEndpoint$$register(BlockManagerMasterEndpoint.scala:725)
[2026-08-12T21:23:52.782+0000] {subprocess.py:93} INFO - 	at org.apache.spark.storage.BlockManagerMasterEndpoint$$anonfun$receiveAndReply$1.applyOrElse(BlockManagerMasterEndpoint.scala:133)
[2026-08-12T21:23:52.792+0000] {subprocess.py:93} INFO - 	at org.apache.spark.rpc.netty.Inbox.$anonfun$process$1(Inbox.scala:103)
[2026-08-12T21:23:52.850+0000] {subprocess.py:93} INFO - 	at org.apache.spark.rpc.netty.Inbox.safelyCall(Inbox.scala:213)
[2026-08-12T21:23:52.856+0000] {subprocess.py:93} INFO - 	at org.apache.spark.rpc.netty.Inbox.process(Inbox.scala:100)
[2026-08-12T21:23:52.910+0000] {subprocess.py:93} INFO - 	at org.apache.spark.rpc.netty.MessageLoop.org$apache$spark$rpc$netty$MessageLoop$$receiveLoop(MessageLoop.scala:75)
[2026-08-12T21:23:52.950+0000] {subprocess.py:93} INFO - 	at org.apache.spark.rpc.netty.MessageLoop$$anon$1.run(MessageLoop.scala:41)
[2026-08-12T21:23:52.956+0000] {subprocess.py:93} INFO - 	at java.base/java.util.concurrent.ThreadPoolExecutor.runWorker(ThreadPoolExecutor.java:1136)
[2026-08-12T21:23:52.978+0000] {subprocess.py:93} INFO - 	at java.base/java.util.concurrent.ThreadPoolExecutor$Worker.run(ThreadPoolExecutor.java:635)
[2026-08-12T21:23:52.983+0000] {subprocess.py:93} INFO - 	at java.base/java.lang.Thread.run(Thread.java:840)
[2026-08-12T21:23:53.007+0000] {subprocess.py:93} INFO - Caused by: org.apache.spark.rpc.RpcEndpointNotFoundException: Cannot find endpoint: spark://CoarseGrainedScheduler@4099a95615c9:36011
[2026-08-12T21:23:53.013+0000] {subprocess.py:93} INFO - 	at org.apache.spark.rpc.netty.NettyRpcEnv.$anonfun$asyncSetupEndpointRefByURI$1(NettyRpcEnv.scala:148)
[2026-08-12T21:23:53.019+0000] {subprocess.py:93} INFO - 	at org.apache.spark.rpc.netty.NettyRpcEnv.$anonfun$asyncSetupEndpointRefByURI$1$adapted(NettyRpcEnv.scala:144)
[2026-08-12T21:23:53.026+0000] {subprocess.py:93} INFO - 	at scala.concurrent.Future.$anonfun$flatMap$1(Future.scala:307)
[2026-08-12T21:23:53.035+0000] {subprocess.py:93} INFO - 	at scala.concurrent.impl.Promise.$anonfun$transformWith$1(Promise.scala:41)
[2026-08-12T21:23:53.038+0000] {subprocess.py:93} INFO - 	at scala.concurrent.impl.CallbackRunnable.run(Promise.scala:64)
[2026-08-12T21:23:53.046+0000] {subprocess.py:93} INFO - 	at org.apache.spark.util.ThreadUtils$$anon$1.execute(ThreadUtils.scala:99)
[2026-08-12T21:23:53.055+0000] {subprocess.py:93} INFO - 	at scala.concurrent.impl.ExecutionContextImpl$$anon$4.execute(ExecutionContextImpl.scala:138)
[2026-08-12T21:23:53.071+0000] {subprocess.py:93} INFO - 	at scala.concurrent.impl.CallbackRunnable.executeWithValue(Promise.scala:72)
[2026-08-12T21:23:53.081+0000] {subprocess.py:93} INFO - 	at scala.concurrent.impl.Promise$DefaultPromise.dispatchOrAddCallback(Promise.scala:316)
[2026-08-12T21:23:53.087+0000] {subprocess.py:93} INFO - 	at scala.concurrent.impl.Promise$DefaultPromise.onComplete(Promise.scala:307)
[2026-08-12T21:23:53.090+0000] {subprocess.py:93} INFO - 	at scala.concurrent.impl.Promise.transformWith(Promise.scala:40)
[2026-08-12T21:23:53.094+0000] {subprocess.py:93} INFO - 	at scala.concurrent.impl.Promise.transformWith$(Promise.scala:38)
[2026-08-12T21:23:53.103+0000] {subprocess.py:93} INFO - 	at scala.concurrent.impl.Promise$DefaultPromise.transformWith(Promise.scala:187)
[2026-08-12T21:23:53.134+0000] {subprocess.py:93} INFO - 	at scala.concurrent.Future.flatMap(Future.scala:306)
[2026-08-12T21:23:53.191+0000] {subprocess.py:93} INFO - 	at scala.concurrent.Future.flatMap$(Future.scala:306)
[2026-08-12T21:23:53.274+0000] {subprocess.py:93} INFO - 	at scala.concurrent.impl.Promise$DefaultPromise.flatMap(Promise.scala:187)
[2026-08-12T21:23:53.278+0000] {subprocess.py:93} INFO - 	at org.apache.spark.rpc.netty.NettyRpcEnv.asyncSetupEndpointRefByURI(NettyRpcEnv.scala:150)
[2026-08-12T21:23:53.294+0000] {subprocess.py:93} INFO - 	... 17 more
[2026-08-12T21:23:53.315+0000] {subprocess.py:93} INFO - 26/08/12 21:23:34 WARN Executor: Issue communicating with driver in heartbeater
[2026-08-12T21:23:53.322+0000] {subprocess.py:93} INFO - org.apache.spark.SparkException: Exception thrown in awaitResult:
[2026-08-12T21:23:53.399+0000] {subprocess.py:93} INFO - 	at org.apache.spark.util.SparkThreadUtils$.awaitResult(SparkThreadUtils.scala:56)
[2026-08-12T21:23:53.434+0000] {subprocess.py:93} INFO - 	at org.apache.spark.util.ThreadUtils$.awaitResult(ThreadUtils.scala:310)
[2026-08-12T21:23:53.451+0000] {subprocess.py:93} INFO - 	at org.apache.spark.rpc.RpcTimeout.awaitResult(RpcTimeout.scala:75)
[2026-08-12T21:23:53.490+0000] {subprocess.py:93} INFO - 	at org.apache.spark.rpc.RpcEndpointRef.askSync(RpcEndpointRef.scala:101)
[2026-08-12T21:23:53.521+0000] {subprocess.py:93} INFO - 	at org.apache.spark.rpc.RpcEndpointRef.askSync(RpcEndpointRef.scala:85)
[2026-08-12T21:23:53.574+0000] {subprocess.py:93} INFO - 	at org.apache.spark.storage.BlockManagerMaster.registerBlockManager(BlockManagerMaster.scala:80)
[2026-08-12T21:23:53.660+0000] {subprocess.py:93} INFO - 	at org.apache.spark.storage.BlockManager.reregister(BlockManager.scala:642)
[2026-08-12T21:23:53.727+0000] {subprocess.py:93} INFO - 	at org.apache.spark.executor.Executor.reportHeartBeat(Executor.scala:1223)
[2026-08-12T21:23:53.779+0000] {subprocess.py:93} INFO - 	at org.apache.spark.executor.Executor.$anonfun$heartbeater$1(Executor.scala:295)
[2026-08-12T21:23:53.799+0000] {subprocess.py:93} INFO - 	at scala.runtime.java8.JFunction0$mcV$sp.apply(JFunction0$mcV$sp.java:23)
[2026-08-12T21:23:53.806+0000] {subprocess.py:93} INFO - 	at org.apache.spark.util.Utils$.logUncaughtExceptions(Utils.scala:1928)
[2026-08-12T21:23:53.815+0000] {subprocess.py:93} INFO - 	at org.apache.spark.Heartbeater$$anon$1.run(Heartbeater.scala:46)
[2026-08-12T21:23:53.866+0000] {subprocess.py:93} INFO - 	at java.base/java.util.concurrent.Executors$RunnableAdapter.call(Executors.java:539)
[2026-08-12T21:23:53.870+0000] {subprocess.py:93} INFO - 	at java.base/java.util.concurrent.FutureTask.runAndReset(FutureTask.java:305)
[2026-08-12T21:23:53.882+0000] {subprocess.py:93} INFO - 	at java.base/java.util.concurrent.ScheduledThreadPoolExecutor$ScheduledFutureTask.run(ScheduledThreadPoolExecutor.java:305)
[2026-08-12T21:23:53.926+0000] {subprocess.py:93} INFO - 	at java.base/java.util.concurrent.ThreadPoolExecutor.runWorker(ThreadPoolExecutor.java:1136)
[2026-08-12T21:23:53.949+0000] {subprocess.py:93} INFO - 	at java.base/java.util.concurrent.ThreadPoolExecutor$Worker.run(ThreadPoolExecutor.java:635)
[2026-08-12T21:23:53.954+0000] {subprocess.py:93} INFO - 	at java.base/java.lang.Thread.run(Thread.java:840)
[2026-08-12T21:23:53.964+0000] {subprocess.py:93} INFO - Caused by: org.apache.spark.SparkException: Exception thrown in awaitResult:
[2026-08-12T21:23:53.972+0000] {subprocess.py:93} INFO - 	at org.apache.spark.util.SparkThreadUtils$.awaitResult(SparkThreadUtils.scala:56)
[2026-08-12T21:23:53.992+0000] {subprocess.py:93} INFO - 	at org.apache.spark.util.ThreadUtils$.awaitResult(ThreadUtils.scala:310)
[2026-08-12T21:23:54.001+0000] {subprocess.py:93} INFO - 	at org.apache.spark.rpc.RpcTimeout.awaitResult(RpcTimeout.scala:75)
[2026-08-12T21:23:54.015+0000] {subprocess.py:93} INFO - 	at org.apache.spark.rpc.RpcEnv.setupEndpointRefByURI(RpcEnv.scala:102)
[2026-08-12T21:23:54.031+0000] {subprocess.py:93} INFO - 	at org.apache.spark.rpc.RpcEnv.setupEndpointRef(RpcEnv.scala:110)
[2026-08-12T21:23:54.039+0000] {subprocess.py:93} INFO - 	at org.apache.spark.util.RpcUtils$.makeDriverRef(RpcUtils.scala:36)
[2026-08-12T21:23:54.045+0000] {subprocess.py:93} INFO - 	at org.apache.spark.storage.BlockManagerMasterEndpoint.driverEndpoint$lzycompute(BlockManagerMasterEndpoint.scala:124)
[2026-08-12T21:23:54.062+0000] {subprocess.py:93} INFO - 	at org.apache.spark.storage.BlockManagerMasterEndpoint.org$apache$spark$storage$BlockManagerMasterEndpoint$$driverEndpoint(BlockManagerMasterEndpoint.scala:123)
[2026-08-12T21:23:54.074+0000] {subprocess.py:93} INFO - 	at org.apache.spark.storage.BlockManagerMasterEndpoint.isExecutorAlive$lzycompute$1(BlockManagerMasterEndpoint.scala:688)
[2026-08-12T21:23:54.081+0000] {subprocess.py:93} INFO - 	at org.apache.spark.storage.BlockManagerMasterEndpoint.isExecutorAlive$1(BlockManagerMasterEndpoint.scala:687)
[2026-08-12T21:23:54.089+0000] {subprocess.py:93} INFO - 	at org.apache.spark.storage.BlockManagerMasterEndpoint.org$apache$spark$storage$BlockManagerMasterEndpoint$$register(BlockManagerMasterEndpoint.scala:725)
[2026-08-12T21:23:54.101+0000] {subprocess.py:93} INFO - 	at org.apache.spark.storage.BlockManagerMasterEndpoint$$anonfun$receiveAndReply$1.applyOrElse(BlockManagerMasterEndpoint.scala:133)
[2026-08-12T21:23:54.123+0000] {subprocess.py:93} INFO - 	at org.apache.spark.rpc.netty.Inbox.$anonfun$process$1(Inbox.scala:103)
[2026-08-12T21:23:54.128+0000] {subprocess.py:93} INFO - 	at org.apache.spark.rpc.netty.Inbox.safelyCall(Inbox.scala:213)
[2026-08-12T21:23:54.131+0000] {subprocess.py:93} INFO - 	at org.apache.spark.rpc.netty.Inbox.process(Inbox.scala:100)
[2026-08-12T21:23:54.139+0000] {subprocess.py:93} INFO - 	at org.apache.spark.rpc.netty.MessageLoop.org$apache$spark$rpc$netty$MessageLoop$$receiveLoop(MessageLoop.scala:75)
[2026-08-12T21:23:54.143+0000] {subprocess.py:93} INFO - 	at org.apache.spark.rpc.netty.MessageLoop$$anon$1.run(MessageLoop.scala:41)
[2026-08-12T21:23:54.146+0000] {subprocess.py:93} INFO - 	... 3 more
[2026-08-12T21:23:54.155+0000] {subprocess.py:93} INFO - Caused by: org.apache.spark.rpc.RpcEndpointNotFoundException: Cannot find endpoint: spark://CoarseGrainedScheduler@4099a95615c9:36011
[2026-08-12T21:23:54.164+0000] {subprocess.py:93} INFO - 	at org.apache.spark.rpc.netty.NettyRpcEnv.$anonfun$asyncSetupEndpointRefByURI$1(NettyRpcEnv.scala:148)
[2026-08-12T21:23:54.173+0000] {subprocess.py:93} INFO - 	at org.apache.spark.rpc.netty.NettyRpcEnv.$anonfun$asyncSetupEndpointRefByURI$1$adapted(NettyRpcEnv.scala:144)
[2026-08-12T21:23:54.184+0000] {subprocess.py:93} INFO - 	at scala.concurrent.Future.$anonfun$flatMap$1(Future.scala:307)
[2026-08-12T21:23:54.210+0000] {subprocess.py:93} INFO - 	at scala.concurrent.impl.Promise.$anonfun$transformWith$1(Promise.scala:41)
[2026-08-12T21:23:54.220+0000] {subprocess.py:93} INFO - 	at scala.concurrent.impl.CallbackRunnable.run(Promise.scala:64)
[2026-08-12T21:23:54.294+0000] {subprocess.py:93} INFO - 	at org.apache.spark.util.ThreadUtils$$anon$1.execute(ThreadUtils.scala:99)
[2026-08-12T21:23:54.313+0000] {subprocess.py:93} INFO - 	at scala.concurrent.impl.ExecutionContextImpl$$anon$4.execute(ExecutionContextImpl.scala:138)
[2026-08-12T21:23:54.351+0000] {subprocess.py:93} INFO - 	at scala.concurrent.impl.CallbackRunnable.executeWithValue(Promise.scala:72)
[2026-08-12T21:23:54.382+0000] {subprocess.py:93} INFO - 	at scala.concurrent.impl.Promise$DefaultPromise.$anonfun$tryComplete$1(Promise.scala:288)
[2026-08-12T21:23:54.415+0000] {subprocess.py:93} INFO - 	at scala.concurrent.impl.Promise$DefaultPromise.$anonfun$tryComplete$1$adapted(Promise.scala:288)
[2026-08-12T21:23:54.434+0000] {subprocess.py:93} INFO - 	at scala.concurrent.impl.Promise$DefaultPromise.tryComplete(Promise.scala:288)
[2026-08-12T21:23:54.460+0000] {subprocess.py:93} INFO - 	at scala.concurrent.Promise.complete(Promise.scala:53)
[2026-08-12T21:23:54.465+0000] {subprocess.py:93} INFO - 	at scala.concurrent.Promise.complete$(Promise.scala:52)
[2026-08-12T21:23:54.484+0000] {subprocess.py:93} INFO - 	at scala.concurrent.impl.Promise$DefaultPromise.complete(Promise.scala:187)
[2026-08-12T21:23:54.518+0000] {subprocess.py:93} INFO - 	at scala.concurrent.impl.Promise.$anonfun$transform$1(Promise.scala:33)
[2026-08-12T21:23:54.528+0000] {subprocess.py:93} INFO - 	at scala.concurrent.impl.CallbackRunnable.run(Promise.scala:64)
[2026-08-12T21:23:54.546+0000] {subprocess.py:93} INFO - 	at org.apache.spark.util.ThreadUtils$$anon$1.execute(ThreadUtils.scala:99)
[2026-08-12T21:23:54.574+0000] {subprocess.py:93} INFO - 	at scala.concurrent.impl.ExecutionContextImpl$$anon$4.execute(ExecutionContextImpl.scala:138)
[2026-08-12T21:23:54.589+0000] {subprocess.py:93} INFO - 	at scala.concurrent.impl.CallbackRunnable.executeWithValue(Promise.scala:72)
[2026-08-12T21:23:54.616+0000] {subprocess.py:93} INFO - 	at scala.concurrent.impl.Promise$DefaultPromise.$anonfun$tryComplete$1(Promise.scala:288)
[2026-08-12T21:23:54.649+0000] {subprocess.py:93} INFO - 	at scala.concurrent.impl.Promise$DefaultPromise.$anonfun$tryComplete$1$adapted(Promise.scala:288)
[2026-08-12T21:23:54.694+0000] {subprocess.py:93} INFO - 	at scala.concurrent.impl.Promise$DefaultPromise.tryComplete(Promise.scala:288)
[2026-08-12T21:23:54.723+0000] {subprocess.py:93} INFO - 	at scala.concurrent.Promise.complete(Promise.scala:53)
[2026-08-12T21:23:54.822+0000] {subprocess.py:93} INFO - 	at scala.concurrent.Promise.complete$(Promise.scala:52)
[2026-08-12T21:23:54.859+0000] {subprocess.py:93} INFO - 	at scala.concurrent.impl.Promise$DefaultPromise.complete(Promise.scala:187)
[2026-08-12T21:23:54.880+0000] {subprocess.py:93} INFO - 	at scala.concurrent.impl.Promise.$anonfun$transform$1(Promise.scala:33)
[2026-08-12T21:23:54.932+0000] {subprocess.py:93} INFO - 	at scala.concurrent.impl.CallbackRunnable.run(Promise.scala:64)
[2026-08-12T21:23:54.967+0000] {subprocess.py:93} INFO - 	at scala.concurrent.BatchingExecutor$Batch.processBatch$1(BatchingExecutor.scala:67)
[2026-08-12T21:23:55.019+0000] {subprocess.py:93} INFO - 	at scala.concurrent.BatchingExecutor$Batch.$anonfun$run$1(BatchingExecutor.scala:82)
[2026-08-12T21:23:55.053+0000] {subprocess.py:93} INFO - 	at scala.runtime.java8.JFunction0$mcV$sp.apply(JFunction0$mcV$sp.java:23)
[2026-08-12T21:23:55.103+0000] {subprocess.py:93} INFO - 	at scala.concurrent.BlockContext$.withBlockContext(BlockContext.scala:85)
[2026-08-12T21:23:55.118+0000] {subprocess.py:93} INFO - 	at scala.concurrent.BatchingExecutor$Batch.run(BatchingExecutor.scala:59)
[2026-08-12T21:23:55.152+0000] {subprocess.py:93} INFO - 	at scala.concurrent.Future$InternalCallbackExecutor$.unbatchedExecute(Future.scala:875)
[2026-08-12T21:23:55.194+0000] {subprocess.py:93} INFO - 	at scala.concurrent.BatchingExecutor.execute(BatchingExecutor.scala:110)
[2026-08-12T21:23:55.238+0000] {subprocess.py:93} INFO - 	at scala.concurrent.BatchingExecutor.execute$(BatchingExecutor.scala:107)
[2026-08-12T21:23:55.252+0000] {subprocess.py:93} INFO - 	at scala.concurrent.Future$InternalCallbackExecutor$.execute(Future.scala:873)
[2026-08-12T21:23:55.272+0000] {subprocess.py:93} INFO - 	at scala.concurrent.impl.CallbackRunnable.executeWithValue(Promise.scala:72)
[2026-08-12T21:23:55.299+0000] {subprocess.py:93} INFO - 	at scala.concurrent.impl.Promise$DefaultPromise.$anonfun$tryComplete$1(Promise.scala:288)
[2026-08-12T21:23:55.305+0000] {subprocess.py:93} INFO - 	at scala.concurrent.impl.Promise$DefaultPromise.$anonfun$tryComplete$1$adapted(Promise.scala:288)
[2026-08-12T21:23:55.342+0000] {subprocess.py:93} INFO - 	at scala.concurrent.impl.Promise$DefaultPromise.tryComplete(Promise.scala:288)
[2026-08-12T21:23:55.383+0000] {subprocess.py:93} INFO - 	at scala.concurrent.Promise.trySuccess(Promise.scala:94)
[2026-08-12T21:23:55.400+0000] {subprocess.py:93} INFO - 	at scala.concurrent.Promise.trySuccess$(Promise.scala:94)
[2026-08-12T21:23:55.427+0000] {subprocess.py:93} INFO - 	at scala.concurrent.impl.Promise$DefaultPromise.trySuccess(Promise.scala:187)
[2026-08-12T21:23:55.467+0000] {subprocess.py:93} INFO - 	at org.apache.spark.rpc.netty.NettyRpcEnv.onSuccess$1(NettyRpcEnv.scala:225)
[2026-08-12T21:23:55.482+0000] {subprocess.py:93} INFO - 	at org.apache.spark.rpc.netty.NettyRpcEnv.$anonfun$askAbortable$5(NettyRpcEnv.scala:239)
[2026-08-12T21:23:55.544+0000] {subprocess.py:93} INFO - 	at org.apache.spark.rpc.netty.NettyRpcEnv.$anonfun$askAbortable$5$adapted(NettyRpcEnv.scala:238)
[2026-08-12T21:23:55.560+0000] {subprocess.py:93} INFO - 	at scala.concurrent.impl.CallbackRunnable.run(Promise.scala:64)
[2026-08-12T21:23:55.579+0000] {subprocess.py:93} INFO - 	at org.apache.spark.util.ThreadUtils$$anon$1.execute(ThreadUtils.scala:99)
[2026-08-12T21:23:55.607+0000] {subprocess.py:93} INFO - 	at scala.concurrent.impl.ExecutionContextImpl$$anon$4.execute(ExecutionContextImpl.scala:138)
[2026-08-12T21:23:55.634+0000] {subprocess.py:93} INFO - 	at scala.concurrent.impl.CallbackRunnable.executeWithValue(Promise.scala:72)
[2026-08-12T21:23:55.650+0000] {subprocess.py:93} INFO - 	at scala.concurrent.impl.Promise$DefaultPromise.$anonfun$tryComplete$1(Promise.scala:288)
[2026-08-12T21:23:55.685+0000] {subprocess.py:93} INFO - 	at scala.concurrent.impl.Promise$DefaultPromise.$anonfun$tryComplete$1$adapted(Promise.scala:288)
[2026-08-12T21:23:55.710+0000] {subprocess.py:93} INFO - 	at scala.concurrent.impl.Promise$DefaultPromise.tryComplete(Promise.scala:288)
[2026-08-12T21:23:55.727+0000] {subprocess.py:93} INFO - 	at scala.concurrent.Promise.complete(Promise.scala:53)
[2026-08-12T21:23:55.740+0000] {subprocess.py:93} INFO - 	at scala.concurrent.Promise.complete$(Promise.scala:52)
[2026-08-12T21:23:55.757+0000] {subprocess.py:93} INFO - 	at scala.concurrent.impl.Promise$DefaultPromise.complete(Promise.scala:187)
[2026-08-12T21:23:55.777+0000] {subprocess.py:93} INFO - 	at scala.concurrent.Promise.success(Promise.scala:86)
[2026-08-12T21:23:55.795+0000] {subprocess.py:93} INFO - 	at scala.concurrent.Promise.success$(Promise.scala:86)
[2026-08-12T21:23:55.814+0000] {subprocess.py:93} INFO - 	at scala.concurrent.impl.Promise$DefaultPromise.success(Promise.scala:187)
[2026-08-12T21:23:55.830+0000] {subprocess.py:93} INFO - 	at org.apache.spark.rpc.netty.LocalNettyRpcCallContext.send(NettyRpcCallContext.scala:50)
[2026-08-12T21:23:55.846+0000] {subprocess.py:93} INFO - 	at org.apache.spark.rpc.netty.NettyRpcCallContext.reply(NettyRpcCallContext.scala:32)
[2026-08-12T21:23:55.851+0000] {subprocess.py:93} INFO - 	at org.apache.spark.rpc.netty.RpcEndpointVerifier$$anonfun$receiveAndReply$1.applyOrElse(RpcEndpointVerifier.scala:31)
[2026-08-12T21:23:55.926+0000] {subprocess.py:93} INFO - 	... 8 more
[2026-08-12T21:23:55.943+0000] {subprocess.py:93} INFO - 26/08/12 21:23:34 ERROR Inbox: Ignoring error
[2026-08-12T21:23:55.952+0000] {subprocess.py:93} INFO - org.apache.spark.SparkException: Exception thrown in awaitResult:
[2026-08-12T21:23:55.962+0000] {subprocess.py:93} INFO - 	at org.apache.spark.util.SparkThreadUtils$.awaitResult(SparkThreadUtils.scala:56)
[2026-08-12T21:23:55.993+0000] {subprocess.py:93} INFO - 	at org.apache.spark.util.ThreadUtils$.awaitResult(ThreadUtils.scala:310)
[2026-08-12T21:23:56.007+0000] {subprocess.py:93} INFO - 	at org.apache.spark.rpc.RpcTimeout.awaitResult(RpcTimeout.scala:75)
[2026-08-12T21:23:56.018+0000] {subprocess.py:93} INFO - 	at org.apache.spark.rpc.RpcEnv.setupEndpointRefByURI(RpcEnv.scala:102)
[2026-08-12T21:23:56.054+0000] {subprocess.py:93} INFO - 	at org.apache.spark.rpc.RpcEnv.setupEndpointRef(RpcEnv.scala:110)
[2026-08-12T21:23:56.081+0000] {subprocess.py:93} INFO - 	at org.apache.spark.util.RpcUtils$.makeDriverRef(RpcUtils.scala:36)
[2026-08-12T21:23:56.096+0000] {subprocess.py:93} INFO - 	at org.apache.spark.storage.BlockManagerMasterEndpoint.driverEndpoint$lzycompute(BlockManagerMasterEndpoint.scala:124)
[2026-08-12T21:23:56.109+0000] {subprocess.py:93} INFO - 	at org.apache.spark.storage.BlockManagerMasterEndpoint.org$apache$spark$storage$BlockManagerMasterEndpoint$$driverEndpoint(BlockManagerMasterEndpoint.scala:123)
[2026-08-12T21:23:56.129+0000] {subprocess.py:93} INFO - 	at org.apache.spark.storage.BlockManagerMasterEndpoint.isExecutorAlive$lzycompute$1(BlockManagerMasterEndpoint.scala:688)
[2026-08-12T21:23:56.145+0000] {subprocess.py:93} INFO - 	at org.apache.spark.storage.BlockManagerMasterEndpoint.isExecutorAlive$1(BlockManagerMasterEndpoint.scala:687)
[2026-08-12T21:23:56.154+0000] {subprocess.py:93} INFO - 	at org.apache.spark.storage.BlockManagerMasterEndpoint.org$apache$spark$storage$BlockManagerMasterEndpoint$$register(BlockManagerMasterEndpoint.scala:725)
[2026-08-12T21:23:56.161+0000] {subprocess.py:93} INFO - 	at org.apache.spark.storage.BlockManagerMasterEndpoint$$anonfun$receiveAndReply$1.applyOrElse(BlockManagerMasterEndpoint.scala:133)
[2026-08-12T21:23:56.165+0000] {subprocess.py:93} INFO - 	at org.apache.spark.rpc.netty.Inbox.$anonfun$process$1(Inbox.scala:103)
[2026-08-12T21:23:56.173+0000] {subprocess.py:93} INFO - 	at org.apache.spark.rpc.netty.Inbox.safelyCall(Inbox.scala:213)
[2026-08-12T21:23:56.182+0000] {subprocess.py:93} INFO - 	at org.apache.spark.rpc.netty.Inbox.process(Inbox.scala:100)
[2026-08-12T21:23:56.200+0000] {subprocess.py:93} INFO - 	at org.apache.spark.rpc.netty.MessageLoop.org$apache$spark$rpc$netty$MessageLoop$$receiveLoop(MessageLoop.scala:75)
[2026-08-12T21:23:56.230+0000] {subprocess.py:93} INFO - 	at org.apache.spark.rpc.netty.MessageLoop$$anon$1.run(MessageLoop.scala:41)
[2026-08-12T21:23:56.241+0000] {subprocess.py:93} INFO - 	at java.base/java.util.concurrent.ThreadPoolExecutor.runWorker(ThreadPoolExecutor.java:1136)
[2026-08-12T21:23:56.263+0000] {subprocess.py:93} INFO - 	at java.base/java.util.concurrent.ThreadPoolExecutor$Worker.run(ThreadPoolExecutor.java:635)
[2026-08-12T21:23:56.270+0000] {subprocess.py:93} INFO - 	at java.base/java.lang.Thread.run(Thread.java:840)
[2026-08-12T21:23:56.296+0000] {subprocess.py:93} INFO - Caused by: org.apache.spark.rpc.RpcEndpointNotFoundException: Cannot find endpoint: spark://CoarseGrainedScheduler@4099a95615c9:36011
[2026-08-12T21:23:56.322+0000] {subprocess.py:93} INFO - 	at org.apache.spark.rpc.netty.NettyRpcEnv.$anonfun$asyncSetupEndpointRefByURI$1(NettyRpcEnv.scala:148)
[2026-08-12T21:23:56.334+0000] {subprocess.py:93} INFO - 	at org.apache.spark.rpc.netty.NettyRpcEnv.$anonfun$asyncSetupEndpointRefByURI$1$adapted(NettyRpcEnv.scala:144)
[2026-08-12T21:23:56.340+0000] {subprocess.py:93} INFO - 	at scala.concurrent.Future.$anonfun$flatMap$1(Future.scala:307)
[2026-08-12T21:23:56.343+0000] {subprocess.py:93} INFO - 	at scala.concurrent.impl.Promise.$anonfun$transformWith$1(Promise.scala:41)
[2026-08-12T21:23:56.370+0000] {subprocess.py:93} INFO - 	at scala.concurrent.impl.CallbackRunnable.run(Promise.scala:64)
[2026-08-12T21:23:56.393+0000] {subprocess.py:93} INFO - 	at org.apache.spark.util.ThreadUtils$$anon$1.execute(ThreadUtils.scala:99)
[2026-08-12T21:23:56.396+0000] {subprocess.py:93} INFO - 	at scala.concurrent.impl.ExecutionContextImpl$$anon$4.execute(ExecutionContextImpl.scala:138)
[2026-08-12T21:23:56.447+0000] {subprocess.py:93} INFO - 	at scala.concurrent.impl.CallbackRunnable.executeWithValue(Promise.scala:72)
[2026-08-12T21:23:56.462+0000] {subprocess.py:93} INFO - 	at scala.concurrent.impl.Promise$DefaultPromise.$anonfun$tryComplete$1(Promise.scala:288)
[2026-08-12T21:23:56.472+0000] {subprocess.py:93} INFO - 	at scala.concurrent.impl.Promise$DefaultPromise.$anonfun$tryComplete$1$adapted(Promise.scala:288)
[2026-08-12T21:23:56.474+0000] {subprocess.py:93} INFO - 	at scala.concurrent.impl.Promise$DefaultPromise.tryComplete(Promise.scala:288)
[2026-08-12T21:23:56.477+0000] {subprocess.py:93} INFO - 	at scala.concurrent.Promise.complete(Promise.scala:53)
[2026-08-12T21:23:56.494+0000] {subprocess.py:93} INFO - 	at scala.concurrent.Promise.complete$(Promise.scala:52)
[2026-08-12T21:23:56.536+0000] {subprocess.py:93} INFO - 	at scala.concurrent.impl.Promise$DefaultPromise.complete(Promise.scala:187)
[2026-08-12T21:23:56.563+0000] {subprocess.py:93} INFO - 	at scala.concurrent.impl.Promise.$anonfun$transform$1(Promise.scala:33)
[2026-08-12T21:23:56.619+0000] {subprocess.py:93} INFO - 	at scala.concurrent.impl.CallbackRunnable.run(Promise.scala:64)
[2026-08-12T21:23:56.627+0000] {subprocess.py:93} INFO - 	at org.apache.spark.util.ThreadUtils$$anon$1.execute(ThreadUtils.scala:99)
[2026-08-12T21:23:56.646+0000] {subprocess.py:93} INFO - 	at scala.concurrent.impl.ExecutionContextImpl$$anon$4.execute(ExecutionContextImpl.scala:138)
[2026-08-12T21:23:56.710+0000] {subprocess.py:93} INFO - 	at scala.concurrent.impl.CallbackRunnable.executeWithValue(Promise.scala:72)
[2026-08-12T21:23:56.770+0000] {subprocess.py:93} INFO - 	at scala.concurrent.impl.Promise$DefaultPromise.$anonfun$tryComplete$1(Promise.scala:288)
[2026-08-12T21:23:56.791+0000] {subprocess.py:93} INFO - 	at scala.concurrent.impl.Promise$DefaultPromise.$anonfun$tryComplete$1$adapted(Promise.scala:288)
[2026-08-12T21:23:56.812+0000] {subprocess.py:93} INFO - 	at scala.concurrent.impl.Promise$DefaultPromise.tryComplete(Promise.scala:288)
[2026-08-12T21:23:56.828+0000] {subprocess.py:93} INFO - 	at scala.concurrent.Promise.complete(Promise.scala:53)
[2026-08-12T21:23:56.931+0000] {subprocess.py:93} INFO - 	at scala.concurrent.Promise.complete$(Promise.scala:52)
[2026-08-12T21:23:56.942+0000] {subprocess.py:93} INFO - 	at scala.concurrent.impl.Promise$DefaultPromise.complete(Promise.scala:187)
[2026-08-12T21:23:56.966+0000] {subprocess.py:93} INFO - 	at scala.concurrent.impl.Promise.$anonfun$transform$1(Promise.scala:33)
[2026-08-12T21:23:57.046+0000] {subprocess.py:93} INFO - 	at scala.concurrent.impl.CallbackRunnable.run(Promise.scala:64)
[2026-08-12T21:23:57.054+0000] {subprocess.py:93} INFO - 	at scala.concurrent.BatchingExecutor$Batch.processBatch$1(BatchingExecutor.scala:67)
[2026-08-12T21:23:57.063+0000] {subprocess.py:93} INFO - 	at scala.concurrent.BatchingExecutor$Batch.$anonfun$run$1(BatchingExecutor.scala:82)
[2026-08-12T21:23:57.081+0000] {subprocess.py:93} INFO - 	at scala.runtime.java8.JFunction0$mcV$sp.apply(JFunction0$mcV$sp.java:23)
[2026-08-12T21:23:57.098+0000] {subprocess.py:93} INFO - 	at scala.concurrent.BlockContext$.withBlockContext(BlockContext.scala:85)
[2026-08-12T21:23:57.103+0000] {subprocess.py:93} INFO - 	at scala.concurrent.BatchingExecutor$Batch.run(BatchingExecutor.scala:59)
[2026-08-12T21:23:57.110+0000] {subprocess.py:93} INFO - 	at scala.concurrent.Future$InternalCallbackExecutor$.unbatchedExecute(Future.scala:875)
[2026-08-12T21:23:57.117+0000] {subprocess.py:93} INFO - 	at scala.concurrent.BatchingExecutor.execute(BatchingExecutor.scala:110)
[2026-08-12T21:23:57.121+0000] {subprocess.py:93} INFO - 	at scala.concurrent.BatchingExecutor.execute$(BatchingExecutor.scala:107)
[2026-08-12T21:23:57.132+0000] {subprocess.py:93} INFO - 	at scala.concurrent.Future$InternalCallbackExecutor$.execute(Future.scala:873)
[2026-08-12T21:23:57.145+0000] {subprocess.py:93} INFO - 	at scala.concurrent.impl.CallbackRunnable.executeWithValue(Promise.scala:72)
[2026-08-12T21:23:57.154+0000] {subprocess.py:93} INFO - 	at scala.concurrent.impl.Promise$DefaultPromise.$anonfun$tryComplete$1(Promise.scala:288)
[2026-08-12T21:23:57.170+0000] {subprocess.py:93} INFO - 	at scala.concurrent.impl.Promise$DefaultPromise.$anonfun$tryComplete$1$adapted(Promise.scala:288)
[2026-08-12T21:23:57.186+0000] {subprocess.py:93} INFO - 	at scala.concurrent.impl.Promise$DefaultPromise.tryComplete(Promise.scala:288)
[2026-08-12T21:23:57.199+0000] {subprocess.py:93} INFO - 	at scala.concurrent.Promise.trySuccess(Promise.scala:94)
[2026-08-12T21:23:57.203+0000] {subprocess.py:93} INFO - 	at scala.concurrent.Promise.trySuccess$(Promise.scala:94)
[2026-08-12T21:23:57.214+0000] {subprocess.py:93} INFO - 	at scala.concurrent.impl.Promise$DefaultPromise.trySuccess(Promise.scala:187)
[2026-08-12T21:23:57.229+0000] {subprocess.py:93} INFO - 	at org.apache.spark.rpc.netty.NettyRpcEnv.onSuccess$1(NettyRpcEnv.scala:225)
[2026-08-12T21:23:57.245+0000] {subprocess.py:93} INFO - 	at org.apache.spark.rpc.netty.NettyRpcEnv.$anonfun$askAbortable$5(NettyRpcEnv.scala:239)
[2026-08-12T21:23:57.251+0000] {subprocess.py:93} INFO - 	at org.apache.spark.rpc.netty.NettyRpcEnv.$anonfun$askAbortable$5$adapted(NettyRpcEnv.scala:238)
[2026-08-12T21:23:57.259+0000] {subprocess.py:93} INFO - 	at scala.concurrent.impl.CallbackRunnable.run(Promise.scala:64)
[2026-08-12T21:23:57.266+0000] {subprocess.py:93} INFO - 	at org.apache.spark.util.ThreadUtils$$anon$1.execute(ThreadUtils.scala:99)
[2026-08-12T21:23:57.269+0000] {subprocess.py:93} INFO - 	at scala.concurrent.impl.ExecutionContextImpl$$anon$4.execute(ExecutionContextImpl.scala:138)
[2026-08-12T21:23:57.274+0000] {subprocess.py:93} INFO - 	at scala.concurrent.impl.CallbackRunnable.executeWithValue(Promise.scala:72)
[2026-08-12T21:23:57.282+0000] {subprocess.py:93} INFO - 	at scala.concurrent.impl.Promise$DefaultPromise.$anonfun$tryComplete$1(Promise.scala:288)
[2026-08-12T21:23:57.311+0000] {subprocess.py:93} INFO - 	at scala.concurrent.impl.Promise$DefaultPromise.$anonfun$tryComplete$1$adapted(Promise.scala:288)
[2026-08-12T21:23:57.318+0000] {subprocess.py:93} INFO - 	at scala.concurrent.impl.Promise$DefaultPromise.tryComplete(Promise.scala:288)
[2026-08-12T21:23:57.321+0000] {subprocess.py:93} INFO - 	at scala.concurrent.Promise.complete(Promise.scala:53)
[2026-08-12T21:23:57.334+0000] {subprocess.py:93} INFO - 	at scala.concurrent.Promise.complete$(Promise.scala:52)
[2026-08-12T21:23:57.336+0000] {subprocess.py:93} INFO - 	at scala.concurrent.impl.Promise$DefaultPromise.complete(Promise.scala:187)
[2026-08-12T21:23:57.354+0000] {subprocess.py:93} INFO - 	at scala.concurrent.Promise.success(Promise.scala:86)
[2026-08-12T21:23:57.361+0000] {subprocess.py:93} INFO - 	at scala.concurrent.Promise.success$(Promise.scala:86)
[2026-08-12T21:23:57.365+0000] {subprocess.py:93} INFO - 	at scala.concurrent.impl.Promise$DefaultPromise.success(Promise.scala:187)
[2026-08-12T21:23:57.374+0000] {subprocess.py:93} INFO - 	at org.apache.spark.rpc.netty.LocalNettyRpcCallContext.send(NettyRpcCallContext.scala:50)
[2026-08-12T21:23:57.388+0000] {subprocess.py:93} INFO - 	at org.apache.spark.rpc.netty.NettyRpcCallContext.reply(NettyRpcCallContext.scala:32)
[2026-08-12T21:23:57.402+0000] {subprocess.py:93} INFO - 	at org.apache.spark.rpc.netty.RpcEndpointVerifier$$anonfun$receiveAndReply$1.applyOrElse(RpcEndpointVerifier.scala:31)
[2026-08-12T21:23:57.405+0000] {subprocess.py:93} INFO - 	... 8 more
[2026-08-12T21:23:57.423+0000] {subprocess.py:93} INFO - 26/08/12 21:23:40 WARN Executor: Issue communicating with driver in heartbeater
[2026-08-12T21:23:57.426+0000] {subprocess.py:93} INFO - org.apache.spark.SparkException: Exception thrown in awaitResult:
[2026-08-12T21:23:57.446+0000] {subprocess.py:93} INFO - 	at org.apache.spark.util.SparkThreadUtils$.awaitResult(SparkThreadUtils.scala:56)
[2026-08-12T21:23:57.468+0000] {subprocess.py:93} INFO - 	at org.apache.spark.util.ThreadUtils$.awaitResult(ThreadUtils.scala:310)
[2026-08-12T21:23:57.482+0000] {subprocess.py:93} INFO - 	at org.apache.spark.rpc.RpcTimeout.awaitResult(RpcTimeout.scala:75)
[2026-08-12T21:23:57.485+0000] {subprocess.py:93} INFO - 	at org.apache.spark.rpc.RpcEndpointRef.askSync(RpcEndpointRef.scala:101)
[2026-08-12T21:23:57.503+0000] {subprocess.py:93} INFO - 	at org.apache.spark.rpc.RpcEndpointRef.askSync(RpcEndpointRef.scala:85)
[2026-08-12T21:23:57.514+0000] {subprocess.py:93} INFO - 	at org.apache.spark.storage.BlockManagerMaster.registerBlockManager(BlockManagerMaster.scala:80)
[2026-08-12T21:23:57.524+0000] {subprocess.py:93} INFO - 	at org.apache.spark.storage.BlockManager.reregister(BlockManager.scala:642)
[2026-08-12T21:23:57.531+0000] {subprocess.py:93} INFO - 	at org.apache.spark.executor.Executor.reportHeartBeat(Executor.scala:1223)
[2026-08-12T21:23:57.539+0000] {subprocess.py:93} INFO - 	at org.apache.spark.executor.Executor.$anonfun$heartbeater$1(Executor.scala:295)
[2026-08-12T21:23:57.570+0000] {subprocess.py:93} INFO - 	at scala.runtime.java8.JFunction0$mcV$sp.apply(JFunction0$mcV$sp.java:23)
[2026-08-12T21:23:57.586+0000] {subprocess.py:93} INFO - 	at org.apache.spark.util.Utils$.logUncaughtExceptions(Utils.scala:1928)
[2026-08-12T21:23:57.590+0000] {subprocess.py:93} INFO - 	at org.apache.spark.Heartbeater$$anon$1.run(Heartbeater.scala:46)
[2026-08-12T21:23:57.597+0000] {subprocess.py:93} INFO - 	at java.base/java.util.concurrent.Executors$RunnableAdapter.call(Executors.java:539)
[2026-08-12T21:23:57.620+0000] {subprocess.py:93} INFO - 	at java.base/java.util.concurrent.FutureTask.runAndReset(FutureTask.java:305)
[2026-08-12T21:23:57.637+0000] {subprocess.py:93} INFO - 	at java.base/java.util.concurrent.ScheduledThreadPoolExecutor$ScheduledFutureTask.run(ScheduledThreadPoolExecutor.java:305)
[2026-08-12T21:23:57.663+0000] {subprocess.py:93} INFO - 	at java.base/java.util.concurrent.ThreadPoolExecutor.runWorker(ThreadPoolExecutor.java:1136)
[2026-08-12T21:23:57.669+0000] {subprocess.py:93} INFO - 	at java.base/java.util.concurrent.ThreadPoolExecutor$Worker.run(ThreadPoolExecutor.java:635)
[2026-08-12T21:23:57.679+0000] {subprocess.py:93} INFO - 	at java.base/java.lang.Thread.run(Thread.java:840)
[2026-08-12T21:23:57.687+0000] {subprocess.py:93} INFO - Caused by: org.apache.spark.SparkException: Exception thrown in awaitResult:
[2026-08-12T21:23:57.692+0000] {subprocess.py:93} INFO - 	at org.apache.spark.util.SparkThreadUtils$.awaitResult(SparkThreadUtils.scala:56)
[2026-08-12T21:23:57.696+0000] {subprocess.py:93} INFO - 	at org.apache.spark.util.ThreadUtils$.awaitResult(ThreadUtils.scala:310)
[2026-08-12T21:23:57.698+0000] {subprocess.py:93} INFO - 	at org.apache.spark.rpc.RpcTimeout.awaitResult(RpcTimeout.scala:75)
[2026-08-12T21:23:57.715+0000] {subprocess.py:93} INFO - 	at org.apache.spark.rpc.RpcEnv.setupEndpointRefByURI(RpcEnv.scala:102)
[2026-08-12T21:23:57.732+0000] {subprocess.py:93} INFO - 	at org.apache.spark.rpc.RpcEnv.setupEndpointRef(RpcEnv.scala:110)
[2026-08-12T21:23:57.741+0000] {subprocess.py:93} INFO - 	at org.apache.spark.util.RpcUtils$.makeDriverRef(RpcUtils.scala:36)
[2026-08-12T21:23:57.747+0000] {subprocess.py:93} INFO - 	at org.apache.spark.storage.BlockManagerMasterEndpoint.driverEndpoint$lzycompute(BlockManagerMasterEndpoint.scala:124)
[2026-08-12T21:23:57.757+0000] {subprocess.py:93} INFO - 	at org.apache.spark.storage.BlockManagerMasterEndpoint.org$apache$spark$storage$BlockManagerMasterEndpoint$$driverEndpoint(BlockManagerMasterEndpoint.scala:123)
[2026-08-12T21:23:57.767+0000] {subprocess.py:93} INFO - 	at org.apache.spark.storage.BlockManagerMasterEndpoint.isExecutorAlive$lzycompute$1(BlockManagerMasterEndpoint.scala:688)
[2026-08-12T21:23:57.770+0000] {subprocess.py:93} INFO - 	at org.apache.spark.storage.BlockManagerMasterEndpoint.isExecutorAlive$1(BlockManagerMasterEndpoint.scala:687)
[2026-08-12T21:23:57.784+0000] {subprocess.py:93} INFO - 	at org.apache.spark.storage.BlockManagerMasterEndpoint.org$apache$spark$storage$BlockManagerMasterEndpoint$$register(BlockManagerMasterEndpoint.scala:725)
[2026-08-12T21:23:57.787+0000] {subprocess.py:93} INFO - 	at org.apache.spark.storage.BlockManagerMasterEndpoint$$anonfun$receiveAndReply$1.applyOrElse(BlockManagerMasterEndpoint.scala:133)
[2026-08-12T21:23:57.794+0000] {subprocess.py:93} INFO - 	at org.apache.spark.rpc.netty.Inbox.$anonfun$process$1(Inbox.scala:103)
[2026-08-12T21:23:57.822+0000] {subprocess.py:93} INFO - 	at org.apache.spark.rpc.netty.Inbox.safelyCall(Inbox.scala:213)
[2026-08-12T21:23:57.858+0000] {subprocess.py:93} INFO - 	at org.apache.spark.rpc.netty.Inbox.process(Inbox.scala:100)
[2026-08-12T21:23:57.912+0000] {subprocess.py:93} INFO - 	at org.apache.spark.rpc.netty.MessageLoop.org$apache$spark$rpc$netty$MessageLoop$$receiveLoop(MessageLoop.scala:75)
[2026-08-12T21:23:57.927+0000] {subprocess.py:93} INFO - 	at org.apache.spark.rpc.netty.MessageLoop$$anon$1.run(MessageLoop.scala:41)
[2026-08-12T21:23:57.939+0000] {subprocess.py:93} INFO - 	... 3 more
[2026-08-12T21:23:57.956+0000] {subprocess.py:93} INFO - Caused by: org.apache.spark.rpc.RpcEndpointNotFoundException: Cannot find endpoint: spark://CoarseGrainedScheduler@4099a95615c9:36011
[2026-08-12T21:23:57.962+0000] {subprocess.py:93} INFO - 	at org.apache.spark.rpc.netty.NettyRpcEnv.$anonfun$asyncSetupEndpointRefByURI$1(NettyRpcEnv.scala:148)
[2026-08-12T21:23:57.977+0000] {subprocess.py:93} INFO - 	at org.apache.spark.rpc.netty.NettyRpcEnv.$anonfun$asyncSetupEndpointRefByURI$1$adapted(NettyRpcEnv.scala:144)
[2026-08-12T21:23:57.989+0000] {subprocess.py:93} INFO - 	at scala.concurrent.Future.$anonfun$flatMap$1(Future.scala:307)
[2026-08-12T21:23:58.010+0000] {subprocess.py:93} INFO - 	at scala.concurrent.impl.Promise.$anonfun$transformWith$1(Promise.scala:41)
[2026-08-12T21:23:58.030+0000] {subprocess.py:93} INFO - 	at scala.concurrent.impl.CallbackRunnable.run(Promise.scala:64)
[2026-08-12T21:23:58.046+0000] {subprocess.py:93} INFO - 	at org.apache.spark.util.ThreadUtils$$anon$1.execute(ThreadUtils.scala:99)
[2026-08-12T21:23:58.050+0000] {subprocess.py:93} INFO - 	at scala.concurrent.impl.ExecutionContextImpl$$anon$4.execute(ExecutionContextImpl.scala:138)
[2026-08-12T21:23:58.065+0000] {subprocess.py:93} INFO - 	at scala.concurrent.impl.CallbackRunnable.executeWithValue(Promise.scala:72)
[2026-08-12T21:23:58.071+0000] {subprocess.py:93} INFO - 	at scala.concurrent.impl.Promise$DefaultPromise.dispatchOrAddCallback(Promise.scala:316)
[2026-08-12T21:23:58.088+0000] {subprocess.py:93} INFO - 	at scala.concurrent.impl.Promise$DefaultPromise.onComplete(Promise.scala:307)
[2026-08-12T21:23:58.106+0000] {subprocess.py:93} INFO - 	at scala.concurrent.impl.Promise.transformWith(Promise.scala:40)
[2026-08-12T21:23:58.144+0000] {subprocess.py:93} INFO - 	at scala.concurrent.impl.Promise.transformWith$(Promise.scala:38)
[2026-08-12T21:23:58.203+0000] {subprocess.py:93} INFO - 	at scala.concurrent.impl.Promise$DefaultPromise.transformWith(Promise.scala:187)
[2026-08-12T21:23:58.294+0000] {subprocess.py:93} INFO - 	at scala.concurrent.Future.flatMap(Future.scala:306)
[2026-08-12T21:23:58.352+0000] {subprocess.py:93} INFO - 	at scala.concurrent.Future.flatMap$(Future.scala:306)
[2026-08-12T21:23:58.379+0000] {subprocess.py:93} INFO - 	at scala.concurrent.impl.Promise$DefaultPromise.flatMap(Promise.scala:187)
[2026-08-12T21:23:58.402+0000] {subprocess.py:93} INFO - 	at org.apache.spark.rpc.netty.NettyRpcEnv.asyncSetupEndpointRefByURI(NettyRpcEnv.scala:150)
[2026-08-12T21:23:58.434+0000] {subprocess.py:93} INFO - 	... 17 more
[2026-08-12T21:23:58.443+0000] {subprocess.py:93} INFO - 26/08/12 21:23:40 ERROR Inbox: Ignoring error
[2026-08-12T21:23:58.473+0000] {subprocess.py:93} INFO - org.apache.spark.SparkException: Exception thrown in awaitResult:
[2026-08-12T21:23:58.481+0000] {subprocess.py:93} INFO - 	at org.apache.spark.util.SparkThreadUtils$.awaitResult(SparkThreadUtils.scala:56)
[2026-08-12T21:23:58.488+0000] {subprocess.py:93} INFO - 	at org.apache.spark.util.ThreadUtils$.awaitResult(ThreadUtils.scala:310)
[2026-08-12T21:23:58.495+0000] {subprocess.py:93} INFO - 	at org.apache.spark.rpc.RpcTimeout.awaitResult(RpcTimeout.scala:75)
[2026-08-12T21:23:58.506+0000] {subprocess.py:93} INFO - 	at org.apache.spark.rpc.RpcEnv.setupEndpointRefByURI(RpcEnv.scala:102)
[2026-08-12T21:23:58.513+0000] {subprocess.py:93} INFO - 	at org.apache.spark.rpc.RpcEnv.setupEndpointRef(RpcEnv.scala:110)
[2026-08-12T21:23:58.563+0000] {subprocess.py:93} INFO - 	at org.apache.spark.util.RpcUtils$.makeDriverRef(RpcUtils.scala:36)
[2026-08-12T21:23:58.576+0000] {subprocess.py:93} INFO - 	at org.apache.spark.storage.BlockManagerMasterEndpoint.driverEndpoint$lzycompute(BlockManagerMasterEndpoint.scala:124)
[2026-08-12T21:23:58.594+0000] {subprocess.py:93} INFO - 	at org.apache.spark.storage.BlockManagerMasterEndpoint.org$apache$spark$storage$BlockManagerMasterEndpoint$$driverEndpoint(BlockManagerMasterEndpoint.scala:123)
[2026-08-12T21:23:58.642+0000] {subprocess.py:93} INFO - 	at org.apache.spark.storage.BlockManagerMasterEndpoint.isExecutorAlive$lzycompute$1(BlockManagerMasterEndpoint.scala:688)
[2026-08-12T21:23:58.645+0000] {subprocess.py:93} INFO - 	at org.apache.spark.storage.BlockManagerMasterEndpoint.isExecutorAlive$1(BlockManagerMasterEndpoint.scala:687)
[2026-08-12T21:23:58.650+0000] {subprocess.py:93} INFO - 	at org.apache.spark.storage.BlockManagerMasterEndpoint.org$apache$spark$storage$BlockManagerMasterEndpoint$$register(BlockManagerMasterEndpoint.scala:725)
[2026-08-12T21:23:58.686+0000] {subprocess.py:93} INFO - 	at org.apache.spark.storage.BlockManagerMasterEndpoint$$anonfun$receiveAndReply$1.applyOrElse(BlockManagerMasterEndpoint.scala:133)
[2026-08-12T21:23:58.693+0000] {subprocess.py:93} INFO - 	at org.apache.spark.rpc.netty.Inbox.$anonfun$process$1(Inbox.scala:103)
[2026-08-12T21:23:58.702+0000] {subprocess.py:93} INFO - 	at org.apache.spark.rpc.netty.Inbox.safelyCall(Inbox.scala:213)
[2026-08-12T21:23:58.731+0000] {subprocess.py:93} INFO - 	at org.apache.spark.rpc.netty.Inbox.process(Inbox.scala:100)
[2026-08-12T21:23:58.758+0000] {subprocess.py:93} INFO - 	at org.apache.spark.rpc.netty.MessageLoop.org$apache$spark$rpc$netty$MessageLoop$$receiveLoop(MessageLoop.scala:75)
[2026-08-12T21:23:58.764+0000] {subprocess.py:93} INFO - 	at org.apache.spark.rpc.netty.MessageLoop$$anon$1.run(MessageLoop.scala:41)
[2026-08-12T21:23:58.792+0000] {subprocess.py:93} INFO - 	at java.base/java.util.concurrent.ThreadPoolExecutor.runWorker(ThreadPoolExecutor.java:1136)
[2026-08-12T21:23:58.808+0000] {subprocess.py:93} INFO - 	at java.base/java.util.concurrent.ThreadPoolExecutor$Worker.run(ThreadPoolExecutor.java:635)
[2026-08-12T21:23:58.840+0000] {subprocess.py:93} INFO - 	at java.base/java.lang.Thread.run(Thread.java:840)
[2026-08-12T21:23:58.857+0000] {subprocess.py:93} INFO - Caused by: org.apache.spark.rpc.RpcEndpointNotFoundException: Cannot find endpoint: spark://CoarseGrainedScheduler@4099a95615c9:36011
[2026-08-12T21:23:58.902+0000] {subprocess.py:93} INFO - 	at org.apache.spark.rpc.netty.NettyRpcEnv.$anonfun$asyncSetupEndpointRefByURI$1(NettyRpcEnv.scala:148)
[2026-08-12T21:23:58.924+0000] {subprocess.py:93} INFO - 	at org.apache.spark.rpc.netty.NettyRpcEnv.$anonfun$asyncSetupEndpointRefByURI$1$adapted(NettyRpcEnv.scala:144)
[2026-08-12T21:23:58.943+0000] {subprocess.py:93} INFO - 	at scala.concurrent.Future.$anonfun$flatMap$1(Future.scala:307)
[2026-08-12T21:23:58.962+0000] {subprocess.py:93} INFO - 	at scala.concurrent.impl.Promise.$anonfun$transformWith$1(Promise.scala:41)
[2026-08-12T21:23:58.970+0000] {subprocess.py:93} INFO - 	at scala.concurrent.impl.CallbackRunnable.run(Promise.scala:64)
[2026-08-12T21:23:58.986+0000] {subprocess.py:93} INFO - 	at org.apache.spark.util.ThreadUtils$$anon$1.execute(ThreadUtils.scala:99)
[2026-08-12T21:23:58.989+0000] {subprocess.py:93} INFO - 	at scala.concurrent.impl.ExecutionContextImpl$$anon$4.execute(ExecutionContextImpl.scala:138)
[2026-08-12T21:23:58.995+0000] {subprocess.py:93} INFO - 	at scala.concurrent.impl.CallbackRunnable.executeWithValue(Promise.scala:72)
[2026-08-12T21:23:59.013+0000] {subprocess.py:93} INFO - 	at scala.concurrent.impl.Promise$DefaultPromise.dispatchOrAddCallback(Promise.scala:316)
[2026-08-12T21:23:59.021+0000] {subprocess.py:93} INFO - 	at scala.concurrent.impl.Promise$DefaultPromise.onComplete(Promise.scala:307)
[2026-08-12T21:23:59.037+0000] {subprocess.py:93} INFO - 	at scala.concurrent.impl.Promise.transformWith(Promise.scala:40)
[2026-08-12T21:23:59.044+0000] {subprocess.py:93} INFO - 	at scala.concurrent.impl.Promise.transformWith$(Promise.scala:38)
[2026-08-12T21:23:59.062+0000] {subprocess.py:93} INFO - 	at scala.concurrent.impl.Promise$DefaultPromise.transformWith(Promise.scala:187)
[2026-08-12T21:23:59.066+0000] {subprocess.py:93} INFO - 	at scala.concurrent.Future.flatMap(Future.scala:306)
[2026-08-12T21:23:59.080+0000] {subprocess.py:93} INFO - 	at scala.concurrent.Future.flatMap$(Future.scala:306)
[2026-08-12T21:23:59.098+0000] {subprocess.py:93} INFO - 	at scala.concurrent.impl.Promise$DefaultPromise.flatMap(Promise.scala:187)
[2026-08-12T21:23:59.127+0000] {subprocess.py:93} INFO - 	at org.apache.spark.rpc.netty.NettyRpcEnv.asyncSetupEndpointRefByURI(NettyRpcEnv.scala:150)
[2026-08-12T21:23:59.132+0000] {subprocess.py:93} INFO - 	... 17 more
[2026-08-12T21:23:59.165+0000] {subprocess.py:93} INFO - 26/08/12 21:23:43 ERROR Inbox: Ignoring error
[2026-08-12T21:23:59.174+0000] {subprocess.py:93} INFO - org.apache.spark.SparkException: Exception thrown in awaitResult:
[2026-08-12T21:23:59.243+0000] {subprocess.py:93} INFO - 	at org.apache.spark.util.SparkThreadUtils$.awaitResult(SparkThreadUtils.scala:56)
[2026-08-12T21:23:59.260+0000] {subprocess.py:93} INFO - 	at org.apache.spark.util.ThreadUtils$.awaitResult(ThreadUtils.scala:310)
[2026-08-12T21:23:59.271+0000] {subprocess.py:93} INFO - 	at org.apache.spark.rpc.RpcTimeout.awaitResult(RpcTimeout.scala:75)
[2026-08-12T21:23:59.310+0000] {subprocess.py:93} INFO - 	at org.apache.spark.rpc.RpcEnv.setupEndpointRefByURI(RpcEnv.scala:102)
[2026-08-12T21:23:59.326+0000] {subprocess.py:93} INFO - 	at org.apache.spark.rpc.RpcEnv.setupEndpointRef(RpcEnv.scala:110)
[2026-08-12T21:23:59.363+0000] {subprocess.py:93} INFO - 	at org.apache.spark.util.RpcUtils$.makeDriverRef(RpcUtils.scala:36)
[2026-08-12T21:23:59.370+0000] {subprocess.py:93} INFO - 	at org.apache.spark.storage.BlockManagerMasterEndpoint.driverEndpoint$lzycompute(BlockManagerMasterEndpoint.scala:124)
[2026-08-12T21:23:59.379+0000] {subprocess.py:93} INFO - 	at org.apache.spark.storage.BlockManagerMasterEndpoint.org$apache$spark$storage$BlockManagerMasterEndpoint$$driverEndpoint(BlockManagerMasterEndpoint.scala:123)
[2026-08-12T21:23:59.394+0000] {subprocess.py:93} INFO - 	at org.apache.spark.storage.BlockManagerMasterEndpoint.isExecutorAlive$lzycompute$1(BlockManagerMasterEndpoint.scala:688)
[2026-08-12T21:23:59.401+0000] {subprocess.py:93} INFO - 	at org.apache.spark.storage.BlockManagerMasterEndpoint.isExecutorAlive$1(BlockManagerMasterEndpoint.scala:687)
[2026-08-12T21:23:59.404+0000] {subprocess.py:93} INFO - 	at org.apache.spark.storage.BlockManagerMasterEndpoint.org$apache$spark$storage$BlockManagerMasterEndpoint$$register(BlockManagerMasterEndpoint.scala:725)
[2026-08-12T21:23:59.412+0000] {subprocess.py:93} INFO - 	at org.apache.spark.storage.BlockManagerMasterEndpoint$$anonfun$receiveAndReply$1.applyOrElse(BlockManagerMasterEndpoint.scala:133)
[2026-08-12T21:23:59.421+0000] {subprocess.py:93} INFO - 	at org.apache.spark.rpc.netty.Inbox.$anonfun$process$1(Inbox.scala:103)
[2026-08-12T21:23:59.431+0000] {subprocess.py:93} INFO - 	at org.apache.spark.rpc.netty.Inbox.safelyCall(Inbox.scala:213)
[2026-08-12T21:23:59.435+0000] {subprocess.py:93} INFO - 	at org.apache.spark.rpc.netty.Inbox.process(Inbox.scala:100)
[2026-08-12T21:23:59.470+0000] {subprocess.py:93} INFO - 	at org.apache.spark.rpc.netty.MessageLoop.org$apache$spark$rpc$netty$MessageLoop$$receiveLoop(MessageLoop.scala:75)
[2026-08-12T21:23:59.475+0000] {subprocess.py:93} INFO - 	at org.apache.spark.rpc.netty.MessageLoop$$anon$1.run(MessageLoop.scala:41)
[2026-08-12T21:23:59.506+0000] {subprocess.py:93} INFO - 	at java.base/java.util.concurrent.ThreadPoolExecutor.runWorker(ThreadPoolExecutor.java:1136)
[2026-08-12T21:23:59.564+0000] {subprocess.py:93} INFO - 	at java.base/java.util.concurrent.ThreadPoolExecutor$Worker.run(ThreadPoolExecutor.java:635)
[2026-08-12T21:23:59.581+0000] {subprocess.py:93} INFO - 	at java.base/java.lang.Thread.run(Thread.java:840)
[2026-08-12T21:23:59.615+0000] {subprocess.py:93} INFO - Caused by: org.apache.spark.rpc.RpcEndpointNotFoundException: Cannot find endpoint: spark://CoarseGrainedScheduler@4099a95615c9:36011
[2026-08-12T21:23:59.631+0000] {subprocess.py:93} INFO - 	at org.apache.spark.rpc.netty.NettyRpcEnv.$anonfun$asyncSetupEndpointRefByURI$1(NettyRpcEnv.scala:148)
[2026-08-12T21:23:59.690+0000] {subprocess.py:93} INFO - 	at org.apache.spark.rpc.netty.NettyRpcEnv.$anonfun$asyncSetupEndpointRefByURI$1$adapted(NettyRpcEnv.scala:144)
[2026-08-12T21:23:59.698+0000] {subprocess.py:93} INFO - 	at scala.concurrent.Future.$anonfun$flatMap$1(Future.scala:307)
[2026-08-12T21:23:59.822+0000] {subprocess.py:93} INFO - 	at scala.concurrent.impl.Promise.$anonfun$transformWith$1(Promise.scala:41)
[2026-08-12T21:23:59.840+0000] {subprocess.py:93} INFO - 	at scala.concurrent.impl.CallbackRunnable.run(Promise.scala:64)
[2026-08-12T21:24:00.044+0000] {subprocess.py:93} INFO - 	at org.apache.spark.util.ThreadUtils$$anon$1.execute(ThreadUtils.scala:99)
[2026-08-12T21:24:00.059+0000] {subprocess.py:93} INFO - 	at scala.concurrent.impl.ExecutionContextImpl$$anon$4.execute(ExecutionContextImpl.scala:138)
[2026-08-12T21:24:00.079+0000] {subprocess.py:93} INFO - 	at scala.concurrent.impl.CallbackRunnable.executeWithValue(Promise.scala:72)
[2026-08-12T21:24:00.098+0000] {subprocess.py:93} INFO - 	at scala.concurrent.impl.Promise$DefaultPromise.$anonfun$tryComplete$1(Promise.scala:288)
[2026-08-12T21:24:00.147+0000] {subprocess.py:93} INFO - 	at scala.concurrent.impl.Promise$DefaultPromise.$anonfun$tryComplete$1$adapted(Promise.scala:288)
[2026-08-12T21:24:00.280+0000] {subprocess.py:93} INFO - 	at scala.concurrent.impl.Promise$DefaultPromise.tryComplete(Promise.scala:288)
[2026-08-12T21:24:00.299+0000] {subprocess.py:93} INFO - 	at scala.concurrent.Promise.complete(Promise.scala:53)
[2026-08-12T21:24:00.314+0000] {subprocess.py:93} INFO - 	at scala.concurrent.Promise.complete$(Promise.scala:52)
[2026-08-12T21:24:00.325+0000] {subprocess.py:93} INFO - 	at scala.concurrent.impl.Promise$DefaultPromise.complete(Promise.scala:187)
[2026-08-12T21:24:00.338+0000] {subprocess.py:93} INFO - 	at scala.concurrent.impl.Promise.$anonfun$transform$1(Promise.scala:33)
[2026-08-12T21:24:00.347+0000] {subprocess.py:93} INFO - 	at scala.concurrent.impl.CallbackRunnable.run(Promise.scala:64)
[2026-08-12T21:24:00.367+0000] {subprocess.py:93} INFO - 	at org.apache.spark.util.ThreadUtils$$anon$1.execute(ThreadUtils.scala:99)
[2026-08-12T21:24:00.386+0000] {subprocess.py:93} INFO - 	at scala.concurrent.impl.ExecutionContextImpl$$anon$4.execute(ExecutionContextImpl.scala:138)
[2026-08-12T21:24:00.419+0000] {subprocess.py:93} INFO - 	at scala.concurrent.impl.CallbackRunnable.executeWithValue(Promise.scala:72)
[2026-08-12T21:24:00.434+0000] {subprocess.py:93} INFO - 	at scala.concurrent.impl.Promise$DefaultPromise.$anonfun$tryComplete$1(Promise.scala:288)
[2026-08-12T21:24:00.437+0000] {subprocess.py:93} INFO - 	at scala.concurrent.impl.Promise$DefaultPromise.$anonfun$tryComplete$1$adapted(Promise.scala:288)
[2026-08-12T21:24:00.440+0000] {subprocess.py:93} INFO - 	at scala.concurrent.impl.Promise$DefaultPromise.tryComplete(Promise.scala:288)
[2026-08-12T21:24:00.462+0000] {subprocess.py:93} INFO - 	at scala.concurrent.Promise.complete(Promise.scala:53)
[2026-08-12T21:24:00.467+0000] {subprocess.py:93} INFO - 	at scala.concurrent.Promise.complete$(Promise.scala:52)
[2026-08-12T21:24:00.478+0000] {subprocess.py:93} INFO - 	at scala.concurrent.impl.Promise$DefaultPromise.complete(Promise.scala:187)
[2026-08-12T21:24:00.483+0000] {subprocess.py:93} INFO - 	at scala.concurrent.impl.Promise.$anonfun$transform$1(Promise.scala:33)
[2026-08-12T21:24:00.499+0000] {subprocess.py:93} INFO - 	at scala.concurrent.impl.CallbackRunnable.run(Promise.scala:64)
[2026-08-12T21:24:00.506+0000] {subprocess.py:93} INFO - 	at scala.concurrent.BatchingExecutor$Batch.processBatch$1(BatchingExecutor.scala:67)
[2026-08-12T21:24:00.522+0000] {subprocess.py:93} INFO - 	at scala.concurrent.BatchingExecutor$Batch.$anonfun$run$1(BatchingExecutor.scala:82)
[2026-08-12T21:24:00.525+0000] {subprocess.py:93} INFO - 	at scala.runtime.java8.JFunction0$mcV$sp.apply(JFunction0$mcV$sp.java:23)
[2026-08-12T21:24:00.536+0000] {subprocess.py:93} INFO - 	at scala.concurrent.BlockContext$.withBlockContext(BlockContext.scala:85)
[2026-08-12T21:24:00.540+0000] {subprocess.py:93} INFO - 	at scala.concurrent.BatchingExecutor$Batch.run(BatchingExecutor.scala:59)
[2026-08-12T21:24:00.552+0000] {subprocess.py:93} INFO - 	at scala.concurrent.Future$InternalCallbackExecutor$.unbatchedExecute(Future.scala:875)
[2026-08-12T21:24:00.558+0000] {subprocess.py:93} INFO - 	at scala.concurrent.BatchingExecutor.execute(BatchingExecutor.scala:110)
[2026-08-12T21:24:00.561+0000] {subprocess.py:93} INFO - 	at scala.concurrent.BatchingExecutor.execute$(BatchingExecutor.scala:107)
[2026-08-12T21:24:00.570+0000] {subprocess.py:93} INFO - 	at scala.concurrent.Future$InternalCallbackExecutor$.execute(Future.scala:873)
[2026-08-12T21:24:00.613+0000] {subprocess.py:93} INFO - 	at scala.concurrent.impl.CallbackRunnable.executeWithValue(Promise.scala:72)
[2026-08-12T21:24:00.619+0000] {subprocess.py:93} INFO - 	at scala.concurrent.impl.Promise$DefaultPromise.$anonfun$tryComplete$1(Promise.scala:288)
[2026-08-12T21:24:00.625+0000] {subprocess.py:93} INFO - 	at scala.concurrent.impl.Promise$DefaultPromise.$anonfun$tryComplete$1$adapted(Promise.scala:288)
[2026-08-12T21:24:00.632+0000] {subprocess.py:93} INFO - 	at scala.concurrent.impl.Promise$DefaultPromise.tryComplete(Promise.scala:288)
[2026-08-12T21:24:00.653+0000] {subprocess.py:93} INFO - 	at scala.concurrent.Promise.trySuccess(Promise.scala:94)
[2026-08-12T21:24:00.657+0000] {subprocess.py:93} INFO - 	at scala.concurrent.Promise.trySuccess$(Promise.scala:94)
[2026-08-12T21:24:00.712+0000] {subprocess.py:93} INFO - 	at scala.concurrent.impl.Promise$DefaultPromise.trySuccess(Promise.scala:187)
[2026-08-12T21:24:00.748+0000] {subprocess.py:93} INFO - 	at org.apache.spark.rpc.netty.NettyRpcEnv.onSuccess$1(NettyRpcEnv.scala:225)
[2026-08-12T21:24:00.772+0000] {subprocess.py:93} INFO - 	at org.apache.spark.rpc.netty.NettyRpcEnv.$anonfun$askAbortable$5(NettyRpcEnv.scala:239)
[2026-08-12T21:24:00.779+0000] {subprocess.py:93} INFO - 	at org.apache.spark.rpc.netty.NettyRpcEnv.$anonfun$askAbortable$5$adapted(NettyRpcEnv.scala:238)
[2026-08-12T21:24:00.792+0000] {subprocess.py:93} INFO - 	at scala.concurrent.impl.CallbackRunnable.run(Promise.scala:64)
[2026-08-12T21:24:00.813+0000] {subprocess.py:93} INFO - 	at org.apache.spark.util.ThreadUtils$$anon$1.execute(ThreadUtils.scala:99)
[2026-08-12T21:24:00.825+0000] {subprocess.py:93} INFO - 	at scala.concurrent.impl.ExecutionContextImpl$$anon$4.execute(ExecutionContextImpl.scala:138)
[2026-08-12T21:24:00.832+0000] {subprocess.py:93} INFO - 	at scala.concurrent.impl.CallbackRunnable.executeWithValue(Promise.scala:72)
[2026-08-12T21:24:00.841+0000] {subprocess.py:93} INFO - 	at scala.concurrent.impl.Promise$DefaultPromise.$anonfun$tryComplete$1(Promise.scala:288)
[2026-08-12T21:24:00.845+0000] {subprocess.py:93} INFO - 	at scala.concurrent.impl.Promise$DefaultPromise.$anonfun$tryComplete$1$adapted(Promise.scala:288)
[2026-08-12T21:24:00.850+0000] {subprocess.py:93} INFO - 	at scala.concurrent.impl.Promise$DefaultPromise.tryComplete(Promise.scala:288)
[2026-08-12T21:24:00.860+0000] {subprocess.py:93} INFO - 	at scala.concurrent.Promise.complete(Promise.scala:53)
[2026-08-12T21:24:00.874+0000] {subprocess.py:93} INFO - 	at scala.concurrent.Promise.complete$(Promise.scala:52)
[2026-08-12T21:24:00.886+0000] {subprocess.py:93} INFO - 	at scala.concurrent.impl.Promise$DefaultPromise.complete(Promise.scala:187)
[2026-08-12T21:24:00.891+0000] {subprocess.py:93} INFO - 	at scala.concurrent.Promise.success(Promise.scala:86)
[2026-08-12T21:24:00.900+0000] {subprocess.py:93} INFO - 	at scala.concurrent.Promise.success$(Promise.scala:86)
[2026-08-12T21:24:00.910+0000] {subprocess.py:93} INFO - 	at scala.concurrent.impl.Promise$DefaultPromise.success(Promise.scala:187)
[2026-08-12T21:24:00.915+0000] {subprocess.py:93} INFO - 	at org.apache.spark.rpc.netty.LocalNettyRpcCallContext.send(NettyRpcCallContext.scala:50)
[2026-08-12T21:24:00.931+0000] {subprocess.py:93} INFO - 	at org.apache.spark.rpc.netty.NettyRpcCallContext.reply(NettyRpcCallContext.scala:32)
[2026-08-12T21:24:00.938+0000] {subprocess.py:93} INFO - 	at org.apache.spark.rpc.netty.RpcEndpointVerifier$$anonfun$receiveAndReply$1.applyOrElse(RpcEndpointVerifier.scala:31)
[2026-08-12T21:24:00.955+0000] {subprocess.py:93} INFO - 	... 8 more
[2026-08-12T21:24:00.966+0000] {subprocess.py:93} INFO - 26/08/12 21:23:43 WARN Executor: Issue communicating with driver in heartbeater
[2026-08-12T21:24:00.978+0000] {subprocess.py:93} INFO - org.apache.spark.SparkException: Exception thrown in awaitResult:
[2026-08-12T21:24:00.983+0000] {subprocess.py:93} INFO - 	at org.apache.spark.util.SparkThreadUtils$.awaitResult(SparkThreadUtils.scala:56)
[2026-08-12T21:24:00.987+0000] {subprocess.py:93} INFO - 	at org.apache.spark.util.ThreadUtils$.awaitResult(ThreadUtils.scala:310)
[2026-08-12T21:24:01.007+0000] {subprocess.py:93} INFO - 	at org.apache.spark.rpc.RpcTimeout.awaitResult(RpcTimeout.scala:75)
[2026-08-12T21:24:01.024+0000] {subprocess.py:93} INFO - 	at org.apache.spark.rpc.RpcEndpointRef.askSync(RpcEndpointRef.scala:101)
[2026-08-12T21:24:01.027+0000] {subprocess.py:93} INFO - 	at org.apache.spark.rpc.RpcEndpointRef.askSync(RpcEndpointRef.scala:85)
[2026-08-12T21:24:01.041+0000] {subprocess.py:93} INFO - 	at org.apache.spark.storage.BlockManagerMaster.registerBlockManager(BlockManagerMaster.scala:80)
[2026-08-12T21:24:01.055+0000] {subprocess.py:93} INFO - 	at org.apache.spark.storage.BlockManager.reregister(BlockManager.scala:642)
[2026-08-12T21:24:01.070+0000] {subprocess.py:93} INFO - 	at org.apache.spark.executor.Executor.reportHeartBeat(Executor.scala:1223)
[2026-08-12T21:24:01.092+0000] {subprocess.py:93} INFO - 	at org.apache.spark.executor.Executor.$anonfun$heartbeater$1(Executor.scala:295)
[2026-08-12T21:24:01.098+0000] {subprocess.py:93} INFO - 	at scala.runtime.java8.JFunction0$mcV$sp.apply(JFunction0$mcV$sp.java:23)
[2026-08-12T21:24:01.106+0000] {subprocess.py:93} INFO - 	at org.apache.spark.util.Utils$.logUncaughtExceptions(Utils.scala:1928)
[2026-08-12T21:24:01.144+0000] {subprocess.py:93} INFO - 	at org.apache.spark.Heartbeater$$anon$1.run(Heartbeater.scala:46)
[2026-08-12T21:24:01.150+0000] {subprocess.py:93} INFO - 	at java.base/java.util.concurrent.Executors$RunnableAdapter.call(Executors.java:539)
[2026-08-12T21:24:01.158+0000] {subprocess.py:93} INFO - 	at java.base/java.util.concurrent.FutureTask.runAndReset(FutureTask.java:305)
[2026-08-12T21:24:01.182+0000] {subprocess.py:93} INFO - 	at java.base/java.util.concurrent.ScheduledThreadPoolExecutor$ScheduledFutureTask.run(ScheduledThreadPoolExecutor.java:305)
[2026-08-12T21:24:01.186+0000] {subprocess.py:93} INFO - 	at java.base/java.util.concurrent.ThreadPoolExecutor.runWorker(ThreadPoolExecutor.java:1136)
[2026-08-12T21:24:01.199+0000] {subprocess.py:93} INFO - 	at java.base/java.util.concurrent.ThreadPoolExecutor$Worker.run(ThreadPoolExecutor.java:635)
[2026-08-12T21:24:01.204+0000] {subprocess.py:93} INFO - 	at java.base/java.lang.Thread.run(Thread.java:840)
[2026-08-12T21:24:01.221+0000] {subprocess.py:93} INFO - Caused by: org.apache.spark.SparkException: Exception thrown in awaitResult:
[2026-08-12T21:24:01.224+0000] {subprocess.py:93} INFO - 	at org.apache.spark.util.SparkThreadUtils$.awaitResult(SparkThreadUtils.scala:56)
[2026-08-12T21:24:01.232+0000] {subprocess.py:93} INFO - 	at org.apache.spark.util.ThreadUtils$.awaitResult(ThreadUtils.scala:310)
[2026-08-12T21:24:01.245+0000] {subprocess.py:93} INFO - 	at org.apache.spark.rpc.RpcTimeout.awaitResult(RpcTimeout.scala:75)
[2026-08-12T21:24:01.250+0000] {subprocess.py:93} INFO - 	at org.apache.spark.rpc.RpcEnv.setupEndpointRefByURI(RpcEnv.scala:102)
[2026-08-12T21:24:01.261+0000] {subprocess.py:93} INFO - 	at org.apache.spark.rpc.RpcEnv.setupEndpointRef(RpcEnv.scala:110)
[2026-08-12T21:24:01.265+0000] {subprocess.py:93} INFO - 	at org.apache.spark.util.RpcUtils$.makeDriverRef(RpcUtils.scala:36)
[2026-08-12T21:24:01.280+0000] {subprocess.py:93} INFO - 	at org.apache.spark.storage.BlockManagerMasterEndpoint.driverEndpoint$lzycompute(BlockManagerMasterEndpoint.scala:124)
[2026-08-12T21:24:01.282+0000] {subprocess.py:93} INFO - 	at org.apache.spark.storage.BlockManagerMasterEndpoint.org$apache$spark$storage$BlockManagerMasterEndpoint$$driverEndpoint(BlockManagerMasterEndpoint.scala:123)
[2026-08-12T21:24:01.290+0000] {subprocess.py:93} INFO - 	at org.apache.spark.storage.BlockManagerMasterEndpoint.isExecutorAlive$lzycompute$1(BlockManagerMasterEndpoint.scala:688)
[2026-08-12T21:24:01.298+0000] {subprocess.py:93} INFO - 	at org.apache.spark.storage.BlockManagerMasterEndpoint.isExecutorAlive$1(BlockManagerMasterEndpoint.scala:687)
[2026-08-12T21:24:01.301+0000] {subprocess.py:93} INFO - 	at org.apache.spark.storage.BlockManagerMasterEndpoint.org$apache$spark$storage$BlockManagerMasterEndpoint$$register(BlockManagerMasterEndpoint.scala:725)
[2026-08-12T21:24:01.317+0000] {subprocess.py:93} INFO - 	at org.apache.spark.storage.BlockManagerMasterEndpoint$$anonfun$receiveAndReply$1.applyOrElse(BlockManagerMasterEndpoint.scala:133)
[2026-08-12T21:24:01.321+0000] {subprocess.py:93} INFO - 	at org.apache.spark.rpc.netty.Inbox.$anonfun$process$1(Inbox.scala:103)
[2026-08-12T21:24:01.325+0000] {subprocess.py:93} INFO - 	at org.apache.spark.rpc.netty.Inbox.safelyCall(Inbox.scala:213)
[2026-08-12T21:24:01.339+0000] {subprocess.py:93} INFO - 	at org.apache.spark.rpc.netty.Inbox.process(Inbox.scala:100)
[2026-08-12T21:24:01.348+0000] {subprocess.py:93} INFO - 	at org.apache.spark.rpc.netty.MessageLoop.org$apache$spark$rpc$netty$MessageLoop$$receiveLoop(MessageLoop.scala:75)
[2026-08-12T21:24:01.364+0000] {subprocess.py:93} INFO - 	at org.apache.spark.rpc.netty.MessageLoop$$anon$1.run(MessageLoop.scala:41)
[2026-08-12T21:24:01.385+0000] {subprocess.py:93} INFO - 	... 3 more
[2026-08-12T21:24:01.396+0000] {subprocess.py:93} INFO - Caused by: org.apache.spark.rpc.RpcEndpointNotFoundException: Cannot find endpoint: spark://CoarseGrainedScheduler@4099a95615c9:36011
[2026-08-12T21:24:01.411+0000] {subprocess.py:93} INFO - 	at org.apache.spark.rpc.netty.NettyRpcEnv.$anonfun$asyncSetupEndpointRefByURI$1(NettyRpcEnv.scala:148)
[2026-08-12T21:24:01.431+0000] {subprocess.py:93} INFO - 	at org.apache.spark.rpc.netty.NettyRpcEnv.$anonfun$asyncSetupEndpointRefByURI$1$adapted(NettyRpcEnv.scala:144)
[2026-08-12T21:24:01.454+0000] {subprocess.py:93} INFO - 	at scala.concurrent.Future.$anonfun$flatMap$1(Future.scala:307)
[2026-08-12T21:24:01.493+0000] {subprocess.py:93} INFO - 	at scala.concurrent.impl.Promise.$anonfun$transformWith$1(Promise.scala:41)
[2026-08-12T21:24:01.543+0000] {subprocess.py:93} INFO - 	at scala.concurrent.impl.CallbackRunnable.run(Promise.scala:64)
[2026-08-12T21:24:01.586+0000] {subprocess.py:93} INFO - 	at org.apache.spark.util.ThreadUtils$$anon$1.execute(ThreadUtils.scala:99)
[2026-08-12T21:24:01.641+0000] {subprocess.py:93} INFO - 	at scala.concurrent.impl.ExecutionContextImpl$$anon$4.execute(ExecutionContextImpl.scala:138)
[2026-08-12T21:24:01.665+0000] {subprocess.py:93} INFO - 	at scala.concurrent.impl.CallbackRunnable.executeWithValue(Promise.scala:72)
[2026-08-12T21:24:01.695+0000] {subprocess.py:93} INFO - 	at scala.concurrent.impl.Promise$DefaultPromise.$anonfun$tryComplete$1(Promise.scala:288)
[2026-08-12T21:24:01.771+0000] {subprocess.py:93} INFO - 	at scala.concurrent.impl.Promise$DefaultPromise.$anonfun$tryComplete$1$adapted(Promise.scala:288)
[2026-08-12T21:24:01.793+0000] {subprocess.py:93} INFO - 	at scala.concurrent.impl.Promise$DefaultPromise.tryComplete(Promise.scala:288)
[2026-08-12T21:24:01.819+0000] {subprocess.py:93} INFO - 	at scala.concurrent.Promise.complete(Promise.scala:53)
[2026-08-12T21:24:01.848+0000] {subprocess.py:93} INFO - 	at scala.concurrent.Promise.complete$(Promise.scala:52)
[2026-08-12T21:24:01.854+0000] {subprocess.py:93} INFO - 	at scala.concurrent.impl.Promise$DefaultPromise.complete(Promise.scala:187)
[2026-08-12T21:24:01.880+0000] {subprocess.py:93} INFO - 	at scala.concurrent.impl.Promise.$anonfun$transform$1(Promise.scala:33)
[2026-08-12T21:24:01.906+0000] {subprocess.py:93} INFO - 	at scala.concurrent.impl.CallbackRunnable.run(Promise.scala:64)
[2026-08-12T21:24:01.913+0000] {subprocess.py:93} INFO - 	at org.apache.spark.util.ThreadUtils$$anon$1.execute(ThreadUtils.scala:99)
[2026-08-12T21:24:01.931+0000] {subprocess.py:93} INFO - 	at scala.concurrent.impl.ExecutionContextImpl$$anon$4.execute(ExecutionContextImpl.scala:138)
[2026-08-12T21:24:01.977+0000] {subprocess.py:93} INFO - 	at scala.concurrent.impl.CallbackRunnable.executeWithValue(Promise.scala:72)
[2026-08-12T21:24:02.014+0000] {subprocess.py:93} INFO - 	at scala.concurrent.impl.Promise$DefaultPromise.$anonfun$tryComplete$1(Promise.scala:288)
[2026-08-12T21:24:02.023+0000] {subprocess.py:93} INFO - 	at scala.concurrent.impl.Promise$DefaultPromise.$anonfun$tryComplete$1$adapted(Promise.scala:288)
[2026-08-12T21:24:02.042+0000] {subprocess.py:93} INFO - 	at scala.concurrent.impl.Promise$DefaultPromise.tryComplete(Promise.scala:288)
[2026-08-12T21:24:02.088+0000] {subprocess.py:93} INFO - 	at scala.concurrent.Promise.complete(Promise.scala:53)
[2026-08-12T21:24:02.124+0000] {subprocess.py:93} INFO - 	at scala.concurrent.Promise.complete$(Promise.scala:52)
[2026-08-12T21:24:02.151+0000] {subprocess.py:93} INFO - 	at scala.concurrent.impl.Promise$DefaultPromise.complete(Promise.scala:187)
[2026-08-12T21:24:02.160+0000] {subprocess.py:93} INFO - 	at scala.concurrent.impl.Promise.$anonfun$transform$1(Promise.scala:33)
[2026-08-12T21:24:02.237+0000] {subprocess.py:93} INFO - 	at scala.concurrent.impl.CallbackRunnable.run(Promise.scala:64)
[2026-08-12T21:24:02.333+0000] {subprocess.py:93} INFO - 	at scala.concurrent.BatchingExecutor$Batch.processBatch$1(BatchingExecutor.scala:67)
[2026-08-12T21:24:02.362+0000] {subprocess.py:93} INFO - 	at scala.concurrent.BatchingExecutor$Batch.$anonfun$run$1(BatchingExecutor.scala:82)
[2026-08-12T21:24:02.385+0000] {subprocess.py:93} INFO - 	at scala.runtime.java8.JFunction0$mcV$sp.apply(JFunction0$mcV$sp.java:23)
[2026-08-12T21:24:02.396+0000] {subprocess.py:93} INFO - 	at scala.concurrent.BlockContext$.withBlockContext(BlockContext.scala:85)
[2026-08-12T21:24:02.458+0000] {subprocess.py:93} INFO - 	at scala.concurrent.BatchingExecutor$Batch.run(BatchingExecutor.scala:59)
[2026-08-12T21:24:02.487+0000] {subprocess.py:93} INFO - 	at scala.concurrent.Future$InternalCallbackExecutor$.unbatchedExecute(Future.scala:875)
[2026-08-12T21:24:02.512+0000] {subprocess.py:93} INFO - 	at scala.concurrent.BatchingExecutor.execute(BatchingExecutor.scala:110)
[2026-08-12T21:24:02.525+0000] {subprocess.py:93} INFO - 	at scala.concurrent.BatchingExecutor.execute$(BatchingExecutor.scala:107)
[2026-08-12T21:24:02.535+0000] {subprocess.py:93} INFO - 	at scala.concurrent.Future$InternalCallbackExecutor$.execute(Future.scala:873)
[2026-08-12T21:24:02.539+0000] {subprocess.py:93} INFO - 	at scala.concurrent.impl.CallbackRunnable.executeWithValue(Promise.scala:72)
[2026-08-12T21:24:02.558+0000] {subprocess.py:93} INFO - 	at scala.concurrent.impl.Promise$DefaultPromise.$anonfun$tryComplete$1(Promise.scala:288)
[2026-08-12T21:24:02.575+0000] {subprocess.py:93} INFO - 	at scala.concurrent.impl.Promise$DefaultPromise.$anonfun$tryComplete$1$adapted(Promise.scala:288)
[2026-08-12T21:24:02.590+0000] {subprocess.py:93} INFO - 	at scala.concurrent.impl.Promise$DefaultPromise.tryComplete(Promise.scala:288)
[2026-08-12T21:24:02.605+0000] {subprocess.py:93} INFO - 	at scala.concurrent.Promise.trySuccess(Promise.scala:94)
[2026-08-12T21:24:02.612+0000] {subprocess.py:93} INFO - 	at scala.concurrent.Promise.trySuccess$(Promise.scala:94)
[2026-08-12T21:24:02.644+0000] {subprocess.py:93} INFO - 	at scala.concurrent.impl.Promise$DefaultPromise.trySuccess(Promise.scala:187)
[2026-08-12T21:24:02.659+0000] {subprocess.py:93} INFO - 	at org.apache.spark.rpc.netty.NettyRpcEnv.onSuccess$1(NettyRpcEnv.scala:225)
[2026-08-12T21:24:02.664+0000] {subprocess.py:93} INFO - 	at org.apache.spark.rpc.netty.NettyRpcEnv.$anonfun$askAbortable$5(NettyRpcEnv.scala:239)
[2026-08-12T21:24:02.673+0000] {subprocess.py:93} INFO - 	at org.apache.spark.rpc.netty.NettyRpcEnv.$anonfun$askAbortable$5$adapted(NettyRpcEnv.scala:238)
[2026-08-12T21:24:02.704+0000] {subprocess.py:93} INFO - 	at scala.concurrent.impl.CallbackRunnable.run(Promise.scala:64)
[2026-08-12T21:24:02.740+0000] {subprocess.py:93} INFO - 	at org.apache.spark.util.ThreadUtils$$anon$1.execute(ThreadUtils.scala:99)
[2026-08-12T21:24:02.745+0000] {subprocess.py:93} INFO - 	at scala.concurrent.impl.ExecutionContextImpl$$anon$4.execute(ExecutionContextImpl.scala:138)
[2026-08-12T21:24:02.755+0000] {subprocess.py:93} INFO - 	at scala.concurrent.impl.CallbackRunnable.executeWithValue(Promise.scala:72)
[2026-08-12T21:24:02.762+0000] {subprocess.py:93} INFO - 	at scala.concurrent.impl.Promise$DefaultPromise.$anonfun$tryComplete$1(Promise.scala:288)
[2026-08-12T21:24:02.787+0000] {subprocess.py:93} INFO - 	at scala.concurrent.impl.Promise$DefaultPromise.$anonfun$tryComplete$1$adapted(Promise.scala:288)
[2026-08-12T21:24:02.795+0000] {subprocess.py:93} INFO - 	at scala.concurrent.impl.Promise$DefaultPromise.tryComplete(Promise.scala:288)
[2026-08-12T21:24:02.813+0000] {subprocess.py:93} INFO - 	at scala.concurrent.Promise.complete(Promise.scala:53)
[2026-08-12T21:24:02.817+0000] {subprocess.py:93} INFO - 	at scala.concurrent.Promise.complete$(Promise.scala:52)
[2026-08-12T21:24:02.830+0000] {subprocess.py:93} INFO - 	at scala.concurrent.impl.Promise$DefaultPromise.complete(Promise.scala:187)
[2026-08-12T21:24:02.839+0000] {subprocess.py:93} INFO - 	at scala.concurrent.Promise.success(Promise.scala:86)
[2026-08-12T21:24:02.843+0000] {subprocess.py:93} INFO - 	at scala.concurrent.Promise.success$(Promise.scala:86)
[2026-08-12T21:24:02.847+0000] {subprocess.py:93} INFO - 	at scala.concurrent.impl.Promise$DefaultPromise.success(Promise.scala:187)
[2026-08-12T21:24:02.854+0000] {subprocess.py:93} INFO - 	at org.apache.spark.rpc.netty.LocalNettyRpcCallContext.send(NettyRpcCallContext.scala:50)
[2026-08-12T21:24:02.858+0000] {subprocess.py:93} INFO - 	at org.apache.spark.rpc.netty.NettyRpcCallContext.reply(NettyRpcCallContext.scala:32)
[2026-08-12T21:24:02.869+0000] {subprocess.py:93} INFO - 	at org.apache.spark.rpc.netty.RpcEndpointVerifier$$anonfun$receiveAndReply$1.applyOrElse(RpcEndpointVerifier.scala:31)
[2026-08-12T21:24:02.873+0000] {subprocess.py:93} INFO - 	... 8 more
[2026-08-12T21:24:02.877+0000] {subprocess.py:93} INFO - 26/08/12 21:23:46 WARN Executor: Issue communicating with driver in heartbeater
[2026-08-12T21:24:02.890+0000] {subprocess.py:93} INFO - org.apache.spark.SparkException: Exception thrown in awaitResult:
[2026-08-12T21:24:02.898+0000] {subprocess.py:93} INFO - 	at org.apache.spark.util.SparkThreadUtils$.awaitResult(SparkThreadUtils.scala:56)
[2026-08-12T21:24:02.902+0000] {subprocess.py:93} INFO - 	at org.apache.spark.util.ThreadUtils$.awaitResult(ThreadUtils.scala:310)
[2026-08-12T21:24:02.931+0000] {subprocess.py:93} INFO - 	at org.apache.spark.rpc.RpcTimeout.awaitResult(RpcTimeout.scala:75)
[2026-08-12T21:24:02.948+0000] {subprocess.py:93} INFO - 	at org.apache.spark.rpc.RpcEndpointRef.askSync(RpcEndpointRef.scala:101)
[2026-08-12T21:24:02.952+0000] {subprocess.py:93} INFO - 	at org.apache.spark.rpc.RpcEndpointRef.askSync(RpcEndpointRef.scala:85)
[2026-08-12T21:24:02.984+0000] {subprocess.py:93} INFO - 	at org.apache.spark.storage.BlockManagerMaster.registerBlockManager(BlockManagerMaster.scala:80)
[2026-08-12T21:24:03.053+0000] {subprocess.py:93} INFO - 	at org.apache.spark.storage.BlockManager.reregister(BlockManager.scala:642)
[2026-08-12T21:24:03.100+0000] {subprocess.py:93} INFO - 	at org.apache.spark.executor.Executor.reportHeartBeat(Executor.scala:1223)
[2026-08-12T21:24:03.196+0000] {subprocess.py:93} INFO - 	at org.apache.spark.executor.Executor.$anonfun$heartbeater$1(Executor.scala:295)
[2026-08-12T21:24:03.213+0000] {subprocess.py:93} INFO - 	at scala.runtime.java8.JFunction0$mcV$sp.apply(JFunction0$mcV$sp.java:23)
[2026-08-12T21:24:03.229+0000] {subprocess.py:93} INFO - 	at org.apache.spark.util.Utils$.logUncaughtExceptions(Utils.scala:1928)
[2026-08-12T21:24:03.253+0000] {subprocess.py:93} INFO - 	at org.apache.spark.Heartbeater$$anon$1.run(Heartbeater.scala:46)
[2026-08-12T21:24:03.276+0000] {subprocess.py:93} INFO - 	at java.base/java.util.concurrent.Executors$RunnableAdapter.call(Executors.java:539)
[2026-08-12T21:24:03.297+0000] {subprocess.py:93} INFO - 	at java.base/java.util.concurrent.FutureTask.runAndReset(FutureTask.java:305)
[2026-08-12T21:24:03.305+0000] {subprocess.py:93} INFO - 	at java.base/java.util.concurrent.ScheduledThreadPoolExecutor$ScheduledFutureTask.run(ScheduledThreadPoolExecutor.java:305)
[2026-08-12T21:24:03.360+0000] {subprocess.py:93} INFO - 	at java.base/java.util.concurrent.ThreadPoolExecutor.runWorker(ThreadPoolExecutor.java:1136)
[2026-08-12T21:24:03.436+0000] {subprocess.py:93} INFO - 	at java.base/java.util.concurrent.ThreadPoolExecutor$Worker.run(ThreadPoolExecutor.java:635)
[2026-08-12T21:24:03.468+0000] {subprocess.py:93} INFO - 	at java.base/java.lang.Thread.run(Thread.java:840)
[2026-08-12T21:24:03.489+0000] {subprocess.py:93} INFO - Caused by: org.apache.spark.SparkException: Exception thrown in awaitResult:
[2026-08-12T21:24:03.545+0000] {subprocess.py:93} INFO - 	at org.apache.spark.util.SparkThreadUtils$.awaitResult(SparkThreadUtils.scala:56)
[2026-08-12T21:24:03.677+0000] {subprocess.py:93} INFO - 	at org.apache.spark.util.ThreadUtils$.awaitResult(ThreadUtils.scala:310)
[2026-08-12T21:24:03.726+0000] {subprocess.py:93} INFO - 	at org.apache.spark.rpc.RpcTimeout.awaitResult(RpcTimeout.scala:75)
[2026-08-12T21:24:03.729+0000] {subprocess.py:93} INFO - 	at org.apache.spark.rpc.RpcEnv.setupEndpointRefByURI(RpcEnv.scala:102)
[2026-08-12T21:24:03.743+0000] {subprocess.py:93} INFO - 	at org.apache.spark.rpc.RpcEnv.setupEndpointRef(RpcEnv.scala:110)
[2026-08-12T21:24:03.758+0000] {subprocess.py:93} INFO - 	at org.apache.spark.util.RpcUtils$.makeDriverRef(RpcUtils.scala:36)
[2026-08-12T21:24:03.762+0000] {subprocess.py:93} INFO - 	at org.apache.spark.storage.BlockManagerMasterEndpoint.driverEndpoint$lzycompute(BlockManagerMasterEndpoint.scala:124)
[2026-08-12T21:24:03.766+0000] {subprocess.py:93} INFO - 	at org.apache.spark.storage.BlockManagerMasterEndpoint.org$apache$spark$storage$BlockManagerMasterEndpoint$$driverEndpoint(BlockManagerMasterEndpoint.scala:123)
[2026-08-12T21:24:03.806+0000] {subprocess.py:93} INFO - 	at org.apache.spark.storage.BlockManagerMasterEndpoint.isExecutorAlive$lzycompute$1(BlockManagerMasterEndpoint.scala:688)
[2026-08-12T21:24:03.833+0000] {subprocess.py:93} INFO - 	at org.apache.spark.storage.BlockManagerMasterEndpoint.isExecutorAlive$1(BlockManagerMasterEndpoint.scala:687)
[2026-08-12T21:24:03.836+0000] {subprocess.py:93} INFO - 	at org.apache.spark.storage.BlockManagerMasterEndpoint.org$apache$spark$storage$BlockManagerMasterEndpoint$$register(BlockManagerMasterEndpoint.scala:725)
[2026-08-12T21:24:03.840+0000] {subprocess.py:93} INFO - 	at org.apache.spark.storage.BlockManagerMasterEndpoint$$anonfun$receiveAndReply$1.applyOrElse(BlockManagerMasterEndpoint.scala:133)
[2026-08-12T21:24:03.868+0000] {subprocess.py:93} INFO - 	at org.apache.spark.rpc.netty.Inbox.$anonfun$process$1(Inbox.scala:103)
[2026-08-12T21:24:03.874+0000] {subprocess.py:93} INFO - 	at org.apache.spark.rpc.netty.Inbox.safelyCall(Inbox.scala:213)
[2026-08-12T21:24:03.894+0000] {subprocess.py:93} INFO - 	at org.apache.spark.rpc.netty.Inbox.process(Inbox.scala:100)
[2026-08-12T21:24:03.908+0000] {subprocess.py:93} INFO - 	at org.apache.spark.rpc.netty.MessageLoop.org$apache$spark$rpc$netty$MessageLoop$$receiveLoop(MessageLoop.scala:75)
[2026-08-12T21:24:03.913+0000] {subprocess.py:93} INFO - 	at org.apache.spark.rpc.netty.MessageLoop$$anon$1.run(MessageLoop.scala:41)
[2026-08-12T21:24:03.930+0000] {subprocess.py:93} INFO - 	... 3 more
[2026-08-12T21:24:03.942+0000] {subprocess.py:93} INFO - Caused by: org.apache.spark.rpc.RpcEndpointNotFoundException: Cannot find endpoint: spark://CoarseGrainedScheduler@4099a95615c9:36011
[2026-08-12T21:24:03.952+0000] {subprocess.py:93} INFO - 	at org.apache.spark.rpc.netty.NettyRpcEnv.$anonfun$asyncSetupEndpointRefByURI$1(NettyRpcEnv.scala:148)
[2026-08-12T21:24:03.963+0000] {subprocess.py:93} INFO - 	at org.apache.spark.rpc.netty.NettyRpcEnv.$anonfun$asyncSetupEndpointRefByURI$1$adapted(NettyRpcEnv.scala:144)
[2026-08-12T21:24:03.981+0000] {subprocess.py:93} INFO - 	at scala.concurrent.Future.$anonfun$flatMap$1(Future.scala:307)
[2026-08-12T21:24:04.019+0000] {subprocess.py:93} INFO - 	at scala.concurrent.impl.Promise.$anonfun$transformWith$1(Promise.scala:41)
[2026-08-12T21:24:04.040+0000] {subprocess.py:93} INFO - 	at scala.concurrent.impl.CallbackRunnable.run(Promise.scala:64)
[2026-08-12T21:24:04.050+0000] {subprocess.py:93} INFO - 	at org.apache.spark.util.ThreadUtils$$anon$1.execute(ThreadUtils.scala:99)
[2026-08-12T21:24:04.073+0000] {subprocess.py:93} INFO - 	at scala.concurrent.impl.ExecutionContextImpl$$anon$4.execute(ExecutionContextImpl.scala:138)
[2026-08-12T21:24:04.101+0000] {subprocess.py:93} INFO - 	at scala.concurrent.impl.CallbackRunnable.executeWithValue(Promise.scala:72)
[2026-08-12T21:24:04.138+0000] {subprocess.py:93} INFO - 	at scala.concurrent.impl.Promise$DefaultPromise.dispatchOrAddCallback(Promise.scala:316)
[2026-08-12T21:24:04.166+0000] {subprocess.py:93} INFO - 	at scala.concurrent.impl.Promise$DefaultPromise.onComplete(Promise.scala:307)
[2026-08-12T21:24:04.193+0000] {subprocess.py:93} INFO - 	at scala.concurrent.impl.Promise.transformWith(Promise.scala:40)
[2026-08-12T21:24:04.233+0000] {subprocess.py:93} INFO - 	at scala.concurrent.impl.Promise.transformWith$(Promise.scala:38)
[2026-08-12T21:24:04.240+0000] {subprocess.py:93} INFO - 	at scala.concurrent.impl.Promise$DefaultPromise.transformWith(Promise.scala:187)
[2026-08-12T21:24:04.299+0000] {subprocess.py:93} INFO - 	at scala.concurrent.Future.flatMap(Future.scala:306)
[2026-08-12T21:24:04.334+0000] {subprocess.py:93} INFO - 	at scala.concurrent.Future.flatMap$(Future.scala:306)
[2026-08-12T21:24:04.354+0000] {subprocess.py:93} INFO - 	at scala.concurrent.impl.Promise$DefaultPromise.flatMap(Promise.scala:187)
[2026-08-12T21:24:04.388+0000] {subprocess.py:93} INFO - 	at org.apache.spark.rpc.netty.NettyRpcEnv.asyncSetupEndpointRefByURI(NettyRpcEnv.scala:150)
[2026-08-12T21:24:04.412+0000] {subprocess.py:93} INFO - 	... 17 more
[2026-08-12T21:24:04.420+0000] {subprocess.py:93} INFO - 26/08/12 21:23:46 ERROR Inbox: Ignoring error
[2026-08-12T21:24:04.437+0000] {subprocess.py:93} INFO - org.apache.spark.SparkException: Exception thrown in awaitResult:
[2026-08-12T21:24:04.444+0000] {subprocess.py:93} INFO - 	at org.apache.spark.util.SparkThreadUtils$.awaitResult(SparkThreadUtils.scala:56)
[2026-08-12T21:24:04.460+0000] {subprocess.py:93} INFO - 	at org.apache.spark.util.ThreadUtils$.awaitResult(ThreadUtils.scala:310)
[2026-08-12T21:24:04.464+0000] {subprocess.py:93} INFO - 	at org.apache.spark.rpc.RpcTimeout.awaitResult(RpcTimeout.scala:75)
[2026-08-12T21:24:04.488+0000] {subprocess.py:93} INFO - 	at org.apache.spark.rpc.RpcEnv.setupEndpointRefByURI(RpcEnv.scala:102)
[2026-08-12T21:24:04.529+0000] {subprocess.py:93} INFO - 	at org.apache.spark.rpc.RpcEnv.setupEndpointRef(RpcEnv.scala:110)
[2026-08-12T21:24:04.574+0000] {subprocess.py:93} INFO - 	at org.apache.spark.util.RpcUtils$.makeDriverRef(RpcUtils.scala:36)
[2026-08-12T21:24:04.591+0000] {subprocess.py:93} INFO - 	at org.apache.spark.storage.BlockManagerMasterEndpoint.driverEndpoint$lzycompute(BlockManagerMasterEndpoint.scala:124)
[2026-08-12T21:24:04.615+0000] {subprocess.py:93} INFO - 	at org.apache.spark.storage.BlockManagerMasterEndpoint.org$apache$spark$storage$BlockManagerMasterEndpoint$$driverEndpoint(BlockManagerMasterEndpoint.scala:123)
[2026-08-12T21:24:04.732+0000] {subprocess.py:93} INFO - 	at org.apache.spark.storage.BlockManagerMasterEndpoint.isExecutorAlive$lzycompute$1(BlockManagerMasterEndpoint.scala:688)
[2026-08-12T21:24:04.747+0000] {subprocess.py:93} INFO - 	at org.apache.spark.storage.BlockManagerMasterEndpoint.isExecutorAlive$1(BlockManagerMasterEndpoint.scala:687)
[2026-08-12T21:24:04.758+0000] {subprocess.py:93} INFO - 	at org.apache.spark.storage.BlockManagerMasterEndpoint.org$apache$spark$storage$BlockManagerMasterEndpoint$$register(BlockManagerMasterEndpoint.scala:725)
[2026-08-12T21:24:04.768+0000] {subprocess.py:93} INFO - 	at org.apache.spark.storage.BlockManagerMasterEndpoint$$anonfun$receiveAndReply$1.applyOrElse(BlockManagerMasterEndpoint.scala:133)
[2026-08-12T21:24:04.780+0000] {subprocess.py:93} INFO - 	at org.apache.spark.rpc.netty.Inbox.$anonfun$process$1(Inbox.scala:103)
[2026-08-12T21:24:04.790+0000] {subprocess.py:93} INFO - 	at org.apache.spark.rpc.netty.Inbox.safelyCall(Inbox.scala:213)
[2026-08-12T21:24:04.820+0000] {subprocess.py:93} INFO - 	at org.apache.spark.rpc.netty.Inbox.process(Inbox.scala:100)
[2026-08-12T21:24:04.843+0000] {subprocess.py:93} INFO - 	at org.apache.spark.rpc.netty.MessageLoop.org$apache$spark$rpc$netty$MessageLoop$$receiveLoop(MessageLoop.scala:75)
[2026-08-12T21:24:04.849+0000] {subprocess.py:93} INFO - 	at org.apache.spark.rpc.netty.MessageLoop$$anon$1.run(MessageLoop.scala:41)
[2026-08-12T21:24:04.853+0000] {subprocess.py:93} INFO - 	at java.base/java.util.concurrent.ThreadPoolExecutor.runWorker(ThreadPoolExecutor.java:1136)
[2026-08-12T21:24:04.870+0000] {subprocess.py:93} INFO - 	at java.base/java.util.concurrent.ThreadPoolExecutor$Worker.run(ThreadPoolExecutor.java:635)
[2026-08-12T21:24:04.903+0000] {subprocess.py:93} INFO - 	at java.base/java.lang.Thread.run(Thread.java:840)
[2026-08-12T21:24:04.929+0000] {subprocess.py:93} INFO - Caused by: org.apache.spark.rpc.RpcEndpointNotFoundException: Cannot find endpoint: spark://CoarseGrainedScheduler@4099a95615c9:36011
[2026-08-12T21:24:05.042+0000] {subprocess.py:93} INFO - 	at org.apache.spark.rpc.netty.NettyRpcEnv.$anonfun$asyncSetupEndpointRefByURI$1(NettyRpcEnv.scala:148)
[2026-08-12T21:24:05.074+0000] {subprocess.py:93} INFO - 	at org.apache.spark.rpc.netty.NettyRpcEnv.$anonfun$asyncSetupEndpointRefByURI$1$adapted(NettyRpcEnv.scala:144)
[2026-08-12T21:24:05.089+0000] {subprocess.py:93} INFO - 	at scala.concurrent.Future.$anonfun$flatMap$1(Future.scala:307)
[2026-08-12T21:24:05.099+0000] {subprocess.py:93} INFO - 	at scala.concurrent.impl.Promise.$anonfun$transformWith$1(Promise.scala:41)
[2026-08-12T21:24:05.102+0000] {subprocess.py:93} INFO - 	at scala.concurrent.impl.CallbackRunnable.run(Promise.scala:64)
[2026-08-12T21:24:05.108+0000] {subprocess.py:93} INFO - 	at org.apache.spark.util.ThreadUtils$$anon$1.execute(ThreadUtils.scala:99)
[2026-08-12T21:24:05.116+0000] {subprocess.py:93} INFO - 	at scala.concurrent.impl.ExecutionContextImpl$$anon$4.execute(ExecutionContextImpl.scala:138)
[2026-08-12T21:24:05.129+0000] {subprocess.py:93} INFO - 	at scala.concurrent.impl.CallbackRunnable.executeWithValue(Promise.scala:72)
[2026-08-12T21:24:05.178+0000] {subprocess.py:93} INFO - 	at scala.concurrent.impl.Promise$DefaultPromise.dispatchOrAddCallback(Promise.scala:316)
[2026-08-12T21:24:05.186+0000] {subprocess.py:93} INFO - 	at scala.concurrent.impl.Promise$DefaultPromise.onComplete(Promise.scala:307)
[2026-08-12T21:24:05.200+0000] {subprocess.py:93} INFO - 	at scala.concurrent.impl.Promise.transformWith(Promise.scala:40)
[2026-08-12T21:24:05.209+0000] {subprocess.py:93} INFO - 	at scala.concurrent.impl.Promise.transformWith$(Promise.scala:38)
[2026-08-12T21:24:05.218+0000] {subprocess.py:93} INFO - 	at scala.concurrent.impl.Promise$DefaultPromise.transformWith(Promise.scala:187)
[2026-08-12T21:24:05.221+0000] {subprocess.py:93} INFO - 	at scala.concurrent.Future.flatMap(Future.scala:306)
[2026-08-12T21:24:05.234+0000] {subprocess.py:93} INFO - 	at scala.concurrent.Future.flatMap$(Future.scala:306)
[2026-08-12T21:24:05.239+0000] {subprocess.py:93} INFO - 	at scala.concurrent.impl.Promise$DefaultPromise.flatMap(Promise.scala:187)
[2026-08-12T21:24:05.250+0000] {subprocess.py:93} INFO - 	at org.apache.spark.rpc.netty.NettyRpcEnv.asyncSetupEndpointRefByURI(NettyRpcEnv.scala:150)
[2026-08-12T21:24:05.253+0000] {subprocess.py:93} INFO - 	... 17 more
[2026-08-12T21:24:05.257+0000] {subprocess.py:93} INFO - 26/08/12 21:23:49 ERROR Inbox: Ignoring error
[2026-08-12T21:24:05.274+0000] {subprocess.py:93} INFO - org.apache.spark.SparkException: Exception thrown in awaitResult:
[2026-08-12T21:24:05.279+0000] {subprocess.py:93} INFO - 	at org.apache.spark.util.SparkThreadUtils$.awaitResult(SparkThreadUtils.scala:56)
[2026-08-12T21:24:05.283+0000] {subprocess.py:93} INFO - 	at org.apache.spark.util.ThreadUtils$.awaitResult(ThreadUtils.scala:310)
[2026-08-12T21:24:05.298+0000] {subprocess.py:93} INFO - 	at org.apache.spark.rpc.RpcTimeout.awaitResult(RpcTimeout.scala:75)
[2026-08-12T21:24:05.315+0000] {subprocess.py:93} INFO - 	at org.apache.spark.rpc.RpcEnv.setupEndpointRefByURI(RpcEnv.scala:102)
[2026-08-12T21:24:05.340+0000] {subprocess.py:93} INFO - 	at org.apache.spark.rpc.RpcEnv.setupEndpointRef(RpcEnv.scala:110)
[2026-08-12T21:24:05.351+0000] {subprocess.py:93} INFO - 	at org.apache.spark.util.RpcUtils$.makeDriverRef(RpcUtils.scala:36)
[2026-08-12T21:24:05.360+0000] {subprocess.py:93} INFO - 	at org.apache.spark.storage.BlockManagerMasterEndpoint.driverEndpoint$lzycompute(BlockManagerMasterEndpoint.scala:124)
[2026-08-12T21:24:05.371+0000] {subprocess.py:93} INFO - 	at org.apache.spark.storage.BlockManagerMasterEndpoint.org$apache$spark$storage$BlockManagerMasterEndpoint$$driverEndpoint(BlockManagerMasterEndpoint.scala:123)
[2026-08-12T21:24:05.385+0000] {subprocess.py:93} INFO - 	at org.apache.spark.storage.BlockManagerMasterEndpoint.isExecutorAlive$lzycompute$1(BlockManagerMasterEndpoint.scala:688)
[2026-08-12T21:24:05.394+0000] {subprocess.py:93} INFO - 	at org.apache.spark.storage.BlockManagerMasterEndpoint.isExecutorAlive$1(BlockManagerMasterEndpoint.scala:687)
[2026-08-12T21:24:05.403+0000] {subprocess.py:93} INFO - 	at org.apache.spark.storage.BlockManagerMasterEndpoint.org$apache$spark$storage$BlockManagerMasterEndpoint$$register(BlockManagerMasterEndpoint.scala:725)
[2026-08-12T21:24:05.412+0000] {subprocess.py:93} INFO - 	at org.apache.spark.storage.BlockManagerMasterEndpoint$$anonfun$receiveAndReply$1.applyOrElse(BlockManagerMasterEndpoint.scala:133)
[2026-08-12T21:24:05.460+0000] {subprocess.py:93} INFO - 	at org.apache.spark.rpc.netty.Inbox.$anonfun$process$1(Inbox.scala:103)
[2026-08-12T21:24:05.469+0000] {subprocess.py:93} INFO - 	at org.apache.spark.rpc.netty.Inbox.safelyCall(Inbox.scala:213)
[2026-08-12T21:24:05.518+0000] {subprocess.py:93} INFO - 	at org.apache.spark.rpc.netty.Inbox.process(Inbox.scala:100)
[2026-08-12T21:24:05.526+0000] {subprocess.py:93} INFO - 	at org.apache.spark.rpc.netty.MessageLoop.org$apache$spark$rpc$netty$MessageLoop$$receiveLoop(MessageLoop.scala:75)
[2026-08-12T21:24:05.558+0000] {subprocess.py:93} INFO - 	at org.apache.spark.rpc.netty.MessageLoop$$anon$1.run(MessageLoop.scala:41)
[2026-08-12T21:24:05.591+0000] {subprocess.py:93} INFO - 	at java.base/java.util.concurrent.ThreadPoolExecutor.runWorker(ThreadPoolExecutor.java:1136)
[2026-08-12T21:24:05.735+0000] {subprocess.py:93} INFO - 	at java.base/java.util.concurrent.ThreadPoolExecutor$Worker.run(ThreadPoolExecutor.java:635)
[2026-08-12T21:24:05.783+0000] {subprocess.py:93} INFO - 	at java.base/java.lang.Thread.run(Thread.java:840)
[2026-08-12T21:24:05.816+0000] {subprocess.py:93} INFO - Caused by: org.apache.spark.rpc.RpcEndpointNotFoundException: Cannot find endpoint: spark://CoarseGrainedScheduler@4099a95615c9:36011
[2026-08-12T21:24:05.855+0000] {subprocess.py:93} INFO - 	at org.apache.spark.rpc.netty.NettyRpcEnv.$anonfun$asyncSetupEndpointRefByURI$1(NettyRpcEnv.scala:148)
[2026-08-12T21:24:05.883+0000] {subprocess.py:93} INFO - 	at org.apache.spark.rpc.netty.NettyRpcEnv.$anonfun$asyncSetupEndpointRefByURI$1$adapted(NettyRpcEnv.scala:144)
[2026-08-12T21:24:05.895+0000] {subprocess.py:93} INFO - 	at scala.concurrent.Future.$anonfun$flatMap$1(Future.scala:307)
[2026-08-12T21:24:05.971+0000] {subprocess.py:93} INFO - 	at scala.concurrent.impl.Promise.$anonfun$transformWith$1(Promise.scala:41)
[2026-08-12T21:24:05.996+0000] {subprocess.py:93} INFO - 	at scala.concurrent.impl.CallbackRunnable.run(Promise.scala:64)
[2026-08-12T21:24:06.074+0000] {subprocess.py:93} INFO - 	at org.apache.spark.util.ThreadUtils$$anon$1.execute(ThreadUtils.scala:99)
[2026-08-12T21:24:06.102+0000] {subprocess.py:93} INFO - 	at scala.concurrent.impl.ExecutionContextImpl$$anon$4.execute(ExecutionContextImpl.scala:138)
[2026-08-12T21:24:06.109+0000] {subprocess.py:93} INFO - 	at scala.concurrent.impl.CallbackRunnable.executeWithValue(Promise.scala:72)
[2026-08-12T21:24:06.136+0000] {subprocess.py:93} INFO - 	at scala.concurrent.impl.Promise$DefaultPromise.dispatchOrAddCallback(Promise.scala:316)
[2026-08-12T21:24:06.152+0000] {subprocess.py:93} INFO - 	at scala.concurrent.impl.Promise$DefaultPromise.onComplete(Promise.scala:307)
[2026-08-12T21:24:06.176+0000] {subprocess.py:93} INFO - 	at scala.concurrent.impl.Promise.transformWith(Promise.scala:40)
[2026-08-12T21:24:06.189+0000] {subprocess.py:93} INFO - 	at scala.concurrent.impl.Promise.transformWith$(Promise.scala:38)
[2026-08-12T21:24:06.195+0000] {subprocess.py:93} INFO - 	at scala.concurrent.impl.Promise$DefaultPromise.transformWith(Promise.scala:187)
[2026-08-12T21:24:06.205+0000] {subprocess.py:93} INFO - 	at scala.concurrent.Future.flatMap(Future.scala:306)
[2026-08-12T21:24:06.214+0000] {subprocess.py:93} INFO - 	at scala.concurrent.Future.flatMap$(Future.scala:306)
[2026-08-12T21:24:06.262+0000] {subprocess.py:93} INFO - 	at scala.concurrent.impl.Promise$DefaultPromise.flatMap(Promise.scala:187)
[2026-08-12T21:24:06.271+0000] {subprocess.py:93} INFO - 	at org.apache.spark.rpc.netty.NettyRpcEnv.asyncSetupEndpointRefByURI(NettyRpcEnv.scala:150)
[2026-08-12T21:24:06.298+0000] {subprocess.py:93} INFO - 	... 17 more
[2026-08-12T21:24:06.306+0000] {subprocess.py:93} INFO - 26/08/12 21:23:49 WARN Executor: Issue communicating with driver in heartbeater
[2026-08-12T21:24:06.313+0000] {subprocess.py:93} INFO - org.apache.spark.SparkException: Exception thrown in awaitResult:
[2026-08-12T21:24:06.319+0000] {subprocess.py:93} INFO - 	at org.apache.spark.util.SparkThreadUtils$.awaitResult(SparkThreadUtils.scala:56)
[2026-08-12T21:24:06.329+0000] {subprocess.py:93} INFO - 	at org.apache.spark.util.ThreadUtils$.awaitResult(ThreadUtils.scala:310)
[2026-08-12T21:24:06.341+0000] {subprocess.py:93} INFO - 	at org.apache.spark.rpc.RpcTimeout.awaitResult(RpcTimeout.scala:75)
[2026-08-12T21:24:06.354+0000] {subprocess.py:93} INFO - 	at org.apache.spark.rpc.RpcEndpointRef.askSync(RpcEndpointRef.scala:101)
[2026-08-12T21:24:06.362+0000] {subprocess.py:93} INFO - 	at org.apache.spark.rpc.RpcEndpointRef.askSync(RpcEndpointRef.scala:85)
[2026-08-12T21:24:06.385+0000] {subprocess.py:93} INFO - 	at org.apache.spark.storage.BlockManagerMaster.registerBlockManager(BlockManagerMaster.scala:80)
[2026-08-12T21:24:06.406+0000] {subprocess.py:93} INFO - 	at org.apache.spark.storage.BlockManager.reregister(BlockManager.scala:642)
[2026-08-12T21:24:06.425+0000] {subprocess.py:93} INFO - 	at org.apache.spark.executor.Executor.reportHeartBeat(Executor.scala:1223)
[2026-08-12T21:24:06.465+0000] {subprocess.py:93} INFO - 	at org.apache.spark.executor.Executor.$anonfun$heartbeater$1(Executor.scala:295)
[2026-08-12T21:24:06.476+0000] {subprocess.py:93} INFO - 	at scala.runtime.java8.JFunction0$mcV$sp.apply(JFunction0$mcV$sp.java:23)
[2026-08-12T21:24:06.492+0000] {subprocess.py:93} INFO - 	at org.apache.spark.util.Utils$.logUncaughtExceptions(Utils.scala:1928)
[2026-08-12T21:24:06.509+0000] {subprocess.py:93} INFO - 	at org.apache.spark.Heartbeater$$anon$1.run(Heartbeater.scala:46)
[2026-08-12T21:24:06.530+0000] {subprocess.py:93} INFO - 	at java.base/java.util.concurrent.Executors$RunnableAdapter.call(Executors.java:539)
[2026-08-12T21:24:06.546+0000] {subprocess.py:93} INFO - 	at java.base/java.util.concurrent.FutureTask.runAndReset(FutureTask.java:305)
[2026-08-12T21:24:06.563+0000] {subprocess.py:93} INFO - 	at java.base/java.util.concurrent.ScheduledThreadPoolExecutor$ScheduledFutureTask.run(ScheduledThreadPoolExecutor.java:305)
[2026-08-12T21:24:06.575+0000] {subprocess.py:93} INFO - 	at java.base/java.util.concurrent.ThreadPoolExecutor.runWorker(ThreadPoolExecutor.java:1136)
[2026-08-12T21:24:06.594+0000] {subprocess.py:93} INFO - 	at java.base/java.util.concurrent.ThreadPoolExecutor$Worker.run(ThreadPoolExecutor.java:635)
[2026-08-12T21:24:06.602+0000] {subprocess.py:93} INFO - 	at java.base/java.lang.Thread.run(Thread.java:840)
[2026-08-12T21:24:06.628+0000] {subprocess.py:93} INFO - Caused by: org.apache.spark.SparkException: Exception thrown in awaitResult:
[2026-08-12T21:24:06.638+0000] {subprocess.py:93} INFO - 	at org.apache.spark.util.SparkThreadUtils$.awaitResult(SparkThreadUtils.scala:56)
[2026-08-12T21:24:06.648+0000] {subprocess.py:93} INFO - 	at org.apache.spark.util.ThreadUtils$.awaitResult(ThreadUtils.scala:310)
[2026-08-12T21:24:06.662+0000] {subprocess.py:93} INFO - 	at org.apache.spark.rpc.RpcTimeout.awaitResult(RpcTimeout.scala:75)
[2026-08-12T21:24:06.690+0000] {subprocess.py:93} INFO - 	at org.apache.spark.rpc.RpcEnv.setupEndpointRefByURI(RpcEnv.scala:102)
[2026-08-12T21:24:06.696+0000] {subprocess.py:93} INFO - 	at org.apache.spark.rpc.RpcEnv.setupEndpointRef(RpcEnv.scala:110)
[2026-08-12T21:24:06.749+0000] {subprocess.py:93} INFO - 	at org.apache.spark.util.RpcUtils$.makeDriverRef(RpcUtils.scala:36)
[2026-08-12T21:24:06.772+0000] {subprocess.py:93} INFO - 	at org.apache.spark.storage.BlockManagerMasterEndpoint.driverEndpoint$lzycompute(BlockManagerMasterEndpoint.scala:124)
[2026-08-12T21:24:06.780+0000] {subprocess.py:93} INFO - 	at org.apache.spark.storage.BlockManagerMasterEndpoint.org$apache$spark$storage$BlockManagerMasterEndpoint$$driverEndpoint(BlockManagerMasterEndpoint.scala:123)
[2026-08-12T21:24:06.792+0000] {subprocess.py:93} INFO - 	at org.apache.spark.storage.BlockManagerMasterEndpoint.isExecutorAlive$lzycompute$1(BlockManagerMasterEndpoint.scala:688)
[2026-08-12T21:24:06.803+0000] {subprocess.py:93} INFO - 	at org.apache.spark.storage.BlockManagerMasterEndpoint.isExecutorAlive$1(BlockManagerMasterEndpoint.scala:687)
[2026-08-12T21:24:06.813+0000] {subprocess.py:93} INFO - 	at org.apache.spark.storage.BlockManagerMasterEndpoint.org$apache$spark$storage$BlockManagerMasterEndpoint$$register(BlockManagerMasterEndpoint.scala:725)
[2026-08-12T21:24:06.825+0000] {subprocess.py:93} INFO - 	at org.apache.spark.storage.BlockManagerMasterEndpoint$$anonfun$receiveAndReply$1.applyOrElse(BlockManagerMasterEndpoint.scala:133)
[2026-08-12T21:24:06.940+0000] {subprocess.py:93} INFO - 	at org.apache.spark.rpc.netty.Inbox.$anonfun$process$1(Inbox.scala:103)
[2026-08-12T21:24:06.967+0000] {subprocess.py:93} INFO - 	at org.apache.spark.rpc.netty.Inbox.safelyCall(Inbox.scala:213)
[2026-08-12T21:24:06.978+0000] {subprocess.py:93} INFO - 	at org.apache.spark.rpc.netty.Inbox.process(Inbox.scala:100)
[2026-08-12T21:24:07.003+0000] {subprocess.py:93} INFO - 	at org.apache.spark.rpc.netty.MessageLoop.org$apache$spark$rpc$netty$MessageLoop$$receiveLoop(MessageLoop.scala:75)
[2026-08-12T21:24:07.016+0000] {subprocess.py:93} INFO - 	at org.apache.spark.rpc.netty.MessageLoop$$anon$1.run(MessageLoop.scala:41)
[2026-08-12T21:24:07.055+0000] {subprocess.py:93} INFO - 	... 3 more
[2026-08-12T21:24:07.078+0000] {subprocess.py:93} INFO - Caused by: org.apache.spark.rpc.RpcEndpointNotFoundException: Cannot find endpoint: spark://CoarseGrainedScheduler@4099a95615c9:36011
[2026-08-12T21:24:07.086+0000] {subprocess.py:93} INFO - 	at org.apache.spark.rpc.netty.NettyRpcEnv.$anonfun$asyncSetupEndpointRefByURI$1(NettyRpcEnv.scala:148)
[2026-08-12T21:24:07.167+0000] {subprocess.py:93} INFO - 	at org.apache.spark.rpc.netty.NettyRpcEnv.$anonfun$asyncSetupEndpointRefByURI$1$adapted(NettyRpcEnv.scala:144)
[2026-08-12T21:24:07.253+0000] {subprocess.py:93} INFO - 	at scala.concurrent.Future.$anonfun$flatMap$1(Future.scala:307)
[2026-08-12T21:24:07.282+0000] {subprocess.py:93} INFO - 	at scala.concurrent.impl.Promise.$anonfun$transformWith$1(Promise.scala:41)
[2026-08-12T21:24:07.297+0000] {subprocess.py:93} INFO - 	at scala.concurrent.impl.CallbackRunnable.run(Promise.scala:64)
[2026-08-12T21:24:07.326+0000] {subprocess.py:93} INFO - 	at org.apache.spark.util.ThreadUtils$$anon$1.execute(ThreadUtils.scala:99)
[2026-08-12T21:24:07.338+0000] {subprocess.py:93} INFO - 	at scala.concurrent.impl.ExecutionContextImpl$$anon$4.execute(ExecutionContextImpl.scala:138)
[2026-08-12T21:24:07.361+0000] {subprocess.py:93} INFO - 	at scala.concurrent.impl.CallbackRunnable.executeWithValue(Promise.scala:72)
[2026-08-12T21:24:07.401+0000] {subprocess.py:93} INFO - 	at scala.concurrent.impl.Promise$DefaultPromise.dispatchOrAddCallback(Promise.scala:316)
[2026-08-12T21:24:07.414+0000] {subprocess.py:93} INFO - 	at scala.concurrent.impl.Promise$DefaultPromise.onComplete(Promise.scala:307)
[2026-08-12T21:24:07.444+0000] {subprocess.py:93} INFO - 	at scala.concurrent.impl.Promise.transformWith(Promise.scala:40)
[2026-08-12T21:24:07.576+0000] {subprocess.py:93} INFO - 	at scala.concurrent.impl.Promise.transformWith$(Promise.scala:38)
[2026-08-12T21:24:07.679+0000] {subprocess.py:93} INFO - 	at scala.concurrent.impl.Promise$DefaultPromise.transformWith(Promise.scala:187)
[2026-08-12T21:24:07.711+0000] {subprocess.py:93} INFO - 	at scala.concurrent.Future.flatMap(Future.scala:306)
[2026-08-12T21:24:07.726+0000] {subprocess.py:93} INFO - 	at scala.concurrent.Future.flatMap$(Future.scala:306)
[2026-08-12T21:24:07.744+0000] {subprocess.py:93} INFO - 	at scala.concurrent.impl.Promise$DefaultPromise.flatMap(Promise.scala:187)
[2026-08-12T21:24:07.770+0000] {subprocess.py:93} INFO - 	at org.apache.spark.rpc.netty.NettyRpcEnv.asyncSetupEndpointRefByURI(NettyRpcEnv.scala:150)
[2026-08-12T21:24:07.786+0000] {subprocess.py:93} INFO - 	... 17 more
[2026-08-12T21:24:07.802+0000] {subprocess.py:93} INFO - 26/08/12 21:23:52 ERROR Inbox: Ignoring error
[2026-08-12T21:24:07.835+0000] {subprocess.py:93} INFO - org.apache.spark.SparkException: Exception thrown in awaitResult:
[2026-08-12T21:24:07.885+0000] {subprocess.py:93} INFO - 	at org.apache.spark.util.SparkThreadUtils$.awaitResult(SparkThreadUtils.scala:56)
[2026-08-12T21:24:07.893+0000] {subprocess.py:93} INFO - 	at org.apache.spark.util.ThreadUtils$.awaitResult(ThreadUtils.scala:310)
[2026-08-12T21:24:08.019+0000] {subprocess.py:93} INFO - 	at org.apache.spark.rpc.RpcTimeout.awaitResult(RpcTimeout.scala:75)
[2026-08-12T21:24:08.025+0000] {subprocess.py:93} INFO - 	at org.apache.spark.rpc.RpcEnv.setupEndpointRefByURI(RpcEnv.scala:102)
[2026-08-12T21:24:08.071+0000] {subprocess.py:93} INFO - 	at org.apache.spark.rpc.RpcEnv.setupEndpointRef(RpcEnv.scala:110)
[2026-08-12T21:24:08.120+0000] {subprocess.py:93} INFO - 	at org.apache.spark.util.RpcUtils$.makeDriverRef(RpcUtils.scala:36)
[2026-08-12T21:24:08.157+0000] {subprocess.py:93} INFO - 	at org.apache.spark.storage.BlockManagerMasterEndpoint.driverEndpoint$lzycompute(BlockManagerMasterEndpoint.scala:124)
[2026-08-12T21:24:08.174+0000] {subprocess.py:93} INFO - 	at org.apache.spark.storage.BlockManagerMasterEndpoint.org$apache$spark$storage$BlockManagerMasterEndpoint$$driverEndpoint(BlockManagerMasterEndpoint.scala:123)
[2026-08-12T21:24:08.189+0000] {subprocess.py:93} INFO - 	at org.apache.spark.storage.BlockManagerMasterEndpoint.isExecutorAlive$lzycompute$1(BlockManagerMasterEndpoint.scala:688)
[2026-08-12T21:24:08.211+0000] {subprocess.py:93} INFO - 	at org.apache.spark.storage.BlockManagerMasterEndpoint.isExecutorAlive$1(BlockManagerMasterEndpoint.scala:687)
[2026-08-12T21:24:08.226+0000] {subprocess.py:93} INFO - 	at org.apache.spark.storage.BlockManagerMasterEndpoint.org$apache$spark$storage$BlockManagerMasterEndpoint$$register(BlockManagerMasterEndpoint.scala:725)
[2026-08-12T21:24:08.244+0000] {subprocess.py:93} INFO - 	at org.apache.spark.storage.BlockManagerMasterEndpoint$$anonfun$receiveAndReply$1.applyOrElse(BlockManagerMasterEndpoint.scala:133)
[2026-08-12T21:24:08.257+0000] {subprocess.py:93} INFO - 	at org.apache.spark.rpc.netty.Inbox.$anonfun$process$1(Inbox.scala:103)
[2026-08-12T21:24:08.268+0000] {subprocess.py:93} INFO - 	at org.apache.spark.rpc.netty.Inbox.safelyCall(Inbox.scala:213)
[2026-08-12T21:24:08.337+0000] {subprocess.py:93} INFO - 	at org.apache.spark.rpc.netty.Inbox.process(Inbox.scala:100)
[2026-08-12T21:24:08.438+0000] {subprocess.py:93} INFO - 	at org.apache.spark.rpc.netty.MessageLoop.org$apache$spark$rpc$netty$MessageLoop$$receiveLoop(MessageLoop.scala:75)
[2026-08-12T21:24:08.466+0000] {subprocess.py:93} INFO - 	at org.apache.spark.rpc.netty.MessageLoop$$anon$1.run(MessageLoop.scala:41)
[2026-08-12T21:24:08.477+0000] {subprocess.py:93} INFO - 	at java.base/java.util.concurrent.ThreadPoolExecutor.runWorker(ThreadPoolExecutor.java:1136)
[2026-08-12T21:24:08.515+0000] {subprocess.py:93} INFO - 	at java.base/java.util.concurrent.ThreadPoolExecutor$Worker.run(ThreadPoolExecutor.java:635)
[2026-08-12T21:24:08.543+0000] {subprocess.py:93} INFO - 	at java.base/java.lang.Thread.run(Thread.java:840)
[2026-08-12T21:24:08.560+0000] {subprocess.py:93} INFO - Caused by: org.apache.spark.rpc.RpcEndpointNotFoundException: Cannot find endpoint: spark://CoarseGrainedScheduler@4099a95615c9:36011
[2026-08-12T21:24:08.576+0000] {subprocess.py:93} INFO - 	at org.apache.spark.rpc.netty.NettyRpcEnv.$anonfun$asyncSetupEndpointRefByURI$1(NettyRpcEnv.scala:148)
[2026-08-12T21:24:08.654+0000] {subprocess.py:93} INFO - 	at org.apache.spark.rpc.netty.NettyRpcEnv.$anonfun$asyncSetupEndpointRefByURI$1$adapted(NettyRpcEnv.scala:144)
[2026-08-12T21:24:08.689+0000] {subprocess.py:93} INFO - 	at scala.concurrent.Future.$anonfun$flatMap$1(Future.scala:307)
[2026-08-12T21:24:08.700+0000] {subprocess.py:93} INFO - 	at scala.concurrent.impl.Promise.$anonfun$transformWith$1(Promise.scala:41)
[2026-08-12T21:24:08.725+0000] {subprocess.py:93} INFO - 	at scala.concurrent.impl.CallbackRunnable.run(Promise.scala:64)
[2026-08-12T21:24:08.736+0000] {subprocess.py:93} INFO - 	at org.apache.spark.util.ThreadUtils$$anon$1.execute(ThreadUtils.scala:99)
[2026-08-12T21:24:08.753+0000] {subprocess.py:93} INFO - 	at scala.concurrent.impl.ExecutionContextImpl$$anon$4.execute(ExecutionContextImpl.scala:138)
[2026-08-12T21:24:08.810+0000] {subprocess.py:93} INFO - 	at scala.concurrent.impl.CallbackRunnable.executeWithValue(Promise.scala:72)
[2026-08-12T21:24:08.813+0000] {subprocess.py:93} INFO - 	at scala.concurrent.impl.Promise$DefaultPromise.$anonfun$tryComplete$1(Promise.scala:288)
[2026-08-12T21:24:08.818+0000] {subprocess.py:93} INFO - 	at scala.concurrent.impl.Promise$DefaultPromise.$anonfun$tryComplete$1$adapted(Promise.scala:288)
[2026-08-12T21:24:08.859+0000] {subprocess.py:93} INFO - 	at scala.concurrent.impl.Promise$DefaultPromise.tryComplete(Promise.scala:288)
[2026-08-12T21:24:08.867+0000] {subprocess.py:93} INFO - 	at scala.concurrent.Promise.complete(Promise.scala:53)
[2026-08-12T21:24:08.870+0000] {subprocess.py:93} INFO - 	at scala.concurrent.Promise.complete$(Promise.scala:52)
[2026-08-12T21:24:08.885+0000] {subprocess.py:93} INFO - 	at scala.concurrent.impl.Promise$DefaultPromise.complete(Promise.scala:187)
[2026-08-12T21:24:08.888+0000] {subprocess.py:93} INFO - 	at scala.concurrent.impl.Promise.$anonfun$transform$1(Promise.scala:33)
[2026-08-12T21:24:08.894+0000] {subprocess.py:93} INFO - 	at scala.concurrent.impl.CallbackRunnable.run(Promise.scala:64)
[2026-08-12T21:24:08.933+0000] {subprocess.py:93} INFO - 	at org.apache.spark.util.ThreadUtils$$anon$1.execute(ThreadUtils.scala:99)
[2026-08-12T21:24:08.941+0000] {subprocess.py:93} INFO - 	at scala.concurrent.impl.ExecutionContextImpl$$anon$4.execute(ExecutionContextImpl.scala:138)
[2026-08-12T21:24:09.017+0000] {subprocess.py:93} INFO - 	at scala.concurrent.impl.CallbackRunnable.executeWithValue(Promise.scala:72)
[2026-08-12T21:24:09.096+0000] {subprocess.py:93} INFO - 	at scala.concurrent.impl.Promise$DefaultPromise.$anonfun$tryComplete$1(Promise.scala:288)
[2026-08-12T21:24:09.126+0000] {subprocess.py:93} INFO - 	at scala.concurrent.impl.Promise$DefaultPromise.$anonfun$tryComplete$1$adapted(Promise.scala:288)
[2026-08-12T21:24:09.143+0000] {subprocess.py:93} INFO - 	at scala.concurrent.impl.Promise$DefaultPromise.tryComplete(Promise.scala:288)
[2026-08-12T21:24:09.166+0000] {subprocess.py:93} INFO - 	at scala.concurrent.Promise.complete(Promise.scala:53)
[2026-08-12T21:24:09.204+0000] {subprocess.py:93} INFO - 	at scala.concurrent.Promise.complete$(Promise.scala:52)
[2026-08-12T21:24:09.211+0000] {subprocess.py:93} INFO - 	at scala.concurrent.impl.Promise$DefaultPromise.complete(Promise.scala:187)
[2026-08-12T21:24:09.230+0000] {subprocess.py:93} INFO - 	at scala.concurrent.impl.Promise.$anonfun$transform$1(Promise.scala:33)
[2026-08-12T21:24:09.245+0000] {subprocess.py:93} INFO - 	at scala.concurrent.impl.CallbackRunnable.run(Promise.scala:64)
[2026-08-12T21:24:09.247+0000] {subprocess.py:93} INFO - 	at scala.concurrent.BatchingExecutor$Batch.processBatch$1(BatchingExecutor.scala:67)
[2026-08-12T21:24:09.294+0000] {subprocess.py:93} INFO - 	at scala.concurrent.BatchingExecutor$Batch.$anonfun$run$1(BatchingExecutor.scala:82)
[2026-08-12T21:24:09.310+0000] {subprocess.py:93} INFO - 	at scala.runtime.java8.JFunction0$mcV$sp.apply(JFunction0$mcV$sp.java:23)
[2026-08-12T21:24:09.319+0000] {subprocess.py:93} INFO - 	at scala.concurrent.BlockContext$.withBlockContext(BlockContext.scala:85)
[2026-08-12T21:24:09.342+0000] {subprocess.py:93} INFO - 	at scala.concurrent.BatchingExecutor$Batch.run(BatchingExecutor.scala:59)
[2026-08-12T21:24:09.355+0000] {subprocess.py:93} INFO - 	at scala.concurrent.Future$InternalCallbackExecutor$.unbatchedExecute(Future.scala:875)
[2026-08-12T21:24:09.393+0000] {subprocess.py:93} INFO - 	at scala.concurrent.BatchingExecutor.execute(BatchingExecutor.scala:110)
[2026-08-12T21:24:09.425+0000] {subprocess.py:93} INFO - 	at scala.concurrent.BatchingExecutor.execute$(BatchingExecutor.scala:107)
[2026-08-12T21:24:09.443+0000] {subprocess.py:93} INFO - 	at scala.concurrent.Future$InternalCallbackExecutor$.execute(Future.scala:873)
[2026-08-12T21:24:09.459+0000] {subprocess.py:93} INFO - 	at scala.concurrent.impl.CallbackRunnable.executeWithValue(Promise.scala:72)
[2026-08-12T21:24:09.476+0000] {subprocess.py:93} INFO - 	at scala.concurrent.impl.Promise$DefaultPromise.$anonfun$tryComplete$1(Promise.scala:288)
[2026-08-12T21:24:09.489+0000] {subprocess.py:93} INFO - 	at scala.concurrent.impl.Promise$DefaultPromise.$anonfun$tryComplete$1$adapted(Promise.scala:288)
[2026-08-12T21:24:09.562+0000] {subprocess.py:93} INFO - 	at scala.concurrent.impl.Promise$DefaultPromise.tryComplete(Promise.scala:288)
[2026-08-12T21:24:09.631+0000] {subprocess.py:93} INFO - 	at scala.concurrent.Promise.trySuccess(Promise.scala:94)
[2026-08-12T21:24:09.664+0000] {subprocess.py:93} INFO - 	at scala.concurrent.Promise.trySuccess$(Promise.scala:94)
[2026-08-12T21:24:09.687+0000] {subprocess.py:93} INFO - 	at scala.concurrent.impl.Promise$DefaultPromise.trySuccess(Promise.scala:187)
[2026-08-12T21:24:09.750+0000] {subprocess.py:93} INFO - 	at org.apache.spark.rpc.netty.NettyRpcEnv.onSuccess$1(NettyRpcEnv.scala:225)
[2026-08-12T21:24:09.770+0000] {subprocess.py:93} INFO - 	at org.apache.spark.rpc.netty.NettyRpcEnv.$anonfun$askAbortable$5(NettyRpcEnv.scala:239)
[2026-08-12T21:24:09.786+0000] {subprocess.py:93} INFO - 	at org.apache.spark.rpc.netty.NettyRpcEnv.$anonfun$askAbortable$5$adapted(NettyRpcEnv.scala:238)
[2026-08-12T21:24:09.806+0000] {subprocess.py:93} INFO - 	at scala.concurrent.impl.CallbackRunnable.run(Promise.scala:64)
[2026-08-12T21:24:09.827+0000] {subprocess.py:93} INFO - 	at org.apache.spark.util.ThreadUtils$$anon$1.execute(ThreadUtils.scala:99)
[2026-08-12T21:24:09.857+0000] {subprocess.py:93} INFO - 	at scala.concurrent.impl.ExecutionContextImpl$$anon$4.execute(ExecutionContextImpl.scala:138)
[2026-08-12T21:24:09.887+0000] {subprocess.py:93} INFO - 	at scala.concurrent.impl.CallbackRunnable.executeWithValue(Promise.scala:72)
[2026-08-12T21:24:09.918+0000] {subprocess.py:93} INFO - 	at scala.concurrent.impl.Promise$DefaultPromise.$anonfun$tryComplete$1(Promise.scala:288)
[2026-08-12T21:24:09.938+0000] {subprocess.py:93} INFO - 	at scala.concurrent.impl.Promise$DefaultPromise.$anonfun$tryComplete$1$adapted(Promise.scala:288)
[2026-08-12T21:24:10.011+0000] {subprocess.py:93} INFO - 	at scala.concurrent.impl.Promise$DefaultPromise.tryComplete(Promise.scala:288)
[2026-08-12T21:24:10.105+0000] {subprocess.py:93} INFO - 	at scala.concurrent.Promise.complete(Promise.scala:53)
[2026-08-12T21:24:10.283+0000] {subprocess.py:93} INFO - 	at scala.concurrent.Promise.complete$(Promise.scala:52)
[2026-08-12T21:24:10.338+0000] {subprocess.py:93} INFO - 	at scala.concurrent.impl.Promise$DefaultPromise.complete(Promise.scala:187)
[2026-08-12T21:24:10.414+0000] {subprocess.py:93} INFO - 	at scala.concurrent.Promise.success(Promise.scala:86)
[2026-08-12T21:24:10.489+0000] {subprocess.py:93} INFO - 	at scala.concurrent.Promise.success$(Promise.scala:86)
[2026-08-12T21:24:10.528+0000] {subprocess.py:93} INFO - 	at scala.concurrent.impl.Promise$DefaultPromise.success(Promise.scala:187)
[2026-08-12T21:24:10.538+0000] {subprocess.py:93} INFO - 	at org.apache.spark.rpc.netty.LocalNettyRpcCallContext.send(NettyRpcCallContext.scala:50)
[2026-08-12T21:24:10.570+0000] {subprocess.py:93} INFO - 	at org.apache.spark.rpc.netty.NettyRpcCallContext.reply(NettyRpcCallContext.scala:32)
[2026-08-12T21:24:10.583+0000] {subprocess.py:93} INFO - 	at org.apache.spark.rpc.netty.RpcEndpointVerifier$$anonfun$receiveAndReply$1.applyOrElse(RpcEndpointVerifier.scala:31)
[2026-08-12T21:24:10.630+0000] {subprocess.py:93} INFO - 	... 8 more
[2026-08-12T21:24:10.663+0000] {subprocess.py:93} INFO - 26/08/12 21:23:52 WARN Executor: Issue communicating with driver in heartbeater
[2026-08-12T21:24:10.694+0000] {subprocess.py:93} INFO - org.apache.spark.SparkException: Exception thrown in awaitResult:
[2026-08-12T21:24:10.709+0000] {subprocess.py:93} INFO - 	at org.apache.spark.util.SparkThreadUtils$.awaitResult(SparkThreadUtils.scala:56)
[2026-08-12T21:24:10.730+0000] {subprocess.py:93} INFO - 	at org.apache.spark.util.ThreadUtils$.awaitResult(ThreadUtils.scala:310)
[2026-08-12T21:24:10.784+0000] {subprocess.py:93} INFO - 	at org.apache.spark.rpc.RpcTimeout.awaitResult(RpcTimeout.scala:75)
[2026-08-12T21:24:10.797+0000] {subprocess.py:93} INFO - 	at org.apache.spark.rpc.RpcEndpointRef.askSync(RpcEndpointRef.scala:101)
[2026-08-12T21:24:10.802+0000] {subprocess.py:93} INFO - 	at org.apache.spark.rpc.RpcEndpointRef.askSync(RpcEndpointRef.scala:85)
[2026-08-12T21:24:10.810+0000] {subprocess.py:93} INFO - 	at org.apache.spark.storage.BlockManagerMaster.registerBlockManager(BlockManagerMaster.scala:80)
[2026-08-12T21:24:10.836+0000] {subprocess.py:93} INFO - 	at org.apache.spark.storage.BlockManager.reregister(BlockManager.scala:642)
[2026-08-12T21:24:10.853+0000] {subprocess.py:93} INFO - 	at org.apache.spark.executor.Executor.reportHeartBeat(Executor.scala:1223)
[2026-08-12T21:24:10.859+0000] {subprocess.py:93} INFO - 	at org.apache.spark.executor.Executor.$anonfun$heartbeater$1(Executor.scala:295)
[2026-08-12T21:24:10.883+0000] {subprocess.py:93} INFO - 	at scala.runtime.java8.JFunction0$mcV$sp.apply(JFunction0$mcV$sp.java:23)
[2026-08-12T21:24:10.889+0000] {subprocess.py:93} INFO - 	at org.apache.spark.util.Utils$.logUncaughtExceptions(Utils.scala:1928)
[2026-08-12T21:24:10.915+0000] {subprocess.py:93} INFO - 	at org.apache.spark.Heartbeater$$anon$1.run(Heartbeater.scala:46)
[2026-08-12T21:24:10.924+0000] {subprocess.py:93} INFO - 	at java.base/java.util.concurrent.Executors$RunnableAdapter.call(Executors.java:539)
[2026-08-12T21:24:10.940+0000] {subprocess.py:93} INFO - 	at java.base/java.util.concurrent.FutureTask.runAndReset(FutureTask.java:305)
[2026-08-12T21:24:10.950+0000] {subprocess.py:93} INFO - 	at java.base/java.util.concurrent.ScheduledThreadPoolExecutor$ScheduledFutureTask.run(ScheduledThreadPoolExecutor.java:305)
[2026-08-12T21:24:10.954+0000] {subprocess.py:93} INFO - 	at java.base/java.util.concurrent.ThreadPoolExecutor.runWorker(ThreadPoolExecutor.java:1136)
[2026-08-12T21:24:10.958+0000] {subprocess.py:93} INFO - 	at java.base/java.util.concurrent.ThreadPoolExecutor$Worker.run(ThreadPoolExecutor.java:635)
[2026-08-12T21:24:10.971+0000] {subprocess.py:93} INFO - 	at java.base/java.lang.Thread.run(Thread.java:840)
[2026-08-12T21:24:10.992+0000] {subprocess.py:93} INFO - Caused by: org.apache.spark.SparkException: Exception thrown in awaitResult:
[2026-08-12T21:24:11.002+0000] {subprocess.py:93} INFO - 	at org.apache.spark.util.SparkThreadUtils$.awaitResult(SparkThreadUtils.scala:56)
[2026-08-12T21:24:11.014+0000] {subprocess.py:93} INFO - 	at org.apache.spark.util.ThreadUtils$.awaitResult(ThreadUtils.scala:310)
[2026-08-12T21:24:11.027+0000] {subprocess.py:93} INFO - 	at org.apache.spark.rpc.RpcTimeout.awaitResult(RpcTimeout.scala:75)
[2026-08-12T21:24:11.030+0000] {subprocess.py:93} INFO - 	at org.apache.spark.rpc.RpcEnv.setupEndpointRefByURI(RpcEnv.scala:102)
[2026-08-12T21:24:11.035+0000] {subprocess.py:93} INFO - 	at org.apache.spark.rpc.RpcEnv.setupEndpointRef(RpcEnv.scala:110)
[2026-08-12T21:24:11.048+0000] {subprocess.py:93} INFO - 	at org.apache.spark.util.RpcUtils$.makeDriverRef(RpcUtils.scala:36)
[2026-08-12T21:24:11.058+0000] {subprocess.py:93} INFO - 	at org.apache.spark.storage.BlockManagerMasterEndpoint.driverEndpoint$lzycompute(BlockManagerMasterEndpoint.scala:124)
[2026-08-12T21:24:11.064+0000] {subprocess.py:93} INFO - 	at org.apache.spark.storage.BlockManagerMasterEndpoint.org$apache$spark$storage$BlockManagerMasterEndpoint$$driverEndpoint(BlockManagerMasterEndpoint.scala:123)
[2026-08-12T21:24:11.067+0000] {subprocess.py:93} INFO - 	at org.apache.spark.storage.BlockManagerMasterEndpoint.isExecutorAlive$lzycompute$1(BlockManagerMasterEndpoint.scala:688)
[2026-08-12T21:24:11.072+0000] {subprocess.py:93} INFO - 	at org.apache.spark.storage.BlockManagerMasterEndpoint.isExecutorAlive$1(BlockManagerMasterEndpoint.scala:687)
[2026-08-12T21:24:11.082+0000] {subprocess.py:93} INFO - 	at org.apache.spark.storage.BlockManagerMasterEndpoint.org$apache$spark$storage$BlockManagerMasterEndpoint$$register(BlockManagerMasterEndpoint.scala:725)
[2026-08-12T21:24:11.085+0000] {subprocess.py:93} INFO - 	at org.apache.spark.storage.BlockManagerMasterEndpoint$$anonfun$receiveAndReply$1.applyOrElse(BlockManagerMasterEndpoint.scala:133)
[2026-08-12T21:24:11.089+0000] {subprocess.py:93} INFO - 	at org.apache.spark.rpc.netty.Inbox.$anonfun$process$1(Inbox.scala:103)
[2026-08-12T21:24:11.111+0000] {subprocess.py:93} INFO - 	at org.apache.spark.rpc.netty.Inbox.safelyCall(Inbox.scala:213)
[2026-08-12T21:24:11.121+0000] {subprocess.py:93} INFO - 	at org.apache.spark.rpc.netty.Inbox.process(Inbox.scala:100)
[2026-08-12T21:24:11.127+0000] {subprocess.py:93} INFO - 	at org.apache.spark.rpc.netty.MessageLoop.org$apache$spark$rpc$netty$MessageLoop$$receiveLoop(MessageLoop.scala:75)
[2026-08-12T21:24:11.131+0000] {subprocess.py:93} INFO - 	at org.apache.spark.rpc.netty.MessageLoop$$anon$1.run(MessageLoop.scala:41)
[2026-08-12T21:24:11.145+0000] {subprocess.py:93} INFO - 	... 3 more
[2026-08-12T21:24:11.156+0000] {subprocess.py:93} INFO - Caused by: org.apache.spark.rpc.RpcEndpointNotFoundException: Cannot find endpoint: spark://CoarseGrainedScheduler@4099a95615c9:36011
[2026-08-12T21:24:11.161+0000] {subprocess.py:93} INFO - 	at org.apache.spark.rpc.netty.NettyRpcEnv.$anonfun$asyncSetupEndpointRefByURI$1(NettyRpcEnv.scala:148)
[2026-08-12T21:24:11.165+0000] {subprocess.py:93} INFO - 	at org.apache.spark.rpc.netty.NettyRpcEnv.$anonfun$asyncSetupEndpointRefByURI$1$adapted(NettyRpcEnv.scala:144)
[2026-08-12T21:24:11.174+0000] {subprocess.py:93} INFO - 	at scala.concurrent.Future.$anonfun$flatMap$1(Future.scala:307)
[2026-08-12T21:24:11.178+0000] {subprocess.py:93} INFO - 	at scala.concurrent.impl.Promise.$anonfun$transformWith$1(Promise.scala:41)
[2026-08-12T21:24:11.184+0000] {subprocess.py:93} INFO - 	at scala.concurrent.impl.CallbackRunnable.run(Promise.scala:64)
[2026-08-12T21:24:11.200+0000] {subprocess.py:93} INFO - 	at org.apache.spark.util.ThreadUtils$$anon$1.execute(ThreadUtils.scala:99)
[2026-08-12T21:24:11.204+0000] {subprocess.py:93} INFO - 	at scala.concurrent.impl.ExecutionContextImpl$$anon$4.execute(ExecutionContextImpl.scala:138)
[2026-08-12T21:24:11.216+0000] {subprocess.py:93} INFO - 	at scala.concurrent.impl.CallbackRunnable.executeWithValue(Promise.scala:72)
[2026-08-12T21:24:11.219+0000] {subprocess.py:93} INFO - 	at scala.concurrent.impl.Promise$DefaultPromise.$anonfun$tryComplete$1(Promise.scala:288)
[2026-08-12T21:24:11.237+0000] {subprocess.py:93} INFO - 	at scala.concurrent.impl.Promise$DefaultPromise.$anonfun$tryComplete$1$adapted(Promise.scala:288)
[2026-08-12T21:24:11.240+0000] {subprocess.py:93} INFO - 	at scala.concurrent.impl.Promise$DefaultPromise.tryComplete(Promise.scala:288)
[2026-08-12T21:24:11.258+0000] {subprocess.py:93} INFO - 	at scala.concurrent.Promise.complete(Promise.scala:53)
[2026-08-12T21:24:11.266+0000] {subprocess.py:93} INFO - 	at scala.concurrent.Promise.complete$(Promise.scala:52)
[2026-08-12T21:24:11.283+0000] {subprocess.py:93} INFO - 	at scala.concurrent.impl.Promise$DefaultPromise.complete(Promise.scala:187)
[2026-08-12T21:24:11.291+0000] {subprocess.py:93} INFO - 	at scala.concurrent.impl.Promise.$anonfun$transform$1(Promise.scala:33)
[2026-08-12T21:24:11.315+0000] {subprocess.py:93} INFO - 	at scala.concurrent.impl.CallbackRunnable.run(Promise.scala:64)
[2026-08-12T21:24:11.352+0000] {subprocess.py:93} INFO - 	at org.apache.spark.util.ThreadUtils$$anon$1.execute(ThreadUtils.scala:99)
[2026-08-12T21:24:11.376+0000] {subprocess.py:93} INFO - 	at scala.concurrent.impl.ExecutionContextImpl$$anon$4.execute(ExecutionContextImpl.scala:138)
[2026-08-12T21:24:11.380+0000] {subprocess.py:93} INFO - 	at scala.concurrent.impl.CallbackRunnable.executeWithValue(Promise.scala:72)
[2026-08-12T21:24:11.413+0000] {subprocess.py:93} INFO - 	at scala.concurrent.impl.Promise$DefaultPromise.$anonfun$tryComplete$1(Promise.scala:288)
[2026-08-12T21:24:11.431+0000] {subprocess.py:93} INFO - 	at scala.concurrent.impl.Promise$DefaultPromise.$anonfun$tryComplete$1$adapted(Promise.scala:288)
[2026-08-12T21:24:11.463+0000] {subprocess.py:93} INFO - 	at scala.concurrent.impl.Promise$DefaultPromise.tryComplete(Promise.scala:288)
[2026-08-12T21:24:11.517+0000] {subprocess.py:93} INFO - 	at scala.concurrent.Promise.complete(Promise.scala:53)
[2026-08-12T21:24:11.535+0000] {subprocess.py:93} INFO - 	at scala.concurrent.Promise.complete$(Promise.scala:52)
[2026-08-12T21:24:11.549+0000] {subprocess.py:93} INFO - 	at scala.concurrent.impl.Promise$DefaultPromise.complete(Promise.scala:187)
[2026-08-12T21:24:11.574+0000] {subprocess.py:93} INFO - 	at scala.concurrent.impl.Promise.$anonfun$transform$1(Promise.scala:33)
[2026-08-12T21:24:11.612+0000] {subprocess.py:93} INFO - 	at scala.concurrent.impl.CallbackRunnable.run(Promise.scala:64)
[2026-08-12T21:24:11.691+0000] {subprocess.py:93} INFO - 	at scala.concurrent.BatchingExecutor$Batch.processBatch$1(BatchingExecutor.scala:67)
[2026-08-12T21:24:11.693+0000] {subprocess.py:93} INFO - 	at scala.concurrent.BatchingExecutor$Batch.$anonfun$run$1(BatchingExecutor.scala:82)
[2026-08-12T21:24:11.708+0000] {subprocess.py:93} INFO - 	at scala.runtime.java8.JFunction0$mcV$sp.apply(JFunction0$mcV$sp.java:23)
[2026-08-12T21:24:11.768+0000] {subprocess.py:93} INFO - 	at scala.concurrent.BlockContext$.withBlockContext(BlockContext.scala:85)
[2026-08-12T21:24:11.782+0000] {subprocess.py:93} INFO - 	at scala.concurrent.BatchingExecutor$Batch.run(BatchingExecutor.scala:59)
[2026-08-12T21:24:11.805+0000] {subprocess.py:93} INFO - 	at scala.concurrent.Future$InternalCallbackExecutor$.unbatchedExecute(Future.scala:875)
[2026-08-12T21:24:11.907+0000] {subprocess.py:93} INFO - 	at scala.concurrent.BatchingExecutor.execute(BatchingExecutor.scala:110)
[2026-08-12T21:24:11.922+0000] {subprocess.py:93} INFO - 	at scala.concurrent.BatchingExecutor.execute$(BatchingExecutor.scala:107)
[2026-08-12T21:24:12.014+0000] {subprocess.py:93} INFO - 	at scala.concurrent.Future$InternalCallbackExecutor$.execute(Future.scala:873)
[2026-08-12T21:24:12.040+0000] {subprocess.py:93} INFO - 	at scala.concurrent.impl.CallbackRunnable.executeWithValue(Promise.scala:72)
[2026-08-12T21:24:12.066+0000] {subprocess.py:93} INFO - 	at scala.concurrent.impl.Promise$DefaultPromise.$anonfun$tryComplete$1(Promise.scala:288)
[2026-08-12T21:24:12.099+0000] {subprocess.py:93} INFO - 	at scala.concurrent.impl.Promise$DefaultPromise.$anonfun$tryComplete$1$adapted(Promise.scala:288)
[2026-08-12T21:24:12.114+0000] {subprocess.py:93} INFO - 	at scala.concurrent.impl.Promise$DefaultPromise.tryComplete(Promise.scala:288)
[2026-08-12T21:24:12.127+0000] {subprocess.py:93} INFO - 	at scala.concurrent.Promise.trySuccess(Promise.scala:94)
[2026-08-12T21:24:12.194+0000] {subprocess.py:93} INFO - 	at scala.concurrent.Promise.trySuccess$(Promise.scala:94)
[2026-08-12T21:24:12.210+0000] {subprocess.py:93} INFO - 	at scala.concurrent.impl.Promise$DefaultPromise.trySuccess(Promise.scala:187)
[2026-08-12T21:24:12.241+0000] {subprocess.py:93} INFO - 	at org.apache.spark.rpc.netty.NettyRpcEnv.onSuccess$1(NettyRpcEnv.scala:225)
[2026-08-12T21:24:12.255+0000] {subprocess.py:93} INFO - 	at org.apache.spark.rpc.netty.NettyRpcEnv.$anonfun$askAbortable$5(NettyRpcEnv.scala:239)
[2026-08-12T21:24:12.262+0000] {subprocess.py:93} INFO - 	at org.apache.spark.rpc.netty.NettyRpcEnv.$anonfun$askAbortable$5$adapted(NettyRpcEnv.scala:238)
[2026-08-12T21:24:12.361+0000] {subprocess.py:93} INFO - 	at scala.concurrent.impl.CallbackRunnable.run(Promise.scala:64)
[2026-08-12T21:24:12.428+0000] {subprocess.py:93} INFO - 	at org.apache.spark.util.ThreadUtils$$anon$1.execute(ThreadUtils.scala:99)
[2026-08-12T21:24:12.454+0000] {subprocess.py:93} INFO - 	at scala.concurrent.impl.ExecutionContextImpl$$anon$4.execute(ExecutionContextImpl.scala:138)
[2026-08-12T21:24:12.486+0000] {subprocess.py:93} INFO - 	at scala.concurrent.impl.CallbackRunnable.executeWithValue(Promise.scala:72)
[2026-08-12T21:24:12.513+0000] {subprocess.py:93} INFO - 	at scala.concurrent.impl.Promise$DefaultPromise.$anonfun$tryComplete$1(Promise.scala:288)
[2026-08-12T21:24:12.555+0000] {subprocess.py:93} INFO - 	at scala.concurrent.impl.Promise$DefaultPromise.$anonfun$tryComplete$1$adapted(Promise.scala:288)
[2026-08-12T21:24:12.613+0000] {subprocess.py:93} INFO - 	at scala.concurrent.impl.Promise$DefaultPromise.tryComplete(Promise.scala:288)
[2026-08-12T21:24:12.694+0000] {subprocess.py:93} INFO - 	at scala.concurrent.Promise.complete(Promise.scala:53)
[2026-08-12T21:24:12.750+0000] {subprocess.py:93} INFO - 	at scala.concurrent.Promise.complete$(Promise.scala:52)
[2026-08-12T21:24:12.753+0000] {subprocess.py:93} INFO - 	at scala.concurrent.impl.Promise$DefaultPromise.complete(Promise.scala:187)
[2026-08-12T21:24:12.766+0000] {subprocess.py:93} INFO - 	at scala.concurrent.Promise.success(Promise.scala:86)
[2026-08-12T21:24:12.810+0000] {subprocess.py:93} INFO - 	at scala.concurrent.Promise.success$(Promise.scala:86)
[2026-08-12T21:24:12.831+0000] {subprocess.py:93} INFO - 	at scala.concurrent.impl.Promise$DefaultPromise.success(Promise.scala:187)
[2026-08-12T21:24:12.839+0000] {subprocess.py:93} INFO - 	at org.apache.spark.rpc.netty.LocalNettyRpcCallContext.send(NettyRpcCallContext.scala:50)
[2026-08-12T21:24:12.843+0000] {subprocess.py:93} INFO - 	at org.apache.spark.rpc.netty.NettyRpcCallContext.reply(NettyRpcCallContext.scala:32)
[2026-08-12T21:24:12.853+0000] {subprocess.py:93} INFO - 	at org.apache.spark.rpc.netty.RpcEndpointVerifier$$anonfun$receiveAndReply$1.applyOrElse(RpcEndpointVerifier.scala:31)
[2026-08-12T21:24:12.865+0000] {subprocess.py:93} INFO - 	... 8 more
[2026-08-12T21:24:12.886+0000] {subprocess.py:93} INFO - 26/08/12 21:23:57 ERROR Inbox: Ignoring error
[2026-08-12T21:24:12.996+0000] {subprocess.py:93} INFO - org.apache.spark.SparkException: Exception thrown in awaitResult:
[2026-08-12T21:24:13.012+0000] {subprocess.py:93} INFO - 	at org.apache.spark.util.SparkThreadUtils$.awaitResult(SparkThreadUtils.scala:56)
[2026-08-12T21:24:13.022+0000] {subprocess.py:93} INFO - 	at org.apache.spark.util.ThreadUtils$.awaitResult(ThreadUtils.scala:310)
[2026-08-12T21:24:13.064+0000] {subprocess.py:93} INFO - 	at org.apache.spark.rpc.RpcTimeout.awaitResult(RpcTimeout.scala:75)
[2026-08-12T21:24:13.089+0000] {subprocess.py:93} INFO - 	at org.apache.spark.rpc.RpcEnv.setupEndpointRefByURI(RpcEnv.scala:102)
[2026-08-12T21:24:13.183+0000] {subprocess.py:93} INFO - 	at org.apache.spark.rpc.RpcEnv.setupEndpointRef(RpcEnv.scala:110)
[2026-08-12T21:24:13.220+0000] {subprocess.py:93} INFO - 	at org.apache.spark.util.RpcUtils$.makeDriverRef(RpcUtils.scala:36)
[2026-08-12T21:24:13.240+0000] {subprocess.py:93} INFO - 	at org.apache.spark.storage.BlockManagerMasterEndpoint.driverEndpoint$lzycompute(BlockManagerMasterEndpoint.scala:124)
[2026-08-12T21:24:13.595+0000] {subprocess.py:93} INFO - 	at org.apache.spark.storage.BlockManagerMasterEndpoint.org$apache$spark$storage$BlockManagerMasterEndpoint$$driverEndpoint(BlockManagerMasterEndpoint.scala:123)
[2026-08-12T21:24:13.776+0000] {subprocess.py:93} INFO - 	at org.apache.spark.storage.BlockManagerMasterEndpoint.isExecutorAlive$lzycompute$1(BlockManagerMasterEndpoint.scala:688)
[2026-08-12T21:24:13.874+0000] {subprocess.py:93} INFO - 	at org.apache.spark.storage.BlockManagerMasterEndpoint.isExecutorAlive$1(BlockManagerMasterEndpoint.scala:687)
[2026-08-12T21:24:13.947+0000] {subprocess.py:93} INFO - 	at org.apache.spark.storage.BlockManagerMasterEndpoint.org$apache$spark$storage$BlockManagerMasterEndpoint$$register(BlockManagerMasterEndpoint.scala:725)
[2026-08-12T21:24:14.016+0000] {subprocess.py:93} INFO - 	at org.apache.spark.storage.BlockManagerMasterEndpoint$$anonfun$receiveAndReply$1.applyOrElse(BlockManagerMasterEndpoint.scala:133)
[2026-08-12T21:24:14.068+0000] {subprocess.py:93} INFO - 	at org.apache.spark.rpc.netty.Inbox.$anonfun$process$1(Inbox.scala:103)
[2026-08-12T21:24:14.110+0000] {subprocess.py:93} INFO - 	at org.apache.spark.rpc.netty.Inbox.safelyCall(Inbox.scala:213)
[2026-08-12T21:24:14.196+0000] {subprocess.py:93} INFO - 	at org.apache.spark.rpc.netty.Inbox.process(Inbox.scala:100)
[2026-08-12T21:24:14.278+0000] {subprocess.py:93} INFO - 	at org.apache.spark.rpc.netty.MessageLoop.org$apache$spark$rpc$netty$MessageLoop$$receiveLoop(MessageLoop.scala:75)
[2026-08-12T21:24:14.298+0000] {subprocess.py:93} INFO - 	at org.apache.spark.rpc.netty.MessageLoop$$anon$1.run(MessageLoop.scala:41)
[2026-08-12T21:24:14.344+0000] {subprocess.py:93} INFO - 	at java.base/java.util.concurrent.ThreadPoolExecutor.runWorker(ThreadPoolExecutor.java:1136)
[2026-08-12T21:24:14.358+0000] {subprocess.py:93} INFO - 	at java.base/java.util.concurrent.ThreadPoolExecutor$Worker.run(ThreadPoolExecutor.java:635)
[2026-08-12T21:24:14.377+0000] {subprocess.py:93} INFO - 	at java.base/java.lang.Thread.run(Thread.java:840)
[2026-08-12T21:24:14.386+0000] {subprocess.py:93} INFO - Caused by: org.apache.spark.rpc.RpcEndpointNotFoundException: Cannot find endpoint: spark://CoarseGrainedScheduler@4099a95615c9:36011
[2026-08-12T21:24:14.407+0000] {subprocess.py:93} INFO - 	at org.apache.spark.rpc.netty.NettyRpcEnv.$anonfun$asyncSetupEndpointRefByURI$1(NettyRpcEnv.scala:148)
[2026-08-12T21:24:14.449+0000] {subprocess.py:93} INFO - 	at org.apache.spark.rpc.netty.NettyRpcEnv.$anonfun$asyncSetupEndpointRefByURI$1$adapted(NettyRpcEnv.scala:144)
[2026-08-12T21:24:14.469+0000] {subprocess.py:93} INFO - 	at scala.concurrent.Future.$anonfun$flatMap$1(Future.scala:307)
[2026-08-12T21:24:14.488+0000] {subprocess.py:93} INFO - 	at scala.concurrent.impl.Promise.$anonfun$transformWith$1(Promise.scala:41)
[2026-08-12T21:24:14.702+0000] {subprocess.py:93} INFO - 	at scala.concurrent.impl.CallbackRunnable.run(Promise.scala:64)
[2026-08-12T21:24:14.735+0000] {subprocess.py:93} INFO - 	at org.apache.spark.util.ThreadUtils$$anon$1.execute(ThreadUtils.scala:99)
[2026-08-12T21:24:15.178+0000] {subprocess.py:93} INFO - 	at scala.concurrent.impl.ExecutionContextImpl$$anon$4.execute(ExecutionContextImpl.scala:138)
[2026-08-12T21:24:15.187+0000] {subprocess.py:93} INFO - 	at scala.concurrent.impl.CallbackRunnable.executeWithValue(Promise.scala:72)
[2026-08-12T21:24:15.275+0000] {subprocess.py:93} INFO - 	at scala.concurrent.impl.Promise$DefaultPromise.$anonfun$tryComplete$1(Promise.scala:288)
[2026-08-12T21:24:15.280+0000] {subprocess.py:93} INFO - 	at scala.concurrent.impl.Promise$DefaultPromise.$anonfun$tryComplete$1$adapted(Promise.scala:288)
[2026-08-12T21:24:15.398+0000] {subprocess.py:93} INFO - 	at scala.concurrent.impl.Promise$DefaultPromise.tryComplete(Promise.scala:288)
[2026-08-12T21:24:15.415+0000] {subprocess.py:93} INFO - 	at scala.concurrent.Promise.complete(Promise.scala:53)
[2026-08-12T21:24:15.463+0000] {subprocess.py:93} INFO - 	at scala.concurrent.Promise.complete$(Promise.scala:52)
[2026-08-12T21:24:15.478+0000] {subprocess.py:93} INFO - 	at scala.concurrent.impl.Promise$DefaultPromise.complete(Promise.scala:187)
[2026-08-12T21:24:15.494+0000] {subprocess.py:93} INFO - 	at scala.concurrent.impl.Promise.$anonfun$transform$1(Promise.scala:33)
[2026-08-12T21:24:15.511+0000] {subprocess.py:93} INFO - 	at scala.concurrent.impl.CallbackRunnable.run(Promise.scala:64)
[2026-08-12T21:24:15.526+0000] {subprocess.py:93} INFO - 	at org.apache.spark.util.ThreadUtils$$anon$1.execute(ThreadUtils.scala:99)
[2026-08-12T21:24:15.542+0000] {subprocess.py:93} INFO - 	at scala.concurrent.impl.ExecutionContextImpl$$anon$4.execute(ExecutionContextImpl.scala:138)
[2026-08-12T21:24:15.641+0000] {subprocess.py:93} INFO - 	at scala.concurrent.impl.CallbackRunnable.executeWithValue(Promise.scala:72)
[2026-08-12T21:24:15.718+0000] {subprocess.py:93} INFO - 	at scala.concurrent.impl.Promise$DefaultPromise.$anonfun$tryComplete$1(Promise.scala:288)
[2026-08-12T21:24:15.734+0000] {subprocess.py:93} INFO - 	at scala.concurrent.impl.Promise$DefaultPromise.$anonfun$tryComplete$1$adapted(Promise.scala:288)
[2026-08-12T21:24:15.814+0000] {subprocess.py:93} INFO - 	at scala.concurrent.impl.Promise$DefaultPromise.tryComplete(Promise.scala:288)
[2026-08-12T21:24:15.856+0000] {subprocess.py:93} INFO - 	at scala.concurrent.Promise.complete(Promise.scala:53)
[2026-08-12T21:24:15.899+0000] {subprocess.py:93} INFO - 	at scala.concurrent.Promise.complete$(Promise.scala:52)
[2026-08-12T21:24:15.962+0000] {subprocess.py:93} INFO - 	at scala.concurrent.impl.Promise$DefaultPromise.complete(Promise.scala:187)
[2026-08-12T21:24:15.994+0000] {subprocess.py:93} INFO - 	at scala.concurrent.impl.Promise.$anonfun$transform$1(Promise.scala:33)
[2026-08-12T21:24:16.058+0000] {subprocess.py:93} INFO - 	at scala.concurrent.impl.CallbackRunnable.run(Promise.scala:64)
[2026-08-12T21:24:16.192+0000] {subprocess.py:93} INFO - 	at scala.concurrent.BatchingExecutor$Batch.processBatch$1(BatchingExecutor.scala:67)
[2026-08-12T21:24:16.360+0000] {subprocess.py:93} INFO - 	at scala.concurrent.BatchingExecutor$Batch.$anonfun$run$1(BatchingExecutor.scala:82)
[2026-08-12T21:24:16.372+0000] {subprocess.py:93} INFO - 	at scala.runtime.java8.JFunction0$mcV$sp.apply(JFunction0$mcV$sp.java:23)
[2026-08-12T21:24:16.400+0000] {subprocess.py:93} INFO - 	at scala.concurrent.BlockContext$.withBlockContext(BlockContext.scala:85)
[2026-08-12T21:24:16.406+0000] {subprocess.py:93} INFO - 	at scala.concurrent.BatchingExecutor$Batch.run(BatchingExecutor.scala:59)
[2026-08-12T21:24:16.472+0000] {subprocess.py:93} INFO - 	at scala.concurrent.Future$InternalCallbackExecutor$.unbatchedExecute(Future.scala:875)
[2026-08-12T21:24:16.549+0000] {subprocess.py:93} INFO - 	at scala.concurrent.BatchingExecutor.execute(BatchingExecutor.scala:110)
[2026-08-12T21:24:16.635+0000] {subprocess.py:93} INFO - 	at scala.concurrent.BatchingExecutor.execute$(BatchingExecutor.scala:107)
[2026-08-12T21:24:16.645+0000] {subprocess.py:93} INFO - 	at scala.concurrent.Future$InternalCallbackExecutor$.execute(Future.scala:873)
[2026-08-12T21:24:16.698+0000] {subprocess.py:93} INFO - 	at scala.concurrent.impl.CallbackRunnable.executeWithValue(Promise.scala:72)
[2026-08-12T21:24:16.761+0000] {subprocess.py:93} INFO - 	at scala.concurrent.impl.Promise$DefaultPromise.$anonfun$tryComplete$1(Promise.scala:288)
[2026-08-12T21:24:16.767+0000] {subprocess.py:93} INFO - 	at scala.concurrent.impl.Promise$DefaultPromise.$anonfun$tryComplete$1$adapted(Promise.scala:288)
[2026-08-12T21:24:16.785+0000] {subprocess.py:93} INFO - 	at scala.concurrent.impl.Promise$DefaultPromise.tryComplete(Promise.scala:288)
[2026-08-12T21:24:16.803+0000] {subprocess.py:93} INFO - 	at scala.concurrent.Promise.trySuccess(Promise.scala:94)
[2026-08-12T21:24:16.820+0000] {subprocess.py:93} INFO - 	at scala.concurrent.Promise.trySuccess$(Promise.scala:94)
[2026-08-12T21:24:16.839+0000] {subprocess.py:93} INFO - 	at scala.concurrent.impl.Promise$DefaultPromise.trySuccess(Promise.scala:187)
[2026-08-12T21:24:16.852+0000] {subprocess.py:93} INFO - 	at org.apache.spark.rpc.netty.NettyRpcEnv.onSuccess$1(NettyRpcEnv.scala:225)
[2026-08-12T21:24:16.863+0000] {subprocess.py:93} INFO - 	at org.apache.spark.rpc.netty.NettyRpcEnv.$anonfun$askAbortable$5(NettyRpcEnv.scala:239)
[2026-08-12T21:24:16.866+0000] {subprocess.py:93} INFO - 	at org.apache.spark.rpc.netty.NettyRpcEnv.$anonfun$askAbortable$5$adapted(NettyRpcEnv.scala:238)
[2026-08-12T21:24:16.885+0000] {subprocess.py:93} INFO - 	at scala.concurrent.impl.CallbackRunnable.run(Promise.scala:64)
[2026-08-12T21:24:16.931+0000] {subprocess.py:93} INFO - 	at org.apache.spark.util.ThreadUtils$$anon$1.execute(ThreadUtils.scala:99)
[2026-08-12T21:24:16.963+0000] {subprocess.py:93} INFO - 	at scala.concurrent.impl.ExecutionContextImpl$$anon$4.execute(ExecutionContextImpl.scala:138)
[2026-08-12T21:24:16.979+0000] {subprocess.py:93} INFO - 	at scala.concurrent.impl.CallbackRunnable.executeWithValue(Promise.scala:72)
[2026-08-12T21:24:17.015+0000] {subprocess.py:93} INFO - 	at scala.concurrent.impl.Promise$DefaultPromise.$anonfun$tryComplete$1(Promise.scala:288)
[2026-08-12T21:24:17.127+0000] {subprocess.py:93} INFO - 	at scala.concurrent.impl.Promise$DefaultPromise.$anonfun$tryComplete$1$adapted(Promise.scala:288)
[2026-08-12T21:24:17.160+0000] {subprocess.py:93} INFO - 	at scala.concurrent.impl.Promise$DefaultPromise.tryComplete(Promise.scala:288)
[2026-08-12T21:24:17.173+0000] {subprocess.py:93} INFO - 	at scala.concurrent.Promise.complete(Promise.scala:53)
[2026-08-12T21:24:17.228+0000] {subprocess.py:93} INFO - 	at scala.concurrent.Promise.complete$(Promise.scala:52)
[2026-08-12T21:24:17.655+0000] {subprocess.py:93} INFO - 	at scala.concurrent.impl.Promise$DefaultPromise.complete(Promise.scala:187)
[2026-08-12T21:24:17.674+0000] {subprocess.py:93} INFO - 	at scala.concurrent.Promise.success(Promise.scala:86)
[2026-08-12T21:24:17.696+0000] {subprocess.py:93} INFO - 	at scala.concurrent.Promise.success$(Promise.scala:86)
[2026-08-12T21:24:17.711+0000] {subprocess.py:93} INFO - 	at scala.concurrent.impl.Promise$DefaultPromise.success(Promise.scala:187)
[2026-08-12T21:24:17.761+0000] {subprocess.py:93} INFO - 	at org.apache.spark.rpc.netty.LocalNettyRpcCallContext.send(NettyRpcCallContext.scala:50)
[2026-08-12T21:24:17.783+0000] {subprocess.py:93} INFO - 	at org.apache.spark.rpc.netty.NettyRpcCallContext.reply(NettyRpcCallContext.scala:32)
[2026-08-12T21:24:17.803+0000] {subprocess.py:93} INFO - 	at org.apache.spark.rpc.netty.RpcEndpointVerifier$$anonfun$receiveAndReply$1.applyOrElse(RpcEndpointVerifier.scala:31)
[2026-08-12T21:24:17.819+0000] {subprocess.py:93} INFO - 	... 8 more
[2026-08-12T21:24:17.850+0000] {subprocess.py:93} INFO - 26/08/12 21:23:57 WARN Executor: Issue communicating with driver in heartbeater
[2026-08-12T21:24:17.868+0000] {subprocess.py:93} INFO - org.apache.spark.SparkException: Exception thrown in awaitResult:
[2026-08-12T21:24:17.960+0000] {subprocess.py:93} INFO - 	at org.apache.spark.util.SparkThreadUtils$.awaitResult(SparkThreadUtils.scala:56)
[2026-08-12T21:24:17.994+0000] {subprocess.py:93} INFO - 	at org.apache.spark.util.ThreadUtils$.awaitResult(ThreadUtils.scala:310)
[2026-08-12T21:24:18.067+0000] {subprocess.py:93} INFO - 	at org.apache.spark.rpc.RpcTimeout.awaitResult(RpcTimeout.scala:75)
[2026-08-12T21:24:18.130+0000] {subprocess.py:93} INFO - 	at org.apache.spark.rpc.RpcEndpointRef.askSync(RpcEndpointRef.scala:101)
[2026-08-12T21:24:18.182+0000] {subprocess.py:93} INFO - 	at org.apache.spark.rpc.RpcEndpointRef.askSync(RpcEndpointRef.scala:85)
[2026-08-12T21:24:18.200+0000] {subprocess.py:93} INFO - 	at org.apache.spark.storage.BlockManagerMaster.registerBlockManager(BlockManagerMaster.scala:80)
[2026-08-12T21:24:18.215+0000] {subprocess.py:93} INFO - 	at org.apache.spark.storage.BlockManager.reregister(BlockManager.scala:642)
[2026-08-12T21:24:18.231+0000] {subprocess.py:93} INFO - 	at org.apache.spark.executor.Executor.reportHeartBeat(Executor.scala:1223)
[2026-08-12T21:24:18.266+0000] {subprocess.py:93} INFO - 	at org.apache.spark.executor.Executor.$anonfun$heartbeater$1(Executor.scala:295)
[2026-08-12T21:24:18.284+0000] {subprocess.py:93} INFO - 	at scala.runtime.java8.JFunction0$mcV$sp.apply(JFunction0$mcV$sp.java:23)
[2026-08-12T21:24:18.315+0000] {subprocess.py:93} INFO - 	at org.apache.spark.util.Utils$.logUncaughtExceptions(Utils.scala:1928)
[2026-08-12T21:24:18.330+0000] {subprocess.py:93} INFO - 	at org.apache.spark.Heartbeater$$anon$1.run(Heartbeater.scala:46)
[2026-08-12T21:24:18.345+0000] {subprocess.py:93} INFO - 	at java.base/java.util.concurrent.Executors$RunnableAdapter.call(Executors.java:539)
[2026-08-12T21:24:18.396+0000] {subprocess.py:93} INFO - 	at java.base/java.util.concurrent.FutureTask.runAndReset(FutureTask.java:305)
[2026-08-12T21:24:18.408+0000] {subprocess.py:93} INFO - 	at java.base/java.util.concurrent.ScheduledThreadPoolExecutor$ScheduledFutureTask.run(ScheduledThreadPoolExecutor.java:305)
[2026-08-12T21:24:18.418+0000] {subprocess.py:93} INFO - 	at java.base/java.util.concurrent.ThreadPoolExecutor.runWorker(ThreadPoolExecutor.java:1136)
[2026-08-12T21:24:18.421+0000] {subprocess.py:93} INFO - 	at java.base/java.util.concurrent.ThreadPoolExecutor$Worker.run(ThreadPoolExecutor.java:635)
[2026-08-12T21:24:18.459+0000] {subprocess.py:93} INFO - 	at java.base/java.lang.Thread.run(Thread.java:840)
[2026-08-12T21:24:18.498+0000] {subprocess.py:93} INFO - Caused by: org.apache.spark.SparkException: Exception thrown in awaitResult:
[2026-08-12T21:24:18.701+0000] {subprocess.py:93} INFO - 	at org.apache.spark.util.SparkThreadUtils$.awaitResult(SparkThreadUtils.scala:56)
[2026-08-12T21:24:18.740+0000] {subprocess.py:93} INFO - 	at org.apache.spark.util.ThreadUtils$.awaitResult(ThreadUtils.scala:310)
[2026-08-12T21:24:18.796+0000] {subprocess.py:93} INFO - 	at org.apache.spark.rpc.RpcTimeout.awaitResult(RpcTimeout.scala:75)
[2026-08-12T21:24:18.859+0000] {subprocess.py:93} INFO - 	at org.apache.spark.rpc.RpcEnv.setupEndpointRefByURI(RpcEnv.scala:102)
[2026-08-12T21:24:19.399+0000] {subprocess.py:93} INFO - 	at org.apache.spark.rpc.RpcEnv.setupEndpointRef(RpcEnv.scala:110)
[2026-08-12T21:24:19.750+0000] {subprocess.py:93} INFO - 	at org.apache.spark.util.RpcUtils$.makeDriverRef(RpcUtils.scala:36)
[2026-08-12T21:24:19.767+0000] {subprocess.py:93} INFO - 	at org.apache.spark.storage.BlockManagerMasterEndpoint.driverEndpoint$lzycompute(BlockManagerMasterEndpoint.scala:124)
[2026-08-12T21:24:19.896+0000] {subprocess.py:93} INFO - 	at org.apache.spark.storage.BlockManagerMasterEndpoint.org$apache$spark$storage$BlockManagerMasterEndpoint$$driverEndpoint(BlockManagerMasterEndpoint.scala:123)
[2026-08-12T21:24:20.173+0000] {subprocess.py:93} INFO - 	at org.apache.spark.storage.BlockManagerMasterEndpoint.isExecutorAlive$lzycompute$1(BlockManagerMasterEndpoint.scala:688)
[2026-08-12T21:24:20.487+0000] {subprocess.py:93} INFO - 	at org.apache.spark.storage.BlockManagerMasterEndpoint.isExecutorAlive$1(BlockManagerMasterEndpoint.scala:687)
[2026-08-12T21:24:20.498+0000] {subprocess.py:93} INFO - 	at org.apache.spark.storage.BlockManagerMasterEndpoint.org$apache$spark$storage$BlockManagerMasterEndpoint$$register(BlockManagerMasterEndpoint.scala:725)
[2026-08-12T21:24:20.523+0000] {subprocess.py:93} INFO - 	at org.apache.spark.storage.BlockManagerMasterEndpoint$$anonfun$receiveAndReply$1.applyOrElse(BlockManagerMasterEndpoint.scala:133)
[2026-08-12T21:24:20.530+0000] {subprocess.py:93} INFO - 	at org.apache.spark.rpc.netty.Inbox.$anonfun$process$1(Inbox.scala:103)
[2026-08-12T21:24:20.606+0000] {subprocess.py:93} INFO - 	at org.apache.spark.rpc.netty.Inbox.safelyCall(Inbox.scala:213)
[2026-08-12T21:24:20.635+0000] {subprocess.py:93} INFO - 	at org.apache.spark.rpc.netty.Inbox.process(Inbox.scala:100)
[2026-08-12T21:24:20.643+0000] {subprocess.py:93} INFO - 	at org.apache.spark.rpc.netty.MessageLoop.org$apache$spark$rpc$netty$MessageLoop$$receiveLoop(MessageLoop.scala:75)
[2026-08-12T21:24:20.649+0000] {subprocess.py:93} INFO - 	at org.apache.spark.rpc.netty.MessageLoop$$anon$1.run(MessageLoop.scala:41)
[2026-08-12T21:24:20.663+0000] {subprocess.py:93} INFO - 	... 3 more
[2026-08-12T21:24:20.676+0000] {subprocess.py:93} INFO - Caused by: org.apache.spark.rpc.RpcEndpointNotFoundException: Cannot find endpoint: spark://CoarseGrainedScheduler@4099a95615c9:36011
[2026-08-12T21:24:20.690+0000] {subprocess.py:93} INFO - 	at org.apache.spark.rpc.netty.NettyRpcEnv.$anonfun$asyncSetupEndpointRefByURI$1(NettyRpcEnv.scala:148)
[2026-08-12T21:24:20.770+0000] {subprocess.py:93} INFO - 	at org.apache.spark.rpc.netty.NettyRpcEnv.$anonfun$asyncSetupEndpointRefByURI$1$adapted(NettyRpcEnv.scala:144)
[2026-08-12T21:24:20.776+0000] {subprocess.py:93} INFO - 	at scala.concurrent.Future.$anonfun$flatMap$1(Future.scala:307)
[2026-08-12T21:24:20.808+0000] {subprocess.py:93} INFO - 	at scala.concurrent.impl.Promise.$anonfun$transformWith$1(Promise.scala:41)
[2026-08-12T21:24:20.824+0000] {subprocess.py:93} INFO - 	at scala.concurrent.impl.CallbackRunnable.run(Promise.scala:64)
[2026-08-12T21:24:20.842+0000] {subprocess.py:93} INFO - 	at org.apache.spark.util.ThreadUtils$$anon$1.execute(ThreadUtils.scala:99)
[2026-08-12T21:24:20.861+0000] {subprocess.py:93} INFO - 	at scala.concurrent.impl.ExecutionContextImpl$$anon$4.execute(ExecutionContextImpl.scala:138)
[2026-08-12T21:24:20.890+0000] {subprocess.py:93} INFO - 	at scala.concurrent.impl.CallbackRunnable.executeWithValue(Promise.scala:72)
[2026-08-12T21:24:20.924+0000] {subprocess.py:93} INFO - 	at scala.concurrent.impl.Promise$DefaultPromise.$anonfun$tryComplete$1(Promise.scala:288)
[2026-08-12T21:24:20.954+0000] {subprocess.py:93} INFO - 	at scala.concurrent.impl.Promise$DefaultPromise.$anonfun$tryComplete$1$adapted(Promise.scala:288)
[2026-08-12T21:24:20.975+0000] {subprocess.py:93} INFO - 	at scala.concurrent.impl.Promise$DefaultPromise.tryComplete(Promise.scala:288)
[2026-08-12T21:24:21.062+0000] {subprocess.py:93} INFO - 	at scala.concurrent.Promise.complete(Promise.scala:53)
[2026-08-12T21:24:21.360+0000] {subprocess.py:93} INFO - 	at scala.concurrent.Promise.complete$(Promise.scala:52)
[2026-08-12T21:24:21.422+0000] {subprocess.py:93} INFO - 	at scala.concurrent.impl.Promise$DefaultPromise.complete(Promise.scala:187)
[2026-08-12T21:24:21.444+0000] {subprocess.py:93} INFO - 	at scala.concurrent.impl.Promise.$anonfun$transform$1(Promise.scala:33)
[2026-08-12T21:24:21.502+0000] {subprocess.py:93} INFO - 	at scala.concurrent.impl.CallbackRunnable.run(Promise.scala:64)
[2026-08-12T21:24:21.509+0000] {subprocess.py:93} INFO - 	at org.apache.spark.util.ThreadUtils$$anon$1.execute(ThreadUtils.scala:99)
[2026-08-12T21:24:21.520+0000] {subprocess.py:93} INFO - 	at scala.concurrent.impl.ExecutionContextImpl$$anon$4.execute(ExecutionContextImpl.scala:138)
[2026-08-12T21:24:21.533+0000] {subprocess.py:93} INFO - 	at scala.concurrent.impl.CallbackRunnable.executeWithValue(Promise.scala:72)
[2026-08-12T21:24:21.567+0000] {subprocess.py:93} INFO - 	at scala.concurrent.impl.Promise$DefaultPromise.$anonfun$tryComplete$1(Promise.scala:288)
[2026-08-12T21:24:21.603+0000] {subprocess.py:93} INFO - 	at scala.concurrent.impl.Promise$DefaultPromise.$anonfun$tryComplete$1$adapted(Promise.scala:288)
[2026-08-12T21:24:21.634+0000] {subprocess.py:93} INFO - 	at scala.concurrent.impl.Promise$DefaultPromise.tryComplete(Promise.scala:288)
[2026-08-12T21:24:21.650+0000] {subprocess.py:93} INFO - 	at scala.concurrent.Promise.complete(Promise.scala:53)
[2026-08-12T21:24:21.666+0000] {subprocess.py:93} INFO - 	at scala.concurrent.Promise.complete$(Promise.scala:52)
[2026-08-12T21:24:21.678+0000] {subprocess.py:93} INFO - 	at scala.concurrent.impl.Promise$DefaultPromise.complete(Promise.scala:187)
[2026-08-12T21:24:21.701+0000] {subprocess.py:93} INFO - 	at scala.concurrent.impl.Promise.$anonfun$transform$1(Promise.scala:33)
[2026-08-12T21:24:21.731+0000] {subprocess.py:93} INFO - 	at scala.concurrent.impl.CallbackRunnable.run(Promise.scala:64)
[2026-08-12T21:24:21.735+0000] {subprocess.py:93} INFO - 	at scala.concurrent.BatchingExecutor$Batch.processBatch$1(BatchingExecutor.scala:67)
[2026-08-12T21:24:21.748+0000] {subprocess.py:93} INFO - 	at scala.concurrent.BatchingExecutor$Batch.$anonfun$run$1(BatchingExecutor.scala:82)
[2026-08-12T21:24:21.764+0000] {subprocess.py:93} INFO - 	at scala.runtime.java8.JFunction0$mcV$sp.apply(JFunction0$mcV$sp.java:23)
[2026-08-12T21:24:21.780+0000] {subprocess.py:93} INFO - 	at scala.concurrent.BlockContext$.withBlockContext(BlockContext.scala:85)
[2026-08-12T21:24:21.799+0000] {subprocess.py:93} INFO - 	at scala.concurrent.BatchingExecutor$Batch.run(BatchingExecutor.scala:59)
[2026-08-12T21:24:21.811+0000] {subprocess.py:93} INFO - 	at scala.concurrent.Future$InternalCallbackExecutor$.unbatchedExecute(Future.scala:875)
[2026-08-12T21:24:21.876+0000] {subprocess.py:93} INFO - 	at scala.concurrent.BatchingExecutor.execute(BatchingExecutor.scala:110)
[2026-08-12T21:24:21.906+0000] {subprocess.py:93} INFO - 	at scala.concurrent.BatchingExecutor.execute$(BatchingExecutor.scala:107)
[2026-08-12T21:24:21.956+0000] {subprocess.py:93} INFO - 	at scala.concurrent.Future$InternalCallbackExecutor$.execute(Future.scala:873)
[2026-08-12T21:24:21.988+0000] {subprocess.py:93} INFO - 	at scala.concurrent.impl.CallbackRunnable.executeWithValue(Promise.scala:72)
[2026-08-12T21:24:22.026+0000] {subprocess.py:93} INFO - 	at scala.concurrent.impl.Promise$DefaultPromise.$anonfun$tryComplete$1(Promise.scala:288)
[2026-08-12T21:24:22.038+0000] {subprocess.py:93} INFO - 	at scala.concurrent.impl.Promise$DefaultPromise.$anonfun$tryComplete$1$adapted(Promise.scala:288)
[2026-08-12T21:24:22.050+0000] {subprocess.py:93} INFO - 	at scala.concurrent.impl.Promise$DefaultPromise.tryComplete(Promise.scala:288)
[2026-08-12T21:24:22.100+0000] {subprocess.py:93} INFO - 	at scala.concurrent.Promise.trySuccess(Promise.scala:94)
[2026-08-12T21:24:22.109+0000] {subprocess.py:93} INFO - 	at scala.concurrent.Promise.trySuccess$(Promise.scala:94)
[2026-08-12T21:24:22.120+0000] {subprocess.py:93} INFO - 	at scala.concurrent.impl.Promise$DefaultPromise.trySuccess(Promise.scala:187)
[2026-08-12T21:24:22.125+0000] {subprocess.py:93} INFO - 	at org.apache.spark.rpc.netty.NettyRpcEnv.onSuccess$1(NettyRpcEnv.scala:225)
[2026-08-12T21:24:22.136+0000] {subprocess.py:93} INFO - 	at org.apache.spark.rpc.netty.NettyRpcEnv.$anonfun$askAbortable$5(NettyRpcEnv.scala:239)
[2026-08-12T21:24:22.152+0000] {subprocess.py:93} INFO - 	at org.apache.spark.rpc.netty.NettyRpcEnv.$anonfun$askAbortable$5$adapted(NettyRpcEnv.scala:238)
[2026-08-12T21:24:22.173+0000] {subprocess.py:93} INFO - 	at scala.concurrent.impl.CallbackRunnable.run(Promise.scala:64)
[2026-08-12T21:24:22.201+0000] {subprocess.py:93} INFO - 	at org.apache.spark.util.ThreadUtils$$anon$1.execute(ThreadUtils.scala:99)
[2026-08-12T21:24:22.218+0000] {subprocess.py:93} INFO - 	at scala.concurrent.impl.ExecutionContextImpl$$anon$4.execute(ExecutionContextImpl.scala:138)
[2026-08-12T21:24:22.324+0000] {subprocess.py:93} INFO - 	at scala.concurrent.impl.CallbackRunnable.executeWithValue(Promise.scala:72)
[2026-08-12T21:24:22.339+0000] {subprocess.py:93} INFO - 	at scala.concurrent.impl.Promise$DefaultPromise.$anonfun$tryComplete$1(Promise.scala:288)
[2026-08-12T21:24:22.342+0000] {subprocess.py:93} INFO - 	at scala.concurrent.impl.Promise$DefaultPromise.$anonfun$tryComplete$1$adapted(Promise.scala:288)
[2026-08-12T21:24:22.357+0000] {subprocess.py:93} INFO - 	at scala.concurrent.impl.Promise$DefaultPromise.tryComplete(Promise.scala:288)
[2026-08-12T21:24:22.502+0000] {subprocess.py:93} INFO - 	at scala.concurrent.Promise.complete(Promise.scala:53)
[2026-08-12T21:24:22.548+0000] {subprocess.py:93} INFO - 	at scala.concurrent.Promise.complete$(Promise.scala:52)
[2026-08-12T21:24:22.616+0000] {subprocess.py:93} INFO - 	at scala.concurrent.impl.Promise$DefaultPromise.complete(Promise.scala:187)
[2026-08-12T21:24:22.737+0000] {subprocess.py:93} INFO - 	at scala.concurrent.Promise.success(Promise.scala:86)
[2026-08-12T21:24:22.827+0000] {subprocess.py:93} INFO - 	at scala.concurrent.Promise.success$(Promise.scala:86)
[2026-08-12T21:24:22.904+0000] {subprocess.py:93} INFO - 	at scala.concurrent.impl.Promise$DefaultPromise.success(Promise.scala:187)
[2026-08-12T21:24:22.908+0000] {subprocess.py:93} INFO - 	at org.apache.spark.rpc.netty.LocalNettyRpcCallContext.send(NettyRpcCallContext.scala:50)
[2026-08-12T21:24:23.133+0000] {subprocess.py:93} INFO - 	at org.apache.spark.rpc.netty.NettyRpcCallContext.reply(NettyRpcCallContext.scala:32)
[2026-08-12T21:24:23.227+0000] {subprocess.py:93} INFO - 	at org.apache.spark.rpc.netty.RpcEndpointVerifier$$anonfun$receiveAndReply$1.applyOrElse(RpcEndpointVerifier.scala:31)
[2026-08-12T21:24:23.275+0000] {subprocess.py:93} INFO - 	... 8 more
[2026-08-12T21:24:23.291+0000] {subprocess.py:93} INFO - 26/08/12 21:24:00 WARN Executor: Issue communicating with driver in heartbeater
[2026-08-12T21:24:23.357+0000] {subprocess.py:93} INFO - org.apache.spark.SparkException: Exception thrown in awaitResult:
[2026-08-12T21:24:23.371+0000] {subprocess.py:93} INFO - 	at org.apache.spark.util.SparkThreadUtils$.awaitResult(SparkThreadUtils.scala:56)
[2026-08-12T21:24:23.526+0000] {subprocess.py:93} INFO - 	at org.apache.spark.util.ThreadUtils$.awaitResult(ThreadUtils.scala:310)
[2026-08-12T21:24:23.720+0000] {subprocess.py:93} INFO - 	at org.apache.spark.rpc.RpcTimeout.awaitResult(RpcTimeout.scala:75)
[2026-08-12T21:24:23.888+0000] {subprocess.py:93} INFO - 	at org.apache.spark.rpc.RpcEndpointRef.askSync(RpcEndpointRef.scala:101)
[2026-08-12T21:24:23.918+0000] {subprocess.py:93} INFO - 	at org.apache.spark.rpc.RpcEndpointRef.askSync(RpcEndpointRef.scala:85)
[2026-08-12T21:24:23.923+0000] {subprocess.py:93} INFO - 	at org.apache.spark.storage.BlockManagerMaster.registerBlockManager(BlockManagerMaster.scala:80)
[2026-08-12T21:24:24.027+0000] {subprocess.py:93} INFO - 	at org.apache.spark.storage.BlockManager.reregister(BlockManager.scala:642)
[2026-08-12T21:24:24.031+0000] {subprocess.py:93} INFO - 	at org.apache.spark.executor.Executor.reportHeartBeat(Executor.scala:1223)
[2026-08-12T21:24:24.034+0000] {subprocess.py:93} INFO - 	at org.apache.spark.executor.Executor.$anonfun$heartbeater$1(Executor.scala:295)
[2026-08-12T21:24:24.037+0000] {subprocess.py:93} INFO - 	at scala.runtime.java8.JFunction0$mcV$sp.apply(JFunction0$mcV$sp.java:23)
[2026-08-12T21:24:24.040+0000] {subprocess.py:93} INFO - 	at org.apache.spark.util.Utils$.logUncaughtExceptions(Utils.scala:1928)
[2026-08-12T21:24:24.043+0000] {subprocess.py:93} INFO - 	at org.apache.spark.Heartbeater$$anon$1.run(Heartbeater.scala:46)
[2026-08-12T21:24:24.045+0000] {subprocess.py:93} INFO - 	at java.base/java.util.concurrent.Executors$RunnableAdapter.call(Executors.java:539)
[2026-08-12T21:24:24.047+0000] {subprocess.py:93} INFO - 	at java.base/java.util.concurrent.FutureTask.runAndReset(FutureTask.java:305)
[2026-08-12T21:24:24.050+0000] {subprocess.py:93} INFO - 	at java.base/java.util.concurrent.ScheduledThreadPoolExecutor$ScheduledFutureTask.run(ScheduledThreadPoolExecutor.java:305)
[2026-08-12T21:24:24.053+0000] {subprocess.py:93} INFO - 	at java.base/java.util.concurrent.ThreadPoolExecutor.runWorker(ThreadPoolExecutor.java:1136)
[2026-08-12T21:24:24.058+0000] {subprocess.py:93} INFO - 	at java.base/java.util.concurrent.ThreadPoolExecutor$Worker.run(ThreadPoolExecutor.java:635)
[2026-08-12T21:24:24.060+0000] {subprocess.py:93} INFO - 	at java.base/java.lang.Thread.run(Thread.java:840)
[2026-08-12T21:24:24.062+0000] {subprocess.py:93} INFO - Caused by: org.apache.spark.SparkException: Exception thrown in awaitResult:
[2026-08-12T21:24:24.066+0000] {subprocess.py:93} INFO - 	at org.apache.spark.util.SparkThreadUtils$.awaitResult(SparkThreadUtils.scala:56)
[2026-08-12T21:24:24.069+0000] {subprocess.py:93} INFO - 	at org.apache.spark.util.ThreadUtils$.awaitResult(ThreadUtils.scala:310)
[2026-08-12T21:24:24.071+0000] {subprocess.py:93} INFO - 	at org.apache.spark.rpc.RpcTimeout.awaitResult(RpcTimeout.scala:75)
[2026-08-12T21:24:24.077+0000] {subprocess.py:93} INFO - 	at org.apache.spark.rpc.RpcEnv.setupEndpointRefByURI(RpcEnv.scala:102)
[2026-08-12T21:24:24.078+0000] {subprocess.py:93} INFO - 	at org.apache.spark.rpc.RpcEnv.setupEndpointRef(RpcEnv.scala:110)
[2026-08-12T21:24:24.083+0000] {subprocess.py:93} INFO - 	at org.apache.spark.util.RpcUtils$.makeDriverRef(RpcUtils.scala:36)
[2026-08-12T21:24:24.092+0000] {subprocess.py:93} INFO - 	at org.apache.spark.storage.BlockManagerMasterEndpoint.driverEndpoint$lzycompute(BlockManagerMasterEndpoint.scala:124)
[2026-08-12T21:24:24.094+0000] {subprocess.py:93} INFO - 	at org.apache.spark.storage.BlockManagerMasterEndpoint.org$apache$spark$storage$BlockManagerMasterEndpoint$$driverEndpoint(BlockManagerMasterEndpoint.scala:123)
[2026-08-12T21:24:24.098+0000] {subprocess.py:93} INFO - 	at org.apache.spark.storage.BlockManagerMasterEndpoint.isExecutorAlive$lzycompute$1(BlockManagerMasterEndpoint.scala:688)
[2026-08-12T21:24:24.114+0000] {subprocess.py:93} INFO - 	at org.apache.spark.storage.BlockManagerMasterEndpoint.isExecutorAlive$1(BlockManagerMasterEndpoint.scala:687)
[2026-08-12T21:24:24.119+0000] {subprocess.py:93} INFO - 	at org.apache.spark.storage.BlockManagerMasterEndpoint.org$apache$spark$storage$BlockManagerMasterEndpoint$$register(BlockManagerMasterEndpoint.scala:725)
[2026-08-12T21:24:24.121+0000] {subprocess.py:93} INFO - 	at org.apache.spark.storage.BlockManagerMasterEndpoint$$anonfun$receiveAndReply$1.applyOrElse(BlockManagerMasterEndpoint.scala:133)
[2026-08-12T21:24:24.135+0000] {subprocess.py:93} INFO - 	at org.apache.spark.rpc.netty.Inbox.$anonfun$process$1(Inbox.scala:103)
[2026-08-12T21:24:24.137+0000] {subprocess.py:93} INFO - 	at org.apache.spark.rpc.netty.Inbox.safelyCall(Inbox.scala:213)
[2026-08-12T21:24:24.139+0000] {subprocess.py:93} INFO - 	at org.apache.spark.rpc.netty.Inbox.process(Inbox.scala:100)
[2026-08-12T21:24:24.141+0000] {subprocess.py:93} INFO - 	at org.apache.spark.rpc.netty.MessageLoop.org$apache$spark$rpc$netty$MessageLoop$$receiveLoop(MessageLoop.scala:75)
[2026-08-12T21:24:24.144+0000] {subprocess.py:93} INFO - 	at org.apache.spark.rpc.netty.MessageLoop$$anon$1.run(MessageLoop.scala:41)
[2026-08-12T21:24:24.147+0000] {subprocess.py:93} INFO - 	... 3 more
[2026-08-12T21:24:24.153+0000] {subprocess.py:93} INFO - Caused by: org.apache.spark.rpc.RpcEndpointNotFoundException: Cannot find endpoint: spark://CoarseGrainedScheduler@4099a95615c9:36011
[2026-08-12T21:24:24.156+0000] {subprocess.py:93} INFO - 	at org.apache.spark.rpc.netty.NettyRpcEnv.$anonfun$asyncSetupEndpointRefByURI$1(NettyRpcEnv.scala:148)
[2026-08-12T21:24:24.161+0000] {subprocess.py:93} INFO - 	at org.apache.spark.rpc.netty.NettyRpcEnv.$anonfun$asyncSetupEndpointRefByURI$1$adapted(NettyRpcEnv.scala:144)
[2026-08-12T21:24:24.173+0000] {subprocess.py:93} INFO - 	at scala.concurrent.Future.$anonfun$flatMap$1(Future.scala:307)
[2026-08-12T21:24:24.253+0000] {subprocess.py:93} INFO - 	at scala.concurrent.impl.Promise.$anonfun$transformWith$1(Promise.scala:41)
[2026-08-12T21:24:24.327+0000] {subprocess.py:93} INFO - 	at scala.concurrent.impl.CallbackRunnable.run(Promise.scala:64)
[2026-08-12T21:24:24.371+0000] {subprocess.py:93} INFO - 	at org.apache.spark.util.ThreadUtils$$anon$1.execute(ThreadUtils.scala:99)
[2026-08-12T21:24:24.380+0000] {subprocess.py:93} INFO - 	at scala.concurrent.impl.ExecutionContextImpl$$anon$4.execute(ExecutionContextImpl.scala:138)
[2026-08-12T21:24:24.435+0000] {subprocess.py:93} INFO - 	at scala.concurrent.impl.CallbackRunnable.executeWithValue(Promise.scala:72)
[2026-08-12T21:24:24.467+0000] {subprocess.py:93} INFO - 	at scala.concurrent.impl.Promise$DefaultPromise.$anonfun$tryComplete$1(Promise.scala:288)
[2026-08-12T21:24:25.344+0000] {subprocess.py:93} INFO - 	at scala.concurrent.impl.Promise$DefaultPromise.$anonfun$tryComplete$1$adapted(Promise.scala:288)
[2026-08-12T21:24:25.374+0000] {subprocess.py:93} INFO - 	at scala.concurrent.impl.Promise$DefaultPromise.tryComplete(Promise.scala:288)
[2026-08-12T21:24:25.635+0000] {subprocess.py:93} INFO - 	at scala.concurrent.Promise.complete(Promise.scala:53)
[2026-08-12T21:24:25.646+0000] {subprocess.py:93} INFO - 	at scala.concurrent.Promise.complete$(Promise.scala:52)
[2026-08-12T21:24:25.680+0000] {subprocess.py:93} INFO - 	at scala.concurrent.impl.Promise$DefaultPromise.complete(Promise.scala:187)
[2026-08-12T21:24:25.686+0000] {subprocess.py:93} INFO - 	at scala.concurrent.impl.Promise.$anonfun$transform$1(Promise.scala:33)
[2026-08-12T21:24:25.689+0000] {subprocess.py:93} INFO - 	at scala.concurrent.impl.CallbackRunnable.run(Promise.scala:64)
[2026-08-12T21:24:25.750+0000] {subprocess.py:93} INFO - 	at org.apache.spark.util.ThreadUtils$$anon$1.execute(ThreadUtils.scala:99)
[2026-08-12T21:24:25.752+0000] {subprocess.py:93} INFO - 	at scala.concurrent.impl.ExecutionContextImpl$$anon$4.execute(ExecutionContextImpl.scala:138)
[2026-08-12T21:24:26.098+0000] {subprocess.py:93} INFO - 	at scala.concurrent.impl.CallbackRunnable.executeWithValue(Promise.scala:72)
[2026-08-12T21:24:26.210+0000] {subprocess.py:93} INFO - 	at scala.concurrent.impl.Promise$DefaultPromise.$anonfun$tryComplete$1(Promise.scala:288)
